dataset,model,question_id,y_true,p_pred,fold
medqa,qwen3-4b,medqa_test_00990,1,0.842311,5
medqa,qwen3-4b,medqa_test_00202,0,0.791635,5
medqa,qwen3-4b,medqa_test_01258,1,0.663463,5
medqa,qwen3-4b,medqa_test_00277,1,0.896281,3
medqa,qwen3-4b,medqa_test_00427,1,0.917063,5
medqa,qwen3-4b,medqa_test_01202,1,0.864695,5
medqa,qwen3-4b,medqa_test_01027,1,0.856382,3
medqa,qwen3-4b,medqa_test_00827,1,0.842623,3
medqa,qwen3-4b,medqa_test_00503,1,0.782297,5
medqa,qwen3-4b,medqa_test_00325,1,0.842691,4
medqa,qwen3-4b,medqa_test_00681,1,0.850513,2
medqa,qwen3-4b,medqa_test_00932,0,0.778925,2
medqa,qwen3-4b,medqa_test_00387,1,0.803747,1
medqa,qwen3-4b,medqa_test_00235,1,0.890144,2
medqa,qwen3-4b,medqa_test_00066,1,0.857884,3
medqa,qwen3-4b,medqa_test_00347,1,0.913588,2
medqa,qwen3-4b,medqa_test_01121,1,0.766,4
medqa,qwen3-4b,medqa_test_00376,0,0.512326,2
medqa,qwen3-4b,medqa_test_00035,1,0.863959,2
medqa,qwen3-4b,medqa_test_00332,1,0.775654,3
medqa,qwen3-4b,medqa_test_00400,1,0.705806,4
medqa,qwen3-4b,medqa_test_01145,1,0.746854,5
medqa,qwen3-4b,medqa_test_00975,1,0.853673,2
medqa,qwen3-4b,medqa_test_00845,1,0.88765,2
medqa,qwen3-4b,medqa_test_00650,1,0.866251,2
medqa,qwen3-4b,medqa_test_00540,0,0.697852,5
medqa,qwen3-4b,medqa_test_00796,1,0.830258,2
medqa,qwen3-4b,medqa_test_00715,1,0.79163,3
medqa,qwen3-4b,medqa_test_00002,1,0.884888,5
medqa,qwen3-4b,medqa_test_00395,1,0.888463,2
medqa,qwen3-4b,medqa_test_00464,1,0.662157,1
medqa,qwen3-4b,medqa_test_00331,0,0.472916,4
medqa,qwen3-4b,medqa_test_00959,1,0.836145,1
medqa,qwen3-4b,medqa_test_00454,0,0.741526,2
medqa,qwen3-4b,medqa_test_00920,1,0.865327,2
medqa,qwen3-4b,medqa_test_00528,1,0.530707,3
medqa,qwen3-4b,medqa_test_01166,1,0.876607,5
medqa,qwen3-4b,medqa_test_00187,1,0.903054,1
medqa,qwen3-4b,medqa_test_00823,1,0.8038,1
medqa,qwen3-4b,medqa_test_00997,1,0.886646,1
medqa,qwen3-4b,medqa_test_01142,0,0.823966,2
medqa,qwen3-4b,medqa_test_00586,1,0.907351,5
medqa,qwen3-4b,medqa_test_01155,1,0.794635,5
medqa,qwen3-4b,medqa_test_00536,1,0.667115,1
medqa,qwen3-4b,medqa_test_00510,1,0.795775,1
medqa,qwen3-4b,medqa_test_00976,1,0.762198,2
medqa,qwen3-4b,medqa_test_01050,1,0.823551,3
medqa,qwen3-4b,medqa_test_00742,0,0.122468,5
medqa,qwen3-4b,medqa_test_01263,0,0.791559,4
medqa,qwen3-4b,medqa_test_00631,1,0.84737,3
medqa,qwen3-4b,medqa_test_01157,1,0.864647,4
medqa,qwen3-4b,medqa_test_00473,1,0.819306,1
medqa,qwen3-4b,medqa_test_00812,1,0.81151,4
medqa,qwen3-4b,medqa_test_00299,1,0.918872,1
medqa,qwen3-4b,medqa_test_00717,1,0.825073,1
medqa,qwen3-4b,medqa_test_00850,0,0.788651,3
medqa,qwen3-4b,medqa_test_00049,1,0.888825,5
medqa,qwen3-4b,medqa_test_00100,1,0.688501,4
medqa,qwen3-4b,medqa_test_00662,1,0.657212,4
medqa,qwen3-4b,medqa_test_01254,1,0.838257,1
medqa,qwen3-4b,medqa_test_01150,0,0.665429,3
medqa,qwen3-4b,medqa_test_00044,0,0.33148,5
medqa,qwen3-4b,medqa_test_00861,0,0.794349,2
medqa,qwen3-4b,medqa_test_00898,1,0.824602,2
medqa,qwen3-4b,medqa_test_00328,1,0.5725,1
medqa,qwen3-4b,medqa_test_01071,1,0.851046,5
medqa,qwen3-4b,medqa_test_01032,1,0.860214,1
medqa,qwen3-4b,medqa_test_00892,1,0.766604,1
medqa,qwen3-4b,medqa_test_00623,1,0.927679,2
medqa,qwen3-4b,medqa_test_01173,1,0.912855,5
medqa,qwen3-4b,medqa_test_00272,1,0.859475,4
medqa,qwen3-4b,medqa_test_00489,1,0.910314,3
medqa,qwen3-4b,medqa_test_01185,1,0.842577,2
medqa,qwen3-4b,medqa_test_00848,1,0.840945,1
medqa,qwen3-4b,medqa_test_00835,1,0.859087,3
medqa,qwen3-4b,medqa_test_00860,1,0.768499,3
medqa,qwen3-4b,medqa_test_00603,1,0.871544,3
medqa,qwen3-4b,medqa_test_00356,1,0.787196,2
medqa,qwen3-4b,medqa_test_00185,0,0.692826,3
medqa,qwen3-4b,medqa_test_01193,0,0.821768,1
medqa,qwen3-4b,medqa_test_00711,1,0.893365,5
medqa,qwen3-4b,medqa_test_00263,1,0.652771,5
medqa,qwen3-4b,medqa_test_00667,1,0.922815,3
medqa,qwen3-4b,medqa_test_01187,1,0.859865,2
medqa,qwen3-4b,medqa_test_00231,1,0.736725,1
medqa,qwen3-4b,medqa_test_00177,0,0.880262,3
medqa,qwen3-4b,medqa_test_00296,1,0.855168,3
medqa,qwen3-4b,medqa_test_00482,1,0.855177,1
medqa,qwen3-4b,medqa_test_00857,1,0.875219,4
medqa,qwen3-4b,medqa_test_01251,1,0.879744,4
medqa,qwen3-4b,medqa_test_00021,1,0.712408,3
medqa,qwen3-4b,medqa_test_00056,1,0.42717,1
medqa,qwen3-4b,medqa_test_00485,0,0.886484,3
medqa,qwen3-4b,medqa_test_00887,0,0.541689,1
medqa,qwen3-4b,medqa_test_00090,1,0.8795,5
medqa,qwen3-4b,medqa_test_01026,0,0.6915,2
medqa,qwen3-4b,medqa_test_00055,1,0.856858,3
medqa,qwen3-4b,medqa_test_00658,1,0.901814,1
medqa,qwen3-4b,medqa_test_00706,0,0.175882,3
medqa,qwen3-4b,medqa_test_00545,1,0.855035,1
medqa,qwen3-4b,medqa_test_00878,1,0.802081,4
medqa,qwen3-4b,medqa_test_00192,1,0.928614,3
medqa,qwen3-4b,medqa_test_00738,1,0.929503,2
medqa,qwen3-4b,medqa_test_00531,0,0.893243,2
medqa,qwen3-4b,medqa_test_00568,1,0.90907,4
medqa,qwen3-4b,medqa_test_00286,1,0.881808,3
medqa,qwen3-4b,medqa_test_00785,0,0.651958,1
medqa,qwen3-4b,medqa_test_00067,1,0.870968,5
medqa,qwen3-4b,medqa_test_00571,1,0.70925,4
medqa,qwen3-4b,medqa_test_00212,0,0.891361,1
medqa,qwen3-4b,medqa_test_00220,1,0.88349,5
medqa,qwen3-4b,medqa_test_01132,0,0.543977,2
medqa,qwen3-4b,medqa_test_00492,1,0.833404,5
medqa,qwen3-4b,medqa_test_00420,1,0.615718,1
medqa,qwen3-4b,medqa_test_00978,1,0.891024,1
medqa,qwen3-4b,medqa_test_00699,1,0.860486,5
medqa,qwen3-4b,medqa_test_00730,1,0.614865,2
medqa,qwen3-4b,medqa_test_00969,1,0.822835,2
medqa,qwen3-4b,medqa_test_00032,0,0.665767,4
medqa,qwen3-4b,medqa_test_00876,1,0.83417,3
medqa,qwen3-4b,medqa_test_00126,1,0.875013,5
medqa,qwen3-4b,medqa_test_00179,1,0.836355,2
medqa,qwen3-4b,medqa_test_00367,0,0.809668,2
medqa,qwen3-4b,medqa_test_00121,1,0.868874,1
medqa,qwen3-4b,medqa_test_00011,1,0.850514,4
medqa,qwen3-4b,medqa_test_00829,0,0.794774,1
medqa,qwen3-4b,medqa_test_01068,1,0.727202,4
medqa,qwen3-4b,medqa_test_01203,1,0.666321,3
medqa,qwen3-4b,medqa_test_00820,1,0.905715,1
medqa,qwen3-4b,medqa_test_01180,1,0.663008,3
medqa,qwen3-4b,medqa_test_00901,1,0.718237,1
medqa,qwen3-4b,medqa_test_01163,0,0.728764,3
medqa,qwen3-4b,medqa_test_00426,1,0.285728,2
medqa,qwen3-4b,medqa_test_01044,1,0.878199,4
medqa,qwen3-4b,medqa_test_01212,1,0.777336,1
medqa,qwen3-4b,medqa_test_00875,1,0.788634,3
medqa,qwen3-4b,medqa_test_00125,1,0.658284,2
medqa,qwen3-4b,medqa_test_00269,1,0.85825,1
medqa,qwen3-4b,medqa_test_00148,1,0.883961,5
medqa,qwen3-4b,medqa_test_00462,1,0.835305,4
medqa,qwen3-4b,medqa_test_00960,0,0.667654,4
medqa,qwen3-4b,medqa_test_00314,1,0.614257,1
medqa,qwen3-4b,medqa_test_00087,1,0.81817,3
medqa,qwen3-4b,medqa_test_00726,1,0.827038,2
medqa,qwen3-4b,medqa_test_00017,1,0.917767,2
medqa,qwen3-4b,medqa_test_00034,0,0.640375,4
medqa,qwen3-4b,medqa_test_01041,1,0.448977,1
medqa,qwen3-4b,medqa_test_01006,1,0.855608,5
medqa,qwen3-4b,medqa_test_00153,1,0.860634,1
medqa,qwen3-4b,medqa_test_00298,1,0.829408,3
medqa,qwen3-4b,medqa_test_00893,1,0.798101,1
medqa,qwen3-4b,medqa_test_00294,1,0.926698,5
medqa,qwen3-4b,medqa_test_00599,1,0.880484,3
medqa,qwen3-4b,medqa_test_01014,1,0.420203,3
medqa,qwen3-4b,medqa_test_00587,0,0.781282,3
medqa,qwen3-4b,medqa_test_00677,0,0.664041,5
medqa,qwen3-4b,medqa_test_01037,0,0.483169,4
medqa,qwen3-4b,medqa_test_00834,1,0.836057,3
medqa,qwen3-4b,medqa_test_00837,1,0.86565,1
medqa,qwen3-4b,medqa_test_01029,1,0.805893,2
medqa,qwen3-4b,medqa_test_00259,1,0.889891,5
medqa,qwen3-4b,medqa_test_00954,1,0.83485,2
medqa,qwen3-4b,medqa_test_00728,1,0.745253,1
medqa,qwen3-4b,medqa_test_00057,1,0.487696,4
medqa,qwen3-4b,medqa_test_00580,1,0.812587,4
medqa,qwen3-4b,medqa_test_01195,1,0.78359,5
medqa,qwen3-4b,medqa_test_00605,0,0.643935,5
medqa,qwen3-4b,medqa_test_00889,1,0.82476,5
medqa,qwen3-4b,medqa_test_00768,0,0.723865,5
medqa,qwen3-4b,medqa_test_00858,1,0.706458,3
medqa,qwen3-4b,medqa_test_01118,1,0.653507,4
medqa,qwen3-4b,medqa_test_00434,1,0.921524,4
medqa,qwen3-4b,medqa_test_00562,1,0.901098,1
medqa,qwen3-4b,medqa_test_00261,1,0.905022,2
medqa,qwen3-4b,medqa_test_00410,1,0.899028,1
medqa,qwen3-4b,medqa_test_00880,0,0.849264,2
medqa,qwen3-4b,medqa_test_00458,1,0.873745,1
medqa,qwen3-4b,medqa_test_00275,1,0.86783,3
medqa,qwen3-4b,medqa_test_00575,1,0.896411,1
medqa,qwen3-4b,medqa_test_00112,0,0.896662,4
medqa,qwen3-4b,medqa_test_00073,1,0.830214,3
medqa,qwen3-4b,medqa_test_00383,1,0.734455,5
medqa,qwen3-4b,medqa_test_00668,1,0.862043,5
medqa,qwen3-4b,medqa_test_00068,1,0.879785,5
medqa,qwen3-4b,medqa_test_00396,1,0.886512,4
medqa,qwen3-4b,medqa_test_01013,1,0.919361,3
medqa,qwen3-4b,medqa_test_00361,1,0.857073,2
medqa,qwen3-4b,medqa_test_00461,1,0.722118,4
medqa,qwen3-4b,medqa_test_00160,1,0.682082,2
medqa,qwen3-4b,medqa_test_00423,0,0.532231,5
medqa,qwen3-4b,medqa_test_01069,1,0.701627,5
medqa,qwen3-4b,medqa_test_00280,1,0.914945,1
medqa,qwen3-4b,medqa_test_00491,1,0.829831,4
medqa,qwen3-4b,medqa_test_00048,1,0.752539,2
medqa,qwen3-4b,medqa_test_01172,0,0.774982,4
medqa,qwen3-4b,medqa_test_00852,1,0.417372,3
medqa,qwen3-4b,medqa_test_00847,1,0.907063,5
medqa,qwen3-4b,medqa_test_00745,0,0.660325,4
medqa,qwen3-4b,medqa_test_00779,1,0.789057,2
medqa,qwen3-4b,medqa_test_00386,0,0.632727,4
medqa,qwen3-4b,medqa_test_01226,1,0.757896,2
medqa,qwen3-4b,medqa_test_00640,1,0.820746,4
medqa,qwen3-4b,medqa_test_00018,1,0.883184,2
medqa,qwen3-4b,medqa_test_01016,1,0.900714,4
medqa,qwen3-4b,medqa_test_00607,1,0.887689,2
medqa,qwen3-4b,medqa_test_00210,1,0.900547,5
medqa,qwen3-4b,medqa_test_00168,1,0.90065,4
medqa,qwen3-4b,medqa_test_01207,1,0.73583,4
medqa,qwen3-4b,medqa_test_01211,0,0.840385,4
medqa,qwen3-4b,medqa_test_00164,1,0.860493,5
medqa,qwen3-4b,medqa_test_00170,1,0.626007,4
medqa,qwen3-4b,medqa_test_00808,1,0.834343,2
medqa,qwen3-4b,medqa_test_00474,1,0.852389,2
medqa,qwen3-4b,medqa_test_00712,1,0.552825,3
medqa,qwen3-4b,medqa_test_00936,0,0.713084,2
medqa,qwen3-4b,medqa_test_00092,1,0.857679,4
medqa,qwen3-4b,medqa_test_01219,1,0.847727,5
medqa,qwen3-4b,medqa_test_00787,1,0.809253,1
medqa,qwen3-4b,medqa_test_00655,1,0.365255,2
medqa,qwen3-4b,medqa_test_01208,1,0.791264,4
medqa,qwen3-4b,medqa_test_00089,1,0.470165,1
medqa,qwen3-4b,medqa_test_00651,0,0.505918,2
medqa,qwen3-4b,medqa_test_01248,1,0.83109,3
medqa,qwen3-4b,medqa_test_00010,1,0.651471,5
medqa,qwen3-4b,medqa_test_00949,1,0.89569,4
medqa,qwen3-4b,medqa_test_00046,1,0.903224,4
medqa,qwen3-4b,medqa_test_00883,1,0.90409,5
medqa,qwen3-4b,medqa_test_00221,0,0.726167,2
medqa,qwen3-4b,medqa_test_00962,0,0.357876,3
medqa,qwen3-4b,medqa_test_01223,0,0.75646,2
medqa,qwen3-4b,medqa_test_00923,1,0.906911,5
medqa,qwen3-4b,medqa_test_01036,1,0.591124,4
medqa,qwen3-4b,medqa_test_01064,1,0.895207,1
medqa,qwen3-4b,medqa_test_00256,0,0.665252,5
medqa,qwen3-4b,medqa_test_01213,0,0.634643,1
medqa,qwen3-4b,medqa_test_00763,1,0.85768,5
medqa,qwen3-4b,medqa_test_00239,0,0.822851,3
medqa,qwen3-4b,medqa_test_00606,1,0.835226,5
medqa,qwen3-4b,medqa_test_00459,1,0.904321,3
medqa,qwen3-4b,medqa_test_00157,1,0.879349,1
medqa,qwen3-4b,medqa_test_00084,1,0.840694,4
medqa,qwen3-4b,medqa_test_00612,1,0.772482,4
medqa,qwen3-4b,medqa_test_00072,1,0.85683,5
medqa,qwen3-4b,medqa_test_00724,0,0.816252,5
medqa,qwen3-4b,medqa_test_00374,1,0.936034,3
medqa,qwen3-4b,medqa_test_00363,1,0.788299,5
medqa,qwen3-4b,medqa_test_01095,0,0.452127,3
medqa,qwen3-4b,medqa_test_01168,1,0.88728,2
medqa,qwen3-4b,medqa_test_00101,1,0.892998,2
medqa,qwen3-4b,medqa_test_00348,0,0.710868,5
medqa,qwen3-4b,medqa_test_00346,0,0.585727,1
medqa,qwen3-4b,medqa_test_00119,1,0.823671,3
medqa,qwen3-4b,medqa_test_00870,1,0.814123,3
medqa,qwen3-4b,medqa_test_00749,0,0.798958,4
medqa,qwen3-4b,medqa_test_00147,1,0.819889,4
medqa,qwen3-4b,medqa_test_00439,1,0.856787,2
medqa,qwen3-4b,medqa_test_00016,1,0.88709,1
medqa,qwen3-4b,medqa_test_00402,1,0.825854,2
medqa,qwen3-4b,medqa_test_00304,1,0.910957,3
medqa,qwen3-4b,medqa_test_00614,1,0.729595,2
medqa,qwen3-4b,medqa_test_00772,1,0.863278,3
medqa,qwen3-4b,medqa_test_00894,1,0.773126,4
medqa,qwen3-4b,medqa_test_00282,1,0.842773,1
medqa,qwen3-4b,medqa_test_00512,0,0.758552,5
medqa,qwen3-4b,medqa_test_00989,0,0.571194,1
medqa,qwen3-4b,medqa_test_00080,1,0.765565,3
medqa,qwen3-4b,medqa_test_01174,1,0.746972,1
medqa,qwen3-4b,medqa_test_00628,1,0.781408,1
medqa,qwen3-4b,medqa_test_00494,1,0.850973,3
medqa,qwen3-4b,medqa_test_00320,0,0.852692,4
medqa,qwen3-4b,medqa_test_00921,0,0.86359,3
medqa,qwen3-4b,medqa_test_00050,1,0.828936,1
medqa,qwen3-4b,medqa_test_00504,1,0.848638,3
medqa,qwen3-4b,medqa_test_01042,0,0.212329,1
medqa,qwen3-4b,medqa_test_01110,1,0.125915,4
medqa,qwen3-4b,medqa_test_01175,1,0.826633,5
medqa,qwen3-4b,medqa_test_00632,1,0.81453,5
medqa,qwen3-4b,medqa_test_00839,1,0.87074,3
medqa,qwen3-4b,medqa_test_01056,1,0.838794,5
medqa,qwen3-4b,medqa_test_00502,1,0.860364,3
medqa,qwen3-4b,medqa_test_00794,1,0.773563,1
medqa,qwen3-4b,medqa_test_00310,0,0.915675,1
medqa,qwen3-4b,medqa_test_00213,1,0.763025,2
medqa,qwen3-4b,medqa_test_00060,1,0.849919,5
medqa,qwen3-4b,medqa_test_00479,1,0.881866,1
medqa,qwen3-4b,medqa_test_00155,0,0.703225,1
medqa,qwen3-4b,medqa_test_00910,0,0.209945,3
medqa,qwen3-4b,medqa_test_00076,1,0.830799,1
medqa,qwen3-4b,medqa_test_01210,1,0.312036,3
medqa,qwen3-4b,medqa_test_00906,0,0.640338,1
medqa,qwen3-4b,medqa_test_00322,1,0.680097,4
medqa,qwen3-4b,medqa_test_00295,1,0.884503,3
medqa,qwen3-4b,medqa_test_00037,0,0.781922,1
medqa,qwen3-4b,medqa_test_00205,1,0.833352,1
medqa,qwen3-4b,medqa_test_01002,1,0.573532,2
medqa,qwen3-4b,medqa_test_00998,1,0.829595,1
medqa,qwen3-4b,medqa_test_00595,1,0.912912,2
medqa,qwen3-4b,medqa_test_01120,1,0.890635,5
medqa,qwen3-4b,medqa_test_01001,1,0.879447,4
medqa,qwen3-4b,medqa_test_00643,0,0.755317,3
medqa,qwen3-4b,medqa_test_01081,1,0.520632,3
medqa,qwen3-4b,medqa_test_00926,1,0.810415,1
medqa,qwen3-4b,medqa_test_00385,0,0.452922,5
medqa,qwen3-4b,medqa_test_01244,0,0.786942,5
medqa,qwen3-4b,medqa_test_00944,0,0.831597,4
medqa,qwen3-4b,medqa_test_00149,0,0.60214,1
medqa,qwen3-4b,medqa_test_01151,1,0.822841,1
medqa,qwen3-4b,medqa_test_00140,1,0.913719,3
medqa,qwen3-4b,medqa_test_01154,1,0.925679,4
medqa,qwen3-4b,medqa_test_00828,1,0.854752,1
medqa,qwen3-4b,medqa_test_00851,1,0.449026,5
medqa,qwen3-4b,medqa_test_00007,1,0.857497,4
medqa,qwen3-4b,medqa_test_00953,0,0.912054,1
medqa,qwen3-4b,medqa_test_00184,0,0.82726,2
medqa,qwen3-4b,medqa_test_00116,1,0.879793,1
medqa,qwen3-4b,medqa_test_00684,1,0.804188,2
medqa,qwen3-4b,medqa_test_00099,1,0.754198,4
medqa,qwen3-4b,medqa_test_01079,1,0.863771,5
medqa,qwen3-4b,medqa_test_00884,1,0.913256,1
medqa,qwen3-4b,medqa_test_00617,1,0.846258,4
medqa,qwen3-4b,medqa_test_00524,0,0.293976,3
medqa,qwen3-4b,medqa_test_00557,1,0.860254,3
medqa,qwen3-4b,medqa_test_01096,1,0.823982,1
medqa,qwen3-4b,medqa_test_00547,1,0.730284,5
medqa,qwen3-4b,medqa_test_00895,1,0.88627,2
medqa,qwen3-4b,medqa_test_00818,1,0.921203,3
medqa,qwen3-4b,medqa_test_00390,1,0.751886,1
medqa,qwen3-4b,medqa_test_00515,0,0.540868,1
medqa,qwen3-4b,medqa_test_00380,0,0.638595,5
medqa,qwen3-4b,medqa_test_00534,1,0.787296,1
medqa,qwen3-4b,medqa_test_00937,1,0.698966,2
medqa,qwen3-4b,medqa_test_00098,0,0.382744,3
medqa,qwen3-4b,medqa_test_00369,0,0.872526,5
medqa,qwen3-4b,medqa_test_01260,0,0.467112,4
medqa,qwen3-4b,medqa_test_01268,1,0.885688,1
medqa,qwen3-4b,medqa_test_00588,1,0.774603,3
medqa,qwen3-4b,medqa_test_00657,0,0.718064,5
medqa,qwen3-4b,medqa_test_01125,1,0.776935,1
medqa,qwen3-4b,medqa_test_00782,1,0.895775,2
medqa,qwen3-4b,medqa_test_00647,0,0.754375,3
medqa,qwen3-4b,medqa_test_00176,1,0.908977,3
medqa,qwen3-4b,medqa_test_00805,1,0.54447,5
medqa,qwen3-4b,medqa_test_00653,1,0.836961,2
medqa,qwen3-4b,medqa_test_00188,0,0.735015,1
medqa,qwen3-4b,medqa_test_00797,1,0.903124,4
medqa,qwen3-4b,medqa_test_00522,1,0.82707,5
medqa,qwen3-4b,medqa_test_00354,1,0.883944,2
medqa,qwen3-4b,medqa_test_00207,1,0.865507,4
medqa,qwen3-4b,medqa_test_00113,1,0.872091,1
medqa,qwen3-4b,medqa_test_00700,1,0.889944,4
medqa,qwen3-4b,medqa_test_00927,1,0.79932,2
medqa,qwen3-4b,medqa_test_00965,1,0.903168,3
medqa,qwen3-4b,medqa_test_00744,1,0.886733,5
medqa,qwen3-4b,medqa_test_00513,1,0.673154,2
medqa,qwen3-4b,medqa_test_01007,1,0.708679,2
medqa,qwen3-4b,medqa_test_00243,1,0.368343,3
medqa,qwen3-4b,medqa_test_00786,1,0.84757,3
medqa,qwen3-4b,medqa_test_00977,1,0.837624,4
medqa,qwen3-4b,medqa_test_00984,0,0.690829,2
medqa,qwen3-4b,medqa_test_00483,0,0.680898,3
medqa,qwen3-4b,medqa_test_00697,1,0.837475,5
medqa,qwen3-4b,medqa_test_00905,0,0.414637,4
medqa,qwen3-4b,medqa_test_00368,1,0.787987,1
medqa,qwen3-4b,medqa_test_00537,1,0.731492,5
medqa,qwen3-4b,medqa_test_00097,1,0.82863,1
medqa,qwen3-4b,medqa_test_00750,1,0.897691,4
medqa,qwen3-4b,medqa_test_00803,0,0.52372,1
medqa,qwen3-4b,medqa_test_00613,1,0.80338,5
medqa,qwen3-4b,medqa_test_01189,1,0.928237,2
medqa,qwen3-4b,medqa_test_00143,1,0.84563,4
medqa,qwen3-4b,medqa_test_00174,1,0.826306,4
medqa,qwen3-4b,medqa_test_00132,1,0.818672,4
medqa,qwen3-4b,medqa_test_00809,1,0.841408,5
medqa,qwen3-4b,medqa_test_00840,1,0.93897,3
medqa,qwen3-4b,medqa_test_01218,1,0.724732,3
medqa,qwen3-4b,medqa_test_00843,0,0.840904,5
medqa,qwen3-4b,medqa_test_01222,0,0.879483,2
medqa,qwen3-4b,medqa_test_01270,0,0.771501,3
medqa,qwen3-4b,medqa_test_01088,1,0.674371,4
medqa,qwen3-4b,medqa_test_00172,1,0.760723,5
medqa,qwen3-4b,medqa_test_01197,1,0.720703,3
medqa,qwen3-4b,medqa_test_00342,1,0.856359,1
medqa,qwen3-4b,medqa_test_00816,0,0.858877,1
medqa,qwen3-4b,medqa_test_00938,0,0.528912,2
medqa,qwen3-4b,medqa_test_00237,0,0.479793,1
medqa,qwen3-4b,medqa_test_00544,1,0.893811,2
medqa,qwen3-4b,medqa_test_00672,1,0.844667,3
medqa,qwen3-4b,medqa_test_01089,1,0.695948,5
medqa,qwen3-4b,medqa_test_00804,1,0.674026,1
medqa,qwen3-4b,medqa_test_00251,1,0.800518,1
medqa,qwen3-4b,medqa_test_00274,1,0.85698,3
medqa,qwen3-4b,medqa_test_00604,1,0.892926,5
medqa,qwen3-4b,medqa_test_00495,0,0.496388,2
medqa,qwen3-4b,medqa_test_00678,1,0.406381,3
medqa,qwen3-4b,medqa_test_00470,1,0.871855,4
medqa,qwen3-4b,medqa_test_00370,1,0.843927,3
medqa,qwen3-4b,medqa_test_00108,1,0.875671,2
medqa,qwen3-4b,medqa_test_01200,1,0.790918,3
medqa,qwen3-4b,medqa_test_00622,1,0.611347,5
medqa,qwen3-4b,medqa_test_00012,1,0.834123,1
medqa,qwen3-4b,medqa_test_00349,1,0.888288,4
medqa,qwen3-4b,medqa_test_00379,1,0.858287,3
medqa,qwen3-4b,medqa_test_00618,1,0.883543,2
medqa,qwen3-4b,medqa_test_00355,0,0.652487,5
medqa,qwen3-4b,medqa_test_00862,0,0.744933,2
medqa,qwen3-4b,medqa_test_00123,1,0.678669,4
medqa,qwen3-4b,medqa_test_01045,0,0.734392,5
medqa,qwen3-4b,medqa_test_00248,1,0.871813,2
medqa,qwen3-4b,medqa_test_00874,0,0.818214,3
medqa,qwen3-4b,medqa_test_00406,1,0.733226,5
medqa,qwen3-4b,medqa_test_00384,1,0.767791,2
medqa,qwen3-4b,medqa_test_00319,1,0.83997,4
medqa,qwen3-4b,medqa_test_00026,1,0.808004,4
medqa,qwen3-4b,medqa_test_01240,1,0.797341,2
medqa,qwen3-4b,medqa_test_00167,1,0.836918,4
medqa,qwen3-4b,medqa_test_00934,0,0.773798,3
medqa,qwen3-4b,medqa_test_00171,0,0.571745,1
medqa,qwen3-4b,medqa_test_00377,0,0.79317,1
medqa,qwen3-4b,medqa_test_01111,1,0.932762,1
medqa,qwen3-4b,medqa_test_00879,0,0.533188,4
medqa,qwen3-4b,medqa_test_01057,1,0.778122,2
medqa,qwen3-4b,medqa_test_00117,0,0.881713,4
medqa,qwen3-4b,medqa_test_00716,0,0.851269,3
medqa,qwen3-4b,medqa_test_00633,0,0.809301,4
medqa,qwen3-4b,medqa_test_00909,0,0.092278,1
medqa,qwen3-4b,medqa_test_00842,1,0.850927,3
medqa,qwen3-4b,medqa_test_00654,1,0.745902,3
medqa,qwen3-4b,medqa_test_00041,1,0.868387,1
medqa,qwen3-4b,medqa_test_00942,1,0.872473,5
medqa,qwen3-4b,medqa_test_01123,1,0.778423,3
medqa,qwen3-4b,medqa_test_01101,1,0.880153,4
medqa,qwen3-4b,medqa_test_01196,1,0.877679,2
medqa,qwen3-4b,medqa_test_00019,0,0.6768,2
medqa,qwen3-4b,medqa_test_00258,1,0.828656,2
medqa,qwen3-4b,medqa_test_00431,0,0.720961,3
medqa,qwen3-4b,medqa_test_00986,0,0.739497,1
medqa,qwen3-4b,medqa_test_00345,1,0.831733,2
medqa,qwen3-4b,medqa_test_00748,1,0.828275,3
medqa,qwen3-4b,medqa_test_00465,0,0.574672,4
medqa,qwen3-4b,medqa_test_00335,1,0.551649,3
medqa,qwen3-4b,medqa_test_00739,0,0.695308,2
medqa,qwen3-4b,medqa_test_00266,0,0.474892,4
medqa,qwen3-4b,medqa_test_00811,1,0.843659,4
medqa,qwen3-4b,medqa_test_01076,0,0.806774,4
medqa,qwen3-4b,medqa_test_00085,0,0.365914,3
medqa,qwen3-4b,medqa_test_00403,0,0.717836,4
medqa,qwen3-4b,medqa_test_00027,1,0.864519,4
medqa,qwen3-4b,medqa_test_01148,1,0.902761,4
medqa,qwen3-4b,medqa_test_01122,1,0.773641,4
medqa,qwen3-4b,medqa_test_00478,1,0.514164,5
medqa,qwen3-4b,medqa_test_00169,1,0.868546,5
medqa,qwen3-4b,medqa_test_00414,1,0.797278,2
medqa,qwen3-4b,medqa_test_00029,0,0.878092,3
medqa,qwen3-4b,medqa_test_01073,0,0.859188,5
medqa,qwen3-4b,medqa_test_00773,1,0.215071,4
medqa,qwen3-4b,medqa_test_00279,1,0.776614,2
medqa,qwen3-4b,medqa_test_00499,1,0.817091,5
medqa,qwen3-4b,medqa_test_00225,1,0.912124,2
medqa,qwen3-4b,medqa_test_00559,1,0.900345,2
medqa,qwen3-4b,medqa_test_00770,1,0.883374,5
medqa,qwen3-4b,medqa_test_00399,1,0.755136,4
medqa,qwen3-4b,medqa_test_00305,1,0.826943,4
medqa,qwen3-4b,medqa_test_00360,1,0.87252,5
medqa,qwen3-4b,medqa_test_01141,1,0.864205,5
medqa,qwen3-4b,medqa_test_01054,1,0.768709,4
medqa,qwen3-4b,medqa_test_00690,1,0.511075,4
medqa,qwen3-4b,medqa_test_00020,1,0.650789,3
medqa,qwen3-4b,medqa_test_01009,1,0.685885,4
medqa,qwen3-4b,medqa_test_00398,1,0.90175,4
medqa,qwen3-4b,medqa_test_01169,1,0.733695,4
medqa,qwen3-4b,medqa_test_00211,0,0.782821,2
medqa,qwen3-4b,medqa_test_00063,1,0.53176,1
medqa,qwen3-4b,medqa_test_00425,0,0.681662,4
medqa,qwen3-4b,medqa_test_01015,1,0.862656,2
medqa,qwen3-4b,medqa_test_00846,1,0.771567,5
medqa,qwen3-4b,medqa_test_00417,1,0.870857,5
medqa,qwen3-4b,medqa_test_01190,1,0.887483,4
medqa,qwen3-4b,medqa_test_00219,1,0.807732,3
medqa,qwen3-4b,medqa_test_00156,1,0.80568,2
medqa,qwen3-4b,medqa_test_00236,1,0.906895,5
medqa,qwen3-4b,medqa_test_01046,1,0.894186,3
medqa,qwen3-4b,medqa_test_00999,1,0.742368,3
medqa,qwen3-4b,medqa_test_00553,1,0.908874,4
medqa,qwen3-4b,medqa_test_01160,1,0.855352,2
medqa,qwen3-4b,medqa_test_00943,1,0.908465,3
medqa,qwen3-4b,medqa_test_00916,1,0.764831,2
medqa,qwen3-4b,medqa_test_00705,1,0.889146,2
medqa,qwen3-4b,medqa_test_01178,1,0.851659,4
medqa,qwen3-4b,medqa_test_00079,1,0.733521,3
medqa,qwen3-4b,medqa_test_00450,1,0.795732,3
medqa,qwen3-4b,medqa_test_00281,1,0.902179,2
medqa,qwen3-4b,medqa_test_00967,0,0.79663,2
medqa,qwen3-4b,medqa_test_00641,1,0.87983,2
medqa,qwen3-4b,medqa_test_00533,1,0.82899,4
medqa,qwen3-4b,medqa_test_00253,1,0.825098,2
medqa,qwen3-4b,medqa_test_00265,0,0.551963,5
medqa,qwen3-4b,medqa_test_01094,0,0.790738,1
medqa,qwen3-4b,medqa_test_01147,1,0.807104,5
medqa,qwen3-4b,medqa_test_00162,1,0.872227,4
medqa,qwen3-4b,medqa_test_00456,0,0.581336,2
medqa,qwen3-4b,medqa_test_00732,1,0.673916,4
medqa,qwen3-4b,medqa_test_00436,1,0.765926,2
medqa,qwen3-4b,medqa_test_00516,1,0.853299,5
medqa,qwen3-4b,medqa_test_00453,1,0.410997,3
medqa,qwen3-4b,medqa_test_00324,1,0.842489,5
medqa,qwen3-4b,medqa_test_01115,1,0.690519,5
medqa,qwen3-4b,medqa_test_00572,1,0.744424,1
medqa,qwen3-4b,medqa_test_01004,0,0.689263,2
medqa,qwen3-4b,medqa_test_01082,1,0.882908,4
medqa,qwen3-4b,medqa_test_00136,1,0.836197,4
medqa,qwen3-4b,medqa_test_00467,0,0.591887,1
medqa,qwen3-4b,medqa_test_01049,1,0.879823,2
medqa,qwen3-4b,medqa_test_01165,1,0.899995,4
medqa,qwen3-4b,medqa_test_00475,1,0.679527,1
medqa,qwen3-4b,medqa_test_00915,1,0.871187,2
medqa,qwen3-4b,medqa_test_00671,1,0.884322,1
medqa,qwen3-4b,medqa_test_01243,1,0.767215,3
medqa,qwen3-4b,medqa_test_00800,1,0.784154,1
medqa,qwen3-4b,medqa_test_00506,1,0.726397,3
medqa,qwen3-4b,medqa_test_01220,1,0.376773,2
medqa,qwen3-4b,medqa_test_00199,1,0.708748,5
medqa,qwen3-4b,medqa_test_00589,1,0.469279,2
medqa,qwen3-4b,medqa_test_00424,1,0.885787,1
medqa,qwen3-4b,medqa_test_01217,1,0.761356,1
medqa,qwen3-4b,medqa_test_01063,1,0.87866,1
medqa,qwen3-4b,medqa_test_00625,1,0.889458,2
medqa,qwen3-4b,medqa_test_00486,1,0.689088,2
medqa,qwen3-4b,medqa_test_01229,0,0.755142,2
medqa,qwen3-4b,medqa_test_00047,1,0.804277,5
medqa,qwen3-4b,medqa_test_00838,1,0.819494,4
medqa,qwen3-4b,medqa_test_00230,1,0.906633,4
medqa,qwen3-4b,medqa_test_01023,0,0.5928,3
medqa,qwen3-4b,medqa_test_01019,1,0.732421,2
medqa,qwen3-4b,medqa_test_00343,1,0.879493,5
medqa,qwen3-4b,medqa_test_00981,1,0.87053,1
medqa,qwen3-4b,medqa_test_00648,1,0.904974,1
medqa,qwen3-4b,medqa_test_00527,1,0.760758,3
medqa,qwen3-4b,medqa_test_00086,1,0.882955,4
medqa,qwen3-4b,medqa_test_00674,1,0.91253,4
medqa,qwen3-4b,medqa_test_01156,1,0.726092,5
medqa,qwen3-4b,medqa_test_00721,1,0.793318,2
medqa,qwen3-4b,medqa_test_00881,1,0.814719,5
medqa,qwen3-4b,medqa_test_01214,0,0.761846,3
medqa,qwen3-4b,medqa_test_00329,0,0.854043,5
medqa,qwen3-4b,medqa_test_00621,0,0.719757,4
medqa,qwen3-4b,medqa_test_01017,1,0.833008,1
medqa,qwen3-4b,medqa_test_00293,1,0.569194,5
medqa,qwen3-4b,medqa_test_00311,1,0.831523,5
medqa,qwen3-4b,medqa_test_00000,0,0.63036,5
medqa,qwen3-4b,medqa_test_00561,1,0.682302,2
medqa,qwen3-4b,medqa_test_00308,1,0.86223,4
medqa,qwen3-4b,medqa_test_00582,0,0.869778,2
medqa,qwen3-4b,medqa_test_00693,1,0.662741,3
medqa,qwen3-4b,medqa_test_00388,1,0.815754,4
medqa,qwen3-4b,medqa_test_00914,1,0.846951,4
medqa,qwen3-4b,medqa_test_00430,1,0.892213,3
medqa,qwen3-4b,medqa_test_00863,1,0.224868,5
medqa,qwen3-4b,medqa_test_01097,1,0.827689,1
medqa,qwen3-4b,medqa_test_00302,1,0.878337,3
medqa,qwen3-4b,medqa_test_00713,1,0.89977,5
medqa,qwen3-4b,medqa_test_01199,1,0.495697,1
medqa,qwen3-4b,medqa_test_00418,1,0.911234,3
medqa,qwen3-4b,medqa_test_00316,1,0.310109,5
medqa,qwen3-4b,medqa_test_00519,0,0.728119,5
medqa,qwen3-4b,medqa_test_00961,1,0.713279,2
medqa,qwen3-4b,medqa_test_00737,0,0.92082,5
medqa,qwen3-4b,medqa_test_00127,1,0.88745,5
medqa,qwen3-4b,medqa_test_00784,0,0.649013,1
medqa,qwen3-4b,medqa_test_01109,1,0.887951,2
medqa,qwen3-4b,medqa_test_00680,1,0.910602,1
medqa,qwen3-4b,medqa_test_00930,1,0.539842,3
medqa,qwen3-4b,medqa_test_00441,1,0.711866,2
medqa,qwen3-4b,medqa_test_00372,0,0.617731,1
medqa,qwen3-4b,medqa_test_01061,1,0.712562,1
medqa,qwen3-4b,medqa_test_00925,1,0.91057,4
medqa,qwen3-4b,medqa_test_00992,1,0.621462,1
medqa,qwen3-4b,medqa_test_00551,0,0.769339,5
medqa,qwen3-4b,medqa_test_01127,1,0.903941,1
medqa,qwen3-4b,medqa_test_00783,1,0.861984,4
medqa,qwen3-4b,medqa_test_01066,0,0.682358,1
medqa,qwen3-4b,medqa_test_01144,1,0.50927,3
medqa,qwen3-4b,medqa_test_00260,1,0.363928,3
medqa,qwen3-4b,medqa_test_01181,1,0.87178,2
medqa,qwen3-4b,medqa_test_00394,1,0.824172,2
medqa,qwen3-4b,medqa_test_00523,1,0.909599,1
medqa,qwen3-4b,medqa_test_00620,1,0.740197,5
medqa,qwen3-4b,medqa_test_01072,1,0.874342,3
medqa,qwen3-4b,medqa_test_00746,1,0.844916,3
medqa,qwen3-4b,medqa_test_00353,1,0.773555,4
medqa,qwen3-4b,medqa_test_00444,1,0.896826,3
medqa,qwen3-4b,medqa_test_00111,1,0.848592,4
medqa,qwen3-4b,medqa_test_01198,0,0.59933,1
medqa,qwen3-4b,medqa_test_00594,0,0.855564,3
medqa,qwen3-4b,medqa_test_00028,1,0.77317,2
medqa,qwen3-4b,medqa_test_00339,1,0.878021,4
medqa,qwen3-4b,medqa_test_00549,0,0.688222,5
medqa,qwen3-4b,medqa_test_00409,1,0.901782,5
medqa,qwen3-4b,medqa_test_00521,1,0.840954,2
medqa,qwen3-4b,medqa_test_00656,1,0.759855,1
medqa,qwen3-4b,medqa_test_00359,1,0.820847,2
medqa,qwen3-4b,medqa_test_00791,0,0.355703,5
medqa,qwen3-4b,medqa_test_00071,1,0.789064,2
medqa,qwen3-4b,medqa_test_01176,1,0.762336,5
medqa,qwen3-4b,medqa_test_00408,1,0.811739,1
medqa,qwen3-4b,medqa_test_00197,1,0.915437,3
medqa,qwen3-4b,medqa_test_00675,0,0.32604,3
medqa,qwen3-4b,medqa_test_00024,0,0.582617,4
medqa,qwen3-4b,medqa_test_01146,1,0.837316,4
medqa,qwen3-4b,medqa_test_00233,1,0.86204,1
medqa,qwen3-4b,medqa_test_00814,1,0.768444,3
medqa,qwen3-4b,medqa_test_00358,1,0.783531,1
medqa,qwen3-4b,medqa_test_01113,1,0.857789,2
medqa,qwen3-4b,medqa_test_00204,0,0.808672,4
medqa,qwen3-4b,medqa_test_00481,1,0.744889,1
medqa,qwen3-4b,medqa_test_01124,1,0.867685,4
medqa,qwen3-4b,medqa_test_00391,1,0.761731,2
medqa,qwen3-4b,medqa_test_00806,0,0.865419,5
medqa,qwen3-4b,medqa_test_01215,0,0.674117,2
medqa,qwen3-4b,medqa_test_00273,0,0.781731,4
medqa,qwen3-4b,medqa_test_00254,1,0.78626,5
medqa,qwen3-4b,medqa_test_00970,1,0.606883,2
medqa,qwen3-4b,medqa_test_01256,1,0.739229,4
medqa,qwen3-4b,medqa_test_00421,1,0.784127,3
medqa,qwen3-4b,medqa_test_00801,1,0.211576,1
medqa,qwen3-4b,medqa_test_01134,0,0.566529,2
medqa,qwen3-4b,medqa_test_00754,1,0.830611,5
medqa,qwen3-4b,medqa_test_00025,1,0.888575,3
medqa,qwen3-4b,medqa_test_00181,1,0.726787,3
medqa,qwen3-4b,medqa_test_00830,0,0.907533,2
medqa,qwen3-4b,medqa_test_00166,1,0.700905,2
medqa,qwen3-4b,medqa_test_00767,1,0.834712,2
medqa,qwen3-4b,medqa_test_00635,1,0.879336,3
medqa,qwen3-4b,medqa_test_00362,0,0.817425,5
medqa,qwen3-4b,medqa_test_00105,1,0.858123,5
medqa,qwen3-4b,medqa_test_00682,0,0.817842,2
medqa,qwen3-4b,medqa_test_00698,1,0.438452,3
medqa,qwen3-4b,medqa_test_00908,0,0.810404,4
medqa,qwen3-4b,medqa_test_00982,1,0.798747,5
medqa,qwen3-4b,medqa_test_00815,1,0.858883,5
medqa,qwen3-4b,medqa_test_00373,1,0.614808,5
medqa,qwen3-4b,medqa_test_00315,1,0.843975,5
medqa,qwen3-4b,medqa_test_00042,1,0.839059,3
medqa,qwen3-4b,medqa_test_01158,1,0.400265,4
medqa,qwen3-4b,medqa_test_01239,1,0.71923,3
medqa,qwen3-4b,medqa_test_00151,1,0.794641,5
medqa,qwen3-4b,medqa_test_00565,1,0.856059,4
medqa,qwen3-4b,medqa_test_01179,0,0.579078,1
medqa,qwen3-4b,medqa_test_00854,1,0.811124,2
medqa,qwen3-4b,medqa_test_00036,0,0.418273,5
medqa,qwen3-4b,medqa_test_00558,1,0.728382,2
medqa,qwen3-4b,medqa_test_00152,1,0.539681,1
medqa,qwen3-4b,medqa_test_00707,1,0.865176,2
medqa,qwen3-4b,medqa_test_00077,0,0.530113,3
medqa,qwen3-4b,medqa_test_01192,1,0.739315,4
medqa,qwen3-4b,medqa_test_00955,1,0.77351,2
medqa,qwen3-4b,medqa_test_00574,1,0.838267,5
medqa,qwen3-4b,medqa_test_01035,0,0.842254,2
medqa,qwen3-4b,medqa_test_00722,1,0.788471,3
medqa,qwen3-4b,medqa_test_00564,0,0.774205,4
medqa,qwen3-4b,medqa_test_00452,0,0.484187,5
medqa,qwen3-4b,medqa_test_00268,1,0.779644,3
medqa,qwen3-4b,medqa_test_00652,1,0.34478,1
medqa,qwen3-4b,medqa_test_00133,1,0.839176,1
medqa,qwen3-4b,medqa_test_00341,1,0.62169,4
medqa,qwen3-4b,medqa_test_00003,0,0.664078,4
medqa,qwen3-4b,medqa_test_01167,1,0.75006,1
medqa,qwen3-4b,medqa_test_00849,1,0.907728,5
medqa,qwen3-4b,medqa_test_01105,1,0.69961,4
medqa,qwen3-4b,medqa_test_00903,1,0.783167,1
medqa,qwen3-4b,medqa_test_00094,1,0.840946,4
medqa,qwen3-4b,medqa_test_01112,1,0.876538,1
medqa,qwen3-4b,medqa_test_00517,1,0.57491,2
medqa,qwen3-4b,medqa_test_01053,1,0.800882,1
medqa,qwen3-4b,medqa_test_01005,1,0.869825,5
medqa,qwen3-4b,medqa_test_00703,1,0.87283,4
medqa,qwen3-4b,medqa_test_00208,1,0.901608,5
medqa,qwen3-4b,medqa_test_00734,1,0.579705,4
medqa,qwen3-4b,medqa_test_00215,1,0.717909,1
medqa,qwen3-4b,medqa_test_00619,1,0.828865,4
medqa,qwen3-4b,medqa_test_00288,1,0.814264,4
medqa,qwen3-4b,medqa_test_00278,0,0.74248,3
medqa,qwen3-4b,medqa_test_00760,1,0.817632,3
medqa,qwen3-4b,medqa_test_01119,0,0.678897,2
medqa,qwen3-4b,medqa_test_01075,0,0.32116,4
medqa,qwen3-4b,medqa_test_00106,0,0.811436,1
medqa,qwen3-4b,medqa_test_00836,1,0.895397,1
medqa,qwen3-4b,medqa_test_00008,1,0.438683,3
medqa,qwen3-4b,medqa_test_01231,1,0.884904,4
medqa,qwen3-4b,medqa_test_00669,1,0.719645,3
medqa,qwen3-4b,medqa_test_00826,0,0.443363,1
medqa,qwen3-4b,medqa_test_00626,1,0.726993,2
medqa,qwen3-4b,medqa_test_00309,1,0.707038,5
medqa,qwen3-4b,medqa_test_00853,1,0.644164,5
medqa,qwen3-4b,medqa_test_00448,0,0.833468,3
medqa,qwen3-4b,medqa_test_00291,0,0.295398,5
medqa,qwen3-4b,medqa_test_00378,0,0.71079,4
medqa,qwen3-4b,medqa_test_00900,1,0.774712,5
medqa,qwen3-4b,medqa_test_01024,1,0.916733,5
medqa,qwen3-4b,medqa_test_00357,1,0.582718,3
medqa,qwen3-4b,medqa_test_00966,0,0.929365,3
medqa,qwen3-4b,medqa_test_00218,1,0.889229,2
medqa,qwen3-4b,medqa_test_00550,0,0.65146,1
medqa,qwen3-4b,medqa_test_00102,1,0.867395,5
medqa,qwen3-4b,medqa_test_00576,0,0.779255,5
medqa,qwen3-4b,medqa_test_00636,1,0.885267,5
medqa,qwen3-4b,medqa_test_01191,1,0.64059,1
medqa,qwen3-4b,medqa_test_00009,1,0.364132,5
medqa,qwen3-4b,medqa_test_00074,0,0.674949,3
medqa,qwen3-4b,medqa_test_00769,1,0.808628,3
medqa,qwen3-4b,medqa_test_00951,0,0.578343,4
medqa,qwen3-4b,medqa_test_00974,1,0.890398,1
medqa,qwen3-4b,medqa_test_00307,0,0.83199,3
medqa,qwen3-4b,medqa_test_00660,1,0.613215,3
medqa,qwen3-4b,medqa_test_00687,0,0.716626,2
medqa,qwen3-4b,medqa_test_00134,1,0.917589,5
medqa,qwen3-4b,medqa_test_00405,1,0.824165,2
medqa,qwen3-4b,medqa_test_00271,0,0.69958,4
medqa,qwen3-4b,medqa_test_01012,0,0.657893,1
medqa,qwen3-4b,medqa_test_00733,1,0.898543,3
medqa,qwen3-4b,medqa_test_00685,1,0.852869,2
medqa,qwen3-4b,medqa_test_00957,1,0.876471,4
medqa,qwen3-4b,medqa_test_00535,1,0.907315,4
medqa,qwen3-4b,medqa_test_00578,1,0.703904,5
medqa,qwen3-4b,medqa_test_00597,1,0.344915,4
medqa,qwen3-4b,medqa_test_01205,1,0.748103,3
medqa,qwen3-4b,medqa_test_00083,1,0.289236,2
medqa,qwen3-4b,medqa_test_00040,1,0.871167,1
medqa,qwen3-4b,medqa_test_00608,1,0.785753,4
medqa,qwen3-4b,medqa_test_00252,1,0.672642,1
medqa,qwen3-4b,medqa_test_00911,1,0.562211,5
medqa,qwen3-4b,medqa_test_00964,1,0.52148,3
medqa,qwen3-4b,medqa_test_00122,1,0.894929,2
medqa,qwen3-4b,medqa_test_00240,1,0.814476,5
medqa,qwen3-4b,medqa_test_01067,1,0.679557,2
medqa,qwen3-4b,medqa_test_00691,1,0.890085,1
medqa,qwen3-4b,medqa_test_00609,1,0.817745,1
medqa,qwen3-4b,medqa_test_00070,1,0.759274,1
medqa,qwen3-4b,medqa_test_00190,1,0.600324,3
medqa,qwen3-4b,medqa_test_00871,1,0.895337,4
medqa,qwen3-4b,medqa_test_00082,1,0.862934,1
mmlu_pro,qwen3-4b,mmlu_pro_test_04946,0,0.661691,1
mmlu_pro,qwen3-4b,mmlu_pro_test_06900,1,0.927743,2
mmlu_pro,qwen3-4b,mmlu_pro_test_01405,0,0.312284,2
mmlu_pro,qwen3-4b,mmlu_pro_test_03199,1,0.887816,3
mmlu_pro,qwen3-4b,mmlu_pro_test_00399,0,0.863657,5
mmlu_pro,qwen3-4b,mmlu_pro_test_06405,1,0.896457,3
mmlu_pro,qwen3-4b,mmlu_pro_test_07379,0,0.630769,3
mmlu_pro,qwen3-4b,mmlu_pro_test_02736,1,0.917272,2
mmlu_pro,qwen3-4b,mmlu_pro_test_08299,1,0.775352,1
mmlu_pro,qwen3-4b,mmlu_pro_test_11265,1,0.900848,4
mmlu_pro,qwen3-4b,mmlu_pro_test_02400,1,0.82973,1
mmlu_pro,qwen3-4b,mmlu_pro_test_00612,0,0.714142,5
mmlu_pro,qwen3-4b,mmlu_pro_test_04994,0,0.747731,1
mmlu_pro,qwen3-4b,mmlu_pro_test_02961,1,0.912744,1
mmlu_pro,qwen3-4b,mmlu_pro_test_08614,1,0.931798,5
mmlu_pro,qwen3-4b,mmlu_pro_test_05716,1,0.83744,5
mmlu_pro,qwen3-4b,mmlu_pro_test_11338,1,0.808012,5
mmlu_pro,qwen3-4b,mmlu_pro_test_07664,1,0.915002,2
mmlu_pro,qwen3-4b,mmlu_pro_test_03616,1,0.532663,1
mmlu_pro,qwen3-4b,mmlu_pro_test_09605,1,0.9398,4
mmlu_pro,qwen3-4b,mmlu_pro_test_02354,1,0.612212,5
mmlu_pro,qwen3-4b,mmlu_pro_test_04767,0,0.812178,1
mmlu_pro,qwen3-4b,mmlu_pro_test_05252,1,0.87361,1
mmlu_pro,qwen3-4b,mmlu_pro_test_01206,0,0.344373,2
mmlu_pro,qwen3-4b,mmlu_pro_test_10247,1,0.867098,4
mmlu_pro,qwen3-4b,mmlu_pro_test_07963,1,0.876353,3
mmlu_pro,qwen3-4b,mmlu_pro_test_01449,0,0.327029,4
mmlu_pro,qwen3-4b,mmlu_pro_test_08489,1,0.921479,1
mmlu_pro,qwen3-4b,mmlu_pro_test_07315,1,0.700745,3
mmlu_pro,qwen3-4b,mmlu_pro_test_07308,0,0.524653,3
mmlu_pro,qwen3-4b,mmlu_pro_test_03640,1,0.928411,2
mmlu_pro,qwen3-4b,mmlu_pro_test_05875,1,0.860338,2
mmlu_pro,qwen3-4b,mmlu_pro_test_00209,1,0.930542,3
mmlu_pro,qwen3-4b,mmlu_pro_test_10639,0,0.879205,3
mmlu_pro,qwen3-4b,mmlu_pro_test_07624,1,0.93759,4
mmlu_pro,qwen3-4b,mmlu_pro_test_08841,1,0.895085,1
mmlu_pro,qwen3-4b,mmlu_pro_test_10104,1,0.914701,4
mmlu_pro,qwen3-4b,mmlu_pro_test_08182,1,0.82859,1
mmlu_pro,qwen3-4b,mmlu_pro_test_07610,1,0.896543,4
mmlu_pro,qwen3-4b,mmlu_pro_test_01518,1,0.52471,4
mmlu_pro,qwen3-4b,mmlu_pro_test_11897,0,0.212443,5
mmlu_pro,qwen3-4b,mmlu_pro_test_03821,1,0.91398,3
mmlu_pro,qwen3-4b,mmlu_pro_test_02666,1,0.577298,5
mmlu_pro,qwen3-4b,mmlu_pro_test_00552,1,0.961515,4
mmlu_pro,qwen3-4b,mmlu_pro_test_04762,1,0.897546,2
mmlu_pro,qwen3-4b,mmlu_pro_test_10305,1,0.934203,5
mmlu_pro,qwen3-4b,mmlu_pro_test_10990,0,0.809639,2
mmlu_pro,qwen3-4b,mmlu_pro_test_10376,1,0.53852,3
mmlu_pro,qwen3-4b,mmlu_pro_test_07465,1,0.881721,5
mmlu_pro,qwen3-4b,mmlu_pro_test_06478,1,0.248791,4
mmlu_pro,qwen3-4b,mmlu_pro_test_07227,1,0.88427,1
mmlu_pro,qwen3-4b,mmlu_pro_test_08081,1,0.930533,2
mmlu_pro,qwen3-4b,mmlu_pro_test_02006,1,0.558549,1
mmlu_pro,qwen3-4b,mmlu_pro_test_06169,1,0.919519,4
mmlu_pro,qwen3-4b,mmlu_pro_test_00777,1,0.933324,4
mmlu_pro,qwen3-4b,mmlu_pro_test_03086,1,0.938715,2
mmlu_pro,qwen3-4b,mmlu_pro_test_06764,0,0.842316,4
mmlu_pro,qwen3-4b,mmlu_pro_test_04577,0,0.538015,2
mmlu_pro,qwen3-4b,mmlu_pro_test_04648,1,0.648033,2
mmlu_pro,qwen3-4b,mmlu_pro_test_07086,1,0.591847,5
mmlu_pro,qwen3-4b,mmlu_pro_test_07073,1,0.882749,3
mmlu_pro,qwen3-4b,mmlu_pro_test_02543,1,0.884437,3
mmlu_pro,qwen3-4b,mmlu_pro_test_09545,1,0.898795,2
mmlu_pro,qwen3-4b,mmlu_pro_test_05814,1,0.890873,3
mmlu_pro,qwen3-4b,mmlu_pro_test_10619,0,0.634394,1
mmlu_pro,qwen3-4b,mmlu_pro_test_02239,0,0.025497,2
mmlu_pro,qwen3-4b,mmlu_pro_test_04531,1,0.679303,4
mmlu_pro,qwen3-4b,mmlu_pro_test_05901,1,0.734969,2
mmlu_pro,qwen3-4b,mmlu_pro_test_04600,0,0.743498,4
mmlu_pro,qwen3-4b,mmlu_pro_test_03938,1,0.912494,5
mmlu_pro,qwen3-4b,mmlu_pro_test_04737,0,0.716239,3
mmlu_pro,qwen3-4b,mmlu_pro_test_08707,1,0.911101,4
mmlu_pro,qwen3-4b,mmlu_pro_test_06047,1,0.780482,1
mmlu_pro,qwen3-4b,mmlu_pro_test_10314,1,0.467617,5
mmlu_pro,qwen3-4b,mmlu_pro_test_06344,0,0.518651,2
mmlu_pro,qwen3-4b,mmlu_pro_test_07781,1,0.934775,4
mmlu_pro,qwen3-4b,mmlu_pro_test_01909,1,0.71617,1
mmlu_pro,qwen3-4b,mmlu_pro_test_07841,1,0.883011,1
mmlu_pro,qwen3-4b,mmlu_pro_test_02367,0,0.661344,5
mmlu_pro,qwen3-4b,mmlu_pro_test_03243,1,0.719837,4
mmlu_pro,qwen3-4b,mmlu_pro_test_03551,1,0.870256,4
mmlu_pro,qwen3-4b,mmlu_pro_test_00105,1,0.665659,4
mmlu_pro,qwen3-4b,mmlu_pro_test_10480,1,0.852862,4
mmlu_pro,qwen3-4b,mmlu_pro_test_07621,1,0.814078,1
mmlu_pro,qwen3-4b,mmlu_pro_test_05290,0,0.572635,4
mmlu_pro,qwen3-4b,mmlu_pro_test_06374,1,0.391059,1
mmlu_pro,qwen3-4b,mmlu_pro_test_04854,1,0.876812,4
mmlu_pro,qwen3-4b,mmlu_pro_test_01994,1,0.804116,1
mmlu_pro,qwen3-4b,mmlu_pro_test_08531,1,0.895892,4
mmlu_pro,qwen3-4b,mmlu_pro_test_07336,0,0.392377,4
mmlu_pro,qwen3-4b,mmlu_pro_test_03296,1,0.569266,2
mmlu_pro,qwen3-4b,mmlu_pro_test_01155,0,0.838244,1
mmlu_pro,qwen3-4b,mmlu_pro_test_04641,1,0.841241,5
mmlu_pro,qwen3-4b,mmlu_pro_test_06440,1,0.038935,2
mmlu_pro,qwen3-4b,mmlu_pro_test_04810,0,0.568624,1
mmlu_pro,qwen3-4b,mmlu_pro_test_06683,1,0.814849,3
mmlu_pro,qwen3-4b,mmlu_pro_test_10242,1,0.878638,3
mmlu_pro,qwen3-4b,mmlu_pro_test_06474,1,0.923278,3
mmlu_pro,qwen3-4b,mmlu_pro_test_01722,1,0.904869,4
mmlu_pro,qwen3-4b,mmlu_pro_test_00075,1,0.88801,1
mmlu_pro,qwen3-4b,mmlu_pro_test_01510,1,0.510241,1
mmlu_pro,qwen3-4b,mmlu_pro_test_07068,1,0.887216,1
mmlu_pro,qwen3-4b,mmlu_pro_test_01471,0,0.325265,4
mmlu_pro,qwen3-4b,mmlu_pro_test_04667,0,0.900817,2
mmlu_pro,qwen3-4b,mmlu_pro_test_04596,1,0.723448,2
mmlu_pro,qwen3-4b,mmlu_pro_test_11048,0,0.725369,1
mmlu_pro,qwen3-4b,mmlu_pro_test_08599,1,0.961174,2
mmlu_pro,qwen3-4b,mmlu_pro_test_06330,1,0.888015,4
mmlu_pro,qwen3-4b,mmlu_pro_test_09589,1,0.875206,3
mmlu_pro,qwen3-4b,mmlu_pro_test_10859,1,0.917191,3
mmlu_pro,qwen3-4b,mmlu_pro_test_01851,0,0.862712,5
mmlu_pro,qwen3-4b,mmlu_pro_test_05334,1,0.526114,1
mmlu_pro,qwen3-4b,mmlu_pro_test_04323,1,0.585107,2
mmlu_pro,qwen3-4b,mmlu_pro_test_02899,1,0.901176,4
mmlu_pro,qwen3-4b,mmlu_pro_test_06094,1,0.719316,2
mmlu_pro,qwen3-4b,mmlu_pro_test_10249,1,0.819151,1
mmlu_pro,qwen3-4b,mmlu_pro_test_01216,0,0.29987,4
mmlu_pro,qwen3-4b,mmlu_pro_test_10777,0,0.659341,5
mmlu_pro,qwen3-4b,mmlu_pro_test_03186,1,0.798409,1
mmlu_pro,qwen3-4b,mmlu_pro_test_00193,1,0.86838,3
mmlu_pro,qwen3-4b,mmlu_pro_test_06476,0,0.54779,2
mmlu_pro,qwen3-4b,mmlu_pro_test_03128,1,0.82553,2
mmlu_pro,qwen3-4b,mmlu_pro_test_06423,1,0.825631,1
mmlu_pro,qwen3-4b,mmlu_pro_test_04220,1,0.884888,1
mmlu_pro,qwen3-4b,mmlu_pro_test_02619,1,0.872397,4
mmlu_pro,qwen3-4b,mmlu_pro_test_07547,1,0.935207,4
mmlu_pro,qwen3-4b,mmlu_pro_test_03546,1,0.934618,3
mmlu_pro,qwen3-4b,mmlu_pro_test_05346,1,0.056897,3
mmlu_pro,qwen3-4b,mmlu_pro_test_02989,0,0.86458,3
mmlu_pro,qwen3-4b,mmlu_pro_test_07670,1,0.907859,4
mmlu_pro,qwen3-4b,mmlu_pro_test_01054,1,0.294393,2
mmlu_pro,qwen3-4b,mmlu_pro_test_07105,1,0.873114,2
mmlu_pro,qwen3-4b,mmlu_pro_test_03107,0,0.63826,3
mmlu_pro,qwen3-4b,mmlu_pro_test_10196,1,0.749302,4
mmlu_pro,qwen3-4b,mmlu_pro_test_10696,0,0.710914,2
mmlu_pro,qwen3-4b,mmlu_pro_test_02622,1,0.78728,5
mmlu_pro,qwen3-4b,mmlu_pro_test_02098,1,0.922648,2
mmlu_pro,qwen3-4b,mmlu_pro_test_01873,1,0.488071,2
mmlu_pro,qwen3-4b,mmlu_pro_test_02310,1,0.836138,1
mmlu_pro,qwen3-4b,mmlu_pro_test_04768,1,0.893446,3
mmlu_pro,qwen3-4b,mmlu_pro_test_00538,1,0.928538,4
mmlu_pro,qwen3-4b,mmlu_pro_test_08558,1,0.904165,1
mmlu_pro,qwen3-4b,mmlu_pro_test_02212,1,0.871514,3
mmlu_pro,qwen3-4b,mmlu_pro_test_00294,1,0.738658,1
mmlu_pro,qwen3-4b,mmlu_pro_test_10274,0,0.57926,1
mmlu_pro,qwen3-4b,mmlu_pro_test_00677,1,0.798249,1
mmlu_pro,qwen3-4b,mmlu_pro_test_06106,1,0.432434,4
mmlu_pro,qwen3-4b,mmlu_pro_test_01153,0,0.337061,4
mmlu_pro,qwen3-4b,mmlu_pro_test_10822,0,0.050544,2
mmlu_pro,qwen3-4b,mmlu_pro_test_00244,0,0.154539,2
mmlu_pro,qwen3-4b,mmlu_pro_test_05645,1,0.698672,4
mmlu_pro,qwen3-4b,mmlu_pro_test_01750,0,0.717707,1
mmlu_pro,qwen3-4b,mmlu_pro_test_01875,0,0.846843,1
mmlu_pro,qwen3-4b,mmlu_pro_test_01105,1,0.626976,1
mmlu_pro,qwen3-4b,mmlu_pro_test_06414,1,0.840434,3
mmlu_pro,qwen3-4b,mmlu_pro_test_03360,1,0.411689,1
mmlu_pro,qwen3-4b,mmlu_pro_test_01281,0,0.795674,2
mmlu_pro,qwen3-4b,mmlu_pro_test_06933,1,0.938143,2
mmlu_pro,qwen3-4b,mmlu_pro_test_07300,0,0.647576,4
mmlu_pro,qwen3-4b,mmlu_pro_test_07745,0,0.319181,3
mmlu_pro,qwen3-4b,mmlu_pro_test_05863,1,0.357232,4
mmlu_pro,qwen3-4b,mmlu_pro_test_10821,0,0.923799,4
mmlu_pro,qwen3-4b,mmlu_pro_test_00578,1,0.917209,4
mmlu_pro,qwen3-4b,mmlu_pro_test_01634,0,0.597263,3
mmlu_pro,qwen3-4b,mmlu_pro_test_01115,0,0.515186,4
mmlu_pro,qwen3-4b,mmlu_pro_test_01088,0,0.724079,2
mmlu_pro,qwen3-4b,mmlu_pro_test_09247,1,0.861854,3
mmlu_pro,qwen3-4b,mmlu_pro_test_09552,1,0.891001,2
mmlu_pro,qwen3-4b,mmlu_pro_test_06472,1,0.775149,5
mmlu_pro,qwen3-4b,mmlu_pro_test_00943,1,0.640465,2
mmlu_pro,qwen3-4b,mmlu_pro_test_05483,1,0.677296,5
mmlu_pro,qwen3-4b,mmlu_pro_test_00233,1,0.382381,4
mmlu_pro,qwen3-4b,mmlu_pro_test_00994,0,0.267539,4
mmlu_pro,qwen3-4b,mmlu_pro_test_00881,1,0.79707,2
mmlu_pro,qwen3-4b,mmlu_pro_test_06356,1,0.432679,2
mmlu_pro,qwen3-4b,mmlu_pro_test_05571,0,0.884713,5
mmlu_pro,qwen3-4b,mmlu_pro_test_05042,1,0.922522,3
mmlu_pro,qwen3-4b,mmlu_pro_test_06964,1,0.845332,1
mmlu_pro,qwen3-4b,mmlu_pro_test_12001,1,0.939227,2
mmlu_pro,qwen3-4b,mmlu_pro_test_09661,1,0.878387,5
mmlu_pro,qwen3-4b,mmlu_pro_test_06324,1,0.754417,1
mmlu_pro,qwen3-4b,mmlu_pro_test_08046,1,0.927109,2
mmlu_pro,qwen3-4b,mmlu_pro_test_11328,1,0.883028,4
mmlu_pro,qwen3-4b,mmlu_pro_test_10848,1,0.370127,2
mmlu_pro,qwen3-4b,mmlu_pro_test_09027,1,0.897148,4
mmlu_pro,qwen3-4b,mmlu_pro_test_06780,1,0.781322,2
mmlu_pro,qwen3-4b,mmlu_pro_test_06430,1,0.780119,3
mmlu_pro,qwen3-4b,mmlu_pro_test_09215,1,0.943148,1
mmlu_pro,qwen3-4b,mmlu_pro_test_08916,0,0.94605,3
mmlu_pro,qwen3-4b,mmlu_pro_test_03285,1,0.866219,1
mmlu_pro,qwen3-4b,mmlu_pro_test_00232,1,0.91872,5
mmlu_pro,qwen3-4b,mmlu_pro_test_07952,1,0.907939,1
mmlu_pro,qwen3-4b,mmlu_pro_test_02613,1,0.931414,4
mmlu_pro,qwen3-4b,mmlu_pro_test_06654,1,0.794513,5
mmlu_pro,qwen3-4b,mmlu_pro_test_08077,1,0.804876,1
mmlu_pro,qwen3-4b,mmlu_pro_test_00654,1,0.933569,5
mmlu_pro,qwen3-4b,mmlu_pro_test_01114,1,0.749421,3
mmlu_pro,qwen3-4b,mmlu_pro_test_02376,1,0.839937,3
mmlu_pro,qwen3-4b,mmlu_pro_test_10943,1,0.451288,3
mmlu_pro,qwen3-4b,mmlu_pro_test_01822,0,0.352875,5
mmlu_pro,qwen3-4b,mmlu_pro_test_01322,0,0.331965,1
mmlu_pro,qwen3-4b,mmlu_pro_test_08513,1,0.921835,3
mmlu_pro,qwen3-4b,mmlu_pro_test_06409,1,0.160053,2
mmlu_pro,qwen3-4b,mmlu_pro_test_05509,1,0.713634,1
mmlu_pro,qwen3-4b,mmlu_pro_test_07012,1,0.848528,1
mmlu_pro,qwen3-4b,mmlu_pro_test_07233,1,0.902247,3
mmlu_pro,qwen3-4b,mmlu_pro_test_04296,1,0.741925,1
mmlu_pro,qwen3-4b,mmlu_pro_test_06365,1,0.888377,5
mmlu_pro,qwen3-4b,mmlu_pro_test_00031,1,0.911664,3
mmlu_pro,qwen3-4b,mmlu_pro_test_09953,1,0.911719,3
mmlu_pro,qwen3-4b,mmlu_pro_test_02676,0,0.662534,3
mmlu_pro,qwen3-4b,mmlu_pro_test_07131,0,0.931587,2
mmlu_pro,qwen3-4b,mmlu_pro_test_07275,1,0.802578,5
mmlu_pro,qwen3-4b,mmlu_pro_test_09210,1,0.889232,3
mmlu_pro,qwen3-4b,mmlu_pro_test_10194,1,0.783628,1
mmlu_pro,qwen3-4b,mmlu_pro_test_07176,1,0.866281,4
mmlu_pro,qwen3-4b,mmlu_pro_test_00102,1,0.915088,5
mmlu_pro,qwen3-4b,mmlu_pro_test_01799,0,0.076697,5
mmlu_pro,qwen3-4b,mmlu_pro_test_06147,0,0.577842,5
mmlu_pro,qwen3-4b,mmlu_pro_test_05306,1,0.884138,5
mmlu_pro,qwen3-4b,mmlu_pro_test_02443,1,0.879096,3
mmlu_pro,qwen3-4b,mmlu_pro_test_01516,0,0.931817,3
mmlu_pro,qwen3-4b,mmlu_pro_test_05266,1,0.86992,1
mmlu_pro,qwen3-4b,mmlu_pro_test_05079,1,0.875151,4
mmlu_pro,qwen3-4b,mmlu_pro_test_11996,1,0.847816,4
mmlu_pro,qwen3-4b,mmlu_pro_test_07938,1,0.630975,1
mmlu_pro,qwen3-4b,mmlu_pro_test_10854,1,0.704753,5
mmlu_pro,qwen3-4b,mmlu_pro_test_02199,0,0.853575,5
mmlu_pro,qwen3-4b,mmlu_pro_test_00801,0,0.270186,1
mmlu_pro,qwen3-4b,mmlu_pro_test_06048,1,0.776486,3
mmlu_pro,qwen3-4b,mmlu_pro_test_04601,0,0.605917,5
mmlu_pro,qwen3-4b,mmlu_pro_test_08357,0,0.313642,3
mmlu_pro,qwen3-4b,mmlu_pro_test_06758,1,0.862517,3
mmlu_pro,qwen3-4b,mmlu_pro_test_05350,1,0.698594,5
mmlu_pro,qwen3-4b,mmlu_pro_test_00692,1,0.799257,5
mmlu_pro,qwen3-4b,mmlu_pro_test_07604,1,0.95218,2
mmlu_pro,qwen3-4b,mmlu_pro_test_02247,1,0.37233,4
mmlu_pro,qwen3-4b,mmlu_pro_test_01490,0,0.738537,4
mmlu_pro,qwen3-4b,mmlu_pro_test_00144,1,0.908184,4
mmlu_pro,qwen3-4b,mmlu_pro_test_08773,1,0.899223,2
mmlu_pro,qwen3-4b,mmlu_pro_test_03337,1,0.92878,3
mmlu_pro,qwen3-4b,mmlu_pro_test_05298,0,0.483855,4
mmlu_pro,qwen3-4b,mmlu_pro_test_02279,1,0.916234,4
mmlu_pro,qwen3-4b,mmlu_pro_test_06777,1,0.675054,5
mmlu_pro,qwen3-4b,mmlu_pro_test_03188,1,0.921239,2
mmlu_pro,qwen3-4b,mmlu_pro_test_01250,1,0.477337,3
mmlu_pro,qwen3-4b,mmlu_pro_test_02173,0,0.667075,1
mmlu_pro,qwen3-4b,mmlu_pro_test_05556,1,0.890268,3
mmlu_pro,qwen3-4b,mmlu_pro_test_00728,1,0.906929,3
mmlu_pro,qwen3-4b,mmlu_pro_test_01919,0,0.625527,3
mmlu_pro,qwen3-4b,mmlu_pro_test_05840,0,0.730411,1
mmlu_pro,qwen3-4b,mmlu_pro_test_10423,1,0.888439,5
mmlu_pro,qwen3-4b,mmlu_pro_test_05818,1,0.887079,1
mmlu_pro,qwen3-4b,mmlu_pro_test_08111,1,0.949142,2
mmlu_pro,qwen3-4b,mmlu_pro_test_11294,1,0.912333,3
mmlu_pro,qwen3-4b,mmlu_pro_test_05926,0,0.672448,5
mmlu_pro,qwen3-4b,mmlu_pro_test_00751,0,0.805663,3
mmlu_pro,qwen3-4b,mmlu_pro_test_10827,1,0.936118,2
mmlu_pro,qwen3-4b,mmlu_pro_test_08788,1,0.690855,5
mmlu_pro,qwen3-4b,mmlu_pro_test_06328,1,0.811249,4
mmlu_pro,qwen3-4b,mmlu_pro_test_02897,1,0.927686,4
mmlu_pro,qwen3-4b,mmlu_pro_test_00644,1,0.893947,5
mmlu_pro,qwen3-4b,mmlu_pro_test_09957,1,0.5906,1
mmlu_pro,qwen3-4b,mmlu_pro_test_01205,1,0.853879,2
mmlu_pro,qwen3-4b,mmlu_pro_test_05689,0,0.814884,4
mmlu_pro,qwen3-4b,mmlu_pro_test_09535,1,0.805772,2
mmlu_pro,qwen3-4b,mmlu_pro_test_05010,0,0.538563,1
mmlu_pro,qwen3-4b,mmlu_pro_test_05512,0,0.661824,3
mmlu_pro,qwen3-4b,mmlu_pro_test_06901,1,0.92023,5
mmlu_pro,qwen3-4b,mmlu_pro_test_04665,1,0.893044,3
mmlu_pro,qwen3-4b,mmlu_pro_test_07268,1,0.696438,1
mmlu_pro,qwen3-4b,mmlu_pro_test_11797,1,0.726281,1
mmlu_pro,qwen3-4b,mmlu_pro_test_06854,1,0.483696,1
mmlu_pro,qwen3-4b,mmlu_pro_test_02874,1,0.757501,5
mmlu_pro,qwen3-4b,mmlu_pro_test_00408,1,0.901654,4
mmlu_pro,qwen3-4b,mmlu_pro_test_11021,0,0.784885,1
mmlu_pro,qwen3-4b,mmlu_pro_test_06497,1,0.760799,5
mmlu_pro,qwen3-4b,mmlu_pro_test_08694,1,0.914594,5
mmlu_pro,qwen3-4b,mmlu_pro_test_00082,1,0.669435,5
mmlu_pro,qwen3-4b,mmlu_pro_test_05696,0,0.376549,1
mmlu_pro,qwen3-4b,mmlu_pro_test_07437,1,0.837414,2
mmlu_pro,qwen3-4b,mmlu_pro_test_08183,1,0.84215,2
mmlu_pro,qwen3-4b,mmlu_pro_test_01831,0,0.886642,4
mmlu_pro,qwen3-4b,mmlu_pro_test_03615,1,0.723635,1
mmlu_pro,qwen3-4b,mmlu_pro_test_02148,1,0.77431,1
mmlu_pro,qwen3-4b,mmlu_pro_test_00219,1,0.913262,1
mmlu_pro,qwen3-4b,mmlu_pro_test_01532,0,0.639,1
mmlu_pro,qwen3-4b,mmlu_pro_test_03087,1,0.438717,1
mmlu_pro,qwen3-4b,mmlu_pro_test_07100,1,0.733421,2
mmlu_pro,qwen3-4b,mmlu_pro_test_09170,1,0.936123,4
mmlu_pro,qwen3-4b,mmlu_pro_test_02905,1,0.941355,1
mmlu_pro,qwen3-4b,mmlu_pro_test_04309,1,0.902036,1
mmlu_pro,qwen3-4b,mmlu_pro_test_08993,1,0.62311,1
mmlu_pro,qwen3-4b,mmlu_pro_test_08399,1,0.910974,3
mmlu_pro,qwen3-4b,mmlu_pro_test_01252,0,0.757131,1
mmlu_pro,qwen3-4b,mmlu_pro_test_02171,1,0.527256,2
mmlu_pro,qwen3-4b,mmlu_pro_test_07031,1,0.920098,2
mmlu_pro,qwen3-4b,mmlu_pro_test_11015,0,0.22719,3
mmlu_pro,qwen3-4b,mmlu_pro_test_06831,1,0.895455,5
mmlu_pro,qwen3-4b,mmlu_pro_test_09713,1,0.912253,4
mmlu_pro,qwen3-4b,mmlu_pro_test_09094,1,0.922168,5
mmlu_pro,qwen3-4b,mmlu_pro_test_05195,0,0.710411,4
mmlu_pro,qwen3-4b,mmlu_pro_test_08685,1,0.908046,3
mmlu_pro,qwen3-4b,mmlu_pro_test_04928,1,0.691515,4
mmlu_pro,qwen3-4b,mmlu_pro_test_01141,0,0.364265,4
mmlu_pro,qwen3-4b,mmlu_pro_test_06313,1,0.857595,2
mmlu_pro,qwen3-4b,mmlu_pro_test_06295,1,0.568684,5
mmlu_pro,qwen3-4b,mmlu_pro_test_00811,0,0.5269,4
mmlu_pro,qwen3-4b,mmlu_pro_test_06830,1,0.905245,5
mmlu_pro,qwen3-4b,mmlu_pro_test_08247,1,0.896918,1
mmlu_pro,qwen3-4b,mmlu_pro_test_08198,1,0.919672,3
mmlu_pro,qwen3-4b,mmlu_pro_test_02011,1,0.831413,5
mmlu_pro,qwen3-4b,mmlu_pro_test_01134,0,0.331395,1
mmlu_pro,qwen3-4b,mmlu_pro_test_08457,1,0.913191,4
mmlu_pro,qwen3-4b,mmlu_pro_test_09123,0,0.732009,5
mmlu_pro,qwen3-4b,mmlu_pro_test_01568,0,0.127441,5
mmlu_pro,qwen3-4b,mmlu_pro_test_04867,0,0.850885,1
mmlu_pro,qwen3-4b,mmlu_pro_test_00329,1,0.927541,3
mmlu_pro,qwen3-4b,mmlu_pro_test_11567,1,0.929015,5
mmlu_pro,qwen3-4b,mmlu_pro_test_02438,0,0.777587,4
mmlu_pro,qwen3-4b,mmlu_pro_test_01736,1,0.863407,1
mmlu_pro,qwen3-4b,mmlu_pro_test_04974,1,0.805525,1
mmlu_pro,qwen3-4b,mmlu_pro_test_04929,1,0.794974,1
mmlu_pro,qwen3-4b,mmlu_pro_test_00906,0,0.569542,2
mmlu_pro,qwen3-4b,mmlu_pro_test_10032,1,0.884246,4
mmlu_pro,qwen3-4b,mmlu_pro_test_04603,0,0.775771,2
mmlu_pro,qwen3-4b,mmlu_pro_test_06663,1,0.318752,4
mmlu_pro,qwen3-4b,mmlu_pro_test_05202,0,0.534608,2
mmlu_pro,qwen3-4b,mmlu_pro_test_07832,1,0.941596,5
mmlu_pro,qwen3-4b,mmlu_pro_test_06713,1,0.636373,4
mmlu_pro,qwen3-4b,mmlu_pro_test_06787,1,0.808505,3
mmlu_pro,qwen3-4b,mmlu_pro_test_08156,1,0.577855,3
mmlu_pro,qwen3-4b,mmlu_pro_test_03436,1,0.915826,3
mmlu_pro,qwen3-4b,mmlu_pro_test_05678,1,0.917936,2
mmlu_pro,qwen3-4b,mmlu_pro_test_06424,1,0.891783,4
mmlu_pro,qwen3-4b,mmlu_pro_test_02283,1,0.824538,4
mmlu_pro,qwen3-4b,mmlu_pro_test_04727,1,0.812896,1
mmlu_pro,qwen3-4b,mmlu_pro_test_01003,1,0.591778,3
mmlu_pro,qwen3-4b,mmlu_pro_test_10324,1,0.772697,3
mmlu_pro,qwen3-4b,mmlu_pro_test_11346,1,0.84514,4
mmlu_pro,qwen3-4b,mmlu_pro_test_10124,1,0.961637,1
mmlu_pro,qwen3-4b,mmlu_pro_test_03182,1,0.907193,3
mmlu_pro,qwen3-4b,mmlu_pro_test_08688,0,0.908421,4
mmlu_pro,qwen3-4b,mmlu_pro_test_05109,0,0.676544,1
mmlu_pro,qwen3-4b,mmlu_pro_test_10163,0,0.955862,2
mmlu_pro,qwen3-4b,mmlu_pro_test_03959,1,0.902799,1
mmlu_pro,qwen3-4b,mmlu_pro_test_11639,1,0.898887,3
mmlu_pro,qwen3-4b,mmlu_pro_test_03992,1,0.925207,3
mmlu_pro,qwen3-4b,mmlu_pro_test_06451,0,0.717864,4
mmlu_pro,qwen3-4b,mmlu_pro_test_00836,0,0.886968,4
mmlu_pro,qwen3-4b,mmlu_pro_test_08372,1,0.906301,5
mmlu_pro,qwen3-4b,mmlu_pro_test_01355,0,0.873052,1
mmlu_pro,qwen3-4b,mmlu_pro_test_10802,1,0.475126,1
mmlu_pro,qwen3-4b,mmlu_pro_test_03601,1,0.878215,4
mmlu_pro,qwen3-4b,mmlu_pro_test_09942,1,0.95049,2
mmlu_pro,qwen3-4b,mmlu_pro_test_06822,1,0.861664,2
mmlu_pro,qwen3-4b,mmlu_pro_test_08667,1,0.775506,4
mmlu_pro,qwen3-4b,mmlu_pro_test_05452,0,0.523871,1
mmlu_pro,qwen3-4b,mmlu_pro_test_09544,1,0.866437,1
mmlu_pro,qwen3-4b,mmlu_pro_test_00425,1,0.876547,3
mmlu_pro,qwen3-4b,mmlu_pro_test_02544,1,0.822788,4
mmlu_pro,qwen3-4b,mmlu_pro_test_01550,0,0.65714,4
mmlu_pro,qwen3-4b,mmlu_pro_test_08699,1,0.909209,5
mmlu_pro,qwen3-4b,mmlu_pro_test_03795,1,0.920511,2
mmlu_pro,qwen3-4b,mmlu_pro_test_06341,1,0.755701,1
mmlu_pro,qwen3-4b,mmlu_pro_test_06977,1,0.709907,4
mmlu_pro,qwen3-4b,mmlu_pro_test_06331,0,0.722613,3
mmlu_pro,qwen3-4b,mmlu_pro_test_06905,0,0.752166,3
mmlu_pro,qwen3-4b,mmlu_pro_test_06884,1,0.902719,2
mmlu_pro,qwen3-4b,mmlu_pro_test_02285,0,0.562407,3
mmlu_pro,qwen3-4b,mmlu_pro_test_11020,0,0.224305,2
mmlu_pro,qwen3-4b,mmlu_pro_test_01721,1,0.882428,1
mmlu_pro,qwen3-4b,mmlu_pro_test_05679,1,0.878193,4
mmlu_pro,qwen3-4b,mmlu_pro_test_03061,1,0.841802,1
mmlu_pro,qwen3-4b,mmlu_pro_test_10973,0,0.720866,4
mmlu_pro,qwen3-4b,mmlu_pro_test_08203,1,0.905825,4
mmlu_pro,qwen3-4b,mmlu_pro_test_09801,1,0.96257,2
mmlu_pro,qwen3-4b,mmlu_pro_test_02225,1,0.883855,3
mmlu_pro,qwen3-4b,mmlu_pro_test_07284,1,0.932239,3
mmlu_pro,qwen3-4b,mmlu_pro_test_00940,0,0.664783,3
mmlu_pro,qwen3-4b,mmlu_pro_test_07930,1,0.888092,1
mmlu_pro,qwen3-4b,mmlu_pro_test_06579,1,0.398457,1
mmlu_pro,qwen3-4b,mmlu_pro_test_08275,1,0.947458,2
mmlu_pro,qwen3-4b,mmlu_pro_test_09550,1,0.928539,2
mmlu_pro,qwen3-4b,mmlu_pro_test_02498,1,0.796224,1
mmlu_pro,qwen3-4b,mmlu_pro_test_09911,1,0.831884,3
mmlu_pro,qwen3-4b,mmlu_pro_test_01960,1,0.796676,1
mmlu_pro,qwen3-4b,mmlu_pro_test_11222,1,0.91378,2
mmlu_pro,qwen3-4b,mmlu_pro_test_10708,0,0.571045,3
mmlu_pro,qwen3-4b,mmlu_pro_test_02841,1,0.875634,3
mmlu_pro,qwen3-4b,mmlu_pro_test_05560,1,0.530704,5
mmlu_pro,qwen3-4b,mmlu_pro_test_11547,1,0.937054,5
mmlu_pro,qwen3-4b,mmlu_pro_test_07857,1,0.944129,3
mmlu_pro,qwen3-4b,mmlu_pro_test_06513,1,0.925656,2
mmlu_pro,qwen3-4b,mmlu_pro_test_07069,1,0.89184,3
mmlu_pro,qwen3-4b,mmlu_pro_test_00479,0,0.570982,5
mmlu_pro,qwen3-4b,mmlu_pro_test_05605,1,0.356868,3
mmlu_pro,qwen3-4b,mmlu_pro_test_07246,0,0.352956,5
mmlu_pro,qwen3-4b,mmlu_pro_test_02726,1,0.907075,4
mmlu_pro,qwen3-4b,mmlu_pro_test_03025,1,0.903024,3
mmlu_pro,qwen3-4b,mmlu_pro_test_04032,1,0.862924,5
mmlu_pro,qwen3-4b,mmlu_pro_test_04556,0,0.502723,2
mmlu_pro,qwen3-4b,mmlu_pro_test_05857,1,0.665043,2
mmlu_pro,qwen3-4b,mmlu_pro_test_07599,1,0.953043,4
mmlu_pro,qwen3-4b,mmlu_pro_test_10348,1,0.921307,5
mmlu_pro,qwen3-4b,mmlu_pro_test_03896,1,0.947281,1
mmlu_pro,qwen3-4b,mmlu_pro_test_01626,1,0.254,5
mmlu_pro,qwen3-4b,mmlu_pro_test_10350,0,0.728943,3
mmlu_pro,qwen3-4b,mmlu_pro_test_03055,1,0.900413,3
mmlu_pro,qwen3-4b,mmlu_pro_test_11366,1,0.88983,5
mmlu_pro,qwen3-4b,mmlu_pro_test_00636,0,0.657233,4
mmlu_pro,qwen3-4b,mmlu_pro_test_00277,1,0.923911,1
mmlu_pro,qwen3-4b,mmlu_pro_test_00288,1,0.773642,3
mmlu_pro,qwen3-4b,mmlu_pro_test_11665,1,0.901665,2
mmlu_pro,qwen3-4b,mmlu_pro_test_06037,0,0.895068,5
mmlu_pro,qwen3-4b,mmlu_pro_test_10887,1,0.172464,1
mmlu_pro,qwen3-4b,mmlu_pro_test_07156,1,0.897405,1
mmlu_pro,qwen3-4b,mmlu_pro_test_08774,1,0.818446,1
mmlu_pro,qwen3-4b,mmlu_pro_test_02540,1,0.788554,5
mmlu_pro,qwen3-4b,mmlu_pro_test_06076,1,0.832682,5
mmlu_pro,qwen3-4b,mmlu_pro_test_00886,0,0.695667,2
mmlu_pro,qwen3-4b,mmlu_pro_test_09637,1,0.800569,4
mmlu_pro,qwen3-4b,mmlu_pro_test_03543,1,0.912744,1
mmlu_pro,qwen3-4b,mmlu_pro_test_00900,1,0.755441,4
mmlu_pro,qwen3-4b,mmlu_pro_test_04439,1,0.895979,3
mmlu_pro,qwen3-4b,mmlu_pro_test_04870,1,0.865566,4
mmlu_pro,qwen3-4b,mmlu_pro_test_10222,0,0.142127,2
mmlu_pro,qwen3-4b,mmlu_pro_test_01482,0,0.052555,1
mmlu_pro,qwen3-4b,mmlu_pro_test_05997,1,0.616983,2
mmlu_pro,qwen3-4b,mmlu_pro_test_03864,1,0.925318,3
mmlu_pro,qwen3-4b,mmlu_pro_test_03206,1,0.829912,5
mmlu_pro,qwen3-4b,mmlu_pro_test_03219,1,0.931106,3
mmlu_pro,qwen3-4b,mmlu_pro_test_08616,1,0.519022,2
mmlu_pro,qwen3-4b,mmlu_pro_test_06239,1,0.904695,2
mmlu_pro,qwen3-4b,mmlu_pro_test_11218,0,0.913544,2
mmlu_pro,qwen3-4b,mmlu_pro_test_11431,1,0.925641,2
mmlu_pro,qwen3-4b,mmlu_pro_test_04910,0,0.630632,4
mmlu_pro,qwen3-4b,mmlu_pro_test_10608,1,0.914019,1
mmlu_pro,qwen3-4b,mmlu_pro_test_04765,1,0.908983,2
mmlu_pro,qwen3-4b,mmlu_pro_test_03207,1,0.849356,5
mmlu_pro,qwen3-4b,mmlu_pro_test_05102,1,0.724033,4
mmlu_pro,qwen3-4b,mmlu_pro_test_01711,0,0.510158,4
mmlu_pro,qwen3-4b,mmlu_pro_test_08269,1,0.73507,2
mmlu_pro,qwen3-4b,mmlu_pro_test_09488,0,0.511102,2
mmlu_pro,qwen3-4b,mmlu_pro_test_01019,0,0.466788,5
mmlu_pro,qwen3-4b,mmlu_pro_test_06772,1,0.906941,4
mmlu_pro,qwen3-4b,mmlu_pro_test_05528,1,0.76399,3
mmlu_pro,qwen3-4b,mmlu_pro_test_01400,1,0.881721,1
mmlu_pro,qwen3-4b,mmlu_pro_test_00792,0,0.784983,5
mmlu_pro,qwen3-4b,mmlu_pro_test_09177,1,0.76253,2
mmlu_pro,qwen3-4b,mmlu_pro_test_08496,1,0.943385,2
mmlu_pro,qwen3-4b,mmlu_pro_test_06546,1,0.599386,4
mmlu_pro,qwen3-4b,mmlu_pro_test_05897,1,0.755725,3
mmlu_pro,qwen3-4b,mmlu_pro_test_11008,0,0.894379,4
mmlu_pro,qwen3-4b,mmlu_pro_test_03402,1,0.2813,1
mmlu_pro,qwen3-4b,mmlu_pro_test_03979,1,0.927865,2
mmlu_pro,qwen3-4b,mmlu_pro_test_11046,0,0.695255,3
mmlu_pro,qwen3-4b,mmlu_pro_test_09827,1,0.914384,1
mmlu_pro,qwen3-4b,mmlu_pro_test_01377,1,0.930074,3
mmlu_pro,qwen3-4b,mmlu_pro_test_04611,1,0.799195,3
mmlu_pro,qwen3-4b,mmlu_pro_test_04003,1,0.926362,1
mmlu_pro,qwen3-4b,mmlu_pro_test_09422,1,0.946199,3
mmlu_pro,qwen3-4b,mmlu_pro_test_04069,1,0.913266,1
mmlu_pro,qwen3-4b,mmlu_pro_test_00045,0,0.949953,2
mmlu_pro,qwen3-4b,mmlu_pro_test_07164,0,0.80228,1
mmlu_pro,qwen3-4b,mmlu_pro_test_09773,1,0.943409,5
mmlu_pro,qwen3-4b,mmlu_pro_test_02203,1,0.636774,2
mmlu_pro,qwen3-4b,mmlu_pro_test_09735,1,0.533781,5
mmlu_pro,qwen3-4b,mmlu_pro_test_03701,1,0.953578,5
mmlu_pro,qwen3-4b,mmlu_pro_test_05405,1,0.932239,3
mmlu_pro,qwen3-4b,mmlu_pro_test_08569,1,0.917804,3
mmlu_pro,qwen3-4b,mmlu_pro_test_03172,1,0.928941,5
mmlu_pro,qwen3-4b,mmlu_pro_test_05757,1,0.797775,3
mmlu_pro,qwen3-4b,mmlu_pro_test_06448,0,0.172967,5
mmlu_pro,qwen3-4b,mmlu_pro_test_07928,1,0.626512,2
mmlu_pro,qwen3-4b,mmlu_pro_test_10412,1,0.790532,2
mmlu_pro,qwen3-4b,mmlu_pro_test_05699,1,0.746074,5
mmlu_pro,qwen3-4b,mmlu_pro_test_02130,1,0.073625,4
mmlu_pro,qwen3-4b,mmlu_pro_test_03197,1,0.571473,3
mmlu_pro,qwen3-4b,mmlu_pro_test_02136,1,0.640493,2
mmlu_pro,qwen3-4b,mmlu_pro_test_02648,1,0.809478,4
mmlu_pro,qwen3-4b,mmlu_pro_test_05842,1,0.877726,2
mmlu_pro,qwen3-4b,mmlu_pro_test_11234,1,0.926819,4
mmlu_pro,qwen3-4b,mmlu_pro_test_08440,1,0.802854,1
mmlu_pro,qwen3-4b,mmlu_pro_test_02528,1,0.868326,5
mmlu_pro,qwen3-4b,mmlu_pro_test_03004,1,0.889541,3
mmlu_pro,qwen3-4b,mmlu_pro_test_07942,1,0.913915,3
mmlu_pro,qwen3-4b,mmlu_pro_test_03933,1,0.925181,1
mmlu_pro,qwen3-4b,mmlu_pro_test_00211,1,0.776571,5
mmlu_pro,qwen3-4b,mmlu_pro_test_10752,1,0.797194,3
mmlu_pro,qwen3-4b,mmlu_pro_test_05534,1,0.804622,3
mmlu_pro,qwen3-4b,mmlu_pro_test_07919,1,0.668529,4
mmlu_pro,qwen3-4b,mmlu_pro_test_01966,0,0.391905,1
mmlu_pro,qwen3-4b,mmlu_pro_test_11143,1,0.906702,3
mmlu_pro,qwen3-4b,mmlu_pro_test_10184,1,0.959611,2
mmlu_pro,qwen3-4b,mmlu_pro_test_05853,0,0.81773,5
mmlu_pro,qwen3-4b,mmlu_pro_test_08140,1,0.925621,5
mmlu_pro,qwen3-4b,mmlu_pro_test_01495,0,0.574618,2
mmlu_pro,qwen3-4b,mmlu_pro_test_00127,1,0.869245,2
mmlu_pro,qwen3-4b,mmlu_pro_test_05823,1,0.882018,4
mmlu_pro,qwen3-4b,mmlu_pro_test_06648,0,0.597093,1
mmlu_pro,qwen3-4b,mmlu_pro_test_02537,0,0.734261,3
mmlu_pro,qwen3-4b,mmlu_pro_test_07044,1,0.926606,1
mmlu_pro,qwen3-4b,mmlu_pro_test_05098,1,0.939459,2
mmlu_pro,qwen3-4b,mmlu_pro_test_04858,1,0.65688,3
mmlu_pro,qwen3-4b,mmlu_pro_test_04473,1,0.920027,5
mmlu_pro,qwen3-4b,mmlu_pro_test_05391,1,0.732348,5
mmlu_pro,qwen3-4b,mmlu_pro_test_08620,1,0.936143,5
mmlu_pro,qwen3-4b,mmlu_pro_test_06792,0,0.294313,1
mmlu_pro,qwen3-4b,mmlu_pro_test_05086,1,0.815469,5
mmlu_pro,qwen3-4b,mmlu_pro_test_08058,1,0.930834,4
mmlu_pro,qwen3-4b,mmlu_pro_test_02357,0,0.534595,1
mmlu_pro,qwen3-4b,mmlu_pro_test_04466,1,0.917502,5
mmlu_pro,qwen3-4b,mmlu_pro_test_09754,1,0.896897,1
mmlu_pro,qwen3-4b,mmlu_pro_test_05867,0,0.701671,4
mmlu_pro,qwen3-4b,mmlu_pro_test_07850,1,0.914588,4
mmlu_pro,qwen3-4b,mmlu_pro_test_02630,1,0.898387,1
mmlu_pro,qwen3-4b,mmlu_pro_test_08607,1,0.895612,4
mmlu_pro,qwen3-4b,mmlu_pro_test_06300,1,0.564973,5
mmlu_pro,qwen3-4b,mmlu_pro_test_07786,1,0.859937,2
mmlu_pro,qwen3-4b,mmlu_pro_test_10202,1,0.900684,1
mmlu_pro,qwen3-4b,mmlu_pro_test_01890,0,0.516884,3
mmlu_pro,qwen3-4b,mmlu_pro_test_05206,0,0.289104,3
mmlu_pro,qwen3-4b,mmlu_pro_test_00914,1,0.473631,1
mmlu_pro,qwen3-4b,mmlu_pro_test_03518,1,0.912344,2
mmlu_pro,qwen3-4b,mmlu_pro_test_07132,1,0.958768,1
mmlu_pro,qwen3-4b,mmlu_pro_test_06601,1,0.71178,1
mmlu_pro,qwen3-4b,mmlu_pro_test_07394,1,0.843337,5
mmlu_pro,qwen3-4b,mmlu_pro_test_10683,0,0.64767,5
mmlu_pro,qwen3-4b,mmlu_pro_test_09182,1,0.92303,5
mmlu_pro,qwen3-4b,mmlu_pro_test_02152,1,0.846277,3
mmlu_pro,qwen3-4b,mmlu_pro_test_07211,1,0.929326,4
mmlu_pro,qwen3-4b,mmlu_pro_test_02080,1,0.90239,3
mmlu_pro,qwen3-4b,mmlu_pro_test_10517,1,0.835052,1
mmlu_pro,qwen3-4b,mmlu_pro_test_06802,0,0.261633,5
mmlu_pro,qwen3-4b,mmlu_pro_test_06404,1,0.874131,3
mmlu_pro,qwen3-4b,mmlu_pro_test_02366,1,0.805185,4
mmlu_pro,qwen3-4b,mmlu_pro_test_02737,1,0.808645,3
mmlu_pro,qwen3-4b,mmlu_pro_test_07567,1,0.887742,1
mmlu_pro,qwen3-4b,mmlu_pro_test_05495,0,0.310952,3
mmlu_pro,qwen3-4b,mmlu_pro_test_02371,1,0.715363,3
mmlu_pro,qwen3-4b,mmlu_pro_test_02003,1,0.33618,3
mmlu_pro,qwen3-4b,mmlu_pro_test_04589,1,0.870343,1
mmlu_pro,qwen3-4b,mmlu_pro_test_01861,1,0.646586,4
mmlu_pro,qwen3-4b,mmlu_pro_test_00991,0,0.18463,1
mmlu_pro,qwen3-4b,mmlu_pro_test_06894,1,0.83793,3
mmlu_pro,qwen3-4b,mmlu_pro_test_10841,0,0.767828,1
mmlu_pro,qwen3-4b,mmlu_pro_test_06000,1,0.841835,1
mmlu_pro,qwen3-4b,mmlu_pro_test_07453,1,0.95161,2
mmlu_pro,qwen3-4b,mmlu_pro_test_06357,1,0.840002,3
mmlu_pro,qwen3-4b,mmlu_pro_test_02333,1,0.855647,1
mmlu_pro,qwen3-4b,mmlu_pro_test_09772,1,0.920681,4
mmlu_pro,qwen3-4b,mmlu_pro_test_02232,0,0.764466,2
mmlu_pro,qwen3-4b,mmlu_pro_test_08057,1,0.911517,4
mmlu_pro,qwen3-4b,mmlu_pro_test_07000,1,0.68375,2
mmlu_pro,qwen3-4b,mmlu_pro_test_03907,1,0.935414,1
mmlu_pro,qwen3-4b,mmlu_pro_test_02107,0,0.494941,5
mmlu_pro,qwen3-4b,mmlu_pro_test_08787,1,0.879424,5
mmlu_pro,qwen3-4b,mmlu_pro_test_07805,1,0.909691,5
mmlu_pro,qwen3-4b,mmlu_pro_test_05034,1,0.869014,2
mmlu_pro,qwen3-4b,mmlu_pro_test_08825,1,0.925262,2
mmlu_pro,qwen3-4b,mmlu_pro_test_02887,1,0.824821,4
mmlu_pro,qwen3-4b,mmlu_pro_test_07283,1,0.923398,4
mmlu_pro,qwen3-4b,mmlu_pro_test_10531,1,0.94581,5
mmlu_pro,qwen3-4b,mmlu_pro_test_02395,1,0.852248,5
mmlu_pro,qwen3-4b,mmlu_pro_test_05937,1,0.807521,3
mmlu_pro,qwen3-4b,mmlu_pro_test_04859,1,0.736933,4
mmlu_pro,qwen3-4b,mmlu_pro_test_08852,1,0.851175,3
mmlu_pro,qwen3-4b,mmlu_pro_test_06011,1,0.845558,1
mmlu_pro,qwen3-4b,mmlu_pro_test_01974,1,0.346425,5
mmlu_pro,qwen3-4b,mmlu_pro_test_01952,1,0.875581,2
mmlu_pro,qwen3-4b,mmlu_pro_test_06332,0,0.524951,4
mmlu_pro,qwen3-4b,mmlu_pro_test_02635,1,0.904563,5
mmlu_pro,qwen3-4b,mmlu_pro_test_00712,1,0.878213,2
mmlu_pro,qwen3-4b,mmlu_pro_test_10743,1,0.808427,3
mmlu_pro,qwen3-4b,mmlu_pro_test_08477,1,0.912866,2
mmlu_pro,qwen3-4b,mmlu_pro_test_02993,1,0.270757,5
mmlu_pro,qwen3-4b,mmlu_pro_test_00670,1,0.913728,4
mmlu_pro,qwen3-4b,mmlu_pro_test_07469,1,0.809227,4
mmlu_pro,qwen3-4b,mmlu_pro_test_10157,0,0.553656,1
mmlu_pro,qwen3-4b,mmlu_pro_test_00055,0,0.490005,2
mmlu_pro,qwen3-4b,mmlu_pro_test_02795,1,0.593999,4
mmlu_pro,qwen3-4b,mmlu_pro_test_06138,0,0.70144,5
mmlu_pro,qwen3-4b,mmlu_pro_test_10870,0,0.223755,4
mmlu_pro,qwen3-4b,mmlu_pro_test_04614,0,0.862075,5
mmlu_pro,qwen3-4b,mmlu_pro_test_05338,1,0.601506,5
mmlu_pro,qwen3-4b,mmlu_pro_test_05627,0,0.4077,5
mmlu_pro,qwen3-4b,mmlu_pro_test_04829,1,0.44667,2
mmlu_pro,qwen3-4b,mmlu_pro_test_11045,0,0.829134,2
mmlu_pro,qwen3-4b,mmlu_pro_test_07607,1,0.907363,5
mmlu_pro,qwen3-4b,mmlu_pro_test_08245,1,0.944119,5
mmlu_pro,qwen3-4b,mmlu_pro_test_03633,1,0.914971,3
mmlu_pro,qwen3-4b,mmlu_pro_test_01057,1,0.541161,5
mmlu_pro,qwen3-4b,mmlu_pro_test_10060,1,0.885228,4
mmlu_pro,qwen3-4b,mmlu_pro_test_00929,0,0.641557,2
mmlu_pro,qwen3-4b,mmlu_pro_test_02272,1,0.891008,1
mmlu_pro,qwen3-4b,mmlu_pro_test_08065,1,0.916669,4
mmlu_pro,qwen3-4b,mmlu_pro_test_07856,1,0.929176,5
mmlu_pro,qwen3-4b,mmlu_pro_test_08178,1,0.925672,5
mmlu_pro,qwen3-4b,mmlu_pro_test_01910,1,0.885239,1
mmlu_pro,qwen3-4b,mmlu_pro_test_07470,1,0.692084,2
mmlu_pro,qwen3-4b,mmlu_pro_test_10867,0,0.633472,3
mmlu_pro,qwen3-4b,mmlu_pro_test_05244,1,0.225507,4
mmlu_pro,qwen3-4b,mmlu_pro_test_06944,0,0.280176,2
mmlu_pro,qwen3-4b,mmlu_pro_test_03299,1,0.886345,2
mmlu_pro,qwen3-4b,mmlu_pro_test_06282,1,0.12068,2
mmlu_pro,qwen3-4b,mmlu_pro_test_07764,1,0.821574,1
mmlu_pro,qwen3-4b,mmlu_pro_test_11014,1,0.822565,2
mmlu_pro,qwen3-4b,mmlu_pro_test_04212,1,0.932065,4
mmlu_pro,qwen3-4b,mmlu_pro_test_03338,1,0.856892,2
mmlu_pro,qwen3-4b,mmlu_pro_test_03154,1,0.887145,2
mmlu_pro,qwen3-4b,mmlu_pro_test_09253,1,0.947871,5
mmlu_pro,qwen3-4b,mmlu_pro_test_03542,1,0.933944,5
mmlu_pro,qwen3-4b,mmlu_pro_test_04277,1,0.946399,5
mmlu_pro,qwen3-4b,mmlu_pro_test_04168,1,0.942789,5
mmlu_pro,qwen3-4b,mmlu_pro_test_06896,1,0.887498,1
mmlu_pro,qwen3-4b,mmlu_pro_test_02667,1,0.850839,2
mmlu_pro,qwen3-4b,mmlu_pro_test_05954,0,0.598344,5
mmlu_pro,qwen3-4b,mmlu_pro_test_01957,0,0.610342,2
mmlu_pro,qwen3-4b,mmlu_pro_test_00723,1,0.941038,1
mmlu_pro,qwen3-4b,mmlu_pro_test_05089,1,0.651282,5
mmlu_pro,qwen3-4b,mmlu_pro_test_05701,0,0.342979,2
mmlu_pro,qwen3-4b,mmlu_pro_test_01840,0,0.83433,3
mmlu_pro,qwen3-4b,mmlu_pro_test_01016,1,0.781518,2
mmlu_pro,qwen3-4b,mmlu_pro_test_10643,1,0.90986,3
mmlu_pro,qwen3-4b,mmlu_pro_test_00847,1,0.624207,3
mmlu_pro,qwen3-4b,mmlu_pro_test_06564,0,0.761884,1
mmlu_pro,qwen3-4b,mmlu_pro_test_00290,0,0.515716,2
mmlu_pro,qwen3-4b,mmlu_pro_test_05652,0,0.651039,5
mmlu_pro,qwen3-4b,mmlu_pro_test_03553,1,0.913225,5
mmlu_pro,qwen3-4b,mmlu_pro_test_07409,0,0.532456,4
mmlu_pro,qwen3-4b,mmlu_pro_test_02082,0,0.34005,2
mmlu_pro,qwen3-4b,mmlu_pro_test_04529,1,0.945297,5
mmlu_pro,qwen3-4b,mmlu_pro_test_00835,0,0.827714,5
mmlu_pro,qwen3-4b,mmlu_pro_test_00148,1,0.87362,4
mmlu_pro,qwen3-4b,mmlu_pro_test_01955,1,0.858321,1
mmlu_pro,qwen3-4b,mmlu_pro_test_07553,1,0.809465,2
mmlu_pro,qwen3-4b,mmlu_pro_test_02680,1,0.857875,5
mmlu_pro,qwen3-4b,mmlu_pro_test_05719,1,0.422572,5
mmlu_pro,qwen3-4b,mmlu_pro_test_05964,1,0.784729,5
mmlu_pro,qwen3-4b,mmlu_pro_test_03334,1,0.918827,3
mmlu_pro,qwen3-4b,mmlu_pro_test_09455,1,0.898859,1
mmlu_pro,qwen3-4b,mmlu_pro_test_07687,1,0.970115,3
mmlu_pro,qwen3-4b,mmlu_pro_test_02685,1,0.840658,5
mmlu_pro,qwen3-4b,mmlu_pro_test_03660,1,0.940538,4
mmlu_pro,qwen3-4b,mmlu_pro_test_00679,1,0.832872,2
mmlu_pro,qwen3-4b,mmlu_pro_test_03095,1,0.831673,4
mmlu_pro,qwen3-4b,mmlu_pro_test_01253,1,0.403495,5
mmlu_pro,qwen3-4b,mmlu_pro_test_04551,0,0.875803,5
mmlu_pro,qwen3-4b,mmlu_pro_test_03358,1,0.782714,5
mmlu_pro,qwen3-4b,mmlu_pro_test_04484,1,0.87976,5
mmlu_pro,qwen3-4b,mmlu_pro_test_06597,1,0.757506,3
mmlu_pro,qwen3-4b,mmlu_pro_test_07171,1,0.769998,2
mmlu_pro,qwen3-4b,mmlu_pro_test_10561,1,0.945849,4
mmlu_pro,qwen3-4b,mmlu_pro_test_10161,1,0.919869,4
mmlu_pro,qwen3-4b,mmlu_pro_test_10710,0,0.281805,1
mmlu_pro,qwen3-4b,mmlu_pro_test_10933,0,0.114707,2
mmlu_pro,qwen3-4b,mmlu_pro_test_02554,1,0.888558,1
mmlu_pro,qwen3-4b,mmlu_pro_test_00063,1,0.426138,2
mmlu_pro,qwen3-4b,mmlu_pro_test_05917,1,0.87284,4
mmlu_pro,qwen3-4b,mmlu_pro_test_04862,1,0.802508,4
mmlu_pro,qwen3-4b,mmlu_pro_test_02974,1,0.767252,5
mmlu_pro,qwen3-4b,mmlu_pro_test_00389,1,0.783017,3
mmlu_pro,qwen3-4b,mmlu_pro_test_08290,1,0.898401,2
mmlu_pro,qwen3-4b,mmlu_pro_test_10405,1,0.921265,4
mmlu_pro,qwen3-4b,mmlu_pro_test_06039,0,0.645469,5
mmlu_pro,qwen3-4b,mmlu_pro_test_03468,1,0.920266,5
mmlu_pro,qwen3-4b,mmlu_pro_test_05836,0,0.869463,4
mmlu_pro,qwen3-4b,mmlu_pro_test_01171,0,0.275264,5
mmlu_pro,qwen3-4b,mmlu_pro_test_03828,1,0.885235,2
mmlu_pro,qwen3-4b,mmlu_pro_test_02519,0,0.440287,3
mmlu_pro,qwen3-4b,mmlu_pro_test_05468,1,0.701511,5
mmlu_pro,qwen3-4b,mmlu_pro_test_02351,0,0.662602,3
mmlu_pro,qwen3-4b,mmlu_pro_test_05903,0,0.338663,4
mmlu_pro,qwen3-4b,mmlu_pro_test_08359,1,0.930857,4
mmlu_pro,qwen3-4b,mmlu_pro_test_07824,1,0.653771,5
mmlu_pro,qwen3-4b,mmlu_pro_test_02611,0,0.620423,3
mmlu_pro,qwen3-4b,mmlu_pro_test_05402,1,0.431094,4
mmlu_pro,qwen3-4b,mmlu_pro_test_10603,1,0.828609,5
mmlu_pro,qwen3-4b,mmlu_pro_test_08635,1,0.894098,3
mmlu_pro,qwen3-4b,mmlu_pro_test_03332,1,0.869879,2
mmlu_pro,qwen3-4b,mmlu_pro_test_02894,1,0.875548,3
mmlu_pro,qwen3-4b,mmlu_pro_test_05078,0,0.261799,3
mmlu_pro,qwen3-4b,mmlu_pro_test_08752,1,0.911632,4
mmlu_pro,qwen3-4b,mmlu_pro_test_06796,1,0.264752,5
mmlu_pro,qwen3-4b,mmlu_pro_test_03599,1,0.931323,3
mmlu_pro,qwen3-4b,mmlu_pro_test_00760,1,0.912831,2
mmlu_pro,qwen3-4b,mmlu_pro_test_04202,1,0.903995,2
mmlu_pro,qwen3-4b,mmlu_pro_test_08495,1,0.949563,2
mmlu_pro,qwen3-4b,mmlu_pro_test_03209,1,0.965757,2
mmlu_pro,qwen3-4b,mmlu_pro_test_00615,1,0.759883,5
mmlu_pro,qwen3-4b,mmlu_pro_test_05705,0,0.805907,4
mmlu_pro,qwen3-4b,mmlu_pro_test_07399,1,0.776049,2
mmlu_pro,qwen3-4b,mmlu_pro_test_06998,1,0.864976,3
mmlu_pro,qwen3-4b,mmlu_pro_test_09958,1,0.702116,3
mmlu_pro,qwen3-4b,mmlu_pro_test_08469,1,0.776582,4
mmlu_pro,qwen3-4b,mmlu_pro_test_01148,1,0.415731,2
mmlu_pro,qwen3-4b,mmlu_pro_test_05569,1,0.93266,2
mmlu_pro,qwen3-4b,mmlu_pro_test_06040,0,0.363764,5
mmlu_pro,qwen3-4b,mmlu_pro_test_07001,0,0.420863,1
mmlu_pro,qwen3-4b,mmlu_pro_test_02051,1,0.543492,2
mmlu_pro,qwen3-4b,mmlu_pro_test_08106,1,0.91427,5
mmlu_pro,qwen3-4b,mmlu_pro_test_09610,1,0.928948,3
mmlu_pro,qwen3-4b,mmlu_pro_test_05537,1,0.835205,4
mmlu_pro,qwen3-4b,mmlu_pro_test_01333,0,0.672535,2
mmlu_pro,qwen3-4b,mmlu_pro_test_03392,1,0.931929,1
mmlu_pro,qwen3-4b,mmlu_pro_test_05891,1,0.582204,2
mmlu_pro,qwen3-4b,mmlu_pro_test_09680,1,0.92643,4
mmlu_pro,qwen3-4b,mmlu_pro_test_07864,1,0.930315,4
mmlu_pro,qwen3-4b,mmlu_pro_test_10359,0,0.452836,3
mmlu_pro,qwen3-4b,mmlu_pro_test_09116,1,0.909009,3
mmlu_pro,qwen3-4b,mmlu_pro_test_03160,1,0.934197,3
mmlu_pro,qwen3-4b,mmlu_pro_test_05953,0,0.473908,1
mmlu_pro,qwen3-4b,mmlu_pro_test_06665,1,0.879116,1
mmlu_pro,qwen3-4b,mmlu_pro_test_00951,0,0.586161,3
mmlu_pro,qwen3-4b,mmlu_pro_test_01147,1,0.433494,5
mmlu_pro,qwen3-4b,mmlu_pro_test_02100,0,0.397197,5
mmlu_pro,qwen3-4b,mmlu_pro_test_03168,1,0.881353,1
mmlu_pro,qwen3-4b,mmlu_pro_test_07754,1,0.628275,5
mmlu_pro,qwen3-4b,mmlu_pro_test_08358,1,0.912974,4
mmlu_pro,qwen3-4b,mmlu_pro_test_03016,1,0.728445,4
mmlu_pro,qwen3-4b,mmlu_pro_test_10309,1,0.924203,5
mmlu_pro,qwen3-4b,mmlu_pro_test_03865,1,0.858404,3
mmlu_pro,qwen3-4b,mmlu_pro_test_02632,1,0.836328,5
mmlu_pro,qwen3-4b,mmlu_pro_test_00249,1,0.927648,5
mmlu_pro,qwen3-4b,mmlu_pro_test_10219,1,0.829728,2
mmlu_pro,qwen3-4b,mmlu_pro_test_06629,0,0.579708,3
mmlu_pro,qwen3-4b,mmlu_pro_test_01963,1,0.846593,3
mmlu_pro,qwen3-4b,mmlu_pro_test_02633,1,0.865434,5
mmlu_pro,qwen3-4b,mmlu_pro_test_02873,1,0.894531,4
trivia_qa,qwen3-4b,trivia_qa_validation_01109,1,0.771424,5
trivia_qa,qwen3-4b,trivia_qa_validation_03794,1,0.722648,5
trivia_qa,qwen3-4b,trivia_qa_validation_17430,1,0.428262,2
trivia_qa,qwen3-4b,trivia_qa_validation_04391,1,0.150068,1
trivia_qa,qwen3-4b,trivia_qa_validation_02655,0,0.745731,3
trivia_qa,qwen3-4b,trivia_qa_validation_00167,0,0.628262,3
trivia_qa,qwen3-4b,trivia_qa_validation_13407,0,0.095499,4
trivia_qa,qwen3-4b,trivia_qa_validation_07784,0,0.532677,4
trivia_qa,qwen3-4b,trivia_qa_validation_02331,0,0.619166,3
trivia_qa,qwen3-4b,trivia_qa_validation_12374,0,0.578317,1
trivia_qa,qwen3-4b,trivia_qa_validation_04621,0,0.752444,4
trivia_qa,qwen3-4b,trivia_qa_validation_08546,0,0.211804,3
trivia_qa,qwen3-4b,trivia_qa_validation_14149,1,0.724927,5
trivia_qa,qwen3-4b,trivia_qa_validation_16107,0,0.491842,2
trivia_qa,qwen3-4b,trivia_qa_validation_15389,0,0.090593,1
trivia_qa,qwen3-4b,trivia_qa_validation_04524,0,0.390988,5
trivia_qa,qwen3-4b,trivia_qa_validation_07587,0,0.45497,5
trivia_qa,qwen3-4b,trivia_qa_validation_17249,1,0.848048,2
trivia_qa,qwen3-4b,trivia_qa_validation_03990,1,0.766336,4
trivia_qa,qwen3-4b,trivia_qa_validation_07948,0,0.022341,4
trivia_qa,qwen3-4b,trivia_qa_validation_03732,1,0.345616,5
trivia_qa,qwen3-4b,trivia_qa_validation_11906,1,0.635358,3
trivia_qa,qwen3-4b,trivia_qa_validation_17663,0,0.126578,2
trivia_qa,qwen3-4b,trivia_qa_validation_14175,0,0.305652,3
trivia_qa,qwen3-4b,trivia_qa_validation_11569,0,0.11324,1
trivia_qa,qwen3-4b,trivia_qa_validation_11279,1,0.70353,4
trivia_qa,qwen3-4b,trivia_qa_validation_07694,1,0.606511,2
trivia_qa,qwen3-4b,trivia_qa_validation_10119,1,0.547091,5
trivia_qa,qwen3-4b,trivia_qa_validation_13020,1,0.824466,1
trivia_qa,qwen3-4b,trivia_qa_validation_07528,0,0.656918,2
trivia_qa,qwen3-4b,trivia_qa_validation_06018,1,0.8537,2
trivia_qa,qwen3-4b,trivia_qa_validation_14924,0,0.300487,4
trivia_qa,qwen3-4b,trivia_qa_validation_07120,1,0.839106,4
trivia_qa,qwen3-4b,trivia_qa_validation_02562,1,0.51932,2
trivia_qa,qwen3-4b,trivia_qa_validation_04299,0,0.606411,1
trivia_qa,qwen3-4b,trivia_qa_validation_11200,0,0.170695,5
trivia_qa,qwen3-4b,trivia_qa_validation_12688,1,0.65303,3
trivia_qa,qwen3-4b,trivia_qa_validation_09855,1,0.678803,1
trivia_qa,qwen3-4b,trivia_qa_validation_05061,1,0.639341,1
trivia_qa,qwen3-4b,trivia_qa_validation_12868,1,0.561601,1
trivia_qa,qwen3-4b,trivia_qa_validation_05181,0,0.220339,4
trivia_qa,qwen3-4b,trivia_qa_validation_11411,0,0.782939,4
trivia_qa,qwen3-4b,trivia_qa_validation_16167,0,0.123802,5
trivia_qa,qwen3-4b,trivia_qa_validation_07276,1,0.278801,1
trivia_qa,qwen3-4b,trivia_qa_validation_06309,1,0.772085,1
trivia_qa,qwen3-4b,trivia_qa_validation_02388,0,0.423662,2
trivia_qa,qwen3-4b,trivia_qa_validation_11514,0,0.015359,3
trivia_qa,qwen3-4b,trivia_qa_validation_17551,1,0.442143,5
trivia_qa,qwen3-4b,trivia_qa_validation_06082,0,0.06446,4
trivia_qa,qwen3-4b,trivia_qa_validation_06331,0,0.370949,3
trivia_qa,qwen3-4b,trivia_qa_validation_01768,1,0.779511,1
trivia_qa,qwen3-4b,trivia_qa_validation_07828,0,0.203689,4
trivia_qa,qwen3-4b,trivia_qa_validation_00707,1,0.733406,2
trivia_qa,qwen3-4b,trivia_qa_validation_10470,0,0.549536,4
trivia_qa,qwen3-4b,trivia_qa_validation_09051,0,0.314598,3
trivia_qa,qwen3-4b,trivia_qa_validation_01134,1,0.709751,5
trivia_qa,qwen3-4b,trivia_qa_validation_07057,0,0.089703,5
trivia_qa,qwen3-4b,trivia_qa_validation_15086,1,0.67053,5
trivia_qa,qwen3-4b,trivia_qa_validation_06856,0,0.484503,2
trivia_qa,qwen3-4b,trivia_qa_validation_00992,1,0.80656,4
trivia_qa,qwen3-4b,trivia_qa_validation_08306,0,0.63163,1
trivia_qa,qwen3-4b,trivia_qa_validation_15787,1,0.805042,2
trivia_qa,qwen3-4b,trivia_qa_validation_08600,1,0.260362,3
trivia_qa,qwen3-4b,trivia_qa_validation_12223,0,0.76892,2
trivia_qa,qwen3-4b,trivia_qa_validation_10288,1,0.725961,3
trivia_qa,qwen3-4b,trivia_qa_validation_04138,1,0.789278,4
trivia_qa,qwen3-4b,trivia_qa_validation_05974,0,0.690995,3
trivia_qa,qwen3-4b,trivia_qa_validation_09595,1,0.75468,4
trivia_qa,qwen3-4b,trivia_qa_validation_14968,1,0.792668,2
trivia_qa,qwen3-4b,trivia_qa_validation_07189,1,0.571262,1
trivia_qa,qwen3-4b,trivia_qa_validation_17148,0,0.442155,2
trivia_qa,qwen3-4b,trivia_qa_validation_08616,1,0.761078,4
trivia_qa,qwen3-4b,trivia_qa_validation_10437,1,0.587169,5
trivia_qa,qwen3-4b,trivia_qa_validation_01348,1,0.416485,5
trivia_qa,qwen3-4b,trivia_qa_validation_05378,0,0.351525,1
trivia_qa,qwen3-4b,trivia_qa_validation_04789,1,0.447266,1
trivia_qa,qwen3-4b,trivia_qa_validation_08505,0,0.236055,4
trivia_qa,qwen3-4b,trivia_qa_validation_14168,0,0.117233,2
trivia_qa,qwen3-4b,trivia_qa_validation_06174,1,0.823438,5
trivia_qa,qwen3-4b,trivia_qa_validation_06963,0,0.34378,1
trivia_qa,qwen3-4b,trivia_qa_validation_03853,1,0.675514,5
trivia_qa,qwen3-4b,trivia_qa_validation_15639,0,0.298447,3
trivia_qa,qwen3-4b,trivia_qa_validation_06651,1,0.387232,2
trivia_qa,qwen3-4b,trivia_qa_validation_13081,0,0.270966,4
trivia_qa,qwen3-4b,trivia_qa_validation_03557,1,0.756942,1
trivia_qa,qwen3-4b,trivia_qa_validation_02866,1,0.773074,3
trivia_qa,qwen3-4b,trivia_qa_validation_01079,0,0.007834,4
trivia_qa,qwen3-4b,trivia_qa_validation_07959,0,0.318958,3
trivia_qa,qwen3-4b,trivia_qa_validation_01227,1,0.631454,5
trivia_qa,qwen3-4b,trivia_qa_validation_09862,0,0.131979,3
trivia_qa,qwen3-4b,trivia_qa_validation_07086,1,0.743527,4
trivia_qa,qwen3-4b,trivia_qa_validation_07099,1,0.579467,3
trivia_qa,qwen3-4b,trivia_qa_validation_03628,0,0.198649,5
trivia_qa,qwen3-4b,trivia_qa_validation_00007,0,0.275243,1
trivia_qa,qwen3-4b,trivia_qa_validation_11597,0,0.593441,1
trivia_qa,qwen3-4b,trivia_qa_validation_17346,1,0.395601,3
trivia_qa,qwen3-4b,trivia_qa_validation_07893,1,0.634969,5
trivia_qa,qwen3-4b,trivia_qa_validation_16320,0,0.556246,2
trivia_qa,qwen3-4b,trivia_qa_validation_07580,0,0.331053,4
trivia_qa,qwen3-4b,trivia_qa_validation_05626,0,0.435058,3
trivia_qa,qwen3-4b,trivia_qa_validation_14109,1,0.74126,1
trivia_qa,qwen3-4b,trivia_qa_validation_13294,0,0.226831,5
trivia_qa,qwen3-4b,trivia_qa_validation_16883,1,0.81245,1
trivia_qa,qwen3-4b,trivia_qa_validation_14588,0,0.793351,5
trivia_qa,qwen3-4b,trivia_qa_validation_00556,0,0.092657,2
trivia_qa,qwen3-4b,trivia_qa_validation_06013,0,0.179154,5
trivia_qa,qwen3-4b,trivia_qa_validation_13577,1,0.588651,3
trivia_qa,qwen3-4b,trivia_qa_validation_17892,1,0.755573,4
trivia_qa,qwen3-4b,trivia_qa_validation_16619,1,0.891214,1
trivia_qa,qwen3-4b,trivia_qa_validation_16346,1,0.695868,4
trivia_qa,qwen3-4b,trivia_qa_validation_17493,0,0.204216,1
trivia_qa,qwen3-4b,trivia_qa_validation_06472,1,0.766533,1
trivia_qa,qwen3-4b,trivia_qa_validation_12409,0,0.033389,2
trivia_qa,qwen3-4b,trivia_qa_validation_13085,1,0.182315,5
trivia_qa,qwen3-4b,trivia_qa_validation_13882,0,0.614351,4
trivia_qa,qwen3-4b,trivia_qa_validation_02030,0,0.042638,1
trivia_qa,qwen3-4b,trivia_qa_validation_02558,0,0.44475,4
trivia_qa,qwen3-4b,trivia_qa_validation_09754,1,0.62446,1
trivia_qa,qwen3-4b,trivia_qa_validation_05365,0,0.042811,4
trivia_qa,qwen3-4b,trivia_qa_validation_03930,0,0.292023,4
trivia_qa,qwen3-4b,trivia_qa_validation_17373,0,0.055348,2
trivia_qa,qwen3-4b,trivia_qa_validation_00354,0,0.498218,3
trivia_qa,qwen3-4b,trivia_qa_validation_14823,1,0.4781,2
trivia_qa,qwen3-4b,trivia_qa_validation_11064,0,0.045833,2
trivia_qa,qwen3-4b,trivia_qa_validation_14595,1,0.585035,3
trivia_qa,qwen3-4b,trivia_qa_validation_00743,1,0.31363,1
trivia_qa,qwen3-4b,trivia_qa_validation_02892,1,0.67638,1
trivia_qa,qwen3-4b,trivia_qa_validation_17899,1,0.249999,4
trivia_qa,qwen3-4b,trivia_qa_validation_10125,1,0.785547,4
trivia_qa,qwen3-4b,trivia_qa_validation_11686,1,0.786921,1
trivia_qa,qwen3-4b,trivia_qa_validation_16317,1,0.81294,4
trivia_qa,qwen3-4b,trivia_qa_validation_12332,0,0.819486,1
trivia_qa,qwen3-4b,trivia_qa_validation_03235,0,0.656196,4
trivia_qa,qwen3-4b,trivia_qa_validation_15146,1,0.799728,5
trivia_qa,qwen3-4b,trivia_qa_validation_07402,1,0.693335,5
trivia_qa,qwen3-4b,trivia_qa_validation_01772,1,0.699492,4
trivia_qa,qwen3-4b,trivia_qa_validation_04069,1,0.85452,2
trivia_qa,qwen3-4b,trivia_qa_validation_11524,0,0.006018,4
trivia_qa,qwen3-4b,trivia_qa_validation_17778,0,0.759036,5
trivia_qa,qwen3-4b,trivia_qa_validation_04834,1,0.733034,5
trivia_qa,qwen3-4b,trivia_qa_validation_03380,1,0.684711,1
trivia_qa,qwen3-4b,trivia_qa_validation_13761,1,0.681784,4
trivia_qa,qwen3-4b,trivia_qa_validation_07059,0,0.643151,4
trivia_qa,qwen3-4b,trivia_qa_validation_00437,1,0.725961,3
trivia_qa,qwen3-4b,trivia_qa_validation_04003,0,0.545871,3
trivia_qa,qwen3-4b,trivia_qa_validation_02667,0,0.532936,1
trivia_qa,qwen3-4b,trivia_qa_validation_04104,1,0.73765,5
trivia_qa,qwen3-4b,trivia_qa_validation_16915,0,0.065135,1
trivia_qa,qwen3-4b,trivia_qa_validation_10323,0,0.62787,2
trivia_qa,qwen3-4b,trivia_qa_validation_12112,0,0.873617,4
trivia_qa,qwen3-4b,trivia_qa_validation_17283,1,0.392191,1
trivia_qa,qwen3-4b,trivia_qa_validation_02696,1,0.666917,2
trivia_qa,qwen3-4b,trivia_qa_validation_01826,0,0.61151,2
trivia_qa,qwen3-4b,trivia_qa_validation_10310,0,0.085476,5
trivia_qa,qwen3-4b,trivia_qa_validation_02645,0,0.634968,2
trivia_qa,qwen3-4b,trivia_qa_validation_11547,1,0.781685,2
trivia_qa,qwen3-4b,trivia_qa_validation_15114,0,0.192462,4
trivia_qa,qwen3-4b,trivia_qa_validation_14340,0,0.402836,3
trivia_qa,qwen3-4b,trivia_qa_validation_00285,0,0.03824,1
trivia_qa,qwen3-4b,trivia_qa_validation_14573,1,0.480894,5
trivia_qa,qwen3-4b,trivia_qa_validation_07158,0,0.828903,1
trivia_qa,qwen3-4b,trivia_qa_validation_07315,1,0.452745,3
trivia_qa,qwen3-4b,trivia_qa_validation_07320,1,0.543948,2
trivia_qa,qwen3-4b,trivia_qa_validation_13922,1,0.694721,4
trivia_qa,qwen3-4b,trivia_qa_validation_11533,1,0.683301,1
trivia_qa,qwen3-4b,trivia_qa_validation_09351,0,0.43842,4
trivia_qa,qwen3-4b,trivia_qa_validation_14521,1,0.479528,1
trivia_qa,qwen3-4b,trivia_qa_validation_05091,1,0.380891,3
trivia_qa,qwen3-4b,trivia_qa_validation_14753,1,0.42903,5
trivia_qa,qwen3-4b,trivia_qa_validation_02624,0,0.06505,2
trivia_qa,qwen3-4b,trivia_qa_validation_01668,1,0.796469,5
trivia_qa,qwen3-4b,trivia_qa_validation_01359,1,0.135921,4
trivia_qa,qwen3-4b,trivia_qa_validation_04596,1,0.738137,1
trivia_qa,qwen3-4b,trivia_qa_validation_17637,1,0.70734,2
trivia_qa,qwen3-4b,trivia_qa_validation_17819,1,0.680659,1
trivia_qa,qwen3-4b,trivia_qa_validation_07547,0,0.340083,2
trivia_qa,qwen3-4b,trivia_qa_validation_08170,1,0.784053,1
trivia_qa,qwen3-4b,trivia_qa_validation_06812,0,0.251632,1
trivia_qa,qwen3-4b,trivia_qa_validation_08506,0,0.373608,5
trivia_qa,qwen3-4b,trivia_qa_validation_11081,1,0.740881,1
trivia_qa,qwen3-4b,trivia_qa_validation_12656,1,0.756232,2
trivia_qa,qwen3-4b,trivia_qa_validation_07327,1,0.550926,3
trivia_qa,qwen3-4b,trivia_qa_validation_17516,0,0.010735,4
trivia_qa,qwen3-4b,trivia_qa_validation_07022,1,0.564732,1
trivia_qa,qwen3-4b,trivia_qa_validation_04357,1,0.644884,1
trivia_qa,qwen3-4b,trivia_qa_validation_14731,0,0.535146,1
trivia_qa,qwen3-4b,trivia_qa_validation_10475,0,0.607947,2
trivia_qa,qwen3-4b,trivia_qa_validation_17744,1,0.255872,4
trivia_qa,qwen3-4b,trivia_qa_validation_01812,1,0.706766,5
trivia_qa,qwen3-4b,trivia_qa_validation_16058,1,0.357908,5
trivia_qa,qwen3-4b,trivia_qa_validation_02111,0,0.218818,3
trivia_qa,qwen3-4b,trivia_qa_validation_00115,0,0.474488,4
trivia_qa,qwen3-4b,trivia_qa_validation_12647,1,0.053782,4
trivia_qa,qwen3-4b,trivia_qa_validation_05643,1,0.463621,2
trivia_qa,qwen3-4b,trivia_qa_validation_16766,1,0.05234,5
trivia_qa,qwen3-4b,trivia_qa_validation_14883,0,0.090779,5
trivia_qa,qwen3-4b,trivia_qa_validation_08242,0,0.374294,1
trivia_qa,qwen3-4b,trivia_qa_validation_13284,0,0.351808,5
trivia_qa,qwen3-4b,trivia_qa_validation_16699,0,0.194457,2
trivia_qa,qwen3-4b,trivia_qa_validation_09986,0,0.693952,3
trivia_qa,qwen3-4b,trivia_qa_validation_01836,1,0.640475,4
trivia_qa,qwen3-4b,trivia_qa_validation_07897,0,0.52468,4
trivia_qa,qwen3-4b,trivia_qa_validation_00593,1,0.376403,2
trivia_qa,qwen3-4b,trivia_qa_validation_02317,1,0.840916,3
trivia_qa,qwen3-4b,trivia_qa_validation_10344,0,0.337173,3
trivia_qa,qwen3-4b,trivia_qa_validation_03416,1,0.404339,3
trivia_qa,qwen3-4b,trivia_qa_validation_16755,0,0.337282,3
trivia_qa,qwen3-4b,trivia_qa_validation_00178,0,0.618923,2
trivia_qa,qwen3-4b,trivia_qa_validation_16919,1,0.481268,2
trivia_qa,qwen3-4b,trivia_qa_validation_03355,0,0.209062,2
trivia_qa,qwen3-4b,trivia_qa_validation_05462,0,0.019902,3
trivia_qa,qwen3-4b,trivia_qa_validation_05589,1,0.343451,5
trivia_qa,qwen3-4b,trivia_qa_validation_05583,0,0.662547,5
trivia_qa,qwen3-4b,trivia_qa_validation_12465,1,0.703144,1
trivia_qa,qwen3-4b,trivia_qa_validation_03861,0,0.091358,3
trivia_qa,qwen3-4b,trivia_qa_validation_15751,1,0.607067,1
trivia_qa,qwen3-4b,trivia_qa_validation_15744,0,0.774202,2
trivia_qa,qwen3-4b,trivia_qa_validation_01891,1,0.054818,4
trivia_qa,qwen3-4b,trivia_qa_validation_15454,0,0.093494,5
trivia_qa,qwen3-4b,trivia_qa_validation_13058,0,0.475861,2
trivia_qa,qwen3-4b,trivia_qa_validation_13834,0,0.481275,1
trivia_qa,qwen3-4b,trivia_qa_validation_10481,0,0.103035,3
trivia_qa,qwen3-4b,trivia_qa_validation_04100,1,0.737057,4
trivia_qa,qwen3-4b,trivia_qa_validation_13536,1,0.760417,5
trivia_qa,qwen3-4b,trivia_qa_validation_04424,1,0.797769,4
trivia_qa,qwen3-4b,trivia_qa_validation_12939,0,0.579646,2
trivia_qa,qwen3-4b,trivia_qa_validation_07416,1,0.638722,1
trivia_qa,qwen3-4b,trivia_qa_validation_02273,0,0.486003,3
trivia_qa,qwen3-4b,trivia_qa_validation_09192,0,0.322473,3
trivia_qa,qwen3-4b,trivia_qa_validation_14424,1,0.645992,5
trivia_qa,qwen3-4b,trivia_qa_validation_04291,0,0.048451,5
trivia_qa,qwen3-4b,trivia_qa_validation_16467,0,0.645124,1
trivia_qa,qwen3-4b,trivia_qa_validation_00715,0,0.268689,4
trivia_qa,qwen3-4b,trivia_qa_validation_00283,1,0.879875,2
trivia_qa,qwen3-4b,trivia_qa_validation_02416,0,0.550542,2
trivia_qa,qwen3-4b,trivia_qa_validation_00270,1,0.961474,4
trivia_qa,qwen3-4b,trivia_qa_validation_12272,0,0.702773,3
trivia_qa,qwen3-4b,trivia_qa_validation_10201,0,0.584558,1
trivia_qa,qwen3-4b,trivia_qa_validation_08707,0,0.83715,5
trivia_qa,qwen3-4b,trivia_qa_validation_10204,0,0.642774,3
trivia_qa,qwen3-4b,trivia_qa_validation_04236,0,0.135666,4
trivia_qa,qwen3-4b,trivia_qa_validation_00545,0,0.539393,4
trivia_qa,qwen3-4b,trivia_qa_validation_13981,1,0.704939,1
trivia_qa,qwen3-4b,trivia_qa_validation_06747,0,0.416306,5
trivia_qa,qwen3-4b,trivia_qa_validation_09686,1,0.299922,1
trivia_qa,qwen3-4b,trivia_qa_validation_11251,1,0.689353,2
trivia_qa,qwen3-4b,trivia_qa_validation_15865,1,0.534123,1
trivia_qa,qwen3-4b,trivia_qa_validation_12733,1,0.607006,3
trivia_qa,qwen3-4b,trivia_qa_validation_16908,0,0.424017,1
trivia_qa,qwen3-4b,trivia_qa_validation_09434,0,0.181787,3
trivia_qa,qwen3-4b,trivia_qa_validation_04837,1,0.495131,3
trivia_qa,qwen3-4b,trivia_qa_validation_15515,1,0.572256,4
trivia_qa,qwen3-4b,trivia_qa_validation_16047,0,0.85515,2
trivia_qa,qwen3-4b,trivia_qa_validation_04863,1,0.707571,1
trivia_qa,qwen3-4b,trivia_qa_validation_14642,0,0.308946,3
trivia_qa,qwen3-4b,trivia_qa_validation_16744,1,0.603682,2
trivia_qa,qwen3-4b,trivia_qa_validation_01288,1,0.669128,4
trivia_qa,qwen3-4b,trivia_qa_validation_15941,1,0.809118,3
trivia_qa,qwen3-4b,trivia_qa_validation_14754,0,0.518399,3
trivia_qa,qwen3-4b,trivia_qa_validation_06632,1,0.7416,1
trivia_qa,qwen3-4b,trivia_qa_validation_09573,1,0.436568,4
trivia_qa,qwen3-4b,trivia_qa_validation_02737,1,0.706874,4
trivia_qa,qwen3-4b,trivia_qa_validation_00636,1,0.55884,1
trivia_qa,qwen3-4b,trivia_qa_validation_02472,0,0.724965,4
trivia_qa,qwen3-4b,trivia_qa_validation_08712,1,0.607214,1
trivia_qa,qwen3-4b,trivia_qa_validation_04202,1,0.823436,5
trivia_qa,qwen3-4b,trivia_qa_validation_12330,1,0.235779,2
trivia_qa,qwen3-4b,trivia_qa_validation_17220,0,0.64024,4
trivia_qa,qwen3-4b,trivia_qa_validation_06955,0,0.124953,4
trivia_qa,qwen3-4b,trivia_qa_validation_15566,0,0.236605,1
trivia_qa,qwen3-4b,trivia_qa_validation_10936,1,0.717042,3
trivia_qa,qwen3-4b,trivia_qa_validation_02186,0,0.260397,4
trivia_qa,qwen3-4b,trivia_qa_validation_10355,0,0.635339,3
trivia_qa,qwen3-4b,trivia_qa_validation_06069,1,0.60451,5
trivia_qa,qwen3-4b,trivia_qa_validation_04587,1,0.865118,2
trivia_qa,qwen3-4b,trivia_qa_validation_11038,1,0.3891,2
trivia_qa,qwen3-4b,trivia_qa_validation_00722,1,0.809465,5
trivia_qa,qwen3-4b,trivia_qa_validation_10575,0,0.54832,2
trivia_qa,qwen3-4b,trivia_qa_validation_14394,1,0.601695,2
trivia_qa,qwen3-4b,trivia_qa_validation_14904,1,0.726282,4
trivia_qa,qwen3-4b,trivia_qa_validation_17874,1,0.759645,4
trivia_qa,qwen3-4b,trivia_qa_validation_04795,0,0.62964,4
trivia_qa,qwen3-4b,trivia_qa_validation_10105,0,0.032868,1
trivia_qa,qwen3-4b,trivia_qa_validation_05520,0,0.07442,2
trivia_qa,qwen3-4b,trivia_qa_validation_03711,0,0.297664,5
trivia_qa,qwen3-4b,trivia_qa_validation_11604,0,0.125009,1
trivia_qa,qwen3-4b,trivia_qa_validation_13932,1,0.091677,2
trivia_qa,qwen3-4b,trivia_qa_validation_04772,0,0.571253,2
trivia_qa,qwen3-4b,trivia_qa_validation_12312,1,0.823808,2
trivia_qa,qwen3-4b,trivia_qa_validation_00143,0,0.204298,4
trivia_qa,qwen3-4b,trivia_qa_validation_05430,1,0.362016,5
trivia_qa,qwen3-4b,trivia_qa_validation_07902,0,0.060608,3
trivia_qa,qwen3-4b,trivia_qa_validation_02704,0,0.745622,2
trivia_qa,qwen3-4b,trivia_qa_validation_03370,1,0.721448,2
trivia_qa,qwen3-4b,trivia_qa_validation_09132,0,0.305849,2
trivia_qa,qwen3-4b,trivia_qa_validation_10486,1,0.617161,5
trivia_qa,qwen3-4b,trivia_qa_validation_05398,0,0.386643,4
trivia_qa,qwen3-4b,trivia_qa_validation_14741,1,0.331381,5
trivia_qa,qwen3-4b,trivia_qa_validation_00484,1,0.441799,2
trivia_qa,qwen3-4b,trivia_qa_validation_02728,0,0.81517,2
trivia_qa,qwen3-4b,trivia_qa_validation_06667,0,0.282962,4
trivia_qa,qwen3-4b,trivia_qa_validation_02265,0,0.621491,5
trivia_qa,qwen3-4b,trivia_qa_validation_00148,1,0.60511,3
trivia_qa,qwen3-4b,trivia_qa_validation_14527,0,0.069295,1
trivia_qa,qwen3-4b,trivia_qa_validation_04829,1,0.458016,2
trivia_qa,qwen3-4b,trivia_qa_validation_14601,0,0.316441,2
trivia_qa,qwen3-4b,trivia_qa_validation_07232,0,0.729291,4
trivia_qa,qwen3-4b,trivia_qa_validation_03932,0,0.59783,3
trivia_qa,qwen3-4b,trivia_qa_validation_05092,0,0.64158,5
trivia_qa,qwen3-4b,trivia_qa_validation_07151,1,0.43422,3
trivia_qa,qwen3-4b,trivia_qa_validation_04086,1,0.581829,2
trivia_qa,qwen3-4b,trivia_qa_validation_15597,0,0.283588,5
trivia_qa,qwen3-4b,trivia_qa_validation_04148,1,0.496648,5
trivia_qa,qwen3-4b,trivia_qa_validation_02766,1,0.519036,2
trivia_qa,qwen3-4b,trivia_qa_validation_07242,1,0.125466,5
trivia_qa,qwen3-4b,trivia_qa_validation_00160,0,0.366306,1
trivia_qa,qwen3-4b,trivia_qa_validation_08757,1,0.775164,3
trivia_qa,qwen3-4b,trivia_qa_validation_15944,1,0.695417,1
trivia_qa,qwen3-4b,trivia_qa_validation_03325,1,0.44045,3
trivia_qa,qwen3-4b,trivia_qa_validation_03466,0,0.893104,5
trivia_qa,qwen3-4b,trivia_qa_validation_04152,0,0.709421,3
trivia_qa,qwen3-4b,trivia_qa_validation_08334,0,0.352423,1
trivia_qa,qwen3-4b,trivia_qa_validation_02300,1,0.446939,3
trivia_qa,qwen3-4b,trivia_qa_validation_08500,0,0.041376,1
trivia_qa,qwen3-4b,trivia_qa_validation_12394,1,0.457483,1
trivia_qa,qwen3-4b,trivia_qa_validation_03713,1,0.92682,5
trivia_qa,qwen3-4b,trivia_qa_validation_11027,0,0.755818,2
trivia_qa,qwen3-4b,trivia_qa_validation_08979,0,0.333791,5
trivia_qa,qwen3-4b,trivia_qa_validation_06209,1,0.067776,4
trivia_qa,qwen3-4b,trivia_qa_validation_16056,0,0.584589,1
trivia_qa,qwen3-4b,trivia_qa_validation_09720,1,0.490255,5
trivia_qa,qwen3-4b,trivia_qa_validation_16784,1,0.633716,2
trivia_qa,qwen3-4b,trivia_qa_validation_03661,0,0.348842,3
trivia_qa,qwen3-4b,trivia_qa_validation_17758,1,0.810057,3
trivia_qa,qwen3-4b,trivia_qa_validation_11813,0,0.046791,2
trivia_qa,qwen3-4b,trivia_qa_validation_11982,1,0.82685,3
trivia_qa,qwen3-4b,trivia_qa_validation_13147,1,0.540362,5
trivia_qa,qwen3-4b,trivia_qa_validation_03883,1,0.547176,4
trivia_qa,qwen3-4b,trivia_qa_validation_00710,1,0.379325,3
trivia_qa,qwen3-4b,trivia_qa_validation_01443,1,0.08577,4
trivia_qa,qwen3-4b,trivia_qa_validation_02550,1,0.598087,5
trivia_qa,qwen3-4b,trivia_qa_validation_00348,0,0.236917,1
trivia_qa,qwen3-4b,trivia_qa_validation_05540,1,0.910278,5
trivia_qa,qwen3-4b,trivia_qa_validation_17936,0,0.312664,4
trivia_qa,qwen3-4b,trivia_qa_validation_04756,1,0.706455,4
trivia_qa,qwen3-4b,trivia_qa_validation_01754,1,0.623032,1
trivia_qa,qwen3-4b,trivia_qa_validation_00420,1,0.645626,2
trivia_qa,qwen3-4b,trivia_qa_validation_01711,1,0.749229,5
trivia_qa,qwen3-4b,trivia_qa_validation_13181,0,0.42836,3
trivia_qa,qwen3-4b,trivia_qa_validation_15521,1,0.518454,3
trivia_qa,qwen3-4b,trivia_qa_validation_11277,0,0.441525,1
trivia_qa,qwen3-4b,trivia_qa_validation_03142,1,0.698879,3
trivia_qa,qwen3-4b,trivia_qa_validation_04364,1,0.463996,5
trivia_qa,qwen3-4b,trivia_qa_validation_03140,1,0.818394,1
trivia_qa,qwen3-4b,trivia_qa_validation_06689,0,0.613979,4
trivia_qa,qwen3-4b,trivia_qa_validation_15502,1,0.681975,2
trivia_qa,qwen3-4b,trivia_qa_validation_14235,1,0.585582,3
trivia_qa,qwen3-4b,trivia_qa_validation_00418,0,0.046102,5
trivia_qa,qwen3-4b,trivia_qa_validation_14036,0,0.409901,5
trivia_qa,qwen3-4b,trivia_qa_validation_12824,0,0.587789,3
trivia_qa,qwen3-4b,trivia_qa_validation_00649,0,0.529274,3
trivia_qa,qwen3-4b,trivia_qa_validation_08477,0,0.067171,5
trivia_qa,qwen3-4b,trivia_qa_validation_05433,0,0.055518,5
trivia_qa,qwen3-4b,trivia_qa_validation_15011,0,0.63599,1
trivia_qa,qwen3-4b,trivia_qa_validation_02765,0,0.558299,1
trivia_qa,qwen3-4b,trivia_qa_validation_11178,0,0.405473,3
trivia_qa,qwen3-4b,trivia_qa_validation_08194,1,0.574628,4
trivia_qa,qwen3-4b,trivia_qa_validation_13169,1,0.523639,1
trivia_qa,qwen3-4b,trivia_qa_validation_12626,0,0.209062,2
trivia_qa,qwen3-4b,trivia_qa_validation_09431,0,0.329426,4
trivia_qa,qwen3-4b,trivia_qa_validation_00109,0,0.372642,5
trivia_qa,qwen3-4b,trivia_qa_validation_08678,1,0.862268,4
trivia_qa,qwen3-4b,trivia_qa_validation_06127,1,0.617951,5
trivia_qa,qwen3-4b,trivia_qa_validation_13219,0,0.704168,2
trivia_qa,qwen3-4b,trivia_qa_validation_04599,0,0.402354,5
trivia_qa,qwen3-4b,trivia_qa_validation_01994,0,0.179597,3
trivia_qa,qwen3-4b,trivia_qa_validation_12224,1,0.810123,2
trivia_qa,qwen3-4b,trivia_qa_validation_15179,0,0.320044,1
trivia_qa,qwen3-4b,trivia_qa_validation_07641,0,0.059532,1
trivia_qa,qwen3-4b,trivia_qa_validation_02282,1,0.249558,2
trivia_qa,qwen3-4b,trivia_qa_validation_04513,1,0.674518,2
trivia_qa,qwen3-4b,trivia_qa_validation_01366,0,0.392699,5
trivia_qa,qwen3-4b,trivia_qa_validation_07458,0,0.401002,1
trivia_qa,qwen3-4b,trivia_qa_validation_01883,1,0.675956,3
trivia_qa,qwen3-4b,trivia_qa_validation_14255,1,0.648352,1
trivia_qa,qwen3-4b,trivia_qa_validation_00591,0,0.502974,1
trivia_qa,qwen3-4b,trivia_qa_validation_10818,1,0.554429,3
trivia_qa,qwen3-4b,trivia_qa_validation_13177,1,0.827219,2
trivia_qa,qwen3-4b,trivia_qa_validation_08933,0,0.461745,1
trivia_qa,qwen3-4b,trivia_qa_validation_16046,1,0.583743,1
trivia_qa,qwen3-4b,trivia_qa_validation_11077,0,0.302033,1
trivia_qa,qwen3-4b,trivia_qa_validation_16190,0,0.167887,4
trivia_qa,qwen3-4b,trivia_qa_validation_16727,1,0.552019,1
trivia_qa,qwen3-4b,trivia_qa_validation_14999,0,0.061982,4
trivia_qa,qwen3-4b,trivia_qa_validation_01906,0,0.411897,5
trivia_qa,qwen3-4b,trivia_qa_validation_14350,1,0.794873,4
trivia_qa,qwen3-4b,trivia_qa_validation_13361,1,0.632363,2
trivia_qa,qwen3-4b,trivia_qa_validation_08206,0,0.505269,3
trivia_qa,qwen3-4b,trivia_qa_validation_06733,1,0.101949,5
trivia_qa,qwen3-4b,trivia_qa_validation_10955,1,0.744558,4
trivia_qa,qwen3-4b,trivia_qa_validation_03780,1,0.722175,3
trivia_qa,qwen3-4b,trivia_qa_validation_03600,1,0.426502,5
trivia_qa,qwen3-4b,trivia_qa_validation_13199,1,0.548996,5
trivia_qa,qwen3-4b,trivia_qa_validation_00375,1,0.545856,3
trivia_qa,qwen3-4b,trivia_qa_validation_03752,1,0.9067,3
trivia_qa,qwen3-4b,trivia_qa_validation_10641,0,0.696522,5
trivia_qa,qwen3-4b,trivia_qa_validation_06744,1,0.724482,1
trivia_qa,qwen3-4b,trivia_qa_validation_01081,1,0.585887,3
trivia_qa,qwen3-4b,trivia_qa_validation_10157,0,0.377103,2
trivia_qa,qwen3-4b,trivia_qa_validation_03172,1,0.935885,2
trivia_qa,qwen3-4b,trivia_qa_validation_17673,1,0.651539,3
trivia_qa,qwen3-4b,trivia_qa_validation_14895,0,0.705054,4
trivia_qa,qwen3-4b,trivia_qa_validation_00064,1,0.510852,2
trivia_qa,qwen3-4b,trivia_qa_validation_00787,1,0.688,1
trivia_qa,qwen3-4b,trivia_qa_validation_08496,0,0.782727,4
trivia_qa,qwen3-4b,trivia_qa_validation_06234,0,0.042416,1
trivia_qa,qwen3-4b,trivia_qa_validation_00277,1,0.699097,2
trivia_qa,qwen3-4b,trivia_qa_validation_04031,0,0.521765,1
trivia_qa,qwen3-4b,trivia_qa_validation_04619,1,0.299879,5
trivia_qa,qwen3-4b,trivia_qa_validation_09944,0,0.710136,5
trivia_qa,qwen3-4b,trivia_qa_validation_10365,1,0.571544,1
trivia_qa,qwen3-4b,trivia_qa_validation_04211,1,0.712608,3
trivia_qa,qwen3-4b,trivia_qa_validation_01224,1,0.58805,2
trivia_qa,qwen3-4b,trivia_qa_validation_00412,0,0.420557,4
trivia_qa,qwen3-4b,trivia_qa_validation_08936,0,0.476416,2
trivia_qa,qwen3-4b,trivia_qa_validation_12470,1,0.651197,4
trivia_qa,qwen3-4b,trivia_qa_validation_13149,0,0.329383,3
trivia_qa,qwen3-4b,trivia_qa_validation_12901,0,0.265478,3
trivia_qa,qwen3-4b,trivia_qa_validation_00716,1,0.810362,2
trivia_qa,qwen3-4b,trivia_qa_validation_00608,0,0.566127,5
trivia_qa,qwen3-4b,trivia_qa_validation_13701,1,0.666399,2
trivia_qa,qwen3-4b,trivia_qa_validation_08925,0,0.377096,1
trivia_qa,qwen3-4b,trivia_qa_validation_04562,1,0.717551,4
trivia_qa,qwen3-4b,trivia_qa_validation_09516,1,0.384159,4
trivia_qa,qwen3-4b,trivia_qa_validation_02833,1,0.754917,3
trivia_qa,qwen3-4b,trivia_qa_validation_00073,0,0.447038,3
trivia_qa,qwen3-4b,trivia_qa_validation_02820,0,0.155587,5
trivia_qa,qwen3-4b,trivia_qa_validation_07941,1,0.736167,2
trivia_qa,qwen3-4b,trivia_qa_validation_00450,0,0.498803,1
trivia_qa,qwen3-4b,trivia_qa_validation_12257,1,0.425862,4
trivia_qa,qwen3-4b,trivia_qa_validation_11885,0,0.01879,4
trivia_qa,qwen3-4b,trivia_qa_validation_09049,0,0.074805,2
trivia_qa,qwen3-4b,trivia_qa_validation_15912,0,0.572322,3
trivia_qa,qwen3-4b,trivia_qa_validation_05976,0,0.414137,3
trivia_qa,qwen3-4b,trivia_qa_validation_12227,1,0.758932,1
trivia_qa,qwen3-4b,trivia_qa_validation_07174,0,0.627348,2
trivia_qa,qwen3-4b,trivia_qa_validation_15395,1,0.371556,1
trivia_qa,qwen3-4b,trivia_qa_validation_12988,1,0.685858,1
trivia_qa,qwen3-4b,trivia_qa_validation_02995,1,0.917857,2
trivia_qa,qwen3-4b,trivia_qa_validation_00899,0,0.630799,3
trivia_qa,qwen3-4b,trivia_qa_validation_09891,1,0.733035,2
trivia_qa,qwen3-4b,trivia_qa_validation_17099,0,0.048034,4
trivia_qa,qwen3-4b,trivia_qa_validation_16828,1,0.506919,3
trivia_qa,qwen3-4b,trivia_qa_validation_00780,1,0.552646,3
trivia_qa,qwen3-4b,trivia_qa_validation_10939,1,0.67427,3
trivia_qa,qwen3-4b,trivia_qa_validation_00686,1,0.500467,1
trivia_qa,qwen3-4b,trivia_qa_validation_11066,1,0.471629,3
trivia_qa,qwen3-4b,trivia_qa_validation_12757,0,0.57221,3
trivia_qa,qwen3-4b,trivia_qa_validation_12617,1,0.739543,4
trivia_qa,qwen3-4b,trivia_qa_validation_10158,0,0.576719,2
trivia_qa,qwen3-4b,trivia_qa_validation_10368,0,0.423438,5
trivia_qa,qwen3-4b,trivia_qa_validation_13479,1,0.322483,3
trivia_qa,qwen3-4b,trivia_qa_validation_09320,1,0.832076,4
trivia_qa,qwen3-4b,trivia_qa_validation_14646,1,0.088281,4
trivia_qa,qwen3-4b,trivia_qa_validation_01563,1,0.632098,4
trivia_qa,qwen3-4b,trivia_qa_validation_15635,0,0.292394,1
trivia_qa,qwen3-4b,trivia_qa_validation_07741,0,0.099096,5
trivia_qa,qwen3-4b,trivia_qa_validation_16493,0,0.544178,4
trivia_qa,qwen3-4b,trivia_qa_validation_11201,0,0.363267,1
trivia_qa,qwen3-4b,trivia_qa_validation_10438,1,0.868689,5
trivia_qa,qwen3-4b,trivia_qa_validation_05441,1,0.538901,2
trivia_qa,qwen3-4b,trivia_qa_validation_07101,1,0.530415,2
trivia_qa,qwen3-4b,trivia_qa_validation_01851,0,0.697375,5
trivia_qa,qwen3-4b,trivia_qa_validation_09161,0,0.646289,1
trivia_qa,qwen3-4b,trivia_qa_validation_10402,0,0.387387,4
trivia_qa,qwen3-4b,trivia_qa_validation_08645,1,0.392619,4
trivia_qa,qwen3-4b,trivia_qa_validation_12847,0,0.723134,5
trivia_qa,qwen3-4b,trivia_qa_validation_11922,0,0.791114,5
trivia_qa,qwen3-4b,trivia_qa_validation_08999,0,0.033103,5
trivia_qa,qwen3-4b,trivia_qa_validation_03131,0,0.520355,1
trivia_qa,qwen3-4b,trivia_qa_validation_09993,1,0.573905,5
trivia_qa,qwen3-4b,trivia_qa_validation_07344,1,0.555774,3
trivia_qa,qwen3-4b,trivia_qa_validation_08688,0,0.150712,4
trivia_qa,qwen3-4b,trivia_qa_validation_15804,1,0.657619,3
trivia_qa,qwen3-4b,trivia_qa_validation_17889,1,0.812612,1
trivia_qa,qwen3-4b,trivia_qa_validation_06663,0,0.534407,1
trivia_qa,qwen3-4b,trivia_qa_validation_03344,1,0.735703,5
trivia_qa,qwen3-4b,trivia_qa_validation_10198,0,0.348183,5
trivia_qa,qwen3-4b,trivia_qa_validation_06826,1,0.55604,3
trivia_qa,qwen3-4b,trivia_qa_validation_03353,0,0.080108,2
trivia_qa,qwen3-4b,trivia_qa_validation_14067,1,0.777204,2
trivia_qa,qwen3-4b,trivia_qa_validation_10370,0,0.476567,4
trivia_qa,qwen3-4b,trivia_qa_validation_14262,1,0.684816,5
trivia_qa,qwen3-4b,trivia_qa_validation_14825,1,0.881158,5
trivia_qa,qwen3-4b,trivia_qa_validation_05264,0,0.758175,5
trivia_qa,qwen3-4b,trivia_qa_validation_02283,1,0.841449,5
trivia_qa,qwen3-4b,trivia_qa_validation_15256,1,0.740777,5
trivia_qa,qwen3-4b,trivia_qa_validation_06451,1,0.537461,5
trivia_qa,qwen3-4b,trivia_qa_validation_10680,1,0.602905,4
trivia_qa,qwen3-4b,trivia_qa_validation_04779,1,0.748764,3
trivia_qa,qwen3-4b,trivia_qa_validation_06577,0,0.211111,2
trivia_qa,qwen3-4b,trivia_qa_validation_14376,0,0.529967,3
trivia_qa,qwen3-4b,trivia_qa_validation_03459,1,0.77811,4
trivia_qa,qwen3-4b,trivia_qa_validation_05100,0,0.337418,5
trivia_qa,qwen3-4b,trivia_qa_validation_04197,0,0.172268,4
trivia_qa,qwen3-4b,trivia_qa_validation_02484,1,0.74577,2
trivia_qa,qwen3-4b,trivia_qa_validation_00400,0,0.735777,4
trivia_qa,qwen3-4b,trivia_qa_validation_15338,0,0.49305,5
trivia_qa,qwen3-4b,trivia_qa_validation_08919,0,0.402616,3
trivia_qa,qwen3-4b,trivia_qa_validation_03947,0,0.592166,5
trivia_qa,qwen3-4b,trivia_qa_validation_08119,0,0.326475,5
trivia_qa,qwen3-4b,trivia_qa_validation_04464,0,0.771027,4
trivia_qa,qwen3-4b,trivia_qa_validation_09553,1,0.758164,2
trivia_qa,qwen3-4b,trivia_qa_validation_14537,0,0.271381,1
trivia_qa,qwen3-4b,trivia_qa_validation_14480,0,0.451635,2
trivia_qa,qwen3-4b,trivia_qa_validation_14210,0,0.840619,1
trivia_qa,qwen3-4b,trivia_qa_validation_14435,1,0.385512,4
trivia_qa,qwen3-4b,trivia_qa_validation_06231,0,0.077818,5
trivia_qa,qwen3-4b,trivia_qa_validation_01155,1,0.193048,5
trivia_qa,qwen3-4b,trivia_qa_validation_05645,0,0.441471,5
trivia_qa,qwen3-4b,trivia_qa_validation_12517,1,0.607345,4
trivia_qa,qwen3-4b,trivia_qa_validation_00610,0,0.230436,2
trivia_qa,qwen3-4b,trivia_qa_validation_00452,1,0.855681,5
trivia_qa,qwen3-4b,trivia_qa_validation_07470,0,0.812143,2
trivia_qa,qwen3-4b,trivia_qa_validation_16340,0,0.524774,1
trivia_qa,qwen3-4b,trivia_qa_validation_12679,0,0.044421,4
trivia_qa,qwen3-4b,trivia_qa_validation_12764,0,0.018066,5
trivia_qa,qwen3-4b,trivia_qa_validation_04640,1,0.366153,4
trivia_qa,qwen3-4b,trivia_qa_validation_02844,1,0.50491,3
trivia_qa,qwen3-4b,trivia_qa_validation_09230,1,0.830725,4
trivia_qa,qwen3-4b,trivia_qa_validation_06552,0,0.248383,1
trivia_qa,qwen3-4b,trivia_qa_validation_06454,0,0.637882,5
trivia_qa,qwen3-4b,trivia_qa_validation_02183,0,0.020822,5
trivia_qa,qwen3-4b,trivia_qa_validation_14637,1,0.813861,2
trivia_qa,qwen3-4b,trivia_qa_validation_14365,0,0.194582,5
trivia_qa,qwen3-4b,trivia_qa_validation_05184,1,0.582106,2
trivia_qa,qwen3-4b,trivia_qa_validation_03696,1,0.759046,3
trivia_qa,qwen3-4b,trivia_qa_validation_09642,1,0.731144,3
trivia_qa,qwen3-4b,trivia_qa_validation_15552,0,0.133387,3
trivia_qa,qwen3-4b,trivia_qa_validation_17529,0,0.70841,4
trivia_qa,qwen3-4b,trivia_qa_validation_11432,1,0.558293,3
trivia_qa,qwen3-4b,trivia_qa_validation_00088,1,0.378315,2
trivia_qa,qwen3-4b,trivia_qa_validation_05568,0,0.370345,3
trivia_qa,qwen3-4b,trivia_qa_validation_05297,0,0.51235,3
trivia_qa,qwen3-4b,trivia_qa_validation_05647,0,0.45285,1
trivia_qa,qwen3-4b,trivia_qa_validation_04428,0,0.787958,2
trivia_qa,qwen3-4b,trivia_qa_validation_15982,1,0.626264,2
trivia_qa,qwen3-4b,trivia_qa_validation_01628,1,0.578936,3
trivia_qa,qwen3-4b,trivia_qa_validation_06553,0,0.655939,5
trivia_qa,qwen3-4b,trivia_qa_validation_16893,0,0.407455,5
trivia_qa,qwen3-4b,trivia_qa_validation_12938,0,0.592699,4
trivia_qa,qwen3-4b,trivia_qa_validation_12748,1,0.501277,5
trivia_qa,qwen3-4b,trivia_qa_validation_04674,0,0.366853,5
trivia_qa,qwen3-4b,trivia_qa_validation_00758,0,0.471499,4
trivia_qa,qwen3-4b,trivia_qa_validation_06687,1,0.748101,4
trivia_qa,qwen3-4b,trivia_qa_validation_17653,1,0.7897,2
trivia_qa,qwen3-4b,trivia_qa_validation_00839,1,0.857976,5
trivia_qa,qwen3-4b,trivia_qa_validation_15618,1,0.736321,2
trivia_qa,qwen3-4b,trivia_qa_validation_17514,1,0.696068,4
trivia_qa,qwen3-4b,trivia_qa_validation_09712,0,0.195837,2
trivia_qa,qwen3-4b,trivia_qa_validation_06599,0,0.632964,2
trivia_qa,qwen3-4b,trivia_qa_validation_13957,1,0.81361,4
trivia_qa,qwen3-4b,trivia_qa_validation_09104,0,0.398821,3
trivia_qa,qwen3-4b,trivia_qa_validation_15841,1,0.341214,2
trivia_qa,qwen3-4b,trivia_qa_validation_12985,0,0.700501,4
trivia_qa,qwen3-4b,trivia_qa_validation_16562,1,0.397078,4
trivia_qa,qwen3-4b,trivia_qa_validation_12540,0,0.387475,1
trivia_qa,qwen3-4b,trivia_qa_validation_17711,1,0.777181,1
trivia_qa,qwen3-4b,trivia_qa_validation_02769,1,0.732709,5
trivia_qa,qwen3-4b,trivia_qa_validation_03117,0,0.471566,2
trivia_qa,qwen3-4b,trivia_qa_validation_06956,0,0.345032,1
trivia_qa,qwen3-4b,trivia_qa_validation_10036,0,0.438446,4
trivia_qa,qwen3-4b,trivia_qa_validation_17234,1,0.76546,1
trivia_qa,qwen3-4b,trivia_qa_validation_17834,0,0.019539,5
trivia_qa,qwen3-4b,trivia_qa_validation_11451,0,0.105543,5
trivia_qa,qwen3-4b,trivia_qa_validation_07698,0,0.068001,4
trivia_qa,qwen3-4b,trivia_qa_validation_06495,0,0.328578,2
trivia_qa,qwen3-4b,trivia_qa_validation_02834,1,0.717364,4
trivia_qa,qwen3-4b,trivia_qa_validation_13215,1,0.558822,1
trivia_qa,qwen3-4b,trivia_qa_validation_09253,0,0.087459,2
trivia_qa,qwen3-4b,trivia_qa_validation_03995,1,0.57226,3
trivia_qa,qwen3-4b,trivia_qa_validation_06321,0,0.357209,4
trivia_qa,qwen3-4b,trivia_qa_validation_09116,0,0.233477,4
trivia_qa,qwen3-4b,trivia_qa_validation_00264,1,0.574154,3
trivia_qa,qwen3-4b,trivia_qa_validation_07058,0,0.349848,3
trivia_qa,qwen3-4b,trivia_qa_validation_05423,1,0.594994,2
trivia_qa,qwen3-4b,trivia_qa_validation_08007,0,0.374037,1
trivia_qa,qwen3-4b,trivia_qa_validation_17843,1,0.655127,1
trivia_qa,qwen3-4b,trivia_qa_validation_12090,0,0.335889,2
trivia_qa,qwen3-4b,trivia_qa_validation_00957,1,0.806069,1
trivia_qa,qwen3-4b,trivia_qa_validation_05479,0,0.314454,2
trivia_qa,qwen3-4b,trivia_qa_validation_09597,1,0.174625,1
trivia_qa,qwen3-4b,trivia_qa_validation_08330,0,0.107478,3
trivia_qa,qwen3-4b,trivia_qa_validation_14621,0,0.0712,3
trivia_qa,qwen3-4b,trivia_qa_validation_11057,0,0.092752,1
trivia_qa,qwen3-4b,trivia_qa_validation_04630,0,0.18194,4
trivia_qa,qwen3-4b,trivia_qa_validation_12501,1,0.53921,2
trivia_qa,qwen3-4b,trivia_qa_validation_17026,0,0.028451,2
trivia_qa,qwen3-4b,trivia_qa_validation_00046,0,0.613344,4
trivia_qa,qwen3-4b,trivia_qa_validation_04598,1,0.737636,2
trivia_qa,qwen3-4b,trivia_qa_validation_09123,1,0.545368,5
trivia_qa,qwen3-4b,trivia_qa_validation_14269,0,0.498922,2
trivia_qa,qwen3-4b,trivia_qa_validation_16115,0,0.509461,2
trivia_qa,qwen3-4b,trivia_qa_validation_11593,0,0.410647,2
trivia_qa,qwen3-4b,trivia_qa_validation_06890,0,0.318397,1
trivia_qa,qwen3-4b,trivia_qa_validation_16436,0,0.292055,1
trivia_qa,qwen3-4b,trivia_qa_validation_12299,1,0.72993,5
trivia_qa,qwen3-4b,trivia_qa_validation_07338,0,0.344061,3
trivia_qa,qwen3-4b,trivia_qa_validation_17206,0,0.582797,4
trivia_qa,qwen3-4b,trivia_qa_validation_00045,0,0.578134,4
trivia_qa,qwen3-4b,trivia_qa_validation_01317,0,0.474529,2
trivia_qa,qwen3-4b,trivia_qa_validation_16223,1,0.581216,3
trivia_qa,qwen3-4b,trivia_qa_validation_01824,0,0.679832,5
trivia_qa,qwen3-4b,trivia_qa_validation_15704,1,0.359506,2
trivia_qa,qwen3-4b,trivia_qa_validation_04047,0,0.240787,2
trivia_qa,qwen3-4b,trivia_qa_validation_11337,1,0.740535,1
trivia_qa,qwen3-4b,trivia_qa_validation_03987,1,0.081691,3
trivia_qa,qwen3-4b,trivia_qa_validation_07019,1,0.647795,4
trivia_qa,qwen3-4b,trivia_qa_validation_02002,0,0.071036,2
trivia_qa,qwen3-4b,trivia_qa_validation_08224,0,0.718501,1
trivia_qa,qwen3-4b,trivia_qa_validation_13481,1,0.715132,4
trivia_qa,qwen3-4b,trivia_qa_validation_14229,1,0.707248,2
trivia_qa,qwen3-4b,trivia_qa_validation_13625,0,0.633374,3
trivia_qa,qwen3-4b,trivia_qa_validation_03119,0,0.452715,5
trivia_qa,qwen3-4b,trivia_qa_validation_09634,0,0.365066,1
trivia_qa,qwen3-4b,trivia_qa_validation_08915,0,0.152674,1
trivia_qa,qwen3-4b,trivia_qa_validation_10964,1,0.624926,1
trivia_qa,qwen3-4b,trivia_qa_validation_07420,0,0.205884,4
trivia_qa,qwen3-4b,trivia_qa_validation_13542,0,0.524734,3
trivia_qa,qwen3-4b,trivia_qa_validation_11676,1,0.514628,5
trivia_qa,qwen3-4b,trivia_qa_validation_17159,0,0.091573,2
trivia_qa,qwen3-4b,trivia_qa_validation_09638,1,0.709458,3
trivia_qa,qwen3-4b,trivia_qa_validation_07495,1,0.736168,4
trivia_qa,qwen3-4b,trivia_qa_validation_09764,1,0.508922,3
trivia_qa,qwen3-4b,trivia_qa_validation_05874,0,0.184192,3
trivia_qa,qwen3-4b,trivia_qa_validation_11236,0,0.415723,3
trivia_qa,qwen3-4b,trivia_qa_validation_01707,1,0.83839,5
trivia_qa,qwen3-4b,trivia_qa_validation_03326,1,0.65249,1
trivia_qa,qwen3-4b,trivia_qa_validation_02825,1,0.736081,3
trivia_qa,qwen3-4b,trivia_qa_validation_06898,1,0.848855,5
trivia_qa,qwen3-4b,trivia_qa_validation_00574,0,0.053541,5
trivia_qa,qwen3-4b,trivia_qa_validation_08073,0,0.441325,5
trivia_qa,qwen3-4b,trivia_qa_validation_09262,0,0.279206,2
trivia_qa,qwen3-4b,trivia_qa_validation_05567,1,0.49915,2
trivia_qa,qwen3-4b,trivia_qa_validation_03670,1,0.620069,3
trivia_qa,qwen3-4b,trivia_qa_validation_15779,1,0.691467,5
trivia_qa,qwen3-4b,trivia_qa_validation_06876,1,0.689744,3
trivia_qa,qwen3-4b,trivia_qa_validation_13180,1,0.327678,2
trivia_qa,qwen3-4b,trivia_qa_validation_00954,1,0.254673,2
trivia_qa,qwen3-4b,trivia_qa_validation_04642,1,0.599687,4
trivia_qa,qwen3-4b,trivia_qa_validation_11008,0,0.644673,2
trivia_qa,qwen3-4b,trivia_qa_validation_11755,0,0.409975,4
trivia_qa,qwen3-4b,trivia_qa_validation_08976,0,0.019646,2
trivia_qa,qwen3-4b,trivia_qa_validation_05359,1,0.61606,3
trivia_qa,qwen3-4b,trivia_qa_validation_12222,0,0.499628,1
trivia_qa,qwen3-4b,trivia_qa_validation_02413,1,0.663487,1
trivia_qa,qwen3-4b,trivia_qa_validation_00559,1,0.779101,1
trivia_qa,qwen3-4b,trivia_qa_validation_11322,0,0.304249,2
trivia_qa,qwen3-4b,trivia_qa_validation_12263,0,0.601422,2
trivia_qa,qwen3-4b,trivia_qa_validation_11180,1,0.558969,1
trivia_qa,qwen3-4b,trivia_qa_validation_14609,0,0.240337,5
trivia_qa,qwen3-4b,trivia_qa_validation_16983,1,0.552894,3
trivia_qa,qwen3-4b,trivia_qa_validation_03035,0,0.743552,1
trivia_qa,qwen3-4b,trivia_qa_validation_10195,1,0.450489,4
trivia_qa,qwen3-4b,trivia_qa_validation_04029,1,0.251109,3
trivia_qa,qwen3-4b,trivia_qa_validation_04916,1,0.545339,5
trivia_qa,qwen3-4b,trivia_qa_validation_04652,1,0.584023,1
trivia_qa,qwen3-4b,trivia_qa_validation_03007,0,0.301012,5
trivia_qa,qwen3-4b,trivia_qa_validation_00968,1,0.869175,4
trivia_qa,qwen3-4b,trivia_qa_validation_06380,1,0.286624,3
trivia_qa,qwen3-4b,trivia_qa_validation_13769,1,0.585812,3
trivia_qa,qwen3-4b,trivia_qa_validation_07125,1,0.579495,4
trivia_qa,qwen3-4b,trivia_qa_validation_00810,0,0.413296,4
trivia_qa,qwen3-4b,trivia_qa_validation_04212,1,0.695335,2
trivia_qa,qwen3-4b,trivia_qa_validation_02642,1,0.852594,5
trivia_qa,qwen3-4b,trivia_qa_validation_12833,1,0.833946,2
trivia_qa,qwen3-4b,trivia_qa_validation_00192,0,0.046132,1
trivia_qa,qwen3-4b,trivia_qa_validation_16982,0,0.186705,1
trivia_qa,qwen3-4b,trivia_qa_validation_14641,0,0.549135,4
trivia_qa,qwen3-4b,trivia_qa_validation_08669,0,0.026027,5
trivia_qa,qwen3-4b,trivia_qa_validation_06037,0,0.033758,5
trivia_qa,qwen3-4b,trivia_qa_validation_15439,0,0.580916,4
trivia_qa,qwen3-4b,trivia_qa_validation_08560,0,0.479449,1
trivia_qa,qwen3-4b,trivia_qa_validation_14118,1,0.468398,1
trivia_qa,qwen3-4b,trivia_qa_validation_06569,1,0.519222,2
trivia_qa,qwen3-4b,trivia_qa_validation_13554,0,0.293325,5
trivia_qa,qwen3-4b,trivia_qa_validation_13115,1,0.404466,2
trivia_qa,qwen3-4b,trivia_qa_validation_11304,1,0.796469,5
trivia_qa,qwen3-4b,trivia_qa_validation_05519,0,0.481459,3
trivia_qa,qwen3-4b,trivia_qa_validation_03282,1,0.592215,1
trivia_qa,qwen3-4b,trivia_qa_validation_08727,0,0.092568,4
trivia_qa,qwen3-4b,trivia_qa_validation_16377,0,0.202829,3
trivia_qa,qwen3-4b,trivia_qa_validation_07969,0,0.148043,1
trivia_qa,qwen3-4b,trivia_qa_validation_06289,1,0.353314,4
trivia_qa,qwen3-4b,trivia_qa_validation_15611,0,0.466986,3
trivia_qa,qwen3-4b,trivia_qa_validation_07166,1,0.79318,5
trivia_qa,qwen3-4b,trivia_qa_validation_14389,0,0.028875,5
trivia_qa,qwen3-4b,trivia_qa_validation_05321,1,0.712364,1
trivia_qa,qwen3-4b,trivia_qa_validation_17007,1,0.844301,4
trivia_qa,qwen3-4b,trivia_qa_validation_04632,0,0.155172,5
trivia_qa,qwen3-4b,trivia_qa_validation_05991,1,0.533893,1
trivia_qa,qwen3-4b,trivia_qa_validation_00184,0,0.395876,1
trivia_qa,qwen3-4b,trivia_qa_validation_09763,1,0.646247,2
trivia_qa,qwen3-4b,trivia_qa_validation_09518,0,0.23249,3
trivia_qa,qwen3-4b,trivia_qa_validation_16639,0,0.356334,4
trivia_qa,qwen3-4b,trivia_qa_validation_09224,0,0.017521,4
trivia_qa,qwen3-4b,trivia_qa_validation_17608,0,0.214273,1
trivia_qa,qwen3-4b,trivia_qa_validation_15429,0,0.585007,1
trivia_qa,qwen3-4b,trivia_qa_validation_05586,1,0.847066,1
trivia_qa,qwen3-4b,trivia_qa_validation_10691,0,0.63273,3
trivia_qa,qwen3-4b,trivia_qa_validation_15504,1,0.629484,5
trivia_qa,qwen3-4b,trivia_qa_validation_12758,1,0.700393,5
trivia_qa,qwen3-4b,trivia_qa_validation_12705,0,0.716458,4
trivia_qa,qwen3-4b,trivia_qa_validation_03447,0,0.31355,4
trivia_qa,qwen3-4b,trivia_qa_validation_10307,0,0.640352,5
trivia_qa,qwen3-4b,trivia_qa_validation_16861,1,0.597782,3
trivia_qa,qwen3-4b,trivia_qa_validation_04311,0,0.579467,3
trivia_qa,qwen3-4b,trivia_qa_validation_01872,0,0.112143,1
trivia_qa,qwen3-4b,trivia_qa_validation_15578,1,0.465704,4
trivia_qa,qwen3-4b,trivia_qa_validation_12207,1,0.591396,5
trivia_qa,qwen3-4b,trivia_qa_validation_11540,1,0.675836,4
trivia_qa,qwen3-4b,trivia_qa_validation_14213,1,0.741494,3
trivia_qa,qwen3-4b,trivia_qa_validation_02288,0,0.58048,2
trivia_qa,qwen3-4b,trivia_qa_validation_02457,0,0.421821,5
trivia_qa,qwen3-4b,trivia_qa_validation_02449,1,0.580613,3
trivia_qa,qwen3-4b,trivia_qa_validation_10312,1,0.654723,3
trivia_qa,qwen3-4b,trivia_qa_validation_07733,0,0.028538,1
trivia_qa,qwen3-4b,trivia_qa_validation_13133,0,0.396789,3
trivia_qa,qwen3-4b,trivia_qa_validation_13478,1,0.148428,4
trivia_qa,qwen3-4b,trivia_qa_validation_12205,1,0.179438,5
trivia_qa,qwen3-4b,trivia_qa_validation_04417,1,0.638413,3
trivia_qa,qwen3-4b,trivia_qa_validation_04688,1,0.805244,5
trivia_qa,qwen3-4b,trivia_qa_validation_00576,0,0.211131,3
trivia_qa,qwen3-4b,trivia_qa_validation_01269,1,0.224654,5
trivia_qa,qwen3-4b,trivia_qa_validation_12288,0,0.490711,2
trivia_qa,qwen3-4b,trivia_qa_validation_12614,1,0.822839,4
trivia_qa,qwen3-4b,trivia_qa_validation_06335,1,0.319185,4
trivia_qa,qwen3-4b,trivia_qa_validation_09625,1,0.824716,3
trivia_qa,qwen3-4b,trivia_qa_validation_06659,0,0.454432,5
trivia_qa,qwen3-4b,trivia_qa_validation_06410,0,0.291711,5
trivia_qa,qwen3-4b,trivia_qa_validation_08319,1,0.740819,3
trivia_qa,qwen3-4b,trivia_qa_validation_13636,1,0.731125,2
trivia_qa,qwen3-4b,trivia_qa_validation_07588,1,0.39234,1
trivia_qa,qwen3-4b,trivia_qa_validation_00382,0,0.291017,1
trivia_qa,qwen3-4b,trivia_qa_validation_06409,1,0.851142,3
trivia_qa,qwen3-4b,trivia_qa_validation_08139,0,0.671715,2
trivia_qa,qwen3-4b,trivia_qa_validation_16555,1,0.638048,3
trivia_qa,qwen3-4b,trivia_qa_validation_08816,1,0.379548,4
trivia_qa,qwen3-4b,trivia_qa_validation_01660,1,0.382355,3
trivia_qa,qwen3-4b,trivia_qa_validation_06551,0,0.079431,2
trivia_qa,qwen3-4b,trivia_qa_validation_11168,0,0.470185,3
trivia_qa,qwen3-4b,trivia_qa_validation_08325,0,0.296384,3
trivia_qa,qwen3-4b,trivia_qa_validation_11958,0,0.221325,5
trivia_qa,qwen3-4b,trivia_qa_validation_02824,1,0.626637,2
trivia_qa,qwen3-4b,trivia_qa_validation_08656,1,0.287615,1
trivia_qa,qwen3-4b,trivia_qa_validation_10866,1,0.768026,1
trivia_qa,qwen3-4b,trivia_qa_validation_05539,0,0.412067,2
trivia_qa,qwen3-4b,trivia_qa_validation_09236,0,0.81658,3
trivia_qa,qwen3-4b,trivia_qa_validation_10550,0,0.331325,3
trivia_qa,qwen3-4b,trivia_qa_validation_14475,1,0.797622,5
trivia_qa,qwen3-4b,trivia_qa_validation_03911,0,0.41871,3
trivia_qa,qwen3-4b,trivia_qa_validation_01244,1,0.642562,1
trivia_qa,qwen3-4b,trivia_qa_validation_09996,1,0.498871,1
trivia_qa,qwen3-4b,trivia_qa_validation_07510,0,0.711142,5
trivia_qa,qwen3-4b,trivia_qa_validation_11128,0,0.286188,1
trivia_qa,qwen3-4b,trivia_qa_validation_05526,0,0.779782,2
trivia_qa,qwen3-4b,trivia_qa_validation_16310,1,0.392646,3
trivia_qa,qwen3-4b,trivia_qa_validation_17912,0,0.740346,4
trivia_qa,qwen3-4b,trivia_qa_validation_03045,1,0.890076,1
trivia_qa,qwen3-4b,trivia_qa_validation_01048,0,0.395151,3
trivia_qa,qwen3-4b,trivia_qa_validation_16448,0,0.138741,2
trivia_qa,qwen3-4b,trivia_qa_validation_03998,1,0.651235,3
trivia_qa,qwen3-4b,trivia_qa_validation_08162,0,0.038481,2
trivia_qa,qwen3-4b,trivia_qa_validation_01957,0,0.144289,5
trivia_qa,qwen3-4b,trivia_qa_validation_06827,0,0.65742,1
trivia_qa,qwen3-4b,trivia_qa_validation_11844,1,0.050842,5
trivia_qa,qwen3-4b,trivia_qa_validation_09774,1,0.633269,2
trivia_qa,qwen3-4b,trivia_qa_validation_14858,1,0.477278,4
trivia_qa,qwen3-4b,trivia_qa_validation_09881,1,0.875614,5
trivia_qa,qwen3-4b,trivia_qa_validation_01887,0,0.068575,3
trivia_qa,qwen3-4b,trivia_qa_validation_03596,1,0.497041,1
trivia_qa,qwen3-4b,trivia_qa_validation_17095,1,0.041411,4
trivia_qa,qwen3-4b,trivia_qa_validation_04736,1,0.807434,3
trivia_qa,qwen3-4b,trivia_qa_validation_06297,1,0.716011,3
trivia_qa,qwen3-4b,trivia_qa_validation_01243,0,0.237459,1
trivia_qa,qwen3-4b,trivia_qa_validation_03237,0,0.530034,4
trivia_qa,qwen3-4b,trivia_qa_validation_13654,0,0.094436,3
trivia_qa,qwen3-4b,trivia_qa_validation_08293,0,0.750931,1
trivia_qa,qwen3-4b,trivia_qa_validation_03167,1,0.632999,1
trivia_qa,qwen3-4b,trivia_qa_validation_07979,0,0.386857,3
trivia_qa,qwen3-4b,trivia_qa_validation_05256,0,0.333193,3
trivia_qa,qwen3-4b,trivia_qa_validation_16478,0,0.516307,5
trivia_qa,qwen3-4b,trivia_qa_validation_06008,0,0.036074,4
trivia_qa,qwen3-4b,trivia_qa_validation_01757,0,0.508821,2
trivia_qa,qwen3-4b,trivia_qa_validation_00254,0,0.662259,1
trivia_qa,qwen3-4b,trivia_qa_validation_09503,1,0.558395,4
trivia_qa,qwen3-4b,trivia_qa_validation_08256,0,0.030467,5
trivia_qa,qwen3-4b,trivia_qa_validation_00165,0,0.568686,5
trivia_qa,qwen3-4b,trivia_qa_validation_14833,1,0.582012,1
trivia_qa,qwen3-4b,trivia_qa_validation_15305,0,0.327489,1
trivia_qa,qwen3-4b,trivia_qa_validation_11739,1,0.643696,5
trivia_qa,qwen3-4b,trivia_qa_validation_14837,0,0.387952,1
trivia_qa,qwen3-4b,trivia_qa_validation_13216,1,0.823991,4
trivia_qa,qwen3-4b,trivia_qa_validation_06785,0,0.52332,4
trivia_qa,qwen3-4b,trivia_qa_validation_10282,0,0.171132,2
trivia_qa,qwen3-4b,trivia_qa_validation_05089,1,0.43648,2
trivia_qa,qwen3-4b,trivia_qa_validation_06908,0,0.450492,1
trivia_qa,qwen3-4b,trivia_qa_validation_15553,0,0.383492,4
trivia_qa,qwen3-4b,trivia_qa_validation_07316,0,0.262276,3
trivia_qa,qwen3-4b,trivia_qa_validation_09916,0,0.433889,2
trivia_qa,qwen3-4b,trivia_qa_validation_12738,0,0.597309,2
trivia_qa,qwen3-4b,trivia_qa_validation_03099,0,0.241908,1
trivia_qa,qwen3-4b,trivia_qa_validation_15150,1,0.642053,4
trivia_qa,qwen3-4b,trivia_qa_validation_10944,1,0.050212,5
trivia_qa,qwen3-4b,trivia_qa_validation_00552,0,0.089405,5
trivia_qa,qwen3-4b,trivia_qa_validation_02570,1,0.799028,2
trivia_qa,qwen3-4b,trivia_qa_validation_07163,1,0.331816,4
trivia_qa,qwen3-4b,trivia_qa_validation_00416,0,0.00499,2
trivia_qa,qwen3-4b,trivia_qa_validation_06215,1,0.919157,5
trivia_qa,qwen3-4b,trivia_qa_validation_11403,1,0.430245,4
trivia_qa,qwen3-4b,trivia_qa_validation_01583,0,0.167911,2
trivia_qa,qwen3-4b,trivia_qa_validation_07236,1,0.704575,3
trivia_qa,qwen3-4b,trivia_qa_validation_02418,0,0.075414,5
trivia_qa,qwen3-4b,trivia_qa_validation_02307,1,0.590678,1
trivia_qa,qwen3-4b,trivia_qa_validation_17862,1,0.810394,5
trivia_qa,qwen3-4b,trivia_qa_validation_03564,0,0.024276,2
trivia_qa,qwen3-4b,trivia_qa_validation_14532,0,0.83674,4
trivia_qa,qwen3-4b,trivia_qa_validation_15759,1,0.716154,1
trivia_qa,qwen3-4b,trivia_qa_validation_03231,0,0.465043,2
trivia_qa,qwen3-4b,trivia_qa_validation_08321,0,0.317009,5
trivia_qa,qwen3-4b,trivia_qa_validation_11548,0,0.278543,3
trivia_qa,qwen3-4b,trivia_qa_validation_05774,1,0.773193,2
trivia_qa,qwen3-4b,trivia_qa_validation_08244,1,0.585476,3
trivia_qa,qwen3-4b,trivia_qa_validation_05419,1,0.370731,5
trivia_qa,qwen3-4b,trivia_qa_validation_14522,1,0.585833,3
trivia_qa,qwen3-4b,trivia_qa_validation_12553,1,0.471239,2
trivia_qa,qwen3-4b,trivia_qa_validation_08926,1,0.742726,1
trivia_qa,qwen3-4b,trivia_qa_validation_15063,0,0.49931,3
trivia_qa,qwen3-4b,trivia_qa_validation_14942,0,0.701581,4
trivia_qa,qwen3-4b,trivia_qa_validation_09813,1,0.609547,1
trivia_qa,qwen3-4b,trivia_qa_validation_06729,1,0.864554,4
trivia_qa,qwen3-4b,trivia_qa_validation_04822,0,0.517238,4
trivia_qa,qwen3-4b,trivia_qa_validation_02890,1,0.615911,3
trivia_qa,qwen3-4b,trivia_qa_validation_13779,1,0.735155,3
trivia_qa,qwen3-4b,trivia_qa_validation_08187,0,0.137158,1
trivia_qa,qwen3-4b,trivia_qa_validation_14359,1,0.625307,1
trivia_qa,qwen3-4b,trivia_qa_validation_01700,0,0.35986,1
trivia_qa,qwen3-4b,trivia_qa_validation_15638,0,0.498149,5
trivia_qa,qwen3-4b,trivia_qa_validation_03362,0,0.300256,3
trivia_qa,qwen3-4b,trivia_qa_validation_04721,0,0.362814,2
trivia_qa,qwen3-4b,trivia_qa_validation_03303,0,0.161013,2
trivia_qa,qwen3-4b,trivia_qa_validation_16241,1,0.615745,4
trivia_qa,qwen3-4b,trivia_qa_validation_17918,0,0.570391,5
trivia_qa,qwen3-4b,trivia_qa_validation_15357,1,0.508972,2
trivia_qa,qwen3-4b,trivia_qa_validation_05019,0,0.578515,5
trivia_qa,qwen3-4b,trivia_qa_validation_06211,0,0.154316,3
trivia_qa,qwen3-4b,trivia_qa_validation_06435,0,0.070016,2
trivia_qa,qwen3-4b,trivia_qa_validation_11926,1,0.376524,4
trivia_qa,qwen3-4b,trivia_qa_validation_03640,1,0.695578,3
trivia_qa,qwen3-4b,trivia_qa_validation_03927,1,0.647199,5
trivia_qa,qwen3-4b,trivia_qa_validation_14928,0,0.403687,4
trivia_qa,qwen3-4b,trivia_qa_validation_12834,1,0.631622,4
trivia_qa,qwen3-4b,trivia_qa_validation_09497,1,0.853624,5
trivia_qa,qwen3-4b,trivia_qa_validation_02033,1,0.873788,4
trivia_qa,qwen3-4b,trivia_qa_validation_03233,0,0.795049,5
trivia_qa,qwen3-4b,trivia_qa_validation_10014,0,0.573214,4
trivia_qa,qwen3-4b,trivia_qa_validation_15187,0,0.065675,3
trivia_qa,qwen3-4b,trivia_qa_validation_05066,1,0.698582,3
trivia_qa,qwen3-4b,trivia_qa_validation_12559,1,0.690125,4
trivia_qa,qwen3-4b,trivia_qa_validation_06603,0,0.032246,1
trivia_qa,qwen3-4b,trivia_qa_validation_08453,1,0.692081,2
trivia_qa,qwen3-4b,trivia_qa_validation_14931,0,0.369574,3
trivia_qa,qwen3-4b,trivia_qa_validation_15106,0,0.179063,1
trivia_qa,qwen3-4b,trivia_qa_validation_08675,0,0.014411,4
trivia_qa,qwen3-4b,trivia_qa_validation_10591,0,0.171347,3
trivia_qa,qwen3-4b,trivia_qa_validation_05745,0,0.117461,3
trivia_qa,qwen3-4b,trivia_qa_validation_11173,1,0.748226,2
trivia_qa,qwen3-4b,trivia_qa_validation_00846,1,0.38282,2
trivia_qa,qwen3-4b,trivia_qa_validation_03873,1,0.756992,4
trivia_qa,qwen3-4b,trivia_qa_validation_03973,1,0.542244,2
trivia_qa,qwen3-4b,trivia_qa_validation_02775,0,0.465061,4
trivia_qa,qwen3-4b,trivia_qa_validation_05687,0,0.301339,2
trivia_qa,qwen3-4b,trivia_qa_validation_09848,1,0.748999,5
trivia_qa,qwen3-4b,trivia_qa_validation_06820,0,0.585007,1
trivia_qa,qwen3-4b,trivia_qa_validation_14907,0,0.358703,4
trivia_qa,qwen3-4b,trivia_qa_validation_08421,1,0.586512,1
trivia_qa,qwen3-4b,trivia_qa_validation_11989,1,0.116963,4
trivia_qa,qwen3-4b,trivia_qa_validation_07038,0,0.607706,5
trivia_qa,qwen3-4b,trivia_qa_validation_03319,0,0.165162,3
trivia_qa,qwen3-4b,trivia_qa_validation_02548,0,0.440814,5
trivia_qa,qwen3-4b,trivia_qa_validation_04261,1,0.719891,3
trivia_qa,qwen3-4b,trivia_qa_validation_10175,1,0.611784,2
trivia_qa,qwen3-4b,trivia_qa_validation_14853,1,0.686575,5
trivia_qa,qwen3-4b,trivia_qa_validation_07931,0,0.445379,3
trivia_qa,qwen3-4b,trivia_qa_validation_09718,1,0.563824,1
trivia_qa,qwen3-4b,trivia_qa_validation_05292,0,0.044129,5
trivia_qa,qwen3-4b,trivia_qa_validation_13456,0,0.250873,5
trivia_qa,qwen3-4b,trivia_qa_validation_09330,0,0.369004,3
trivia_qa,qwen3-4b,trivia_qa_validation_08852,0,0.568607,2
trivia_qa,qwen3-4b,trivia_qa_validation_07136,0,0.374081,1
trivia_qa,qwen3-4b,trivia_qa_validation_14543,0,0.303745,1
trivia_qa,qwen3-4b,trivia_qa_validation_12564,1,0.700089,3
trivia_qa,qwen3-4b,trivia_qa_validation_02672,1,0.070401,1
trivia_qa,qwen3-4b,trivia_qa_validation_01604,1,0.445192,2
trivia_qa,qwen3-4b,trivia_qa_validation_07684,1,0.749331,4
trivia_qa,qwen3-4b,trivia_qa_validation_01782,0,0.052726,3
trivia_qa,qwen3-4b,trivia_qa_validation_17582,0,0.359323,4
trivia_qa,qwen3-4b,trivia_qa_validation_06312,0,0.622956,2
trivia_qa,qwen3-4b,trivia_qa_validation_15880,0,0.436234,1
trivia_qa,qwen3-4b,trivia_qa_validation_11305,0,0.087585,5
trivia_qa,qwen3-4b,trivia_qa_validation_13979,1,0.671295,4
trivia_qa,qwen3-4b,trivia_qa_validation_13336,1,0.197309,5
trivia_qa,qwen3-4b,trivia_qa_validation_08509,0,0.577408,2
trivia_qa,qwen3-4b,trivia_qa_validation_13845,1,0.521149,2
trivia_qa,qwen3-4b,trivia_qa_validation_13351,0,0.843287,2
medqa,r1-distill-llama-8b,medqa_test_00990,0,0.507371,4
medqa,r1-distill-llama-8b,medqa_test_00202,0,0.558779,4
medqa,r1-distill-llama-8b,medqa_test_01258,1,0.564696,4
medqa,r1-distill-llama-8b,medqa_test_00277,1,0.514876,1
medqa,r1-distill-llama-8b,medqa_test_00015,0,0.477347,5
medqa,r1-distill-llama-8b,medqa_test_01202,1,0.599924,4
medqa,r1-distill-llama-8b,medqa_test_01027,1,0.556106,3
medqa,r1-distill-llama-8b,medqa_test_00827,1,0.462505,5
medqa,r1-distill-llama-8b,medqa_test_00681,1,0.477206,3
medqa,r1-distill-llama-8b,medqa_test_00932,0,0.611372,2
medqa,r1-distill-llama-8b,medqa_test_00387,1,0.552634,2
medqa,r1-distill-llama-8b,medqa_test_00235,1,0.659456,3
medqa,r1-distill-llama-8b,medqa_test_00066,0,0.622076,1
medqa,r1-distill-llama-8b,medqa_test_00347,1,0.690712,2
medqa,r1-distill-llama-8b,medqa_test_01121,0,0.26659,2
medqa,r1-distill-llama-8b,medqa_test_00376,1,0.374978,2
medqa,r1-distill-llama-8b,medqa_test_00035,1,0.677344,2
medqa,r1-distill-llama-8b,medqa_test_01145,1,0.629926,1
medqa,r1-distill-llama-8b,medqa_test_00950,0,0.565278,5
medqa,r1-distill-llama-8b,medqa_test_00825,1,0.573339,3
medqa,r1-distill-llama-8b,medqa_test_01030,0,0.365638,2
medqa,r1-distill-llama-8b,medqa_test_00845,1,0.709785,2
medqa,r1-distill-llama-8b,medqa_test_00802,1,0.522862,3
medqa,r1-distill-llama-8b,medqa_test_00650,1,0.635826,5
medqa,r1-distill-llama-8b,medqa_test_00540,0,0.394839,5
medqa,r1-distill-llama-8b,medqa_test_00796,0,0.56025,2
medqa,r1-distill-llama-8b,medqa_test_00715,0,0.581513,5
medqa,r1-distill-llama-8b,medqa_test_00002,0,0.127921,3
medqa,r1-distill-llama-8b,medqa_test_00395,1,0.617867,1
medqa,r1-distill-llama-8b,medqa_test_00464,1,0.419816,1
medqa,r1-distill-llama-8b,medqa_test_00959,1,0.61677,5
medqa,r1-distill-llama-8b,medqa_test_00761,0,0.502471,1
medqa,r1-distill-llama-8b,medqa_test_00454,0,0.460779,2
medqa,r1-distill-llama-8b,medqa_test_00920,1,0.569231,1
medqa,r1-distill-llama-8b,medqa_test_00528,0,0.565477,5
medqa,r1-distill-llama-8b,medqa_test_01166,1,0.70629,2
medqa,r1-distill-llama-8b,medqa_test_00187,1,0.657538,5
medqa,r1-distill-llama-8b,medqa_test_00997,1,0.509036,2
medqa,r1-distill-llama-8b,medqa_test_00371,1,0.354557,4
medqa,r1-distill-llama-8b,medqa_test_01142,1,0.603494,1
medqa,r1-distill-llama-8b,medqa_test_00586,0,0.344809,5
medqa,r1-distill-llama-8b,medqa_test_01155,0,0.402808,5
medqa,r1-distill-llama-8b,medqa_test_00536,1,0.636095,5
medqa,r1-distill-llama-8b,medqa_test_00510,0,0.546052,2
medqa,r1-distill-llama-8b,medqa_test_00976,1,0.580368,1
medqa,r1-distill-llama-8b,medqa_test_01050,0,0.370486,5
medqa,r1-distill-llama-8b,medqa_test_01263,0,0.565536,2
medqa,r1-distill-llama-8b,medqa_test_00631,1,0.547024,2
medqa,r1-distill-llama-8b,medqa_test_01157,0,0.604408,1
medqa,r1-distill-llama-8b,medqa_test_00473,1,0.481996,3
medqa,r1-distill-llama-8b,medqa_test_00812,1,0.423444,4
medqa,r1-distill-llama-8b,medqa_test_00299,1,0.802132,3
medqa,r1-distill-llama-8b,medqa_test_00850,0,0.63551,2
medqa,r1-distill-llama-8b,medqa_test_00049,1,0.668793,2
medqa,r1-distill-llama-8b,medqa_test_00793,0,0.287105,3
medqa,r1-distill-llama-8b,medqa_test_00662,1,0.485117,4
medqa,r1-distill-llama-8b,medqa_test_01254,1,0.526292,4
medqa,r1-distill-llama-8b,medqa_test_01150,0,0.666189,1
medqa,r1-distill-llama-8b,medqa_test_00044,0,0.500897,2
medqa,r1-distill-llama-8b,medqa_test_01201,1,0.566373,4
medqa,r1-distill-llama-8b,medqa_test_00898,1,0.63293,5
medqa,r1-distill-llama-8b,medqa_test_00328,1,0.616697,5
medqa,r1-distill-llama-8b,medqa_test_01071,0,0.239216,3
medqa,r1-distill-llama-8b,medqa_test_01032,1,0.501945,3
medqa,r1-distill-llama-8b,medqa_test_00892,1,0.467815,1
medqa,r1-distill-llama-8b,medqa_test_00623,1,0.778178,2
medqa,r1-distill-llama-8b,medqa_test_01173,1,0.6525,1
medqa,r1-distill-llama-8b,medqa_test_00246,0,0.394741,1
medqa,r1-distill-llama-8b,medqa_test_00272,1,0.548982,1
medqa,r1-distill-llama-8b,medqa_test_00489,1,0.659089,1
medqa,r1-distill-llama-8b,medqa_test_01185,0,0.691784,5
medqa,r1-distill-llama-8b,medqa_test_01138,0,0.522957,1
medqa,r1-distill-llama-8b,medqa_test_00848,1,0.540337,5
medqa,r1-distill-llama-8b,medqa_test_00455,0,0.596629,2
medqa,r1-distill-llama-8b,medqa_test_00860,1,0.47445,3
medqa,r1-distill-llama-8b,medqa_test_00022,1,0.614163,5
medqa,r1-distill-llama-8b,medqa_test_00603,1,0.577863,2
medqa,r1-distill-llama-8b,medqa_test_00356,0,0.624358,4
medqa,r1-distill-llama-8b,medqa_test_01236,0,0.609865,2
medqa,r1-distill-llama-8b,medqa_test_00185,1,0.486075,4
medqa,r1-distill-llama-8b,medqa_test_00711,0,0.584017,5
medqa,r1-distill-llama-8b,medqa_test_00263,1,0.629166,5
medqa,r1-distill-llama-8b,medqa_test_00667,1,0.666902,3
medqa,r1-distill-llama-8b,medqa_test_01187,1,0.638191,4
medqa,r1-distill-llama-8b,medqa_test_00463,0,0.612513,1
medqa,r1-distill-llama-8b,medqa_test_01238,0,0.571933,2
medqa,r1-distill-llama-8b,medqa_test_00231,0,0.584441,1
medqa,r1-distill-llama-8b,medqa_test_00177,0,0.500667,1
medqa,r1-distill-llama-8b,medqa_test_00296,0,0.426919,5
medqa,r1-distill-llama-8b,medqa_test_00482,1,0.63157,5
medqa,r1-distill-llama-8b,medqa_test_00857,1,0.628449,3
medqa,r1-distill-llama-8b,medqa_test_01251,1,0.64677,3
medqa,r1-distill-llama-8b,medqa_test_00021,1,0.43858,4
medqa,r1-distill-llama-8b,medqa_test_00056,1,0.388872,5
medqa,r1-distill-llama-8b,medqa_test_00485,0,0.685133,2
medqa,r1-distill-llama-8b,medqa_test_00090,1,0.542665,3
medqa,r1-distill-llama-8b,medqa_test_00886,1,0.725484,4
medqa,r1-distill-llama-8b,medqa_test_01026,0,0.640059,2
medqa,r1-distill-llama-8b,medqa_test_00529,0,0.229221,4
medqa,r1-distill-llama-8b,medqa_test_00055,1,0.570625,1
medqa,r1-distill-llama-8b,medqa_test_00658,1,0.624274,5
medqa,r1-distill-llama-8b,medqa_test_00706,0,0.531877,1
medqa,r1-distill-llama-8b,medqa_test_00545,1,0.629173,1
medqa,r1-distill-llama-8b,medqa_test_00878,1,0.655083,1
medqa,r1-distill-llama-8b,medqa_test_00192,1,0.650416,1
medqa,r1-distill-llama-8b,medqa_test_00738,1,0.815758,3
medqa,r1-distill-llama-8b,medqa_test_00531,0,0.642622,1
medqa,r1-distill-llama-8b,medqa_test_00568,1,0.628593,4
medqa,r1-distill-llama-8b,medqa_test_00286,1,0.769375,4
medqa,r1-distill-llama-8b,medqa_test_00757,0,0.419628,1
medqa,r1-distill-llama-8b,medqa_test_00785,0,0.576495,4
medqa,r1-distill-llama-8b,medqa_test_00067,0,0.611749,2
medqa,r1-distill-llama-8b,medqa_test_01108,0,0.491229,1
medqa,r1-distill-llama-8b,medqa_test_00571,0,0.483905,1
medqa,r1-distill-llama-8b,medqa_test_00212,0,0.677753,5
medqa,r1-distill-llama-8b,medqa_test_00220,0,0.455469,1
medqa,r1-distill-llama-8b,medqa_test_01020,0,0.256951,2
medqa,r1-distill-llama-8b,medqa_test_00492,0,0.542803,5
medqa,r1-distill-llama-8b,medqa_test_00978,1,0.672641,5
medqa,r1-distill-llama-8b,medqa_test_00699,1,0.121162,4
medqa,r1-distill-llama-8b,medqa_test_00730,0,0.364742,5
medqa,r1-distill-llama-8b,medqa_test_00969,0,0.393414,4
medqa,r1-distill-llama-8b,medqa_test_00876,1,0.509619,5
medqa,r1-distill-llama-8b,medqa_test_00179,1,0.550723,4
medqa,r1-distill-llama-8b,medqa_test_00367,0,0.527568,1
medqa,r1-distill-llama-8b,medqa_test_00480,0,0.365234,3
medqa,r1-distill-llama-8b,medqa_test_00121,1,0.689416,2
medqa,r1-distill-llama-8b,medqa_test_00011,1,0.361045,5
medqa,r1-distill-llama-8b,medqa_test_00829,0,0.498577,1
medqa,r1-distill-llama-8b,medqa_test_01171,0,0.521871,5
medqa,r1-distill-llama-8b,medqa_test_00820,1,0.580334,3
medqa,r1-distill-llama-8b,medqa_test_01180,1,0.408101,4
medqa,r1-distill-llama-8b,medqa_test_00901,1,0.502921,3
medqa,r1-distill-llama-8b,medqa_test_01163,0,0.370541,1
medqa,r1-distill-llama-8b,medqa_test_01044,1,0.543769,2
medqa,r1-distill-llama-8b,medqa_test_01212,0,0.581468,2
medqa,r1-distill-llama-8b,medqa_test_00813,0,0.551599,4
medqa,r1-distill-llama-8b,medqa_test_00875,1,0.493245,2
medqa,r1-distill-llama-8b,medqa_test_00659,0,0.440647,3
medqa,r1-distill-llama-8b,medqa_test_00125,1,0.643964,2
medqa,r1-distill-llama-8b,medqa_test_00148,1,0.465908,5
medqa,r1-distill-llama-8b,medqa_test_00462,0,0.523623,5
medqa,r1-distill-llama-8b,medqa_test_00960,1,0.567532,1
medqa,r1-distill-llama-8b,medqa_test_00300,0,0.528092,4
medqa,r1-distill-llama-8b,medqa_test_00241,0,0.559146,3
medqa,r1-distill-llama-8b,medqa_test_01031,1,0.270508,1
medqa,r1-distill-llama-8b,medqa_test_00087,1,0.628607,4
medqa,r1-distill-llama-8b,medqa_test_00726,1,0.610473,4
medqa,r1-distill-llama-8b,medqa_test_01041,0,0.409831,1
medqa,r1-distill-llama-8b,medqa_test_01006,1,0.6007,4
medqa,r1-distill-llama-8b,medqa_test_00153,1,0.69724,4
medqa,r1-distill-llama-8b,medqa_test_00298,0,0.597714,4
medqa,r1-distill-llama-8b,medqa_test_00428,1,0.386011,2
medqa,r1-distill-llama-8b,medqa_test_00893,1,0.607618,1
medqa,r1-distill-llama-8b,medqa_test_00294,1,0.588559,3
medqa,r1-distill-llama-8b,medqa_test_00599,0,0.619054,2
medqa,r1-distill-llama-8b,medqa_test_01014,1,0.662943,3
medqa,r1-distill-llama-8b,medqa_test_01033,0,0.624937,3
medqa,r1-distill-llama-8b,medqa_test_00587,0,0.303841,3
medqa,r1-distill-llama-8b,medqa_test_00677,0,0.542274,1
medqa,r1-distill-llama-8b,medqa_test_01037,0,0.543997,4
medqa,r1-distill-llama-8b,medqa_test_00834,1,0.465099,1
medqa,r1-distill-llama-8b,medqa_test_01065,0,0.618166,3
medqa,r1-distill-llama-8b,medqa_test_01058,0,0.642535,5
medqa,r1-distill-llama-8b,medqa_test_00837,1,0.486655,2
medqa,r1-distill-llama-8b,medqa_test_00259,1,0.583997,1
medqa,r1-distill-llama-8b,medqa_test_00714,0,0.453976,2
medqa,r1-distill-llama-8b,medqa_test_00954,0,0.360435,5
medqa,r1-distill-llama-8b,medqa_test_00728,1,0.479709,5
medqa,r1-distill-llama-8b,medqa_test_00057,0,0.610374,2
medqa,r1-distill-llama-8b,medqa_test_00580,0,0.710459,2
medqa,r1-distill-llama-8b,medqa_test_01195,0,0.531161,3
medqa,r1-distill-llama-8b,medqa_test_00605,1,0.569659,1
medqa,r1-distill-llama-8b,medqa_test_00768,0,0.627938,3
medqa,r1-distill-llama-8b,medqa_test_00645,1,0.255358,4
medqa,r1-distill-llama-8b,medqa_test_00858,0,0.177896,3
medqa,r1-distill-llama-8b,medqa_test_01118,1,0.587739,4
medqa,r1-distill-llama-8b,medqa_test_00434,1,0.71595,3
medqa,r1-distill-llama-8b,medqa_test_00562,1,0.60437,1
medqa,r1-distill-llama-8b,medqa_test_01021,0,0.617543,5
medqa,r1-distill-llama-8b,medqa_test_00261,0,0.584592,4
medqa,r1-distill-llama-8b,medqa_test_00410,1,0.605698,5
medqa,r1-distill-llama-8b,medqa_test_00458,1,0.535353,5
medqa,r1-distill-llama-8b,medqa_test_00275,0,0.371956,1
medqa,r1-distill-llama-8b,medqa_test_00575,0,0.588627,3
medqa,r1-distill-llama-8b,medqa_test_00112,0,0.394172,2
medqa,r1-distill-llama-8b,medqa_test_00073,1,0.674651,1
medqa,r1-distill-llama-8b,medqa_test_00383,0,0.38717,1
medqa,r1-distill-llama-8b,medqa_test_00668,0,0.428961,1
medqa,r1-distill-llama-8b,medqa_test_00068,1,0.464174,5
medqa,r1-distill-llama-8b,medqa_test_00396,1,0.588195,5
medqa,r1-distill-llama-8b,medqa_test_01013,1,0.495514,3
medqa,r1-distill-llama-8b,medqa_test_00160,0,0.674124,5
medqa,r1-distill-llama-8b,medqa_test_00423,0,0.403676,1
medqa,r1-distill-llama-8b,medqa_test_01069,1,0.448563,1
medqa,r1-distill-llama-8b,medqa_test_00912,1,0.641696,1
medqa,r1-distill-llama-8b,medqa_test_00280,1,0.716514,4
medqa,r1-distill-llama-8b,medqa_test_00491,1,0.532654,1
medqa,r1-distill-llama-8b,medqa_test_00048,1,0.531238,4
medqa,r1-distill-llama-8b,medqa_test_01172,0,0.543141,3
medqa,r1-distill-llama-8b,medqa_test_00847,1,0.419521,3
medqa,r1-distill-llama-8b,medqa_test_00731,0,0.408493,2
medqa,r1-distill-llama-8b,medqa_test_00745,0,0.406954,5
medqa,r1-distill-llama-8b,medqa_test_01018,1,0.577478,5
medqa,r1-distill-llama-8b,medqa_test_00779,1,0.574666,1
medqa,r1-distill-llama-8b,medqa_test_00386,0,0.476259,5
medqa,r1-distill-llama-8b,medqa_test_00498,1,0.391461,4
medqa,r1-distill-llama-8b,medqa_test_01226,1,0.471862,4
medqa,r1-distill-llama-8b,medqa_test_00640,1,0.512377,1
medqa,r1-distill-llama-8b,medqa_test_00018,0,0.469873,3
medqa,r1-distill-llama-8b,medqa_test_00382,0,0.542417,3
medqa,r1-distill-llama-8b,medqa_test_01016,0,0.486168,5
medqa,r1-distill-llama-8b,medqa_test_00607,1,0.661275,1
medqa,r1-distill-llama-8b,medqa_test_00210,1,0.613258,5
medqa,r1-distill-llama-8b,medqa_test_00168,1,0.667634,3
medqa,r1-distill-llama-8b,medqa_test_01207,1,0.54269,1
medqa,r1-distill-llama-8b,medqa_test_01211,0,0.504443,4
medqa,r1-distill-llama-8b,medqa_test_00164,1,0.456614,4
medqa,r1-distill-llama-8b,medqa_test_00808,1,0.640697,1
medqa,r1-distill-llama-8b,medqa_test_00766,1,0.689921,4
medqa,r1-distill-llama-8b,medqa_test_00474,1,0.575306,2
medqa,r1-distill-llama-8b,medqa_test_00712,0,0.531794,1
medqa,r1-distill-llama-8b,medqa_test_01126,0,0.550798,5
medqa,r1-distill-llama-8b,medqa_test_00092,1,0.592356,3
medqa,r1-distill-llama-8b,medqa_test_01219,1,0.5902,1
medqa,r1-distill-llama-8b,medqa_test_00787,0,0.28331,5
medqa,r1-distill-llama-8b,medqa_test_00655,1,0.722036,5
medqa,r1-distill-llama-8b,medqa_test_01208,1,0.65854,2
medqa,r1-distill-llama-8b,medqa_test_00089,0,0.631812,5
medqa,r1-distill-llama-8b,medqa_test_01248,0,0.555944,5
medqa,r1-distill-llama-8b,medqa_test_00010,1,0.330818,3
medqa,r1-distill-llama-8b,medqa_test_00949,1,0.613136,3
medqa,r1-distill-llama-8b,medqa_test_01245,0,0.556792,5
medqa,r1-distill-llama-8b,medqa_test_00883,1,0.686589,2
medqa,r1-distill-llama-8b,medqa_test_00221,0,0.583515,1
medqa,r1-distill-llama-8b,medqa_test_00962,1,0.505744,5
medqa,r1-distill-llama-8b,medqa_test_01223,1,0.376834,1
medqa,r1-distill-llama-8b,medqa_test_00923,1,0.698537,3
medqa,r1-distill-llama-8b,medqa_test_01036,0,0.490443,3
medqa,r1-distill-llama-8b,medqa_test_01064,1,0.688074,2
medqa,r1-distill-llama-8b,medqa_test_00256,1,0.466132,4
medqa,r1-distill-llama-8b,medqa_test_01213,0,0.591322,1
medqa,r1-distill-llama-8b,medqa_test_00239,0,0.392464,2
medqa,r1-distill-llama-8b,medqa_test_00606,0,0.44761,5
medqa,r1-distill-llama-8b,medqa_test_00459,0,0.538628,2
medqa,r1-distill-llama-8b,medqa_test_00157,1,0.613943,3
medqa,r1-distill-llama-8b,medqa_test_00084,1,0.590418,4
medqa,r1-distill-llama-8b,medqa_test_00612,1,0.32877,1
medqa,r1-distill-llama-8b,medqa_test_00072,0,0.267529,3
medqa,r1-distill-llama-8b,medqa_test_00374,0,0.593686,4
medqa,r1-distill-llama-8b,medqa_test_00363,1,0.548783,4
medqa,r1-distill-llama-8b,medqa_test_01095,0,0.748135,3
medqa,r1-distill-llama-8b,medqa_test_01168,1,0.582188,5
medqa,r1-distill-llama-8b,medqa_test_00101,1,0.444012,2
medqa,r1-distill-llama-8b,medqa_test_00348,0,0.569027,4
medqa,r1-distill-llama-8b,medqa_test_00346,0,0.488119,5
medqa,r1-distill-llama-8b,medqa_test_00119,0,0.538023,4
medqa,r1-distill-llama-8b,medqa_test_00870,1,0.503612,3
medqa,r1-distill-llama-8b,medqa_test_00749,0,0.446209,3
medqa,r1-distill-llama-8b,medqa_test_00147,1,0.585441,1
medqa,r1-distill-llama-8b,medqa_test_00439,1,0.661361,1
medqa,r1-distill-llama-8b,medqa_test_00016,0,0.687119,4
medqa,r1-distill-llama-8b,medqa_test_00402,1,0.501963,4
medqa,r1-distill-llama-8b,medqa_test_00708,1,0.459001,3
medqa,r1-distill-llama-8b,medqa_test_00971,0,0.452236,3
medqa,r1-distill-llama-8b,medqa_test_00772,0,0.567007,5
medqa,r1-distill-llama-8b,medqa_test_00894,1,0.470177,1
medqa,r1-distill-llama-8b,medqa_test_00282,1,0.65038,3
medqa,r1-distill-llama-8b,medqa_test_00512,1,0.614913,5
medqa,r1-distill-llama-8b,medqa_test_00080,1,0.554002,1
medqa,r1-distill-llama-8b,medqa_test_01174,0,0.28942,2
medqa,r1-distill-llama-8b,medqa_test_00628,0,0.519349,4
medqa,r1-distill-llama-8b,medqa_test_00945,0,0.57685,3
medqa,r1-distill-llama-8b,medqa_test_00320,0,0.57947,1
medqa,r1-distill-llama-8b,medqa_test_00921,0,0.641581,4
medqa,r1-distill-llama-8b,medqa_test_00050,1,0.636039,2
medqa,r1-distill-llama-8b,medqa_test_00504,0,0.447931,2
medqa,r1-distill-llama-8b,medqa_test_01042,1,0.549402,4
medqa,r1-distill-llama-8b,medqa_test_01175,0,0.582178,4
medqa,r1-distill-llama-8b,medqa_test_00762,1,0.349114,3
medqa,r1-distill-llama-8b,medqa_test_00632,1,0.556034,4
medqa,r1-distill-llama-8b,medqa_test_00839,1,0.606132,3
medqa,r1-distill-llama-8b,medqa_test_00226,0,0.594619,1
medqa,r1-distill-llama-8b,medqa_test_01056,0,0.357536,2
medqa,r1-distill-llama-8b,medqa_test_00502,1,0.490691,2
medqa,r1-distill-llama-8b,medqa_test_00794,1,0.498768,4
medqa,r1-distill-llama-8b,medqa_test_00115,1,0.632709,1
medqa,r1-distill-llama-8b,medqa_test_00419,1,0.353419,5
medqa,r1-distill-llama-8b,medqa_test_00310,0,0.550451,4
medqa,r1-distill-llama-8b,medqa_test_00213,1,0.543696,2
medqa,r1-distill-llama-8b,medqa_test_00060,0,0.564505,1
medqa,r1-distill-llama-8b,medqa_test_00755,0,0.488672,4
medqa,r1-distill-llama-8b,medqa_test_00479,0,0.547988,4
medqa,r1-distill-llama-8b,medqa_test_00155,0,0.320046,3
medqa,r1-distill-llama-8b,medqa_test_00910,0,0.615907,3
medqa,r1-distill-llama-8b,medqa_test_00076,1,0.657886,5
medqa,r1-distill-llama-8b,medqa_test_01210,0,0.5258,1
medqa,r1-distill-llama-8b,medqa_test_00404,1,0.39922,2
medqa,r1-distill-llama-8b,medqa_test_00906,0,0.386982,2
medqa,r1-distill-llama-8b,medqa_test_00322,0,0.324437,4
medqa,r1-distill-llama-8b,medqa_test_00295,1,0.621958,5
medqa,r1-distill-llama-8b,medqa_test_00037,0,0.380619,1
medqa,r1-distill-llama-8b,medqa_test_00397,0,0.259239,4
medqa,r1-distill-llama-8b,medqa_test_00033,0,0.388104,5
medqa,r1-distill-llama-8b,medqa_test_01002,0,0.535051,1
medqa,r1-distill-llama-8b,medqa_test_00666,0,0.456837,3
medqa,r1-distill-llama-8b,medqa_test_00998,1,0.666241,5
medqa,r1-distill-llama-8b,medqa_test_00595,1,0.696893,5
medqa,r1-distill-llama-8b,medqa_test_01135,0,0.562543,2
medqa,r1-distill-llama-8b,medqa_test_01120,1,0.527465,1
medqa,r1-distill-llama-8b,medqa_test_01001,0,0.531586,2
medqa,r1-distill-llama-8b,medqa_test_00245,1,0.395526,2
medqa,r1-distill-llama-8b,medqa_test_00643,1,0.451752,5
medqa,r1-distill-llama-8b,medqa_test_01081,0,0.559144,5
medqa,r1-distill-llama-8b,medqa_test_00729,0,0.34164,4
medqa,r1-distill-llama-8b,medqa_test_00615,1,0.608854,3
medqa,r1-distill-llama-8b,medqa_test_00896,1,0.611314,3
medqa,r1-distill-llama-8b,medqa_test_00926,1,0.321194,5
medqa,r1-distill-llama-8b,medqa_test_00385,1,0.487616,3
medqa,r1-distill-llama-8b,medqa_test_01244,0,0.554562,5
medqa,r1-distill-llama-8b,medqa_test_00944,0,0.596899,3
medqa,r1-distill-llama-8b,medqa_test_00149,0,0.62747,3
medqa,r1-distill-llama-8b,medqa_test_00933,0,0.187291,3
medqa,r1-distill-llama-8b,medqa_test_00591,1,0.183788,3
medqa,r1-distill-llama-8b,medqa_test_01151,0,0.417754,2
medqa,r1-distill-llama-8b,medqa_test_00140,0,0.624908,3
medqa,r1-distill-llama-8b,medqa_test_01154,1,0.754391,4
medqa,r1-distill-llama-8b,medqa_test_00828,0,0.462189,2
medqa,r1-distill-llama-8b,medqa_test_00851,1,0.127492,2
medqa,r1-distill-llama-8b,medqa_test_00007,1,0.550084,3
medqa,r1-distill-llama-8b,medqa_test_00184,0,0.588245,3
medqa,r1-distill-llama-8b,medqa_test_00116,1,0.546387,5
medqa,r1-distill-llama-8b,medqa_test_00684,0,0.552495,2
medqa,r1-distill-llama-8b,medqa_test_00585,0,0.555072,1
medqa,r1-distill-llama-8b,medqa_test_00144,1,0.627855,4
medqa,r1-distill-llama-8b,medqa_test_01079,1,0.449674,2
medqa,r1-distill-llama-8b,medqa_test_00884,1,0.786585,1
medqa,r1-distill-llama-8b,medqa_test_00617,1,0.531841,4
medqa,r1-distill-llama-8b,medqa_test_00301,0,0.724428,2
medqa,r1-distill-llama-8b,medqa_test_00524,0,0.53231,2
medqa,r1-distill-llama-8b,medqa_test_00557,1,0.437221,2
medqa,r1-distill-llama-8b,medqa_test_01096,1,0.586792,1
medqa,r1-distill-llama-8b,medqa_test_00868,0,0.328747,2
medqa,r1-distill-llama-8b,medqa_test_00547,1,0.66952,1
medqa,r1-distill-llama-8b,medqa_test_00661,0,0.523107,4
medqa,r1-distill-llama-8b,medqa_test_00895,0,0.413003,2
medqa,r1-distill-llama-8b,medqa_test_00818,1,0.659621,3
medqa,r1-distill-llama-8b,medqa_test_00390,0,0.448912,4
medqa,r1-distill-llama-8b,medqa_test_00534,1,0.450902,5
medqa,r1-distill-llama-8b,medqa_test_00098,0,0.678207,1
medqa,r1-distill-llama-8b,medqa_test_00369,1,0.558023,4
medqa,r1-distill-llama-8b,medqa_test_00128,0,0.455529,1
medqa,r1-distill-llama-8b,medqa_test_01268,1,0.653294,5
medqa,r1-distill-llama-8b,medqa_test_00588,1,0.625742,2
medqa,r1-distill-llama-8b,medqa_test_00232,1,0.491762,3
medqa,r1-distill-llama-8b,medqa_test_00657,0,0.50898,1
medqa,r1-distill-llama-8b,medqa_test_01125,0,0.5845,2
medqa,r1-distill-llama-8b,medqa_test_00782,1,0.643856,2
medqa,r1-distill-llama-8b,medqa_test_01136,0,0.411969,2
medqa,r1-distill-llama-8b,medqa_test_00805,0,0.521774,1
medqa,r1-distill-llama-8b,medqa_test_00653,1,0.5926,2
medqa,r1-distill-llama-8b,medqa_test_00844,0,0.350855,4
medqa,r1-distill-llama-8b,medqa_test_00188,1,0.513838,1
medqa,r1-distill-llama-8b,medqa_test_00522,1,0.518268,5
medqa,r1-distill-llama-8b,medqa_test_00508,0,0.575079,3
medqa,r1-distill-llama-8b,medqa_test_00354,1,0.49017,3
medqa,r1-distill-llama-8b,medqa_test_00207,0,0.622873,5
medqa,r1-distill-llama-8b,medqa_test_00113,1,0.610048,3
medqa,r1-distill-llama-8b,medqa_test_00700,0,0.567314,4
medqa,r1-distill-llama-8b,medqa_test_00965,1,0.590077,1
medqa,r1-distill-llama-8b,medqa_test_00744,1,0.600027,4
medqa,r1-distill-llama-8b,medqa_test_00513,0,0.417615,3
medqa,r1-distill-llama-8b,medqa_test_00364,1,0.54765,2
medqa,r1-distill-llama-8b,medqa_test_01007,1,0.49175,5
medqa,r1-distill-llama-8b,medqa_test_00243,0,0.485675,2
medqa,r1-distill-llama-8b,medqa_test_00977,1,0.723553,4
medqa,r1-distill-llama-8b,medqa_test_00984,1,0.595349,5
medqa,r1-distill-llama-8b,medqa_test_00483,0,0.610408,2
medqa,r1-distill-llama-8b,medqa_test_00697,0,0.52776,5
medqa,r1-distill-llama-8b,medqa_test_00905,1,0.569871,3
medqa,r1-distill-llama-8b,medqa_test_00368,0,0.632595,2
medqa,r1-distill-llama-8b,medqa_test_00537,1,0.715425,1
medqa,r1-distill-llama-8b,medqa_test_00097,1,0.587283,5
medqa,r1-distill-llama-8b,medqa_test_00264,0,0.388552,5
medqa,r1-distill-llama-8b,medqa_test_00750,1,0.807295,4
medqa,r1-distill-llama-8b,medqa_test_00952,0,0.387245,5
medqa,r1-distill-llama-8b,medqa_test_00637,0,0.612726,5
medqa,r1-distill-llama-8b,medqa_test_00616,0,0.241667,4
medqa,r1-distill-llama-8b,medqa_test_00803,0,0.55803,4
medqa,r1-distill-llama-8b,medqa_test_01189,1,0.73664,1
medqa,r1-distill-llama-8b,medqa_test_00143,1,0.488023,3
medqa,r1-distill-llama-8b,medqa_test_00174,1,0.612939,3
medqa,r1-distill-llama-8b,medqa_test_00132,1,0.62521,2
medqa,r1-distill-llama-8b,medqa_test_00809,0,0.290095,3
medqa,r1-distill-llama-8b,medqa_test_00840,1,0.603252,4
medqa,r1-distill-llama-8b,medqa_test_00831,0,0.596108,4
medqa,r1-distill-llama-8b,medqa_test_01218,0,0.496399,4
medqa,r1-distill-llama-8b,medqa_test_00843,1,0.537722,4
medqa,r1-distill-llama-8b,medqa_test_01222,0,0.385903,3
medqa,r1-distill-llama-8b,medqa_test_01270,0,0.481014,4
medqa,r1-distill-llama-8b,medqa_test_01088,0,0.502361,2
medqa,r1-distill-llama-8b,medqa_test_00172,0,0.499034,1
medqa,r1-distill-llama-8b,medqa_test_01197,1,0.448519,2
medqa,r1-distill-llama-8b,medqa_test_00342,0,0.494732,1
medqa,r1-distill-llama-8b,medqa_test_00816,0,0.303119,4
medqa,r1-distill-llama-8b,medqa_test_00938,1,0.355776,5
medqa,r1-distill-llama-8b,medqa_test_00237,0,0.360334,3
medqa,r1-distill-llama-8b,medqa_test_00544,1,0.612932,2
medqa,r1-distill-llama-8b,medqa_test_00672,0,0.688724,3
medqa,r1-distill-llama-8b,medqa_test_01089,1,0.489699,3
medqa,r1-distill-llama-8b,medqa_test_00804,1,0.535996,5
medqa,r1-distill-llama-8b,medqa_test_01230,1,0.606333,1
medqa,r1-distill-llama-8b,medqa_test_00251,0,0.410944,2
medqa,r1-distill-llama-8b,medqa_test_01224,0,0.483436,3
medqa,r1-distill-llama-8b,medqa_test_00274,1,0.645006,3
medqa,r1-distill-llama-8b,medqa_test_00604,0,0.088321,4
medqa,r1-distill-llama-8b,medqa_test_00554,0,0.597975,4
medqa,r1-distill-llama-8b,medqa_test_00495,1,0.499769,2
medqa,r1-distill-llama-8b,medqa_test_00678,1,0.627148,4
medqa,r1-distill-llama-8b,medqa_test_00445,0,0.48969,2
medqa,r1-distill-llama-8b,medqa_test_00560,1,0.557946,1
medqa,r1-distill-llama-8b,medqa_test_00470,0,0.623188,5
medqa,r1-distill-llama-8b,medqa_test_00370,1,0.571159,3
medqa,r1-distill-llama-8b,medqa_test_00443,0,0.439596,5
medqa,r1-distill-llama-8b,medqa_test_00108,0,0.556378,4
medqa,r1-distill-llama-8b,medqa_test_01200,1,0.520544,4
medqa,r1-distill-llama-8b,medqa_test_01048,0,0.28088,5
medqa,r1-distill-llama-8b,medqa_test_00913,0,0.666061,3
medqa,r1-distill-llama-8b,medqa_test_00379,1,0.549502,5
medqa,r1-distill-llama-8b,medqa_test_00618,1,0.536559,3
medqa,r1-distill-llama-8b,medqa_test_00355,1,0.508257,2
medqa,r1-distill-llama-8b,medqa_test_00862,0,0.415593,4
medqa,r1-distill-llama-8b,medqa_test_00123,1,0.525473,5
medqa,r1-distill-llama-8b,medqa_test_01045,1,0.570098,1
medqa,r1-distill-llama-8b,medqa_test_00104,0,0.219699,2
medqa,r1-distill-llama-8b,medqa_test_00248,1,0.49643,3
medqa,r1-distill-llama-8b,medqa_test_00874,0,0.598077,3
medqa,r1-distill-llama-8b,medqa_test_00701,0,0.387409,3
medqa,r1-distill-llama-8b,medqa_test_00406,1,0.679369,5
medqa,r1-distill-llama-8b,medqa_test_00319,0,0.663558,3
medqa,r1-distill-llama-8b,medqa_test_00026,0,0.560696,5
medqa,r1-distill-llama-8b,medqa_test_01228,0,0.407818,1
medqa,r1-distill-llama-8b,medqa_test_01240,1,0.558711,5
medqa,r1-distill-llama-8b,medqa_test_00167,1,0.549392,5
medqa,r1-distill-llama-8b,medqa_test_00934,0,0.519026,3
medqa,r1-distill-llama-8b,medqa_test_00171,0,0.431712,2
medqa,r1-distill-llama-8b,medqa_test_00377,1,0.551865,5
medqa,r1-distill-llama-8b,medqa_test_01111,1,0.701727,2
medqa,r1-distill-llama-8b,medqa_test_00879,0,0.577675,3
medqa,r1-distill-llama-8b,medqa_test_01057,1,0.596221,1
medqa,r1-distill-llama-8b,medqa_test_00716,0,0.394245,3
medqa,r1-distill-llama-8b,medqa_test_00709,1,0.282882,1
medqa,r1-distill-llama-8b,medqa_test_00633,0,0.458451,1
medqa,r1-distill-llama-8b,medqa_test_00842,1,0.552387,2
medqa,r1-distill-llama-8b,medqa_test_00031,0,0.271937,2
medqa,r1-distill-llama-8b,medqa_test_00041,1,0.590191,4
medqa,r1-distill-llama-8b,medqa_test_01123,0,0.563124,4
medqa,r1-distill-llama-8b,medqa_test_01101,1,0.586598,3
medqa,r1-distill-llama-8b,medqa_test_00053,0,0.576458,3
medqa,r1-distill-llama-8b,medqa_test_01196,1,0.516889,1
medqa,r1-distill-llama-8b,medqa_test_00019,0,0.568489,4
medqa,r1-distill-llama-8b,medqa_test_00980,0,0.541185,5
medqa,r1-distill-llama-8b,medqa_test_00258,0,0.304936,2
medqa,r1-distill-llama-8b,medqa_test_00431,0,0.422863,1
medqa,r1-distill-llama-8b,medqa_test_00284,0,0.39659,5
medqa,r1-distill-llama-8b,medqa_test_00986,0,0.687792,1
medqa,r1-distill-llama-8b,medqa_test_00345,1,0.520019,3
medqa,r1-distill-llama-8b,medqa_test_00748,1,0.653152,1
medqa,r1-distill-llama-8b,medqa_test_00465,0,0.495539,2
medqa,r1-distill-llama-8b,medqa_test_00216,0,0.238295,5
medqa,r1-distill-llama-8b,medqa_test_00335,0,0.477804,2
medqa,r1-distill-llama-8b,medqa_test_00739,0,0.484899,4
medqa,r1-distill-llama-8b,medqa_test_00266,1,0.45293,5
medqa,r1-distill-llama-8b,medqa_test_00811,1,0.451083,5
medqa,r1-distill-llama-8b,medqa_test_01164,1,0.319359,3
medqa,r1-distill-llama-8b,medqa_test_01084,0,0.449451,4
medqa,r1-distill-llama-8b,medqa_test_01076,0,0.404349,2
medqa,r1-distill-llama-8b,medqa_test_00085,0,0.499989,3
medqa,r1-distill-llama-8b,medqa_test_00792,1,0.49072,5
medqa,r1-distill-llama-8b,medqa_test_00577,0,0.416739,4
medqa,r1-distill-llama-8b,medqa_test_00403,0,0.455326,1
medqa,r1-distill-llama-8b,medqa_test_00027,1,0.499683,2
medqa,r1-distill-llama-8b,medqa_test_01148,1,0.70253,4
medqa,r1-distill-llama-8b,medqa_test_01122,1,0.620825,4
medqa,r1-distill-llama-8b,medqa_test_00169,1,0.644903,1
medqa,r1-distill-llama-8b,medqa_test_00414,1,0.387224,3
medqa,r1-distill-llama-8b,medqa_test_00774,0,0.479054,5
medqa,r1-distill-llama-8b,medqa_test_00029,0,0.652173,1
medqa,r1-distill-llama-8b,medqa_test_00773,0,0.375978,4
medqa,r1-distill-llama-8b,medqa_test_00279,1,0.383337,2
medqa,r1-distill-llama-8b,medqa_test_00710,0,0.54734,2
medqa,r1-distill-llama-8b,medqa_test_00499,0,0.454493,3
medqa,r1-distill-llama-8b,medqa_test_00225,0,0.372856,1
medqa,r1-distill-llama-8b,medqa_test_00559,1,0.678788,5
medqa,r1-distill-llama-8b,medqa_test_00770,1,0.595025,4
medqa,r1-distill-llama-8b,medqa_test_00399,0,0.49942,3
medqa,r1-distill-llama-8b,medqa_test_00305,0,0.307745,1
medqa,r1-distill-llama-8b,medqa_test_00360,0,0.212425,1
medqa,r1-distill-llama-8b,medqa_test_01141,1,0.61331,2
medqa,r1-distill-llama-8b,medqa_test_01008,0,0.622006,1
medqa,r1-distill-llama-8b,medqa_test_01054,0,0.52451,3
medqa,r1-distill-llama-8b,medqa_test_00690,1,0.232305,2
medqa,r1-distill-llama-8b,medqa_test_00020,0,0.710727,2
medqa,r1-distill-llama-8b,medqa_test_00398,0,0.414174,4
medqa,r1-distill-llama-8b,medqa_test_00211,0,0.614334,4
medqa,r1-distill-llama-8b,medqa_test_00063,1,0.605238,1
medqa,r1-distill-llama-8b,medqa_test_00425,0,0.476004,2
medqa,r1-distill-llama-8b,medqa_test_00477,0,0.628137,4
medqa,r1-distill-llama-8b,medqa_test_01015,1,0.58449,5
medqa,r1-distill-llama-8b,medqa_test_00846,1,0.471165,1
medqa,r1-distill-llama-8b,medqa_test_00417,0,0.470992,3
medqa,r1-distill-llama-8b,medqa_test_01190,1,0.532299,3
medqa,r1-distill-llama-8b,medqa_test_00219,0,0.393702,2
medqa,r1-distill-llama-8b,medqa_test_00156,1,0.375704,1
medqa,r1-distill-llama-8b,medqa_test_00236,1,0.597035,3
medqa,r1-distill-llama-8b,medqa_test_01114,0,0.538365,2
medqa,r1-distill-llama-8b,medqa_test_00999,1,0.482415,5
medqa,r1-distill-llama-8b,medqa_test_00553,1,0.553757,2
medqa,r1-distill-llama-8b,medqa_test_01160,1,0.576414,4
medqa,r1-distill-llama-8b,medqa_test_00943,1,0.720793,4
medqa,r1-distill-llama-8b,medqa_test_00916,1,0.506076,1
medqa,r1-distill-llama-8b,medqa_test_00705,0,0.622816,5
medqa,r1-distill-llama-8b,medqa_test_01178,1,0.179596,2
medqa,r1-distill-llama-8b,medqa_test_00079,1,0.602429,3
medqa,r1-distill-llama-8b,medqa_test_00281,0,0.661547,1
medqa,r1-distill-llama-8b,medqa_test_00967,1,0.489971,3
medqa,r1-distill-llama-8b,medqa_test_00641,1,0.533612,5
medqa,r1-distill-llama-8b,medqa_test_00533,1,0.618805,2
medqa,r1-distill-llama-8b,medqa_test_00891,0,0.511928,4
medqa,r1-distill-llama-8b,medqa_test_00885,0,0.51604,4
medqa,r1-distill-llama-8b,medqa_test_00253,0,0.418403,4
medqa,r1-distill-llama-8b,medqa_test_01094,0,0.469175,3
medqa,r1-distill-llama-8b,medqa_test_01147,0,0.629191,1
medqa,r1-distill-llama-8b,medqa_test_00162,1,0.548064,4
medqa,r1-distill-llama-8b,medqa_test_00456,1,0.632399,3
medqa,r1-distill-llama-8b,medqa_test_00732,0,0.547557,4
medqa,r1-distill-llama-8b,medqa_test_00436,1,0.478187,1
medqa,r1-distill-llama-8b,medqa_test_00516,1,0.525435,2
medqa,r1-distill-llama-8b,medqa_test_00627,1,0.62719,5
medqa,r1-distill-llama-8b,medqa_test_00453,1,0.478196,2
medqa,r1-distill-llama-8b,medqa_test_00324,1,0.579009,2
medqa,r1-distill-llama-8b,medqa_test_01115,1,0.357428,4
medqa,r1-distill-llama-8b,medqa_test_00572,1,0.282487,2
medqa,r1-distill-llama-8b,medqa_test_01004,1,0.283118,5
medqa,r1-distill-llama-8b,medqa_test_01082,1,0.622459,2
medqa,r1-distill-llama-8b,medqa_test_00136,1,0.565487,5
medqa,r1-distill-llama-8b,medqa_test_01049,0,0.640995,3
medqa,r1-distill-llama-8b,medqa_test_01165,1,0.58963,1
medqa,r1-distill-llama-8b,medqa_test_00530,1,0.567901,3
medqa,r1-distill-llama-8b,medqa_test_01162,0,0.584982,4
medqa,r1-distill-llama-8b,medqa_test_01221,0,0.560504,5
medqa,r1-distill-llama-8b,medqa_test_00671,1,0.649237,4
medqa,r1-distill-llama-8b,medqa_test_01243,0,0.526108,1
medqa,r1-distill-llama-8b,medqa_test_00800,1,0.347948,2
medqa,r1-distill-llama-8b,medqa_test_00506,1,0.557179,1
medqa,r1-distill-llama-8b,medqa_test_01220,0,0.449923,4
medqa,r1-distill-llama-8b,medqa_test_00199,0,0.600631,5
medqa,r1-distill-llama-8b,medqa_test_00589,0,0.593247,2
medqa,r1-distill-llama-8b,medqa_test_01183,0,0.500324,3
medqa,r1-distill-llama-8b,medqa_test_00424,1,0.534587,5
medqa,r1-distill-llama-8b,medqa_test_01217,1,0.664497,1
medqa,r1-distill-llama-8b,medqa_test_01063,1,0.65393,1
medqa,r1-distill-llama-8b,medqa_test_00486,1,0.44089,3
medqa,r1-distill-llama-8b,medqa_test_00047,1,0.600804,1
medqa,r1-distill-llama-8b,medqa_test_00838,1,0.514798,4
medqa,r1-distill-llama-8b,medqa_test_00150,1,0.584324,5
medqa,r1-distill-llama-8b,medqa_test_00203,0,0.413818,5
medqa,r1-distill-llama-8b,medqa_test_00230,1,0.475631,3
medqa,r1-distill-llama-8b,medqa_test_01023,0,0.518479,3
medqa,r1-distill-llama-8b,medqa_test_00343,1,0.622967,1
medqa,r1-distill-llama-8b,medqa_test_00981,0,0.50704,3
medqa,r1-distill-llama-8b,medqa_test_00648,1,0.661266,2
medqa,r1-distill-llama-8b,medqa_test_00756,1,0.474111,3
medqa,r1-distill-llama-8b,medqa_test_00290,0,0.752623,2
medqa,r1-distill-llama-8b,medqa_test_00086,1,0.628371,2
medqa,r1-distill-llama-8b,medqa_test_00674,1,0.706703,2
medqa,r1-distill-llama-8b,medqa_test_01156,0,0.410135,3
medqa,r1-distill-llama-8b,medqa_test_00948,1,0.652908,4
medqa,r1-distill-llama-8b,medqa_test_00993,0,0.505875,1
medqa,r1-distill-llama-8b,medqa_test_00721,1,0.614817,5
medqa,r1-distill-llama-8b,medqa_test_00881,1,0.516336,4
medqa,r1-distill-llama-8b,medqa_test_00329,1,0.560243,1
medqa,r1-distill-llama-8b,medqa_test_00670,1,0.449072,1
medqa,r1-distill-llama-8b,medqa_test_00621,0,0.469111,1
medqa,r1-distill-llama-8b,medqa_test_01017,0,0.461373,1
medqa,r1-distill-llama-8b,medqa_test_00293,0,0.589769,4
medqa,r1-distill-llama-8b,medqa_test_00311,1,0.542203,4
medqa,r1-distill-llama-8b,medqa_test_00561,1,0.489017,5
medqa,r1-distill-llama-8b,medqa_test_00308,1,0.585006,5
medqa,r1-distill-llama-8b,medqa_test_00582,1,0.561957,5
medqa,r1-distill-llama-8b,medqa_test_01264,1,0.460913,3
medqa,r1-distill-llama-8b,medqa_test_00693,0,0.47452,3
medqa,r1-distill-llama-8b,medqa_test_00388,1,0.479638,5
medqa,r1-distill-llama-8b,medqa_test_00430,1,0.533892,5
medqa,r1-distill-llama-8b,medqa_test_01097,1,0.495018,4
medqa,r1-distill-llama-8b,medqa_test_00302,1,0.150463,3
medqa,r1-distill-llama-8b,medqa_test_00713,1,0.695872,1
medqa,r1-distill-llama-8b,medqa_test_00412,1,0.414066,4
medqa,r1-distill-llama-8b,medqa_test_01199,1,0.233176,1
medqa,r1-distill-llama-8b,medqa_test_00418,1,0.633452,3
medqa,r1-distill-llama-8b,medqa_test_00316,0,0.575413,5
medqa,r1-distill-llama-8b,medqa_test_00519,0,0.530976,1
medqa,r1-distill-llama-8b,medqa_test_00961,0,0.501618,4
medqa,r1-distill-llama-8b,medqa_test_00737,0,0.488604,4
medqa,r1-distill-llama-8b,medqa_test_00127,1,0.563554,4
medqa,r1-distill-llama-8b,medqa_test_00922,0,0.399784,4
medqa,r1-distill-llama-8b,medqa_test_00784,1,0.659054,4
medqa,r1-distill-llama-8b,medqa_test_01102,0,0.673365,3
medqa,r1-distill-llama-8b,medqa_test_01109,1,0.677886,2
medqa,r1-distill-llama-8b,medqa_test_00680,1,0.794859,1
medqa,r1-distill-llama-8b,medqa_test_00441,1,0.371699,3
medqa,r1-distill-llama-8b,medqa_test_00372,0,0.608394,5
medqa,r1-distill-llama-8b,medqa_test_01061,1,0.5743,3
medqa,r1-distill-llama-8b,medqa_test_00686,1,0.559544,3
medqa,r1-distill-llama-8b,medqa_test_00925,1,0.63996,2
medqa,r1-distill-llama-8b,medqa_test_00992,1,0.486718,5
medqa,r1-distill-llama-8b,medqa_test_00736,1,0.55354,5
medqa,r1-distill-llama-8b,medqa_test_00904,1,0.402545,3
medqa,r1-distill-llama-8b,medqa_test_01127,1,0.492302,4
medqa,r1-distill-llama-8b,medqa_test_00783,1,0.469689,3
medqa,r1-distill-llama-8b,medqa_test_01066,0,0.147564,2
medqa,r1-distill-llama-8b,medqa_test_01144,0,0.66579,1
medqa,r1-distill-llama-8b,medqa_test_00260,1,0.463528,2
medqa,r1-distill-llama-8b,medqa_test_01181,1,0.544358,5
medqa,r1-distill-llama-8b,medqa_test_00590,1,0.308223,2
medqa,r1-distill-llama-8b,medqa_test_00523,0,0.721748,2
medqa,r1-distill-llama-8b,medqa_test_00446,0,0.615381,2
medqa,r1-distill-llama-8b,medqa_test_01072,1,0.67353,1
medqa,r1-distill-llama-8b,medqa_test_00444,0,0.646696,1
medqa,r1-distill-llama-8b,medqa_test_00111,1,0.501376,3
medqa,r1-distill-llama-8b,medqa_test_01198,0,0.44527,1
medqa,r1-distill-llama-8b,medqa_test_00594,0,0.495553,1
medqa,r1-distill-llama-8b,medqa_test_00182,0,0.525868,3
medqa,r1-distill-llama-8b,medqa_test_00972,0,0.557087,1
medqa,r1-distill-llama-8b,medqa_test_00339,0,0.580392,5
medqa,r1-distill-llama-8b,medqa_test_00549,0,0.507396,5
medqa,r1-distill-llama-8b,medqa_test_00409,1,0.584991,4
medqa,r1-distill-llama-8b,medqa_test_00656,1,0.664973,1
medqa,r1-distill-llama-8b,medqa_test_00359,0,0.659988,3
medqa,r1-distill-llama-8b,medqa_test_00807,1,0.504984,3
medqa,r1-distill-llama-8b,medqa_test_00791,0,0.566581,4
medqa,r1-distill-llama-8b,medqa_test_00071,0,0.529702,5
medqa,r1-distill-llama-8b,medqa_test_01176,0,0.611943,4
medqa,r1-distill-llama-8b,medqa_test_00336,0,0.513721,3
medqa,r1-distill-llama-8b,medqa_test_00408,1,0.521147,3
medqa,r1-distill-llama-8b,medqa_test_00197,1,0.565632,4
medqa,r1-distill-llama-8b,medqa_test_00675,1,0.422882,3
medqa,r1-distill-llama-8b,medqa_test_00024,0,0.441525,3
medqa,r1-distill-llama-8b,medqa_test_01146,1,0.556701,2
medqa,r1-distill-llama-8b,medqa_test_00233,1,0.492961,1
medqa,r1-distill-llama-8b,medqa_test_00814,1,0.551116,2
medqa,r1-distill-llama-8b,medqa_test_00358,0,0.609914,4
medqa,r1-distill-llama-8b,medqa_test_01113,1,0.644997,2
medqa,r1-distill-llama-8b,medqa_test_00204,0,0.579797,5
medqa,r1-distill-llama-8b,medqa_test_00391,0,0.577174,4
medqa,r1-distill-llama-8b,medqa_test_00806,0,0.588485,5
medqa,r1-distill-llama-8b,medqa_test_00273,0,0.308044,5
medqa,r1-distill-llama-8b,medqa_test_00254,1,0.721767,2
medqa,r1-distill-llama-8b,medqa_test_00970,1,0.615403,4
medqa,r1-distill-llama-8b,medqa_test_01256,1,0.499985,3
medqa,r1-distill-llama-8b,medqa_test_00421,0,0.279204,4
medqa,r1-distill-llama-8b,medqa_test_00801,1,0.643186,1
medqa,r1-distill-llama-8b,medqa_test_01134,0,0.588774,4
medqa,r1-distill-llama-8b,medqa_test_00754,1,0.58329,2
medqa,r1-distill-llama-8b,medqa_test_00183,0,0.539671,3
medqa,r1-distill-llama-8b,medqa_test_00025,1,0.560062,5
medqa,r1-distill-llama-8b,medqa_test_00181,1,0.468743,2
medqa,r1-distill-llama-8b,medqa_test_00830,0,0.321146,3
medqa,r1-distill-llama-8b,medqa_test_00819,0,0.33141,1
medqa,r1-distill-llama-8b,medqa_test_00166,1,0.671564,2
medqa,r1-distill-llama-8b,medqa_test_00242,0,0.228386,3
medqa,r1-distill-llama-8b,medqa_test_00158,1,0.295053,4
medqa,r1-distill-llama-8b,medqa_test_00767,1,0.403085,4
medqa,r1-distill-llama-8b,medqa_test_00635,1,0.392017,2
medqa,r1-distill-llama-8b,medqa_test_00573,0,0.575918,3
medqa,r1-distill-llama-8b,medqa_test_00798,0,0.362499,5
medqa,r1-distill-llama-8b,medqa_test_00362,0,0.185287,4
medqa,r1-distill-llama-8b,medqa_test_00105,0,0.704924,2
medqa,r1-distill-llama-8b,medqa_test_00682,0,0.551282,1
medqa,r1-distill-llama-8b,medqa_test_00698,0,0.584031,1
medqa,r1-distill-llama-8b,medqa_test_00908,0,0.629238,1
medqa,r1-distill-llama-8b,medqa_test_00982,1,0.575985,3
medqa,r1-distill-llama-8b,medqa_test_00815,1,0.459695,5
medqa,r1-distill-llama-8b,medqa_test_00373,1,0.430709,5
medqa,r1-distill-llama-8b,medqa_test_00315,0,0.53477,2
medqa,r1-distill-llama-8b,medqa_test_00042,0,0.491665,3
medqa,r1-distill-llama-8b,medqa_test_01158,0,0.495493,1
medqa,r1-distill-llama-8b,medqa_test_01239,0,0.463071,4
medqa,r1-distill-llama-8b,medqa_test_00151,0,0.146278,2
medqa,r1-distill-llama-8b,medqa_test_00565,1,0.479766,5
medqa,r1-distill-llama-8b,medqa_test_01179,0,0.569783,1
medqa,r1-distill-llama-8b,medqa_test_00854,1,0.616277,4
medqa,r1-distill-llama-8b,medqa_test_00036,1,0.578657,4
medqa,r1-distill-llama-8b,medqa_test_00558,1,0.551538,2
medqa,r1-distill-llama-8b,medqa_test_00152,1,0.242447,2
medqa,r1-distill-llama-8b,medqa_test_00707,1,0.744434,2
medqa,r1-distill-llama-8b,medqa_test_01192,0,0.5889,4
medqa,r1-distill-llama-8b,medqa_test_00574,1,0.673414,2
medqa,r1-distill-llama-8b,medqa_test_01035,1,0.47146,2
medqa,r1-distill-llama-8b,medqa_test_00722,1,0.385652,2
medqa,r1-distill-llama-8b,medqa_test_00564,0,0.295775,4
medqa,r1-distill-llama-8b,medqa_test_00452,0,0.390051,1
medqa,r1-distill-llama-8b,medqa_test_00759,0,0.239793,5
medqa,r1-distill-llama-8b,medqa_test_00165,0,0.235084,2
medqa,r1-distill-llama-8b,medqa_test_00652,0,0.543386,4
medqa,r1-distill-llama-8b,medqa_test_00133,1,0.547304,5
medqa,r1-distill-llama-8b,medqa_test_00789,0,0.641897,3
medqa,r1-distill-llama-8b,medqa_test_00341,1,0.674244,4
medqa,r1-distill-llama-8b,medqa_test_00045,1,0.636984,2
medqa,r1-distill-llama-8b,medqa_test_01167,1,0.548147,4
medqa,r1-distill-llama-8b,medqa_test_00849,1,0.534259,4
medqa,r1-distill-llama-8b,medqa_test_01105,1,0.622748,5
medqa,r1-distill-llama-8b,medqa_test_00094,1,0.408625,1
medqa,r1-distill-llama-8b,medqa_test_01139,0,0.278327,5
medqa,r1-distill-llama-8b,medqa_test_01112,0,0.629589,5
medqa,r1-distill-llama-8b,medqa_test_00500,0,0.386661,2
medqa,r1-distill-llama-8b,medqa_test_00517,0,0.510335,5
medqa,r1-distill-llama-8b,medqa_test_01053,1,0.280865,5
medqa,r1-distill-llama-8b,medqa_test_00649,0,0.53161,5
medqa,r1-distill-llama-8b,medqa_test_00208,1,0.550305,5
medqa,r1-distill-llama-8b,medqa_test_00351,0,0.351932,5
medqa,r1-distill-llama-8b,medqa_test_00215,0,0.544969,4
medqa,r1-distill-llama-8b,medqa_test_00619,0,0.320051,1
medqa,r1-distill-llama-8b,medqa_test_00288,0,0.47799,1
medqa,r1-distill-llama-8b,medqa_test_00278,1,0.49161,5
medqa,r1-distill-llama-8b,medqa_test_00566,0,0.472409,3
medqa,r1-distill-llama-8b,medqa_test_00760,1,0.520386,4
medqa,r1-distill-llama-8b,medqa_test_00987,0,0.507214,3
medqa,r1-distill-llama-8b,medqa_test_01119,1,0.561271,3
medqa,r1-distill-llama-8b,medqa_test_01075,0,0.486181,5
medqa,r1-distill-llama-8b,medqa_test_00106,0,0.429291,3
medqa,r1-distill-llama-8b,medqa_test_00679,1,0.516265,2
medqa,r1-distill-llama-8b,medqa_test_00836,1,0.490077,1
medqa,r1-distill-llama-8b,medqa_test_00683,0,0.607039,3
medqa,r1-distill-llama-8b,medqa_test_00008,1,0.567857,2
medqa,r1-distill-llama-8b,medqa_test_01231,1,0.716545,1
medqa,r1-distill-llama-8b,medqa_test_00669,1,0.525854,1
medqa,r1-distill-llama-8b,medqa_test_00826,0,0.482462,1
medqa,r1-distill-llama-8b,medqa_test_00626,1,0.463182,4
medqa,r1-distill-llama-8b,medqa_test_00309,0,0.617883,1
medqa,r1-distill-llama-8b,medqa_test_00556,1,0.399549,2
medqa,r1-distill-llama-8b,medqa_test_00853,0,0.536441,5
medqa,r1-distill-llama-8b,medqa_test_00448,0,0.381723,4
medqa,r1-distill-llama-8b,medqa_test_00291,1,0.52094,1
medqa,r1-distill-llama-8b,medqa_test_00378,0,0.439771,4
medqa,r1-distill-llama-8b,medqa_test_00250,1,0.61889,4
medqa,r1-distill-llama-8b,medqa_test_01024,0,0.535615,1
medqa,r1-distill-llama-8b,medqa_test_00357,0,0.265426,5
medqa,r1-distill-llama-8b,medqa_test_01186,0,0.238735,3
medqa,r1-distill-llama-8b,medqa_test_00966,0,0.608316,4
medqa,r1-distill-llama-8b,medqa_test_00518,0,0.384139,3
medqa,r1-distill-llama-8b,medqa_test_00218,1,0.652608,4
medqa,r1-distill-llama-8b,medqa_test_00550,0,0.661969,4
medqa,r1-distill-llama-8b,medqa_test_00075,0,0.492889,5
medqa,r1-distill-llama-8b,medqa_test_00102,1,0.531255,3
medqa,r1-distill-llama-8b,medqa_test_00576,0,0.41482,4
medqa,r1-distill-llama-8b,medqa_test_00636,1,0.66591,3
medqa,r1-distill-llama-8b,medqa_test_00009,1,0.292129,4
medqa,r1-distill-llama-8b,medqa_test_00074,0,0.419737,5
medqa,r1-distill-llama-8b,medqa_test_00769,0,0.3868,2
medqa,r1-distill-llama-8b,medqa_test_00951,0,0.347766,2
medqa,r1-distill-llama-8b,medqa_test_00307,0,0.42363,2
medqa,r1-distill-llama-8b,medqa_test_00660,1,0.618209,5
medqa,r1-distill-llama-8b,medqa_test_00687,1,0.401548,1
medqa,r1-distill-llama-8b,medqa_test_00134,1,0.657836,4
medqa,r1-distill-llama-8b,medqa_test_00405,0,0.227974,5
medqa,r1-distill-llama-8b,medqa_test_00244,1,0.086512,2
medqa,r1-distill-llama-8b,medqa_test_01012,1,0.632918,2
medqa,r1-distill-llama-8b,medqa_test_00733,0,0.624391,2
medqa,r1-distill-llama-8b,medqa_test_00267,0,0.898734,2
medqa,r1-distill-llama-8b,medqa_test_01143,0,0.358225,5
medqa,r1-distill-llama-8b,medqa_test_00535,1,0.630789,3
medqa,r1-distill-llama-8b,medqa_test_00578,0,0.518292,3
medqa,r1-distill-llama-8b,medqa_test_00597,1,0.44961,1
medqa,r1-distill-llama-8b,medqa_test_01205,0,0.418265,2
medqa,r1-distill-llama-8b,medqa_test_00634,0,0.314038,5
medqa,r1-distill-llama-8b,medqa_test_00040,1,0.673413,3
medqa,r1-distill-llama-8b,medqa_test_00608,1,0.556278,2
medqa,r1-distill-llama-8b,medqa_test_01216,0,0.461155,1
medqa,r1-distill-llama-8b,medqa_test_00583,0,0.236266,3
medqa,r1-distill-llama-8b,medqa_test_00911,0,0.209236,1
medqa,r1-distill-llama-8b,medqa_test_00964,0,0.47651,2
medqa,r1-distill-llama-8b,medqa_test_00122,1,0.562625,1
medqa,r1-distill-llama-8b,medqa_test_00413,1,0.533295,5
medqa,r1-distill-llama-8b,medqa_test_00240,1,0.581598,3
medqa,r1-distill-llama-8b,medqa_test_01067,0,0.154629,4
medqa,r1-distill-llama-8b,medqa_test_00691,1,0.732585,4
medqa,r1-distill-llama-8b,medqa_test_00069,1,0.429678,4
medqa,r1-distill-llama-8b,medqa_test_00609,1,0.630628,5
medqa,r1-distill-llama-8b,medqa_test_00190,0,0.589544,5
medqa,r1-distill-llama-8b,medqa_test_00871,1,0.523322,2
medqa,r1-distill-llama-8b,medqa_test_00082,0,0.579669,2
mmlu_pro,r1-distill-llama-8b,mmlu_pro_test_04946,0,0.40835,3
mmlu_pro,r1-distill-llama-8b,mmlu_pro_test_06900,1,0.645833,4
mmlu_pro,r1-distill-llama-8b,mmlu_pro_test_01405,0,0.525808,4
mmlu_pro,r1-distill-llama-8b,mmlu_pro_test_03199,1,0.617192,2
mmlu_pro,r1-distill-llama-8b,mmlu_pro_test_00399,0,0.569449,2
mmlu_pro,r1-distill-llama-8b,mmlu_pro_test_06405,0,0.663827,5
mmlu_pro,r1-distill-llama-8b,mmlu_pro_test_07379,0,0.541776,1
mmlu_pro,r1-distill-llama-8b,mmlu_pro_test_02736,1,0.679721,3
mmlu_pro,r1-distill-llama-8b,mmlu_pro_test_08299,1,0.705882,3
mmlu_pro,r1-distill-llama-8b,mmlu_pro_test_02400,1,0.561949,2
mmlu_pro,r1-distill-llama-8b,mmlu_pro_test_00612,0,0.579627,1
mmlu_pro,r1-distill-llama-8b,mmlu_pro_test_04994,0,0.465446,2
mmlu_pro,r1-distill-llama-8b,mmlu_pro_test_02961,1,0.381909,3
mmlu_pro,r1-distill-llama-8b,mmlu_pro_test_08614,1,0.692413,4
mmlu_pro,r1-distill-llama-8b,mmlu_pro_test_05716,1,0.587135,4
mmlu_pro,r1-distill-llama-8b,mmlu_pro_test_07328,0,0.650141,4
mmlu_pro,r1-distill-llama-8b,mmlu_pro_test_07664,1,0.70041,1
mmlu_pro,r1-distill-llama-8b,mmlu_pro_test_02354,0,0.614314,5
mmlu_pro,r1-distill-llama-8b,mmlu_pro_test_04767,0,0.456177,1
mmlu_pro,r1-distill-llama-8b,mmlu_pro_test_05252,0,0.195262,1
mmlu_pro,r1-distill-llama-8b,mmlu_pro_test_10247,1,0.577989,4
mmlu_pro,r1-distill-llama-8b,mmlu_pro_test_01449,0,0.50262,2
mmlu_pro,r1-distill-llama-8b,mmlu_pro_test_08489,1,0.512951,5
mmlu_pro,r1-distill-llama-8b,mmlu_pro_test_07315,0,0.262762,1
mmlu_pro,r1-distill-llama-8b,mmlu_pro_test_07308,0,0.312186,3
mmlu_pro,r1-distill-llama-8b,mmlu_pro_test_05875,1,0.647398,3
mmlu_pro,r1-distill-llama-8b,mmlu_pro_test_10639,0,0.562896,2
mmlu_pro,r1-distill-llama-8b,mmlu_pro_test_07624,0,0.737373,1
mmlu_pro,r1-distill-llama-8b,mmlu_pro_test_08841,1,0.668356,2
mmlu_pro,r1-distill-llama-8b,mmlu_pro_test_10104,1,0.469993,4
mmlu_pro,r1-distill-llama-8b,mmlu_pro_test_07610,1,0.61419,3
mmlu_pro,r1-distill-llama-8b,mmlu_pro_test_01518,0,0.503284,3
mmlu_pro,r1-distill-llama-8b,mmlu_pro_test_11897,0,0.438231,4
mmlu_pro,r1-distill-llama-8b,mmlu_pro_test_03821,1,0.669631,5
mmlu_pro,r1-distill-llama-8b,mmlu_pro_test_02666,0,0.544774,5
mmlu_pro,r1-distill-llama-8b,mmlu_pro_test_04762,1,0.566341,2
mmlu_pro,r1-distill-llama-8b,mmlu_pro_test_10305,1,0.607915,4
mmlu_pro,r1-distill-llama-8b,mmlu_pro_test_10990,1,0.601532,4
mmlu_pro,r1-distill-llama-8b,mmlu_pro_test_10376,1,0.416979,4
mmlu_pro,r1-distill-llama-8b,mmlu_pro_test_07465,0,0.372729,5
mmlu_pro,r1-distill-llama-8b,mmlu_pro_test_06478,1,0.480743,2
mmlu_pro,r1-distill-llama-8b,mmlu_pro_test_07227,0,0.575097,3
mmlu_pro,r1-distill-llama-8b,mmlu_pro_test_08081,1,0.654592,2
mmlu_pro,r1-distill-llama-8b,mmlu_pro_test_02006,0,0.459771,5
mmlu_pro,r1-distill-llama-8b,mmlu_pro_test_06169,1,0.637336,3
mmlu_pro,r1-distill-llama-8b,mmlu_pro_test_00777,1,0.593962,2
mmlu_pro,r1-distill-llama-8b,mmlu_pro_test_03086,1,0.54909,4
mmlu_pro,r1-distill-llama-8b,mmlu_pro_test_06764,0,0.300167,5
mmlu_pro,r1-distill-llama-8b,mmlu_pro_test_04577,0,0.396973,1
mmlu_pro,r1-distill-llama-8b,mmlu_pro_test_04648,0,0.239845,3
mmlu_pro,r1-distill-llama-8b,mmlu_pro_test_03333,1,0.13387,5
mmlu_pro,r1-distill-llama-8b,mmlu_pro_test_07073,0,0.623806,5
mmlu_pro,r1-distill-llama-8b,mmlu_pro_test_02543,0,0.572063,5
mmlu_pro,r1-distill-llama-8b,mmlu_pro_test_09545,1,0.600869,4
mmlu_pro,r1-distill-llama-8b,mmlu_pro_test_05814,1,0.571714,1
mmlu_pro,r1-distill-llama-8b,mmlu_pro_test_10619,0,0.492776,2
mmlu_pro,r1-distill-llama-8b,mmlu_pro_test_04531,1,0.388626,4
mmlu_pro,r1-distill-llama-8b,mmlu_pro_test_05901,0,0.094573,4
mmlu_pro,r1-distill-llama-8b,mmlu_pro_test_01520,0,0.486898,2
mmlu_pro,r1-distill-llama-8b,mmlu_pro_test_04600,1,0.33874,1
mmlu_pro,r1-distill-llama-8b,mmlu_pro_test_08707,1,0.589399,1
mmlu_pro,r1-distill-llama-8b,mmlu_pro_test_06047,1,0.503679,3
mmlu_pro,r1-distill-llama-8b,mmlu_pro_test_10314,1,0.591999,1
mmlu_pro,r1-distill-llama-8b,mmlu_pro_test_06344,0,0.455147,3
mmlu_pro,r1-distill-llama-8b,mmlu_pro_test_07841,1,0.66886,5
mmlu_pro,r1-distill-llama-8b,mmlu_pro_test_02367,0,0.434908,5
mmlu_pro,r1-distill-llama-8b,mmlu_pro_test_03243,0,0.448097,4
mmlu_pro,r1-distill-llama-8b,mmlu_pro_test_03551,1,0.600158,4
mmlu_pro,r1-distill-llama-8b,mmlu_pro_test_00105,1,0.433868,4
mmlu_pro,r1-distill-llama-8b,mmlu_pro_test_07621,1,0.516824,4
mmlu_pro,r1-distill-llama-8b,mmlu_pro_test_05290,0,0.51817,1
mmlu_pro,r1-distill-llama-8b,mmlu_pro_test_06374,0,0.592536,1
mmlu_pro,r1-distill-llama-8b,mmlu_pro_test_04854,1,0.668595,5
mmlu_pro,r1-distill-llama-8b,mmlu_pro_test_01994,0,0.469719,3
mmlu_pro,r1-distill-llama-8b,mmlu_pro_test_08531,1,0.295245,1
mmlu_pro,r1-distill-llama-8b,mmlu_pro_test_07336,0,0.466735,2
mmlu_pro,r1-distill-llama-8b,mmlu_pro_test_06826,1,0.440954,3
mmlu_pro,r1-distill-llama-8b,mmlu_pro_test_03296,1,0.445158,5
mmlu_pro,r1-distill-llama-8b,mmlu_pro_test_01155,0,0.231249,2
mmlu_pro,r1-distill-llama-8b,mmlu_pro_test_04641,0,0.609568,1
mmlu_pro,r1-distill-llama-8b,mmlu_pro_test_06440,0,0.097291,1
mmlu_pro,r1-distill-llama-8b,mmlu_pro_test_04810,0,0.525803,2
mmlu_pro,r1-distill-llama-8b,mmlu_pro_test_06683,0,0.526279,2
mmlu_pro,r1-distill-llama-8b,mmlu_pro_test_10242,1,0.618963,4
mmlu_pro,r1-distill-llama-8b,mmlu_pro_test_06474,0,0.725632,3
mmlu_pro,r1-distill-llama-8b,mmlu_pro_test_01722,0,0.254703,2
mmlu_pro,r1-distill-llama-8b,mmlu_pro_test_01510,0,0.635094,1
mmlu_pro,r1-distill-llama-8b,mmlu_pro_test_07068,0,0.470613,5
mmlu_pro,r1-distill-llama-8b,mmlu_pro_test_01471,1,0.351318,5
mmlu_pro,r1-distill-llama-8b,mmlu_pro_test_04667,0,0.642998,5
mmlu_pro,r1-distill-llama-8b,mmlu_pro_test_04596,1,0.54466,2
mmlu_pro,r1-distill-llama-8b,mmlu_pro_test_11048,0,0.501583,2
mmlu_pro,r1-distill-llama-8b,mmlu_pro_test_08599,1,0.688879,1
mmlu_pro,r1-distill-llama-8b,mmlu_pro_test_06330,0,0.434753,5
mmlu_pro,r1-distill-llama-8b,mmlu_pro_test_09589,1,0.561662,1
mmlu_pro,r1-distill-llama-8b,mmlu_pro_test_01851,0,0.579539,4
mmlu_pro,r1-distill-llama-8b,mmlu_pro_test_04323,1,0.496581,1
mmlu_pro,r1-distill-llama-8b,mmlu_pro_test_03177,0,0.575163,4
mmlu_pro,r1-distill-llama-8b,mmlu_pro_test_02899,1,0.646452,3
mmlu_pro,r1-distill-llama-8b,mmlu_pro_test_06094,0,0.489367,5
mmlu_pro,r1-distill-llama-8b,mmlu_pro_test_10249,0,0.501957,2
mmlu_pro,r1-distill-llama-8b,mmlu_pro_test_10777,0,0.414034,2
mmlu_pro,r1-distill-llama-8b,mmlu_pro_test_00193,0,0.634136,4
mmlu_pro,r1-distill-llama-8b,mmlu_pro_test_06476,0,0.465103,4
mmlu_pro,r1-distill-llama-8b,mmlu_pro_test_03128,1,0.591753,1
mmlu_pro,r1-distill-llama-8b,mmlu_pro_test_06423,0,0.511931,5
mmlu_pro,r1-distill-llama-8b,mmlu_pro_test_02619,0,0.378793,2
mmlu_pro,r1-distill-llama-8b,mmlu_pro_test_07547,0,0.534619,5
mmlu_pro,r1-distill-llama-8b,mmlu_pro_test_03546,1,0.529206,4
mmlu_pro,r1-distill-llama-8b,mmlu_pro_test_05346,0,0.479953,4
mmlu_pro,r1-distill-llama-8b,mmlu_pro_test_02989,1,0.604265,1
mmlu_pro,r1-distill-llama-8b,mmlu_pro_test_01054,0,0.277114,4
mmlu_pro,r1-distill-llama-8b,mmlu_pro_test_07105,0,0.531762,3
mmlu_pro,r1-distill-llama-8b,mmlu_pro_test_03107,1,0.546757,1
mmlu_pro,r1-distill-llama-8b,mmlu_pro_test_10696,0,0.289658,4
mmlu_pro,r1-distill-llama-8b,mmlu_pro_test_02622,1,0.006404,3
mmlu_pro,r1-distill-llama-8b,mmlu_pro_test_02098,1,0.74619,3
mmlu_pro,r1-distill-llama-8b,mmlu_pro_test_01873,0,0.448877,4
mmlu_pro,r1-distill-llama-8b,mmlu_pro_test_02310,1,0.45744,3
mmlu_pro,r1-distill-llama-8b,mmlu_pro_test_04768,0,0.483327,2
mmlu_pro,r1-distill-llama-8b,mmlu_pro_test_00538,1,0.720293,5
mmlu_pro,r1-distill-llama-8b,mmlu_pro_test_08558,1,0.586097,4
mmlu_pro,r1-distill-llama-8b,mmlu_pro_test_02212,1,0.499681,5
mmlu_pro,r1-distill-llama-8b,mmlu_pro_test_00294,0,0.466802,3
mmlu_pro,r1-distill-llama-8b,mmlu_pro_test_01352,0,0.53982,1
mmlu_pro,r1-distill-llama-8b,mmlu_pro_test_10274,0,0.308804,2
mmlu_pro,r1-distill-llama-8b,mmlu_pro_test_00677,1,0.571059,1
mmlu_pro,r1-distill-llama-8b,mmlu_pro_test_06106,1,0.497912,5
mmlu_pro,r1-distill-llama-8b,mmlu_pro_test_01153,0,0.237593,1
mmlu_pro,r1-distill-llama-8b,mmlu_pro_test_10822,0,0.323006,3
mmlu_pro,r1-distill-llama-8b,mmlu_pro_test_00244,0,0.542438,1
mmlu_pro,r1-distill-llama-8b,mmlu_pro_test_05645,1,0.510415,4
mmlu_pro,r1-distill-llama-8b,mmlu_pro_test_01750,0,0.260661,1
mmlu_pro,r1-distill-llama-8b,mmlu_pro_test_01875,0,0.286942,5
mmlu_pro,r1-distill-llama-8b,mmlu_pro_test_01105,0,0.457762,1
mmlu_pro,r1-distill-llama-8b,mmlu_pro_test_03360,1,0.55553,2
mmlu_pro,r1-distill-llama-8b,mmlu_pro_test_01281,0,0.555568,5
mmlu_pro,r1-distill-llama-8b,mmlu_pro_test_06933,1,0.580744,3
mmlu_pro,r1-distill-llama-8b,mmlu_pro_test_01741,0,0.186277,2
mmlu_pro,r1-distill-llama-8b,mmlu_pro_test_07745,0,0.475425,5
mmlu_pro,r1-distill-llama-8b,mmlu_pro_test_05863,0,0.390751,5
mmlu_pro,r1-distill-llama-8b,mmlu_pro_test_00578,0,0.704956,4
mmlu_pro,r1-distill-llama-8b,mmlu_pro_test_01634,0,0.582073,3
mmlu_pro,r1-distill-llama-8b,mmlu_pro_test_01115,0,0.655476,3
mmlu_pro,r1-distill-llama-8b,mmlu_pro_test_01088,0,0.275542,5
mmlu_pro,r1-distill-llama-8b,mmlu_pro_test_09247,1,0.670704,5
mmlu_pro,r1-distill-llama-8b,mmlu_pro_test_00943,0,0.344301,2
mmlu_pro,r1-distill-llama-8b,mmlu_pro_test_05483,1,0.241687,1
mmlu_pro,r1-distill-llama-8b,mmlu_pro_test_00881,1,0.494517,2
mmlu_pro,r1-distill-llama-8b,mmlu_pro_test_06356,0,0.503703,2
mmlu_pro,r1-distill-llama-8b,mmlu_pro_test_05571,0,0.450825,2
mmlu_pro,r1-distill-llama-8b,mmlu_pro_test_05042,0,0.698896,3
mmlu_pro,r1-distill-llama-8b,mmlu_pro_test_06964,1,0.557773,5
mmlu_pro,r1-distill-llama-8b,mmlu_pro_test_06324,0,0.558084,5
mmlu_pro,r1-distill-llama-8b,mmlu_pro_test_11328,1,0.56941,4
mmlu_pro,r1-distill-llama-8b,mmlu_pro_test_10848,0,0.341458,1
mmlu_pro,r1-distill-llama-8b,mmlu_pro_test_09027,0,0.640497,3
mmlu_pro,r1-distill-llama-8b,mmlu_pro_test_06780,1,0.405518,4
mmlu_pro,r1-distill-llama-8b,mmlu_pro_test_06430,0,0.503094,2
mmlu_pro,r1-distill-llama-8b,mmlu_pro_test_09215,1,0.649264,5
mmlu_pro,r1-distill-llama-8b,mmlu_pro_test_08916,0,0.730787,3
mmlu_pro,r1-distill-llama-8b,mmlu_pro_test_03285,1,0.516553,3
mmlu_pro,r1-distill-llama-8b,mmlu_pro_test_07952,0,0.699477,3
mmlu_pro,r1-distill-llama-8b,mmlu_pro_test_02613,1,0.584341,3
mmlu_pro,r1-distill-llama-8b,mmlu_pro_test_07051,1,0.467502,2
mmlu_pro,r1-distill-llama-8b,mmlu_pro_test_06654,1,0.518589,3
mmlu_pro,r1-distill-llama-8b,mmlu_pro_test_08077,1,0.57607,4
mmlu_pro,r1-distill-llama-8b,mmlu_pro_test_02376,0,0.423005,2
mmlu_pro,r1-distill-llama-8b,mmlu_pro_test_10943,0,0.548816,1
mmlu_pro,r1-distill-llama-8b,mmlu_pro_test_01822,0,0.633374,1
mmlu_pro,r1-distill-llama-8b,mmlu_pro_test_08513,1,0.546493,2
mmlu_pro,r1-distill-llama-8b,mmlu_pro_test_06409,1,0.284478,3
mmlu_pro,r1-distill-llama-8b,mmlu_pro_test_05509,1,0.491499,2
mmlu_pro,r1-distill-llama-8b,mmlu_pro_test_07012,0,0.512856,3
mmlu_pro,r1-distill-llama-8b,mmlu_pro_test_07233,1,0.573578,4
mmlu_pro,r1-distill-llama-8b,mmlu_pro_test_04296,1,0.571047,2
mmlu_pro,r1-distill-llama-8b,mmlu_pro_test_02676,1,0.41243,1
mmlu_pro,r1-distill-llama-8b,mmlu_pro_test_07131,0,0.592499,3
mmlu_pro,r1-distill-llama-8b,mmlu_pro_test_03420,0,0.472184,2
mmlu_pro,r1-distill-llama-8b,mmlu_pro_test_07275,1,0.61269,4
mmlu_pro,r1-distill-llama-8b,mmlu_pro_test_10194,0,0.52532,2
mmlu_pro,r1-distill-llama-8b,mmlu_pro_test_07176,1,0.439917,2
mmlu_pro,r1-distill-llama-8b,mmlu_pro_test_00102,1,0.678487,2
mmlu_pro,r1-distill-llama-8b,mmlu_pro_test_01799,1,0.556021,3
mmlu_pro,r1-distill-llama-8b,mmlu_pro_test_06147,0,0.55678,4
mmlu_pro,r1-distill-llama-8b,mmlu_pro_test_02443,1,0.578481,2
mmlu_pro,r1-distill-llama-8b,mmlu_pro_test_05266,0,0.670111,1
mmlu_pro,r1-distill-llama-8b,mmlu_pro_test_05079,1,0.503048,1
mmlu_pro,r1-distill-llama-8b,mmlu_pro_test_07712,1,0.740865,3
mmlu_pro,r1-distill-llama-8b,mmlu_pro_test_07938,0,0.057931,1
mmlu_pro,r1-distill-llama-8b,mmlu_pro_test_10854,1,0.473812,5
mmlu_pro,r1-distill-llama-8b,mmlu_pro_test_02199,0,0.67229,3
mmlu_pro,r1-distill-llama-8b,mmlu_pro_test_00801,0,0.350944,5
mmlu_pro,r1-distill-llama-8b,mmlu_pro_test_04601,0,0.510445,5
mmlu_pro,r1-distill-llama-8b,mmlu_pro_test_06758,1,0.598071,5
mmlu_pro,r1-distill-llama-8b,mmlu_pro_test_05350,0,0.369204,2
mmlu_pro,r1-distill-llama-8b,mmlu_pro_test_02247,1,0.452876,4
mmlu_pro,r1-distill-llama-8b,mmlu_pro_test_01490,0,0.421723,2
mmlu_pro,r1-distill-llama-8b,mmlu_pro_test_00144,1,0.729078,4
mmlu_pro,r1-distill-llama-8b,mmlu_pro_test_03337,0,0.61039,2
mmlu_pro,r1-distill-llama-8b,mmlu_pro_test_05298,0,0.436909,1
mmlu_pro,r1-distill-llama-8b,mmlu_pro_test_02279,1,0.538379,2
mmlu_pro,r1-distill-llama-8b,mmlu_pro_test_06777,1,0.576727,2
mmlu_pro,r1-distill-llama-8b,mmlu_pro_test_03188,0,0.63268,3
mmlu_pro,r1-distill-llama-8b,mmlu_pro_test_04250,1,0.536364,4
mmlu_pro,r1-distill-llama-8b,mmlu_pro_test_01250,0,0.345972,3
mmlu_pro,r1-distill-llama-8b,mmlu_pro_test_02173,0,0.478112,4
mmlu_pro,r1-distill-llama-8b,mmlu_pro_test_00728,1,0.66204,5
mmlu_pro,r1-distill-llama-8b,mmlu_pro_test_01919,0,0.477658,5
mmlu_pro,r1-distill-llama-8b,mmlu_pro_test_05840,0,0.54555,1
mmlu_pro,r1-distill-llama-8b,mmlu_pro_test_10423,1,0.651651,5
mmlu_pro,r1-distill-llama-8b,mmlu_pro_test_05818,0,0.469916,4
mmlu_pro,r1-distill-llama-8b,mmlu_pro_test_10067,1,0.552248,5
mmlu_pro,r1-distill-llama-8b,mmlu_pro_test_08111,1,0.592576,4
mmlu_pro,r1-distill-llama-8b,mmlu_pro_test_05926,0,0.427135,2
mmlu_pro,r1-distill-llama-8b,mmlu_pro_test_00751,0,0.663205,4
mmlu_pro,r1-distill-llama-8b,mmlu_pro_test_10827,1,0.609518,4
mmlu_pro,r1-distill-llama-8b,mmlu_pro_test_08788,0,0.439806,3
mmlu_pro,r1-distill-llama-8b,mmlu_pro_test_00644,1,0.47503,4
mmlu_pro,r1-distill-llama-8b,mmlu_pro_test_01205,1,0.581113,1
mmlu_pro,r1-distill-llama-8b,mmlu_pro_test_05689,0,0.333205,2
mmlu_pro,r1-distill-llama-8b,mmlu_pro_test_05010,0,0.646452,5
mmlu_pro,r1-distill-llama-8b,mmlu_pro_test_05512,0,0.041678,5
mmlu_pro,r1-distill-llama-8b,mmlu_pro_test_06901,1,0.605782,2
mmlu_pro,r1-distill-llama-8b,mmlu_pro_test_04665,1,0.592141,2
mmlu_pro,r1-distill-llama-8b,mmlu_pro_test_06854,0,0.386875,4
mmlu_pro,r1-distill-llama-8b,mmlu_pro_test_02874,0,0.526691,5
mmlu_pro,r1-distill-llama-8b,mmlu_pro_test_11021,1,0.514438,1
mmlu_pro,r1-distill-llama-8b,mmlu_pro_test_06497,1,0.516891,4
mmlu_pro,r1-distill-llama-8b,mmlu_pro_test_08694,1,0.54535,4
mmlu_pro,r1-distill-llama-8b,mmlu_pro_test_05696,0,0.587445,3
mmlu_pro,r1-distill-llama-8b,mmlu_pro_test_07437,1,0.531154,2
mmlu_pro,r1-distill-llama-8b,mmlu_pro_test_01831,0,0.493395,4
mmlu_pro,r1-distill-llama-8b,mmlu_pro_test_02148,1,0.60962,3
mmlu_pro,r1-distill-llama-8b,mmlu_pro_test_00219,1,0.65878,3
mmlu_pro,r1-distill-llama-8b,mmlu_pro_test_01532,1,0.447005,5
mmlu_pro,r1-distill-llama-8b,mmlu_pro_test_03087,1,0.284555,5
mmlu_pro,r1-distill-llama-8b,mmlu_pro_test_07100,1,0.564628,2
mmlu_pro,r1-distill-llama-8b,mmlu_pro_test_09170,1,0.626484,4
mmlu_pro,r1-distill-llama-8b,mmlu_pro_test_04309,1,0.683046,3
mmlu_pro,r1-distill-llama-8b,mmlu_pro_test_08993,1,0.543986,5
mmlu_pro,r1-distill-llama-8b,mmlu_pro_test_10113,1,0.684412,5
mmlu_pro,r1-distill-llama-8b,mmlu_pro_test_08399,1,0.547582,1
mmlu_pro,r1-distill-llama-8b,mmlu_pro_test_01252,0,0.486049,4
mmlu_pro,r1-distill-llama-8b,mmlu_pro_test_02171,0,0.428484,1
mmlu_pro,r1-distill-llama-8b,mmlu_pro_test_07031,1,0.572073,5
mmlu_pro,r1-distill-llama-8b,mmlu_pro_test_11015,0,0.393579,4
mmlu_pro,r1-distill-llama-8b,mmlu_pro_test_06831,1,0.527864,2
mmlu_pro,r1-distill-llama-8b,mmlu_pro_test_09713,1,0.738928,2
mmlu_pro,r1-distill-llama-8b,mmlu_pro_test_05195,1,0.519088,4
mmlu_pro,r1-distill-llama-8b,mmlu_pro_test_08685,0,0.467688,5
mmlu_pro,r1-distill-llama-8b,mmlu_pro_test_04928,1,0.30949,3
mmlu_pro,r1-distill-llama-8b,mmlu_pro_test_01141,0,0.459391,4
mmlu_pro,r1-distill-llama-8b,mmlu_pro_test_06313,1,0.545774,2
mmlu_pro,r1-distill-llama-8b,mmlu_pro_test_06295,0,0.451786,3
mmlu_pro,r1-distill-llama-8b,mmlu_pro_test_08122,1,0.686054,1
mmlu_pro,r1-distill-llama-8b,mmlu_pro_test_00811,1,0.628647,3
mmlu_pro,r1-distill-llama-8b,mmlu_pro_test_06830,1,0.656215,2
mmlu_pro,r1-distill-llama-8b,mmlu_pro_test_02011,0,0.257864,1
mmlu_pro,r1-distill-llama-8b,mmlu_pro_test_01134,0,0.302529,4
mmlu_pro,r1-distill-llama-8b,mmlu_pro_test_01760,0,0.294843,3
mmlu_pro,r1-distill-llama-8b,mmlu_pro_test_09123,0,0.595721,3
mmlu_pro,r1-distill-llama-8b,mmlu_pro_test_04867,0,0.433327,2
mmlu_pro,r1-distill-llama-8b,mmlu_pro_test_00329,1,0.539538,1
mmlu_pro,r1-distill-llama-8b,mmlu_pro_test_01736,1,0.613474,3
mmlu_pro,r1-distill-llama-8b,mmlu_pro_test_04974,1,0.545303,5
mmlu_pro,r1-distill-llama-8b,mmlu_pro_test_04929,1,0.419361,3
mmlu_pro,r1-distill-llama-8b,mmlu_pro_test_00906,0,0.55796,3
mmlu_pro,r1-distill-llama-8b,mmlu_pro_test_04603,0,0.230607,2
mmlu_pro,r1-distill-llama-8b,mmlu_pro_test_06663,0,0.286283,5
mmlu_pro,r1-distill-llama-8b,mmlu_pro_test_05202,1,0.459965,3
mmlu_pro,r1-distill-llama-8b,mmlu_pro_test_07832,1,0.702943,5
mmlu_pro,r1-distill-llama-8b,mmlu_pro_test_06787,1,0.545094,3
mmlu_pro,r1-distill-llama-8b,mmlu_pro_test_03436,1,0.673038,3
mmlu_pro,r1-distill-llama-8b,mmlu_pro_test_05678,0,0.573593,5
mmlu_pro,r1-distill-llama-8b,mmlu_pro_test_11904,0,0.487671,3
mmlu_pro,r1-distill-llama-8b,mmlu_pro_test_06424,0,0.551983,3
mmlu_pro,r1-distill-llama-8b,mmlu_pro_test_02283,0,0.453806,4
mmlu_pro,r1-distill-llama-8b,mmlu_pro_test_01003,0,0.455608,1
mmlu_pro,r1-distill-llama-8b,mmlu_pro_test_10324,0,0.618793,2
mmlu_pro,r1-distill-llama-8b,mmlu_pro_test_11346,1,0.58207,3
mmlu_pro,r1-distill-llama-8b,mmlu_pro_test_03182,1,0.544498,1
mmlu_pro,r1-distill-llama-8b,mmlu_pro_test_08688,0,0.597709,3
mmlu_pro,r1-distill-llama-8b,mmlu_pro_test_05109,0,0.274388,3
mmlu_pro,r1-distill-llama-8b,mmlu_pro_test_10163,0,0.375356,2
mmlu_pro,r1-distill-llama-8b,mmlu_pro_test_11639,1,0.708321,4
mmlu_pro,r1-distill-llama-8b,mmlu_pro_test_06451,0,0.498956,4
mmlu_pro,r1-distill-llama-8b,mmlu_pro_test_00836,0,0.527567,5
mmlu_pro,r1-distill-llama-8b,mmlu_pro_test_08372,1,0.511639,4
mmlu_pro,r1-distill-llama-8b,mmlu_pro_test_01355,0,0.678515,3
mmlu_pro,r1-distill-llama-8b,mmlu_pro_test_10802,0,0.60622,2
mmlu_pro,r1-distill-llama-8b,mmlu_pro_test_00880,0,0.419614,1
mmlu_pro,r1-distill-llama-8b,mmlu_pro_test_03601,1,0.55114,1
mmlu_pro,r1-distill-llama-8b,mmlu_pro_test_09942,0,0.400625,2
mmlu_pro,r1-distill-llama-8b,mmlu_pro_test_06822,0,0.388064,5
mmlu_pro,r1-distill-llama-8b,mmlu_pro_test_05452,0,0.470847,2
mmlu_pro,r1-distill-llama-8b,mmlu_pro_test_09544,1,0.182056,2
mmlu_pro,r1-distill-llama-8b,mmlu_pro_test_00425,1,0.625338,5
mmlu_pro,r1-distill-llama-8b,mmlu_pro_test_02544,1,0.523855,2
mmlu_pro,r1-distill-llama-8b,mmlu_pro_test_08699,1,0.729782,5
mmlu_pro,r1-distill-llama-8b,mmlu_pro_test_03795,1,0.601741,4
mmlu_pro,r1-distill-llama-8b,mmlu_pro_test_06341,1,0.514853,4
mmlu_pro,r1-distill-llama-8b,mmlu_pro_test_06977,0,0.251937,3
mmlu_pro,r1-distill-llama-8b,mmlu_pro_test_06331,1,0.317079,1
mmlu_pro,r1-distill-llama-8b,mmlu_pro_test_06905,0,0.631662,4
mmlu_pro,r1-distill-llama-8b,mmlu_pro_test_02285,0,0.231831,3
mmlu_pro,r1-distill-llama-8b,mmlu_pro_test_11020,0,0.431256,4
mmlu_pro,r1-distill-llama-8b,mmlu_pro_test_05679,0,0.541246,4
mmlu_pro,r1-distill-llama-8b,mmlu_pro_test_06517,0,0.561302,2
mmlu_pro,r1-distill-llama-8b,mmlu_pro_test_03061,1,0.550307,4
mmlu_pro,r1-distill-llama-8b,mmlu_pro_test_10973,0,0.557764,4
mmlu_pro,r1-distill-llama-8b,mmlu_pro_test_09801,1,0.617563,4
mmlu_pro,r1-distill-llama-8b,mmlu_pro_test_02225,1,0.501814,2
mmlu_pro,r1-distill-llama-8b,mmlu_pro_test_00940,0,0.447217,2
mmlu_pro,r1-distill-llama-8b,mmlu_pro_test_06579,0,0.463872,4
mmlu_pro,r1-distill-llama-8b,mmlu_pro_test_08275,1,0.370798,2
mmlu_pro,r1-distill-llama-8b,mmlu_pro_test_09550,0,0.352888,3
mmlu_pro,r1-distill-llama-8b,mmlu_pro_test_02498,1,0.473518,1
mmlu_pro,r1-distill-llama-8b,mmlu_pro_test_09911,1,0.502924,2
mmlu_pro,r1-distill-llama-8b,mmlu_pro_test_01960,1,0.452689,1
mmlu_pro,r1-distill-llama-8b,mmlu_pro_test_10708,1,0.485212,3
mmlu_pro,r1-distill-llama-8b,mmlu_pro_test_02841,0,0.605849,1
mmlu_pro,r1-distill-llama-8b,mmlu_pro_test_11547,0,0.335071,1
mmlu_pro,r1-distill-llama-8b,mmlu_pro_test_07857,1,0.706023,5
mmlu_pro,r1-distill-llama-8b,mmlu_pro_test_06513,1,0.62657,2
mmlu_pro,r1-distill-llama-8b,mmlu_pro_test_07069,1,0.590225,1
mmlu_pro,r1-distill-llama-8b,mmlu_pro_test_00479,0,0.306574,1
mmlu_pro,r1-distill-llama-8b,mmlu_pro_test_03955,1,0.599203,2
mmlu_pro,r1-distill-llama-8b,mmlu_pro_test_05605,0,0.068995,3
mmlu_pro,r1-distill-llama-8b,mmlu_pro_test_07246,1,0.527012,3
mmlu_pro,r1-distill-llama-8b,mmlu_pro_test_02726,0,0.20049,4
mmlu_pro,r1-distill-llama-8b,mmlu_pro_test_03025,1,0.596172,2
mmlu_pro,r1-distill-llama-8b,mmlu_pro_test_04032,0,0.462118,3
mmlu_pro,r1-distill-llama-8b,mmlu_pro_test_04556,0,0.431565,4
mmlu_pro,r1-distill-llama-8b,mmlu_pro_test_00159,0,0.739432,1
mmlu_pro,r1-distill-llama-8b,mmlu_pro_test_10348,0,0.496537,2
mmlu_pro,r1-distill-llama-8b,mmlu_pro_test_01626,1,0.135164,1
mmlu_pro,r1-distill-llama-8b,mmlu_pro_test_10350,0,0.453255,4
mmlu_pro,r1-distill-llama-8b,mmlu_pro_test_03055,1,0.547117,1
mmlu_pro,r1-distill-llama-8b,mmlu_pro_test_00636,1,0.568679,3
mmlu_pro,r1-distill-llama-8b,mmlu_pro_test_00277,1,0.570369,5
mmlu_pro,r1-distill-llama-8b,mmlu_pro_test_00288,1,0.514003,3
mmlu_pro,r1-distill-llama-8b,mmlu_pro_test_11665,0,0.572416,4
mmlu_pro,r1-distill-llama-8b,mmlu_pro_test_06037,0,0.59788,1
mmlu_pro,r1-distill-llama-8b,mmlu_pro_test_10887,0,0.135136,2
mmlu_pro,r1-distill-llama-8b,mmlu_pro_test_07156,0,0.171112,4
mmlu_pro,r1-distill-llama-8b,mmlu_pro_test_02540,1,0.399881,3
mmlu_pro,r1-distill-llama-8b,mmlu_pro_test_06076,1,0.49663,5
mmlu_pro,r1-distill-llama-8b,mmlu_pro_test_00886,0,0.602715,3
mmlu_pro,r1-distill-llama-8b,mmlu_pro_test_01537,0,0.494989,1
mmlu_pro,r1-distill-llama-8b,mmlu_pro_test_09637,0,0.657537,5
mmlu_pro,r1-distill-llama-8b,mmlu_pro_test_00900,0,0.568255,3
mmlu_pro,r1-distill-llama-8b,mmlu_pro_test_10222,1,0.466905,5
mmlu_pro,r1-distill-llama-8b,mmlu_pro_test_08932,0,0.572846,4
mmlu_pro,r1-distill-llama-8b,mmlu_pro_test_01482,0,0.541256,1
mmlu_pro,r1-distill-llama-8b,mmlu_pro_test_05997,0,0.640359,5
mmlu_pro,r1-distill-llama-8b,mmlu_pro_test_03206,1,0.650697,1
mmlu_pro,r1-distill-llama-8b,mmlu_pro_test_03219,1,0.648928,2
mmlu_pro,r1-distill-llama-8b,mmlu_pro_test_06239,1,0.532048,2
mmlu_pro,r1-distill-llama-8b,mmlu_pro_test_11431,1,0.656017,2
mmlu_pro,r1-distill-llama-8b,mmlu_pro_test_01772,1,0.389281,4
mmlu_pro,r1-distill-llama-8b,mmlu_pro_test_04910,0,0.56081,5
mmlu_pro,r1-distill-llama-8b,mmlu_pro_test_04765,1,0.545369,4
mmlu_pro,r1-distill-llama-8b,mmlu_pro_test_03207,1,0.630824,1
mmlu_pro,r1-distill-llama-8b,mmlu_pro_test_05102,1,0.413167,4
mmlu_pro,r1-distill-llama-8b,mmlu_pro_test_08269,0,0.601544,2
mmlu_pro,r1-distill-llama-8b,mmlu_pro_test_09488,0,0.09926,5
mmlu_pro,r1-distill-llama-8b,mmlu_pro_test_01019,0,0.259947,2
mmlu_pro,r1-distill-llama-8b,mmlu_pro_test_06772,1,0.611105,3
mmlu_pro,r1-distill-llama-8b,mmlu_pro_test_09129,0,0.031133,3
mmlu_pro,r1-distill-llama-8b,mmlu_pro_test_05528,1,0.453176,3
mmlu_pro,r1-distill-llama-8b,mmlu_pro_test_00467,0,0.618203,2
mmlu_pro,r1-distill-llama-8b,mmlu_pro_test_01400,1,0.33054,5
mmlu_pro,r1-distill-llama-8b,mmlu_pro_test_00792,0,0.435187,1
mmlu_pro,r1-distill-llama-8b,mmlu_pro_test_09177,1,0.40757,5
mmlu_pro,r1-distill-llama-8b,mmlu_pro_test_08481,0,0.090815,2
mmlu_pro,r1-distill-llama-8b,mmlu_pro_test_06546,1,0.533517,2
mmlu_pro,r1-distill-llama-8b,mmlu_pro_test_05897,1,0.418785,3
mmlu_pro,r1-distill-llama-8b,mmlu_pro_test_11008,0,0.413861,3
mmlu_pro,r1-distill-llama-8b,mmlu_pro_test_03402,0,0.405765,5
mmlu_pro,r1-distill-llama-8b,mmlu_pro_test_09827,1,0.585791,5
mmlu_pro,r1-distill-llama-8b,mmlu_pro_test_04611,1,0.645832,5
mmlu_pro,r1-distill-llama-8b,mmlu_pro_test_00045,0,0.308747,4
mmlu_pro,r1-distill-llama-8b,mmlu_pro_test_07164,1,0.229377,5
mmlu_pro,r1-distill-llama-8b,mmlu_pro_test_02203,1,0.577439,1
mmlu_pro,r1-distill-llama-8b,mmlu_pro_test_09735,1,0.071256,3
mmlu_pro,r1-distill-llama-8b,mmlu_pro_test_03172,1,0.576083,1
mmlu_pro,r1-distill-llama-8b,mmlu_pro_test_05757,1,0.300762,5
mmlu_pro,r1-distill-llama-8b,mmlu_pro_test_06448,1,0.600353,1
mmlu_pro,r1-distill-llama-8b,mmlu_pro_test_07928,0,0.293249,5
mmlu_pro,r1-distill-llama-8b,mmlu_pro_test_10412,1,0.560158,2
mmlu_pro,r1-distill-llama-8b,mmlu_pro_test_06074,0,0.567215,1
mmlu_pro,r1-distill-llama-8b,mmlu_pro_test_05699,0,0.517198,5
mmlu_pro,r1-distill-llama-8b,mmlu_pro_test_02130,0,0.405375,4
mmlu_pro,r1-distill-llama-8b,mmlu_pro_test_02136,1,0.473717,5
mmlu_pro,r1-distill-llama-8b,mmlu_pro_test_02648,1,0.478972,2
mmlu_pro,r1-distill-llama-8b,mmlu_pro_test_11234,1,0.653713,5
mmlu_pro,r1-distill-llama-8b,mmlu_pro_test_05457,0,0.553022,5
mmlu_pro,r1-distill-llama-8b,mmlu_pro_test_08440,1,0.498152,4
mmlu_pro,r1-distill-llama-8b,mmlu_pro_test_02528,1,0.565532,2
mmlu_pro,r1-distill-llama-8b,mmlu_pro_test_07942,0,0.740071,1
mmlu_pro,r1-distill-llama-8b,mmlu_pro_test_03933,1,0.594125,1
mmlu_pro,r1-distill-llama-8b,mmlu_pro_test_10752,1,0.504747,2
mmlu_pro,r1-distill-llama-8b,mmlu_pro_test_05534,0,0.367058,4
mmlu_pro,r1-distill-llama-8b,mmlu_pro_test_01966,0,0.425863,1
mmlu_pro,r1-distill-llama-8b,mmlu_pro_test_10184,1,0.67066,5
mmlu_pro,r1-distill-llama-8b,mmlu_pro_test_05853,0,0.469029,3
mmlu_pro,r1-distill-llama-8b,mmlu_pro_test_08957,1,0.670355,1
mmlu_pro,r1-distill-llama-8b,mmlu_pro_test_08140,1,0.664535,4
mmlu_pro,r1-distill-llama-8b,mmlu_pro_test_01495,0,0.600157,1
mmlu_pro,r1-distill-llama-8b,mmlu_pro_test_00127,1,0.417208,2
mmlu_pro,r1-distill-llama-8b,mmlu_pro_test_06648,0,0.174595,4
mmlu_pro,r1-distill-llama-8b,mmlu_pro_test_01340,1,0.670541,5
mmlu_pro,r1-distill-llama-8b,mmlu_pro_test_07044,1,0.563836,5
mmlu_pro,r1-distill-llama-8b,mmlu_pro_test_04858,1,0.603399,1
mmlu_pro,r1-distill-llama-8b,mmlu_pro_test_05115,0,0.705778,3
mmlu_pro,r1-distill-llama-8b,mmlu_pro_test_04473,1,0.632081,2
mmlu_pro,r1-distill-llama-8b,mmlu_pro_test_05391,1,0.273925,5
mmlu_pro,r1-distill-llama-8b,mmlu_pro_test_08620,1,0.659247,4
mmlu_pro,r1-distill-llama-8b,mmlu_pro_test_06792,1,0.471544,5
mmlu_pro,r1-distill-llama-8b,mmlu_pro_test_05086,1,0.46785,5
mmlu_pro,r1-distill-llama-8b,mmlu_pro_test_02357,1,0.552991,4
mmlu_pro,r1-distill-llama-8b,mmlu_pro_test_09754,0,0.526533,4
mmlu_pro,r1-distill-llama-8b,mmlu_pro_test_05867,0,0.48898,5
mmlu_pro,r1-distill-llama-8b,mmlu_pro_test_07850,0,0.621485,3
mmlu_pro,r1-distill-llama-8b,mmlu_pro_test_04159,1,0.629938,5
mmlu_pro,r1-distill-llama-8b,mmlu_pro_test_02630,0,0.16033,2
mmlu_pro,r1-distill-llama-8b,mmlu_pro_test_08607,1,0.671934,3
mmlu_pro,r1-distill-llama-8b,mmlu_pro_test_06300,1,0.42638,3
mmlu_pro,r1-distill-llama-8b,mmlu_pro_test_10202,1,0.518745,4
mmlu_pro,r1-distill-llama-8b,mmlu_pro_test_01890,0,0.523987,3
mmlu_pro,r1-distill-llama-8b,mmlu_pro_test_05206,0,0.379393,3
mmlu_pro,r1-distill-llama-8b,mmlu_pro_test_00914,0,0.661404,5
mmlu_pro,r1-distill-llama-8b,mmlu_pro_test_07132,1,0.221909,2
mmlu_pro,r1-distill-llama-8b,mmlu_pro_test_07394,0,0.232899,1
mmlu_pro,r1-distill-llama-8b,mmlu_pro_test_10683,0,0.290142,2
mmlu_pro,r1-distill-llama-8b,mmlu_pro_test_02152,1,0.589653,4
mmlu_pro,r1-distill-llama-8b,mmlu_pro_test_07211,1,0.617575,5
mmlu_pro,r1-distill-llama-8b,mmlu_pro_test_10517,1,0.441154,1
mmlu_pro,r1-distill-llama-8b,mmlu_pro_test_06614,0,0.230004,5
mmlu_pro,r1-distill-llama-8b,mmlu_pro_test_02366,1,0.570301,2
mmlu_pro,r1-distill-llama-8b,mmlu_pro_test_02737,1,0.587413,5
mmlu_pro,r1-distill-llama-8b,mmlu_pro_test_07567,1,0.636517,4
mmlu_pro,r1-distill-llama-8b,mmlu_pro_test_05495,0,0.509949,2
mmlu_pro,r1-distill-llama-8b,mmlu_pro_test_02371,1,0.552071,1
mmlu_pro,r1-distill-llama-8b,mmlu_pro_test_02003,1,0.339008,2
mmlu_pro,r1-distill-llama-8b,mmlu_pro_test_04589,0,0.562227,1
mmlu_pro,r1-distill-llama-8b,mmlu_pro_test_01861,0,0.563276,4
mmlu_pro,r1-distill-llama-8b,mmlu_pro_test_00991,0,0.659211,3
mmlu_pro,r1-distill-llama-8b,mmlu_pro_test_06894,1,0.552268,2
mmlu_pro,r1-distill-llama-8b,mmlu_pro_test_10841,0,0.589566,1
mmlu_pro,r1-distill-llama-8b,mmlu_pro_test_06000,0,0.530043,3
mmlu_pro,r1-distill-llama-8b,mmlu_pro_test_07453,1,0.526766,2
mmlu_pro,r1-distill-llama-8b,mmlu_pro_test_06357,1,0.665326,3
mmlu_pro,r1-distill-llama-8b,mmlu_pro_test_10158,0,0.545004,5
mmlu_pro,r1-distill-llama-8b,mmlu_pro_test_02333,1,0.405475,4
mmlu_pro,r1-distill-llama-8b,mmlu_pro_test_02232,0,0.229225,4
mmlu_pro,r1-distill-llama-8b,mmlu_pro_test_07000,0,0.521613,3
mmlu_pro,r1-distill-llama-8b,mmlu_pro_test_03907,0,0.689728,1
mmlu_pro,r1-distill-llama-8b,mmlu_pro_test_02107,0,0.460811,5
mmlu_pro,r1-distill-llama-8b,mmlu_pro_test_08787,0,0.264195,2
mmlu_pro,r1-distill-llama-8b,mmlu_pro_test_07805,1,0.630817,2
mmlu_pro,r1-distill-llama-8b,mmlu_pro_test_05034,0,0.452873,2
mmlu_pro,r1-distill-llama-8b,mmlu_pro_test_08825,1,0.728949,4
mmlu_pro,r1-distill-llama-8b,mmlu_pro_test_07283,1,0.512634,3
mmlu_pro,r1-distill-llama-8b,mmlu_pro_test_02395,1,0.45624,3
mmlu_pro,r1-distill-llama-8b,mmlu_pro_test_05937,1,0.473814,1
mmlu_pro,r1-distill-llama-8b,mmlu_pro_test_04859,1,0.453224,2
mmlu_pro,r1-distill-llama-8b,mmlu_pro_test_08852,1,0.737799,1
mmlu_pro,r1-distill-llama-8b,mmlu_pro_test_01974,1,0.504235,3
mmlu_pro,r1-distill-llama-8b,mmlu_pro_test_01952,1,0.579139,1
mmlu_pro,r1-distill-llama-8b,mmlu_pro_test_00712,1,0.341782,1
mmlu_pro,r1-distill-llama-8b,mmlu_pro_test_10743,0,0.41954,4
mmlu_pro,r1-distill-llama-8b,mmlu_pro_test_08477,1,0.630045,3
mmlu_pro,r1-distill-llama-8b,mmlu_pro_test_02993,1,0.499949,2
mmlu_pro,r1-distill-llama-8b,mmlu_pro_test_01650,0,0.442793,4
mmlu_pro,r1-distill-llama-8b,mmlu_pro_test_00055,0,0.091965,1
mmlu_pro,r1-distill-llama-8b,mmlu_pro_test_02795,0,0.473127,5
mmlu_pro,r1-distill-llama-8b,mmlu_pro_test_06138,0,0.254366,5
mmlu_pro,r1-distill-llama-8b,mmlu_pro_test_10870,0,0.276677,5
mmlu_pro,r1-distill-llama-8b,mmlu_pro_test_04614,0,0.649438,4
mmlu_pro,r1-distill-llama-8b,mmlu_pro_test_04206,0,0.627505,1
mmlu_pro,r1-distill-llama-8b,mmlu_pro_test_05338,0,0.44415,1
mmlu_pro,r1-distill-llama-8b,mmlu_pro_test_05627,0,0.416545,2
mmlu_pro,r1-distill-llama-8b,mmlu_pro_test_04829,0,0.395992,5
mmlu_pro,r1-distill-llama-8b,mmlu_pro_test_11045,0,0.516362,4
mmlu_pro,r1-distill-llama-8b,mmlu_pro_test_01830,0,0.668425,5
mmlu_pro,r1-distill-llama-8b,mmlu_pro_test_10060,0,0.509619,4
mmlu_pro,r1-distill-llama-8b,mmlu_pro_test_00929,0,0.271265,3
mmlu_pro,r1-distill-llama-8b,mmlu_pro_test_02272,1,0.360457,1
mmlu_pro,r1-distill-llama-8b,mmlu_pro_test_01432,0,0.198393,1
mmlu_pro,r1-distill-llama-8b,mmlu_pro_test_08065,1,0.581198,3
mmlu_pro,r1-distill-llama-8b,mmlu_pro_test_08178,0,0.436,4
mmlu_pro,r1-distill-llama-8b,mmlu_pro_test_01910,0,0.357754,3
mmlu_pro,r1-distill-llama-8b,mmlu_pro_test_10255,0,0.514776,4
mmlu_pro,r1-distill-llama-8b,mmlu_pro_test_10867,0,0.575184,4
mmlu_pro,r1-distill-llama-8b,mmlu_pro_test_05244,0,0.235394,5
mmlu_pro,r1-distill-llama-8b,mmlu_pro_test_03299,1,0.615865,3
mmlu_pro,r1-distill-llama-8b,mmlu_pro_test_06282,0,0.576908,1
mmlu_pro,r1-distill-llama-8b,mmlu_pro_test_11014,1,0.561483,1
mmlu_pro,r1-distill-llama-8b,mmlu_pro_test_03154,1,0.682438,5
mmlu_pro,r1-distill-llama-8b,mmlu_pro_test_04277,1,0.653073,1
mmlu_pro,r1-distill-llama-8b,mmlu_pro_test_06896,1,0.510225,5
mmlu_pro,r1-distill-llama-8b,mmlu_pro_test_02667,0,0.505939,2
mmlu_pro,r1-distill-llama-8b,mmlu_pro_test_05954,0,0.371871,1
mmlu_pro,r1-distill-llama-8b,mmlu_pro_test_01957,1,0.448293,3
mmlu_pro,r1-distill-llama-8b,mmlu_pro_test_00723,1,0.663391,4
mmlu_pro,r1-distill-llama-8b,mmlu_pro_test_05089,0,0.441044,1
mmlu_pro,r1-distill-llama-8b,mmlu_pro_test_05701,1,0.398386,1
mmlu_pro,r1-distill-llama-8b,mmlu_pro_test_01840,0,0.586367,1
mmlu_pro,r1-distill-llama-8b,mmlu_pro_test_01016,1,0.641951,3
mmlu_pro,r1-distill-llama-8b,mmlu_pro_test_04162,1,0.474194,5
mmlu_pro,r1-distill-llama-8b,mmlu_pro_test_10643,1,0.394136,1
mmlu_pro,r1-distill-llama-8b,mmlu_pro_test_00847,0,0.549296,2
mmlu_pro,r1-distill-llama-8b,mmlu_pro_test_06902,0,0.604664,4
mmlu_pro,r1-distill-llama-8b,mmlu_pro_test_06564,0,0.535537,1
mmlu_pro,r1-distill-llama-8b,mmlu_pro_test_00290,1,0.291702,3
mmlu_pro,r1-distill-llama-8b,mmlu_pro_test_05652,0,0.427122,2
mmlu_pro,r1-distill-llama-8b,mmlu_pro_test_03553,1,0.671439,5
mmlu_pro,r1-distill-llama-8b,mmlu_pro_test_07409,0,0.621602,1
mmlu_pro,r1-distill-llama-8b,mmlu_pro_test_02082,0,0.487289,4
mmlu_pro,r1-distill-llama-8b,mmlu_pro_test_00835,0,0.585824,1
mmlu_pro,r1-distill-llama-8b,mmlu_pro_test_01955,1,0.51082,2
mmlu_pro,r1-distill-llama-8b,mmlu_pro_test_02680,1,0.599713,3
mmlu_pro,r1-distill-llama-8b,mmlu_pro_test_05719,1,0.537662,3
mmlu_pro,r1-distill-llama-8b,mmlu_pro_test_05964,0,0.534475,2
mmlu_pro,r1-distill-llama-8b,mmlu_pro_test_03334,1,0.69991,3
mmlu_pro,r1-distill-llama-8b,mmlu_pro_test_09455,1,0.496531,2
mmlu_pro,r1-distill-llama-8b,mmlu_pro_test_02685,1,0.493092,3
mmlu_pro,r1-distill-llama-8b,mmlu_pro_test_00679,0,0.456357,3
mmlu_pro,r1-distill-llama-8b,mmlu_pro_test_03095,1,0.460009,1
mmlu_pro,r1-distill-llama-8b,mmlu_pro_test_01253,0,0.410625,5
mmlu_pro,r1-distill-llama-8b,mmlu_pro_test_04551,0,0.616506,3
mmlu_pro,r1-distill-llama-8b,mmlu_pro_test_04484,1,0.635765,1
mmlu_pro,r1-distill-llama-8b,mmlu_pro_test_06597,1,0.374508,4
mmlu_pro,r1-distill-llama-8b,mmlu_pro_test_07171,0,0.332074,5
mmlu_pro,r1-distill-llama-8b,mmlu_pro_test_10561,1,0.664725,1
mmlu_pro,r1-distill-llama-8b,mmlu_pro_test_10161,1,0.750748,3
mmlu_pro,r1-distill-llama-8b,mmlu_pro_test_10710,0,0.388821,5
mmlu_pro,r1-distill-llama-8b,mmlu_pro_test_10933,0,0.103648,1
mmlu_pro,r1-distill-llama-8b,mmlu_pro_test_02554,1,0.311886,5
mmlu_pro,r1-distill-llama-8b,mmlu_pro_test_00063,1,0.313499,3
mmlu_pro,r1-distill-llama-8b,mmlu_pro_test_05917,0,0.56848,1
mmlu_pro,r1-distill-llama-8b,mmlu_pro_test_04862,1,0.260353,5
mmlu_pro,r1-distill-llama-8b,mmlu_pro_test_02974,1,0.505879,4
mmlu_pro,r1-distill-llama-8b,mmlu_pro_test_08290,1,0.641506,2
mmlu_pro,r1-distill-llama-8b,mmlu_pro_test_10405,1,0.553573,4
mmlu_pro,r1-distill-llama-8b,mmlu_pro_test_06039,0,0.496039,3
mmlu_pro,r1-distill-llama-8b,mmlu_pro_test_05836,0,0.591758,4
mmlu_pro,r1-distill-llama-8b,mmlu_pro_test_02519,0,0.661573,5
mmlu_pro,r1-distill-llama-8b,mmlu_pro_test_05468,0,0.508995,4
mmlu_pro,r1-distill-llama-8b,mmlu_pro_test_02351,0,0.418289,3
mmlu_pro,r1-distill-llama-8b,mmlu_pro_test_05903,0,0.380308,1
mmlu_pro,r1-distill-llama-8b,mmlu_pro_test_08359,1,0.356074,5
mmlu_pro,r1-distill-llama-8b,mmlu_pro_test_06017,0,0.492257,1
mmlu_pro,r1-distill-llama-8b,mmlu_pro_test_02611,1,0.381619,2
mmlu_pro,r1-distill-llama-8b,mmlu_pro_test_05402,1,0.548302,4
mmlu_pro,r1-distill-llama-8b,mmlu_pro_test_08635,0,0.60611,4
mmlu_pro,r1-distill-llama-8b,mmlu_pro_test_03332,1,0.546142,1
mmlu_pro,r1-distill-llama-8b,mmlu_pro_test_02894,0,0.181238,5
mmlu_pro,r1-distill-llama-8b,mmlu_pro_test_05078,0,0.465851,1
mmlu_pro,r1-distill-llama-8b,mmlu_pro_test_03599,0,0.596108,3
mmlu_pro,r1-distill-llama-8b,mmlu_pro_test_00760,1,0.707901,4
mmlu_pro,r1-distill-llama-8b,mmlu_pro_test_08495,0,0.573213,5
mmlu_pro,r1-distill-llama-8b,mmlu_pro_test_03209,1,0.566101,2
mmlu_pro,r1-distill-llama-8b,mmlu_pro_test_05705,0,0.418677,4
mmlu_pro,r1-distill-llama-8b,mmlu_pro_test_06998,0,0.583392,5
mmlu_pro,r1-distill-llama-8b,mmlu_pro_test_01148,1,0.341796,1
mmlu_pro,r1-distill-llama-8b,mmlu_pro_test_07474,0,0.653367,3
mmlu_pro,r1-distill-llama-8b,mmlu_pro_test_06040,0,0.479593,3
mmlu_pro,r1-distill-llama-8b,mmlu_pro_test_07001,0,0.690243,3
mmlu_pro,r1-distill-llama-8b,mmlu_pro_test_02051,0,0.371861,2
mmlu_pro,r1-distill-llama-8b,mmlu_pro_test_09610,1,0.549535,1
mmlu_pro,r1-distill-llama-8b,mmlu_pro_test_05537,1,0.530826,3
mmlu_pro,r1-distill-llama-8b,mmlu_pro_test_01333,0,0.296457,2
mmlu_pro,r1-distill-llama-8b,mmlu_pro_test_06133,0,0.242079,4
mmlu_pro,r1-distill-llama-8b,mmlu_pro_test_03392,1,0.550774,4
mmlu_pro,r1-distill-llama-8b,mmlu_pro_test_05891,0,0.273327,2
mmlu_pro,r1-distill-llama-8b,mmlu_pro_test_09680,0,0.512483,5
mmlu_pro,r1-distill-llama-8b,mmlu_pro_test_07864,1,0.65217,3
mmlu_pro,r1-distill-llama-8b,mmlu_pro_test_10359,0,0.447161,1
mmlu_pro,r1-distill-llama-8b,mmlu_pro_test_09116,1,0.157442,1
mmlu_pro,r1-distill-llama-8b,mmlu_pro_test_03160,1,0.449736,1
mmlu_pro,r1-distill-llama-8b,mmlu_pro_test_05953,1,0.462642,4
mmlu_pro,r1-distill-llama-8b,mmlu_pro_test_06665,1,0.455692,1
mmlu_pro,r1-distill-llama-8b,mmlu_pro_test_00951,0,0.526575,4
mmlu_pro,r1-distill-llama-8b,mmlu_pro_test_01147,1,0.54524,1
mmlu_pro,r1-distill-llama-8b,mmlu_pro_test_02100,1,0.308973,3
mmlu_pro,r1-distill-llama-8b,mmlu_pro_test_09289,1,0.296571,5
mmlu_pro,r1-distill-llama-8b,mmlu_pro_test_08358,1,0.508368,2
mmlu_pro,r1-distill-llama-8b,mmlu_pro_test_03016,1,0.620757,5
mmlu_pro,r1-distill-llama-8b,mmlu_pro_test_10309,1,0.66453,5
mmlu_pro,r1-distill-llama-8b,mmlu_pro_test_03865,0,0.465021,2
mmlu_pro,r1-distill-llama-8b,mmlu_pro_test_02632,1,0.521254,4
mmlu_pro,r1-distill-llama-8b,mmlu_pro_test_05955,0,0.387378,2
mmlu_pro,r1-distill-llama-8b,mmlu_pro_test_10219,0,0.191379,5
mmlu_pro,r1-distill-llama-8b,mmlu_pro_test_06629,0,0.424237,2
mmlu_pro,r1-distill-llama-8b,mmlu_pro_test_01963,1,0.513049,1
mmlu_pro,r1-distill-llama-8b,mmlu_pro_test_02633,1,0.564096,5
trivia_qa,r1-distill-llama-8b,trivia_qa_validation_01109,0,0.562443,4
trivia_qa,r1-distill-llama-8b,trivia_qa_validation_01470,0,0.029097,4
trivia_qa,r1-distill-llama-8b,trivia_qa_validation_03794,1,0.561087,3
trivia_qa,r1-distill-llama-8b,trivia_qa_validation_17430,0,0.471741,1
trivia_qa,r1-distill-llama-8b,trivia_qa_validation_04391,0,0.207542,5
trivia_qa,r1-distill-llama-8b,trivia_qa_validation_02655,0,0.308344,5
trivia_qa,r1-distill-llama-8b,trivia_qa_validation_00167,0,0.330306,3
trivia_qa,r1-distill-llama-8b,trivia_qa_validation_13407,0,0.305065,1
trivia_qa,r1-distill-llama-8b,trivia_qa_validation_07784,1,0.422825,4
trivia_qa,r1-distill-llama-8b,trivia_qa_validation_02331,0,0.439103,3
trivia_qa,r1-distill-llama-8b,trivia_qa_validation_12374,0,0.156558,2
trivia_qa,r1-distill-llama-8b,trivia_qa_validation_04621,0,0.244622,4
trivia_qa,r1-distill-llama-8b,trivia_qa_validation_08546,0,0.314695,5
trivia_qa,r1-distill-llama-8b,trivia_qa_validation_14149,0,0.202377,1
trivia_qa,r1-distill-llama-8b,trivia_qa_validation_13242,0,0.248756,5
trivia_qa,r1-distill-llama-8b,trivia_qa_validation_16107,0,0.330346,2
trivia_qa,r1-distill-llama-8b,trivia_qa_validation_15389,0,0.32924,4
trivia_qa,r1-distill-llama-8b,trivia_qa_validation_04524,0,0.136053,2
trivia_qa,r1-distill-llama-8b,trivia_qa_validation_07587,0,0.314989,2
trivia_qa,r1-distill-llama-8b,trivia_qa_validation_17249,1,0.434095,3
trivia_qa,r1-distill-llama-8b,trivia_qa_validation_03990,1,0.405754,4
trivia_qa,r1-distill-llama-8b,trivia_qa_validation_03732,1,0.296227,4
trivia_qa,r1-distill-llama-8b,trivia_qa_validation_11906,1,0.514219,2
trivia_qa,r1-distill-llama-8b,trivia_qa_validation_17663,1,0.521203,2
trivia_qa,r1-distill-llama-8b,trivia_qa_validation_14175,0,0.262563,1
trivia_qa,r1-distill-llama-8b,trivia_qa_validation_11569,0,0.315737,5
trivia_qa,r1-distill-llama-8b,trivia_qa_validation_11279,1,0.374082,4
trivia_qa,r1-distill-llama-8b,trivia_qa_validation_07694,1,0.602233,2
trivia_qa,r1-distill-llama-8b,trivia_qa_validation_10119,1,0.486803,3
trivia_qa,r1-distill-llama-8b,trivia_qa_validation_13020,1,0.338241,3
trivia_qa,r1-distill-llama-8b,trivia_qa_validation_07528,0,0.330565,2
trivia_qa,r1-distill-llama-8b,trivia_qa_validation_06018,1,0.488488,5
trivia_qa,r1-distill-llama-8b,trivia_qa_validation_09962,0,0.098265,4
trivia_qa,r1-distill-llama-8b,trivia_qa_validation_14924,0,0.230457,2
trivia_qa,r1-distill-llama-8b,trivia_qa_validation_07120,0,0.146763,1
trivia_qa,r1-distill-llama-8b,trivia_qa_validation_02562,0,0.4119,5
trivia_qa,r1-distill-llama-8b,trivia_qa_validation_03667,1,0.457674,1
trivia_qa,r1-distill-llama-8b,trivia_qa_validation_04299,0,0.124935,5
trivia_qa,r1-distill-llama-8b,trivia_qa_validation_11200,0,0.39528,1
trivia_qa,r1-distill-llama-8b,trivia_qa_validation_12688,1,0.36776,4
trivia_qa,r1-distill-llama-8b,trivia_qa_validation_09855,1,0.532079,2
trivia_qa,r1-distill-llama-8b,trivia_qa_validation_05061,1,0.533505,2
trivia_qa,r1-distill-llama-8b,trivia_qa_validation_12868,1,0.504927,5
trivia_qa,r1-distill-llama-8b,trivia_qa_validation_05181,0,0.495088,1
trivia_qa,r1-distill-llama-8b,trivia_qa_validation_11411,0,0.562364,5
trivia_qa,r1-distill-llama-8b,trivia_qa_validation_16167,0,0.349153,4
trivia_qa,r1-distill-llama-8b,trivia_qa_validation_07276,1,0.31368,5
trivia_qa,r1-distill-llama-8b,trivia_qa_validation_06309,1,0.543341,2
trivia_qa,r1-distill-llama-8b,trivia_qa_validation_02388,0,0.381371,1
trivia_qa,r1-distill-llama-8b,trivia_qa_validation_11514,0,0.263917,2
trivia_qa,r1-distill-llama-8b,trivia_qa_validation_17551,1,0.378643,2
trivia_qa,r1-distill-llama-8b,trivia_qa_validation_06082,0,0.14209,4
trivia_qa,r1-distill-llama-8b,trivia_qa_validation_06331,0,0.367974,1
trivia_qa,r1-distill-llama-8b,trivia_qa_validation_01768,1,0.45913,4
trivia_qa,r1-distill-llama-8b,trivia_qa_validation_07828,0,0.436905,3
trivia_qa,r1-distill-llama-8b,trivia_qa_validation_05245,0,0.462714,1
trivia_qa,r1-distill-llama-8b,trivia_qa_validation_00707,1,0.546568,4
trivia_qa,r1-distill-llama-8b,trivia_qa_validation_10470,0,0.572694,3
trivia_qa,r1-distill-llama-8b,trivia_qa_validation_09051,0,0.261265,4
trivia_qa,r1-distill-llama-8b,trivia_qa_validation_01134,1,0.339019,5
trivia_qa,r1-distill-llama-8b,trivia_qa_validation_07057,0,0.486469,4
trivia_qa,r1-distill-llama-8b,trivia_qa_validation_15086,1,0.530948,4
trivia_qa,r1-distill-llama-8b,trivia_qa_validation_06856,0,0.325169,4
trivia_qa,r1-distill-llama-8b,trivia_qa_validation_00992,0,0.233283,5
trivia_qa,r1-distill-llama-8b,trivia_qa_validation_08306,0,0.201676,3
trivia_qa,r1-distill-llama-8b,trivia_qa_validation_15787,1,0.450756,1
trivia_qa,r1-distill-llama-8b,trivia_qa_validation_10288,1,0.466639,4
trivia_qa,r1-distill-llama-8b,trivia_qa_validation_04138,1,0.667788,2
trivia_qa,r1-distill-llama-8b,trivia_qa_validation_05974,0,0.415529,2
trivia_qa,r1-distill-llama-8b,trivia_qa_validation_09595,1,0.502597,1
trivia_qa,r1-distill-llama-8b,trivia_qa_validation_14968,0,0.504612,2
trivia_qa,r1-distill-llama-8b,trivia_qa_validation_07189,0,0.486481,1
trivia_qa,r1-distill-llama-8b,trivia_qa_validation_17148,0,0.310325,4
trivia_qa,r1-distill-llama-8b,trivia_qa_validation_08616,0,0.55725,4
trivia_qa,r1-distill-llama-8b,trivia_qa_validation_10437,0,0.245757,1
trivia_qa,r1-distill-llama-8b,trivia_qa_validation_01348,1,0.358559,3
trivia_qa,r1-distill-llama-8b,trivia_qa_validation_05378,0,0.236443,5
trivia_qa,r1-distill-llama-8b,trivia_qa_validation_04789,1,0.123929,1
trivia_qa,r1-distill-llama-8b,trivia_qa_validation_07367,1,0.385813,4
trivia_qa,r1-distill-llama-8b,trivia_qa_validation_08505,0,0.309965,5
trivia_qa,r1-distill-llama-8b,trivia_qa_validation_14168,0,0.253294,5
trivia_qa,r1-distill-llama-8b,trivia_qa_validation_06174,0,0.396813,1
trivia_qa,r1-distill-llama-8b,trivia_qa_validation_06963,1,0.32,2
trivia_qa,r1-distill-llama-8b,trivia_qa_validation_03853,1,0.526388,1
trivia_qa,r1-distill-llama-8b,trivia_qa_validation_15639,0,0.261467,2
trivia_qa,r1-distill-llama-8b,trivia_qa_validation_06651,0,0.19754,1
trivia_qa,r1-distill-llama-8b,trivia_qa_validation_13081,0,0.188675,2
trivia_qa,r1-distill-llama-8b,trivia_qa_validation_03557,1,0.397966,4
trivia_qa,r1-distill-llama-8b,trivia_qa_validation_02866,1,0.474476,1
trivia_qa,r1-distill-llama-8b,trivia_qa_validation_01079,0,0.35123,2
trivia_qa,r1-distill-llama-8b,trivia_qa_validation_07959,0,0.102566,2
trivia_qa,r1-distill-llama-8b,trivia_qa_validation_01227,1,0.337595,2
trivia_qa,r1-distill-llama-8b,trivia_qa_validation_09862,0,0.322187,5
trivia_qa,r1-distill-llama-8b,trivia_qa_validation_07086,0,0.243241,4
trivia_qa,r1-distill-llama-8b,trivia_qa_validation_07099,1,0.560953,5
trivia_qa,r1-distill-llama-8b,trivia_qa_validation_03628,0,0.429862,4
trivia_qa,r1-distill-llama-8b,trivia_qa_validation_00007,0,0.143876,4
trivia_qa,r1-distill-llama-8b,trivia_qa_validation_17346,0,0.727926,1
trivia_qa,r1-distill-llama-8b,trivia_qa_validation_07893,1,0.582337,2
trivia_qa,r1-distill-llama-8b,trivia_qa_validation_16320,1,0.600774,1
trivia_qa,r1-distill-llama-8b,trivia_qa_validation_07580,1,0.476703,4
trivia_qa,r1-distill-llama-8b,trivia_qa_validation_05626,0,0.307696,2
trivia_qa,r1-distill-llama-8b,trivia_qa_validation_14109,0,0.406352,3
trivia_qa,r1-distill-llama-8b,trivia_qa_validation_13294,0,0.248937,1
trivia_qa,r1-distill-llama-8b,trivia_qa_validation_16883,1,0.348723,1
trivia_qa,r1-distill-llama-8b,trivia_qa_validation_14588,0,0.523978,1
trivia_qa,r1-distill-llama-8b,trivia_qa_validation_06845,0,0.488649,3
trivia_qa,r1-distill-llama-8b,trivia_qa_validation_00556,1,0.324518,5
trivia_qa,r1-distill-llama-8b,trivia_qa_validation_06013,0,0.595029,3
trivia_qa,r1-distill-llama-8b,trivia_qa_validation_13577,0,0.323078,4
trivia_qa,r1-distill-llama-8b,trivia_qa_validation_17892,1,0.556691,4
trivia_qa,r1-distill-llama-8b,trivia_qa_validation_16619,1,0.490979,5
trivia_qa,r1-distill-llama-8b,trivia_qa_validation_16346,1,0.549093,2
trivia_qa,r1-distill-llama-8b,trivia_qa_validation_17493,0,0.12973,3
trivia_qa,r1-distill-llama-8b,trivia_qa_validation_06472,1,0.547589,5
trivia_qa,r1-distill-llama-8b,trivia_qa_validation_12409,0,0.430162,1
trivia_qa,r1-distill-llama-8b,trivia_qa_validation_13085,0,0.62085,2
trivia_qa,r1-distill-llama-8b,trivia_qa_validation_13882,0,0.373853,3
trivia_qa,r1-distill-llama-8b,trivia_qa_validation_02030,0,0.570502,2
trivia_qa,r1-distill-llama-8b,trivia_qa_validation_02558,0,0.454097,1
trivia_qa,r1-distill-llama-8b,trivia_qa_validation_09754,1,0.762639,3
trivia_qa,r1-distill-llama-8b,trivia_qa_validation_05365,0,0.276547,4
trivia_qa,r1-distill-llama-8b,trivia_qa_validation_03930,0,0.229191,4
trivia_qa,r1-distill-llama-8b,trivia_qa_validation_17373,0,0.183107,1
trivia_qa,r1-distill-llama-8b,trivia_qa_validation_00354,0,0.189014,1
trivia_qa,r1-distill-llama-8b,trivia_qa_validation_14823,1,0.673588,4
trivia_qa,r1-distill-llama-8b,trivia_qa_validation_11064,0,0.233995,2
trivia_qa,r1-distill-llama-8b,trivia_qa_validation_14595,1,0.625119,1
trivia_qa,r1-distill-llama-8b,trivia_qa_validation_00743,1,0.310523,3
trivia_qa,r1-distill-llama-8b,trivia_qa_validation_02892,0,0.436988,5
trivia_qa,r1-distill-llama-8b,trivia_qa_validation_17899,1,0.57462,5
trivia_qa,r1-distill-llama-8b,trivia_qa_validation_10125,1,0.370651,2
trivia_qa,r1-distill-llama-8b,trivia_qa_validation_11686,1,0.221838,4
trivia_qa,r1-distill-llama-8b,trivia_qa_validation_16317,0,0.424056,4
trivia_qa,r1-distill-llama-8b,trivia_qa_validation_12332,0,0.379299,1
trivia_qa,r1-distill-llama-8b,trivia_qa_validation_03235,0,0.22812,1
trivia_qa,r1-distill-llama-8b,trivia_qa_validation_15146,1,0.601212,1
trivia_qa,r1-distill-llama-8b,trivia_qa_validation_07402,0,0.530258,4
trivia_qa,r1-distill-llama-8b,trivia_qa_validation_01772,0,0.291682,4
trivia_qa,r1-distill-llama-8b,trivia_qa_validation_04069,1,0.579824,2
trivia_qa,r1-distill-llama-8b,trivia_qa_validation_11524,1,0.414304,5
trivia_qa,r1-distill-llama-8b,trivia_qa_validation_17778,0,0.499501,1
trivia_qa,r1-distill-llama-8b,trivia_qa_validation_04834,1,0.513733,5
trivia_qa,r1-distill-llama-8b,trivia_qa_validation_03380,1,0.337741,5
trivia_qa,r1-distill-llama-8b,trivia_qa_validation_13761,1,0.658889,3
trivia_qa,r1-distill-llama-8b,trivia_qa_validation_07059,0,0.296964,5
trivia_qa,r1-distill-llama-8b,trivia_qa_validation_00437,1,0.621934,4
trivia_qa,r1-distill-llama-8b,trivia_qa_validation_02667,0,0.300822,4
trivia_qa,r1-distill-llama-8b,trivia_qa_validation_04104,0,0.283831,3
trivia_qa,r1-distill-llama-8b,trivia_qa_validation_16915,1,0.54321,4
trivia_qa,r1-distill-llama-8b,trivia_qa_validation_10323,0,0.442679,3
trivia_qa,r1-distill-llama-8b,trivia_qa_validation_12112,0,0.511239,2
trivia_qa,r1-distill-llama-8b,trivia_qa_validation_17283,0,0.315003,5
trivia_qa,r1-distill-llama-8b,trivia_qa_validation_02696,1,0.442405,5
trivia_qa,r1-distill-llama-8b,trivia_qa_validation_01826,0,0.287539,2
trivia_qa,r1-distill-llama-8b,trivia_qa_validation_10310,0,0.073559,2
trivia_qa,r1-distill-llama-8b,trivia_qa_validation_02645,0,0.446414,4
trivia_qa,r1-distill-llama-8b,trivia_qa_validation_11547,1,0.453007,3
trivia_qa,r1-distill-llama-8b,trivia_qa_validation_14340,0,0.162259,5
trivia_qa,r1-distill-llama-8b,trivia_qa_validation_00285,0,0.252016,3
trivia_qa,r1-distill-llama-8b,trivia_qa_validation_14573,1,0.307771,5
trivia_qa,r1-distill-llama-8b,trivia_qa_validation_07158,0,0.349505,1
trivia_qa,r1-distill-llama-8b,trivia_qa_validation_07315,1,0.518875,3
trivia_qa,r1-distill-llama-8b,trivia_qa_validation_07320,1,0.635015,1
trivia_qa,r1-distill-llama-8b,trivia_qa_validation_13922,0,0.382585,3
trivia_qa,r1-distill-llama-8b,trivia_qa_validation_11533,1,0.390112,1
trivia_qa,r1-distill-llama-8b,trivia_qa_validation_09351,0,0.264926,5
trivia_qa,r1-distill-llama-8b,trivia_qa_validation_00248,0,0.515755,4
trivia_qa,r1-distill-llama-8b,trivia_qa_validation_10030,0,0.525167,5
trivia_qa,r1-distill-llama-8b,trivia_qa_validation_14521,1,0.216364,5
trivia_qa,r1-distill-llama-8b,trivia_qa_validation_05091,0,0.236848,3
trivia_qa,r1-distill-llama-8b,trivia_qa_validation_14753,1,0.319028,1
trivia_qa,r1-distill-llama-8b,trivia_qa_validation_02624,0,0.366287,1
trivia_qa,r1-distill-llama-8b,trivia_qa_validation_01668,1,0.608476,5
trivia_qa,r1-distill-llama-8b,trivia_qa_validation_01359,1,0.369581,3
trivia_qa,r1-distill-llama-8b,trivia_qa_validation_04596,1,0.402013,5
trivia_qa,r1-distill-llama-8b,trivia_qa_validation_17637,1,0.631617,2
trivia_qa,r1-distill-llama-8b,trivia_qa_validation_17819,1,0.315748,5
trivia_qa,r1-distill-llama-8b,trivia_qa_validation_07547,0,0.431971,5
trivia_qa,r1-distill-llama-8b,trivia_qa_validation_08170,0,0.461788,5
trivia_qa,r1-distill-llama-8b,trivia_qa_validation_06812,0,0.342719,3
trivia_qa,r1-distill-llama-8b,trivia_qa_validation_08506,0,0.395883,5
trivia_qa,r1-distill-llama-8b,trivia_qa_validation_07645,0,0.254557,2
trivia_qa,r1-distill-llama-8b,trivia_qa_validation_11081,1,0.304419,4
trivia_qa,r1-distill-llama-8b,trivia_qa_validation_12656,0,0.236501,2
trivia_qa,r1-distill-llama-8b,trivia_qa_validation_07327,0,0.198037,2
trivia_qa,r1-distill-llama-8b,trivia_qa_validation_17516,0,0.283928,1
trivia_qa,r1-distill-llama-8b,trivia_qa_validation_07022,0,0.473474,3
trivia_qa,r1-distill-llama-8b,trivia_qa_validation_04357,1,0.614431,2
trivia_qa,r1-distill-llama-8b,trivia_qa_validation_14731,1,0.390478,1
trivia_qa,r1-distill-llama-8b,trivia_qa_validation_10475,1,0.558932,2
trivia_qa,r1-distill-llama-8b,trivia_qa_validation_17744,1,0.481413,4
trivia_qa,r1-distill-llama-8b,trivia_qa_validation_01812,1,0.500729,4
trivia_qa,r1-distill-llama-8b,trivia_qa_validation_16058,1,0.372933,2
trivia_qa,r1-distill-llama-8b,trivia_qa_validation_02111,0,0.401461,5
trivia_qa,r1-distill-llama-8b,trivia_qa_validation_12647,1,0.246366,3
trivia_qa,r1-distill-llama-8b,trivia_qa_validation_05643,1,0.332249,3
trivia_qa,r1-distill-llama-8b,trivia_qa_validation_16766,0,0.192951,2
trivia_qa,r1-distill-llama-8b,trivia_qa_validation_14883,0,0.277253,5
trivia_qa,r1-distill-llama-8b,trivia_qa_validation_08242,0,0.158288,4
trivia_qa,r1-distill-llama-8b,trivia_qa_validation_13284,0,0.360686,1
trivia_qa,r1-distill-llama-8b,trivia_qa_validation_10004,0,0.366584,4
trivia_qa,r1-distill-llama-8b,trivia_qa_validation_16699,0,0.435515,2
trivia_qa,r1-distill-llama-8b,trivia_qa_validation_09986,0,0.396751,2
trivia_qa,r1-distill-llama-8b,trivia_qa_validation_17420,0,0.402994,4
trivia_qa,r1-distill-llama-8b,trivia_qa_validation_01836,0,0.558173,3
trivia_qa,r1-distill-llama-8b,trivia_qa_validation_07897,0,0.208148,2
trivia_qa,r1-distill-llama-8b,trivia_qa_validation_16863,0,0.088715,3
trivia_qa,r1-distill-llama-8b,trivia_qa_validation_12602,0,0.51537,1
trivia_qa,r1-distill-llama-8b,trivia_qa_validation_00593,0,0.445864,5
trivia_qa,r1-distill-llama-8b,trivia_qa_validation_02317,0,0.474469,2
trivia_qa,r1-distill-llama-8b,trivia_qa_validation_10344,0,0.431084,1
trivia_qa,r1-distill-llama-8b,trivia_qa_validation_03416,0,0.575329,3
trivia_qa,r1-distill-llama-8b,trivia_qa_validation_16755,0,0.254141,1
trivia_qa,r1-distill-llama-8b,trivia_qa_validation_16919,1,0.319338,4
trivia_qa,r1-distill-llama-8b,trivia_qa_validation_06491,0,0.25132,1
trivia_qa,r1-distill-llama-8b,trivia_qa_validation_03355,0,0.217688,2
trivia_qa,r1-distill-llama-8b,trivia_qa_validation_05462,0,0.213296,2
trivia_qa,r1-distill-llama-8b,trivia_qa_validation_05589,0,0.545972,1
trivia_qa,r1-distill-llama-8b,trivia_qa_validation_05583,0,0.214604,5
trivia_qa,r1-distill-llama-8b,trivia_qa_validation_12465,1,0.538324,2
trivia_qa,r1-distill-llama-8b,trivia_qa_validation_03861,0,0.328821,2
trivia_qa,r1-distill-llama-8b,trivia_qa_validation_15744,0,0.579614,4
trivia_qa,r1-distill-llama-8b,trivia_qa_validation_01891,0,0.244664,4
trivia_qa,r1-distill-llama-8b,trivia_qa_validation_15454,1,0.365538,4
trivia_qa,r1-distill-llama-8b,trivia_qa_validation_13058,0,0.089755,1
trivia_qa,r1-distill-llama-8b,trivia_qa_validation_02379,1,0.187214,1
trivia_qa,r1-distill-llama-8b,trivia_qa_validation_13834,1,0.393046,2
trivia_qa,r1-distill-llama-8b,trivia_qa_validation_04100,0,0.552395,1
trivia_qa,r1-distill-llama-8b,trivia_qa_validation_13536,1,0.536892,3
trivia_qa,r1-distill-llama-8b,trivia_qa_validation_04424,1,0.44468,3
trivia_qa,r1-distill-llama-8b,trivia_qa_validation_12939,0,0.417979,5
trivia_qa,r1-distill-llama-8b,trivia_qa_validation_07416,1,0.337203,1
trivia_qa,r1-distill-llama-8b,trivia_qa_validation_02273,1,0.265764,4
trivia_qa,r1-distill-llama-8b,trivia_qa_validation_01170,1,0.324223,4
trivia_qa,r1-distill-llama-8b,trivia_qa_validation_14424,1,0.44633,4
trivia_qa,r1-distill-llama-8b,trivia_qa_validation_04291,1,0.407943,5
trivia_qa,r1-distill-llama-8b,trivia_qa_validation_16467,0,0.377271,5
trivia_qa,r1-distill-llama-8b,trivia_qa_validation_00715,1,0.297856,4
trivia_qa,r1-distill-llama-8b,trivia_qa_validation_00283,1,0.636943,2
trivia_qa,r1-distill-llama-8b,trivia_qa_validation_02416,0,0.687493,3
trivia_qa,r1-distill-llama-8b,trivia_qa_validation_00270,1,0.850555,2
trivia_qa,r1-distill-llama-8b,trivia_qa_validation_12272,0,0.642439,3
trivia_qa,r1-distill-llama-8b,trivia_qa_validation_10201,0,0.234354,3
trivia_qa,r1-distill-llama-8b,trivia_qa_validation_08707,0,0.387719,3
trivia_qa,r1-distill-llama-8b,trivia_qa_validation_00545,1,0.617618,1
trivia_qa,r1-distill-llama-8b,trivia_qa_validation_13981,1,0.526034,2
trivia_qa,r1-distill-llama-8b,trivia_qa_validation_06747,0,0.377371,1
trivia_qa,r1-distill-llama-8b,trivia_qa_validation_09686,1,0.364482,3
trivia_qa,r1-distill-llama-8b,trivia_qa_validation_11251,0,0.549137,4
trivia_qa,r1-distill-llama-8b,trivia_qa_validation_15865,0,0.300328,1
trivia_qa,r1-distill-llama-8b,trivia_qa_validation_12733,1,0.578447,1
trivia_qa,r1-distill-llama-8b,trivia_qa_validation_16908,1,0.379283,4
trivia_qa,r1-distill-llama-8b,trivia_qa_validation_09434,0,0.370851,1
trivia_qa,r1-distill-llama-8b,trivia_qa_validation_04837,1,0.407406,4
trivia_qa,r1-distill-llama-8b,trivia_qa_validation_16047,0,0.723206,3
trivia_qa,r1-distill-llama-8b,trivia_qa_validation_04863,0,0.388332,3
trivia_qa,r1-distill-llama-8b,trivia_qa_validation_16744,0,0.598399,1
trivia_qa,r1-distill-llama-8b,trivia_qa_validation_01288,0,0.221588,3
trivia_qa,r1-distill-llama-8b,trivia_qa_validation_15941,1,0.510776,4
trivia_qa,r1-distill-llama-8b,trivia_qa_validation_14754,1,0.191982,3
trivia_qa,r1-distill-llama-8b,trivia_qa_validation_06632,0,0.0607,3
trivia_qa,r1-distill-llama-8b,trivia_qa_validation_02737,0,0.433001,2
trivia_qa,r1-distill-llama-8b,trivia_qa_validation_00636,0,0.403653,3
trivia_qa,r1-distill-llama-8b,trivia_qa_validation_02472,0,0.387419,4
trivia_qa,r1-distill-llama-8b,trivia_qa_validation_08712,0,0.51925,5
trivia_qa,r1-distill-llama-8b,trivia_qa_validation_04202,0,0.309374,4
trivia_qa,r1-distill-llama-8b,trivia_qa_validation_13742,0,0.034624,3
trivia_qa,r1-distill-llama-8b,trivia_qa_validation_12330,1,0.369271,5
trivia_qa,r1-distill-llama-8b,trivia_qa_validation_17220,0,0.236507,3
trivia_qa,r1-distill-llama-8b,trivia_qa_validation_06955,0,0.531118,5
trivia_qa,r1-distill-llama-8b,trivia_qa_validation_15566,0,0.326835,5
trivia_qa,r1-distill-llama-8b,trivia_qa_validation_10936,1,0.536833,5
trivia_qa,r1-distill-llama-8b,trivia_qa_validation_02186,1,0.304726,4
trivia_qa,r1-distill-llama-8b,trivia_qa_validation_10355,1,0.465125,5
trivia_qa,r1-distill-llama-8b,trivia_qa_validation_06069,1,0.545753,5
trivia_qa,r1-distill-llama-8b,trivia_qa_validation_04587,0,0.456743,1
trivia_qa,r1-distill-llama-8b,trivia_qa_validation_11038,1,0.378615,1
trivia_qa,r1-distill-llama-8b,trivia_qa_validation_00722,1,0.314577,2
trivia_qa,r1-distill-llama-8b,trivia_qa_validation_10575,0,0.450941,2
trivia_qa,r1-distill-llama-8b,trivia_qa_validation_14394,1,0.461522,5
trivia_qa,r1-distill-llama-8b,trivia_qa_validation_14904,1,0.466754,4
trivia_qa,r1-distill-llama-8b,trivia_qa_validation_17874,1,0.546416,5
trivia_qa,r1-distill-llama-8b,trivia_qa_validation_04795,0,0.088383,1
trivia_qa,r1-distill-llama-8b,trivia_qa_validation_10105,0,0.164178,1
trivia_qa,r1-distill-llama-8b,trivia_qa_validation_05520,0,0.137071,3
trivia_qa,r1-distill-llama-8b,trivia_qa_validation_03711,0,0.431351,1
trivia_qa,r1-distill-llama-8b,trivia_qa_validation_11604,0,0.1483,3
trivia_qa,r1-distill-llama-8b,trivia_qa_validation_13932,1,0.317497,5
trivia_qa,r1-distill-llama-8b,trivia_qa_validation_04772,0,0.478718,5
trivia_qa,r1-distill-llama-8b,trivia_qa_validation_12312,0,0.456901,4
trivia_qa,r1-distill-llama-8b,trivia_qa_validation_00143,0,0.213653,4
trivia_qa,r1-distill-llama-8b,trivia_qa_validation_05430,0,0.416984,5
trivia_qa,r1-distill-llama-8b,trivia_qa_validation_07902,0,0.080182,4
trivia_qa,r1-distill-llama-8b,trivia_qa_validation_02704,0,0.416171,5
trivia_qa,r1-distill-llama-8b,trivia_qa_validation_03370,1,0.788639,1
trivia_qa,r1-distill-llama-8b,trivia_qa_validation_09132,0,0.331457,4
trivia_qa,r1-distill-llama-8b,trivia_qa_validation_10486,1,0.56026,5
trivia_qa,r1-distill-llama-8b,trivia_qa_validation_05398,0,0.364264,3
trivia_qa,r1-distill-llama-8b,trivia_qa_validation_14741,0,0.053788,5
trivia_qa,r1-distill-llama-8b,trivia_qa_validation_00484,1,0.328509,3
trivia_qa,r1-distill-llama-8b,trivia_qa_validation_02728,1,0.478753,1
trivia_qa,r1-distill-llama-8b,trivia_qa_validation_06667,1,0.170872,4
trivia_qa,r1-distill-llama-8b,trivia_qa_validation_02265,1,0.594445,3
trivia_qa,r1-distill-llama-8b,trivia_qa_validation_10405,1,0.362397,2
trivia_qa,r1-distill-llama-8b,trivia_qa_validation_00148,1,0.344014,4
trivia_qa,r1-distill-llama-8b,trivia_qa_validation_14527,1,0.414371,2
trivia_qa,r1-distill-llama-8b,trivia_qa_validation_04829,0,0.201168,1
trivia_qa,r1-distill-llama-8b,trivia_qa_validation_14601,0,0.286864,4
trivia_qa,r1-distill-llama-8b,trivia_qa_validation_07232,0,0.444051,4
trivia_qa,r1-distill-llama-8b,trivia_qa_validation_14234,0,0.306542,3
trivia_qa,r1-distill-llama-8b,trivia_qa_validation_03932,1,0.282221,2
trivia_qa,r1-distill-llama-8b,trivia_qa_validation_05020,0,0.262338,2
trivia_qa,r1-distill-llama-8b,trivia_qa_validation_05092,0,0.674338,5
trivia_qa,r1-distill-llama-8b,trivia_qa_validation_07151,0,0.323648,5
trivia_qa,r1-distill-llama-8b,trivia_qa_validation_04086,1,0.479863,1
trivia_qa,r1-distill-llama-8b,trivia_qa_validation_15597,1,0.333798,1
trivia_qa,r1-distill-llama-8b,trivia_qa_validation_02766,0,0.317119,2
trivia_qa,r1-distill-llama-8b,trivia_qa_validation_07242,1,0.307155,2
trivia_qa,r1-distill-llama-8b,trivia_qa_validation_00160,0,0.557177,2
trivia_qa,r1-distill-llama-8b,trivia_qa_validation_08757,1,0.617066,4
trivia_qa,r1-distill-llama-8b,trivia_qa_validation_15944,1,0.389412,3
trivia_qa,r1-distill-llama-8b,trivia_qa_validation_03325,0,0.436568,4
trivia_qa,r1-distill-llama-8b,trivia_qa_validation_03466,0,0.607826,4
trivia_qa,r1-distill-llama-8b,trivia_qa_validation_04152,0,0.759177,2
trivia_qa,r1-distill-llama-8b,trivia_qa_validation_08334,0,0.467191,5
trivia_qa,r1-distill-llama-8b,trivia_qa_validation_12413,0,0.201792,3
trivia_qa,r1-distill-llama-8b,trivia_qa_validation_02300,0,0.380028,3
trivia_qa,r1-distill-llama-8b,trivia_qa_validation_08500,0,0.238946,4
trivia_qa,r1-distill-llama-8b,trivia_qa_validation_10340,0,0.330746,5
trivia_qa,r1-distill-llama-8b,trivia_qa_validation_12394,0,0.45759,5
trivia_qa,r1-distill-llama-8b,trivia_qa_validation_03713,0,0.254631,4
trivia_qa,r1-distill-llama-8b,trivia_qa_validation_11027,0,0.362809,5
trivia_qa,r1-distill-llama-8b,trivia_qa_validation_08979,1,0.389187,3
trivia_qa,r1-distill-llama-8b,trivia_qa_validation_06209,1,0.232073,5
trivia_qa,r1-distill-llama-8b,trivia_qa_validation_01498,0,0.224388,4
trivia_qa,r1-distill-llama-8b,trivia_qa_validation_16056,0,0.109823,1
trivia_qa,r1-distill-llama-8b,trivia_qa_validation_09720,0,0.515123,2
trivia_qa,r1-distill-llama-8b,trivia_qa_validation_16784,0,0.555189,2
trivia_qa,r1-distill-llama-8b,trivia_qa_validation_03661,0,0.571975,3
trivia_qa,r1-distill-llama-8b,trivia_qa_validation_17758,0,0.39489,1
trivia_qa,r1-distill-llama-8b,trivia_qa_validation_11813,0,0.417162,5
trivia_qa,r1-distill-llama-8b,trivia_qa_validation_11982,1,0.071638,2
trivia_qa,r1-distill-llama-8b,trivia_qa_validation_13147,1,0.638607,4
trivia_qa,r1-distill-llama-8b,trivia_qa_validation_03883,0,0.120909,1
trivia_qa,r1-distill-llama-8b,trivia_qa_validation_00710,0,0.369219,2
trivia_qa,r1-distill-llama-8b,trivia_qa_validation_01443,1,0.642669,1
trivia_qa,r1-distill-llama-8b,trivia_qa_validation_02550,1,0.234841,5
trivia_qa,r1-distill-llama-8b,trivia_qa_validation_00348,1,0.303267,4
trivia_qa,r1-distill-llama-8b,trivia_qa_validation_05540,1,0.37509,3
trivia_qa,r1-distill-llama-8b,trivia_qa_validation_17936,0,0.419341,5
trivia_qa,r1-distill-llama-8b,trivia_qa_validation_04756,0,0.177987,1
trivia_qa,r1-distill-llama-8b,trivia_qa_validation_01754,1,0.583018,3
trivia_qa,r1-distill-llama-8b,trivia_qa_validation_01899,0,0.469792,3
trivia_qa,r1-distill-llama-8b,trivia_qa_validation_00420,0,0.301595,4
trivia_qa,r1-distill-llama-8b,trivia_qa_validation_01711,0,0.580493,4
trivia_qa,r1-distill-llama-8b,trivia_qa_validation_13181,1,0.238137,1
trivia_qa,r1-distill-llama-8b,trivia_qa_validation_15521,1,0.469261,2
trivia_qa,r1-distill-llama-8b,trivia_qa_validation_11277,0,0.512941,3
trivia_qa,r1-distill-llama-8b,trivia_qa_validation_03142,1,0.540618,1
trivia_qa,r1-distill-llama-8b,trivia_qa_validation_17657,1,0.469158,5
trivia_qa,r1-distill-llama-8b,trivia_qa_validation_04364,0,0.32576,5
trivia_qa,r1-distill-llama-8b,trivia_qa_validation_03140,1,0.527514,3
trivia_qa,r1-distill-llama-8b,trivia_qa_validation_06689,0,0.472785,1
trivia_qa,r1-distill-llama-8b,trivia_qa_validation_15502,1,0.633497,2
trivia_qa,r1-distill-llama-8b,trivia_qa_validation_14235,0,0.369506,3
trivia_qa,r1-distill-llama-8b,trivia_qa_validation_14036,0,0.266508,1
trivia_qa,r1-distill-llama-8b,trivia_qa_validation_12824,0,0.452125,4
trivia_qa,r1-distill-llama-8b,trivia_qa_validation_00649,0,0.453732,2
trivia_qa,r1-distill-llama-8b,trivia_qa_validation_08477,0,0.404347,3
trivia_qa,r1-distill-llama-8b,trivia_qa_validation_05433,0,0.157257,3
trivia_qa,r1-distill-llama-8b,trivia_qa_validation_15011,1,0.654711,5
trivia_qa,r1-distill-llama-8b,trivia_qa_validation_02765,0,0.270929,1
trivia_qa,r1-distill-llama-8b,trivia_qa_validation_11178,0,0.30893,5
trivia_qa,r1-distill-llama-8b,trivia_qa_validation_08194,1,0.527228,5
trivia_qa,r1-distill-llama-8b,trivia_qa_validation_13169,1,0.336353,5
trivia_qa,r1-distill-llama-8b,trivia_qa_validation_12626,0,0.180719,3
trivia_qa,r1-distill-llama-8b,trivia_qa_validation_09431,0,0.38547,5
trivia_qa,r1-distill-llama-8b,trivia_qa_validation_00109,0,0.41558,5
trivia_qa,r1-distill-llama-8b,trivia_qa_validation_08678,1,0.536838,2
trivia_qa,r1-distill-llama-8b,trivia_qa_validation_06127,1,0.397313,3
trivia_qa,r1-distill-llama-8b,trivia_qa_validation_13219,0,0.348172,4
trivia_qa,r1-distill-llama-8b,trivia_qa_validation_04599,0,0.431351,4
trivia_qa,r1-distill-llama-8b,trivia_qa_validation_01994,0,0.125756,2
trivia_qa,r1-distill-llama-8b,trivia_qa_validation_12224,0,0.373899,2
trivia_qa,r1-distill-llama-8b,trivia_qa_validation_15179,0,0.26036,3
trivia_qa,r1-distill-llama-8b,trivia_qa_validation_07641,1,0.328869,2
trivia_qa,r1-distill-llama-8b,trivia_qa_validation_02282,1,0.379276,3
trivia_qa,r1-distill-llama-8b,trivia_qa_validation_04513,0,0.481899,3
trivia_qa,r1-distill-llama-8b,trivia_qa_validation_01366,0,0.303098,4
trivia_qa,r1-distill-llama-8b,trivia_qa_validation_07458,0,0.497798,2
trivia_qa,r1-distill-llama-8b,trivia_qa_validation_01883,1,0.704201,3
trivia_qa,r1-distill-llama-8b,trivia_qa_validation_14255,0,0.409048,1
trivia_qa,r1-distill-llama-8b,trivia_qa_validation_00591,0,0.075879,1
trivia_qa,r1-distill-llama-8b,trivia_qa_validation_10818,0,0.524936,1
trivia_qa,r1-distill-llama-8b,trivia_qa_validation_13177,0,0.56173,2
trivia_qa,r1-distill-llama-8b,trivia_qa_validation_08933,0,0.330337,3
trivia_qa,r1-distill-llama-8b,trivia_qa_validation_16046,1,0.483158,1
trivia_qa,r1-distill-llama-8b,trivia_qa_validation_11077,0,0.476723,3
trivia_qa,r1-distill-llama-8b,trivia_qa_validation_16190,0,0.566185,1
trivia_qa,r1-distill-llama-8b,trivia_qa_validation_16727,1,0.393083,5
trivia_qa,r1-distill-llama-8b,trivia_qa_validation_14999,0,0.169499,3
trivia_qa,r1-distill-llama-8b,trivia_qa_validation_01906,0,0.191876,2
trivia_qa,r1-distill-llama-8b,trivia_qa_validation_14350,1,0.559659,2
trivia_qa,r1-distill-llama-8b,trivia_qa_validation_13361,0,0.228268,4
trivia_qa,r1-distill-llama-8b,trivia_qa_validation_08206,0,0.304406,1
trivia_qa,r1-distill-llama-8b,trivia_qa_validation_10955,1,0.592243,4
trivia_qa,r1-distill-llama-8b,trivia_qa_validation_03780,0,0.436581,1
trivia_qa,r1-distill-llama-8b,trivia_qa_validation_03600,0,0.325803,3
trivia_qa,r1-distill-llama-8b,trivia_qa_validation_13199,0,0.271834,1
trivia_qa,r1-distill-llama-8b,trivia_qa_validation_00375,1,0.546632,4
trivia_qa,r1-distill-llama-8b,trivia_qa_validation_03752,1,0.66458,3
trivia_qa,r1-distill-llama-8b,trivia_qa_validation_10641,0,0.323731,5
trivia_qa,r1-distill-llama-8b,trivia_qa_validation_06744,1,0.466309,4
trivia_qa,r1-distill-llama-8b,trivia_qa_validation_01081,1,0.387277,1
trivia_qa,r1-distill-llama-8b,trivia_qa_validation_10157,1,0.356145,2
trivia_qa,r1-distill-llama-8b,trivia_qa_validation_03172,1,0.497856,2
trivia_qa,r1-distill-llama-8b,trivia_qa_validation_17673,1,0.550901,1
trivia_qa,r1-distill-llama-8b,trivia_qa_validation_14895,0,0.339738,5
trivia_qa,r1-distill-llama-8b,trivia_qa_validation_00064,1,0.194783,2
trivia_qa,r1-distill-llama-8b,trivia_qa_validation_00787,1,0.290455,3
trivia_qa,r1-distill-llama-8b,trivia_qa_validation_08496,0,0.557113,3
trivia_qa,r1-distill-llama-8b,trivia_qa_validation_06234,0,0.254724,2
trivia_qa,r1-distill-llama-8b,trivia_qa_validation_00277,0,0.459916,5
trivia_qa,r1-distill-llama-8b,trivia_qa_validation_04031,1,0.373096,5
trivia_qa,r1-distill-llama-8b,trivia_qa_validation_04619,0,0.188871,2
trivia_qa,r1-distill-llama-8b,trivia_qa_validation_09944,0,0.356607,5
trivia_qa,r1-distill-llama-8b,trivia_qa_validation_10365,1,0.312267,5
trivia_qa,r1-distill-llama-8b,trivia_qa_validation_04211,1,0.440099,2
trivia_qa,r1-distill-llama-8b,trivia_qa_validation_01224,1,0.624252,3
trivia_qa,r1-distill-llama-8b,trivia_qa_validation_00412,0,0.440141,5
trivia_qa,r1-distill-llama-8b,trivia_qa_validation_08936,0,0.202893,3
trivia_qa,r1-distill-llama-8b,trivia_qa_validation_06107,1,0.564697,5
trivia_qa,r1-distill-llama-8b,trivia_qa_validation_12470,0,0.572753,1
trivia_qa,r1-distill-llama-8b,trivia_qa_validation_13149,0,0.558835,2
trivia_qa,r1-distill-llama-8b,trivia_qa_validation_12901,0,0.028943,3
trivia_qa,r1-distill-llama-8b,trivia_qa_validation_00716,0,0.729584,3
trivia_qa,r1-distill-llama-8b,trivia_qa_validation_00608,0,0.384472,3
trivia_qa,r1-distill-llama-8b,trivia_qa_validation_13701,1,0.274799,3
trivia_qa,r1-distill-llama-8b,trivia_qa_validation_08925,0,0.274332,1
trivia_qa,r1-distill-llama-8b,trivia_qa_validation_04562,1,0.437921,4
trivia_qa,r1-distill-llama-8b,trivia_qa_validation_09516,1,0.34677,4
trivia_qa,r1-distill-llama-8b,trivia_qa_validation_02833,0,0.349086,1
trivia_qa,r1-distill-llama-8b,trivia_qa_validation_00073,0,0.294825,3
trivia_qa,r1-distill-llama-8b,trivia_qa_validation_02820,0,0.422643,4
trivia_qa,r1-distill-llama-8b,trivia_qa_validation_07941,1,0.157823,1
trivia_qa,r1-distill-llama-8b,trivia_qa_validation_00450,0,0.271292,5
trivia_qa,r1-distill-llama-8b,trivia_qa_validation_12257,0,0.280927,1
trivia_qa,r1-distill-llama-8b,trivia_qa_validation_11885,0,0.423993,1
trivia_qa,r1-distill-llama-8b,trivia_qa_validation_09049,0,0.384922,5
trivia_qa,r1-distill-llama-8b,trivia_qa_validation_15912,0,0.488996,5
trivia_qa,r1-distill-llama-8b,trivia_qa_validation_12227,0,0.349086,1
trivia_qa,r1-distill-llama-8b,trivia_qa_validation_07174,0,0.55014,3
trivia_qa,r1-distill-llama-8b,trivia_qa_validation_15395,1,0.427506,2
trivia_qa,r1-distill-llama-8b,trivia_qa_validation_12988,0,0.519033,3
trivia_qa,r1-distill-llama-8b,trivia_qa_validation_02995,0,0.572867,5
trivia_qa,r1-distill-llama-8b,trivia_qa_validation_00899,0,0.328686,2
trivia_qa,r1-distill-llama-8b,trivia_qa_validation_09891,1,0.435609,3
trivia_qa,r1-distill-llama-8b,trivia_qa_validation_17099,0,0.302837,1
trivia_qa,r1-distill-llama-8b,trivia_qa_validation_16828,1,0.511446,4
trivia_qa,r1-distill-llama-8b,trivia_qa_validation_00780,1,0.373687,3
trivia_qa,r1-distill-llama-8b,trivia_qa_validation_10939,1,0.828218,3
trivia_qa,r1-distill-llama-8b,trivia_qa_validation_00686,1,0.510337,5
trivia_qa,r1-distill-llama-8b,trivia_qa_validation_11066,1,0.323047,1
trivia_qa,r1-distill-llama-8b,trivia_qa_validation_00315,0,0.275523,3
trivia_qa,r1-distill-llama-8b,trivia_qa_validation_12757,0,0.538838,1
trivia_qa,r1-distill-llama-8b,trivia_qa_validation_12617,1,0.55058,3
trivia_qa,r1-distill-llama-8b,trivia_qa_validation_10158,1,0.122149,2
trivia_qa,r1-distill-llama-8b,trivia_qa_validation_10368,0,0.126593,2
trivia_qa,r1-distill-llama-8b,trivia_qa_validation_13479,1,0.184773,1
trivia_qa,r1-distill-llama-8b,trivia_qa_validation_09320,0,0.348502,1
trivia_qa,r1-distill-llama-8b,trivia_qa_validation_01563,0,0.5853,2
trivia_qa,r1-distill-llama-8b,trivia_qa_validation_15635,0,0.334958,3
trivia_qa,r1-distill-llama-8b,trivia_qa_validation_13342,0,0.304658,5
trivia_qa,r1-distill-llama-8b,trivia_qa_validation_07741,0,0.380683,2
trivia_qa,r1-distill-llama-8b,trivia_qa_validation_16493,0,0.373534,5
trivia_qa,r1-distill-llama-8b,trivia_qa_validation_11201,0,0.19436,5
trivia_qa,r1-distill-llama-8b,trivia_qa_validation_10438,1,0.373029,1
trivia_qa,r1-distill-llama-8b,trivia_qa_validation_05441,1,0.551386,2
trivia_qa,r1-distill-llama-8b,trivia_qa_validation_07101,1,0.443113,5
trivia_qa,r1-distill-llama-8b,trivia_qa_validation_01851,0,0.563506,2
trivia_qa,r1-distill-llama-8b,trivia_qa_validation_09161,0,0.367499,5
trivia_qa,r1-distill-llama-8b,trivia_qa_validation_10402,0,0.359892,5
trivia_qa,r1-distill-llama-8b,trivia_qa_validation_08645,1,0.302459,1
trivia_qa,r1-distill-llama-8b,trivia_qa_validation_12847,0,0.538985,5
trivia_qa,r1-distill-llama-8b,trivia_qa_validation_11922,0,0.541514,1
trivia_qa,r1-distill-llama-8b,trivia_qa_validation_08999,0,0.545218,3
trivia_qa,r1-distill-llama-8b,trivia_qa_validation_03131,0,0.090036,2
trivia_qa,r1-distill-llama-8b,trivia_qa_validation_09993,0,0.164943,4
trivia_qa,r1-distill-llama-8b,trivia_qa_validation_11766,0,0.333889,5
trivia_qa,r1-distill-llama-8b,trivia_qa_validation_07344,0,0.154918,2
trivia_qa,r1-distill-llama-8b,trivia_qa_validation_08688,1,0.275084,5
trivia_qa,r1-distill-llama-8b,trivia_qa_validation_15804,0,0.560875,2
trivia_qa,r1-distill-llama-8b,trivia_qa_validation_17889,1,0.447008,1
trivia_qa,r1-distill-llama-8b,trivia_qa_validation_07199,1,0.375293,4
trivia_qa,r1-distill-llama-8b,trivia_qa_validation_06663,0,0.286942,4
trivia_qa,r1-distill-llama-8b,trivia_qa_validation_03344,1,0.563091,2
trivia_qa,r1-distill-llama-8b,trivia_qa_validation_07867,0,0.068565,5
trivia_qa,r1-distill-llama-8b,trivia_qa_validation_10198,0,0.338367,5
trivia_qa,r1-distill-llama-8b,trivia_qa_validation_06826,1,0.597953,2
trivia_qa,r1-distill-llama-8b,trivia_qa_validation_03353,0,0.234523,4
trivia_qa,r1-distill-llama-8b,trivia_qa_validation_14067,0,0.546144,1
trivia_qa,r1-distill-llama-8b,trivia_qa_validation_10370,0,0.270896,4
trivia_qa,r1-distill-llama-8b,trivia_qa_validation_14262,0,0.612274,1
trivia_qa,r1-distill-llama-8b,trivia_qa_validation_14825,1,0.683601,4
trivia_qa,r1-distill-llama-8b,trivia_qa_validation_05264,0,0.396144,4
trivia_qa,r1-distill-llama-8b,trivia_qa_validation_15216,0,0.36306,5
trivia_qa,r1-distill-llama-8b,trivia_qa_validation_02283,1,0.560536,4
trivia_qa,r1-distill-llama-8b,trivia_qa_validation_15256,0,0.656999,2
trivia_qa,r1-distill-llama-8b,trivia_qa_validation_06451,1,0.417801,2
trivia_qa,r1-distill-llama-8b,trivia_qa_validation_10292,0,0.23979,4
trivia_qa,r1-distill-llama-8b,trivia_qa_validation_10680,1,0.406205,5
trivia_qa,r1-distill-llama-8b,trivia_qa_validation_04779,1,0.381804,5
trivia_qa,r1-distill-llama-8b,trivia_qa_validation_06577,0,0.189645,4
trivia_qa,r1-distill-llama-8b,trivia_qa_validation_14376,0,0.316066,4
trivia_qa,r1-distill-llama-8b,trivia_qa_validation_03459,0,0.262988,2
trivia_qa,r1-distill-llama-8b,trivia_qa_validation_05100,0,0.211265,4
trivia_qa,r1-distill-llama-8b,trivia_qa_validation_04197,0,0.138356,3
trivia_qa,r1-distill-llama-8b,trivia_qa_validation_02484,1,0.633081,1
trivia_qa,r1-distill-llama-8b,trivia_qa_validation_00400,0,0.479338,3
trivia_qa,r1-distill-llama-8b,trivia_qa_validation_08919,0,0.349668,5
trivia_qa,r1-distill-llama-8b,trivia_qa_validation_03947,0,0.318458,5
trivia_qa,r1-distill-llama-8b,trivia_qa_validation_08119,0,0.452477,4
trivia_qa,r1-distill-llama-8b,trivia_qa_validation_04464,0,0.211747,1
trivia_qa,r1-distill-llama-8b,trivia_qa_validation_09553,0,0.431155,2
trivia_qa,r1-distill-llama-8b,trivia_qa_validation_14537,0,0.300879,3
trivia_qa,r1-distill-llama-8b,trivia_qa_validation_14480,0,0.46537,3
trivia_qa,r1-distill-llama-8b,trivia_qa_validation_14210,0,0.55096,4
trivia_qa,r1-distill-llama-8b,trivia_qa_validation_14435,0,0.477621,1
trivia_qa,r1-distill-llama-8b,trivia_qa_validation_06231,0,0.537241,1
trivia_qa,r1-distill-llama-8b,trivia_qa_validation_01155,0,0.152611,3
trivia_qa,r1-distill-llama-8b,trivia_qa_validation_05645,0,0.415704,5
trivia_qa,r1-distill-llama-8b,trivia_qa_validation_12517,1,0.472586,5
trivia_qa,r1-distill-llama-8b,trivia_qa_validation_00452,0,0.034204,3
trivia_qa,r1-distill-llama-8b,trivia_qa_validation_07470,0,0.498079,5
trivia_qa,r1-distill-llama-8b,trivia_qa_validation_08144,0,0.313887,3
trivia_qa,r1-distill-llama-8b,trivia_qa_validation_16340,0,0.220027,2
trivia_qa,r1-distill-llama-8b,trivia_qa_validation_12679,0,0.170802,3
trivia_qa,r1-distill-llama-8b,trivia_qa_validation_12764,0,0.294459,5
trivia_qa,r1-distill-llama-8b,trivia_qa_validation_04640,0,0.14876,1
trivia_qa,r1-distill-llama-8b,trivia_qa_validation_02844,1,0.325818,1
trivia_qa,r1-distill-llama-8b,trivia_qa_validation_09230,1,0.454492,2
trivia_qa,r1-distill-llama-8b,trivia_qa_validation_06552,0,0.272962,4
trivia_qa,r1-distill-llama-8b,trivia_qa_validation_06454,0,0.299797,3
trivia_qa,r1-distill-llama-8b,trivia_qa_validation_14637,1,0.491292,5
trivia_qa,r1-distill-llama-8b,trivia_qa_validation_14365,0,0.291739,2
trivia_qa,r1-distill-llama-8b,trivia_qa_validation_05184,1,0.472275,2
trivia_qa,r1-distill-llama-8b,trivia_qa_validation_03696,1,0.654375,4
trivia_qa,r1-distill-llama-8b,trivia_qa_validation_09642,1,0.332703,3
trivia_qa,r1-distill-llama-8b,trivia_qa_validation_15552,0,0.393255,5
trivia_qa,r1-distill-llama-8b,trivia_qa_validation_17529,0,0.347395,2
trivia_qa,r1-distill-llama-8b,trivia_qa_validation_15824,0,0.450969,5
trivia_qa,r1-distill-llama-8b,trivia_qa_validation_11432,1,0.464446,1
trivia_qa,r1-distill-llama-8b,trivia_qa_validation_00088,1,0.272744,1
trivia_qa,r1-distill-llama-8b,trivia_qa_validation_05568,0,0.526883,2
trivia_qa,r1-distill-llama-8b,trivia_qa_validation_05297,0,0.476503,4
trivia_qa,r1-distill-llama-8b,trivia_qa_validation_05647,0,0.419743,3
trivia_qa,r1-distill-llama-8b,trivia_qa_validation_04428,0,0.547153,5
trivia_qa,r1-distill-llama-8b,trivia_qa_validation_15982,1,0.543341,5
trivia_qa,r1-distill-llama-8b,trivia_qa_validation_01628,1,0.450656,2
trivia_qa,r1-distill-llama-8b,trivia_qa_validation_06553,1,0.656699,2
trivia_qa,r1-distill-llama-8b,trivia_qa_validation_16893,0,0.283303,2
trivia_qa,r1-distill-llama-8b,trivia_qa_validation_12938,0,0.410097,5
trivia_qa,r1-distill-llama-8b,trivia_qa_validation_12748,1,0.08638,2
trivia_qa,r1-distill-llama-8b,trivia_qa_validation_04674,0,0.242443,1
trivia_qa,r1-distill-llama-8b,trivia_qa_validation_00758,1,0.359295,2
trivia_qa,r1-distill-llama-8b,trivia_qa_validation_06687,1,0.637576,4
trivia_qa,r1-distill-llama-8b,trivia_qa_validation_17653,0,0.726336,2
trivia_qa,r1-distill-llama-8b,trivia_qa_validation_00839,1,0.550164,5
trivia_qa,r1-distill-llama-8b,trivia_qa_validation_15618,0,0.15081,3
trivia_qa,r1-distill-llama-8b,trivia_qa_validation_17514,1,0.428929,4
trivia_qa,r1-distill-llama-8b,trivia_qa_validation_09712,1,0.351748,1
trivia_qa,r1-distill-llama-8b,trivia_qa_validation_06599,0,0.498343,4
trivia_qa,r1-distill-llama-8b,trivia_qa_validation_13957,1,0.736046,1
trivia_qa,r1-distill-llama-8b,trivia_qa_validation_09104,0,0.390752,1
trivia_qa,r1-distill-llama-8b,trivia_qa_validation_15841,0,0.24189,3
trivia_qa,r1-distill-llama-8b,trivia_qa_validation_12985,0,0.44918,3
trivia_qa,r1-distill-llama-8b,trivia_qa_validation_16562,0,0.389732,3
trivia_qa,r1-distill-llama-8b,trivia_qa_validation_12540,0,0.267037,4
trivia_qa,r1-distill-llama-8b,trivia_qa_validation_17711,1,0.40653,2
trivia_qa,r1-distill-llama-8b,trivia_qa_validation_02769,1,0.438402,5
trivia_qa,r1-distill-llama-8b,trivia_qa_validation_03117,0,0.296158,2
trivia_qa,r1-distill-llama-8b,trivia_qa_validation_06956,0,0.239759,2
trivia_qa,r1-distill-llama-8b,trivia_qa_validation_10036,1,0.250458,1
trivia_qa,r1-distill-llama-8b,trivia_qa_validation_17234,1,0.265305,1
trivia_qa,r1-distill-llama-8b,trivia_qa_validation_17834,1,0.49767,2
trivia_qa,r1-distill-llama-8b,trivia_qa_validation_11451,0,0.310789,2
trivia_qa,r1-distill-llama-8b,trivia_qa_validation_07698,0,0.174583,3
trivia_qa,r1-distill-llama-8b,trivia_qa_validation_06495,0,0.536853,3
trivia_qa,r1-distill-llama-8b,trivia_qa_validation_02834,0,0.360284,4
trivia_qa,r1-distill-llama-8b,trivia_qa_validation_13215,1,0.502762,1
trivia_qa,r1-distill-llama-8b,trivia_qa_validation_09253,0,0.23545,5
trivia_qa,r1-distill-llama-8b,trivia_qa_validation_03995,1,0.498431,3
trivia_qa,r1-distill-llama-8b,trivia_qa_validation_06321,0,0.311368,4
trivia_qa,r1-distill-llama-8b,trivia_qa_validation_09116,0,0.300267,4
trivia_qa,r1-distill-llama-8b,trivia_qa_validation_00264,0,0.348263,5
trivia_qa,r1-distill-llama-8b,trivia_qa_validation_07058,0,0.410735,4
trivia_qa,r1-distill-llama-8b,trivia_qa_validation_03040,1,0.27125,4
trivia_qa,r1-distill-llama-8b,trivia_qa_validation_05423,1,0.671,5
trivia_qa,r1-distill-llama-8b,trivia_qa_validation_08007,0,0.336065,2
trivia_qa,r1-distill-llama-8b,trivia_qa_validation_17843,1,0.567813,1
trivia_qa,r1-distill-llama-8b,trivia_qa_validation_12090,0,0.345762,4
trivia_qa,r1-distill-llama-8b,trivia_qa_validation_02437,1,0.169623,2
trivia_qa,r1-distill-llama-8b,trivia_qa_validation_00957,0,0.312875,2
trivia_qa,r1-distill-llama-8b,trivia_qa_validation_05479,1,0.347341,1
trivia_qa,r1-distill-llama-8b,trivia_qa_validation_09597,0,0.003817,3
trivia_qa,r1-distill-llama-8b,trivia_qa_validation_07565,0,0.323418,1
trivia_qa,r1-distill-llama-8b,trivia_qa_validation_08330,1,0.297806,2
trivia_qa,r1-distill-llama-8b,trivia_qa_validation_12501,1,0.39718,5
trivia_qa,r1-distill-llama-8b,trivia_qa_validation_17026,0,0.113172,2
trivia_qa,r1-distill-llama-8b,trivia_qa_validation_00046,0,0.73196,2
trivia_qa,r1-distill-llama-8b,trivia_qa_validation_00015,0,0.41746,5
trivia_qa,r1-distill-llama-8b,trivia_qa_validation_04598,1,0.302488,5
trivia_qa,r1-distill-llama-8b,trivia_qa_validation_09123,1,0.330839,1
trivia_qa,r1-distill-llama-8b,trivia_qa_validation_14269,0,0.209539,4
trivia_qa,r1-distill-llama-8b,trivia_qa_validation_16115,0,0.333694,4
trivia_qa,r1-distill-llama-8b,trivia_qa_validation_11593,0,0.268067,5
trivia_qa,r1-distill-llama-8b,trivia_qa_validation_06890,0,0.317336,4
trivia_qa,r1-distill-llama-8b,trivia_qa_validation_16436,0,0.19526,4
trivia_qa,r1-distill-llama-8b,trivia_qa_validation_12960,1,0.098071,1
trivia_qa,r1-distill-llama-8b,trivia_qa_validation_12299,1,0.418136,1
trivia_qa,r1-distill-llama-8b,trivia_qa_validation_07338,1,0.497077,5
trivia_qa,r1-distill-llama-8b,trivia_qa_validation_17206,0,0.395472,4
trivia_qa,r1-distill-llama-8b,trivia_qa_validation_00045,0,0.337215,3
trivia_qa,r1-distill-llama-8b,trivia_qa_validation_01317,0,0.194117,5
trivia_qa,r1-distill-llama-8b,trivia_qa_validation_16223,1,0.289506,3
trivia_qa,r1-distill-llama-8b,trivia_qa_validation_01824,0,0.262987,4
trivia_qa,r1-distill-llama-8b,trivia_qa_validation_15704,1,0.179742,4
trivia_qa,r1-distill-llama-8b,trivia_qa_validation_02305,0,0.30635,4
trivia_qa,r1-distill-llama-8b,trivia_qa_validation_04047,1,0.278375,3
trivia_qa,r1-distill-llama-8b,trivia_qa_validation_11337,0,0.215014,1
trivia_qa,r1-distill-llama-8b,trivia_qa_validation_03987,1,0.109101,2
trivia_qa,r1-distill-llama-8b,trivia_qa_validation_07019,0,0.438672,2
trivia_qa,r1-distill-llama-8b,trivia_qa_validation_02002,0,0.214421,4
trivia_qa,r1-distill-llama-8b,trivia_qa_validation_08224,1,0.336589,2
trivia_qa,r1-distill-llama-8b,trivia_qa_validation_13481,1,0.423506,5
trivia_qa,r1-distill-llama-8b,trivia_qa_validation_14457,0,0.024033,4
trivia_qa,r1-distill-llama-8b,trivia_qa_validation_14229,1,0.273405,1
trivia_qa,r1-distill-llama-8b,trivia_qa_validation_13625,0,0.37918,4
trivia_qa,r1-distill-llama-8b,trivia_qa_validation_12554,1,0.208703,1
trivia_qa,r1-distill-llama-8b,trivia_qa_validation_03119,0,0.335129,4
trivia_qa,r1-distill-llama-8b,trivia_qa_validation_09634,1,0.33786,5
trivia_qa,r1-distill-llama-8b,trivia_qa_validation_08915,0,0.336077,3
trivia_qa,r1-distill-llama-8b,trivia_qa_validation_07420,0,0.267477,2
trivia_qa,r1-distill-llama-8b,trivia_qa_validation_13542,0,0.348235,5
trivia_qa,r1-distill-llama-8b,trivia_qa_validation_11676,0,0.352855,2
trivia_qa,r1-distill-llama-8b,trivia_qa_validation_17159,0,0.251158,3
trivia_qa,r1-distill-llama-8b,trivia_qa_validation_09638,1,0.460095,3
trivia_qa,r1-distill-llama-8b,trivia_qa_validation_07495,0,0.37673,4
trivia_qa,r1-distill-llama-8b,trivia_qa_validation_09764,0,0.499569,2
trivia_qa,r1-distill-llama-8b,trivia_qa_validation_05874,0,0.390224,3
trivia_qa,r1-distill-llama-8b,trivia_qa_validation_11236,0,0.361149,2
trivia_qa,r1-distill-llama-8b,trivia_qa_validation_01707,1,0.525034,4
trivia_qa,r1-distill-llama-8b,trivia_qa_validation_03326,0,0.397642,2
trivia_qa,r1-distill-llama-8b,trivia_qa_validation_02825,1,0.371085,4
trivia_qa,r1-distill-llama-8b,trivia_qa_validation_06898,1,0.47821,3
trivia_qa,r1-distill-llama-8b,trivia_qa_validation_03363,0,0.186676,5
trivia_qa,r1-distill-llama-8b,trivia_qa_validation_00574,0,0.374379,3
trivia_qa,r1-distill-llama-8b,trivia_qa_validation_08073,0,0.388457,2
trivia_qa,r1-distill-llama-8b,trivia_qa_validation_09262,0,0.182301,1
trivia_qa,r1-distill-llama-8b,trivia_qa_validation_08944,0,0.274558,2
trivia_qa,r1-distill-llama-8b,trivia_qa_validation_05567,0,0.256557,4
trivia_qa,r1-distill-llama-8b,trivia_qa_validation_03670,1,0.47888,3
trivia_qa,r1-distill-llama-8b,trivia_qa_validation_15779,1,0.622695,4
trivia_qa,r1-distill-llama-8b,trivia_qa_validation_06876,0,0.365079,4
trivia_qa,r1-distill-llama-8b,trivia_qa_validation_13180,1,0.40726,3
trivia_qa,r1-distill-llama-8b,trivia_qa_validation_00954,1,0.420779,3
trivia_qa,r1-distill-llama-8b,trivia_qa_validation_04642,1,0.405634,5
trivia_qa,r1-distill-llama-8b,trivia_qa_validation_11008,0,0.156215,4
trivia_qa,r1-distill-llama-8b,trivia_qa_validation_11755,0,0.196421,2
trivia_qa,r1-distill-llama-8b,trivia_qa_validation_08976,0,0.355532,5
trivia_qa,r1-distill-llama-8b,trivia_qa_validation_03526,0,0.329545,4
trivia_qa,r1-distill-llama-8b,trivia_qa_validation_05359,0,0.37709,3
trivia_qa,r1-distill-llama-8b,trivia_qa_validation_05831,0,0.500275,2
trivia_qa,r1-distill-llama-8b,trivia_qa_validation_12222,0,0.167362,5
trivia_qa,r1-distill-llama-8b,trivia_qa_validation_02413,0,0.455471,3
trivia_qa,r1-distill-llama-8b,trivia_qa_validation_00559,1,0.385957,3
trivia_qa,r1-distill-llama-8b,trivia_qa_validation_11322,0,0.436991,5
trivia_qa,r1-distill-llama-8b,trivia_qa_validation_12263,0,0.33705,1
trivia_qa,r1-distill-llama-8b,trivia_qa_validation_07375,0,0.420032,1
trivia_qa,r1-distill-llama-8b,trivia_qa_validation_11180,0,0.326457,5
trivia_qa,r1-distill-llama-8b,trivia_qa_validation_14609,0,0.397608,4
trivia_qa,r1-distill-llama-8b,trivia_qa_validation_16983,1,0.357312,4
trivia_qa,r1-distill-llama-8b,trivia_qa_validation_03035,0,0.482176,2
trivia_qa,r1-distill-llama-8b,trivia_qa_validation_10195,1,0.190931,1
trivia_qa,r1-distill-llama-8b,trivia_qa_validation_04029,1,0.545427,5
trivia_qa,r1-distill-llama-8b,trivia_qa_validation_04916,1,0.497758,1
trivia_qa,r1-distill-llama-8b,trivia_qa_validation_04652,0,0.605627,5
trivia_qa,r1-distill-llama-8b,trivia_qa_validation_03007,1,0.476988,3
trivia_qa,r1-distill-llama-8b,trivia_qa_validation_00968,1,0.186035,5
trivia_qa,r1-distill-llama-8b,trivia_qa_validation_06380,0,0.386659,1
trivia_qa,r1-distill-llama-8b,trivia_qa_validation_13769,0,0.552307,2
trivia_qa,r1-distill-llama-8b,trivia_qa_validation_07125,1,0.527638,5
trivia_qa,r1-distill-llama-8b,trivia_qa_validation_00810,0,0.34689,1
trivia_qa,r1-distill-llama-8b,trivia_qa_validation_04212,1,0.442016,2
trivia_qa,r1-distill-llama-8b,trivia_qa_validation_02642,0,0.20427,3
trivia_qa,r1-distill-llama-8b,trivia_qa_validation_12833,1,0.512378,4
trivia_qa,r1-distill-llama-8b,trivia_qa_validation_00192,0,0.263818,1
trivia_qa,r1-distill-llama-8b,trivia_qa_validation_16982,0,0.413231,3
trivia_qa,r1-distill-llama-8b,trivia_qa_validation_14641,1,0.470353,5
trivia_qa,r1-distill-llama-8b,trivia_qa_validation_08669,0,0.167532,2
trivia_qa,r1-distill-llama-8b,trivia_qa_validation_06037,0,0.408538,5
trivia_qa,r1-distill-llama-8b,trivia_qa_validation_15439,0,0.715612,2
trivia_qa,r1-distill-llama-8b,trivia_qa_validation_08560,1,0.443183,1
trivia_qa,r1-distill-llama-8b,trivia_qa_validation_14118,1,0.444729,3
trivia_qa,r1-distill-llama-8b,trivia_qa_validation_06569,1,0.395662,4
trivia_qa,r1-distill-llama-8b,trivia_qa_validation_13554,0,0.280504,1
trivia_qa,r1-distill-llama-8b,trivia_qa_validation_13115,1,0.130752,1
trivia_qa,r1-distill-llama-8b,trivia_qa_validation_11304,1,0.595169,5
trivia_qa,r1-distill-llama-8b,trivia_qa_validation_05519,0,0.559251,1
trivia_qa,r1-distill-llama-8b,trivia_qa_validation_03282,1,0.332921,4
trivia_qa,r1-distill-llama-8b,trivia_qa_validation_08727,0,0.14577,1
trivia_qa,r1-distill-llama-8b,trivia_qa_validation_16377,0,0.376199,2
trivia_qa,r1-distill-llama-8b,trivia_qa_validation_07969,0,0.393956,2
trivia_qa,r1-distill-llama-8b,trivia_qa_validation_06289,1,0.440058,1
trivia_qa,r1-distill-llama-8b,trivia_qa_validation_15611,0,0.267014,3
trivia_qa,r1-distill-llama-8b,trivia_qa_validation_07166,0,0.497081,4
trivia_qa,r1-distill-llama-8b,trivia_qa_validation_14389,1,0.553347,5
trivia_qa,r1-distill-llama-8b,trivia_qa_validation_05321,1,0.357935,2
trivia_qa,r1-distill-llama-8b,trivia_qa_validation_17007,1,0.658346,1
trivia_qa,r1-distill-llama-8b,trivia_qa_validation_04632,0,0.419994,5
trivia_qa,r1-distill-llama-8b,trivia_qa_validation_05991,0,0.458292,2
trivia_qa,r1-distill-llama-8b,trivia_qa_validation_00184,0,0.391209,5
trivia_qa,r1-distill-llama-8b,trivia_qa_validation_09763,0,0.492311,1
trivia_qa,r1-distill-llama-8b,trivia_qa_validation_09518,0,0.27004,1
trivia_qa,r1-distill-llama-8b,trivia_qa_validation_16639,1,0.493595,4
trivia_qa,r1-distill-llama-8b,trivia_qa_validation_09224,0,0.46541,3
trivia_qa,r1-distill-llama-8b,trivia_qa_validation_17608,0,0.434476,5
trivia_qa,r1-distill-llama-8b,trivia_qa_validation_06330,0,0.282086,4
trivia_qa,r1-distill-llama-8b,trivia_qa_validation_15429,0,0.254117,5
trivia_qa,r1-distill-llama-8b,trivia_qa_validation_05586,1,0.704464,1
trivia_qa,r1-distill-llama-8b,trivia_qa_validation_10691,0,0.290657,2
trivia_qa,r1-distill-llama-8b,trivia_qa_validation_15504,1,0.396803,1
trivia_qa,r1-distill-llama-8b,trivia_qa_validation_12758,1,0.416727,3
trivia_qa,r1-distill-llama-8b,trivia_qa_validation_04935,0,0.461117,5
trivia_qa,r1-distill-llama-8b,trivia_qa_validation_12705,0,0.126842,1
trivia_qa,r1-distill-llama-8b,trivia_qa_validation_10307,0,0.165321,5
trivia_qa,r1-distill-llama-8b,trivia_qa_validation_16861,0,0.457442,5
trivia_qa,r1-distill-llama-8b,trivia_qa_validation_04311,0,0.413746,2
trivia_qa,r1-distill-llama-8b,trivia_qa_validation_01872,0,0.148383,4
trivia_qa,r1-distill-llama-8b,trivia_qa_validation_15578,0,0.396551,3
trivia_qa,r1-distill-llama-8b,trivia_qa_validation_05318,0,0.431318,4
trivia_qa,r1-distill-llama-8b,trivia_qa_validation_12207,1,0.330622,4
trivia_qa,r1-distill-llama-8b,trivia_qa_validation_11540,1,0.551066,3
trivia_qa,r1-distill-llama-8b,trivia_qa_validation_14213,1,0.649249,4
trivia_qa,r1-distill-llama-8b,trivia_qa_validation_02288,0,0.410756,4
trivia_qa,r1-distill-llama-8b,trivia_qa_validation_02457,0,0.304609,3
trivia_qa,r1-distill-llama-8b,trivia_qa_validation_02449,1,0.361449,5
trivia_qa,r1-distill-llama-8b,trivia_qa_validation_03143,0,0.355672,2
trivia_qa,r1-distill-llama-8b,trivia_qa_validation_10312,1,0.355813,3
trivia_qa,r1-distill-llama-8b,trivia_qa_validation_07733,1,0.555476,3
trivia_qa,r1-distill-llama-8b,trivia_qa_validation_13133,0,0.251031,1
trivia_qa,r1-distill-llama-8b,trivia_qa_validation_13478,0,0.304368,3
trivia_qa,r1-distill-llama-8b,trivia_qa_validation_04417,1,0.519878,2
trivia_qa,r1-distill-llama-8b,trivia_qa_validation_04688,1,0.617298,3
trivia_qa,r1-distill-llama-8b,trivia_qa_validation_00576,0,0.276564,5
trivia_qa,r1-distill-llama-8b,trivia_qa_validation_01269,1,0.497411,5
trivia_qa,r1-distill-llama-8b,trivia_qa_validation_12288,0,0.491805,5
trivia_qa,r1-distill-llama-8b,trivia_qa_validation_12614,0,0.506959,4
trivia_qa,r1-distill-llama-8b,trivia_qa_validation_06335,0,0.349443,1
trivia_qa,r1-distill-llama-8b,trivia_qa_validation_09625,1,0.317363,3
trivia_qa,r1-distill-llama-8b,trivia_qa_validation_06659,0,0.524942,2
trivia_qa,r1-distill-llama-8b,trivia_qa_validation_06410,0,0.33079,4
trivia_qa,r1-distill-llama-8b,trivia_qa_validation_08319,0,0.280413,5
trivia_qa,r1-distill-llama-8b,trivia_qa_validation_13636,0,0.487988,2
trivia_qa,r1-distill-llama-8b,trivia_qa_validation_07588,1,0.298337,5
trivia_qa,r1-distill-llama-8b,trivia_qa_validation_00382,0,0.54058,4
trivia_qa,r1-distill-llama-8b,trivia_qa_validation_06409,1,0.495829,1
trivia_qa,r1-distill-llama-8b,trivia_qa_validation_08139,0,0.2332,2
trivia_qa,r1-distill-llama-8b,trivia_qa_validation_16555,1,0.50778,5
trivia_qa,r1-distill-llama-8b,trivia_qa_validation_08816,0,0.327371,1
trivia_qa,r1-distill-llama-8b,trivia_qa_validation_01660,0,0.285227,3
trivia_qa,r1-distill-llama-8b,trivia_qa_validation_06551,1,0.25361,2
trivia_qa,r1-distill-llama-8b,trivia_qa_validation_11168,0,0.242502,2
trivia_qa,r1-distill-llama-8b,trivia_qa_validation_08325,0,0.070008,1
trivia_qa,r1-distill-llama-8b,trivia_qa_validation_11958,0,0.257989,4
trivia_qa,r1-distill-llama-8b,trivia_qa_validation_02824,1,0.535251,2
trivia_qa,r1-distill-llama-8b,trivia_qa_validation_08656,0,0.224485,1
trivia_qa,r1-distill-llama-8b,trivia_qa_validation_10866,1,0.527747,3
trivia_qa,r1-distill-llama-8b,trivia_qa_validation_05539,0,0.228855,1
trivia_qa,r1-distill-llama-8b,trivia_qa_validation_09236,1,0.548083,3
trivia_qa,r1-distill-llama-8b,trivia_qa_validation_10550,0,0.292982,4
trivia_qa,r1-distill-llama-8b,trivia_qa_validation_14475,1,0.347824,1
trivia_qa,r1-distill-llama-8b,trivia_qa_validation_03911,0,0.401984,3
trivia_qa,r1-distill-llama-8b,trivia_qa_validation_01244,1,0.338279,3
trivia_qa,r1-distill-llama-8b,trivia_qa_validation_09996,0,0.372705,3
trivia_qa,r1-distill-llama-8b,trivia_qa_validation_07510,0,0.395297,2
trivia_qa,r1-distill-llama-8b,trivia_qa_validation_11128,0,0.410695,2
trivia_qa,r1-distill-llama-8b,trivia_qa_validation_05526,0,0.318653,1
trivia_qa,r1-distill-llama-8b,trivia_qa_validation_16310,1,0.410171,1
trivia_qa,r1-distill-llama-8b,trivia_qa_validation_17912,0,0.353677,5
trivia_qa,r1-distill-llama-8b,trivia_qa_validation_03045,1,0.552461,5
trivia_qa,r1-distill-llama-8b,trivia_qa_validation_01048,0,0.134782,2
trivia_qa,r1-distill-llama-8b,trivia_qa_validation_16448,0,0.198163,3
trivia_qa,r1-distill-llama-8b,trivia_qa_validation_03998,0,0.686572,4
trivia_qa,r1-distill-llama-8b,trivia_qa_validation_08162,0,0.35289,3
trivia_qa,r1-distill-llama-8b,trivia_qa_validation_01957,0,0.286296,4
trivia_qa,r1-distill-llama-8b,trivia_qa_validation_01813,0,0.246784,2
trivia_qa,r1-distill-llama-8b,trivia_qa_validation_06827,0,0.531871,4
trivia_qa,r1-distill-llama-8b,trivia_qa_validation_11844,0,0.180293,5
trivia_qa,r1-distill-llama-8b,trivia_qa_validation_01305,0,0.378338,2
trivia_qa,r1-distill-llama-8b,trivia_qa_validation_09774,1,0.450507,4
trivia_qa,r1-distill-llama-8b,trivia_qa_validation_14858,0,0.331709,1
trivia_qa,r1-distill-llama-8b,trivia_qa_validation_15970,0,0.29271,5
trivia_qa,r1-distill-llama-8b,trivia_qa_validation_09881,1,0.684177,4
trivia_qa,r1-distill-llama-8b,trivia_qa_validation_01887,0,0.202515,2
trivia_qa,r1-distill-llama-8b,trivia_qa_validation_03596,1,0.352723,5
trivia_qa,r1-distill-llama-8b,trivia_qa_validation_17095,0,0.307725,5
trivia_qa,r1-distill-llama-8b,trivia_qa_validation_04736,1,0.536105,3
trivia_qa,r1-distill-llama-8b,trivia_qa_validation_09426,0,0.326058,2
trivia_qa,r1-distill-llama-8b,trivia_qa_validation_06297,1,0.563164,2
trivia_qa,r1-distill-llama-8b,trivia_qa_validation_01243,0,0.291948,5
trivia_qa,r1-distill-llama-8b,trivia_qa_validation_03237,0,0.078104,1
trivia_qa,r1-distill-llama-8b,trivia_qa_validation_13654,0,0.438284,3
trivia_qa,r1-distill-llama-8b,trivia_qa_validation_08293,1,0.443325,5
trivia_qa,r1-distill-llama-8b,trivia_qa_validation_03167,1,0.636252,1
trivia_qa,r1-distill-llama-8b,trivia_qa_validation_07979,1,0.321961,3
trivia_qa,r1-distill-llama-8b,trivia_qa_validation_04874,0,0.282738,3
trivia_qa,r1-distill-llama-8b,trivia_qa_validation_05256,1,0.299672,2
trivia_qa,r1-distill-llama-8b,trivia_qa_validation_16478,1,0.660811,3
trivia_qa,r1-distill-llama-8b,trivia_qa_validation_06008,1,0.07044,3
trivia_qa,r1-distill-llama-8b,trivia_qa_validation_07853,0,0.248682,1
trivia_qa,r1-distill-llama-8b,trivia_qa_validation_01757,0,0.180326,3
trivia_qa,r1-distill-llama-8b,trivia_qa_validation_00254,0,0.42136,1
trivia_qa,r1-distill-llama-8b,trivia_qa_validation_09503,1,0.37368,4
trivia_qa,r1-distill-llama-8b,trivia_qa_validation_08256,0,0.252863,2
trivia_qa,r1-distill-llama-8b,trivia_qa_validation_00165,0,0.57728,1
trivia_qa,r1-distill-llama-8b,trivia_qa_validation_14833,0,0.480957,5
trivia_qa,r1-distill-llama-8b,trivia_qa_validation_11739,1,0.544878,4
trivia_qa,r1-distill-llama-8b,trivia_qa_validation_14837,0,0.138302,4
trivia_qa,r1-distill-llama-8b,trivia_qa_validation_13216,0,0.565297,2
trivia_qa,r1-distill-llama-8b,trivia_qa_validation_06785,0,0.246141,2
trivia_qa,r1-distill-llama-8b,trivia_qa_validation_10282,0,0.036772,1
trivia_qa,r1-distill-llama-8b,trivia_qa_validation_05089,0,0.52495,3
trivia_qa,r1-distill-llama-8b,trivia_qa_validation_06908,1,0.325808,1
trivia_qa,r1-distill-llama-8b,trivia_qa_validation_15553,0,0.153665,3
trivia_qa,r1-distill-llama-8b,trivia_qa_validation_07316,1,0.428915,5
trivia_qa,r1-distill-llama-8b,trivia_qa_validation_03888,1,0.360582,2
trivia_qa,r1-distill-llama-8b,trivia_qa_validation_09916,1,0.433534,5
trivia_qa,r1-distill-llama-8b,trivia_qa_validation_12738,0,0.331589,3
trivia_qa,r1-distill-llama-8b,trivia_qa_validation_03099,0,0.536338,4
trivia_qa,r1-distill-llama-8b,trivia_qa_validation_15150,0,0.359213,4
trivia_qa,r1-distill-llama-8b,trivia_qa_validation_10944,1,0.389927,4
trivia_qa,r1-distill-llama-8b,trivia_qa_validation_04194,0,0.124408,5
trivia_qa,r1-distill-llama-8b,trivia_qa_validation_00552,0,0.598847,3
trivia_qa,r1-distill-llama-8b,trivia_qa_validation_02570,0,0.505514,2
trivia_qa,r1-distill-llama-8b,trivia_qa_validation_07163,0,0.098256,2
trivia_qa,r1-distill-llama-8b,trivia_qa_validation_06215,0,0.288633,4
trivia_qa,r1-distill-llama-8b,trivia_qa_validation_11403,1,0.428325,3
trivia_qa,r1-distill-llama-8b,trivia_qa_validation_01583,0,0.297174,5
trivia_qa,r1-distill-llama-8b,trivia_qa_validation_07236,1,0.631201,5
trivia_qa,r1-distill-llama-8b,trivia_qa_validation_02418,0,0.298178,1
trivia_qa,r1-distill-llama-8b,trivia_qa_validation_02307,1,0.297741,2
trivia_qa,r1-distill-llama-8b,trivia_qa_validation_17862,1,0.435587,3
trivia_qa,r1-distill-llama-8b,trivia_qa_validation_03564,0,0.234171,4
trivia_qa,r1-distill-llama-8b,trivia_qa_validation_14532,0,0.349143,1
trivia_qa,r1-distill-llama-8b,trivia_qa_validation_15759,0,0.34482,5
trivia_qa,r1-distill-llama-8b,trivia_qa_validation_02898,0,0.041691,1
trivia_qa,r1-distill-llama-8b,trivia_qa_validation_03231,1,0.560948,1
trivia_qa,r1-distill-llama-8b,trivia_qa_validation_08321,0,0.15696,2
trivia_qa,r1-distill-llama-8b,trivia_qa_validation_05774,0,0.452129,1
trivia_qa,r1-distill-llama-8b,trivia_qa_validation_11957,0,0.272704,5
trivia_qa,r1-distill-llama-8b,trivia_qa_validation_08244,1,0.518803,1
trivia_qa,r1-distill-llama-8b,trivia_qa_validation_05419,1,0.140079,3
trivia_qa,r1-distill-llama-8b,trivia_qa_validation_14522,1,0.484938,5
trivia_qa,r1-distill-llama-8b,trivia_qa_validation_02106,0,0.348135,4
trivia_qa,r1-distill-llama-8b,trivia_qa_validation_12553,1,0.475172,4
trivia_qa,r1-distill-llama-8b,trivia_qa_validation_08926,0,0.116315,4
trivia_qa,r1-distill-llama-8b,trivia_qa_validation_15063,1,0.491961,3
trivia_qa,r1-distill-llama-8b,trivia_qa_validation_14942,0,0.439467,4
trivia_qa,r1-distill-llama-8b,trivia_qa_validation_09813,0,0.558794,1
trivia_qa,r1-distill-llama-8b,trivia_qa_validation_06729,1,0.383286,3
trivia_qa,r1-distill-llama-8b,trivia_qa_validation_04822,0,0.383386,3
trivia_qa,r1-distill-llama-8b,trivia_qa_validation_02890,1,0.401939,2
trivia_qa,r1-distill-llama-8b,trivia_qa_validation_13779,1,0.390831,3
trivia_qa,r1-distill-llama-8b,trivia_qa_validation_14359,0,0.328814,3
trivia_qa,r1-distill-llama-8b,trivia_qa_validation_01700,0,0.350833,3
trivia_qa,r1-distill-llama-8b,trivia_qa_validation_15638,0,0.268352,1
trivia_qa,r1-distill-llama-8b,trivia_qa_validation_03362,0,0.470553,3
trivia_qa,r1-distill-llama-8b,trivia_qa_validation_04721,0,0.246905,4
trivia_qa,r1-distill-llama-8b,trivia_qa_validation_03303,0,0.166178,3
trivia_qa,r1-distill-llama-8b,trivia_qa_validation_06978,0,0.466873,2
trivia_qa,r1-distill-llama-8b,trivia_qa_validation_16241,1,0.272324,1
trivia_qa,r1-distill-llama-8b,trivia_qa_validation_17918,0,0.447373,5
trivia_qa,r1-distill-llama-8b,trivia_qa_validation_15357,1,0.357547,4
trivia_qa,r1-distill-llama-8b,trivia_qa_validation_05019,0,0.262243,5
trivia_qa,r1-distill-llama-8b,trivia_qa_validation_06211,0,0.3424,5
trivia_qa,r1-distill-llama-8b,trivia_qa_validation_11926,1,0.277746,4
trivia_qa,r1-distill-llama-8b,trivia_qa_validation_03640,1,0.430436,2
trivia_qa,r1-distill-llama-8b,trivia_qa_validation_03927,1,0.391058,1
trivia_qa,r1-distill-llama-8b,trivia_qa_validation_14928,0,0.262131,5
trivia_qa,r1-distill-llama-8b,trivia_qa_validation_12834,1,0.360866,2
trivia_qa,r1-distill-llama-8b,trivia_qa_validation_09497,0,0.462988,3
trivia_qa,r1-distill-llama-8b,trivia_qa_validation_02033,0,0.754544,2
trivia_qa,r1-distill-llama-8b,trivia_qa_validation_03233,0,0.72883,5
trivia_qa,r1-distill-llama-8b,trivia_qa_validation_10014,0,0.469456,5
trivia_qa,r1-distill-llama-8b,trivia_qa_validation_15187,1,0.527895,4
trivia_qa,r1-distill-llama-8b,trivia_qa_validation_08965,1,0.53333,3
trivia_qa,r1-distill-llama-8b,trivia_qa_validation_05066,1,0.379885,5
trivia_qa,r1-distill-llama-8b,trivia_qa_validation_12559,0,0.542053,1
trivia_qa,r1-distill-llama-8b,trivia_qa_validation_06603,1,0.438821,4
trivia_qa,r1-distill-llama-8b,trivia_qa_validation_08453,1,0.532109,4
trivia_qa,r1-distill-llama-8b,trivia_qa_validation_14931,0,0.325403,5
trivia_qa,r1-distill-llama-8b,trivia_qa_validation_15106,0,0.254306,3
trivia_qa,r1-distill-llama-8b,trivia_qa_validation_10591,0,0.321364,1
trivia_qa,r1-distill-llama-8b,trivia_qa_validation_03936,0,0.429486,3
trivia_qa,r1-distill-llama-8b,trivia_qa_validation_11173,0,0.257759,4
trivia_qa,r1-distill-llama-8b,trivia_qa_validation_00846,1,0.520077,3
trivia_qa,r1-distill-llama-8b,trivia_qa_validation_03873,0,0.393824,2
trivia_qa,r1-distill-llama-8b,trivia_qa_validation_03973,0,0.197137,3
trivia_qa,r1-distill-llama-8b,trivia_qa_validation_02775,0,0.431839,2
trivia_qa,r1-distill-llama-8b,trivia_qa_validation_05687,1,0.308129,3
trivia_qa,r1-distill-llama-8b,trivia_qa_validation_09848,1,0.552446,2
trivia_qa,r1-distill-llama-8b,trivia_qa_validation_06820,0,0.39148,4
trivia_qa,r1-distill-llama-8b,trivia_qa_validation_14907,1,0.387932,2
trivia_qa,r1-distill-llama-8b,trivia_qa_validation_11989,1,0.382414,4
trivia_qa,r1-distill-llama-8b,trivia_qa_validation_07038,0,0.606853,4
trivia_qa,r1-distill-llama-8b,trivia_qa_validation_03319,0,0.125716,5
trivia_qa,r1-distill-llama-8b,trivia_qa_validation_02548,0,0.503926,3
trivia_qa,r1-distill-llama-8b,trivia_qa_validation_04261,1,0.377793,3
trivia_qa,r1-distill-llama-8b,trivia_qa_validation_14853,1,0.364356,1
trivia_qa,r1-distill-llama-8b,trivia_qa_validation_07931,0,0.253597,3
trivia_qa,r1-distill-llama-8b,trivia_qa_validation_09718,0,0.451602,2
trivia_qa,r1-distill-llama-8b,trivia_qa_validation_05292,0,0.298475,1
trivia_qa,r1-distill-llama-8b,trivia_qa_validation_13456,0,0.373198,4
trivia_qa,r1-distill-llama-8b,trivia_qa_validation_09330,0,0.303203,1
trivia_qa,r1-distill-llama-8b,trivia_qa_validation_07136,0,0.331813,4
trivia_qa,r1-distill-llama-8b,trivia_qa_validation_14543,0,0.59539,3
trivia_qa,r1-distill-llama-8b,trivia_qa_validation_12564,1,0.257951,3
trivia_qa,r1-distill-llama-8b,trivia_qa_validation_02672,0,0.331005,2
trivia_qa,r1-distill-llama-8b,trivia_qa_validation_01604,1,0.386713,2
trivia_qa,r1-distill-llama-8b,trivia_qa_validation_07684,1,0.187292,1
trivia_qa,r1-distill-llama-8b,trivia_qa_validation_01782,0,0.243574,4
trivia_qa,r1-distill-llama-8b,trivia_qa_validation_17582,0,0.324231,2
trivia_qa,r1-distill-llama-8b,trivia_qa_validation_16071,0,0.269014,1
trivia_qa,r1-distill-llama-8b,trivia_qa_validation_02529,0,0.557037,1
trivia_qa,r1-distill-llama-8b,trivia_qa_validation_06312,0,0.564747,1
trivia_qa,r1-distill-llama-8b,trivia_qa_validation_15880,0,0.329415,3
trivia_qa,r1-distill-llama-8b,trivia_qa_validation_11305,0,0.387844,4
trivia_qa,r1-distill-llama-8b,trivia_qa_validation_13979,1,0.355993,1
trivia_qa,r1-distill-llama-8b,trivia_qa_validation_13336,1,0.187787,2
trivia_qa,r1-distill-llama-8b,trivia_qa_validation_08509,1,0.261614,3
trivia_qa,r1-distill-llama-8b,trivia_qa_validation_13845,1,0.150651,1
trivia_qa,r1-distill-llama-8b,trivia_qa_validation_13351,0,0.658684,1
mmlu_pro,qwq-32b,mmlu_pro_test_04946,0,0.830782,5
mmlu_pro,qwq-32b,mmlu_pro_test_06900,1,0.897908,1
mmlu_pro,qwq-32b,mmlu_pro_test_03199,1,0.937306,2
mmlu_pro,qwq-32b,mmlu_pro_test_00399,0,0.930737,5
mmlu_pro,qwq-32b,mmlu_pro_test_06405,1,0.940647,4
mmlu_pro,qwq-32b,mmlu_pro_test_02736,1,0.949559,3
mmlu_pro,qwq-32b,mmlu_pro_test_08299,1,0.941237,1
mmlu_pro,qwq-32b,mmlu_pro_test_11265,1,0.961509,5
mmlu_pro,qwq-32b,mmlu_pro_test_02400,1,0.937642,2
mmlu_pro,qwq-32b,mmlu_pro_test_00612,0,0.721313,1
mmlu_pro,qwq-32b,mmlu_pro_test_02961,1,0.927765,2
mmlu_pro,qwq-32b,mmlu_pro_test_08614,1,0.925201,2
mmlu_pro,qwq-32b,mmlu_pro_test_00706,0,0.937976,4
mmlu_pro,qwq-32b,mmlu_pro_test_05716,1,0.552491,3
mmlu_pro,qwq-32b,mmlu_pro_test_11338,1,0.948814,3
mmlu_pro,qwq-32b,mmlu_pro_test_07664,1,0.920245,3
mmlu_pro,qwq-32b,mmlu_pro_test_09605,1,0.959601,3
mmlu_pro,qwq-32b,mmlu_pro_test_02354,1,0.80076,1
mmlu_pro,qwq-32b,mmlu_pro_test_05252,1,0.88405,5
mmlu_pro,qwq-32b,mmlu_pro_test_01206,1,0.896411,3
mmlu_pro,qwq-32b,mmlu_pro_test_10247,1,0.856549,4
mmlu_pro,qwq-32b,mmlu_pro_test_07963,1,0.936515,5
mmlu_pro,qwq-32b,mmlu_pro_test_08489,1,0.946776,1
mmlu_pro,qwq-32b,mmlu_pro_test_07315,1,0.739102,1
mmlu_pro,qwq-32b,mmlu_pro_test_03640,1,0.933955,3
mmlu_pro,qwq-32b,mmlu_pro_test_05875,1,0.949816,1
mmlu_pro,qwq-32b,mmlu_pro_test_00209,1,0.956776,4
mmlu_pro,qwq-32b,mmlu_pro_test_10639,0,0.867183,1
mmlu_pro,qwq-32b,mmlu_pro_test_07624,1,0.8843,1
mmlu_pro,qwq-32b,mmlu_pro_test_08841,1,0.959555,5
mmlu_pro,qwq-32b,mmlu_pro_test_10104,1,0.951045,5
mmlu_pro,qwq-32b,mmlu_pro_test_00714,1,0.917207,2
mmlu_pro,qwq-32b,mmlu_pro_test_08182,1,0.919996,3
mmlu_pro,qwq-32b,mmlu_pro_test_07610,1,0.939824,5
mmlu_pro,qwq-32b,mmlu_pro_test_03821,1,0.947505,1
mmlu_pro,qwq-32b,mmlu_pro_test_02666,1,0.927497,5
mmlu_pro,qwq-32b,mmlu_pro_test_00552,1,0.942255,1
mmlu_pro,qwq-32b,mmlu_pro_test_04762,1,0.924018,2
mmlu_pro,qwq-32b,mmlu_pro_test_10305,1,0.942011,5
mmlu_pro,qwq-32b,mmlu_pro_test_10990,1,0.918683,5
mmlu_pro,qwq-32b,mmlu_pro_test_10273,1,0.874562,2
mmlu_pro,qwq-32b,mmlu_pro_test_07465,1,0.931406,1
mmlu_pro,qwq-32b,mmlu_pro_test_07227,1,0.914729,5
mmlu_pro,qwq-32b,mmlu_pro_test_08081,1,0.951054,2
mmlu_pro,qwq-32b,mmlu_pro_test_02006,1,0.921755,2
mmlu_pro,qwq-32b,mmlu_pro_test_06169,1,0.952414,2
mmlu_pro,qwq-32b,mmlu_pro_test_00777,1,0.939634,4
mmlu_pro,qwq-32b,mmlu_pro_test_03086,1,0.927691,5
mmlu_pro,qwq-32b,mmlu_pro_test_06764,0,0.931777,3
mmlu_pro,qwq-32b,mmlu_pro_test_04577,1,0.910446,1
mmlu_pro,qwq-32b,mmlu_pro_test_07588,1,0.931294,4
mmlu_pro,qwq-32b,mmlu_pro_test_04648,1,0.936522,1
mmlu_pro,qwq-32b,mmlu_pro_test_07073,1,0.941937,4
mmlu_pro,qwq-32b,mmlu_pro_test_02543,1,0.928148,3
mmlu_pro,qwq-32b,mmlu_pro_test_09545,1,0.933526,3
mmlu_pro,qwq-32b,mmlu_pro_test_05814,1,0.93268,4
mmlu_pro,qwq-32b,mmlu_pro_test_02239,1,0.664312,1
mmlu_pro,qwq-32b,mmlu_pro_test_04600,1,0.909997,1
mmlu_pro,qwq-32b,mmlu_pro_test_03938,1,0.95688,5
mmlu_pro,qwq-32b,mmlu_pro_test_08707,1,0.942941,3
mmlu_pro,qwq-32b,mmlu_pro_test_06047,1,0.783288,1
mmlu_pro,qwq-32b,mmlu_pro_test_10314,1,0.756699,3
mmlu_pro,qwq-32b,mmlu_pro_test_07781,1,0.933408,2
mmlu_pro,qwq-32b,mmlu_pro_test_01909,1,0.752377,4
mmlu_pro,qwq-32b,mmlu_pro_test_07841,1,0.930606,1
mmlu_pro,qwq-32b,mmlu_pro_test_02367,1,0.855525,3
mmlu_pro,qwq-32b,mmlu_pro_test_03243,1,0.831115,1
mmlu_pro,qwq-32b,mmlu_pro_test_03551,1,0.920455,4
mmlu_pro,qwq-32b,mmlu_pro_test_00105,1,0.737447,1
mmlu_pro,qwq-32b,mmlu_pro_test_10480,1,0.94077,3
mmlu_pro,qwq-32b,mmlu_pro_test_07621,1,0.930889,4
mmlu_pro,qwq-32b,mmlu_pro_test_06374,1,0.937125,4
mmlu_pro,qwq-32b,mmlu_pro_test_04854,1,0.924837,4
mmlu_pro,qwq-32b,mmlu_pro_test_01994,1,0.917117,5
mmlu_pro,qwq-32b,mmlu_pro_test_08531,1,0.87831,2
mmlu_pro,qwq-32b,mmlu_pro_test_07336,1,0.912841,5
mmlu_pro,qwq-32b,mmlu_pro_test_06826,1,0.907899,1
mmlu_pro,qwq-32b,mmlu_pro_test_03296,1,0.835419,3
mmlu_pro,qwq-32b,mmlu_pro_test_04641,1,0.933214,1
mmlu_pro,qwq-32b,mmlu_pro_test_06683,1,0.857285,4
mmlu_pro,qwq-32b,mmlu_pro_test_10242,1,0.937243,2
mmlu_pro,qwq-32b,mmlu_pro_test_06474,1,0.893325,1
mmlu_pro,qwq-32b,mmlu_pro_test_00075,1,0.952892,2
mmlu_pro,qwq-32b,mmlu_pro_test_01510,1,0.937017,3
mmlu_pro,qwq-32b,mmlu_pro_test_07068,1,0.893653,1
mmlu_pro,qwq-32b,mmlu_pro_test_04667,0,0.892964,2
mmlu_pro,qwq-32b,mmlu_pro_test_04596,1,0.854662,5
mmlu_pro,qwq-32b,mmlu_pro_test_11048,0,0.879984,1
mmlu_pro,qwq-32b,mmlu_pro_test_08599,1,0.953154,5
mmlu_pro,qwq-32b,mmlu_pro_test_06330,1,0.941201,2
mmlu_pro,qwq-32b,mmlu_pro_test_09589,1,0.950382,4
mmlu_pro,qwq-32b,mmlu_pro_test_10859,1,0.917921,5
mmlu_pro,qwq-32b,mmlu_pro_test_05334,1,0.871618,3
mmlu_pro,qwq-32b,mmlu_pro_test_02899,1,0.946725,4
mmlu_pro,qwq-32b,mmlu_pro_test_06094,1,0.908772,1
mmlu_pro,qwq-32b,mmlu_pro_test_10249,1,0.922096,3
mmlu_pro,qwq-32b,mmlu_pro_test_03186,1,0.930874,3
mmlu_pro,qwq-32b,mmlu_pro_test_00193,1,0.897468,1
mmlu_pro,qwq-32b,mmlu_pro_test_03128,1,0.921738,1
mmlu_pro,qwq-32b,mmlu_pro_test_06423,1,0.904856,2
mmlu_pro,qwq-32b,mmlu_pro_test_04220,1,0.950123,1
mmlu_pro,qwq-32b,mmlu_pro_test_07547,1,0.937504,3
mmlu_pro,qwq-32b,mmlu_pro_test_03546,1,0.950342,4
mmlu_pro,qwq-32b,mmlu_pro_test_05346,1,0.749924,1
mmlu_pro,qwq-32b,mmlu_pro_test_07670,1,0.954367,1
mmlu_pro,qwq-32b,mmlu_pro_test_01054,1,0.906982,3
mmlu_pro,qwq-32b,mmlu_pro_test_09458,1,0.912662,3
mmlu_pro,qwq-32b,mmlu_pro_test_07105,1,0.918994,2
mmlu_pro,qwq-32b,mmlu_pro_test_03107,1,0.93503,5
mmlu_pro,qwq-32b,mmlu_pro_test_10196,1,0.918196,1
mmlu_pro,qwq-32b,mmlu_pro_test_10696,0,0.85392,2
mmlu_pro,qwq-32b,mmlu_pro_test_02622,1,0.915915,1
mmlu_pro,qwq-32b,mmlu_pro_test_02098,1,0.948504,1
mmlu_pro,qwq-32b,mmlu_pro_test_02310,1,0.905158,2
mmlu_pro,qwq-32b,mmlu_pro_test_04768,1,0.938398,3
mmlu_pro,qwq-32b,mmlu_pro_test_00538,1,0.95769,5
mmlu_pro,qwq-32b,mmlu_pro_test_08558,1,0.936712,1
mmlu_pro,qwq-32b,mmlu_pro_test_02212,1,0.860035,5
mmlu_pro,qwq-32b,mmlu_pro_test_00294,1,0.866915,2
mmlu_pro,qwq-32b,mmlu_pro_test_01352,0,0.929271,5
mmlu_pro,qwq-32b,mmlu_pro_test_00677,1,0.944302,1
mmlu_pro,qwq-32b,mmlu_pro_test_06106,1,0.765084,5
mmlu_pro,qwq-32b,mmlu_pro_test_01153,1,0.932043,1
mmlu_pro,qwq-32b,mmlu_pro_test_05645,1,0.86871,4
mmlu_pro,qwq-32b,mmlu_pro_test_01105,0,0.884318,5
mmlu_pro,qwq-32b,mmlu_pro_test_06414,1,0.95033,3
mmlu_pro,qwq-32b,mmlu_pro_test_03360,1,0.851105,3
mmlu_pro,qwq-32b,mmlu_pro_test_01281,0,0.889071,1
mmlu_pro,qwq-32b,mmlu_pro_test_06933,1,0.893677,2
mmlu_pro,qwq-32b,mmlu_pro_test_01741,1,0.957035,1
mmlu_pro,qwq-32b,mmlu_pro_test_07300,1,0.830772,2
mmlu_pro,qwq-32b,mmlu_pro_test_10821,0,0.726867,4
mmlu_pro,qwq-32b,mmlu_pro_test_00578,1,0.956295,5
mmlu_pro,qwq-32b,mmlu_pro_test_01115,1,0.935255,3
mmlu_pro,qwq-32b,mmlu_pro_test_09552,1,0.957864,3
mmlu_pro,qwq-32b,mmlu_pro_test_06472,1,0.901454,1
mmlu_pro,qwq-32b,mmlu_pro_test_00233,1,0.928696,2
mmlu_pro,qwq-32b,mmlu_pro_test_00881,1,0.923588,2
mmlu_pro,qwq-32b,mmlu_pro_test_06356,1,0.829398,5
mmlu_pro,qwq-32b,mmlu_pro_test_05571,0,0.898637,2
mmlu_pro,qwq-32b,mmlu_pro_test_05042,1,0.931771,4
mmlu_pro,qwq-32b,mmlu_pro_test_12001,1,0.967573,4
mmlu_pro,qwq-32b,mmlu_pro_test_09661,1,0.961338,3
mmlu_pro,qwq-32b,mmlu_pro_test_08046,1,0.906711,3
mmlu_pro,qwq-32b,mmlu_pro_test_11328,1,0.946061,3
mmlu_pro,qwq-32b,mmlu_pro_test_09027,1,0.899713,1
mmlu_pro,qwq-32b,mmlu_pro_test_06430,1,0.886137,5
mmlu_pro,qwq-32b,mmlu_pro_test_09215,1,0.939294,3
mmlu_pro,qwq-32b,mmlu_pro_test_08916,0,0.963334,3
mmlu_pro,qwq-32b,mmlu_pro_test_03285,1,0.918718,4
mmlu_pro,qwq-32b,mmlu_pro_test_00232,1,0.96541,3
mmlu_pro,qwq-32b,mmlu_pro_test_07952,1,0.970727,4
mmlu_pro,qwq-32b,mmlu_pro_test_02613,1,0.823687,5
mmlu_pro,qwq-32b,mmlu_pro_test_07051,0,0.973218,4
mmlu_pro,qwq-32b,mmlu_pro_test_06654,1,0.597682,4
mmlu_pro,qwq-32b,mmlu_pro_test_08077,1,0.930475,2
mmlu_pro,qwq-32b,mmlu_pro_test_00654,1,0.965892,3
mmlu_pro,qwq-32b,mmlu_pro_test_01114,1,0.94215,3
mmlu_pro,qwq-32b,mmlu_pro_test_02376,1,0.821239,3
mmlu_pro,qwq-32b,mmlu_pro_test_10943,1,0.898154,2
mmlu_pro,qwq-32b,mmlu_pro_test_01822,0,0.906535,1
mmlu_pro,qwq-32b,mmlu_pro_test_08513,1,0.954838,1
mmlu_pro,qwq-32b,mmlu_pro_test_06409,1,0.771011,4
mmlu_pro,qwq-32b,mmlu_pro_test_05509,1,0.862081,4
mmlu_pro,qwq-32b,mmlu_pro_test_07012,1,0.88615,3
mmlu_pro,qwq-32b,mmlu_pro_test_07233,1,0.939914,3
mmlu_pro,qwq-32b,mmlu_pro_test_04296,1,0.942494,4
mmlu_pro,qwq-32b,mmlu_pro_test_06365,1,0.945724,1
mmlu_pro,qwq-32b,mmlu_pro_test_00031,1,0.956465,1
mmlu_pro,qwq-32b,mmlu_pro_test_09953,1,0.945948,2
mmlu_pro,qwq-32b,mmlu_pro_test_02676,1,0.733726,2
mmlu_pro,qwq-32b,mmlu_pro_test_07131,0,0.939915,2
mmlu_pro,qwq-32b,mmlu_pro_test_07275,1,0.918354,1
mmlu_pro,qwq-32b,mmlu_pro_test_09210,1,0.96375,3
mmlu_pro,qwq-32b,mmlu_pro_test_01748,1,0.889732,5
mmlu_pro,qwq-32b,mmlu_pro_test_10194,1,0.92471,3
mmlu_pro,qwq-32b,mmlu_pro_test_07176,1,0.797777,4
mmlu_pro,qwq-32b,mmlu_pro_test_00102,1,0.958817,3
mmlu_pro,qwq-32b,mmlu_pro_test_01799,0,0.854541,4
mmlu_pro,qwq-32b,mmlu_pro_test_05306,1,0.961664,3
mmlu_pro,qwq-32b,mmlu_pro_test_02443,1,0.932496,3
mmlu_pro,qwq-32b,mmlu_pro_test_05266,1,0.929814,2
mmlu_pro,qwq-32b,mmlu_pro_test_05079,1,0.91548,2
mmlu_pro,qwq-32b,mmlu_pro_test_07938,1,0.938676,1
mmlu_pro,qwq-32b,mmlu_pro_test_02199,1,0.86742,1
mmlu_pro,qwq-32b,mmlu_pro_test_00801,1,0.884391,1
mmlu_pro,qwq-32b,mmlu_pro_test_06048,1,0.926982,5
mmlu_pro,qwq-32b,mmlu_pro_test_04601,1,0.922607,5
mmlu_pro,qwq-32b,mmlu_pro_test_08357,1,0.946033,1
mmlu_pro,qwq-32b,mmlu_pro_test_06758,1,0.871639,1
mmlu_pro,qwq-32b,mmlu_pro_test_05350,1,0.87703,2
mmlu_pro,qwq-32b,mmlu_pro_test_00692,1,0.940058,5
mmlu_pro,qwq-32b,mmlu_pro_test_07604,1,0.964329,3
mmlu_pro,qwq-32b,mmlu_pro_test_02247,1,0.78819,4
mmlu_pro,qwq-32b,mmlu_pro_test_00144,1,0.953198,3
mmlu_pro,qwq-32b,mmlu_pro_test_08773,1,0.953833,4
mmlu_pro,qwq-32b,mmlu_pro_test_03337,1,0.929754,5
mmlu_pro,qwq-32b,mmlu_pro_test_05298,0,0.745989,1
mmlu_pro,qwq-32b,mmlu_pro_test_02279,1,0.933676,5
mmlu_pro,qwq-32b,mmlu_pro_test_06777,1,0.915336,1
mmlu_pro,qwq-32b,mmlu_pro_test_03188,1,0.954669,4
mmlu_pro,qwq-32b,mmlu_pro_test_04250,1,0.910674,3
mmlu_pro,qwq-32b,mmlu_pro_test_02173,1,0.858737,5
mmlu_pro,qwq-32b,mmlu_pro_test_05556,1,0.923491,1
mmlu_pro,qwq-32b,mmlu_pro_test_00728,1,0.956365,1
mmlu_pro,qwq-32b,mmlu_pro_test_10423,1,0.930972,2
mmlu_pro,qwq-32b,mmlu_pro_test_05818,1,0.935897,4
mmlu_pro,qwq-32b,mmlu_pro_test_09505,1,0.972652,4
mmlu_pro,qwq-32b,mmlu_pro_test_10067,1,0.931048,2
mmlu_pro,qwq-32b,mmlu_pro_test_08111,1,0.95006,2
mmlu_pro,qwq-32b,mmlu_pro_test_11294,1,0.93082,3
mmlu_pro,qwq-32b,mmlu_pro_test_00751,0,0.892837,1
mmlu_pro,qwq-32b,mmlu_pro_test_10827,1,0.954382,3
mmlu_pro,qwq-32b,mmlu_pro_test_06328,1,0.892195,2
mmlu_pro,qwq-32b,mmlu_pro_test_02897,1,0.966338,3
mmlu_pro,qwq-32b,mmlu_pro_test_00644,1,0.937585,2
mmlu_pro,qwq-32b,mmlu_pro_test_09957,1,0.947231,5
mmlu_pro,qwq-32b,mmlu_pro_test_01205,1,0.90537,2
mmlu_pro,qwq-32b,mmlu_pro_test_09535,1,0.937262,1
mmlu_pro,qwq-32b,mmlu_pro_test_05010,1,0.877784,3
mmlu_pro,qwq-32b,mmlu_pro_test_06901,1,0.966736,3
mmlu_pro,qwq-32b,mmlu_pro_test_04665,1,0.940021,4
mmlu_pro,qwq-32b,mmlu_pro_test_07268,1,0.914639,1
mmlu_pro,qwq-32b,mmlu_pro_test_11797,1,0.924816,5
mmlu_pro,qwq-32b,mmlu_pro_test_06854,1,0.901422,1
mmlu_pro,qwq-32b,mmlu_pro_test_11021,1,0.839602,3
mmlu_pro,qwq-32b,mmlu_pro_test_06497,1,0.923598,4
mmlu_pro,qwq-32b,mmlu_pro_test_00082,1,0.957521,2
mmlu_pro,qwq-32b,mmlu_pro_test_05696,1,0.847586,2
mmlu_pro,qwq-32b,mmlu_pro_test_07437,1,0.854628,3
mmlu_pro,qwq-32b,mmlu_pro_test_08183,1,0.906006,1
mmlu_pro,qwq-32b,mmlu_pro_test_01831,0,0.918344,3
mmlu_pro,qwq-32b,mmlu_pro_test_03615,1,0.85133,4
mmlu_pro,qwq-32b,mmlu_pro_test_02148,1,0.851286,4
mmlu_pro,qwq-32b,mmlu_pro_test_00219,1,0.939604,5
mmlu_pro,qwq-32b,mmlu_pro_test_01532,1,0.845996,1
mmlu_pro,qwq-32b,mmlu_pro_test_08350,1,0.954628,2
mmlu_pro,qwq-32b,mmlu_pro_test_03087,1,0.941026,5
mmlu_pro,qwq-32b,mmlu_pro_test_07100,1,0.851207,2
mmlu_pro,qwq-32b,mmlu_pro_test_09170,1,0.950274,3
mmlu_pro,qwq-32b,mmlu_pro_test_02905,1,0.937795,2
mmlu_pro,qwq-32b,mmlu_pro_test_04309,1,0.931444,1
mmlu_pro,qwq-32b,mmlu_pro_test_08993,1,0.94232,5
mmlu_pro,qwq-32b,mmlu_pro_test_10113,1,0.954574,1
mmlu_pro,qwq-32b,mmlu_pro_test_08399,1,0.94683,3
mmlu_pro,qwq-32b,mmlu_pro_test_01252,1,0.888119,1
mmlu_pro,qwq-32b,mmlu_pro_test_02171,1,0.792464,5
mmlu_pro,qwq-32b,mmlu_pro_test_07031,1,0.914095,3
mmlu_pro,qwq-32b,mmlu_pro_test_11015,0,0.815522,1
mmlu_pro,qwq-32b,mmlu_pro_test_06831,1,0.933271,2
mmlu_pro,qwq-32b,mmlu_pro_test_09713,1,0.950949,1
mmlu_pro,qwq-32b,mmlu_pro_test_09094,1,0.963777,4
mmlu_pro,qwq-32b,mmlu_pro_test_05195,1,0.640339,4
mmlu_pro,qwq-32b,mmlu_pro_test_08685,1,0.905131,1
mmlu_pro,qwq-32b,mmlu_pro_test_04928,1,0.889908,5
mmlu_pro,qwq-32b,mmlu_pro_test_01141,1,0.924882,1
mmlu_pro,qwq-32b,mmlu_pro_test_06313,1,0.929978,4
mmlu_pro,qwq-32b,mmlu_pro_test_06295,1,0.938121,5
mmlu_pro,qwq-32b,mmlu_pro_test_08122,1,0.949574,1
mmlu_pro,qwq-32b,mmlu_pro_test_06830,1,0.951133,1
mmlu_pro,qwq-32b,mmlu_pro_test_08247,1,0.948399,2
mmlu_pro,qwq-32b,mmlu_pro_test_08198,1,0.953663,3
mmlu_pro,qwq-32b,mmlu_pro_test_02011,1,0.857086,4
mmlu_pro,qwq-32b,mmlu_pro_test_01134,1,0.956741,4
mmlu_pro,qwq-32b,mmlu_pro_test_08457,1,0.951098,5
mmlu_pro,qwq-32b,mmlu_pro_test_01760,0,0.898931,4
mmlu_pro,qwq-32b,mmlu_pro_test_10970,1,0.941589,3
mmlu_pro,qwq-32b,mmlu_pro_test_01568,1,0.925229,1
mmlu_pro,qwq-32b,mmlu_pro_test_04867,0,0.81049,2
mmlu_pro,qwq-32b,mmlu_pro_test_00329,1,0.964371,1
mmlu_pro,qwq-32b,mmlu_pro_test_11567,1,0.959039,1
mmlu_pro,qwq-32b,mmlu_pro_test_02438,1,0.933985,5
mmlu_pro,qwq-32b,mmlu_pro_test_01736,1,0.944363,2
mmlu_pro,qwq-32b,mmlu_pro_test_04974,1,0.81185,1
mmlu_pro,qwq-32b,mmlu_pro_test_04929,1,0.91559,2
mmlu_pro,qwq-32b,mmlu_pro_test_10032,1,0.941382,3
mmlu_pro,qwq-32b,mmlu_pro_test_04603,1,0.724878,3
mmlu_pro,qwq-32b,mmlu_pro_test_05202,1,0.917732,1
mmlu_pro,qwq-32b,mmlu_pro_test_06787,1,0.858001,5
mmlu_pro,qwq-32b,mmlu_pro_test_08872,1,0.940694,4
mmlu_pro,qwq-32b,mmlu_pro_test_03436,1,0.946352,2
mmlu_pro,qwq-32b,mmlu_pro_test_05678,1,0.904085,3
mmlu_pro,qwq-32b,mmlu_pro_test_09300,1,0.955005,5
mmlu_pro,qwq-32b,mmlu_pro_test_06424,1,0.949525,5
mmlu_pro,qwq-32b,mmlu_pro_test_02283,1,0.86781,4
mmlu_pro,qwq-32b,mmlu_pro_test_04727,1,0.851969,4
mmlu_pro,qwq-32b,mmlu_pro_test_01003,1,0.906321,1
mmlu_pro,qwq-32b,mmlu_pro_test_10324,1,0.829226,3
mmlu_pro,qwq-32b,mmlu_pro_test_11346,1,0.923739,2
mmlu_pro,qwq-32b,mmlu_pro_test_10124,1,0.95194,1
mmlu_pro,qwq-32b,mmlu_pro_test_03182,1,0.930233,5
mmlu_pro,qwq-32b,mmlu_pro_test_08688,0,0.903827,5
mmlu_pro,qwq-32b,mmlu_pro_test_05109,1,0.91565,1
mmlu_pro,qwq-32b,mmlu_pro_test_10163,0,0.93193,4
mmlu_pro,qwq-32b,mmlu_pro_test_03959,1,0.936584,4
mmlu_pro,qwq-32b,mmlu_pro_test_11639,1,0.932574,4
mmlu_pro,qwq-32b,mmlu_pro_test_03992,1,0.950381,3
mmlu_pro,qwq-32b,mmlu_pro_test_06451,1,0.785615,4
mmlu_pro,qwq-32b,mmlu_pro_test_08372,1,0.882648,5
mmlu_pro,qwq-32b,mmlu_pro_test_01355,1,0.877867,5
mmlu_pro,qwq-32b,mmlu_pro_test_03601,1,0.908895,5
mmlu_pro,qwq-32b,mmlu_pro_test_09942,1,0.933895,5
mmlu_pro,qwq-32b,mmlu_pro_test_06822,1,0.863276,3
mmlu_pro,qwq-32b,mmlu_pro_test_08667,1,0.946929,2
mmlu_pro,qwq-32b,mmlu_pro_test_08552,1,0.94879,2
mmlu_pro,qwq-32b,mmlu_pro_test_05452,0,0.825814,5
mmlu_pro,qwq-32b,mmlu_pro_test_09544,1,0.94231,5
mmlu_pro,qwq-32b,mmlu_pro_test_00425,1,0.914766,5
mmlu_pro,qwq-32b,mmlu_pro_test_02544,1,0.93235,2
mmlu_pro,qwq-32b,mmlu_pro_test_01550,0,0.875026,3
mmlu_pro,qwq-32b,mmlu_pro_test_08699,1,0.914414,5
mmlu_pro,qwq-32b,mmlu_pro_test_03795,1,0.94837,3
mmlu_pro,qwq-32b,mmlu_pro_test_06341,1,0.917689,2
mmlu_pro,qwq-32b,mmlu_pro_test_06977,1,0.618197,1
mmlu_pro,qwq-32b,mmlu_pro_test_06331,1,0.878967,2
mmlu_pro,qwq-32b,mmlu_pro_test_06905,0,0.948885,3
mmlu_pro,qwq-32b,mmlu_pro_test_06884,1,0.926349,2
mmlu_pro,qwq-32b,mmlu_pro_test_02285,1,0.825442,4
mmlu_pro,qwq-32b,mmlu_pro_test_11020,1,0.920775,1
mmlu_pro,qwq-32b,mmlu_pro_test_01721,1,0.901946,2
mmlu_pro,qwq-32b,mmlu_pro_test_05679,1,0.912708,5
mmlu_pro,qwq-32b,mmlu_pro_test_03061,1,0.920299,1
mmlu_pro,qwq-32b,mmlu_pro_test_08203,1,0.945857,1
mmlu_pro,qwq-32b,mmlu_pro_test_09801,1,0.930567,4
mmlu_pro,qwq-32b,mmlu_pro_test_02225,1,0.928294,2
mmlu_pro,qwq-32b,mmlu_pro_test_07284,1,0.953846,4
mmlu_pro,qwq-32b,mmlu_pro_test_00940,0,0.916933,5
mmlu_pro,qwq-32b,mmlu_pro_test_07930,1,0.936864,3
mmlu_pro,qwq-32b,mmlu_pro_test_06579,1,0.916785,3
mmlu_pro,qwq-32b,mmlu_pro_test_08275,1,0.946702,3
mmlu_pro,qwq-32b,mmlu_pro_test_09550,1,0.938322,5
mmlu_pro,qwq-32b,mmlu_pro_test_02498,1,0.830763,3
mmlu_pro,qwq-32b,mmlu_pro_test_09911,1,0.913524,2
mmlu_pro,qwq-32b,mmlu_pro_test_01960,1,0.891666,2
mmlu_pro,qwq-32b,mmlu_pro_test_11222,1,0.925974,5
mmlu_pro,qwq-32b,mmlu_pro_test_10708,1,0.889165,3
mmlu_pro,qwq-32b,mmlu_pro_test_02841,1,0.928015,1
mmlu_pro,qwq-32b,mmlu_pro_test_05560,1,0.9238,5
mmlu_pro,qwq-32b,mmlu_pro_test_11547,1,0.953312,2
mmlu_pro,qwq-32b,mmlu_pro_test_07857,1,0.945094,1
mmlu_pro,qwq-32b,mmlu_pro_test_06513,1,0.954425,5
mmlu_pro,qwq-32b,mmlu_pro_test_07069,1,0.93766,2
mmlu_pro,qwq-32b,mmlu_pro_test_00479,0,0.858904,5
mmlu_pro,qwq-32b,mmlu_pro_test_03955,1,0.944032,3
mmlu_pro,qwq-32b,mmlu_pro_test_05605,1,0.827155,1
mmlu_pro,qwq-32b,mmlu_pro_test_07246,1,0.917507,4
mmlu_pro,qwq-32b,mmlu_pro_test_03025,1,0.939116,3
mmlu_pro,qwq-32b,mmlu_pro_test_04032,1,0.942807,4
mmlu_pro,qwq-32b,mmlu_pro_test_05857,1,0.870748,3
mmlu_pro,qwq-32b,mmlu_pro_test_07599,1,0.931919,2
mmlu_pro,qwq-32b,mmlu_pro_test_10348,1,0.947222,4
mmlu_pro,qwq-32b,mmlu_pro_test_03896,1,0.932986,5
mmlu_pro,qwq-32b,mmlu_pro_test_01626,1,0.93459,3
mmlu_pro,qwq-32b,mmlu_pro_test_10350,0,0.862528,2
mmlu_pro,qwq-32b,mmlu_pro_test_03055,1,0.911259,1
mmlu_pro,qwq-32b,mmlu_pro_test_11366,1,0.940343,2
mmlu_pro,qwq-32b,mmlu_pro_test_09504,1,0.938127,3
mmlu_pro,qwq-32b,mmlu_pro_test_00636,1,0.946043,4
mmlu_pro,qwq-32b,mmlu_pro_test_00277,1,0.9412,4
mmlu_pro,qwq-32b,mmlu_pro_test_00288,1,0.750924,5
mmlu_pro,qwq-32b,mmlu_pro_test_11665,1,0.944162,4
mmlu_pro,qwq-32b,mmlu_pro_test_09600,1,0.952967,1
mmlu_pro,qwq-32b,mmlu_pro_test_06037,0,0.940265,3
mmlu_pro,qwq-32b,mmlu_pro_test_10887,1,0.820325,1
mmlu_pro,qwq-32b,mmlu_pro_test_07156,1,0.932999,3
mmlu_pro,qwq-32b,mmlu_pro_test_08774,1,0.676011,4
mmlu_pro,qwq-32b,mmlu_pro_test_02540,1,0.836603,4
mmlu_pro,qwq-32b,mmlu_pro_test_06076,1,0.928194,1
mmlu_pro,qwq-32b,mmlu_pro_test_01537,1,0.899955,1
mmlu_pro,qwq-32b,mmlu_pro_test_09637,1,0.92308,2
mmlu_pro,qwq-32b,mmlu_pro_test_03543,1,0.95609,5
mmlu_pro,qwq-32b,mmlu_pro_test_00900,1,0.934632,1
mmlu_pro,qwq-32b,mmlu_pro_test_04439,1,0.958688,4
mmlu_pro,qwq-32b,mmlu_pro_test_04870,1,0.936907,4
mmlu_pro,qwq-32b,mmlu_pro_test_08932,1,0.919109,3
mmlu_pro,qwq-32b,mmlu_pro_test_03864,1,0.966464,3
mmlu_pro,qwq-32b,mmlu_pro_test_03206,1,0.934612,4
mmlu_pro,qwq-32b,mmlu_pro_test_03219,1,0.95265,3
mmlu_pro,qwq-32b,mmlu_pro_test_08616,1,0.842022,4
mmlu_pro,qwq-32b,mmlu_pro_test_06239,1,0.944985,2
mmlu_pro,qwq-32b,mmlu_pro_test_11218,0,0.952877,3
mmlu_pro,qwq-32b,mmlu_pro_test_11431,1,0.958562,1
mmlu_pro,qwq-32b,mmlu_pro_test_10608,1,0.950171,5
mmlu_pro,qwq-32b,mmlu_pro_test_04765,1,0.948704,3
mmlu_pro,qwq-32b,mmlu_pro_test_03207,1,0.943815,1
mmlu_pro,qwq-32b,mmlu_pro_test_05102,1,0.812604,2
mmlu_pro,qwq-32b,mmlu_pro_test_08269,1,0.947631,1
mmlu_pro,qwq-32b,mmlu_pro_test_06772,1,0.922679,2
mmlu_pro,qwq-32b,mmlu_pro_test_09129,1,0.918045,2
mmlu_pro,qwq-32b,mmlu_pro_test_05528,1,0.919269,1
mmlu_pro,qwq-32b,mmlu_pro_test_01400,1,0.928698,2
mmlu_pro,qwq-32b,mmlu_pro_test_09177,1,0.735634,5
mmlu_pro,qwq-32b,mmlu_pro_test_08496,1,0.911842,4
mmlu_pro,qwq-32b,mmlu_pro_test_06546,1,0.692276,2
mmlu_pro,qwq-32b,mmlu_pro_test_05897,1,0.9048,5
mmlu_pro,qwq-32b,mmlu_pro_test_11008,0,0.876847,2
mmlu_pro,qwq-32b,mmlu_pro_test_03402,1,0.904464,5
mmlu_pro,qwq-32b,mmlu_pro_test_03979,1,0.965063,3
mmlu_pro,qwq-32b,mmlu_pro_test_09827,1,0.948577,5
mmlu_pro,qwq-32b,mmlu_pro_test_01377,1,0.929113,1
mmlu_pro,qwq-32b,mmlu_pro_test_04611,1,0.942872,4
mmlu_pro,qwq-32b,mmlu_pro_test_04003,1,0.947539,2
mmlu_pro,qwq-32b,mmlu_pro_test_04069,1,0.935974,4
mmlu_pro,qwq-32b,mmlu_pro_test_00045,1,0.85484,2
mmlu_pro,qwq-32b,mmlu_pro_test_09773,1,0.85884,3
mmlu_pro,qwq-32b,mmlu_pro_test_07783,1,0.920023,2
mmlu_pro,qwq-32b,mmlu_pro_test_09053,1,0.956149,4
mmlu_pro,qwq-32b,mmlu_pro_test_02203,1,0.892709,4
mmlu_pro,qwq-32b,mmlu_pro_test_09735,1,0.947724,4
mmlu_pro,qwq-32b,mmlu_pro_test_03701,1,0.956577,2
mmlu_pro,qwq-32b,mmlu_pro_test_05405,1,0.94574,5
mmlu_pro,qwq-32b,mmlu_pro_test_08569,1,0.946049,4
mmlu_pro,qwq-32b,mmlu_pro_test_03172,1,0.856945,2
mmlu_pro,qwq-32b,mmlu_pro_test_06448,1,0.933958,5
mmlu_pro,qwq-32b,mmlu_pro_test_10412,1,0.86637,5
mmlu_pro,qwq-32b,mmlu_pro_test_06074,1,0.924906,1
mmlu_pro,qwq-32b,mmlu_pro_test_05699,1,0.819983,4
mmlu_pro,qwq-32b,mmlu_pro_test_02130,1,0.803566,1
mmlu_pro,qwq-32b,mmlu_pro_test_03197,1,0.884974,5
mmlu_pro,qwq-32b,mmlu_pro_test_02136,1,0.907228,2
mmlu_pro,qwq-32b,mmlu_pro_test_02648,1,0.913945,2
mmlu_pro,qwq-32b,mmlu_pro_test_05842,1,0.921708,4
mmlu_pro,qwq-32b,mmlu_pro_test_11234,1,0.939408,5
mmlu_pro,qwq-32b,mmlu_pro_test_05457,1,0.890165,2
mmlu_pro,qwq-32b,mmlu_pro_test_08440,1,0.87583,2
mmlu_pro,qwq-32b,mmlu_pro_test_02528,1,0.875004,4
mmlu_pro,qwq-32b,mmlu_pro_test_03004,1,0.867311,4
mmlu_pro,qwq-32b,mmlu_pro_test_07942,1,0.96124,4
mmlu_pro,qwq-32b,mmlu_pro_test_03933,1,0.937437,5
mmlu_pro,qwq-32b,mmlu_pro_test_00211,1,0.940428,1
mmlu_pro,qwq-32b,mmlu_pro_test_10752,1,0.8864,4
mmlu_pro,qwq-32b,mmlu_pro_test_05534,1,0.897817,1
mmlu_pro,qwq-32b,mmlu_pro_test_07919,1,0.810329,2
mmlu_pro,qwq-32b,mmlu_pro_test_01966,1,0.920947,3
mmlu_pro,qwq-32b,mmlu_pro_test_11143,1,0.971698,3
mmlu_pro,qwq-32b,mmlu_pro_test_10184,1,0.92596,5
mmlu_pro,qwq-32b,mmlu_pro_test_05853,0,0.887059,4
mmlu_pro,qwq-32b,mmlu_pro_test_08957,1,0.976043,4
mmlu_pro,qwq-32b,mmlu_pro_test_08140,1,0.958997,4
mmlu_pro,qwq-32b,mmlu_pro_test_01495,0,0.896714,1
mmlu_pro,qwq-32b,mmlu_pro_test_11666,0,0.926543,3
mmlu_pro,qwq-32b,mmlu_pro_test_00127,1,0.929174,1
mmlu_pro,qwq-32b,mmlu_pro_test_05823,1,0.920476,1
mmlu_pro,qwq-32b,mmlu_pro_test_06648,0,0.924427,5
mmlu_pro,qwq-32b,mmlu_pro_test_04513,1,0.947092,4
mmlu_pro,qwq-32b,mmlu_pro_test_02537,1,0.92756,4
mmlu_pro,qwq-32b,mmlu_pro_test_07044,1,0.960244,4
mmlu_pro,qwq-32b,mmlu_pro_test_05115,1,0.902778,3
mmlu_pro,qwq-32b,mmlu_pro_test_04473,1,0.909737,5
mmlu_pro,qwq-32b,mmlu_pro_test_05391,1,0.7485,3
mmlu_pro,qwq-32b,mmlu_pro_test_08620,1,0.949388,2
mmlu_pro,qwq-32b,mmlu_pro_test_06792,1,0.874171,3
mmlu_pro,qwq-32b,mmlu_pro_test_05086,1,0.902264,5
mmlu_pro,qwq-32b,mmlu_pro_test_08058,1,0.951357,4
mmlu_pro,qwq-32b,mmlu_pro_test_02357,0,0.949189,4
mmlu_pro,qwq-32b,mmlu_pro_test_04466,1,0.942428,5
mmlu_pro,qwq-32b,mmlu_pro_test_09754,1,0.907468,1
mmlu_pro,qwq-32b,mmlu_pro_test_07850,1,0.949257,2
mmlu_pro,qwq-32b,mmlu_pro_test_02630,1,0.947045,4
mmlu_pro,qwq-32b,mmlu_pro_test_08607,1,0.93531,3
mmlu_pro,qwq-32b,mmlu_pro_test_08650,1,0.910902,2
mmlu_pro,qwq-32b,mmlu_pro_test_06300,1,0.824975,3
mmlu_pro,qwq-32b,mmlu_pro_test_07786,1,0.966308,4
mmlu_pro,qwq-32b,mmlu_pro_test_10202,1,0.932767,2
mmlu_pro,qwq-32b,mmlu_pro_test_05206,0,0.903058,3
mmlu_pro,qwq-32b,mmlu_pro_test_00914,1,0.937639,3
mmlu_pro,qwq-32b,mmlu_pro_test_03518,1,0.959681,5
mmlu_pro,qwq-32b,mmlu_pro_test_07132,1,0.94802,4
mmlu_pro,qwq-32b,mmlu_pro_test_07394,1,0.901691,5
mmlu_pro,qwq-32b,mmlu_pro_test_11930,1,0.951971,2
mmlu_pro,qwq-32b,mmlu_pro_test_09182,1,0.92141,5
mmlu_pro,qwq-32b,mmlu_pro_test_02152,1,0.849605,3
mmlu_pro,qwq-32b,mmlu_pro_test_10045,1,0.955041,3
mmlu_pro,qwq-32b,mmlu_pro_test_07211,1,0.903711,4
mmlu_pro,qwq-32b,mmlu_pro_test_09839,1,0.958561,2
mmlu_pro,qwq-32b,mmlu_pro_test_02080,1,0.921962,5
mmlu_pro,qwq-32b,mmlu_pro_test_10517,1,0.921969,1
mmlu_pro,qwq-32b,mmlu_pro_test_04284,1,0.958425,2
mmlu_pro,qwq-32b,mmlu_pro_test_06404,1,0.957605,3
mmlu_pro,qwq-32b,mmlu_pro_test_02366,1,0.79107,4
mmlu_pro,qwq-32b,mmlu_pro_test_02737,1,0.865615,4
mmlu_pro,qwq-32b,mmlu_pro_test_07567,1,0.930664,1
mmlu_pro,qwq-32b,mmlu_pro_test_05495,1,0.297232,4
mmlu_pro,qwq-32b,mmlu_pro_test_02371,1,0.909569,3
mmlu_pro,qwq-32b,mmlu_pro_test_04589,1,0.949253,3
mmlu_pro,qwq-32b,mmlu_pro_test_11005,1,0.942114,3
mmlu_pro,qwq-32b,mmlu_pro_test_06894,1,0.925537,3
mmlu_pro,qwq-32b,mmlu_pro_test_06000,1,0.947074,4
mmlu_pro,qwq-32b,mmlu_pro_test_07453,1,0.917177,2
mmlu_pro,qwq-32b,mmlu_pro_test_06357,1,0.942204,2
mmlu_pro,qwq-32b,mmlu_pro_test_10158,1,0.898695,2
mmlu_pro,qwq-32b,mmlu_pro_test_02333,1,0.840276,4
mmlu_pro,qwq-32b,mmlu_pro_test_09772,1,0.952282,3
mmlu_pro,qwq-32b,mmlu_pro_test_02232,0,0.920383,3
mmlu_pro,qwq-32b,mmlu_pro_test_08057,1,0.923987,3
mmlu_pro,qwq-32b,mmlu_pro_test_03907,1,0.926528,4
mmlu_pro,qwq-32b,mmlu_pro_test_02107,0,0.851499,4
mmlu_pro,qwq-32b,mmlu_pro_test_08787,1,0.862976,5
mmlu_pro,qwq-32b,mmlu_pro_test_07903,1,0.734717,5
mmlu_pro,qwq-32b,mmlu_pro_test_07805,1,0.931706,5
mmlu_pro,qwq-32b,mmlu_pro_test_05034,1,0.823053,5
mmlu_pro,qwq-32b,mmlu_pro_test_08825,1,0.957227,5
mmlu_pro,qwq-32b,mmlu_pro_test_02887,1,0.716362,4
mmlu_pro,qwq-32b,mmlu_pro_test_07283,1,0.915529,2
mmlu_pro,qwq-32b,mmlu_pro_test_10531,1,0.926602,4
mmlu_pro,qwq-32b,mmlu_pro_test_02395,1,0.877649,5
mmlu_pro,qwq-32b,mmlu_pro_test_05937,1,0.884229,5
mmlu_pro,qwq-32b,mmlu_pro_test_04859,1,0.833172,2
mmlu_pro,qwq-32b,mmlu_pro_test_08852,1,0.884816,3
mmlu_pro,qwq-32b,mmlu_pro_test_06011,1,0.94657,1
mmlu_pro,qwq-32b,mmlu_pro_test_01974,1,0.929763,2
mmlu_pro,qwq-32b,mmlu_pro_test_01952,1,0.925722,2
mmlu_pro,qwq-32b,mmlu_pro_test_02635,1,0.913963,5
mmlu_pro,qwq-32b,mmlu_pro_test_00712,1,0.966501,4
mmlu_pro,qwq-32b,mmlu_pro_test_10743,1,0.846077,2
mmlu_pro,qwq-32b,mmlu_pro_test_08477,1,0.926407,5
mmlu_pro,qwq-32b,mmlu_pro_test_02993,1,0.833501,4
mmlu_pro,qwq-32b,mmlu_pro_test_00670,1,0.917604,5
mmlu_pro,qwq-32b,mmlu_pro_test_07469,1,0.8751,1
mmlu_pro,qwq-32b,mmlu_pro_test_10157,1,0.894192,5
mmlu_pro,qwq-32b,mmlu_pro_test_02795,1,0.95224,4
mmlu_pro,qwq-32b,mmlu_pro_test_04614,0,0.928422,1
mmlu_pro,qwq-32b,mmlu_pro_test_05338,1,0.829047,4
mmlu_pro,qwq-32b,mmlu_pro_test_05627,1,0.851987,3
mmlu_pro,qwq-32b,mmlu_pro_test_11045,0,0.923833,2
mmlu_pro,qwq-32b,mmlu_pro_test_07607,1,0.919667,3
mmlu_pro,qwq-32b,mmlu_pro_test_08245,1,0.929509,1
mmlu_pro,qwq-32b,mmlu_pro_test_06946,1,0.938084,4
mmlu_pro,qwq-32b,mmlu_pro_test_03633,1,0.919464,5
mmlu_pro,qwq-32b,mmlu_pro_test_10060,1,0.940649,1
mmlu_pro,qwq-32b,mmlu_pro_test_02272,1,0.887862,2
mmlu_pro,qwq-32b,mmlu_pro_test_08065,1,0.93748,5
mmlu_pro,qwq-32b,mmlu_pro_test_07856,1,0.95981,5
mmlu_pro,qwq-32b,mmlu_pro_test_08178,1,0.901127,5
mmlu_pro,qwq-32b,mmlu_pro_test_01910,1,0.82046,5
mmlu_pro,qwq-32b,mmlu_pro_test_07470,0,0.883395,1
mmlu_pro,qwq-32b,mmlu_pro_test_10255,1,0.924985,4
mmlu_pro,qwq-32b,mmlu_pro_test_10867,0,0.92308,4
mmlu_pro,qwq-32b,mmlu_pro_test_05244,1,0.852355,3
mmlu_pro,qwq-32b,mmlu_pro_test_03299,1,0.936894,4
mmlu_pro,qwq-32b,mmlu_pro_test_06282,1,0.888474,2
mmlu_pro,qwq-32b,mmlu_pro_test_07764,1,0.909393,2
mmlu_pro,qwq-32b,mmlu_pro_test_11014,1,0.94317,2
mmlu_pro,qwq-32b,mmlu_pro_test_04212,1,0.90453,3
mmlu_pro,qwq-32b,mmlu_pro_test_03338,1,0.93474,5
mmlu_pro,qwq-32b,mmlu_pro_test_03154,1,0.950117,2
mmlu_pro,qwq-32b,mmlu_pro_test_09253,1,0.971622,3
mmlu_pro,qwq-32b,mmlu_pro_test_03542,1,0.946156,2
mmlu_pro,qwq-32b,mmlu_pro_test_07578,1,0.944629,4
mmlu_pro,qwq-32b,mmlu_pro_test_04277,1,0.958206,5
mmlu_pro,qwq-32b,mmlu_pro_test_06896,1,0.896637,2
mmlu_pro,qwq-32b,mmlu_pro_test_02667,1,0.922864,4
mmlu_pro,qwq-32b,mmlu_pro_test_01957,1,0.88993,3
mmlu_pro,qwq-32b,mmlu_pro_test_00723,1,0.916425,2
mmlu_pro,qwq-32b,mmlu_pro_test_05089,1,0.827653,5
mmlu_pro,qwq-32b,mmlu_pro_test_05701,1,0.809862,1
mmlu_pro,qwq-32b,mmlu_pro_test_11924,0,0.948651,4
mmlu_pro,qwq-32b,mmlu_pro_test_10643,1,0.845626,2
mmlu_pro,qwq-32b,mmlu_pro_test_00847,1,0.854065,4
mmlu_pro,qwq-32b,mmlu_pro_test_06902,1,0.956222,3
mmlu_pro,qwq-32b,mmlu_pro_test_06564,0,0.778766,3
mmlu_pro,qwq-32b,mmlu_pro_test_00290,0,0.882133,2
mmlu_pro,qwq-32b,mmlu_pro_test_07407,1,0.918425,4
mmlu_pro,qwq-32b,mmlu_pro_test_05652,0,0.706784,5
mmlu_pro,qwq-32b,mmlu_pro_test_03553,1,0.955871,4
mmlu_pro,qwq-32b,mmlu_pro_test_02082,1,0.949429,2
mmlu_pro,qwq-32b,mmlu_pro_test_04529,1,0.944617,2
mmlu_pro,qwq-32b,mmlu_pro_test_00835,0,0.917658,1
mmlu_pro,qwq-32b,mmlu_pro_test_00148,1,0.918727,5
mmlu_pro,qwq-32b,mmlu_pro_test_01955,1,0.890864,4
mmlu_pro,qwq-32b,mmlu_pro_test_07553,1,0.946383,3
mmlu_pro,qwq-32b,mmlu_pro_test_02680,1,0.936739,5
mmlu_pro,qwq-32b,mmlu_pro_test_05719,1,0.364902,3
mmlu_pro,qwq-32b,mmlu_pro_test_05964,1,0.953664,3
mmlu_pro,qwq-32b,mmlu_pro_test_03334,1,0.953415,5
mmlu_pro,qwq-32b,mmlu_pro_test_09455,1,0.944575,1
mmlu_pro,qwq-32b,mmlu_pro_test_02685,1,0.905101,3
mmlu_pro,qwq-32b,mmlu_pro_test_03660,1,0.91799,2
mmlu_pro,qwq-32b,mmlu_pro_test_00679,1,0.86177,5
mmlu_pro,qwq-32b,mmlu_pro_test_03095,1,0.940544,1
mmlu_pro,qwq-32b,mmlu_pro_test_03614,1,0.928871,2
mmlu_pro,qwq-32b,mmlu_pro_test_01253,1,0.93883,5
mmlu_pro,qwq-32b,mmlu_pro_test_04551,0,0.938481,2
mmlu_pro,qwq-32b,mmlu_pro_test_03358,1,0.928309,5
mmlu_pro,qwq-32b,mmlu_pro_test_04484,1,0.942667,5
mmlu_pro,qwq-32b,mmlu_pro_test_06597,1,0.811115,1
mmlu_pro,qwq-32b,mmlu_pro_test_07171,1,0.937262,3
mmlu_pro,qwq-32b,mmlu_pro_test_10561,1,0.960713,4
mmlu_pro,qwq-32b,mmlu_pro_test_10161,1,0.934717,5
mmlu_pro,qwq-32b,mmlu_pro_test_10710,0,0.839803,2
mmlu_pro,qwq-32b,mmlu_pro_test_02554,1,0.883176,2
mmlu_pro,qwq-32b,mmlu_pro_test_00063,0,0.722427,5
mmlu_pro,qwq-32b,mmlu_pro_test_05917,1,0.971669,4
mmlu_pro,qwq-32b,mmlu_pro_test_04862,1,0.856969,4
mmlu_pro,qwq-32b,mmlu_pro_test_02974,1,0.822488,5
mmlu_pro,qwq-32b,mmlu_pro_test_00389,1,0.911649,2
mmlu_pro,qwq-32b,mmlu_pro_test_08290,1,0.957591,1
mmlu_pro,qwq-32b,mmlu_pro_test_10405,1,0.920687,5
mmlu_pro,qwq-32b,mmlu_pro_test_06039,0,0.874257,2
mmlu_pro,qwq-32b,mmlu_pro_test_03468,1,0.952051,1
mmlu_pro,qwq-32b,mmlu_pro_test_05836,0,0.868981,1
mmlu_pro,qwq-32b,mmlu_pro_test_01171,0,0.918238,4
mmlu_pro,qwq-32b,mmlu_pro_test_03828,1,0.96234,4
mmlu_pro,qwq-32b,mmlu_pro_test_02519,1,0.884903,5
mmlu_pro,qwq-32b,mmlu_pro_test_05468,1,0.912351,1
mmlu_pro,qwq-32b,mmlu_pro_test_02351,0,0.777042,2
mmlu_pro,qwq-32b,mmlu_pro_test_05903,0,0.709157,3
mmlu_pro,qwq-32b,mmlu_pro_test_08359,1,0.947206,1
mmlu_pro,qwq-32b,mmlu_pro_test_07824,1,0.918614,2
mmlu_pro,qwq-32b,mmlu_pro_test_06017,1,0.878484,2
mmlu_pro,qwq-32b,mmlu_pro_test_02611,1,0.897966,1
mmlu_pro,qwq-32b,mmlu_pro_test_04404,1,0.936213,5
mmlu_pro,qwq-32b,mmlu_pro_test_05402,1,0.837093,2
mmlu_pro,qwq-32b,mmlu_pro_test_10603,1,0.911748,5
mmlu_pro,qwq-32b,mmlu_pro_test_08635,1,0.957562,4
mmlu_pro,qwq-32b,mmlu_pro_test_03332,1,0.947236,3
mmlu_pro,qwq-32b,mmlu_pro_test_02894,1,0.919607,4
mmlu_pro,qwq-32b,mmlu_pro_test_05078,0,0.526084,5
mmlu_pro,qwq-32b,mmlu_pro_test_03599,1,0.958715,4
mmlu_pro,qwq-32b,mmlu_pro_test_06148,1,0.912946,5
mmlu_pro,qwq-32b,mmlu_pro_test_00760,1,0.850563,2
mmlu_pro,qwq-32b,mmlu_pro_test_04202,1,0.933031,1
mmlu_pro,qwq-32b,mmlu_pro_test_08495,1,0.955163,4
mmlu_pro,qwq-32b,mmlu_pro_test_03209,1,0.940071,2
mmlu_pro,qwq-32b,mmlu_pro_test_05705,0,0.908504,3
mmlu_pro,qwq-32b,mmlu_pro_test_06998,1,0.928256,3
mmlu_pro,qwq-32b,mmlu_pro_test_08469,1,0.911675,5
mmlu_pro,qwq-32b,mmlu_pro_test_01148,1,0.92231,1
mmlu_pro,qwq-32b,mmlu_pro_test_05569,1,0.92545,1
mmlu_pro,qwq-32b,mmlu_pro_test_02051,1,0.637688,2
mmlu_pro,qwq-32b,mmlu_pro_test_08106,1,0.957962,1
mmlu_pro,qwq-32b,mmlu_pro_test_09610,1,0.938074,5
mmlu_pro,qwq-32b,mmlu_pro_test_05537,1,0.910206,4
mmlu_pro,qwq-32b,mmlu_pro_test_01333,1,0.879736,2
mmlu_pro,qwq-32b,mmlu_pro_test_03392,1,0.937753,2
mmlu_pro,qwq-32b,mmlu_pro_test_09680,1,0.933603,1
mmlu_pro,qwq-32b,mmlu_pro_test_07864,1,0.952973,3
mmlu_pro,qwq-32b,mmlu_pro_test_09116,1,0.950713,3
mmlu_pro,qwq-32b,mmlu_pro_test_03160,1,0.958119,3
mmlu_pro,qwq-32b,mmlu_pro_test_05953,1,0.925196,4
mmlu_pro,qwq-32b,mmlu_pro_test_06665,1,0.96439,4
mmlu_pro,qwq-32b,mmlu_pro_test_02100,1,0.90991,3
mmlu_pro,qwq-32b,mmlu_pro_test_03168,1,0.943767,3
mmlu_pro,qwq-32b,mmlu_pro_test_07754,1,0.87312,2
mmlu_pro,qwq-32b,mmlu_pro_test_08419,1,0.916566,2
mmlu_pro,qwq-32b,mmlu_pro_test_08358,1,0.95148,5
mmlu_pro,qwq-32b,mmlu_pro_test_03016,1,0.727131,4
mmlu_pro,qwq-32b,mmlu_pro_test_10309,1,0.948046,5
mmlu_pro,qwq-32b,mmlu_pro_test_03934,1,0.959209,1
mmlu_pro,qwq-32b,mmlu_pro_test_03865,1,0.922996,5
mmlu_pro,qwq-32b,mmlu_pro_test_02632,1,0.882351,4
mmlu_pro,qwq-32b,mmlu_pro_test_00249,1,0.953023,1
mmlu_pro,qwq-32b,mmlu_pro_test_10219,1,0.956864,4
mmlu_pro,qwq-32b,mmlu_pro_test_06629,1,0.891336,5
mmlu_pro,qwq-32b,mmlu_pro_test_01963,1,0.900653,1
mmlu_pro,qwq-32b,mmlu_pro_test_02633,1,0.896464,2
mmlu_pro,qwq-32b,mmlu_pro_test_02873,1,0.944809,1
trivia_qa,qwq-32b,trivia_qa_validation_01109,1,0.790653,3
trivia_qa,qwq-32b,trivia_qa_validation_01470,1,0.768579,2
trivia_qa,qwq-32b,trivia_qa_validation_03794,1,0.740545,2
trivia_qa,qwq-32b,trivia_qa_validation_17430,1,0.843533,1
trivia_qa,qwq-32b,trivia_qa_validation_02655,1,0.801771,3
trivia_qa,qwq-32b,trivia_qa_validation_00167,0,0.769494,1
trivia_qa,qwq-32b,trivia_qa_validation_13407,0,0.68792,2
trivia_qa,qwq-32b,trivia_qa_validation_07784,1,0.711195,3
trivia_qa,qwq-32b,trivia_qa_validation_02331,0,0.836936,5
trivia_qa,qwq-32b,trivia_qa_validation_12374,0,0.874164,1
trivia_qa,qwq-32b,trivia_qa_validation_04621,0,0.721618,3
trivia_qa,qwq-32b,trivia_qa_validation_08546,0,0.778908,3
trivia_qa,qwq-32b,trivia_qa_validation_14149,1,0.856049,3
trivia_qa,qwq-32b,trivia_qa_validation_13242,0,0.637094,5
trivia_qa,qwq-32b,trivia_qa_validation_16107,0,0.566857,2
trivia_qa,qwq-32b,trivia_qa_validation_04524,0,0.580894,5
trivia_qa,qwq-32b,trivia_qa_validation_07587,1,0.837344,2
trivia_qa,qwq-32b,trivia_qa_validation_17249,1,0.83252,3
trivia_qa,qwq-32b,trivia_qa_validation_03990,1,0.743294,5
trivia_qa,qwq-32b,trivia_qa_validation_03732,1,0.791084,3
trivia_qa,qwq-32b,trivia_qa_validation_11906,1,0.838298,4
trivia_qa,qwq-32b,trivia_qa_validation_17663,1,0.801076,2
trivia_qa,qwq-32b,trivia_qa_validation_14175,0,0.691508,4
trivia_qa,qwq-32b,trivia_qa_validation_11569,1,0.712349,2
trivia_qa,qwq-32b,trivia_qa_validation_11279,1,0.777744,2
trivia_qa,qwq-32b,trivia_qa_validation_07694,1,0.854051,2
trivia_qa,qwq-32b,trivia_qa_validation_10119,1,0.751423,1
trivia_qa,qwq-32b,trivia_qa_validation_13020,1,0.753192,1
trivia_qa,qwq-32b,trivia_qa_validation_07528,0,0.838782,4
trivia_qa,qwq-32b,trivia_qa_validation_06018,1,0.816555,3
trivia_qa,qwq-32b,trivia_qa_validation_09962,0,0.386822,3
trivia_qa,qwq-32b,trivia_qa_validation_14924,1,0.76525,2
trivia_qa,qwq-32b,trivia_qa_validation_07120,1,0.901879,2
trivia_qa,qwq-32b,trivia_qa_validation_02562,1,0.801437,5
trivia_qa,qwq-32b,trivia_qa_validation_03667,0,0.243423,5
trivia_qa,qwq-32b,trivia_qa_validation_04299,0,0.650917,2
trivia_qa,qwq-32b,trivia_qa_validation_11200,1,0.798942,3
trivia_qa,qwq-32b,trivia_qa_validation_12688,1,0.733476,3
trivia_qa,qwq-32b,trivia_qa_validation_09855,1,0.82188,3
trivia_qa,qwq-32b,trivia_qa_validation_05061,1,0.832187,5
trivia_qa,qwq-32b,trivia_qa_validation_12868,1,0.279051,2
trivia_qa,qwq-32b,trivia_qa_validation_05181,0,0.6816,2
trivia_qa,qwq-32b,trivia_qa_validation_11411,0,0.83946,4
trivia_qa,qwq-32b,trivia_qa_validation_16167,1,0.704616,5
trivia_qa,qwq-32b,trivia_qa_validation_07276,1,0.828157,1
trivia_qa,qwq-32b,trivia_qa_validation_06309,1,0.872054,4
trivia_qa,qwq-32b,trivia_qa_validation_02388,1,0.813126,3
trivia_qa,qwq-32b,trivia_qa_validation_11514,1,0.77893,4
trivia_qa,qwq-32b,trivia_qa_validation_17551,1,0.727643,3
trivia_qa,qwq-32b,trivia_qa_validation_06331,1,0.507551,1
trivia_qa,qwq-32b,trivia_qa_validation_01768,1,0.782391,1
trivia_qa,qwq-32b,trivia_qa_validation_07828,1,0.61038,5
trivia_qa,qwq-32b,trivia_qa_validation_05245,0,0.872289,3
trivia_qa,qwq-32b,trivia_qa_validation_00707,1,0.717047,4
trivia_qa,qwq-32b,trivia_qa_validation_10470,1,0.698189,3
trivia_qa,qwq-32b,trivia_qa_validation_09051,1,0.59231,1
trivia_qa,qwq-32b,trivia_qa_validation_01134,1,0.797274,1
trivia_qa,qwq-32b,trivia_qa_validation_15086,1,0.625238,1
trivia_qa,qwq-32b,trivia_qa_validation_06856,0,0.751904,2
trivia_qa,qwq-32b,trivia_qa_validation_00992,1,0.788342,2
trivia_qa,qwq-32b,trivia_qa_validation_08306,1,0.729341,4
trivia_qa,qwq-32b,trivia_qa_validation_15787,1,0.868511,1
trivia_qa,qwq-32b,trivia_qa_validation_08600,1,0.684282,3
trivia_qa,qwq-32b,trivia_qa_validation_12223,1,0.845737,5
trivia_qa,qwq-32b,trivia_qa_validation_10288,1,0.860841,2
trivia_qa,qwq-32b,trivia_qa_validation_04138,1,0.839768,3
trivia_qa,qwq-32b,trivia_qa_validation_05974,0,0.826958,4
trivia_qa,qwq-32b,trivia_qa_validation_09595,1,0.786668,5
trivia_qa,qwq-32b,trivia_qa_validation_14968,1,0.787381,1
trivia_qa,qwq-32b,trivia_qa_validation_07189,1,0.810349,1
trivia_qa,qwq-32b,trivia_qa_validation_17148,1,0.79505,5
trivia_qa,qwq-32b,trivia_qa_validation_08616,1,0.862248,3
trivia_qa,qwq-32b,trivia_qa_validation_10437,1,0.767372,2
trivia_qa,qwq-32b,trivia_qa_validation_01348,1,0.748085,5
trivia_qa,qwq-32b,trivia_qa_validation_05378,0,0.768082,3
trivia_qa,qwq-32b,trivia_qa_validation_04789,1,0.669083,4
trivia_qa,qwq-32b,trivia_qa_validation_07367,1,0.740663,1
trivia_qa,qwq-32b,trivia_qa_validation_08505,0,0.285543,5
trivia_qa,qwq-32b,trivia_qa_validation_14168,1,0.745155,2
trivia_qa,qwq-32b,trivia_qa_validation_06174,1,0.868827,4
trivia_qa,qwq-32b,trivia_qa_validation_06963,1,0.746556,1
trivia_qa,qwq-32b,trivia_qa_validation_03853,1,0.752159,1
trivia_qa,qwq-32b,trivia_qa_validation_15639,0,0.765355,5
trivia_qa,qwq-32b,trivia_qa_validation_16501,0,0.607744,1
trivia_qa,qwq-32b,trivia_qa_validation_06651,1,0.761669,4
trivia_qa,qwq-32b,trivia_qa_validation_13081,0,0.631682,4
trivia_qa,qwq-32b,trivia_qa_validation_03557,1,0.870239,1
trivia_qa,qwq-32b,trivia_qa_validation_02866,1,0.807658,4
trivia_qa,qwq-32b,trivia_qa_validation_01079,0,0.386012,4
trivia_qa,qwq-32b,trivia_qa_validation_07959,0,0.808106,3
trivia_qa,qwq-32b,trivia_qa_validation_01227,1,0.716149,5
trivia_qa,qwq-32b,trivia_qa_validation_09862,1,0.465485,3
trivia_qa,qwq-32b,trivia_qa_validation_07086,1,0.70601,3
trivia_qa,qwq-32b,trivia_qa_validation_07099,1,0.783106,1
trivia_qa,qwq-32b,trivia_qa_validation_03628,0,0.798442,4
trivia_qa,qwq-32b,trivia_qa_validation_00007,0,0.445815,1
trivia_qa,qwq-32b,trivia_qa_validation_11597,1,0.811758,5
trivia_qa,qwq-32b,trivia_qa_validation_17346,1,0.792547,1
trivia_qa,qwq-32b,trivia_qa_validation_07893,1,0.851378,4
trivia_qa,qwq-32b,trivia_qa_validation_16320,0,0.661503,2
trivia_qa,qwq-32b,trivia_qa_validation_07580,1,0.829822,3
trivia_qa,qwq-32b,trivia_qa_validation_05626,1,0.701141,1
trivia_qa,qwq-32b,trivia_qa_validation_14109,0,0.869808,1
trivia_qa,qwq-32b,trivia_qa_validation_13294,0,0.624051,2
trivia_qa,qwq-32b,trivia_qa_validation_16883,1,0.846318,2
trivia_qa,qwq-32b,trivia_qa_validation_14588,0,0.850012,5
trivia_qa,qwq-32b,trivia_qa_validation_06845,1,0.784158,3
trivia_qa,qwq-32b,trivia_qa_validation_00556,1,0.567782,1
trivia_qa,qwq-32b,trivia_qa_validation_06013,0,0.327241,1
trivia_qa,qwq-32b,trivia_qa_validation_13577,1,0.825455,4
trivia_qa,qwq-32b,trivia_qa_validation_17892,1,0.828608,1
trivia_qa,qwq-32b,trivia_qa_validation_16619,1,0.892181,1
trivia_qa,qwq-32b,trivia_qa_validation_16346,1,0.741712,2
trivia_qa,qwq-32b,trivia_qa_validation_17493,1,0.849617,2
trivia_qa,qwq-32b,trivia_qa_validation_06472,0,0.83169,4
trivia_qa,qwq-32b,trivia_qa_validation_12409,1,0.817077,1
trivia_qa,qwq-32b,trivia_qa_validation_13085,1,0.776142,1
trivia_qa,qwq-32b,trivia_qa_validation_13882,0,0.563224,4
trivia_qa,qwq-32b,trivia_qa_validation_02030,1,0.689469,2
trivia_qa,qwq-32b,trivia_qa_validation_02558,1,0.834117,4
trivia_qa,qwq-32b,trivia_qa_validation_09754,1,0.835702,2
trivia_qa,qwq-32b,trivia_qa_validation_05365,0,0.823328,4
trivia_qa,qwq-32b,trivia_qa_validation_03930,0,0.309183,4
trivia_qa,qwq-32b,trivia_qa_validation_17373,0,0.467399,3
trivia_qa,qwq-32b,trivia_qa_validation_00354,1,0.509837,1
trivia_qa,qwq-32b,trivia_qa_validation_14823,1,0.837111,4
trivia_qa,qwq-32b,trivia_qa_validation_11064,1,0.681376,2
trivia_qa,qwq-32b,trivia_qa_validation_14595,1,0.803994,5
trivia_qa,qwq-32b,trivia_qa_validation_00743,1,0.427398,4
trivia_qa,qwq-32b,trivia_qa_validation_02892,1,0.768975,1
trivia_qa,qwq-32b,trivia_qa_validation_17899,1,0.858731,5
trivia_qa,qwq-32b,trivia_qa_validation_10125,1,0.858109,1
trivia_qa,qwq-32b,trivia_qa_validation_11686,1,0.743847,3
trivia_qa,qwq-32b,trivia_qa_validation_16317,1,0.809555,1
trivia_qa,qwq-32b,trivia_qa_validation_12332,1,0.860735,1
trivia_qa,qwq-32b,trivia_qa_validation_03235,0,0.642654,2
trivia_qa,qwq-32b,trivia_qa_validation_15146,0,0.843046,2
trivia_qa,qwq-32b,trivia_qa_validation_07402,1,0.715387,3
trivia_qa,qwq-32b,trivia_qa_validation_01772,1,0.787418,2
trivia_qa,qwq-32b,trivia_qa_validation_04069,1,0.788335,1
trivia_qa,qwq-32b,trivia_qa_validation_11524,0,0.64859,2
trivia_qa,qwq-32b,trivia_qa_validation_17778,0,0.880462,3
trivia_qa,qwq-32b,trivia_qa_validation_04834,1,0.799314,5
trivia_qa,qwq-32b,trivia_qa_validation_03380,1,0.860389,3
trivia_qa,qwq-32b,trivia_qa_validation_13761,1,0.72224,2
trivia_qa,qwq-32b,trivia_qa_validation_07059,0,0.632677,1
trivia_qa,qwq-32b,trivia_qa_validation_00437,1,0.828811,2
trivia_qa,qwq-32b,trivia_qa_validation_04003,1,0.743548,5
trivia_qa,qwq-32b,trivia_qa_validation_02667,0,0.690273,1
trivia_qa,qwq-32b,trivia_qa_validation_04104,1,0.809435,3
trivia_qa,qwq-32b,trivia_qa_validation_16915,1,0.760808,3
trivia_qa,qwq-32b,trivia_qa_validation_10323,1,0.752671,5
trivia_qa,qwq-32b,trivia_qa_validation_12112,1,0.870243,2
trivia_qa,qwq-32b,trivia_qa_validation_17283,1,0.793585,1
trivia_qa,qwq-32b,trivia_qa_validation_02696,0,0.715003,1
trivia_qa,qwq-32b,trivia_qa_validation_01826,1,0.615511,2
trivia_qa,qwq-32b,trivia_qa_validation_10310,0,0.350009,4
trivia_qa,qwq-32b,trivia_qa_validation_02645,0,0.805821,1
trivia_qa,qwq-32b,trivia_qa_validation_11547,1,0.76321,3
trivia_qa,qwq-32b,trivia_qa_validation_14340,0,0.663569,4
trivia_qa,qwq-32b,trivia_qa_validation_00285,1,0.616021,2
trivia_qa,qwq-32b,trivia_qa_validation_14573,1,0.77946,5
trivia_qa,qwq-32b,trivia_qa_validation_07158,0,0.842069,5
trivia_qa,qwq-32b,trivia_qa_validation_07315,1,0.59654,2
trivia_qa,qwq-32b,trivia_qa_validation_07320,1,0.703141,4
trivia_qa,qwq-32b,trivia_qa_validation_13922,1,0.771677,1
trivia_qa,qwq-32b,trivia_qa_validation_11533,1,0.794319,4
trivia_qa,qwq-32b,trivia_qa_validation_09351,1,0.736292,1
trivia_qa,qwq-32b,trivia_qa_validation_00248,0,0.886514,3
trivia_qa,qwq-32b,trivia_qa_validation_14521,1,0.792662,4
trivia_qa,qwq-32b,trivia_qa_validation_05091,1,0.773058,1
trivia_qa,qwq-32b,trivia_qa_validation_14753,1,0.71953,5
trivia_qa,qwq-32b,trivia_qa_validation_01668,1,0.754961,3
trivia_qa,qwq-32b,trivia_qa_validation_01359,1,0.831692,4
trivia_qa,qwq-32b,trivia_qa_validation_04596,1,0.7907,5
trivia_qa,qwq-32b,trivia_qa_validation_17637,1,0.750628,2
trivia_qa,qwq-32b,trivia_qa_validation_17819,1,0.859145,5
trivia_qa,qwq-32b,trivia_qa_validation_07547,0,0.278844,4
trivia_qa,qwq-32b,trivia_qa_validation_08170,1,0.864313,3
trivia_qa,qwq-32b,trivia_qa_validation_06812,1,0.403028,1
trivia_qa,qwq-32b,trivia_qa_validation_08506,0,0.238373,3
trivia_qa,qwq-32b,trivia_qa_validation_07645,0,0.457415,3
trivia_qa,qwq-32b,trivia_qa_validation_11081,1,0.757943,3
trivia_qa,qwq-32b,trivia_qa_validation_12656,1,0.789788,5
trivia_qa,qwq-32b,trivia_qa_validation_07327,1,0.638887,5
trivia_qa,qwq-32b,trivia_qa_validation_17516,0,0.452215,3
trivia_qa,qwq-32b,trivia_qa_validation_07022,1,0.796198,1
trivia_qa,qwq-32b,trivia_qa_validation_04357,1,0.826316,1
trivia_qa,qwq-32b,trivia_qa_validation_14731,1,0.817935,1
trivia_qa,qwq-32b,trivia_qa_validation_10475,1,0.763903,2
trivia_qa,qwq-32b,trivia_qa_validation_17744,1,0.802805,5
trivia_qa,qwq-32b,trivia_qa_validation_01812,1,0.83227,4
trivia_qa,qwq-32b,trivia_qa_validation_16058,1,0.735767,2
trivia_qa,qwq-32b,trivia_qa_validation_02111,0,0.682684,3
trivia_qa,qwq-32b,trivia_qa_validation_00115,0,0.187363,1
trivia_qa,qwq-32b,trivia_qa_validation_12647,1,0.802149,5
trivia_qa,qwq-32b,trivia_qa_validation_05643,1,0.666152,1
trivia_qa,qwq-32b,trivia_qa_validation_16766,1,0.855093,3
trivia_qa,qwq-32b,trivia_qa_validation_14883,1,0.757257,4
trivia_qa,qwq-32b,trivia_qa_validation_08242,0,0.727508,4
trivia_qa,qwq-32b,trivia_qa_validation_13284,0,0.572669,1
trivia_qa,qwq-32b,trivia_qa_validation_16621,1,0.617016,4
trivia_qa,qwq-32b,trivia_qa_validation_10004,1,0.695336,2
trivia_qa,qwq-32b,trivia_qa_validation_16699,1,0.686531,1
trivia_qa,qwq-32b,trivia_qa_validation_09986,1,0.785978,2
trivia_qa,qwq-32b,trivia_qa_validation_01836,1,0.641959,4
trivia_qa,qwq-32b,trivia_qa_validation_07897,1,0.584573,1
trivia_qa,qwq-32b,trivia_qa_validation_16863,1,0.759313,3
trivia_qa,qwq-32b,trivia_qa_validation_00593,1,0.76387,3
trivia_qa,qwq-32b,trivia_qa_validation_02317,1,0.894885,4
trivia_qa,qwq-32b,trivia_qa_validation_10344,0,0.543808,2
trivia_qa,qwq-32b,trivia_qa_validation_03416,1,0.749769,3
trivia_qa,qwq-32b,trivia_qa_validation_16755,1,0.570107,4
trivia_qa,qwq-32b,trivia_qa_validation_00178,1,0.607736,4
trivia_qa,qwq-32b,trivia_qa_validation_16919,1,0.713124,3
trivia_qa,qwq-32b,trivia_qa_validation_06491,1,0.787696,3
trivia_qa,qwq-32b,trivia_qa_validation_03355,0,0.664061,3
trivia_qa,qwq-32b,trivia_qa_validation_05462,0,0.418141,5
trivia_qa,qwq-32b,trivia_qa_validation_05589,1,0.82906,2
trivia_qa,qwq-32b,trivia_qa_validation_05583,1,0.143057,2
trivia_qa,qwq-32b,trivia_qa_validation_12465,1,0.842183,5
trivia_qa,qwq-32b,trivia_qa_validation_03861,0,0.724967,3
trivia_qa,qwq-32b,trivia_qa_validation_15751,1,0.774217,4
trivia_qa,qwq-32b,trivia_qa_validation_15744,0,0.821247,3
trivia_qa,qwq-32b,trivia_qa_validation_01891,1,0.536685,3
trivia_qa,qwq-32b,trivia_qa_validation_15454,1,0.817338,4
trivia_qa,qwq-32b,trivia_qa_validation_13058,1,0.721875,4
trivia_qa,qwq-32b,trivia_qa_validation_02379,1,0.802407,5
trivia_qa,qwq-32b,trivia_qa_validation_13834,1,0.738519,5
trivia_qa,qwq-32b,trivia_qa_validation_10481,0,0.655292,5
trivia_qa,qwq-32b,trivia_qa_validation_04100,1,0.803611,2
trivia_qa,qwq-32b,trivia_qa_validation_13536,1,0.70276,3
trivia_qa,qwq-32b,trivia_qa_validation_04424,1,0.793335,5
trivia_qa,qwq-32b,trivia_qa_validation_07416,1,0.479334,4
trivia_qa,qwq-32b,trivia_qa_validation_02273,0,0.815321,2
trivia_qa,qwq-32b,trivia_qa_validation_09192,1,0.740061,3
trivia_qa,qwq-32b,trivia_qa_validation_01170,1,0.831199,4
trivia_qa,qwq-32b,trivia_qa_validation_14424,1,0.793301,3
trivia_qa,qwq-32b,trivia_qa_validation_04291,0,0.5626,4
trivia_qa,qwq-32b,trivia_qa_validation_16467,0,0.766417,5
trivia_qa,qwq-32b,trivia_qa_validation_00715,0,0.708843,4
trivia_qa,qwq-32b,trivia_qa_validation_00283,1,0.911353,1
trivia_qa,qwq-32b,trivia_qa_validation_02416,1,0.675292,1
trivia_qa,qwq-32b,trivia_qa_validation_00270,1,0.804929,5
trivia_qa,qwq-32b,trivia_qa_validation_12272,0,0.671325,1
trivia_qa,qwq-32b,trivia_qa_validation_10201,0,0.489016,1
trivia_qa,qwq-32b,trivia_qa_validation_08707,1,0.784871,3
trivia_qa,qwq-32b,trivia_qa_validation_10204,0,0.678423,1
trivia_qa,qwq-32b,trivia_qa_validation_04236,0,0.573794,4
trivia_qa,qwq-32b,trivia_qa_validation_00545,1,0.657892,4
trivia_qa,qwq-32b,trivia_qa_validation_13981,1,0.787241,1
trivia_qa,qwq-32b,trivia_qa_validation_06747,1,0.784183,1
trivia_qa,qwq-32b,trivia_qa_validation_09686,1,0.630357,1
trivia_qa,qwq-32b,trivia_qa_validation_11251,1,0.748026,4
trivia_qa,qwq-32b,trivia_qa_validation_15865,1,0.812489,4
trivia_qa,qwq-32b,trivia_qa_validation_12733,1,0.797616,5
trivia_qa,qwq-32b,trivia_qa_validation_16908,1,0.155429,3
trivia_qa,qwq-32b,trivia_qa_validation_09434,1,0.51245,3
trivia_qa,qwq-32b,trivia_qa_validation_04837,1,0.045406,2
trivia_qa,qwq-32b,trivia_qa_validation_15515,1,0.838959,2
trivia_qa,qwq-32b,trivia_qa_validation_16047,0,0.87108,3
trivia_qa,qwq-32b,trivia_qa_validation_04863,1,0.808268,2
trivia_qa,qwq-32b,trivia_qa_validation_14642,1,0.733776,1
trivia_qa,qwq-32b,trivia_qa_validation_16744,1,0.772606,1
trivia_qa,qwq-32b,trivia_qa_validation_01288,0,0.719154,4
trivia_qa,qwq-32b,trivia_qa_validation_15941,1,0.865171,1
trivia_qa,qwq-32b,trivia_qa_validation_14754,1,0.616393,2
trivia_qa,qwq-32b,trivia_qa_validation_06632,1,0.884624,5
trivia_qa,qwq-32b,trivia_qa_validation_09573,1,0.859551,5
trivia_qa,qwq-32b,trivia_qa_validation_02737,1,0.837306,1
trivia_qa,qwq-32b,trivia_qa_validation_00636,1,0.683122,1
trivia_qa,qwq-32b,trivia_qa_validation_02472,0,0.848312,2
trivia_qa,qwq-32b,trivia_qa_validation_08712,1,0.617954,4
trivia_qa,qwq-32b,trivia_qa_validation_04202,1,0.707171,5
trivia_qa,qwq-32b,trivia_qa_validation_13742,0,0.247051,5
trivia_qa,qwq-32b,trivia_qa_validation_12330,1,0.860355,5
trivia_qa,qwq-32b,trivia_qa_validation_17220,1,0.732686,2
trivia_qa,qwq-32b,trivia_qa_validation_06955,0,0.766272,2
trivia_qa,qwq-32b,trivia_qa_validation_15566,1,0.560533,3
trivia_qa,qwq-32b,trivia_qa_validation_10936,1,0.804724,2
trivia_qa,qwq-32b,trivia_qa_validation_02186,1,0.745295,5
trivia_qa,qwq-32b,trivia_qa_validation_10355,1,0.859521,5
trivia_qa,qwq-32b,trivia_qa_validation_06069,1,0.786523,2
trivia_qa,qwq-32b,trivia_qa_validation_04587,1,0.786361,4
trivia_qa,qwq-32b,trivia_qa_validation_11038,1,0.766917,4
trivia_qa,qwq-32b,trivia_qa_validation_00722,1,0.739949,1
trivia_qa,qwq-32b,trivia_qa_validation_10575,1,0.858631,4
trivia_qa,qwq-32b,trivia_qa_validation_14394,1,0.789145,5
trivia_qa,qwq-32b,trivia_qa_validation_14904,1,0.842812,4
trivia_qa,qwq-32b,trivia_qa_validation_17874,1,0.745128,1
trivia_qa,qwq-32b,trivia_qa_validation_04795,0,0.802642,3
trivia_qa,qwq-32b,trivia_qa_validation_10105,0,0.596948,1
trivia_qa,qwq-32b,trivia_qa_validation_05520,1,0.804038,1
trivia_qa,qwq-32b,trivia_qa_validation_03711,1,0.852616,1
trivia_qa,qwq-32b,trivia_qa_validation_11604,0,0.678593,5
trivia_qa,qwq-32b,trivia_qa_validation_13932,0,0.851964,5
trivia_qa,qwq-32b,trivia_qa_validation_04772,0,0.765393,1
trivia_qa,qwq-32b,trivia_qa_validation_12312,0,0.752507,4
trivia_qa,qwq-32b,trivia_qa_validation_00143,0,0.469426,5
trivia_qa,qwq-32b,trivia_qa_validation_05430,1,0.793776,3
trivia_qa,qwq-32b,trivia_qa_validation_07902,0,0.381099,4
trivia_qa,qwq-32b,trivia_qa_validation_02704,0,0.862184,4
trivia_qa,qwq-32b,trivia_qa_validation_03370,1,0.829497,4
trivia_qa,qwq-32b,trivia_qa_validation_09132,0,0.688141,4
trivia_qa,qwq-32b,trivia_qa_validation_10486,1,0.74303,3
trivia_qa,qwq-32b,trivia_qa_validation_05398,0,0.654275,2
trivia_qa,qwq-32b,trivia_qa_validation_14741,1,0.843718,5
trivia_qa,qwq-32b,trivia_qa_validation_00484,1,0.693882,3
trivia_qa,qwq-32b,trivia_qa_validation_02728,0,0.755974,1
trivia_qa,qwq-32b,trivia_qa_validation_06667,0,0.594997,4
trivia_qa,qwq-32b,trivia_qa_validation_02265,1,0.729427,3
trivia_qa,qwq-32b,trivia_qa_validation_00148,1,0.853503,2
trivia_qa,qwq-32b,trivia_qa_validation_14527,1,0.778246,3
trivia_qa,qwq-32b,trivia_qa_validation_04829,1,0.747565,3
trivia_qa,qwq-32b,trivia_qa_validation_14601,0,0.663856,1
trivia_qa,qwq-32b,trivia_qa_validation_07232,1,0.746447,1
trivia_qa,qwq-32b,trivia_qa_validation_14234,1,0.724399,4
trivia_qa,qwq-32b,trivia_qa_validation_03932,1,0.678312,2
trivia_qa,qwq-32b,trivia_qa_validation_05020,1,0.723756,1
trivia_qa,qwq-32b,trivia_qa_validation_05092,0,0.778817,5
trivia_qa,qwq-32b,trivia_qa_validation_07151,1,0.742981,1
trivia_qa,qwq-32b,trivia_qa_validation_04086,1,0.595728,5
trivia_qa,qwq-32b,trivia_qa_validation_15597,1,0.594766,2
trivia_qa,qwq-32b,trivia_qa_validation_04148,0,0.724255,4
trivia_qa,qwq-32b,trivia_qa_validation_02766,1,0.785937,5
trivia_qa,qwq-32b,trivia_qa_validation_07242,1,0.306415,5
trivia_qa,qwq-32b,trivia_qa_validation_00160,0,0.790043,1
trivia_qa,qwq-32b,trivia_qa_validation_08757,1,0.803144,4
trivia_qa,qwq-32b,trivia_qa_validation_15944,1,0.808819,1
trivia_qa,qwq-32b,trivia_qa_validation_03325,1,0.423085,4
trivia_qa,qwq-32b,trivia_qa_validation_03466,0,0.865869,3
trivia_qa,qwq-32b,trivia_qa_validation_04152,0,0.863307,2
trivia_qa,qwq-32b,trivia_qa_validation_08334,1,0.729741,5
trivia_qa,qwq-32b,trivia_qa_validation_12413,1,0.452772,4
trivia_qa,qwq-32b,trivia_qa_validation_02300,1,0.732624,4
trivia_qa,qwq-32b,trivia_qa_validation_08500,0,0.733947,5
trivia_qa,qwq-32b,trivia_qa_validation_10340,0,0.716141,3
trivia_qa,qwq-32b,trivia_qa_validation_12394,1,0.546107,2
trivia_qa,qwq-32b,trivia_qa_validation_03713,1,0.876869,2
trivia_qa,qwq-32b,trivia_qa_validation_11027,1,0.802982,5
trivia_qa,qwq-32b,trivia_qa_validation_08979,1,0.756752,5
trivia_qa,qwq-32b,trivia_qa_validation_06209,1,0.43561,1
trivia_qa,qwq-32b,trivia_qa_validation_01498,1,0.64794,5
trivia_qa,qwq-32b,trivia_qa_validation_16056,0,0.765804,1
trivia_qa,qwq-32b,trivia_qa_validation_09720,1,0.820675,3
trivia_qa,qwq-32b,trivia_qa_validation_16784,1,0.787033,4
trivia_qa,qwq-32b,trivia_qa_validation_17758,1,0.774779,3
trivia_qa,qwq-32b,trivia_qa_validation_11813,0,0.66957,2
trivia_qa,qwq-32b,trivia_qa_validation_11982,1,0.8208,5
trivia_qa,qwq-32b,trivia_qa_validation_13147,1,0.860234,1
trivia_qa,qwq-32b,trivia_qa_validation_03883,1,0.812743,2
trivia_qa,qwq-32b,trivia_qa_validation_00710,1,0.735584,5
trivia_qa,qwq-32b,trivia_qa_validation_01443,1,0.817757,3
trivia_qa,qwq-32b,trivia_qa_validation_02550,1,0.844255,2
trivia_qa,qwq-32b,trivia_qa_validation_00348,0,0.245515,3
trivia_qa,qwq-32b,trivia_qa_validation_05540,1,0.750292,4
trivia_qa,qwq-32b,trivia_qa_validation_17936,1,0.638503,2
trivia_qa,qwq-32b,trivia_qa_validation_04756,1,0.84934,1
trivia_qa,qwq-32b,trivia_qa_validation_01754,0,0.422314,2
trivia_qa,qwq-32b,trivia_qa_validation_01899,1,0.649293,3
trivia_qa,qwq-32b,trivia_qa_validation_00420,1,0.759447,1
trivia_qa,qwq-32b,trivia_qa_validation_01711,1,0.684784,3
trivia_qa,qwq-32b,trivia_qa_validation_13181,1,0.667907,2
trivia_qa,qwq-32b,trivia_qa_validation_15521,1,0.770419,2
trivia_qa,qwq-32b,trivia_qa_validation_11277,1,0.808504,1
trivia_qa,qwq-32b,trivia_qa_validation_03142,1,0.858492,5
trivia_qa,qwq-32b,trivia_qa_validation_17657,1,0.711632,1
trivia_qa,qwq-32b,trivia_qa_validation_04364,1,0.691913,4
trivia_qa,qwq-32b,trivia_qa_validation_03140,1,0.873177,5
trivia_qa,qwq-32b,trivia_qa_validation_06689,1,0.770715,2
trivia_qa,qwq-32b,trivia_qa_validation_15502,1,0.719567,1
trivia_qa,qwq-32b,trivia_qa_validation_14235,1,0.568967,5
trivia_qa,qwq-32b,trivia_qa_validation_00418,1,0.785864,3
trivia_qa,qwq-32b,trivia_qa_validation_14036,0,0.802519,1
trivia_qa,qwq-32b,trivia_qa_validation_12824,0,0.780103,3
trivia_qa,qwq-32b,trivia_qa_validation_00649,0,0.770599,1
trivia_qa,qwq-32b,trivia_qa_validation_08477,1,0.757918,5
trivia_qa,qwq-32b,trivia_qa_validation_05433,1,0.752581,3
trivia_qa,qwq-32b,trivia_qa_validation_15011,0,0.785956,3
trivia_qa,qwq-32b,trivia_qa_validation_02765,1,0.642527,1
trivia_qa,qwq-32b,trivia_qa_validation_11178,0,0.586834,4
trivia_qa,qwq-32b,trivia_qa_validation_08194,1,0.785643,2
trivia_qa,qwq-32b,trivia_qa_validation_13169,1,0.700416,3
trivia_qa,qwq-32b,trivia_qa_validation_12626,0,0.663073,4
trivia_qa,qwq-32b,trivia_qa_validation_09431,0,0.424315,4
trivia_qa,qwq-32b,trivia_qa_validation_00109,0,0.635764,5
trivia_qa,qwq-32b,trivia_qa_validation_08678,1,0.895785,3
trivia_qa,qwq-32b,trivia_qa_validation_06127,1,0.80612,3
trivia_qa,qwq-32b,trivia_qa_validation_13219,0,0.787249,5
trivia_qa,qwq-32b,trivia_qa_validation_04599,1,0.728531,5
trivia_qa,qwq-32b,trivia_qa_validation_12224,1,0.833971,2
trivia_qa,qwq-32b,trivia_qa_validation_15179,0,0.343384,3
trivia_qa,qwq-32b,trivia_qa_validation_07641,0,0.516104,3
trivia_qa,qwq-32b,trivia_qa_validation_02282,1,0.877219,3
trivia_qa,qwq-32b,trivia_qa_validation_04513,1,0.823525,3
trivia_qa,qwq-32b,trivia_qa_validation_01366,1,0.56589,5
trivia_qa,qwq-32b,trivia_qa_validation_07458,0,0.792142,1
trivia_qa,qwq-32b,trivia_qa_validation_01883,1,0.829489,4
trivia_qa,qwq-32b,trivia_qa_validation_14255,1,0.724492,2
trivia_qa,qwq-32b,trivia_qa_validation_00591,0,0.64896,3
trivia_qa,qwq-32b,trivia_qa_validation_10818,1,0.669688,4
trivia_qa,qwq-32b,trivia_qa_validation_13177,1,0.829689,1
trivia_qa,qwq-32b,trivia_qa_validation_08933,0,0.669388,4
trivia_qa,qwq-32b,trivia_qa_validation_16046,1,0.878475,2
trivia_qa,qwq-32b,trivia_qa_validation_11077,1,0.729435,2
trivia_qa,qwq-32b,trivia_qa_validation_16190,0,0.793018,3
trivia_qa,qwq-32b,trivia_qa_validation_14999,1,0.678152,5
trivia_qa,qwq-32b,trivia_qa_validation_01906,0,0.789793,1
trivia_qa,qwq-32b,trivia_qa_validation_14350,1,0.855336,5
trivia_qa,qwq-32b,trivia_qa_validation_13361,0,0.721967,5
trivia_qa,qwq-32b,trivia_qa_validation_08206,0,0.459603,2
trivia_qa,qwq-32b,trivia_qa_validation_06733,1,0.729011,1
trivia_qa,qwq-32b,trivia_qa_validation_10955,1,0.830605,4
trivia_qa,qwq-32b,trivia_qa_validation_03780,1,0.81051,4
trivia_qa,qwq-32b,trivia_qa_validation_03600,1,0.621991,5
trivia_qa,qwq-32b,trivia_qa_validation_13199,1,0.864076,1
trivia_qa,qwq-32b,trivia_qa_validation_00375,1,0.738036,4
trivia_qa,qwq-32b,trivia_qa_validation_03752,1,0.789826,5
trivia_qa,qwq-32b,trivia_qa_validation_10641,0,0.71277,2
trivia_qa,qwq-32b,trivia_qa_validation_06744,1,0.857915,5
trivia_qa,qwq-32b,trivia_qa_validation_01081,1,0.682353,2
trivia_qa,qwq-32b,trivia_qa_validation_10157,0,0.7283,2
trivia_qa,qwq-32b,trivia_qa_validation_03172,1,0.868314,3
trivia_qa,qwq-32b,trivia_qa_validation_17673,1,0.82352,2
trivia_qa,qwq-32b,trivia_qa_validation_14895,1,0.814388,1
trivia_qa,qwq-32b,trivia_qa_validation_00064,0,0.11352,3
trivia_qa,qwq-32b,trivia_qa_validation_00787,1,0.822904,4
trivia_qa,qwq-32b,trivia_qa_validation_08496,0,0.768564,2
trivia_qa,qwq-32b,trivia_qa_validation_06234,1,0.736208,5
trivia_qa,qwq-32b,trivia_qa_validation_00277,1,0.839943,2
trivia_qa,qwq-32b,trivia_qa_validation_04031,1,0.75778,5
trivia_qa,qwq-32b,trivia_qa_validation_04619,0,0.506492,3
trivia_qa,qwq-32b,trivia_qa_validation_09944,0,0.808463,4
trivia_qa,qwq-32b,trivia_qa_validation_10365,1,0.705223,3
trivia_qa,qwq-32b,trivia_qa_validation_04211,1,0.831056,5
trivia_qa,qwq-32b,trivia_qa_validation_01224,1,0.848169,3
trivia_qa,qwq-32b,trivia_qa_validation_00412,0,0.79476,3
trivia_qa,qwq-32b,trivia_qa_validation_08936,1,0.795591,5
trivia_qa,qwq-32b,trivia_qa_validation_06107,1,0.738379,2
trivia_qa,qwq-32b,trivia_qa_validation_12470,1,0.864359,2
trivia_qa,qwq-32b,trivia_qa_validation_13149,1,0.237084,3
trivia_qa,qwq-32b,trivia_qa_validation_12901,0,0.576316,1
trivia_qa,qwq-32b,trivia_qa_validation_00716,1,0.82994,1
trivia_qa,qwq-32b,trivia_qa_validation_00608,0,0.87574,2
trivia_qa,qwq-32b,trivia_qa_validation_13701,1,0.83039,2
trivia_qa,qwq-32b,trivia_qa_validation_08925,0,0.784184,1
trivia_qa,qwq-32b,trivia_qa_validation_04562,1,0.705107,5
trivia_qa,qwq-32b,trivia_qa_validation_09516,1,0.645398,3
trivia_qa,qwq-32b,trivia_qa_validation_02833,1,0.75392,5
trivia_qa,qwq-32b,trivia_qa_validation_00073,0,0.64084,5
trivia_qa,qwq-32b,trivia_qa_validation_02820,1,0.695957,1
trivia_qa,qwq-32b,trivia_qa_validation_07941,1,0.674562,3
trivia_qa,qwq-32b,trivia_qa_validation_00450,0,0.678228,5
trivia_qa,qwq-32b,trivia_qa_validation_12257,1,0.819767,1
trivia_qa,qwq-32b,trivia_qa_validation_11885,0,0.545226,1
trivia_qa,qwq-32b,trivia_qa_validation_09049,1,0.69286,4
trivia_qa,qwq-32b,trivia_qa_validation_15912,1,0.720787,2
trivia_qa,qwq-32b,trivia_qa_validation_05976,0,0.799835,2
trivia_qa,qwq-32b,trivia_qa_validation_12227,1,0.777422,4
trivia_qa,qwq-32b,trivia_qa_validation_07174,1,0.705511,3
trivia_qa,qwq-32b,trivia_qa_validation_15395,1,0.759028,2
trivia_qa,qwq-32b,trivia_qa_validation_12988,1,0.816072,3
trivia_qa,qwq-32b,trivia_qa_validation_02995,1,0.887537,4
trivia_qa,qwq-32b,trivia_qa_validation_00899,1,0.802304,2
trivia_qa,qwq-32b,trivia_qa_validation_09891,1,0.834866,2
trivia_qa,qwq-32b,trivia_qa_validation_17099,1,0.714818,1
trivia_qa,qwq-32b,trivia_qa_validation_16828,1,0.808862,4
trivia_qa,qwq-32b,trivia_qa_validation_00780,1,0.745007,3
trivia_qa,qwq-32b,trivia_qa_validation_10939,1,0.851262,1
trivia_qa,qwq-32b,trivia_qa_validation_00686,1,0.762128,3
trivia_qa,qwq-32b,trivia_qa_validation_11066,1,0.716016,2
trivia_qa,qwq-32b,trivia_qa_validation_00315,1,0.666954,3
trivia_qa,qwq-32b,trivia_qa_validation_12757,0,0.774231,5
trivia_qa,qwq-32b,trivia_qa_validation_12617,1,0.790029,1
trivia_qa,qwq-32b,trivia_qa_validation_10158,1,0.885758,4
trivia_qa,qwq-32b,trivia_qa_validation_10368,1,0.719934,2
trivia_qa,qwq-32b,trivia_qa_validation_13479,1,0.756512,3
trivia_qa,qwq-32b,trivia_qa_validation_09320,1,0.880626,1
trivia_qa,qwq-32b,trivia_qa_validation_14646,0,0.357904,4
trivia_qa,qwq-32b,trivia_qa_validation_01563,1,0.761563,3
trivia_qa,qwq-32b,trivia_qa_validation_15635,0,0.350195,5
trivia_qa,qwq-32b,trivia_qa_validation_07741,1,0.86336,3
trivia_qa,qwq-32b,trivia_qa_validation_16493,0,0.225973,2
trivia_qa,qwq-32b,trivia_qa_validation_11201,0,0.541078,1
trivia_qa,qwq-32b,trivia_qa_validation_10438,1,0.813232,2
trivia_qa,qwq-32b,trivia_qa_validation_05441,1,0.806348,4
trivia_qa,qwq-32b,trivia_qa_validation_07101,1,0.822675,5
trivia_qa,qwq-32b,trivia_qa_validation_01851,1,0.82023,2
trivia_qa,qwq-32b,trivia_qa_validation_09161,0,0.797985,5
trivia_qa,qwq-32b,trivia_qa_validation_10402,1,0.523551,4
trivia_qa,qwq-32b,trivia_qa_validation_08645,1,0.733723,5
trivia_qa,qwq-32b,trivia_qa_validation_12847,0,0.841765,4
trivia_qa,qwq-32b,trivia_qa_validation_11922,0,0.851982,5
trivia_qa,qwq-32b,trivia_qa_validation_08999,0,0.137165,1
trivia_qa,qwq-32b,trivia_qa_validation_03131,1,0.784173,5
trivia_qa,qwq-32b,trivia_qa_validation_09993,1,0.574249,1
trivia_qa,qwq-32b,trivia_qa_validation_11766,1,0.712567,2
trivia_qa,qwq-32b,trivia_qa_validation_07344,1,0.796699,3
trivia_qa,qwq-32b,trivia_qa_validation_08688,1,0.624177,5
trivia_qa,qwq-32b,trivia_qa_validation_15804,1,0.826635,4
trivia_qa,qwq-32b,trivia_qa_validation_17889,1,0.852164,4
trivia_qa,qwq-32b,trivia_qa_validation_07199,1,0.855269,4
trivia_qa,qwq-32b,trivia_qa_validation_06663,1,0.822489,5
trivia_qa,qwq-32b,trivia_qa_validation_03344,1,0.790029,1
trivia_qa,qwq-32b,trivia_qa_validation_10198,0,0.578572,4
trivia_qa,qwq-32b,trivia_qa_validation_06826,1,0.809302,1
trivia_qa,qwq-32b,trivia_qa_validation_03353,1,0.854864,5
trivia_qa,qwq-32b,trivia_qa_validation_14067,1,0.770458,4
trivia_qa,qwq-32b,trivia_qa_validation_10370,1,0.822107,5
trivia_qa,qwq-32b,trivia_qa_validation_14262,1,0.828864,1
trivia_qa,qwq-32b,trivia_qa_validation_14825,1,0.882914,1
trivia_qa,qwq-32b,trivia_qa_validation_05264,0,0.763249,3
trivia_qa,qwq-32b,trivia_qa_validation_15216,1,0.643391,5
trivia_qa,qwq-32b,trivia_qa_validation_02283,1,0.898445,5
trivia_qa,qwq-32b,trivia_qa_validation_15256,1,0.840347,1
trivia_qa,qwq-32b,trivia_qa_validation_06451,1,0.774635,4
trivia_qa,qwq-32b,trivia_qa_validation_10680,1,0.825666,3
trivia_qa,qwq-32b,trivia_qa_validation_04779,1,0.885092,3
trivia_qa,qwq-32b,trivia_qa_validation_06577,1,0.489033,5
trivia_qa,qwq-32b,trivia_qa_validation_14376,0,0.772964,2
trivia_qa,qwq-32b,trivia_qa_validation_03459,0,0.808354,2
trivia_qa,qwq-32b,trivia_qa_validation_05100,0,0.59718,2
trivia_qa,qwq-32b,trivia_qa_validation_04197,0,0.534332,1
trivia_qa,qwq-32b,trivia_qa_validation_02484,1,0.888888,3
trivia_qa,qwq-32b,trivia_qa_validation_00400,1,0.741025,4
trivia_qa,qwq-32b,trivia_qa_validation_15338,1,0.728653,3
trivia_qa,qwq-32b,trivia_qa_validation_08919,0,0.750221,3
trivia_qa,qwq-32b,trivia_qa_validation_03947,0,0.642177,2
trivia_qa,qwq-32b,trivia_qa_validation_08119,1,0.660343,3
trivia_qa,qwq-32b,trivia_qa_validation_04464,1,0.846631,2
trivia_qa,qwq-32b,trivia_qa_validation_09553,1,0.821759,1
trivia_qa,qwq-32b,trivia_qa_validation_14537,0,0.469629,4
trivia_qa,qwq-32b,trivia_qa_validation_14480,0,0.701462,1
trivia_qa,qwq-32b,trivia_qa_validation_14210,1,0.892667,4
trivia_qa,qwq-32b,trivia_qa_validation_14435,1,0.656067,2
trivia_qa,qwq-32b,trivia_qa_validation_01155,1,0.338597,1
trivia_qa,qwq-32b,trivia_qa_validation_05645,0,0.710623,3
trivia_qa,qwq-32b,trivia_qa_validation_12517,1,0.81943,3
trivia_qa,qwq-32b,trivia_qa_validation_00610,1,0.386125,2
trivia_qa,qwq-32b,trivia_qa_validation_00452,1,0.87516,1
trivia_qa,qwq-32b,trivia_qa_validation_07470,1,0.858467,2
trivia_qa,qwq-32b,trivia_qa_validation_08144,1,0.790324,2
trivia_qa,qwq-32b,trivia_qa_validation_16340,0,0.653838,5
trivia_qa,qwq-32b,trivia_qa_validation_12679,0,0.029196,4
trivia_qa,qwq-32b,trivia_qa_validation_12764,1,0.747382,5
trivia_qa,qwq-32b,trivia_qa_validation_04640,0,0.461375,2
trivia_qa,qwq-32b,trivia_qa_validation_02844,1,0.803722,3
trivia_qa,qwq-32b,trivia_qa_validation_09230,1,0.709506,3
trivia_qa,qwq-32b,trivia_qa_validation_06552,1,0.722598,2
trivia_qa,qwq-32b,trivia_qa_validation_06454,1,0.812188,5
trivia_qa,qwq-32b,trivia_qa_validation_14637,1,0.76953,4
trivia_qa,qwq-32b,trivia_qa_validation_14365,1,0.790003,2
trivia_qa,qwq-32b,trivia_qa_validation_05184,1,0.668368,5
trivia_qa,qwq-32b,trivia_qa_validation_03696,1,0.755626,5
trivia_qa,qwq-32b,trivia_qa_validation_09642,1,0.866007,4
trivia_qa,qwq-32b,trivia_qa_validation_15552,1,0.754222,4
trivia_qa,qwq-32b,trivia_qa_validation_17529,0,0.717924,5
trivia_qa,qwq-32b,trivia_qa_validation_15824,1,0.703211,5
trivia_qa,qwq-32b,trivia_qa_validation_11432,1,0.774577,5
trivia_qa,qwq-32b,trivia_qa_validation_00088,1,0.603202,5
trivia_qa,qwq-32b,trivia_qa_validation_05568,0,0.819873,3
trivia_qa,qwq-32b,trivia_qa_validation_05297,1,0.652243,1
trivia_qa,qwq-32b,trivia_qa_validation_05647,0,0.586652,3
trivia_qa,qwq-32b,trivia_qa_validation_04428,0,0.779394,1
trivia_qa,qwq-32b,trivia_qa_validation_15982,1,0.79218,4
trivia_qa,qwq-32b,trivia_qa_validation_01628,1,0.679748,2
trivia_qa,qwq-32b,trivia_qa_validation_06553,1,0.837276,4
trivia_qa,qwq-32b,trivia_qa_validation_02460,1,0.293695,2
trivia_qa,qwq-32b,trivia_qa_validation_16893,0,0.658035,3
trivia_qa,qwq-32b,trivia_qa_validation_12938,0,0.635188,5
trivia_qa,qwq-32b,trivia_qa_validation_12748,1,0.87741,3
trivia_qa,qwq-32b,trivia_qa_validation_04674,1,0.865944,2
trivia_qa,qwq-32b,trivia_qa_validation_00758,1,0.778979,5
trivia_qa,qwq-32b,trivia_qa_validation_06687,1,0.801028,3
trivia_qa,qwq-32b,trivia_qa_validation_17653,1,0.778603,3
trivia_qa,qwq-32b,trivia_qa_validation_00839,1,0.735936,5
trivia_qa,qwq-32b,trivia_qa_validation_15618,1,0.621172,4
trivia_qa,qwq-32b,trivia_qa_validation_17514,1,0.784343,2
trivia_qa,qwq-32b,trivia_qa_validation_09712,1,0.885283,5
trivia_qa,qwq-32b,trivia_qa_validation_06599,1,0.740023,4
trivia_qa,qwq-32b,trivia_qa_validation_13957,1,0.860249,2
trivia_qa,qwq-32b,trivia_qa_validation_09104,0,0.767644,5
trivia_qa,qwq-32b,trivia_qa_validation_15841,1,0.690306,5
trivia_qa,qwq-32b,trivia_qa_validation_12985,0,0.737782,5
trivia_qa,qwq-32b,trivia_qa_validation_16562,1,0.75665,5
trivia_qa,qwq-32b,trivia_qa_validation_12540,1,0.790461,1
trivia_qa,qwq-32b,trivia_qa_validation_17711,1,0.781045,5
trivia_qa,qwq-32b,trivia_qa_validation_02769,1,0.805948,4
trivia_qa,qwq-32b,trivia_qa_validation_03117,1,0.843119,1
trivia_qa,qwq-32b,trivia_qa_validation_06956,1,0.643545,1
trivia_qa,qwq-32b,trivia_qa_validation_17234,1,0.766365,3
trivia_qa,qwq-32b,trivia_qa_validation_17834,1,0.79925,5
trivia_qa,qwq-32b,trivia_qa_validation_11451,0,0.645805,2
trivia_qa,qwq-32b,trivia_qa_validation_07698,0,0.657768,2
trivia_qa,qwq-32b,trivia_qa_validation_06495,1,0.814442,1
trivia_qa,qwq-32b,trivia_qa_validation_02834,1,0.810755,1
trivia_qa,qwq-32b,trivia_qa_validation_13215,1,0.651486,2
trivia_qa,qwq-32b,trivia_qa_validation_09253,0,0.730249,1
trivia_qa,qwq-32b,trivia_qa_validation_03995,0,0.647738,2
trivia_qa,qwq-32b,trivia_qa_validation_06321,0,0.757712,4
trivia_qa,qwq-32b,trivia_qa_validation_09116,0,0.275754,3
trivia_qa,qwq-32b,trivia_qa_validation_00264,1,0.878993,3
trivia_qa,qwq-32b,trivia_qa_validation_07058,1,0.847296,5
trivia_qa,qwq-32b,trivia_qa_validation_03040,1,0.753399,2
trivia_qa,qwq-32b,trivia_qa_validation_05423,1,0.799608,5
trivia_qa,qwq-32b,trivia_qa_validation_08007,0,0.099753,3
trivia_qa,qwq-32b,trivia_qa_validation_17843,1,0.778007,4
trivia_qa,qwq-32b,trivia_qa_validation_12090,0,0.823309,1
trivia_qa,qwq-32b,trivia_qa_validation_02437,1,0.780079,4
trivia_qa,qwq-32b,trivia_qa_validation_00957,0,0.766788,5
trivia_qa,qwq-32b,trivia_qa_validation_05479,0,0.747652,2
trivia_qa,qwq-32b,trivia_qa_validation_09597,1,0.070788,4
trivia_qa,qwq-32b,trivia_qa_validation_07565,1,0.794883,1
trivia_qa,qwq-32b,trivia_qa_validation_08330,1,0.704782,4
trivia_qa,qwq-32b,trivia_qa_validation_14621,0,0.388038,5
trivia_qa,qwq-32b,trivia_qa_validation_11057,0,0.090627,2
trivia_qa,qwq-32b,trivia_qa_validation_04630,0,0.76224,4
trivia_qa,qwq-32b,trivia_qa_validation_12501,1,0.713296,1
trivia_qa,qwq-32b,trivia_qa_validation_17026,0,0.687389,4
trivia_qa,qwq-32b,trivia_qa_validation_00046,1,0.794391,2
trivia_qa,qwq-32b,trivia_qa_validation_00015,0,0.537066,5
trivia_qa,qwq-32b,trivia_qa_validation_04598,1,0.775728,2
trivia_qa,qwq-32b,trivia_qa_validation_09123,1,0.667935,3
trivia_qa,qwq-32b,trivia_qa_validation_14269,1,0.795197,4
trivia_qa,qwq-32b,trivia_qa_validation_16115,1,0.774822,4
trivia_qa,qwq-32b,trivia_qa_validation_11593,0,0.666084,1
trivia_qa,qwq-32b,trivia_qa_validation_16436,1,0.627787,3
trivia_qa,qwq-32b,trivia_qa_validation_12960,1,0.840802,1
trivia_qa,qwq-32b,trivia_qa_validation_12299,1,0.655886,1
trivia_qa,qwq-32b,trivia_qa_validation_07338,1,0.307648,4
trivia_qa,qwq-32b,trivia_qa_validation_17206,0,0.776939,4
trivia_qa,qwq-32b,trivia_qa_validation_00045,1,0.820846,4
trivia_qa,qwq-32b,trivia_qa_validation_01317,1,0.781712,5
trivia_qa,qwq-32b,trivia_qa_validation_16223,1,0.744399,2
trivia_qa,qwq-32b,trivia_qa_validation_01824,0,0.702609,2
trivia_qa,qwq-32b,trivia_qa_validation_15704,0,0.741749,2
trivia_qa,qwq-32b,trivia_qa_validation_02305,1,0.687086,5
trivia_qa,qwq-32b,trivia_qa_validation_04047,1,0.415998,3
trivia_qa,qwq-32b,trivia_qa_validation_11337,1,0.771218,4
trivia_qa,qwq-32b,trivia_qa_validation_03987,1,0.813705,2
trivia_qa,qwq-32b,trivia_qa_validation_07019,1,0.759373,4
trivia_qa,qwq-32b,trivia_qa_validation_02002,0,0.278746,1
trivia_qa,qwq-32b,trivia_qa_validation_08224,0,0.677015,5
trivia_qa,qwq-32b,trivia_qa_validation_13481,1,0.793077,4
trivia_qa,qwq-32b,trivia_qa_validation_14229,1,0.715315,2
trivia_qa,qwq-32b,trivia_qa_validation_13625,0,0.74099,5
trivia_qa,qwq-32b,trivia_qa_validation_12554,1,0.823209,5
trivia_qa,qwq-32b,trivia_qa_validation_03119,0,0.572313,4
trivia_qa,qwq-32b,trivia_qa_validation_09634,1,0.608162,3
trivia_qa,qwq-32b,trivia_qa_validation_08915,0,0.723505,1
trivia_qa,qwq-32b,trivia_qa_validation_10964,1,0.812727,5
trivia_qa,qwq-32b,trivia_qa_validation_07420,0,0.807492,4
trivia_qa,qwq-32b,trivia_qa_validation_13542,0,0.728888,2
trivia_qa,qwq-32b,trivia_qa_validation_11676,1,0.827462,1
trivia_qa,qwq-32b,trivia_qa_validation_17159,0,0.729704,4
trivia_qa,qwq-32b,trivia_qa_validation_09638,1,0.841379,1
trivia_qa,qwq-32b,trivia_qa_validation_07495,1,0.816465,4
trivia_qa,qwq-32b,trivia_qa_validation_09764,1,0.734108,4
trivia_qa,qwq-32b,trivia_qa_validation_05874,0,0.072582,2
trivia_qa,qwq-32b,trivia_qa_validation_01707,1,0.720316,3
trivia_qa,qwq-32b,trivia_qa_validation_03326,1,0.804893,2
trivia_qa,qwq-32b,trivia_qa_validation_02825,1,0.849432,3
trivia_qa,qwq-32b,trivia_qa_validation_06898,1,0.848377,4
trivia_qa,qwq-32b,trivia_qa_validation_03363,1,0.828488,2
trivia_qa,qwq-32b,trivia_qa_validation_00574,1,0.805846,4
trivia_qa,qwq-32b,trivia_qa_validation_09262,0,0.650133,2
trivia_qa,qwq-32b,trivia_qa_validation_08944,1,0.718238,5
trivia_qa,qwq-32b,trivia_qa_validation_05567,1,0.820619,4
trivia_qa,qwq-32b,trivia_qa_validation_03670,1,0.785191,4
trivia_qa,qwq-32b,trivia_qa_validation_15779,1,0.829655,4
trivia_qa,qwq-32b,trivia_qa_validation_06876,0,0.695092,3
trivia_qa,qwq-32b,trivia_qa_validation_13180,1,0.716869,5
trivia_qa,qwq-32b,trivia_qa_validation_00954,1,0.676169,2
trivia_qa,qwq-32b,trivia_qa_validation_04642,1,0.822023,4
trivia_qa,qwq-32b,trivia_qa_validation_11008,1,0.555086,3
trivia_qa,qwq-32b,trivia_qa_validation_11755,0,0.553256,5
trivia_qa,qwq-32b,trivia_qa_validation_08976,1,0.632618,4
trivia_qa,qwq-32b,trivia_qa_validation_03526,1,0.78787,3
trivia_qa,qwq-32b,trivia_qa_validation_05359,1,0.757376,2
trivia_qa,qwq-32b,trivia_qa_validation_05831,0,0.521391,3
trivia_qa,qwq-32b,trivia_qa_validation_12222,1,0.56414,1
trivia_qa,qwq-32b,trivia_qa_validation_02413,1,0.866333,5
trivia_qa,qwq-32b,trivia_qa_validation_00559,1,0.765422,1
trivia_qa,qwq-32b,trivia_qa_validation_11322,0,0.299028,1
trivia_qa,qwq-32b,trivia_qa_validation_12263,0,0.843957,3
trivia_qa,qwq-32b,trivia_qa_validation_07375,1,0.788651,2
trivia_qa,qwq-32b,trivia_qa_validation_11180,1,0.335115,2
trivia_qa,qwq-32b,trivia_qa_validation_14609,0,0.659031,5
trivia_qa,qwq-32b,trivia_qa_validation_16983,1,0.726422,3
trivia_qa,qwq-32b,trivia_qa_validation_03035,0,0.865836,2
trivia_qa,qwq-32b,trivia_qa_validation_10195,1,0.730148,4
trivia_qa,qwq-32b,trivia_qa_validation_04029,1,0.576836,4
trivia_qa,qwq-32b,trivia_qa_validation_04916,1,0.531801,1
trivia_qa,qwq-32b,trivia_qa_validation_04652,1,0.804887,3
trivia_qa,qwq-32b,trivia_qa_validation_03007,1,0.649919,3
trivia_qa,qwq-32b,trivia_qa_validation_00968,1,0.827492,3
trivia_qa,qwq-32b,trivia_qa_validation_06380,1,0.656145,3
trivia_qa,qwq-32b,trivia_qa_validation_13769,1,0.785166,2
trivia_qa,qwq-32b,trivia_qa_validation_07125,1,0.609599,3
trivia_qa,qwq-32b,trivia_qa_validation_00810,1,0.580386,1
trivia_qa,qwq-32b,trivia_qa_validation_04212,1,0.767348,2
trivia_qa,qwq-32b,trivia_qa_validation_02642,1,0.786829,2
trivia_qa,qwq-32b,trivia_qa_validation_12833,1,0.508001,4
trivia_qa,qwq-32b,trivia_qa_validation_00192,0,0.657892,5
trivia_qa,qwq-32b,trivia_qa_validation_16982,1,0.757866,3
trivia_qa,qwq-32b,trivia_qa_validation_14641,1,0.814549,2
trivia_qa,qwq-32b,trivia_qa_validation_08669,1,0.868402,4
trivia_qa,qwq-32b,trivia_qa_validation_06037,0,0.447004,1
trivia_qa,qwq-32b,trivia_qa_validation_15439,1,0.683606,2
trivia_qa,qwq-32b,trivia_qa_validation_08560,1,0.546945,5
trivia_qa,qwq-32b,trivia_qa_validation_14118,1,0.693302,5
trivia_qa,qwq-32b,trivia_qa_validation_06569,1,0.78686,2
trivia_qa,qwq-32b,trivia_qa_validation_13554,0,0.664449,5
trivia_qa,qwq-32b,trivia_qa_validation_11304,1,0.83569,5
trivia_qa,qwq-32b,trivia_qa_validation_14620,1,0.799228,1
trivia_qa,qwq-32b,trivia_qa_validation_05519,1,0.767603,1
trivia_qa,qwq-32b,trivia_qa_validation_03282,1,0.745986,3
trivia_qa,qwq-32b,trivia_qa_validation_08727,1,0.893557,4
trivia_qa,qwq-32b,trivia_qa_validation_16377,0,0.715762,1
trivia_qa,qwq-32b,trivia_qa_validation_07969,0,0.779594,1
trivia_qa,qwq-32b,trivia_qa_validation_06289,1,0.693557,4
trivia_qa,qwq-32b,trivia_qa_validation_15611,0,0.498998,3
trivia_qa,qwq-32b,trivia_qa_validation_07166,0,0.793143,5
trivia_qa,qwq-32b,trivia_qa_validation_14389,1,0.817833,2
trivia_qa,qwq-32b,trivia_qa_validation_05321,1,0.789233,5
trivia_qa,qwq-32b,trivia_qa_validation_17007,1,0.861589,4
trivia_qa,qwq-32b,trivia_qa_validation_04632,1,0.763252,5
trivia_qa,qwq-32b,trivia_qa_validation_05991,1,0.343796,4
trivia_qa,qwq-32b,trivia_qa_validation_00184,0,0.569898,3
trivia_qa,qwq-32b,trivia_qa_validation_09763,1,0.851055,3
trivia_qa,qwq-32b,trivia_qa_validation_09518,0,0.673158,4
trivia_qa,qwq-32b,trivia_qa_validation_16639,1,0.74054,5
trivia_qa,qwq-32b,trivia_qa_validation_09224,0,0.718514,3
trivia_qa,qwq-32b,trivia_qa_validation_17608,1,0.816484,4
trivia_qa,qwq-32b,trivia_qa_validation_06330,1,0.616269,2
trivia_qa,qwq-32b,trivia_qa_validation_15429,1,0.7156,4
trivia_qa,qwq-32b,trivia_qa_validation_05586,1,0.784327,4
trivia_qa,qwq-32b,trivia_qa_validation_10691,0,0.708371,3
trivia_qa,qwq-32b,trivia_qa_validation_15504,1,0.638426,1
trivia_qa,qwq-32b,trivia_qa_validation_12758,1,0.80513,2
trivia_qa,qwq-32b,trivia_qa_validation_04935,0,0.751249,1
trivia_qa,qwq-32b,trivia_qa_validation_12705,0,0.708124,2
trivia_qa,qwq-32b,trivia_qa_validation_10307,1,0.667299,5
trivia_qa,qwq-32b,trivia_qa_validation_16861,1,0.880762,3
trivia_qa,qwq-32b,trivia_qa_validation_04311,1,0.574124,2
trivia_qa,qwq-32b,trivia_qa_validation_01872,0,0.158884,5
trivia_qa,qwq-32b,trivia_qa_validation_15578,1,0.723678,5
trivia_qa,qwq-32b,trivia_qa_validation_05318,1,0.859013,3
trivia_qa,qwq-32b,trivia_qa_validation_12207,1,0.845442,3
trivia_qa,qwq-32b,trivia_qa_validation_11540,1,0.739522,5
trivia_qa,qwq-32b,trivia_qa_validation_14213,1,0.773295,3
trivia_qa,qwq-32b,trivia_qa_validation_02288,0,0.756034,2
trivia_qa,qwq-32b,trivia_qa_validation_02457,0,0.339857,1
trivia_qa,qwq-32b,trivia_qa_validation_02449,1,0.781807,2
trivia_qa,qwq-32b,trivia_qa_validation_03143,0,0.789123,1
trivia_qa,qwq-32b,trivia_qa_validation_10312,1,0.8493,3
trivia_qa,qwq-32b,trivia_qa_validation_07733,1,0.842112,3
trivia_qa,qwq-32b,trivia_qa_validation_13133,1,0.447204,3
trivia_qa,qwq-32b,trivia_qa_validation_12205,0,0.635804,3
trivia_qa,qwq-32b,trivia_qa_validation_04417,1,0.810532,2
trivia_qa,qwq-32b,trivia_qa_validation_04688,1,0.798632,5
trivia_qa,qwq-32b,trivia_qa_validation_00576,1,0.832273,5
trivia_qa,qwq-32b,trivia_qa_validation_01269,1,0.816316,4
trivia_qa,qwq-32b,trivia_qa_validation_12288,0,0.762481,4
trivia_qa,qwq-32b,trivia_qa_validation_12614,0,0.783095,4
trivia_qa,qwq-32b,trivia_qa_validation_06335,1,0.386523,3
trivia_qa,qwq-32b,trivia_qa_validation_09625,1,0.796601,4
trivia_qa,qwq-32b,trivia_qa_validation_05731,1,0.238512,5
trivia_qa,qwq-32b,trivia_qa_validation_06659,0,0.7925,1
trivia_qa,qwq-32b,trivia_qa_validation_06410,0,0.661057,5
trivia_qa,qwq-32b,trivia_qa_validation_08319,0,0.60743,4
trivia_qa,qwq-32b,trivia_qa_validation_13636,1,0.751228,5
trivia_qa,qwq-32b,trivia_qa_validation_07588,1,0.750216,5
trivia_qa,qwq-32b,trivia_qa_validation_00382,0,0.721097,1
trivia_qa,qwq-32b,trivia_qa_validation_06409,1,0.876087,1
trivia_qa,qwq-32b,trivia_qa_validation_08139,1,0.83452,2
trivia_qa,qwq-32b,trivia_qa_validation_16555,1,0.841773,2
trivia_qa,qwq-32b,trivia_qa_validation_08816,1,0.58712,4
trivia_qa,qwq-32b,trivia_qa_validation_01660,1,0.691966,1
trivia_qa,qwq-32b,trivia_qa_validation_06551,1,0.751311,4
trivia_qa,qwq-32b,trivia_qa_validation_11168,0,0.609753,1
trivia_qa,qwq-32b,trivia_qa_validation_08325,1,0.57396,2
trivia_qa,qwq-32b,trivia_qa_validation_11958,0,0.681593,3
trivia_qa,qwq-32b,trivia_qa_validation_02824,1,0.737993,5
trivia_qa,qwq-32b,trivia_qa_validation_08656,0,0.675625,4
trivia_qa,qwq-32b,trivia_qa_validation_10866,1,0.844245,5
trivia_qa,qwq-32b,trivia_qa_validation_05539,0,0.248244,2
trivia_qa,qwq-32b,trivia_qa_validation_09236,1,0.827012,5
trivia_qa,qwq-32b,trivia_qa_validation_10550,1,0.482653,1
trivia_qa,qwq-32b,trivia_qa_validation_14475,1,0.732147,2
trivia_qa,qwq-32b,trivia_qa_validation_03911,0,0.709468,2
trivia_qa,qwq-32b,trivia_qa_validation_01244,1,0.728238,4
trivia_qa,qwq-32b,trivia_qa_validation_09996,1,0.810678,5
trivia_qa,qwq-32b,trivia_qa_validation_07510,1,0.734436,5
trivia_qa,qwq-32b,trivia_qa_validation_11128,0,0.475161,3
trivia_qa,qwq-32b,trivia_qa_validation_05526,1,0.703947,2
trivia_qa,qwq-32b,trivia_qa_validation_16310,1,0.681235,3
trivia_qa,qwq-32b,trivia_qa_validation_17912,1,0.871831,3
trivia_qa,qwq-32b,trivia_qa_validation_03045,1,0.795794,5
trivia_qa,qwq-32b,trivia_qa_validation_01048,0,0.616094,2
trivia_qa,qwq-32b,trivia_qa_validation_17468,0,0.635655,5
trivia_qa,qwq-32b,trivia_qa_validation_16448,1,0.53264,2
trivia_qa,qwq-32b,trivia_qa_validation_03998,1,0.725588,1
trivia_qa,qwq-32b,trivia_qa_validation_08162,1,0.530466,5
trivia_qa,qwq-32b,trivia_qa_validation_01813,1,0.807331,4
trivia_qa,qwq-32b,trivia_qa_validation_06827,0,0.839939,4
trivia_qa,qwq-32b,trivia_qa_validation_11844,1,0.786232,1
trivia_qa,qwq-32b,trivia_qa_validation_01305,0,0.467042,4
trivia_qa,qwq-32b,trivia_qa_validation_09774,1,0.818117,5
trivia_qa,qwq-32b,trivia_qa_validation_14858,1,0.760924,3
trivia_qa,qwq-32b,trivia_qa_validation_15970,1,0.785559,4
trivia_qa,qwq-32b,trivia_qa_validation_09881,1,0.829421,1
trivia_qa,qwq-32b,trivia_qa_validation_01887,0,0.712234,1
trivia_qa,qwq-32b,trivia_qa_validation_03596,1,0.754595,1
trivia_qa,qwq-32b,trivia_qa_validation_17095,1,0.762601,2
trivia_qa,qwq-32b,trivia_qa_validation_04736,1,0.901449,1
trivia_qa,qwq-32b,trivia_qa_validation_09426,0,0.625719,5
trivia_qa,qwq-32b,trivia_qa_validation_06297,1,0.827871,1
trivia_qa,qwq-32b,trivia_qa_validation_01243,0,0.394538,1
trivia_qa,qwq-32b,trivia_qa_validation_13654,0,0.371188,4
trivia_qa,qwq-32b,trivia_qa_validation_08293,0,0.797919,1
trivia_qa,qwq-32b,trivia_qa_validation_03167,1,0.869058,5
trivia_qa,qwq-32b,trivia_qa_validation_07979,1,0.742524,2
trivia_qa,qwq-32b,trivia_qa_validation_04874,1,0.698921,4
trivia_qa,qwq-32b,trivia_qa_validation_05256,1,0.766299,3
trivia_qa,qwq-32b,trivia_qa_validation_16478,1,0.882322,3
trivia_qa,qwq-32b,trivia_qa_validation_06008,0,0.74708,2
trivia_qa,qwq-32b,trivia_qa_validation_07853,1,0.474813,4
trivia_qa,qwq-32b,trivia_qa_validation_01757,1,0.549703,3
trivia_qa,qwq-32b,trivia_qa_validation_00254,0,0.779343,3
trivia_qa,qwq-32b,trivia_qa_validation_09503,1,0.616557,4
trivia_qa,qwq-32b,trivia_qa_validation_08256,0,0.715627,2
trivia_qa,qwq-32b,trivia_qa_validation_00165,1,0.827453,2
trivia_qa,qwq-32b,trivia_qa_validation_05923,0,0.524588,5
trivia_qa,qwq-32b,trivia_qa_validation_14833,1,0.802687,1
trivia_qa,qwq-32b,trivia_qa_validation_11739,1,0.754997,4
trivia_qa,qwq-32b,trivia_qa_validation_14837,1,0.652903,1
trivia_qa,qwq-32b,trivia_qa_validation_13216,1,0.870848,5
trivia_qa,qwq-32b,trivia_qa_validation_06785,1,0.597501,4
trivia_qa,qwq-32b,trivia_qa_validation_10282,1,0.541853,1
trivia_qa,qwq-32b,trivia_qa_validation_05089,0,0.759525,4
trivia_qa,qwq-32b,trivia_qa_validation_06908,1,0.395133,1
trivia_qa,qwq-32b,trivia_qa_validation_15553,1,0.768758,2
trivia_qa,qwq-32b,trivia_qa_validation_07316,1,0.536667,1
trivia_qa,qwq-32b,trivia_qa_validation_03888,1,0.823565,4
trivia_qa,qwq-32b,trivia_qa_validation_09916,1,0.83117,3
trivia_qa,qwq-32b,trivia_qa_validation_12738,0,0.797597,5
trivia_qa,qwq-32b,trivia_qa_validation_03099,0,0.859552,1
trivia_qa,qwq-32b,trivia_qa_validation_15150,0,0.873576,1
trivia_qa,qwq-32b,trivia_qa_validation_10944,1,0.748453,2
trivia_qa,qwq-32b,trivia_qa_validation_04194,1,0.740228,2
trivia_qa,qwq-32b,trivia_qa_validation_00552,1,0.62286,1
trivia_qa,qwq-32b,trivia_qa_validation_02570,1,0.844726,3
trivia_qa,qwq-32b,trivia_qa_validation_07163,0,0.70727,5
trivia_qa,qwq-32b,trivia_qa_validation_00416,1,0.599365,3
trivia_qa,qwq-32b,trivia_qa_validation_06215,1,0.834732,2
trivia_qa,qwq-32b,trivia_qa_validation_11403,1,0.779315,4
trivia_qa,qwq-32b,trivia_qa_validation_01583,1,0.569804,4
trivia_qa,qwq-32b,trivia_qa_validation_07236,1,0.832011,5
trivia_qa,qwq-32b,trivia_qa_validation_02418,1,0.770788,2
trivia_qa,qwq-32b,trivia_qa_validation_02307,1,0.842018,2
trivia_qa,qwq-32b,trivia_qa_validation_17862,1,0.754555,2
trivia_qa,qwq-32b,trivia_qa_validation_03564,1,0.811377,5
trivia_qa,qwq-32b,trivia_qa_validation_14532,0,0.566367,3
trivia_qa,qwq-32b,trivia_qa_validation_15759,1,0.697824,3
trivia_qa,qwq-32b,trivia_qa_validation_03231,1,0.864988,4
trivia_qa,qwq-32b,trivia_qa_validation_08321,1,0.863906,1
trivia_qa,qwq-32b,trivia_qa_validation_11548,0,0.574839,3
trivia_qa,qwq-32b,trivia_qa_validation_05774,1,0.773066,5
trivia_qa,qwq-32b,trivia_qa_validation_11957,1,0.832668,3
trivia_qa,qwq-32b,trivia_qa_validation_08244,1,0.826967,1
trivia_qa,qwq-32b,trivia_qa_validation_05419,1,0.752052,5
trivia_qa,qwq-32b,trivia_qa_validation_14522,1,0.786164,5
trivia_qa,qwq-32b,trivia_qa_validation_02106,0,0.293367,2
trivia_qa,qwq-32b,trivia_qa_validation_12553,1,0.624418,1
trivia_qa,qwq-32b,trivia_qa_validation_08926,1,0.752176,2
trivia_qa,qwq-32b,trivia_qa_validation_15063,1,0.735304,1
trivia_qa,qwq-32b,trivia_qa_validation_14942,0,0.727795,2
trivia_qa,qwq-32b,trivia_qa_validation_06729,1,0.757345,4
trivia_qa,qwq-32b,trivia_qa_validation_04822,0,0.81157,2
trivia_qa,qwq-32b,trivia_qa_validation_02890,1,0.841821,4
trivia_qa,qwq-32b,trivia_qa_validation_13779,1,0.781809,4
trivia_qa,qwq-32b,trivia_qa_validation_08187,0,0.706705,3
trivia_qa,qwq-32b,trivia_qa_validation_14359,1,0.814247,3
trivia_qa,qwq-32b,trivia_qa_validation_01700,1,0.736208,1
trivia_qa,qwq-32b,trivia_qa_validation_15638,1,0.692114,3
trivia_qa,qwq-32b,trivia_qa_validation_03362,0,0.61271,4
trivia_qa,qwq-32b,trivia_qa_validation_04721,1,0.735792,5
trivia_qa,qwq-32b,trivia_qa_validation_03303,1,0.714262,3
trivia_qa,qwq-32b,trivia_qa_validation_06978,1,0.764377,2
trivia_qa,qwq-32b,trivia_qa_validation_16241,1,0.782667,1
trivia_qa,qwq-32b,trivia_qa_validation_17918,1,0.656211,3
trivia_qa,qwq-32b,trivia_qa_validation_15357,1,0.774302,5
trivia_qa,qwq-32b,trivia_qa_validation_06211,1,0.344114,3
trivia_qa,qwq-32b,trivia_qa_validation_11926,1,0.748615,2
trivia_qa,qwq-32b,trivia_qa_validation_03640,1,0.730987,2
trivia_qa,qwq-32b,trivia_qa_validation_03927,1,0.817765,5
trivia_qa,qwq-32b,trivia_qa_validation_14928,0,0.700552,5
trivia_qa,qwq-32b,trivia_qa_validation_12834,1,0.815836,4
trivia_qa,qwq-32b,trivia_qa_validation_09497,0,0.746946,4
trivia_qa,qwq-32b,trivia_qa_validation_02033,1,0.854539,5
trivia_qa,qwq-32b,trivia_qa_validation_03233,1,0.928703,4
trivia_qa,qwq-32b,trivia_qa_validation_10014,1,0.696741,2
trivia_qa,qwq-32b,trivia_qa_validation_15187,1,0.814881,5
trivia_qa,qwq-32b,trivia_qa_validation_08965,0,0.351963,2
trivia_qa,qwq-32b,trivia_qa_validation_01385,1,0.713953,5
trivia_qa,qwq-32b,trivia_qa_validation_05066,1,0.762648,2
trivia_qa,qwq-32b,trivia_qa_validation_12559,1,0.872964,4
trivia_qa,qwq-32b,trivia_qa_validation_06603,1,0.795519,4
trivia_qa,qwq-32b,trivia_qa_validation_08453,1,0.685158,1
trivia_qa,qwq-32b,trivia_qa_validation_14931,1,0.727092,4
trivia_qa,qwq-32b,trivia_qa_validation_15106,1,0.807328,5
trivia_qa,qwq-32b,trivia_qa_validation_08675,1,0.826757,2
trivia_qa,qwq-32b,trivia_qa_validation_10591,0,0.631025,4
trivia_qa,qwq-32b,trivia_qa_validation_03936,1,0.71101,1
trivia_qa,qwq-32b,trivia_qa_validation_11173,1,0.644591,3
trivia_qa,qwq-32b,trivia_qa_validation_00846,1,0.546281,4
trivia_qa,qwq-32b,trivia_qa_validation_03873,1,0.789598,2
trivia_qa,qwq-32b,trivia_qa_validation_03973,1,0.807019,3
trivia_qa,qwq-32b,trivia_qa_validation_02775,0,0.595289,5
trivia_qa,qwq-32b,trivia_qa_validation_10251,1,0.155499,2
trivia_qa,qwq-32b,trivia_qa_validation_05687,0,0.652534,5
trivia_qa,qwq-32b,trivia_qa_validation_09848,1,0.821849,3
trivia_qa,qwq-32b,trivia_qa_validation_06820,1,0.510544,4
trivia_qa,qwq-32b,trivia_qa_validation_14907,0,0.712117,3
trivia_qa,qwq-32b,trivia_qa_validation_08421,1,0.790379,4
trivia_qa,qwq-32b,trivia_qa_validation_11989,1,0.787368,3
trivia_qa,qwq-32b,trivia_qa_validation_07038,0,0.879741,2
trivia_qa,qwq-32b,trivia_qa_validation_03319,1,0.834717,3
trivia_qa,qwq-32b,trivia_qa_validation_02548,1,0.651783,5
trivia_qa,qwq-32b,trivia_qa_validation_04261,0,0.763684,3
trivia_qa,qwq-32b,trivia_qa_validation_10175,1,0.634447,1
trivia_qa,qwq-32b,trivia_qa_validation_14853,1,0.729849,5
trivia_qa,qwq-32b,trivia_qa_validation_07931,1,0.713956,1
trivia_qa,qwq-32b,trivia_qa_validation_09718,1,0.76017,3
trivia_qa,qwq-32b,trivia_qa_validation_05292,0,0.263152,1
trivia_qa,qwq-32b,trivia_qa_validation_13456,1,0.821614,1
trivia_qa,qwq-32b,trivia_qa_validation_09330,1,0.658882,4
trivia_qa,qwq-32b,trivia_qa_validation_08852,0,0.778072,5
trivia_qa,qwq-32b,trivia_qa_validation_07136,0,0.659196,5
trivia_qa,qwq-32b,trivia_qa_validation_14543,1,0.785697,3
trivia_qa,qwq-32b,trivia_qa_validation_12564,1,0.814964,2
trivia_qa,qwq-32b,trivia_qa_validation_02672,1,0.342837,4
trivia_qa,qwq-32b,trivia_qa_validation_01604,1,0.802173,1
trivia_qa,qwq-32b,trivia_qa_validation_07684,1,0.836695,5
trivia_qa,qwq-32b,trivia_qa_validation_01782,0,0.608875,1
trivia_qa,qwq-32b,trivia_qa_validation_17582,1,0.734451,1
trivia_qa,qwq-32b,trivia_qa_validation_16071,0,0.021868,4
trivia_qa,qwq-32b,trivia_qa_validation_02529,1,0.745595,1
trivia_qa,qwq-32b,trivia_qa_validation_06312,0,0.794596,5
trivia_qa,qwq-32b,trivia_qa_validation_15880,0,0.691223,2
trivia_qa,qwq-32b,trivia_qa_validation_11305,0,0.733963,5
trivia_qa,qwq-32b,trivia_qa_validation_13979,1,0.806975,1
trivia_qa,qwq-32b,trivia_qa_validation_13336,1,0.328897,2
trivia_qa,qwq-32b,trivia_qa_validation_08509,1,0.803365,4
trivia_qa,qwq-32b,trivia_qa_validation_13845,1,0.865141,1
medqa,qwen3-4b-nothink,medqa_test_00990,0,0.635251,1
medqa,qwen3-4b-nothink,medqa_test_00202,0,0.677649,5
medqa,qwen3-4b-nothink,medqa_test_01258,1,0.566155,5
medqa,qwen3-4b-nothink,medqa_test_00277,1,0.697694,2
medqa,qwen3-4b-nothink,medqa_test_00427,1,0.611091,4
medqa,qwen3-4b-nothink,medqa_test_00015,0,0.400386,2
medqa,qwen3-4b-nothink,medqa_test_01202,1,0.732109,2
medqa,qwen3-4b-nothink,medqa_test_01027,1,0.812438,4
medqa,qwen3-4b-nothink,medqa_test_00827,1,0.687767,2
medqa,qwen3-4b-nothink,medqa_test_00503,1,0.748702,1
medqa,qwen3-4b-nothink,medqa_test_00325,1,0.641989,5
medqa,qwen3-4b-nothink,medqa_test_00681,1,0.555386,3
medqa,qwen3-4b-nothink,medqa_test_00932,0,0.525031,3
medqa,qwen3-4b-nothink,medqa_test_00387,1,0.723387,2
medqa,qwen3-4b-nothink,medqa_test_00235,1,0.685486,2
medqa,qwen3-4b-nothink,medqa_test_00066,1,0.7078,1
medqa,qwen3-4b-nothink,medqa_test_00347,1,0.679056,1
medqa,qwen3-4b-nothink,medqa_test_00442,0,0.786017,1
medqa,qwen3-4b-nothink,medqa_test_01121,1,0.476151,3
medqa,qwen3-4b-nothink,medqa_test_00376,1,0.716989,3
medqa,qwen3-4b-nothink,medqa_test_00035,1,0.723761,3
medqa,qwen3-4b-nothink,medqa_test_00332,1,0.645221,3
medqa,qwen3-4b-nothink,medqa_test_00400,1,0.653869,2
medqa,qwen3-4b-nothink,medqa_test_01145,1,0.584644,5
medqa,qwen3-4b-nothink,medqa_test_00975,1,0.816322,3
medqa,qwen3-4b-nothink,medqa_test_00950,1,0.64715,5
medqa,qwen3-4b-nothink,medqa_test_00825,0,0.465154,3
medqa,qwen3-4b-nothink,medqa_test_00845,1,0.661987,2
medqa,qwen3-4b-nothink,medqa_test_00802,0,0.706231,5
medqa,qwen3-4b-nothink,medqa_test_00650,1,0.683972,4
medqa,qwen3-4b-nothink,medqa_test_00540,0,0.700181,3
medqa,qwen3-4b-nothink,medqa_test_00796,1,0.645419,5
medqa,qwen3-4b-nothink,medqa_test_00002,1,0.626234,2
medqa,qwen3-4b-nothink,medqa_test_00395,1,0.657493,2
medqa,qwen3-4b-nothink,medqa_test_00464,1,0.662138,1
medqa,qwen3-4b-nothink,medqa_test_00331,1,0.710959,4
medqa,qwen3-4b-nothink,medqa_test_00959,1,0.547083,3
medqa,qwen3-4b-nothink,medqa_test_00761,0,0.562129,4
medqa,qwen3-4b-nothink,medqa_test_00454,0,0.719184,3
medqa,qwen3-4b-nothink,medqa_test_00107,1,0.658688,4
medqa,qwen3-4b-nothink,medqa_test_00920,1,0.648791,3
medqa,qwen3-4b-nothink,medqa_test_00528,0,0.668333,2
medqa,qwen3-4b-nothink,medqa_test_01166,1,0.681504,2
medqa,qwen3-4b-nothink,medqa_test_00187,1,0.730144,2
medqa,qwen3-4b-nothink,medqa_test_00997,1,0.680096,5
medqa,qwen3-4b-nothink,medqa_test_00371,0,0.661863,1
medqa,qwen3-4b-nothink,medqa_test_01142,0,0.735418,5
medqa,qwen3-4b-nothink,medqa_test_00586,1,0.65827,4
medqa,qwen3-4b-nothink,medqa_test_00195,1,0.600805,2
medqa,qwen3-4b-nothink,medqa_test_01155,1,0.700726,2
medqa,qwen3-4b-nothink,medqa_test_00536,1,0.583171,5
medqa,qwen3-4b-nothink,medqa_test_00510,1,0.620286,4
medqa,qwen3-4b-nothink,medqa_test_00976,1,0.755738,1
medqa,qwen3-4b-nothink,medqa_test_01050,1,0.592038,3
medqa,qwen3-4b-nothink,medqa_test_00742,0,0.611897,2
medqa,qwen3-4b-nothink,medqa_test_01263,0,0.595318,5
medqa,qwen3-4b-nothink,medqa_test_00631,1,0.713433,1
medqa,qwen3-4b-nothink,medqa_test_01157,1,0.663632,3
medqa,qwen3-4b-nothink,medqa_test_00473,1,0.631904,4
medqa,qwen3-4b-nothink,medqa_test_00812,1,0.478254,3
medqa,qwen3-4b-nothink,medqa_test_00299,1,0.763211,3
medqa,qwen3-4b-nothink,medqa_test_00717,0,0.257939,2
medqa,qwen3-4b-nothink,medqa_test_00850,0,0.719556,2
medqa,qwen3-4b-nothink,medqa_test_00049,1,0.745885,4
medqa,qwen3-4b-nothink,medqa_test_00793,0,0.749328,3
medqa,qwen3-4b-nothink,medqa_test_00100,1,0.408227,2
medqa,qwen3-4b-nothink,medqa_test_00662,1,0.582013,4
medqa,qwen3-4b-nothink,medqa_test_01254,1,0.607986,4
medqa,qwen3-4b-nothink,medqa_test_01150,0,0.488224,2
medqa,qwen3-4b-nothink,medqa_test_00044,0,0.416044,3
medqa,qwen3-4b-nothink,medqa_test_00289,1,0.713042,5
medqa,qwen3-4b-nothink,medqa_test_01201,1,0.525728,2
medqa,qwen3-4b-nothink,medqa_test_00861,0,0.602054,2
medqa,qwen3-4b-nothink,medqa_test_00898,1,0.662208,3
medqa,qwen3-4b-nothink,medqa_test_00328,1,0.699056,5
medqa,qwen3-4b-nothink,medqa_test_01071,1,0.709941,1
medqa,qwen3-4b-nothink,medqa_test_01032,1,0.634181,1
medqa,qwen3-4b-nothink,medqa_test_00892,1,0.68113,5
medqa,qwen3-4b-nothink,medqa_test_00623,1,0.772614,1
medqa,qwen3-4b-nothink,medqa_test_01173,1,0.715187,2
medqa,qwen3-4b-nothink,medqa_test_00246,0,0.769704,3
medqa,qwen3-4b-nothink,medqa_test_00272,1,0.768607,3
medqa,qwen3-4b-nothink,medqa_test_00489,1,0.63858,3
medqa,qwen3-4b-nothink,medqa_test_01185,1,0.6711,1
medqa,qwen3-4b-nothink,medqa_test_01138,0,0.630903,5
medqa,qwen3-4b-nothink,medqa_test_00848,1,0.614718,5
medqa,qwen3-4b-nothink,medqa_test_00455,1,0.699436,2
medqa,qwen3-4b-nothink,medqa_test_00835,1,0.686707,2
medqa,qwen3-4b-nothink,medqa_test_00078,0,0.686455,3
medqa,qwen3-4b-nothink,medqa_test_00860,1,0.624943,2
medqa,qwen3-4b-nothink,medqa_test_00022,1,0.613547,4
medqa,qwen3-4b-nothink,medqa_test_00603,1,0.59377,5
medqa,qwen3-4b-nothink,medqa_test_00356,0,0.660343,1
medqa,qwen3-4b-nothink,medqa_test_01236,0,0.626444,2
medqa,qwen3-4b-nothink,medqa_test_00185,0,0.643867,4
medqa,qwen3-4b-nothink,medqa_test_01193,0,0.644081,5
medqa,qwen3-4b-nothink,medqa_test_00711,1,0.697653,1
medqa,qwen3-4b-nothink,medqa_test_00263,1,0.692388,5
medqa,qwen3-4b-nothink,medqa_test_00667,1,0.740065,1
medqa,qwen3-4b-nothink,medqa_test_01187,1,0.695272,5
medqa,qwen3-4b-nothink,medqa_test_00463,1,0.60678,5
medqa,qwen3-4b-nothink,medqa_test_00639,0,0.696041,3
medqa,qwen3-4b-nothink,medqa_test_00231,0,0.69312,5
medqa,qwen3-4b-nothink,medqa_test_00177,0,0.680308,3
medqa,qwen3-4b-nothink,medqa_test_00296,1,0.701592,2
medqa,qwen3-4b-nothink,medqa_test_00482,1,0.75219,3
medqa,qwen3-4b-nothink,medqa_test_01255,0,0.502074,5
medqa,qwen3-4b-nothink,medqa_test_00857,1,0.787768,3
medqa,qwen3-4b-nothink,medqa_test_01251,1,0.642581,4
medqa,qwen3-4b-nothink,medqa_test_00021,1,0.631212,1
medqa,qwen3-4b-nothink,medqa_test_00485,0,0.700911,1
medqa,qwen3-4b-nothink,medqa_test_00887,0,0.600485,2
medqa,qwen3-4b-nothink,medqa_test_00090,1,0.734469,5
medqa,qwen3-4b-nothink,medqa_test_00886,0,0.671426,4
medqa,qwen3-4b-nothink,medqa_test_01026,0,0.619152,3
medqa,qwen3-4b-nothink,medqa_test_00529,1,0.565449,3
medqa,qwen3-4b-nothink,medqa_test_00055,1,0.738225,2
medqa,qwen3-4b-nothink,medqa_test_00658,1,0.748896,1
medqa,qwen3-4b-nothink,medqa_test_00706,0,0.62531,3
medqa,qwen3-4b-nothink,medqa_test_00545,1,0.637306,3
medqa,qwen3-4b-nothink,medqa_test_00878,1,0.523259,1
medqa,qwen3-4b-nothink,medqa_test_00192,1,0.79255,3
medqa,qwen3-4b-nothink,medqa_test_00738,1,0.699814,5
medqa,qwen3-4b-nothink,medqa_test_01250,0,0.484654,5
medqa,qwen3-4b-nothink,medqa_test_01233,1,0.67247,4
medqa,qwen3-4b-nothink,medqa_test_00531,0,0.662604,1
medqa,qwen3-4b-nothink,medqa_test_00568,1,0.702651,3
medqa,qwen3-4b-nothink,medqa_test_00286,1,0.748296,4
medqa,qwen3-4b-nothink,medqa_test_00785,0,0.631019,2
medqa,qwen3-4b-nothink,medqa_test_00067,1,0.681938,3
medqa,qwen3-4b-nothink,medqa_test_01108,0,0.581998,1
medqa,qwen3-4b-nothink,medqa_test_00571,1,0.645707,4
medqa,qwen3-4b-nothink,medqa_test_00212,0,0.759194,1
medqa,qwen3-4b-nothink,medqa_test_00220,1,0.692975,4
medqa,qwen3-4b-nothink,medqa_test_01132,0,0.605709,4
medqa,qwen3-4b-nothink,medqa_test_01020,0,0.567805,3
medqa,qwen3-4b-nothink,medqa_test_00492,1,0.702451,5
medqa,qwen3-4b-nothink,medqa_test_00420,0,0.717098,2
medqa,qwen3-4b-nothink,medqa_test_00978,1,0.717991,2
medqa,qwen3-4b-nothink,medqa_test_00699,1,0.714529,2
medqa,qwen3-4b-nothink,medqa_test_00730,1,0.475961,4
medqa,qwen3-4b-nothink,medqa_test_00969,1,0.666276,1
medqa,qwen3-4b-nothink,medqa_test_00719,0,0.401469,2
medqa,qwen3-4b-nothink,medqa_test_00032,0,0.693579,3
medqa,qwen3-4b-nothink,medqa_test_00876,1,0.638518,1
medqa,qwen3-4b-nothink,medqa_test_00126,1,0.542901,1
medqa,qwen3-4b-nothink,medqa_test_00179,1,0.603608,1
medqa,qwen3-4b-nothink,medqa_test_00367,0,0.732199,1
medqa,qwen3-4b-nothink,medqa_test_00121,1,0.665521,2
medqa,qwen3-4b-nothink,medqa_test_00081,0,0.68471,2
medqa,qwen3-4b-nothink,medqa_test_00011,1,0.708671,3
medqa,qwen3-4b-nothink,medqa_test_00829,0,0.654475,5
medqa,qwen3-4b-nothink,medqa_test_01171,0,0.638951,2
medqa,qwen3-4b-nothink,medqa_test_01068,1,0.667382,1
medqa,qwen3-4b-nothink,medqa_test_01203,1,0.589704,3
medqa,qwen3-4b-nothink,medqa_test_00820,1,0.678329,2
medqa,qwen3-4b-nothink,medqa_test_01180,1,0.69101,4
medqa,qwen3-4b-nothink,medqa_test_00901,0,0.701992,4
medqa,qwen3-4b-nothink,medqa_test_01163,0,0.701565,4
medqa,qwen3-4b-nothink,medqa_test_00426,0,0.714435,1
medqa,qwen3-4b-nothink,medqa_test_01044,1,0.70804,5
medqa,qwen3-4b-nothink,medqa_test_01212,1,0.634757,1
medqa,qwen3-4b-nothink,medqa_test_00888,0,0.571101,2
medqa,qwen3-4b-nothink,medqa_test_00813,0,0.602933,4
medqa,qwen3-4b-nothink,medqa_test_01107,0,0.448812,1
medqa,qwen3-4b-nothink,medqa_test_00875,1,0.672681,2
medqa,qwen3-4b-nothink,medqa_test_00659,0,0.568517,1
medqa,qwen3-4b-nothink,medqa_test_00125,1,0.706758,2
medqa,qwen3-4b-nothink,medqa_test_00269,1,0.65968,5
medqa,qwen3-4b-nothink,medqa_test_00148,1,0.759333,1
medqa,qwen3-4b-nothink,medqa_test_00462,1,0.596691,1
medqa,qwen3-4b-nothink,medqa_test_00314,0,0.681588,3
medqa,qwen3-4b-nothink,medqa_test_00300,0,0.470505,4
medqa,qwen3-4b-nothink,medqa_test_01031,1,0.66913,5
medqa,qwen3-4b-nothink,medqa_test_00087,0,0.694091,5
medqa,qwen3-4b-nothink,medqa_test_00726,1,0.732302,1
medqa,qwen3-4b-nothink,medqa_test_00771,0,0.385704,5
medqa,qwen3-4b-nothink,medqa_test_00017,1,0.708168,4
medqa,qwen3-4b-nothink,medqa_test_00034,0,0.615445,4
medqa,qwen3-4b-nothink,medqa_test_01006,1,0.716005,2
medqa,qwen3-4b-nothink,medqa_test_00153,1,0.710382,3
medqa,qwen3-4b-nothink,medqa_test_00298,1,0.659007,5
medqa,qwen3-4b-nothink,medqa_test_00428,1,0.636404,3
medqa,qwen3-4b-nothink,medqa_test_00893,1,0.637991,3
medqa,qwen3-4b-nothink,medqa_test_00294,1,0.693101,4
medqa,qwen3-4b-nothink,medqa_test_00599,1,0.692859,4
medqa,qwen3-4b-nothink,medqa_test_01014,1,0.758863,3
medqa,qwen3-4b-nothink,medqa_test_01033,0,0.7497,1
medqa,qwen3-4b-nothink,medqa_test_00587,0,0.618454,2
medqa,qwen3-4b-nothink,medqa_test_00677,0,0.699388,4
medqa,qwen3-4b-nothink,medqa_test_01037,0,0.538551,1
medqa,qwen3-4b-nothink,medqa_test_00834,1,0.422055,3
medqa,qwen3-4b-nothink,medqa_test_01065,1,0.685866,5
medqa,qwen3-4b-nothink,medqa_test_00837,1,0.580592,5
medqa,qwen3-4b-nothink,medqa_test_01029,1,0.510959,4
medqa,qwen3-4b-nothink,medqa_test_00259,1,0.732002,2
medqa,qwen3-4b-nothink,medqa_test_00714,0,0.711083,4
medqa,qwen3-4b-nothink,medqa_test_00954,1,0.71532,5
medqa,qwen3-4b-nothink,medqa_test_00602,1,0.542241,5
medqa,qwen3-4b-nothink,medqa_test_00728,1,0.691239,1
medqa,qwen3-4b-nothink,medqa_test_00057,0,0.633625,2
medqa,qwen3-4b-nothink,medqa_test_00580,1,0.530629,3
medqa,qwen3-4b-nothink,medqa_test_01195,1,0.698449,1
medqa,qwen3-4b-nothink,medqa_test_00605,0,0.734441,4
medqa,qwen3-4b-nothink,medqa_test_00889,1,0.571338,5
medqa,qwen3-4b-nothink,medqa_test_00768,1,0.712537,1
medqa,qwen3-4b-nothink,medqa_test_00645,0,0.662557,1
medqa,qwen3-4b-nothink,medqa_test_00858,0,0.638204,1
medqa,qwen3-4b-nothink,medqa_test_01118,1,0.740655,2
medqa,qwen3-4b-nothink,medqa_test_00434,1,0.714718,2
medqa,qwen3-4b-nothink,medqa_test_00562,1,0.6372,1
medqa,qwen3-4b-nothink,medqa_test_01021,0,0.662054,4
medqa,qwen3-4b-nothink,medqa_test_00261,1,0.694489,1
medqa,qwen3-4b-nothink,medqa_test_00410,1,0.649302,1
medqa,qwen3-4b-nothink,medqa_test_00880,0,0.652649,5
medqa,qwen3-4b-nothink,medqa_test_00458,1,0.673595,3
medqa,qwen3-4b-nothink,medqa_test_00275,1,0.73298,2
medqa,qwen3-4b-nothink,medqa_test_00575,0,0.72593,5
medqa,qwen3-4b-nothink,medqa_test_00112,0,0.607763,3
medqa,qwen3-4b-nothink,medqa_test_00073,1,0.718722,3
medqa,qwen3-4b-nothink,medqa_test_00963,0,0.644581,2
medqa,qwen3-4b-nothink,medqa_test_00383,1,0.704975,3
medqa,qwen3-4b-nothink,medqa_test_00668,1,0.323486,4
medqa,qwen3-4b-nothink,medqa_test_00068,1,0.769766,5
medqa,qwen3-4b-nothink,medqa_test_00396,1,0.621521,3
medqa,qwen3-4b-nothink,medqa_test_01013,1,0.703563,5
medqa,qwen3-4b-nothink,medqa_test_00361,1,0.677602,3
medqa,qwen3-4b-nothink,medqa_test_00461,1,0.690355,1
medqa,qwen3-4b-nothink,medqa_test_00160,0,0.643679,2
medqa,qwen3-4b-nothink,medqa_test_01069,1,0.666948,2
medqa,qwen3-4b-nothink,medqa_test_00912,0,0.65304,3
medqa,qwen3-4b-nothink,medqa_test_00280,1,0.637425,2
medqa,qwen3-4b-nothink,medqa_test_00491,1,0.49663,4
medqa,qwen3-4b-nothink,medqa_test_00048,1,0.699021,1
medqa,qwen3-4b-nothink,medqa_test_01172,0,0.704569,4
medqa,qwen3-4b-nothink,medqa_test_00852,1,0.618671,4
medqa,qwen3-4b-nothink,medqa_test_00847,1,0.744738,3
medqa,qwen3-4b-nothink,medqa_test_00731,1,0.697598,3
medqa,qwen3-4b-nothink,medqa_test_01018,0,0.664229,2
medqa,qwen3-4b-nothink,medqa_test_00386,0,0.622788,3
medqa,qwen3-4b-nothink,medqa_test_00498,1,0.484082,1
medqa,qwen3-4b-nothink,medqa_test_01226,0,0.676876,3
medqa,qwen3-4b-nothink,medqa_test_00640,1,0.5447,4
medqa,qwen3-4b-nothink,medqa_test_00018,1,0.661837,2
medqa,qwen3-4b-nothink,medqa_test_00382,1,0.420827,5
medqa,qwen3-4b-nothink,medqa_test_01016,1,0.714988,4
medqa,qwen3-4b-nothink,medqa_test_00607,1,0.702872,2
medqa,qwen3-4b-nothink,medqa_test_00210,1,0.719444,5
medqa,qwen3-4b-nothink,medqa_test_00168,1,0.750738,4
medqa,qwen3-4b-nothink,medqa_test_01207,1,0.783952,3
medqa,qwen3-4b-nothink,medqa_test_01211,0,0.679125,2
medqa,qwen3-4b-nothink,medqa_test_00164,1,0.657713,3
medqa,qwen3-4b-nothink,medqa_test_00170,1,0.709618,3
medqa,qwen3-4b-nothink,medqa_test_00808,1,0.742513,3
medqa,qwen3-4b-nothink,medqa_test_00766,0,0.468982,5
medqa,qwen3-4b-nothink,medqa_test_00474,1,0.775114,4
medqa,qwen3-4b-nothink,medqa_test_00712,1,0.492155,5
medqa,qwen3-4b-nothink,medqa_test_00936,0,0.733278,5
medqa,qwen3-4b-nothink,medqa_test_01126,0,0.659157,1
medqa,qwen3-4b-nothink,medqa_test_00092,1,0.669616,1
medqa,qwen3-4b-nothink,medqa_test_01219,1,0.727843,4
medqa,qwen3-4b-nothink,medqa_test_01208,0,0.591347,4
medqa,qwen3-4b-nothink,medqa_test_00089,0,0.783556,3
medqa,qwen3-4b-nothink,medqa_test_00651,0,0.638215,5
medqa,qwen3-4b-nothink,medqa_test_01248,1,0.73634,5
medqa,qwen3-4b-nothink,medqa_test_00010,0,0.668764,4
medqa,qwen3-4b-nothink,medqa_test_00949,1,0.672638,4
medqa,qwen3-4b-nothink,medqa_test_00046,1,0.777118,3
medqa,qwen3-4b-nothink,medqa_test_01245,1,0.50168,3
medqa,qwen3-4b-nothink,medqa_test_01247,0,0.784158,5
medqa,qwen3-4b-nothink,medqa_test_00883,1,0.781793,5
medqa,qwen3-4b-nothink,medqa_test_00221,0,0.765755,3
medqa,qwen3-4b-nothink,medqa_test_00962,1,0.674527,4
medqa,qwen3-4b-nothink,medqa_test_01223,1,0.674859,5
medqa,qwen3-4b-nothink,medqa_test_00923,1,0.740595,1
medqa,qwen3-4b-nothink,medqa_test_01036,1,0.597498,4
medqa,qwen3-4b-nothink,medqa_test_01064,1,0.690572,5
medqa,qwen3-4b-nothink,medqa_test_00256,0,0.54139,1
medqa,qwen3-4b-nothink,medqa_test_00139,0,0.548694,2
medqa,qwen3-4b-nothink,medqa_test_01213,1,0.681658,2
medqa,qwen3-4b-nothink,medqa_test_00239,0,0.495192,1
medqa,qwen3-4b-nothink,medqa_test_00624,0,0.729047,1
medqa,qwen3-4b-nothink,medqa_test_00606,0,0.667184,5
medqa,qwen3-4b-nothink,medqa_test_00723,0,0.65179,2
medqa,qwen3-4b-nothink,medqa_test_00459,0,0.657006,1
medqa,qwen3-4b-nothink,medqa_test_00579,1,0.559488,2
medqa,qwen3-4b-nothink,medqa_test_00157,1,0.732789,3
medqa,qwen3-4b-nothink,medqa_test_00084,1,0.620057,4
medqa,qwen3-4b-nothink,medqa_test_00352,0,0.539305,1
medqa,qwen3-4b-nothink,medqa_test_00612,0,0.654549,5
medqa,qwen3-4b-nothink,medqa_test_00072,1,0.665334,4
medqa,qwen3-4b-nothink,medqa_test_00724,0,0.622249,5
medqa,qwen3-4b-nothink,medqa_test_00374,0,0.665987,1
medqa,qwen3-4b-nothink,medqa_test_00363,1,0.647251,1
medqa,qwen3-4b-nothink,medqa_test_00642,1,0.707564,3
medqa,qwen3-4b-nothink,medqa_test_01095,0,0.6206,4
medqa,qwen3-4b-nothink,medqa_test_01168,1,0.719947,5
medqa,qwen3-4b-nothink,medqa_test_00101,1,0.764686,5
medqa,qwen3-4b-nothink,medqa_test_00401,0,0.619565,1
medqa,qwen3-4b-nothink,medqa_test_00348,1,0.723402,2
medqa,qwen3-4b-nothink,medqa_test_00346,0,0.636647,5
medqa,qwen3-4b-nothink,medqa_test_00119,1,0.5585,2
medqa,qwen3-4b-nothink,medqa_test_00870,1,0.627457,4
medqa,qwen3-4b-nothink,medqa_test_00749,1,0.714546,3
medqa,qwen3-4b-nothink,medqa_test_00147,1,0.685164,2
medqa,qwen3-4b-nothink,medqa_test_00439,1,0.620206,3
medqa,qwen3-4b-nothink,medqa_test_00016,1,0.696134,1
medqa,qwen3-4b-nothink,medqa_test_00402,1,0.533767,1
medqa,qwen3-4b-nothink,medqa_test_00708,0,0.622563,4
medqa,qwen3-4b-nothink,medqa_test_00304,1,0.668928,5
medqa,qwen3-4b-nothink,medqa_test_00614,1,0.675493,3
medqa,qwen3-4b-nothink,medqa_test_00971,1,0.534561,5
medqa,qwen3-4b-nothink,medqa_test_00772,1,0.759619,1
medqa,qwen3-4b-nothink,medqa_test_00894,1,0.716407,3
medqa,qwen3-4b-nothink,medqa_test_00282,1,0.615015,2
medqa,qwen3-4b-nothink,medqa_test_00512,0,0.699647,2
medqa,qwen3-4b-nothink,medqa_test_00989,0,0.603693,3
medqa,qwen3-4b-nothink,medqa_test_00080,1,0.650168,5
medqa,qwen3-4b-nothink,medqa_test_01174,1,0.553538,5
medqa,qwen3-4b-nothink,medqa_test_00628,1,0.57675,4
medqa,qwen3-4b-nothink,medqa_test_00945,1,0.605258,1
medqa,qwen3-4b-nothink,medqa_test_00494,0,0.539733,1
medqa,qwen3-4b-nothink,medqa_test_00320,0,0.675479,4
medqa,qwen3-4b-nothink,medqa_test_00921,0,0.721256,2
medqa,qwen3-4b-nothink,medqa_test_00050,1,0.769804,2
medqa,qwen3-4b-nothink,medqa_test_00504,1,0.618275,4
medqa,qwen3-4b-nothink,medqa_test_01042,1,0.733343,2
medqa,qwen3-4b-nothink,medqa_test_01110,1,0.692651,4
medqa,qwen3-4b-nothink,medqa_test_01175,1,0.683619,3
medqa,qwen3-4b-nothink,medqa_test_00762,0,0.444111,3
medqa,qwen3-4b-nothink,medqa_test_00632,1,0.674412,1
medqa,qwen3-4b-nothink,medqa_test_00839,1,0.741233,3
medqa,qwen3-4b-nothink,medqa_test_00872,0,0.667292,5
medqa,qwen3-4b-nothink,medqa_test_00226,1,0.655922,4
medqa,qwen3-4b-nothink,medqa_test_01056,1,0.732446,5
medqa,qwen3-4b-nothink,medqa_test_00502,1,0.810246,3
medqa,qwen3-4b-nothink,medqa_test_00794,1,0.620266,4
medqa,qwen3-4b-nothink,medqa_test_00115,1,0.709144,5
medqa,qwen3-4b-nothink,medqa_test_00751,0,0.595209,3
medqa,qwen3-4b-nothink,medqa_test_00419,1,0.474195,1
medqa,qwen3-4b-nothink,medqa_test_00310,0,0.693159,2
medqa,qwen3-4b-nothink,medqa_test_00213,1,0.634328,2
medqa,qwen3-4b-nothink,medqa_test_01047,1,0.523148,1
medqa,qwen3-4b-nothink,medqa_test_00060,1,0.634852,5
medqa,qwen3-4b-nothink,medqa_test_00755,1,0.500001,3
medqa,qwen3-4b-nothink,medqa_test_00479,1,0.691308,2
medqa,qwen3-4b-nothink,medqa_test_00155,0,0.56615,3
medqa,qwen3-4b-nothink,medqa_test_00910,0,0.649205,1
medqa,qwen3-4b-nothink,medqa_test_00076,1,0.743831,5
medqa,qwen3-4b-nothink,medqa_test_01210,1,0.379066,3
medqa,qwen3-4b-nothink,medqa_test_00404,0,0.549945,4
medqa,qwen3-4b-nothink,medqa_test_00322,1,0.705242,1
medqa,qwen3-4b-nothink,medqa_test_00295,1,0.742976,5
medqa,qwen3-4b-nothink,medqa_test_00037,0,0.608583,1
medqa,qwen3-4b-nothink,medqa_test_00397,1,0.749609,5
medqa,qwen3-4b-nothink,medqa_test_00205,1,0.639923,1
medqa,qwen3-4b-nothink,medqa_test_01002,1,0.483411,1
medqa,qwen3-4b-nothink,medqa_test_00666,1,0.445013,2
medqa,qwen3-4b-nothink,medqa_test_00998,1,0.477862,1
medqa,qwen3-4b-nothink,medqa_test_00595,1,0.637449,2
medqa,qwen3-4b-nothink,medqa_test_01120,1,0.746894,3
medqa,qwen3-4b-nothink,medqa_test_01001,1,0.670371,1
medqa,qwen3-4b-nothink,medqa_test_00245,1,0.534436,2
medqa,qwen3-4b-nothink,medqa_test_00643,0,0.71892,3
medqa,qwen3-4b-nothink,medqa_test_01081,1,0.68177,5
medqa,qwen3-4b-nothink,medqa_test_00729,0,0.614435,4
medqa,qwen3-4b-nothink,medqa_test_00615,1,0.671605,5
medqa,qwen3-4b-nothink,medqa_test_00896,1,0.667207,3
medqa,qwen3-4b-nothink,medqa_test_00926,1,0.626714,1
medqa,qwen3-4b-nothink,medqa_test_00385,0,0.699524,3
medqa,qwen3-4b-nothink,medqa_test_01244,0,0.654351,1
medqa,qwen3-4b-nothink,medqa_test_01152,0,0.712834,3
medqa,qwen3-4b-nothink,medqa_test_00944,0,0.659654,2
medqa,qwen3-4b-nothink,medqa_test_00149,1,0.62015,4
medqa,qwen3-4b-nothink,medqa_test_00933,0,0.633205,2
medqa,qwen3-4b-nothink,medqa_test_00591,0,0.592325,2
medqa,qwen3-4b-nothink,medqa_test_01151,1,0.679005,1
medqa,qwen3-4b-nothink,medqa_test_00140,1,0.765015,1
medqa,qwen3-4b-nothink,medqa_test_01154,1,0.6724,3
medqa,qwen3-4b-nothink,medqa_test_00828,1,0.549143,1
medqa,qwen3-4b-nothink,medqa_test_00851,0,0.430172,4
medqa,qwen3-4b-nothink,medqa_test_00007,1,0.575873,3
medqa,qwen3-4b-nothink,medqa_test_00953,0,0.732827,2
medqa,qwen3-4b-nothink,medqa_test_00091,1,0.666071,3
medqa,qwen3-4b-nothink,medqa_test_00184,0,0.680043,2
medqa,qwen3-4b-nothink,medqa_test_00116,1,0.592666,4
medqa,qwen3-4b-nothink,medqa_test_00684,1,0.541416,4
medqa,qwen3-4b-nothink,medqa_test_00099,0,0.460462,5
medqa,qwen3-4b-nothink,medqa_test_00585,1,0.617127,3
medqa,qwen3-4b-nothink,medqa_test_01079,1,0.681968,5
medqa,qwen3-4b-nothink,medqa_test_00884,1,0.823627,4
medqa,qwen3-4b-nothink,medqa_test_00617,1,0.687182,4
medqa,qwen3-4b-nothink,medqa_test_00524,0,0.662744,2
medqa,qwen3-4b-nothink,medqa_test_00557,1,0.6948,1
medqa,qwen3-4b-nothink,medqa_test_01096,1,0.740275,4
medqa,qwen3-4b-nothink,medqa_test_00868,1,0.63547,4
medqa,qwen3-4b-nothink,medqa_test_00547,1,0.717533,1
medqa,qwen3-4b-nothink,medqa_test_00661,1,0.485473,3
medqa,qwen3-4b-nothink,medqa_test_00895,0,0.645948,1
medqa,qwen3-4b-nothink,medqa_test_00818,1,0.679576,4
medqa,qwen3-4b-nothink,medqa_test_00390,1,0.703517,1
medqa,qwen3-4b-nothink,medqa_test_00515,0,0.728484,1
medqa,qwen3-4b-nothink,medqa_test_00380,0,0.564999,4
medqa,qwen3-4b-nothink,medqa_test_00534,1,0.626104,4
medqa,qwen3-4b-nothink,medqa_test_00937,0,0.734949,2
medqa,qwen3-4b-nothink,medqa_test_00098,0,0.708901,4
medqa,qwen3-4b-nothink,medqa_test_00369,0,0.746225,3
medqa,qwen3-4b-nothink,medqa_test_01260,1,0.693517,4
medqa,qwen3-4b-nothink,medqa_test_00780,1,0.646985,5
medqa,qwen3-4b-nothink,medqa_test_00128,0,0.575355,2
medqa,qwen3-4b-nothink,medqa_test_01268,1,0.713238,4
medqa,qwen3-4b-nothink,medqa_test_00588,1,0.64716,5
medqa,qwen3-4b-nothink,medqa_test_00232,0,0.603936,3
medqa,qwen3-4b-nothink,medqa_test_00657,0,0.735976,2
medqa,qwen3-4b-nothink,medqa_test_01125,1,0.680031,1
medqa,qwen3-4b-nothink,medqa_test_00782,1,0.659255,4
medqa,qwen3-4b-nothink,medqa_test_00647,0,0.670676,5
medqa,qwen3-4b-nothink,medqa_test_01136,0,0.71852,3
medqa,qwen3-4b-nothink,medqa_test_00176,1,0.639024,3
medqa,qwen3-4b-nothink,medqa_test_00805,1,0.633565,5
medqa,qwen3-4b-nothink,medqa_test_00653,1,0.716167,1
medqa,qwen3-4b-nothink,medqa_test_00188,0,0.631853,5
medqa,qwen3-4b-nothink,medqa_test_00297,0,0.592077,3
medqa,qwen3-4b-nothink,medqa_test_00797,1,0.711213,2
medqa,qwen3-4b-nothink,medqa_test_00522,1,0.659131,3
medqa,qwen3-4b-nothink,medqa_test_00508,0,0.639331,4
medqa,qwen3-4b-nothink,medqa_test_00354,1,0.674751,1
medqa,qwen3-4b-nothink,medqa_test_00207,1,0.702022,4
medqa,qwen3-4b-nothink,medqa_test_00113,1,0.649788,5
medqa,qwen3-4b-nothink,medqa_test_00700,1,0.739415,1
medqa,qwen3-4b-nothink,medqa_test_00855,0,0.795225,3
medqa,qwen3-4b-nothink,medqa_test_00927,1,0.660297,3
medqa,qwen3-4b-nothink,medqa_test_00965,1,0.699592,3
medqa,qwen3-4b-nothink,medqa_test_00744,1,0.68112,2
medqa,qwen3-4b-nothink,medqa_test_00513,1,0.668662,2
medqa,qwen3-4b-nothink,medqa_test_00364,0,0.606123,4
medqa,qwen3-4b-nothink,medqa_test_01007,1,0.651418,4
medqa,qwen3-4b-nothink,medqa_test_00243,1,0.322592,4
medqa,qwen3-4b-nothink,medqa_test_00786,1,0.645011,2
medqa,qwen3-4b-nothink,medqa_test_00977,1,0.516711,1
medqa,qwen3-4b-nothink,medqa_test_00984,1,0.695459,5
medqa,qwen3-4b-nothink,medqa_test_00483,0,0.721486,3
medqa,qwen3-4b-nothink,medqa_test_00697,1,0.630943,1
medqa,qwen3-4b-nothink,medqa_test_00905,0,0.517687,5
medqa,qwen3-4b-nothink,medqa_test_00368,1,0.736106,5
medqa,qwen3-4b-nothink,medqa_test_00537,0,0.634122,2
medqa,qwen3-4b-nothink,medqa_test_01091,0,0.648664,1
medqa,qwen3-4b-nothink,medqa_test_00097,1,0.70854,4
medqa,qwen3-4b-nothink,medqa_test_00264,0,0.38803,4
medqa,qwen3-4b-nothink,medqa_test_00750,1,0.62977,4
medqa,qwen3-4b-nothink,medqa_test_00616,0,0.527807,5
medqa,qwen3-4b-nothink,medqa_test_00803,0,0.650245,3
medqa,qwen3-4b-nothink,medqa_test_00613,1,0.659642,4
medqa,qwen3-4b-nothink,medqa_test_01189,1,0.621119,3
medqa,qwen3-4b-nothink,medqa_test_00143,1,0.721458,4
medqa,qwen3-4b-nothink,medqa_test_00174,1,0.530165,1
medqa,qwen3-4b-nothink,medqa_test_00132,1,0.624656,2
medqa,qwen3-4b-nothink,medqa_test_00809,1,0.59342,5
medqa,qwen3-4b-nothink,medqa_test_00840,1,0.766464,4
medqa,qwen3-4b-nothink,medqa_test_00526,1,0.612921,5
medqa,qwen3-4b-nothink,medqa_test_00831,1,0.532567,4
medqa,qwen3-4b-nothink,medqa_test_01218,0,0.702618,2
medqa,qwen3-4b-nothink,medqa_test_00843,0,0.722492,4
medqa,qwen3-4b-nothink,medqa_test_01222,0,0.659044,4
medqa,qwen3-4b-nothink,medqa_test_01270,0,0.653194,2
medqa,qwen3-4b-nothink,medqa_test_01088,1,0.612496,3
medqa,qwen3-4b-nothink,medqa_test_00172,1,0.645536,5
medqa,qwen3-4b-nothink,medqa_test_01197,1,0.596068,3
medqa,qwen3-4b-nothink,medqa_test_00342,1,0.658426,5
medqa,qwen3-4b-nothink,medqa_test_00816,0,0.694536,5
medqa,qwen3-4b-nothink,medqa_test_00938,1,0.33056,1
medqa,qwen3-4b-nothink,medqa_test_00237,0,0.670024,5
medqa,qwen3-4b-nothink,medqa_test_00544,1,0.467367,5
medqa,qwen3-4b-nothink,medqa_test_00672,1,0.752778,5
medqa,qwen3-4b-nothink,medqa_test_01089,1,0.579531,5
medqa,qwen3-4b-nothink,medqa_test_00804,1,0.754422,5
medqa,qwen3-4b-nothink,medqa_test_01230,1,0.628617,2
medqa,qwen3-4b-nothink,medqa_test_00251,1,0.625386,4
medqa,qwen3-4b-nothink,medqa_test_00274,1,0.742989,4
medqa,qwen3-4b-nothink,medqa_test_00604,1,0.717717,2
medqa,qwen3-4b-nothink,medqa_test_00554,0,0.521343,5
medqa,qwen3-4b-nothink,medqa_test_00495,0,0.657965,3
medqa,qwen3-4b-nothink,medqa_test_00276,0,0.483742,4
medqa,qwen3-4b-nothink,medqa_test_00678,0,0.706537,3
medqa,qwen3-4b-nothink,medqa_test_00445,0,0.695477,4
medqa,qwen3-4b-nothink,medqa_test_00560,1,0.452412,3
medqa,qwen3-4b-nothink,medqa_test_00470,1,0.705592,2
medqa,qwen3-4b-nothink,medqa_test_00370,1,0.699414,2
medqa,qwen3-4b-nothink,medqa_test_00443,0,0.247632,1
medqa,qwen3-4b-nothink,medqa_test_00108,1,0.674072,1
medqa,qwen3-4b-nothink,medqa_test_01200,1,0.699457,2
medqa,qwen3-4b-nothink,medqa_test_00622,1,0.542259,3
medqa,qwen3-4b-nothink,medqa_test_00349,1,0.660412,5
medqa,qwen3-4b-nothink,medqa_test_01048,0,0.571326,2
medqa,qwen3-4b-nothink,medqa_test_00913,0,0.601028,3
medqa,qwen3-4b-nothink,medqa_test_00379,1,0.536198,4
medqa,qwen3-4b-nothink,medqa_test_00618,1,0.74243,5
medqa,qwen3-4b-nothink,medqa_test_00355,0,0.710892,5
medqa,qwen3-4b-nothink,medqa_test_00862,0,0.647848,2
medqa,qwen3-4b-nothink,medqa_test_00123,0,0.536648,4
medqa,qwen3-4b-nothink,medqa_test_01045,1,0.602153,3
medqa,qwen3-4b-nothink,medqa_test_00104,1,0.586227,5
medqa,qwen3-4b-nothink,medqa_test_00248,1,0.715347,3
medqa,qwen3-4b-nothink,medqa_test_00874,1,0.604061,2
medqa,qwen3-4b-nothink,medqa_test_00701,0,0.754123,5
medqa,qwen3-4b-nothink,medqa_test_00384,1,0.4205,5
medqa,qwen3-4b-nothink,medqa_test_00319,0,0.541076,2
medqa,qwen3-4b-nothink,medqa_test_00026,1,0.734782,3
medqa,qwen3-4b-nothink,medqa_test_01228,0,0.574491,2
medqa,qwen3-4b-nothink,medqa_test_01240,1,0.718967,2
medqa,qwen3-4b-nothink,medqa_test_00167,1,0.589272,5
medqa,qwen3-4b-nothink,medqa_test_00934,0,0.710356,1
medqa,qwen3-4b-nothink,medqa_test_00377,1,0.443552,1
medqa,qwen3-4b-nothink,medqa_test_01111,1,0.715922,3
medqa,qwen3-4b-nothink,medqa_test_00879,1,0.490741,2
medqa,qwen3-4b-nothink,medqa_test_00117,0,0.652066,2
medqa,qwen3-4b-nothink,medqa_test_00716,0,0.657905,5
medqa,qwen3-4b-nothink,medqa_test_00129,1,0.722551,5
medqa,qwen3-4b-nothink,medqa_test_00709,0,0.556665,2
medqa,qwen3-4b-nothink,medqa_test_00633,0,0.619086,3
medqa,qwen3-4b-nothink,medqa_test_00842,1,0.620631,3
medqa,qwen3-4b-nothink,medqa_test_00654,1,0.386459,5
medqa,qwen3-4b-nothink,medqa_test_00031,0,0.398022,5
medqa,qwen3-4b-nothink,medqa_test_00041,1,0.632372,5
medqa,qwen3-4b-nothink,medqa_test_00942,0,0.699716,2
medqa,qwen3-4b-nothink,medqa_test_01123,1,0.688677,4
medqa,qwen3-4b-nothink,medqa_test_01101,1,0.769928,2
medqa,qwen3-4b-nothink,medqa_test_00053,1,0.704809,2
medqa,qwen3-4b-nothink,medqa_test_01196,1,0.738947,4
medqa,qwen3-4b-nothink,medqa_test_00019,0,0.589106,5
medqa,qwen3-4b-nothink,medqa_test_01038,1,0.148901,4
medqa,qwen3-4b-nothink,medqa_test_00980,1,0.609968,5
medqa,qwen3-4b-nothink,medqa_test_00431,0,0.641554,1
medqa,qwen3-4b-nothink,medqa_test_00986,0,0.584572,5
medqa,qwen3-4b-nothink,medqa_test_00345,1,0.712785,2
medqa,qwen3-4b-nothink,medqa_test_00748,1,0.785148,1
medqa,qwen3-4b-nothink,medqa_test_00465,1,0.617224,2
medqa,qwen3-4b-nothink,medqa_test_00335,1,0.638791,2
medqa,qwen3-4b-nothink,medqa_test_00739,1,0.523893,3
medqa,qwen3-4b-nothink,medqa_test_00266,1,0.656483,3
medqa,qwen3-4b-nothink,medqa_test_00811,1,0.531762,1
medqa,qwen3-4b-nothink,medqa_test_01164,0,0.625593,1
medqa,qwen3-4b-nothink,medqa_test_00472,0,0.621173,4
medqa,qwen3-4b-nothink,medqa_test_01076,0,0.476963,2
medqa,qwen3-4b-nothink,medqa_test_00085,0,0.700809,3
medqa,qwen3-4b-nothink,medqa_test_00792,0,0.581927,2
medqa,qwen3-4b-nothink,medqa_test_00577,1,0.54831,3
medqa,qwen3-4b-nothink,medqa_test_00403,0,0.612454,3
medqa,qwen3-4b-nothink,medqa_test_00027,1,0.727928,2
medqa,qwen3-4b-nothink,medqa_test_01148,1,0.810635,3
medqa,qwen3-4b-nothink,medqa_test_01122,1,0.628421,4
medqa,qwen3-4b-nothink,medqa_test_00478,1,0.349744,3
medqa,qwen3-4b-nothink,medqa_test_00169,1,0.721448,2
medqa,qwen3-4b-nothink,medqa_test_00414,1,0.642942,4
medqa,qwen3-4b-nothink,medqa_test_00344,0,0.58315,1
medqa,qwen3-4b-nothink,medqa_test_00774,0,0.769406,1
medqa,qwen3-4b-nothink,medqa_test_01073,0,0.741962,1
medqa,qwen3-4b-nothink,medqa_test_00773,1,0.669164,5
medqa,qwen3-4b-nothink,medqa_test_00279,1,0.749032,2
medqa,qwen3-4b-nothink,medqa_test_00710,1,0.574343,4
medqa,qwen3-4b-nothink,medqa_test_00499,0,0.578814,3
medqa,qwen3-4b-nothink,medqa_test_00225,1,0.657557,2
medqa,qwen3-4b-nothink,medqa_test_00559,1,0.782741,1
medqa,qwen3-4b-nothink,medqa_test_00770,1,0.654539,5
medqa,qwen3-4b-nothink,medqa_test_00979,1,0.624003,2
medqa,qwen3-4b-nothink,medqa_test_00399,1,0.694379,4
medqa,qwen3-4b-nothink,medqa_test_00305,1,0.678797,3
medqa,qwen3-4b-nothink,medqa_test_00360,1,0.595866,2
medqa,qwen3-4b-nothink,medqa_test_01141,1,0.529572,5
medqa,qwen3-4b-nothink,medqa_test_01008,0,0.559763,3
medqa,qwen3-4b-nothink,medqa_test_01054,1,0.705899,2
medqa,qwen3-4b-nothink,medqa_test_00690,0,0.701158,4
medqa,qwen3-4b-nothink,medqa_test_00020,1,0.715517,2
medqa,qwen3-4b-nothink,medqa_test_01009,1,0.601424,1
medqa,qwen3-4b-nothink,medqa_test_00398,1,0.67347,2
medqa,qwen3-4b-nothink,medqa_test_01169,1,0.598966,5
medqa,qwen3-4b-nothink,medqa_test_00211,0,0.73114,2
medqa,qwen3-4b-nothink,medqa_test_00063,0,0.664364,4
medqa,qwen3-4b-nothink,medqa_test_00425,0,0.394079,1
medqa,qwen3-4b-nothink,medqa_test_00477,0,0.321337,2
medqa,qwen3-4b-nothink,medqa_test_01015,1,0.663603,1
medqa,qwen3-4b-nothink,medqa_test_00846,1,0.680906,1
medqa,qwen3-4b-nothink,medqa_test_00417,1,0.593498,4
medqa,qwen3-4b-nothink,medqa_test_01092,0,0.713305,5
medqa,qwen3-4b-nothink,medqa_test_01190,1,0.73721,3
medqa,qwen3-4b-nothink,medqa_test_00219,0,0.521363,3
medqa,qwen3-4b-nothink,medqa_test_00156,1,0.647087,2
medqa,qwen3-4b-nothink,medqa_test_00236,1,0.710298,3
medqa,qwen3-4b-nothink,medqa_test_01046,0,0.649212,4
medqa,qwen3-4b-nothink,medqa_test_01114,0,0.560978,2
medqa,qwen3-4b-nothink,medqa_test_00999,1,0.6933,2
medqa,qwen3-4b-nothink,medqa_test_00553,1,0.714827,2
medqa,qwen3-4b-nothink,medqa_test_01160,1,0.713725,5
medqa,qwen3-4b-nothink,medqa_test_00943,1,0.760023,5
medqa,qwen3-4b-nothink,medqa_test_00916,0,0.541117,1
medqa,qwen3-4b-nothink,medqa_test_00705,1,0.642338,2
medqa,qwen3-4b-nothink,medqa_test_01178,1,0.760494,2
medqa,qwen3-4b-nothink,medqa_test_00079,1,0.709135,4
medqa,qwen3-4b-nothink,medqa_test_00450,1,0.698696,2
medqa,qwen3-4b-nothink,medqa_test_00281,1,0.748561,1
medqa,qwen3-4b-nothink,medqa_test_00967,0,0.601234,2
medqa,qwen3-4b-nothink,medqa_test_00641,1,0.749638,2
medqa,qwen3-4b-nothink,medqa_test_00496,0,0.70064,5
medqa,qwen3-4b-nothink,medqa_test_00533,1,0.717442,1
medqa,qwen3-4b-nothink,medqa_test_00885,1,0.58974,5
medqa,qwen3-4b-nothink,medqa_test_00253,0,0.455799,4
medqa,qwen3-4b-nothink,medqa_test_00265,0,0.670026,3
medqa,qwen3-4b-nothink,medqa_test_01094,0,0.629016,1
medqa,qwen3-4b-nothink,medqa_test_01147,1,0.640367,1
medqa,qwen3-4b-nothink,medqa_test_00162,1,0.745549,4
medqa,qwen3-4b-nothink,medqa_test_00456,0,0.465023,5
medqa,qwen3-4b-nothink,medqa_test_00732,1,0.602586,4
medqa,qwen3-4b-nothink,medqa_test_00436,1,0.576182,5
medqa,qwen3-4b-nothink,medqa_test_00516,1,0.640087,4
medqa,qwen3-4b-nothink,medqa_test_00627,1,0.637917,1
medqa,qwen3-4b-nothink,medqa_test_00453,0,0.474401,3
medqa,qwen3-4b-nothink,medqa_test_00324,1,0.656118,4
medqa,qwen3-4b-nothink,medqa_test_01115,1,0.641808,5
medqa,qwen3-4b-nothink,medqa_test_00572,0,0.512631,5
medqa,qwen3-4b-nothink,medqa_test_01004,1,0.636761,5
medqa,qwen3-4b-nothink,medqa_test_01082,1,0.676512,4
medqa,qwen3-4b-nothink,medqa_test_00136,1,0.720056,2
medqa,qwen3-4b-nothink,medqa_test_00467,0,0.662895,1
medqa,qwen3-4b-nothink,medqa_test_01060,0,0.594611,5
medqa,qwen3-4b-nothink,medqa_test_00869,0,0.692235,5
medqa,qwen3-4b-nothink,medqa_test_01049,1,0.691828,4
medqa,qwen3-4b-nothink,medqa_test_01165,1,0.675054,3
medqa,qwen3-4b-nothink,medqa_test_00475,1,0.635943,1
medqa,qwen3-4b-nothink,medqa_test_00530,0,0.261758,5
medqa,qwen3-4b-nothink,medqa_test_00180,0,0.542144,2
medqa,qwen3-4b-nothink,medqa_test_01162,0,0.609469,3
medqa,qwen3-4b-nothink,medqa_test_01221,1,0.681496,5
medqa,qwen3-4b-nothink,medqa_test_00915,0,0.682063,5
medqa,qwen3-4b-nothink,medqa_test_00005,0,0.741747,4
medqa,qwen3-4b-nothink,medqa_test_00671,1,0.687873,5
medqa,qwen3-4b-nothink,medqa_test_01243,0,0.618571,4
medqa,qwen3-4b-nothink,medqa_test_00249,1,0.576487,2
medqa,qwen3-4b-nothink,medqa_test_00800,1,0.782682,3
medqa,qwen3-4b-nothink,medqa_test_00506,1,0.496896,3
medqa,qwen3-4b-nothink,medqa_test_01220,1,0.645681,5
medqa,qwen3-4b-nothink,medqa_test_00199,1,0.715085,4
medqa,qwen3-4b-nothink,medqa_test_00589,1,0.637772,2
medqa,qwen3-4b-nothink,medqa_test_00424,1,0.72076,5
medqa,qwen3-4b-nothink,medqa_test_01217,1,0.70964,5
medqa,qwen3-4b-nothink,medqa_test_01063,1,0.747179,4
medqa,qwen3-4b-nothink,medqa_test_00625,1,0.694263,1
medqa,qwen3-4b-nothink,medqa_test_00486,0,0.622522,2
medqa,qwen3-4b-nothink,medqa_test_00838,1,0.714684,2
medqa,qwen3-4b-nothink,medqa_test_00150,0,0.643469,3
medqa,qwen3-4b-nothink,medqa_test_00203,0,0.686487,2
medqa,qwen3-4b-nothink,medqa_test_00230,1,0.612229,5
medqa,qwen3-4b-nothink,medqa_test_01023,0,0.663027,1
medqa,qwen3-4b-nothink,medqa_test_00688,0,0.601411,4
medqa,qwen3-4b-nothink,medqa_test_01019,1,0.635195,5
medqa,qwen3-4b-nothink,medqa_test_00343,1,0.701654,4
medqa,qwen3-4b-nothink,medqa_test_00981,1,0.724789,4
medqa,qwen3-4b-nothink,medqa_test_00648,1,0.692803,1
medqa,qwen3-4b-nothink,medqa_test_00756,0,0.656132,1
medqa,qwen3-4b-nothink,medqa_test_00527,1,0.351441,1
medqa,qwen3-4b-nothink,medqa_test_00290,0,0.591716,3
medqa,qwen3-4b-nothink,medqa_test_00086,1,0.746457,4
medqa,qwen3-4b-nothink,medqa_test_00674,1,0.727103,3
medqa,qwen3-4b-nothink,medqa_test_00173,1,0.374965,3
medqa,qwen3-4b-nothink,medqa_test_01040,0,0.638667,1
medqa,qwen3-4b-nothink,medqa_test_01156,1,0.581815,4
medqa,qwen3-4b-nothink,medqa_test_00948,0,0.655236,4
medqa,qwen3-4b-nothink,medqa_test_00993,0,0.55775,5
medqa,qwen3-4b-nothink,medqa_test_00721,1,0.708983,3
medqa,qwen3-4b-nothink,medqa_test_00881,1,0.541215,4
medqa,qwen3-4b-nothink,medqa_test_01214,1,0.680979,3
medqa,qwen3-4b-nothink,medqa_test_00329,0,0.582423,1
medqa,qwen3-4b-nothink,medqa_test_00670,0,0.722549,5
medqa,qwen3-4b-nothink,medqa_test_00621,0,0.570543,4
medqa,qwen3-4b-nothink,medqa_test_01017,1,0.67204,1
medqa,qwen3-4b-nothink,medqa_test_01051,0,0.597017,5
medqa,qwen3-4b-nothink,medqa_test_00293,0,0.756286,1
medqa,qwen3-4b-nothink,medqa_test_00311,1,0.675941,2
medqa,qwen3-4b-nothink,medqa_test_00000,0,0.526971,4
medqa,qwen3-4b-nothink,medqa_test_00561,1,0.505348,4
medqa,qwen3-4b-nothink,medqa_test_00415,1,0.518636,5
medqa,qwen3-4b-nothink,medqa_test_00308,1,0.757116,1
medqa,qwen3-4b-nothink,medqa_test_00582,0,0.720428,4
medqa,qwen3-4b-nothink,medqa_test_00630,1,0.570522,2
medqa,qwen3-4b-nothink,medqa_test_01264,0,0.545573,4
medqa,qwen3-4b-nothink,medqa_test_00693,1,0.586031,5
medqa,qwen3-4b-nothink,medqa_test_00388,1,0.623727,2
medqa,qwen3-4b-nothink,medqa_test_00914,1,0.640236,5
medqa,qwen3-4b-nothink,medqa_test_00430,1,0.649145,5
medqa,qwen3-4b-nothink,medqa_test_00196,0,0.438839,1
medqa,qwen3-4b-nothink,medqa_test_00863,1,0.628001,5
medqa,qwen3-4b-nothink,medqa_test_01097,1,0.715619,1
medqa,qwen3-4b-nothink,medqa_test_00302,1,0.620708,2
medqa,qwen3-4b-nothink,medqa_test_00713,1,0.696861,2
medqa,qwen3-4b-nothink,medqa_test_00412,1,0.634814,2
medqa,qwen3-4b-nothink,medqa_test_00418,1,0.596783,5
medqa,qwen3-4b-nothink,medqa_test_00935,0,0.482643,2
medqa,qwen3-4b-nothink,medqa_test_00316,0,0.578742,1
medqa,qwen3-4b-nothink,medqa_test_00519,0,0.647532,4
medqa,qwen3-4b-nothink,medqa_test_00961,0,0.705432,3
medqa,qwen3-4b-nothink,medqa_test_00737,0,0.724768,4
medqa,qwen3-4b-nothink,medqa_test_00127,1,0.745081,5
medqa,qwen3-4b-nothink,medqa_test_00922,0,0.51562,5
medqa,qwen3-4b-nothink,medqa_test_00784,1,0.735147,4
medqa,qwen3-4b-nothink,medqa_test_01102,1,0.549478,2
medqa,qwen3-4b-nothink,medqa_test_01109,1,0.733839,3
medqa,qwen3-4b-nothink,medqa_test_00680,1,0.694571,3
medqa,qwen3-4b-nothink,medqa_test_00930,1,0.711507,2
medqa,qwen3-4b-nothink,medqa_test_00441,1,0.682976,4
medqa,qwen3-4b-nothink,medqa_test_00372,0,0.571843,4
medqa,qwen3-4b-nothink,medqa_test_01061,1,0.668312,4
medqa,qwen3-4b-nothink,medqa_test_00686,0,0.70658,3
medqa,qwen3-4b-nothink,medqa_test_00925,1,0.744991,4
medqa,qwen3-4b-nothink,medqa_test_00992,1,0.573252,1
medqa,qwen3-4b-nothink,medqa_test_00736,0,0.683511,1
medqa,qwen3-4b-nothink,medqa_test_00904,0,0.666858,4
medqa,qwen3-4b-nothink,medqa_test_00551,1,0.521022,1
medqa,qwen3-4b-nothink,medqa_test_01127,1,0.696115,5
medqa,qwen3-4b-nothink,medqa_test_00783,1,0.626133,5
medqa,qwen3-4b-nothink,medqa_test_01066,0,0.751054,3
medqa,qwen3-4b-nothink,medqa_test_01144,1,0.773459,4
medqa,qwen3-4b-nothink,medqa_test_00260,1,0.62338,1
medqa,qwen3-4b-nothink,medqa_test_01181,1,0.587549,1
medqa,qwen3-4b-nothink,medqa_test_00590,1,0.653927,4
medqa,qwen3-4b-nothink,medqa_test_00394,1,0.633691,5
medqa,qwen3-4b-nothink,medqa_test_00523,1,0.777646,4
medqa,qwen3-4b-nothink,medqa_test_00620,1,0.682398,4
medqa,qwen3-4b-nothink,medqa_test_00446,0,0.599984,5
medqa,qwen3-4b-nothink,medqa_test_01072,1,0.744391,1
medqa,qwen3-4b-nothink,medqa_test_00746,1,0.59016,5
medqa,qwen3-4b-nothink,medqa_test_00353,1,0.69037,1
medqa,qwen3-4b-nothink,medqa_test_00444,1,0.708879,3
medqa,qwen3-4b-nothink,medqa_test_00610,1,0.442535,2
medqa,qwen3-4b-nothink,medqa_test_00111,1,0.696922,1
medqa,qwen3-4b-nothink,medqa_test_00822,0,0.54572,2
medqa,qwen3-4b-nothink,medqa_test_01198,0,0.59264,1
medqa,qwen3-4b-nothink,medqa_test_00594,0,0.575572,1
medqa,qwen3-4b-nothink,medqa_test_00182,1,0.56882,3
medqa,qwen3-4b-nothink,medqa_test_00972,0,0.65345,1
medqa,qwen3-4b-nothink,medqa_test_00028,1,0.665498,3
medqa,qwen3-4b-nothink,medqa_test_00339,1,0.669486,5
medqa,qwen3-4b-nothink,medqa_test_00549,0,0.637862,3
medqa,qwen3-4b-nothink,medqa_test_00695,1,0.533508,3
medqa,qwen3-4b-nothink,medqa_test_00409,1,0.728916,1
medqa,qwen3-4b-nothink,medqa_test_00521,1,0.702598,1
medqa,qwen3-4b-nothink,medqa_test_00656,1,0.635956,4
medqa,qwen3-4b-nothink,medqa_test_00359,1,0.729461,5
medqa,qwen3-4b-nothink,medqa_test_00807,0,0.427108,1
medqa,qwen3-4b-nothink,medqa_test_00791,1,0.742684,1
medqa,qwen3-4b-nothink,medqa_test_00071,1,0.657868,1
medqa,qwen3-4b-nothink,medqa_test_01176,1,0.572179,3
medqa,qwen3-4b-nothink,medqa_test_00336,0,0.693234,5
medqa,qwen3-4b-nothink,medqa_test_00408,1,0.703594,2
medqa,qwen3-4b-nothink,medqa_test_00197,1,0.656236,5
medqa,qwen3-4b-nothink,medqa_test_00675,0,0.621372,5
medqa,qwen3-4b-nothink,medqa_test_00024,0,0.66927,4
medqa,qwen3-4b-nothink,medqa_test_01146,1,0.663248,1
medqa,qwen3-4b-nothink,medqa_test_00233,1,0.648914,3
medqa,qwen3-4b-nothink,medqa_test_00814,1,0.684877,3
medqa,qwen3-4b-nothink,medqa_test_00312,1,0.731846,1
medqa,qwen3-4b-nothink,medqa_test_00358,0,0.680967,5
medqa,qwen3-4b-nothink,medqa_test_01113,0,0.532928,4
medqa,qwen3-4b-nothink,medqa_test_00204,0,0.697021,4
medqa,qwen3-4b-nothink,medqa_test_00227,0,0.682004,4
medqa,qwen3-4b-nothink,medqa_test_00481,1,0.618428,4
medqa,qwen3-4b-nothink,medqa_test_01124,0,0.651915,5
medqa,qwen3-4b-nothink,medqa_test_00391,1,0.728595,2
medqa,qwen3-4b-nothink,medqa_test_01062,0,0.427588,4
medqa,qwen3-4b-nothink,medqa_test_00718,0,0.400105,5
medqa,qwen3-4b-nothink,medqa_test_00806,0,0.688591,5
medqa,qwen3-4b-nothink,medqa_test_01215,1,0.717222,4
medqa,qwen3-4b-nothink,medqa_test_00273,0,0.648246,5
medqa,qwen3-4b-nothink,medqa_test_00254,1,0.736709,4
medqa,qwen3-4b-nothink,medqa_test_00752,0,0.563489,4
medqa,qwen3-4b-nothink,medqa_test_00970,1,0.58558,1
medqa,qwen3-4b-nothink,medqa_test_01256,1,0.681005,4
medqa,qwen3-4b-nothink,medqa_test_00421,1,0.554965,2
medqa,qwen3-4b-nothink,medqa_test_00801,1,0.75288,2
medqa,qwen3-4b-nothink,medqa_test_01134,0,0.598542,3
medqa,qwen3-4b-nothink,medqa_test_00754,1,0.591588,4
medqa,qwen3-4b-nothink,medqa_test_00183,0,0.593088,1
medqa,qwen3-4b-nothink,medqa_test_00025,1,0.690583,2
medqa,qwen3-4b-nothink,medqa_test_00422,0,0.59752,4
medqa,qwen3-4b-nothink,medqa_test_00181,1,0.704286,3
medqa,qwen3-4b-nothink,medqa_test_00830,0,0.71682,3
medqa,qwen3-4b-nothink,medqa_test_00819,1,0.555017,4
medqa,qwen3-4b-nothink,medqa_test_00166,1,0.717775,2
medqa,qwen3-4b-nothink,medqa_test_00158,1,0.61867,4
medqa,qwen3-4b-nothink,medqa_test_00767,1,0.587942,5
medqa,qwen3-4b-nothink,medqa_test_00635,1,0.714122,5
medqa,qwen3-4b-nothink,medqa_test_00416,0,0.455038,4
medqa,qwen3-4b-nothink,medqa_test_00573,0,0.692339,2
medqa,qwen3-4b-nothink,medqa_test_00798,0,0.483677,1
medqa,qwen3-4b-nothink,medqa_test_00362,1,0.688006,3
medqa,qwen3-4b-nothink,medqa_test_00105,1,0.674884,5
medqa,qwen3-4b-nothink,medqa_test_00682,0,0.66161,1
medqa,qwen3-4b-nothink,medqa_test_01227,1,0.32673,3
medqa,qwen3-4b-nothink,medqa_test_00698,1,0.639296,1
medqa,qwen3-4b-nothink,medqa_test_00908,0,0.642731,1
medqa,qwen3-4b-nothink,medqa_test_00366,0,0.642336,2
medqa,qwen3-4b-nothink,medqa_test_00982,1,0.734566,3
medqa,qwen3-4b-nothink,medqa_test_00815,1,0.570527,4
medqa,qwen3-4b-nothink,medqa_test_00373,1,0.63495,2
medqa,qwen3-4b-nothink,medqa_test_00315,1,0.676774,2
medqa,qwen3-4b-nothink,medqa_test_00042,1,0.556431,1
medqa,qwen3-4b-nothink,medqa_test_01158,0,0.54763,4
medqa,qwen3-4b-nothink,medqa_test_01239,1,0.411411,1
medqa,qwen3-4b-nothink,medqa_test_00151,1,0.701459,4
medqa,qwen3-4b-nothink,medqa_test_00565,1,0.72176,3
medqa,qwen3-4b-nothink,medqa_test_00596,0,0.537209,1
medqa,qwen3-4b-nothink,medqa_test_01179,1,0.613432,3
medqa,qwen3-4b-nothink,medqa_test_00854,1,0.661842,3
medqa,qwen3-4b-nothink,medqa_test_00036,0,0.666643,4
medqa,qwen3-4b-nothink,medqa_test_00558,1,0.669482,4
medqa,qwen3-4b-nothink,medqa_test_00707,1,0.757709,5
medqa,qwen3-4b-nothink,medqa_test_01192,0,0.729163,2
medqa,qwen3-4b-nothink,medqa_test_00955,0,0.73327,1
medqa,qwen3-4b-nothink,medqa_test_00574,1,0.716316,2
medqa,qwen3-4b-nothink,medqa_test_01035,0,0.638784,4
medqa,qwen3-4b-nothink,medqa_test_00722,1,0.530849,2
medqa,qwen3-4b-nothink,medqa_test_00564,1,0.676262,4
medqa,qwen3-4b-nothink,medqa_test_00759,1,0.434722,1
medqa,qwen3-4b-nothink,medqa_test_00165,0,0.570157,4
medqa,qwen3-4b-nothink,medqa_test_00268,1,0.666533,5
medqa,qwen3-4b-nothink,medqa_test_00652,0,0.601901,1
medqa,qwen3-4b-nothink,medqa_test_00133,1,0.698172,1
medqa,qwen3-4b-nothink,medqa_test_00789,1,0.663956,2
medqa,qwen3-4b-nothink,medqa_test_00341,1,0.717856,3
medqa,qwen3-4b-nothink,medqa_test_00003,0,0.614497,2
medqa,qwen3-4b-nothink,medqa_test_01167,1,0.70401,1
medqa,qwen3-4b-nothink,medqa_test_00849,1,0.73498,4
medqa,qwen3-4b-nothink,medqa_test_01105,1,0.689588,2
medqa,qwen3-4b-nothink,medqa_test_00903,1,0.583555,1
medqa,qwen3-4b-nothink,medqa_test_00094,1,0.366866,3
medqa,qwen3-4b-nothink,medqa_test_00052,0,0.612605,5
medqa,qwen3-4b-nothink,medqa_test_01112,1,0.673021,4
medqa,qwen3-4b-nothink,medqa_test_00500,0,0.357817,3
medqa,qwen3-4b-nothink,medqa_test_00517,0,0.512481,5
medqa,qwen3-4b-nothink,medqa_test_01053,1,0.685491,2
medqa,qwen3-4b-nothink,medqa_test_01005,1,0.582403,3
medqa,qwen3-4b-nothink,medqa_test_00649,0,0.670563,3
medqa,qwen3-4b-nothink,medqa_test_00703,1,0.665406,2
medqa,qwen3-4b-nothink,medqa_test_00208,0,0.616334,5
medqa,qwen3-4b-nothink,medqa_test_00734,1,0.546281,5
medqa,qwen3-4b-nothink,medqa_test_00215,1,0.67561,1
medqa,qwen3-4b-nothink,medqa_test_00619,1,0.670557,1
medqa,qwen3-4b-nothink,medqa_test_00288,1,0.590003,5
medqa,qwen3-4b-nothink,medqa_test_00278,0,0.644092,4
medqa,qwen3-4b-nothink,medqa_test_00159,1,0.515325,5
medqa,qwen3-4b-nothink,medqa_test_00566,1,0.672586,5
medqa,qwen3-4b-nothink,medqa_test_00760,1,0.636914,2
medqa,qwen3-4b-nothink,medqa_test_00987,1,0.609183,1
medqa,qwen3-4b-nothink,medqa_test_01119,0,0.589372,1
medqa,qwen3-4b-nothink,medqa_test_01075,0,0.507032,1
medqa,qwen3-4b-nothink,medqa_test_00137,0,0.566342,3
medqa,qwen3-4b-nothink,medqa_test_00899,0,0.380671,3
medqa,qwen3-4b-nothink,medqa_test_00106,0,0.720458,5
medqa,qwen3-4b-nothink,medqa_test_00679,1,0.497249,4
medqa,qwen3-4b-nothink,medqa_test_00567,0,0.614278,3
medqa,qwen3-4b-nothink,medqa_test_00836,1,0.697517,3
medqa,qwen3-4b-nothink,medqa_test_00683,0,0.711442,3
medqa,qwen3-4b-nothink,medqa_test_00008,1,0.751517,1
medqa,qwen3-4b-nothink,medqa_test_01231,1,0.665186,2
medqa,qwen3-4b-nothink,medqa_test_00669,1,0.639303,1
medqa,qwen3-4b-nothink,medqa_test_00626,1,0.381077,4
medqa,qwen3-4b-nothink,medqa_test_00309,1,0.68668,3
medqa,qwen3-4b-nothink,medqa_test_00720,0,0.545226,1
medqa,qwen3-4b-nothink,medqa_test_00853,0,0.598591,1
medqa,qwen3-4b-nothink,medqa_test_00448,0,0.772047,4
medqa,qwen3-4b-nothink,medqa_test_00291,0,0.752833,4
medqa,qwen3-4b-nothink,medqa_test_00378,0,0.572907,1
medqa,qwen3-4b-nothink,medqa_test_00250,0,0.503115,3
medqa,qwen3-4b-nothink,medqa_test_00900,1,0.636017,1
medqa,qwen3-4b-nothink,medqa_test_01024,1,0.766115,3
medqa,qwen3-4b-nothink,medqa_test_00357,1,0.512596,2
medqa,qwen3-4b-nothink,medqa_test_01186,0,0.709027,5
medqa,qwen3-4b-nothink,medqa_test_00966,0,0.717245,3
medqa,qwen3-4b-nothink,medqa_test_00518,0,0.609969,5
medqa,qwen3-4b-nothink,medqa_test_00218,1,0.702487,1
medqa,qwen3-4b-nothink,medqa_test_00550,0,0.555895,4
medqa,qwen3-4b-nothink,medqa_test_00075,0,0.734708,5
medqa,qwen3-4b-nothink,medqa_test_00102,1,0.722366,1
medqa,qwen3-4b-nothink,medqa_test_00576,0,0.653064,3
medqa,qwen3-4b-nothink,medqa_test_00636,1,0.743933,1
medqa,qwen3-4b-nothink,medqa_test_01191,1,0.590344,3
medqa,qwen3-4b-nothink,medqa_test_00009,0,0.584804,2
medqa,qwen3-4b-nothink,medqa_test_00074,0,0.595805,3
medqa,qwen3-4b-nothink,medqa_test_00769,1,0.739655,4
medqa,qwen3-4b-nothink,medqa_test_00951,1,0.528846,1
medqa,qwen3-4b-nothink,medqa_test_00974,1,0.778873,3
medqa,qwen3-4b-nothink,medqa_test_00307,0,0.575025,2
medqa,qwen3-4b-nothink,medqa_test_00660,0,0.612437,2
medqa,qwen3-4b-nothink,medqa_test_00687,1,0.618412,3
medqa,qwen3-4b-nothink,medqa_test_00134,1,0.684791,3
medqa,qwen3-4b-nothink,medqa_test_00405,1,0.538129,2
medqa,qwen3-4b-nothink,medqa_test_00271,0,0.725661,4
medqa,qwen3-4b-nothink,medqa_test_00244,0,0.506242,2
medqa,qwen3-4b-nothink,medqa_test_01012,1,0.707685,2
medqa,qwen3-4b-nothink,medqa_test_00733,1,0.616387,2
medqa,qwen3-4b-nothink,medqa_test_00685,0,0.551802,5
medqa,qwen3-4b-nothink,medqa_test_01237,1,0.564861,1
medqa,qwen3-4b-nothink,medqa_test_00267,0,0.726299,1
medqa,qwen3-4b-nothink,medqa_test_00957,1,0.631562,3
medqa,qwen3-4b-nothink,medqa_test_01143,0,0.544816,3
medqa,qwen3-4b-nothink,medqa_test_00535,1,0.603137,1
medqa,qwen3-4b-nothink,medqa_test_00578,1,0.687329,2
medqa,qwen3-4b-nothink,medqa_test_00597,1,0.679784,4
medqa,qwen3-4b-nothink,medqa_test_00673,0,0.525233,2
medqa,qwen3-4b-nothink,medqa_test_01205,1,0.574099,4
medqa,qwen3-4b-nothink,medqa_test_00083,1,0.711334,5
medqa,qwen3-4b-nothink,medqa_test_00634,0,0.699068,2
medqa,qwen3-4b-nothink,medqa_test_00040,1,0.664018,3
medqa,qwen3-4b-nothink,medqa_test_00608,1,0.524401,1
medqa,qwen3-4b-nothink,medqa_test_00252,1,0.687745,1
medqa,qwen3-4b-nothink,medqa_test_00583,1,0.654911,5
medqa,qwen3-4b-nothink,medqa_test_00911,1,0.693984,5
medqa,qwen3-4b-nothink,medqa_test_00964,0,0.655723,5
medqa,qwen3-4b-nothink,medqa_test_00122,1,0.676508,4
medqa,qwen3-4b-nothink,medqa_test_00413,1,0.559526,5
medqa,qwen3-4b-nothink,medqa_test_00240,1,0.792253,5
medqa,qwen3-4b-nothink,medqa_test_01067,1,0.716044,1
medqa,qwen3-4b-nothink,medqa_test_00691,1,0.740413,2
medqa,qwen3-4b-nothink,medqa_test_00069,0,0.700126,2
medqa,qwen3-4b-nothink,medqa_test_00609,1,0.630541,3
medqa,qwen3-4b-nothink,medqa_test_00190,1,0.671408,4
medqa,qwen3-4b-nothink,medqa_test_00871,1,0.646388,1
medqa,qwen3-4b-nothink,medqa_test_00082,1,0.689587,4
mmlu_pro,qwen3-4b-nothink,mmlu_pro_test_09830,1,0.733059,1
mmlu_pro,qwen3-4b-nothink,mmlu_pro_test_04946,0,0.647139,2
mmlu_pro,qwen3-4b-nothink,mmlu_pro_test_06900,1,0.653241,3
mmlu_pro,qwen3-4b-nothink,mmlu_pro_test_00481,1,0.608535,5
mmlu_pro,qwen3-4b-nothink,mmlu_pro_test_01405,0,0.742101,4
mmlu_pro,qwen3-4b-nothink,mmlu_pro_test_03199,1,0.784734,1
mmlu_pro,qwen3-4b-nothink,mmlu_pro_test_00399,0,0.681353,5
mmlu_pro,qwen3-4b-nothink,mmlu_pro_test_06405,1,0.660446,2
mmlu_pro,qwen3-4b-nothink,mmlu_pro_test_07379,0,0.628749,1
mmlu_pro,qwen3-4b-nothink,mmlu_pro_test_02736,1,0.767141,3
mmlu_pro,qwen3-4b-nothink,mmlu_pro_test_08299,1,0.798133,1
mmlu_pro,qwen3-4b-nothink,mmlu_pro_test_11265,0,0.590509,2
mmlu_pro,qwen3-4b-nothink,mmlu_pro_test_02400,1,0.756641,4
mmlu_pro,qwen3-4b-nothink,mmlu_pro_test_00612,0,0.475416,4
mmlu_pro,qwen3-4b-nothink,mmlu_pro_test_04994,0,0.718797,4
mmlu_pro,qwen3-4b-nothink,mmlu_pro_test_08741,1,0.609602,1
mmlu_pro,qwen3-4b-nothink,mmlu_pro_test_02961,1,0.712366,4
mmlu_pro,qwen3-4b-nothink,mmlu_pro_test_08614,1,0.666753,1
mmlu_pro,qwen3-4b-nothink,mmlu_pro_test_00706,0,0.709916,4
mmlu_pro,qwen3-4b-nothink,mmlu_pro_test_05716,1,0.746579,1
mmlu_pro,qwen3-4b-nothink,mmlu_pro_test_07328,0,0.741155,5
mmlu_pro,qwen3-4b-nothink,mmlu_pro_test_03794,0,0.734457,1
mmlu_pro,qwen3-4b-nothink,mmlu_pro_test_11338,1,0.801328,1
mmlu_pro,qwen3-4b-nothink,mmlu_pro_test_07664,1,0.668178,5
mmlu_pro,qwen3-4b-nothink,mmlu_pro_test_03616,1,0.59213,5
mmlu_pro,qwen3-4b-nothink,mmlu_pro_test_09605,1,0.744033,2
mmlu_pro,qwen3-4b-nothink,mmlu_pro_test_02354,1,0.287484,1
mmlu_pro,qwen3-4b-nothink,mmlu_pro_test_04767,0,0.74444,2
mmlu_pro,qwen3-4b-nothink,mmlu_pro_test_11661,0,0.698471,3
mmlu_pro,qwen3-4b-nothink,mmlu_pro_test_05252,1,0.669471,2
mmlu_pro,qwen3-4b-nothink,mmlu_pro_test_10247,1,0.702114,2
mmlu_pro,qwen3-4b-nothink,mmlu_pro_test_07963,1,0.698509,1
mmlu_pro,qwen3-4b-nothink,mmlu_pro_test_01449,0,0.698302,5
mmlu_pro,qwen3-4b-nothink,mmlu_pro_test_11509,0,0.532527,2
mmlu_pro,qwen3-4b-nothink,mmlu_pro_test_08489,1,0.774331,1
mmlu_pro,qwen3-4b-nothink,mmlu_pro_test_07308,0,0.407927,5
mmlu_pro,qwen3-4b-nothink,mmlu_pro_test_03640,1,0.765934,4
mmlu_pro,qwen3-4b-nothink,mmlu_pro_test_05875,1,0.629073,5
mmlu_pro,qwen3-4b-nothink,mmlu_pro_test_00209,1,0.578997,5
mmlu_pro,qwen3-4b-nothink,mmlu_pro_test_10639,0,0.736299,1
mmlu_pro,qwen3-4b-nothink,mmlu_pro_test_07624,1,0.58022,4
mmlu_pro,qwen3-4b-nothink,mmlu_pro_test_08841,1,0.707987,3
mmlu_pro,qwen3-4b-nothink,mmlu_pro_test_10104,1,0.776846,1
mmlu_pro,qwen3-4b-nothink,mmlu_pro_test_03755,0,0.683537,4
mmlu_pro,qwen3-4b-nothink,mmlu_pro_test_00714,0,0.7274,1
mmlu_pro,qwen3-4b-nothink,mmlu_pro_test_08182,1,0.731473,2
mmlu_pro,qwen3-4b-nothink,mmlu_pro_test_07610,0,0.517541,3
mmlu_pro,qwen3-4b-nothink,mmlu_pro_test_01518,1,0.482771,5
mmlu_pro,qwen3-4b-nothink,mmlu_pro_test_11897,0,0.677298,2
mmlu_pro,qwen3-4b-nothink,mmlu_pro_test_03821,1,0.643579,4
mmlu_pro,qwen3-4b-nothink,mmlu_pro_test_02666,0,0.631403,2
mmlu_pro,qwen3-4b-nothink,mmlu_pro_test_00552,1,0.738716,5
mmlu_pro,qwen3-4b-nothink,mmlu_pro_test_04762,1,0.683349,2
mmlu_pro,qwen3-4b-nothink,mmlu_pro_test_11654,1,0.674278,1
mmlu_pro,qwen3-4b-nothink,mmlu_pro_test_10305,1,0.749364,3
mmlu_pro,qwen3-4b-nothink,mmlu_pro_test_11121,0,0.59741,5
mmlu_pro,qwen3-4b-nothink,mmlu_pro_test_10990,0,0.748616,2
mmlu_pro,qwen3-4b-nothink,mmlu_pro_test_07554,1,0.505685,2
mmlu_pro,qwen3-4b-nothink,mmlu_pro_test_10376,1,0.639035,4
mmlu_pro,qwen3-4b-nothink,mmlu_pro_test_07465,1,0.778724,2
mmlu_pro,qwen3-4b-nothink,mmlu_pro_test_06478,1,0.60695,5
mmlu_pro,qwen3-4b-nothink,mmlu_pro_test_07227,1,0.711319,4
mmlu_pro,qwen3-4b-nothink,mmlu_pro_test_08081,1,0.800774,3
mmlu_pro,qwen3-4b-nothink,mmlu_pro_test_02006,0,0.50323,4
mmlu_pro,qwen3-4b-nothink,mmlu_pro_test_06169,1,0.799983,4
mmlu_pro,qwen3-4b-nothink,mmlu_pro_test_00777,1,0.663126,1
mmlu_pro,qwen3-4b-nothink,mmlu_pro_test_01947,0,0.49652,2
mmlu_pro,qwen3-4b-nothink,mmlu_pro_test_03086,1,0.73083,5
mmlu_pro,qwen3-4b-nothink,mmlu_pro_test_06764,0,0.708159,2
mmlu_pro,qwen3-4b-nothink,mmlu_pro_test_04577,0,0.761395,5
mmlu_pro,qwen3-4b-nothink,mmlu_pro_test_07588,1,0.599323,5
mmlu_pro,qwen3-4b-nothink,mmlu_pro_test_04648,0,0.60244,5
mmlu_pro,qwen3-4b-nothink,mmlu_pro_test_11162,0,0.637696,5
mmlu_pro,qwen3-4b-nothink,mmlu_pro_test_03333,0,0.75133,4
mmlu_pro,qwen3-4b-nothink,mmlu_pro_test_07086,0,0.765534,4
mmlu_pro,qwen3-4b-nothink,mmlu_pro_test_07073,1,0.595879,1
mmlu_pro,qwen3-4b-nothink,mmlu_pro_test_02543,1,0.782726,2
mmlu_pro,qwen3-4b-nothink,mmlu_pro_test_09545,1,0.716831,5
mmlu_pro,qwen3-4b-nothink,mmlu_pro_test_09161,0,0.694106,5
mmlu_pro,qwen3-4b-nothink,mmlu_pro_test_05814,1,0.807393,1
mmlu_pro,qwen3-4b-nothink,mmlu_pro_test_10619,0,0.742253,1
mmlu_pro,qwen3-4b-nothink,mmlu_pro_test_02239,0,0.663984,2
mmlu_pro,qwen3-4b-nothink,mmlu_pro_test_05901,1,0.74296,1
mmlu_pro,qwen3-4b-nothink,mmlu_pro_test_01520,0,0.654319,5
mmlu_pro,qwen3-4b-nothink,mmlu_pro_test_04600,0,0.667878,5
mmlu_pro,qwen3-4b-nothink,mmlu_pro_test_03938,1,0.741965,5
mmlu_pro,qwen3-4b-nothink,mmlu_pro_test_04737,0,0.689217,4
mmlu_pro,qwen3-4b-nothink,mmlu_pro_test_11958,1,0.609555,3
mmlu_pro,qwen3-4b-nothink,mmlu_pro_test_08707,1,0.59859,3
mmlu_pro,qwen3-4b-nothink,mmlu_pro_test_06047,1,0.7045,1
mmlu_pro,qwen3-4b-nothink,mmlu_pro_test_10314,1,0.730123,5
mmlu_pro,qwen3-4b-nothink,mmlu_pro_test_06344,0,0.577652,5
mmlu_pro,qwen3-4b-nothink,mmlu_pro_test_07781,1,0.642336,5
mmlu_pro,qwen3-4b-nothink,mmlu_pro_test_11956,1,0.241403,3
mmlu_pro,qwen3-4b-nothink,mmlu_pro_test_11674,1,0.616341,2
mmlu_pro,qwen3-4b-nothink,mmlu_pro_test_01686,0,0.555404,1
mmlu_pro,qwen3-4b-nothink,mmlu_pro_test_01909,1,0.714551,2
mmlu_pro,qwen3-4b-nothink,mmlu_pro_test_07841,1,0.747363,2
mmlu_pro,qwen3-4b-nothink,mmlu_pro_test_02367,0,0.812888,1
mmlu_pro,qwen3-4b-nothink,mmlu_pro_test_03243,1,0.673039,2
mmlu_pro,qwen3-4b-nothink,mmlu_pro_test_03551,1,0.753898,1
mmlu_pro,qwen3-4b-nothink,mmlu_pro_test_00105,1,0.576692,2
mmlu_pro,qwen3-4b-nothink,mmlu_pro_test_10480,1,0.621778,3
mmlu_pro,qwen3-4b-nothink,mmlu_pro_test_07621,1,0.78584,5
mmlu_pro,qwen3-4b-nothink,mmlu_pro_test_05290,0,0.659094,5
mmlu_pro,qwen3-4b-nothink,mmlu_pro_test_06374,1,0.47191,5
mmlu_pro,qwen3-4b-nothink,mmlu_pro_test_03852,0,0.240333,4
mmlu_pro,qwen3-4b-nothink,mmlu_pro_test_04854,1,0.794813,1
mmlu_pro,qwen3-4b-nothink,mmlu_pro_test_01994,1,0.633064,5
mmlu_pro,qwen3-4b-nothink,mmlu_pro_test_08531,1,0.67593,4
mmlu_pro,qwen3-4b-nothink,mmlu_pro_test_03296,1,0.582518,1
mmlu_pro,qwen3-4b-nothink,mmlu_pro_test_11343,0,0.647966,4
mmlu_pro,qwen3-4b-nothink,mmlu_pro_test_01155,0,0.682104,3
mmlu_pro,qwen3-4b-nothink,mmlu_pro_test_04641,0,0.744099,5
mmlu_pro,qwen3-4b-nothink,mmlu_pro_test_06440,0,0.641797,3
mmlu_pro,qwen3-4b-nothink,mmlu_pro_test_04810,0,0.755332,1
mmlu_pro,qwen3-4b-nothink,mmlu_pro_test_06683,1,0.740933,5
mmlu_pro,qwen3-4b-nothink,mmlu_pro_test_10242,1,0.512498,5
mmlu_pro,qwen3-4b-nothink,mmlu_pro_test_04337,1,0.686225,1
mmlu_pro,qwen3-4b-nothink,mmlu_pro_test_06474,1,0.73625,4
mmlu_pro,qwen3-4b-nothink,mmlu_pro_test_01722,1,0.748607,3
mmlu_pro,qwen3-4b-nothink,mmlu_pro_test_00075,1,0.790616,4
mmlu_pro,qwen3-4b-nothink,mmlu_pro_test_01510,1,0.762274,5
mmlu_pro,qwen3-4b-nothink,mmlu_pro_test_07068,1,0.770736,3
mmlu_pro,qwen3-4b-nothink,mmlu_pro_test_01471,0,0.637143,4
mmlu_pro,qwen3-4b-nothink,mmlu_pro_test_04667,0,0.668866,4
mmlu_pro,qwen3-4b-nothink,mmlu_pro_test_04596,1,0.622147,2
mmlu_pro,qwen3-4b-nothink,mmlu_pro_test_11591,0,0.491712,3
mmlu_pro,qwen3-4b-nothink,mmlu_pro_test_11048,0,0.572855,1
mmlu_pro,qwen3-4b-nothink,mmlu_pro_test_09382,1,0.668839,5
mmlu_pro,qwen3-4b-nothink,mmlu_pro_test_08599,1,0.699417,3
mmlu_pro,qwen3-4b-nothink,mmlu_pro_test_06330,1,0.688533,4
mmlu_pro,qwen3-4b-nothink,mmlu_pro_test_09589,1,0.730506,4
mmlu_pro,qwen3-4b-nothink,mmlu_pro_test_10859,1,0.776285,4
mmlu_pro,qwen3-4b-nothink,mmlu_pro_test_01851,0,0.516774,3
mmlu_pro,qwen3-4b-nothink,mmlu_pro_test_05334,1,0.777312,4
mmlu_pro,qwen3-4b-nothink,mmlu_pro_test_03495,1,0.496533,1
mmlu_pro,qwen3-4b-nothink,mmlu_pro_test_04323,1,0.537344,1
mmlu_pro,qwen3-4b-nothink,mmlu_pro_test_03177,0,0.729195,2
mmlu_pro,qwen3-4b-nothink,mmlu_pro_test_02899,1,0.752148,2
mmlu_pro,qwen3-4b-nothink,mmlu_pro_test_06094,1,0.763562,2
mmlu_pro,qwen3-4b-nothink,mmlu_pro_test_10249,1,0.681432,4
mmlu_pro,qwen3-4b-nothink,mmlu_pro_test_01216,0,0.698782,1
mmlu_pro,qwen3-4b-nothink,mmlu_pro_test_10777,0,0.598736,3
mmlu_pro,qwen3-4b-nothink,mmlu_pro_test_03186,1,0.661487,2
mmlu_pro,qwen3-4b-nothink,mmlu_pro_test_00193,1,0.792728,2
mmlu_pro,qwen3-4b-nothink,mmlu_pro_test_06476,0,0.788341,4
mmlu_pro,qwen3-4b-nothink,mmlu_pro_test_03128,1,0.696645,5
mmlu_pro,qwen3-4b-nothink,mmlu_pro_test_06423,1,0.801062,1
mmlu_pro,qwen3-4b-nothink,mmlu_pro_test_04220,0,0.727515,2
mmlu_pro,qwen3-4b-nothink,mmlu_pro_test_02619,1,0.653657,3
mmlu_pro,qwen3-4b-nothink,mmlu_pro_test_07547,1,0.656242,3
mmlu_pro,qwen3-4b-nothink,mmlu_pro_test_03546,1,0.612286,3
mmlu_pro,qwen3-4b-nothink,mmlu_pro_test_04153,1,0.687106,2
mmlu_pro,qwen3-4b-nothink,mmlu_pro_test_05346,0,0.670892,2
mmlu_pro,qwen3-4b-nothink,mmlu_pro_test_02989,0,0.673769,2
mmlu_pro,qwen3-4b-nothink,mmlu_pro_test_09458,1,0.774723,1
mmlu_pro,qwen3-4b-nothink,mmlu_pro_test_07105,1,0.688239,3
mmlu_pro,qwen3-4b-nothink,mmlu_pro_test_03107,0,0.639579,1
mmlu_pro,qwen3-4b-nothink,mmlu_pro_test_10196,1,0.756201,1
mmlu_pro,qwen3-4b-nothink,mmlu_pro_test_10696,0,0.718104,3
mmlu_pro,qwen3-4b-nothink,mmlu_pro_test_02622,1,0.757404,1
mmlu_pro,qwen3-4b-nothink,mmlu_pro_test_02098,1,0.73318,2
mmlu_pro,qwen3-4b-nothink,mmlu_pro_test_01873,0,0.5768,3
mmlu_pro,qwen3-4b-nothink,mmlu_pro_test_03484,1,0.423677,5
mmlu_pro,qwen3-4b-nothink,mmlu_pro_test_02310,1,0.732752,3
mmlu_pro,qwen3-4b-nothink,mmlu_pro_test_04768,1,0.746162,1
mmlu_pro,qwen3-4b-nothink,mmlu_pro_test_00538,1,0.786971,3
mmlu_pro,qwen3-4b-nothink,mmlu_pro_test_08558,1,0.695219,2
mmlu_pro,qwen3-4b-nothink,mmlu_pro_test_02212,1,0.655079,3
mmlu_pro,qwen3-4b-nothink,mmlu_pro_test_00294,1,0.493874,3
mmlu_pro,qwen3-4b-nothink,mmlu_pro_test_01352,1,0.630539,5
mmlu_pro,qwen3-4b-nothink,mmlu_pro_test_04227,1,0.617633,2
mmlu_pro,qwen3-4b-nothink,mmlu_pro_test_04192,0,0.297313,3
mmlu_pro,qwen3-4b-nothink,mmlu_pro_test_11507,0,0.601987,5
mmlu_pro,qwen3-4b-nothink,mmlu_pro_test_10274,0,0.73712,3
mmlu_pro,qwen3-4b-nothink,mmlu_pro_test_00677,1,0.67454,3
mmlu_pro,qwen3-4b-nothink,mmlu_pro_test_01804,0,0.661328,1
mmlu_pro,qwen3-4b-nothink,mmlu_pro_test_06106,1,0.726702,3
mmlu_pro,qwen3-4b-nothink,mmlu_pro_test_01153,0,0.614815,5
mmlu_pro,qwen3-4b-nothink,mmlu_pro_test_10822,0,0.523401,2
mmlu_pro,qwen3-4b-nothink,mmlu_pro_test_00244,0,0.715713,4
mmlu_pro,qwen3-4b-nothink,mmlu_pro_test_05645,1,0.6796,3
mmlu_pro,qwen3-4b-nothink,mmlu_pro_test_01750,0,0.538734,3
mmlu_pro,qwen3-4b-nothink,mmlu_pro_test_01875,0,0.777865,4
mmlu_pro,qwen3-4b-nothink,mmlu_pro_test_01105,1,0.535837,4
mmlu_pro,qwen3-4b-nothink,mmlu_pro_test_06414,1,0.73139,4
mmlu_pro,qwen3-4b-nothink,mmlu_pro_test_03360,1,0.686722,4
mmlu_pro,qwen3-4b-nothink,mmlu_pro_test_01281,0,0.619655,4
mmlu_pro,qwen3-4b-nothink,mmlu_pro_test_06933,1,0.611615,2
mmlu_pro,qwen3-4b-nothink,mmlu_pro_test_01741,0,0.777354,5
mmlu_pro,qwen3-4b-nothink,mmlu_pro_test_09180,1,0.698561,5
mmlu_pro,qwen3-4b-nothink,mmlu_pro_test_10463,0,0.677419,2
mmlu_pro,qwen3-4b-nothink,mmlu_pro_test_07300,0,0.329138,1
mmlu_pro,qwen3-4b-nothink,mmlu_pro_test_07745,0,0.531726,5
mmlu_pro,qwen3-4b-nothink,mmlu_pro_test_03602,0,0.791931,1
mmlu_pro,qwen3-4b-nothink,mmlu_pro_test_05863,0,0.616031,5
mmlu_pro,qwen3-4b-nothink,mmlu_pro_test_11918,0,0.50091,1
mmlu_pro,qwen3-4b-nothink,mmlu_pro_test_10821,0,0.613569,5
mmlu_pro,qwen3-4b-nothink,mmlu_pro_test_00578,1,0.744779,4
mmlu_pro,qwen3-4b-nothink,mmlu_pro_test_01634,0,0.748432,4
mmlu_pro,qwen3-4b-nothink,mmlu_pro_test_04443,0,0.679568,1
mmlu_pro,qwen3-4b-nothink,mmlu_pro_test_01115,1,0.457102,2
mmlu_pro,qwen3-4b-nothink,mmlu_pro_test_01088,0,0.667709,4
mmlu_pro,qwen3-4b-nothink,mmlu_pro_test_09247,1,0.730129,1
mmlu_pro,qwen3-4b-nothink,mmlu_pro_test_09552,0,0.611577,4
mmlu_pro,qwen3-4b-nothink,mmlu_pro_test_06472,1,0.733847,4
mmlu_pro,qwen3-4b-nothink,mmlu_pro_test_00943,0,0.700376,3
mmlu_pro,qwen3-4b-nothink,mmlu_pro_test_05483,1,0.639434,5
mmlu_pro,qwen3-4b-nothink,mmlu_pro_test_00233,1,0.591075,2
mmlu_pro,qwen3-4b-nothink,mmlu_pro_test_00994,0,0.708674,2
mmlu_pro,qwen3-4b-nothink,mmlu_pro_test_00881,1,0.586583,2
mmlu_pro,qwen3-4b-nothink,mmlu_pro_test_06356,0,0.58228,2
mmlu_pro,qwen3-4b-nothink,mmlu_pro_test_05571,0,0.592215,1
mmlu_pro,qwen3-4b-nothink,mmlu_pro_test_05042,1,0.74354,5
mmlu_pro,qwen3-4b-nothink,mmlu_pro_test_03165,0,0.667695,2
mmlu_pro,qwen3-4b-nothink,mmlu_pro_test_06964,1,0.756949,3
mmlu_pro,qwen3-4b-nothink,mmlu_pro_test_00141,0,0.707074,5
mmlu_pro,qwen3-4b-nothink,mmlu_pro_test_11124,1,0.317742,5
mmlu_pro,qwen3-4b-nothink,mmlu_pro_test_12001,1,0.680069,4
mmlu_pro,qwen3-4b-nothink,mmlu_pro_test_09661,1,0.748496,1
mmlu_pro,qwen3-4b-nothink,mmlu_pro_test_06324,1,0.650126,4
mmlu_pro,qwen3-4b-nothink,mmlu_pro_test_08046,1,0.63942,2
mmlu_pro,qwen3-4b-nothink,mmlu_pro_test_11328,1,0.797993,2
mmlu_pro,qwen3-4b-nothink,mmlu_pro_test_10848,1,0.798094,4
mmlu_pro,qwen3-4b-nothink,mmlu_pro_test_11737,0,0.696317,5
mmlu_pro,qwen3-4b-nothink,mmlu_pro_test_09027,1,0.761469,2
mmlu_pro,qwen3-4b-nothink,mmlu_pro_test_06780,0,0.599393,5
mmlu_pro,qwen3-4b-nothink,mmlu_pro_test_06430,1,0.608827,1
mmlu_pro,qwen3-4b-nothink,mmlu_pro_test_09215,1,0.667621,1
mmlu_pro,qwen3-4b-nothink,mmlu_pro_test_08916,0,0.574669,4
mmlu_pro,qwen3-4b-nothink,mmlu_pro_test_03285,1,0.75782,5
mmlu_pro,qwen3-4b-nothink,mmlu_pro_test_04457,0,0.643996,5
mmlu_pro,qwen3-4b-nothink,mmlu_pro_test_00232,1,0.753274,1
mmlu_pro,qwen3-4b-nothink,mmlu_pro_test_07952,1,0.700404,1
mmlu_pro,qwen3-4b-nothink,mmlu_pro_test_02613,1,0.706197,2
mmlu_pro,qwen3-4b-nothink,mmlu_pro_test_07051,0,0.77971,5
mmlu_pro,qwen3-4b-nothink,mmlu_pro_test_06654,1,0.562842,2
mmlu_pro,qwen3-4b-nothink,mmlu_pro_test_08077,1,0.667482,1
mmlu_pro,qwen3-4b-nothink,mmlu_pro_test_00654,1,0.757592,5
mmlu_pro,qwen3-4b-nothink,mmlu_pro_test_01114,0,0.586393,3
mmlu_pro,qwen3-4b-nothink,mmlu_pro_test_02376,1,0.783308,1
mmlu_pro,qwen3-4b-nothink,mmlu_pro_test_10943,1,0.626829,4
mmlu_pro,qwen3-4b-nothink,mmlu_pro_test_03849,1,0.750171,4
mmlu_pro,qwen3-4b-nothink,mmlu_pro_test_01822,0,0.738505,3
mmlu_pro,qwen3-4b-nothink,mmlu_pro_test_01322,0,0.33537,3
mmlu_pro,qwen3-4b-nothink,mmlu_pro_test_08750,0,0.508052,1
mmlu_pro,qwen3-4b-nothink,mmlu_pro_test_08513,1,0.693305,1
mmlu_pro,qwen3-4b-nothink,mmlu_pro_test_06409,0,0.718923,2
mmlu_pro,qwen3-4b-nothink,mmlu_pro_test_05509,1,0.733493,1
mmlu_pro,qwen3-4b-nothink,mmlu_pro_test_05177,1,0.617746,5
mmlu_pro,qwen3-4b-nothink,mmlu_pro_test_07012,1,0.73582,5
mmlu_pro,qwen3-4b-nothink,mmlu_pro_test_07233,1,0.752514,3
mmlu_pro,qwen3-4b-nothink,mmlu_pro_test_04296,1,0.751409,3
mmlu_pro,qwen3-4b-nothink,mmlu_pro_test_06365,1,0.694423,5
mmlu_pro,qwen3-4b-nothink,mmlu_pro_test_00031,1,0.751041,3
mmlu_pro,qwen3-4b-nothink,mmlu_pro_test_02676,0,0.482321,3
mmlu_pro,qwen3-4b-nothink,mmlu_pro_test_07131,0,0.696098,5
mmlu_pro,qwen3-4b-nothink,mmlu_pro_test_03420,0,0.722097,3
mmlu_pro,qwen3-4b-nothink,mmlu_pro_test_00915,0,0.713428,3
mmlu_pro,qwen3-4b-nothink,mmlu_pro_test_08230,0,0.334986,2
mmlu_pro,qwen3-4b-nothink,mmlu_pro_test_07275,1,0.697383,1
mmlu_pro,qwen3-4b-nothink,mmlu_pro_test_09210,0,0.714391,2
mmlu_pro,qwen3-4b-nothink,mmlu_pro_test_10194,1,0.740313,4
mmlu_pro,qwen3-4b-nothink,mmlu_pro_test_07176,1,0.721081,1
mmlu_pro,qwen3-4b-nothink,mmlu_pro_test_00102,1,0.791482,1
mmlu_pro,qwen3-4b-nothink,mmlu_pro_test_01799,0,0.551422,2
mmlu_pro,qwen3-4b-nothink,mmlu_pro_test_06147,0,0.669611,5
mmlu_pro,qwen3-4b-nothink,mmlu_pro_test_05306,1,0.76511,4
mmlu_pro,qwen3-4b-nothink,mmlu_pro_test_02443,1,0.714615,2
mmlu_pro,qwen3-4b-nothink,mmlu_pro_test_01516,0,0.659648,4
mmlu_pro,qwen3-4b-nothink,mmlu_pro_test_05266,1,0.696713,1
mmlu_pro,qwen3-4b-nothink,mmlu_pro_test_11131,0,0.683118,1
mmlu_pro,qwen3-4b-nothink,mmlu_pro_test_08036,0,0.25809,4
mmlu_pro,qwen3-4b-nothink,mmlu_pro_test_05079,1,0.704384,5
mmlu_pro,qwen3-4b-nothink,mmlu_pro_test_11996,1,0.770671,3
mmlu_pro,qwen3-4b-nothink,mmlu_pro_test_07712,1,0.327426,2
mmlu_pro,qwen3-4b-nothink,mmlu_pro_test_07938,1,0.649691,3
mmlu_pro,qwen3-4b-nothink,mmlu_pro_test_08574,0,0.327532,4
mmlu_pro,qwen3-4b-nothink,mmlu_pro_test_10854,1,0.583329,3
mmlu_pro,qwen3-4b-nothink,mmlu_pro_test_03452,1,0.083476,5
mmlu_pro,qwen3-4b-nothink,mmlu_pro_test_02199,0,0.780986,4
mmlu_pro,qwen3-4b-nothink,mmlu_pro_test_00801,0,0.499689,5
mmlu_pro,qwen3-4b-nothink,mmlu_pro_test_06048,1,0.732994,5
mmlu_pro,qwen3-4b-nothink,mmlu_pro_test_04601,0,0.753175,4
mmlu_pro,qwen3-4b-nothink,mmlu_pro_test_09142,1,0.658541,3
mmlu_pro,qwen3-4b-nothink,mmlu_pro_test_08357,0,0.714128,2
mmlu_pro,qwen3-4b-nothink,mmlu_pro_test_06758,1,0.555102,3
mmlu_pro,qwen3-4b-nothink,mmlu_pro_test_05350,1,0.754759,5
mmlu_pro,qwen3-4b-nothink,mmlu_pro_test_03940,1,0.706556,4
mmlu_pro,qwen3-4b-nothink,mmlu_pro_test_00692,1,0.777524,2
mmlu_pro,qwen3-4b-nothink,mmlu_pro_test_07604,1,0.68977,1
mmlu_pro,qwen3-4b-nothink,mmlu_pro_test_02247,1,0.573703,3
mmlu_pro,qwen3-4b-nothink,mmlu_pro_test_01490,0,0.614898,3
mmlu_pro,qwen3-4b-nothink,mmlu_pro_test_00144,1,0.763776,1
mmlu_pro,qwen3-4b-nothink,mmlu_pro_test_03337,1,0.720706,1
mmlu_pro,qwen3-4b-nothink,mmlu_pro_test_05298,0,0.607208,2
mmlu_pro,qwen3-4b-nothink,mmlu_pro_test_04256,1,0.635986,3
mmlu_pro,qwen3-4b-nothink,mmlu_pro_test_11726,0,0.659667,3
mmlu_pro,qwen3-4b-nothink,mmlu_pro_test_02279,1,0.62267,1
mmlu_pro,qwen3-4b-nothink,mmlu_pro_test_06777,1,0.727882,3
mmlu_pro,qwen3-4b-nothink,mmlu_pro_test_03188,1,0.601905,5
mmlu_pro,qwen3-4b-nothink,mmlu_pro_test_04250,1,0.654229,4
mmlu_pro,qwen3-4b-nothink,mmlu_pro_test_01250,1,0.538379,5
mmlu_pro,qwen3-4b-nothink,mmlu_pro_test_08345,1,0.432981,4
mmlu_pro,qwen3-4b-nothink,mmlu_pro_test_11923,1,0.613422,4
mmlu_pro,qwen3-4b-nothink,mmlu_pro_test_02173,0,0.54569,3
mmlu_pro,qwen3-4b-nothink,mmlu_pro_test_00064,1,0.270077,5
mmlu_pro,qwen3-4b-nothink,mmlu_pro_test_05556,1,0.758755,4
mmlu_pro,qwen3-4b-nothink,mmlu_pro_test_00728,1,0.720377,3
mmlu_pro,qwen3-4b-nothink,mmlu_pro_test_01919,0,0.749969,2
mmlu_pro,qwen3-4b-nothink,mmlu_pro_test_05840,0,0.745504,2
mmlu_pro,qwen3-4b-nothink,mmlu_pro_test_10423,1,0.777885,5
mmlu_pro,qwen3-4b-nothink,mmlu_pro_test_05818,0,0.733114,3
mmlu_pro,qwen3-4b-nothink,mmlu_pro_test_09505,1,0.718639,4
mmlu_pro,qwen3-4b-nothink,mmlu_pro_test_10067,1,0.618658,1
mmlu_pro,qwen3-4b-nothink,mmlu_pro_test_08111,1,0.725789,2
mmlu_pro,qwen3-4b-nothink,mmlu_pro_test_11294,1,0.796348,4
mmlu_pro,qwen3-4b-nothink,mmlu_pro_test_05926,0,0.634628,2
mmlu_pro,qwen3-4b-nothink,mmlu_pro_test_00751,0,0.746452,1
mmlu_pro,qwen3-4b-nothink,mmlu_pro_test_10827,1,0.798392,3
mmlu_pro,qwen3-4b-nothink,mmlu_pro_test_08788,1,0.344939,5
mmlu_pro,qwen3-4b-nothink,mmlu_pro_test_06328,1,0.42936,3
mmlu_pro,qwen3-4b-nothink,mmlu_pro_test_02897,1,0.746346,5
mmlu_pro,qwen3-4b-nothink,mmlu_pro_test_00644,1,0.772589,2
mmlu_pro,qwen3-4b-nothink,mmlu_pro_test_09957,1,0.631928,2
mmlu_pro,qwen3-4b-nothink,mmlu_pro_test_01205,1,0.741762,5
mmlu_pro,qwen3-4b-nothink,mmlu_pro_test_05689,0,0.683879,4
mmlu_pro,qwen3-4b-nothink,mmlu_pro_test_05010,1,0.701205,4
mmlu_pro,qwen3-4b-nothink,mmlu_pro_test_05512,0,0.73526,3
mmlu_pro,qwen3-4b-nothink,mmlu_pro_test_06901,0,0.789622,3
mmlu_pro,qwen3-4b-nothink,mmlu_pro_test_04665,1,0.752045,2
mmlu_pro,qwen3-4b-nothink,mmlu_pro_test_01601,0,0.652403,5
mmlu_pro,qwen3-4b-nothink,mmlu_pro_test_07268,1,0.765902,2
mmlu_pro,qwen3-4b-nothink,mmlu_pro_test_11797,0,0.58605,2
mmlu_pro,qwen3-4b-nothink,mmlu_pro_test_09724,0,0.252548,4
mmlu_pro,qwen3-4b-nothink,mmlu_pro_test_06854,1,0.570148,3
mmlu_pro,qwen3-4b-nothink,mmlu_pro_test_02874,1,0.724749,3
mmlu_pro,qwen3-4b-nothink,mmlu_pro_test_00408,1,0.723022,3
mmlu_pro,qwen3-4b-nothink,mmlu_pro_test_11021,0,0.706372,4
mmlu_pro,qwen3-4b-nothink,mmlu_pro_test_06497,1,0.681814,3
mmlu_pro,qwen3-4b-nothink,mmlu_pro_test_08694,1,0.60807,4
mmlu_pro,qwen3-4b-nothink,mmlu_pro_test_00082,0,0.656904,3
mmlu_pro,qwen3-4b-nothink,mmlu_pro_test_05696,0,0.774176,4
mmlu_pro,qwen3-4b-nothink,mmlu_pro_test_07437,1,0.683773,4
mmlu_pro,qwen3-4b-nothink,mmlu_pro_test_08183,1,0.713489,5
mmlu_pro,qwen3-4b-nothink,mmlu_pro_test_01831,0,0.478089,1
mmlu_pro,qwen3-4b-nothink,mmlu_pro_test_03615,0,0.736834,2
mmlu_pro,qwen3-4b-nothink,mmlu_pro_test_02148,1,0.739533,4
mmlu_pro,qwen3-4b-nothink,mmlu_pro_test_00219,1,0.604926,1
mmlu_pro,qwen3-4b-nothink,mmlu_pro_test_08350,1,0.702609,2
mmlu_pro,qwen3-4b-nothink,mmlu_pro_test_03087,0,0.641459,2
mmlu_pro,qwen3-4b-nothink,mmlu_pro_test_07100,1,0.753949,2
mmlu_pro,qwen3-4b-nothink,mmlu_pro_test_09170,1,0.62619,3
mmlu_pro,qwen3-4b-nothink,mmlu_pro_test_02905,1,0.653377,1
mmlu_pro,qwen3-4b-nothink,mmlu_pro_test_04309,1,0.713262,5
mmlu_pro,qwen3-4b-nothink,mmlu_pro_test_08993,1,0.746158,1
mmlu_pro,qwen3-4b-nothink,mmlu_pro_test_10113,1,0.656144,2
mmlu_pro,qwen3-4b-nothink,mmlu_pro_test_08399,1,0.688019,4
mmlu_pro,qwen3-4b-nothink,mmlu_pro_test_01252,0,0.746771,2
mmlu_pro,qwen3-4b-nothink,mmlu_pro_test_02171,0,0.555358,3
mmlu_pro,qwen3-4b-nothink,mmlu_pro_test_07031,1,0.663555,1
mmlu_pro,qwen3-4b-nothink,mmlu_pro_test_11015,0,0.504371,5
mmlu_pro,qwen3-4b-nothink,mmlu_pro_test_04358,1,0.661806,3
mmlu_pro,qwen3-4b-nothink,mmlu_pro_test_06831,1,0.745415,3
mmlu_pro,qwen3-4b-nothink,mmlu_pro_test_09713,1,0.751842,4
mmlu_pro,qwen3-4b-nothink,mmlu_pro_test_11462,1,0.391835,3
mmlu_pro,qwen3-4b-nothink,mmlu_pro_test_09094,1,0.749815,3
mmlu_pro,qwen3-4b-nothink,mmlu_pro_test_05195,0,0.794435,2
mmlu_pro,qwen3-4b-nothink,mmlu_pro_test_08685,1,0.769981,1
mmlu_pro,qwen3-4b-nothink,mmlu_pro_test_04928,1,0.737402,5
mmlu_pro,qwen3-4b-nothink,mmlu_pro_test_01141,0,0.746357,1
mmlu_pro,qwen3-4b-nothink,mmlu_pro_test_06313,1,0.772851,1
mmlu_pro,qwen3-4b-nothink,mmlu_pro_test_06295,1,0.758392,4
mmlu_pro,qwen3-4b-nothink,mmlu_pro_test_08122,1,0.532394,2
mmlu_pro,qwen3-4b-nothink,mmlu_pro_test_00811,0,0.702793,3
mmlu_pro,qwen3-4b-nothink,mmlu_pro_test_06830,1,0.704455,3
mmlu_pro,qwen3-4b-nothink,mmlu_pro_test_08247,1,0.629312,3
mmlu_pro,qwen3-4b-nothink,mmlu_pro_test_11219,0,0.083329,4
mmlu_pro,qwen3-4b-nothink,mmlu_pro_test_09566,0,0.520393,4
mmlu_pro,qwen3-4b-nothink,mmlu_pro_test_08198,1,0.743314,1
mmlu_pro,qwen3-4b-nothink,mmlu_pro_test_02011,1,0.717637,4
mmlu_pro,qwen3-4b-nothink,mmlu_pro_test_01134,1,0.631789,3
mmlu_pro,qwen3-4b-nothink,mmlu_pro_test_09123,0,0.576263,1
mmlu_pro,qwen3-4b-nothink,mmlu_pro_test_10970,0,0.412583,2
mmlu_pro,qwen3-4b-nothink,mmlu_pro_test_04867,0,0.554649,5
mmlu_pro,qwen3-4b-nothink,mmlu_pro_test_00329,1,0.749978,5
mmlu_pro,qwen3-4b-nothink,mmlu_pro_test_11567,0,0.423229,5
mmlu_pro,qwen3-4b-nothink,mmlu_pro_test_02438,0,0.697614,5
mmlu_pro,qwen3-4b-nothink,mmlu_pro_test_01736,1,0.656611,3
mmlu_pro,qwen3-4b-nothink,mmlu_pro_test_04974,1,0.74456,4
mmlu_pro,qwen3-4b-nothink,mmlu_pro_test_04929,1,0.695476,4
mmlu_pro,qwen3-4b-nothink,mmlu_pro_test_00906,0,0.545979,2
mmlu_pro,qwen3-4b-nothink,mmlu_pro_test_10032,1,0.815769,4
mmlu_pro,qwen3-4b-nothink,mmlu_pro_test_10120,0,0.120009,5
mmlu_pro,qwen3-4b-nothink,mmlu_pro_test_04603,0,0.723026,4
mmlu_pro,qwen3-4b-nothink,mmlu_pro_test_09313,0,0.71285,1
mmlu_pro,qwen3-4b-nothink,mmlu_pro_test_03525,0,0.750679,1
mmlu_pro,qwen3-4b-nothink,mmlu_pro_test_06663,0,0.562177,2
mmlu_pro,qwen3-4b-nothink,mmlu_pro_test_05202,0,0.69671,1
mmlu_pro,qwen3-4b-nothink,mmlu_pro_test_07832,1,0.747897,2
mmlu_pro,qwen3-4b-nothink,mmlu_pro_test_06713,1,0.708561,2
mmlu_pro,qwen3-4b-nothink,mmlu_pro_test_06787,1,0.705167,5
mmlu_pro,qwen3-4b-nothink,mmlu_pro_test_08872,1,0.692978,4
mmlu_pro,qwen3-4b-nothink,mmlu_pro_test_08430,0,0.415142,1
mmlu_pro,qwen3-4b-nothink,mmlu_pro_test_08156,0,0.412126,4
mmlu_pro,qwen3-4b-nothink,mmlu_pro_test_03436,1,0.793274,4
mmlu_pro,qwen3-4b-nothink,mmlu_pro_test_05678,1,0.634636,2
mmlu_pro,qwen3-4b-nothink,mmlu_pro_test_09300,1,0.715226,1
mmlu_pro,qwen3-4b-nothink,mmlu_pro_test_11904,0,0.760888,2
mmlu_pro,qwen3-4b-nothink,mmlu_pro_test_08861,1,0.670627,1
mmlu_pro,qwen3-4b-nothink,mmlu_pro_test_11232,1,0.744584,1
mmlu_pro,qwen3-4b-nothink,mmlu_pro_test_06424,1,0.710278,2
mmlu_pro,qwen3-4b-nothink,mmlu_pro_test_02283,1,0.669777,4
mmlu_pro,qwen3-4b-nothink,mmlu_pro_test_04727,1,0.51548,1
mmlu_pro,qwen3-4b-nothink,mmlu_pro_test_01003,0,0.756517,2
mmlu_pro,qwen3-4b-nothink,mmlu_pro_test_10324,1,0.781209,1
mmlu_pro,qwen3-4b-nothink,mmlu_pro_test_11346,1,0.650062,3
mmlu_pro,qwen3-4b-nothink,mmlu_pro_test_10124,1,0.672684,2
mmlu_pro,qwen3-4b-nothink,mmlu_pro_test_03182,1,0.734065,1
mmlu_pro,qwen3-4b-nothink,mmlu_pro_test_08688,1,0.785139,3
mmlu_pro,qwen3-4b-nothink,mmlu_pro_test_03564,1,0.649475,3
mmlu_pro,qwen3-4b-nothink,mmlu_pro_test_05109,0,0.763972,4
mmlu_pro,qwen3-4b-nothink,mmlu_pro_test_10163,0,0.734275,4
mmlu_pro,qwen3-4b-nothink,mmlu_pro_test_03959,1,0.671169,3
mmlu_pro,qwen3-4b-nothink,mmlu_pro_test_09807,1,0.604464,5
mmlu_pro,qwen3-4b-nothink,mmlu_pro_test_11639,1,0.690438,2
mmlu_pro,qwen3-4b-nothink,mmlu_pro_test_11419,1,0.413713,4
mmlu_pro,qwen3-4b-nothink,mmlu_pro_test_03992,0,0.49089,2
mmlu_pro,qwen3-4b-nothink,mmlu_pro_test_06451,0,0.644504,1
mmlu_pro,qwen3-4b-nothink,mmlu_pro_test_03581,0,0.37827,1
mmlu_pro,qwen3-4b-nothink,mmlu_pro_test_00836,0,0.718777,5
mmlu_pro,qwen3-4b-nothink,mmlu_pro_test_08372,1,0.698311,5
mmlu_pro,qwen3-4b-nothink,mmlu_pro_test_01355,0,0.644386,4
mmlu_pro,qwen3-4b-nothink,mmlu_pro_test_10802,1,0.742343,3
mmlu_pro,qwen3-4b-nothink,mmlu_pro_test_00880,0,0.473429,3
mmlu_pro,qwen3-4b-nothink,mmlu_pro_test_00338,0,0.305062,2
mmlu_pro,qwen3-4b-nothink,mmlu_pro_test_00378,0,0.641832,1
mmlu_pro,qwen3-4b-nothink,mmlu_pro_test_03601,0,0.613938,1
mmlu_pro,qwen3-4b-nothink,mmlu_pro_test_09942,1,0.763283,1
mmlu_pro,qwen3-4b-nothink,mmlu_pro_test_06822,1,0.74287,2
mmlu_pro,qwen3-4b-nothink,mmlu_pro_test_08667,1,0.62359,4
mmlu_pro,qwen3-4b-nothink,mmlu_pro_test_08552,0,0.575502,5
mmlu_pro,qwen3-4b-nothink,mmlu_pro_test_05452,0,0.717683,3
mmlu_pro,qwen3-4b-nothink,mmlu_pro_test_09544,1,0.70732,5
mmlu_pro,qwen3-4b-nothink,mmlu_pro_test_11926,0,0.323687,2
mmlu_pro,qwen3-4b-nothink,mmlu_pro_test_04109,0,0.521878,2
mmlu_pro,qwen3-4b-nothink,mmlu_pro_test_00425,1,0.703463,3
mmlu_pro,qwen3-4b-nothink,mmlu_pro_test_02544,1,0.731869,1
mmlu_pro,qwen3-4b-nothink,mmlu_pro_test_01550,0,0.65821,2
mmlu_pro,qwen3-4b-nothink,mmlu_pro_test_08699,1,0.683494,1
mmlu_pro,qwen3-4b-nothink,mmlu_pro_test_11756,0,0.536144,4
mmlu_pro,qwen3-4b-nothink,mmlu_pro_test_03795,1,0.799519,4
mmlu_pro,qwen3-4b-nothink,mmlu_pro_test_06341,1,0.73366,4
mmlu_pro,qwen3-4b-nothink,mmlu_pro_test_06977,1,0.366966,5
mmlu_pro,qwen3-4b-nothink,mmlu_pro_test_06331,0,0.56313,4
mmlu_pro,qwen3-4b-nothink,mmlu_pro_test_06884,1,0.624861,1
mmlu_pro,qwen3-4b-nothink,mmlu_pro_test_02285,0,0.535119,1
mmlu_pro,qwen3-4b-nothink,mmlu_pro_test_11020,0,0.808978,1
mmlu_pro,qwen3-4b-nothink,mmlu_pro_test_01721,1,0.761734,1
mmlu_pro,qwen3-4b-nothink,mmlu_pro_test_05679,1,0.702699,5
mmlu_pro,qwen3-4b-nothink,mmlu_pro_test_06517,0,0.619081,2
mmlu_pro,qwen3-4b-nothink,mmlu_pro_test_03061,1,0.650467,5
mmlu_pro,qwen3-4b-nothink,mmlu_pro_test_10973,0,0.579358,2
mmlu_pro,qwen3-4b-nothink,mmlu_pro_test_08203,1,0.743456,1
mmlu_pro,qwen3-4b-nothink,mmlu_pro_test_09801,1,0.711877,3
mmlu_pro,qwen3-4b-nothink,mmlu_pro_test_02225,1,0.744523,4
mmlu_pro,qwen3-4b-nothink,mmlu_pro_test_00940,0,0.475692,1
mmlu_pro,qwen3-4b-nothink,mmlu_pro_test_00504,1,0.579955,4
mmlu_pro,qwen3-4b-nothink,mmlu_pro_test_12024,0,0.70856,2
mmlu_pro,qwen3-4b-nothink,mmlu_pro_test_07930,1,0.559286,3
mmlu_pro,qwen3-4b-nothink,mmlu_pro_test_06579,1,0.733277,2
mmlu_pro,qwen3-4b-nothink,mmlu_pro_test_08275,1,0.766211,1
mmlu_pro,qwen3-4b-nothink,mmlu_pro_test_09550,1,0.702262,4
mmlu_pro,qwen3-4b-nothink,mmlu_pro_test_02498,1,0.611035,3
mmlu_pro,qwen3-4b-nothink,mmlu_pro_test_04021,0,0.272699,1
mmlu_pro,qwen3-4b-nothink,mmlu_pro_test_01960,0,0.68016,3
mmlu_pro,qwen3-4b-nothink,mmlu_pro_test_11222,1,0.643298,1
mmlu_pro,qwen3-4b-nothink,mmlu_pro_test_10708,1,0.810058,2
mmlu_pro,qwen3-4b-nothink,mmlu_pro_test_02841,1,0.74161,1
mmlu_pro,qwen3-4b-nothink,mmlu_pro_test_05560,1,0.727858,2
mmlu_pro,qwen3-4b-nothink,mmlu_pro_test_11547,1,0.697014,2
mmlu_pro,qwen3-4b-nothink,mmlu_pro_test_00438,1,0.623065,5
mmlu_pro,qwen3-4b-nothink,mmlu_pro_test_07857,1,0.620085,2
mmlu_pro,qwen3-4b-nothink,mmlu_pro_test_06513,1,0.703372,5
mmlu_pro,qwen3-4b-nothink,mmlu_pro_test_07069,1,0.70893,4
mmlu_pro,qwen3-4b-nothink,mmlu_pro_test_00479,0,0.223728,5
mmlu_pro,qwen3-4b-nothink,mmlu_pro_test_03955,1,0.612777,2
mmlu_pro,qwen3-4b-nothink,mmlu_pro_test_05605,1,0.683505,5
mmlu_pro,qwen3-4b-nothink,mmlu_pro_test_11413,1,0.544687,5
mmlu_pro,qwen3-4b-nothink,mmlu_pro_test_07246,0,0.702711,2
mmlu_pro,qwen3-4b-nothink,mmlu_pro_test_02726,0,0.745568,4
mmlu_pro,qwen3-4b-nothink,mmlu_pro_test_12013,0,0.586486,1
mmlu_pro,qwen3-4b-nothink,mmlu_pro_test_03025,1,0.744212,5
mmlu_pro,qwen3-4b-nothink,mmlu_pro_test_04032,1,0.608674,1
mmlu_pro,qwen3-4b-nothink,mmlu_pro_test_04556,1,0.526058,3
mmlu_pro,qwen3-4b-nothink,mmlu_pro_test_08846,1,0.57592,2
mmlu_pro,qwen3-4b-nothink,mmlu_pro_test_00159,0,0.6393,2
mmlu_pro,qwen3-4b-nothink,mmlu_pro_test_05857,1,0.587623,4
mmlu_pro,qwen3-4b-nothink,mmlu_pro_test_11777,1,0.716694,5
mmlu_pro,qwen3-4b-nothink,mmlu_pro_test_07599,0,0.144414,5
mmlu_pro,qwen3-4b-nothink,mmlu_pro_test_10348,0,0.589282,2
mmlu_pro,qwen3-4b-nothink,mmlu_pro_test_03896,1,0.768838,2
mmlu_pro,qwen3-4b-nothink,mmlu_pro_test_01626,0,0.631074,1
mmlu_pro,qwen3-4b-nothink,mmlu_pro_test_10350,0,0.464608,1
mmlu_pro,qwen3-4b-nothink,mmlu_pro_test_11151,0,0.339862,1
mmlu_pro,qwen3-4b-nothink,mmlu_pro_test_09877,1,0.713472,2
mmlu_pro,qwen3-4b-nothink,mmlu_pro_test_01553,1,0.650158,4
mmlu_pro,qwen3-4b-nothink,mmlu_pro_test_03055,1,0.756064,3
mmlu_pro,qwen3-4b-nothink,mmlu_pro_test_11366,1,0.674321,5
mmlu_pro,qwen3-4b-nothink,mmlu_pro_test_09504,1,0.555308,3
mmlu_pro,qwen3-4b-nothink,mmlu_pro_test_00636,1,0.786538,1
mmlu_pro,qwen3-4b-nothink,mmlu_pro_test_00277,1,0.667467,5
mmlu_pro,qwen3-4b-nothink,mmlu_pro_test_00288,0,0.657714,5
mmlu_pro,qwen3-4b-nothink,mmlu_pro_test_11665,1,0.756048,1
mmlu_pro,qwen3-4b-nothink,mmlu_pro_test_09600,1,0.533005,4
mmlu_pro,qwen3-4b-nothink,mmlu_pro_test_06037,0,0.795592,3
mmlu_pro,qwen3-4b-nothink,mmlu_pro_test_10887,1,0.755665,5
mmlu_pro,qwen3-4b-nothink,mmlu_pro_test_09230,1,0.651791,1
mmlu_pro,qwen3-4b-nothink,mmlu_pro_test_07156,1,0.796917,4
mmlu_pro,qwen3-4b-nothink,mmlu_pro_test_08774,1,0.662126,4
mmlu_pro,qwen3-4b-nothink,mmlu_pro_test_02540,1,0.774194,5
mmlu_pro,qwen3-4b-nothink,mmlu_pro_test_06076,1,0.649722,2
mmlu_pro,qwen3-4b-nothink,mmlu_pro_test_00886,0,0.630436,5
mmlu_pro,qwen3-4b-nothink,mmlu_pro_test_01537,1,0.698565,3
mmlu_pro,qwen3-4b-nothink,mmlu_pro_test_09637,0,0.763318,4
mmlu_pro,qwen3-4b-nothink,mmlu_pro_test_10013,1,0.516519,4
mmlu_pro,qwen3-4b-nothink,mmlu_pro_test_03543,1,0.738075,3
mmlu_pro,qwen3-4b-nothink,mmlu_pro_test_00900,1,0.71731,4
mmlu_pro,qwen3-4b-nothink,mmlu_pro_test_04439,1,0.716234,1
mmlu_pro,qwen3-4b-nothink,mmlu_pro_test_04870,1,0.678755,4
mmlu_pro,qwen3-4b-nothink,mmlu_pro_test_10222,1,0.804766,1
mmlu_pro,qwen3-4b-nothink,mmlu_pro_test_08932,0,0.710032,2
mmlu_pro,qwen3-4b-nothink,mmlu_pro_test_01482,0,0.598024,2
mmlu_pro,qwen3-4b-nothink,mmlu_pro_test_05997,0,0.587224,5
mmlu_pro,qwen3-4b-nothink,mmlu_pro_test_07383,1,0.446691,2
mmlu_pro,qwen3-4b-nothink,mmlu_pro_test_03864,1,0.646878,3
mmlu_pro,qwen3-4b-nothink,mmlu_pro_test_03206,1,0.664861,3
mmlu_pro,qwen3-4b-nothink,mmlu_pro_test_03219,1,0.724523,4
mmlu_pro,qwen3-4b-nothink,mmlu_pro_test_08616,1,0.739182,1
mmlu_pro,qwen3-4b-nothink,mmlu_pro_test_06239,1,0.767495,1
mmlu_pro,qwen3-4b-nothink,mmlu_pro_test_11218,0,0.751222,1
mmlu_pro,qwen3-4b-nothink,mmlu_pro_test_11431,1,0.7507,4
mmlu_pro,qwen3-4b-nothink,mmlu_pro_test_01772,1,0.624889,3
mmlu_pro,qwen3-4b-nothink,mmlu_pro_test_09875,0,0.621382,1
mmlu_pro,qwen3-4b-nothink,mmlu_pro_test_04910,0,0.606198,5
mmlu_pro,qwen3-4b-nothink,mmlu_pro_test_11144,1,0.442493,3
mmlu_pro,qwen3-4b-nothink,mmlu_pro_test_10608,1,0.605706,5
mmlu_pro,qwen3-4b-nothink,mmlu_pro_test_04765,1,0.709998,3
mmlu_pro,qwen3-4b-nothink,mmlu_pro_test_03207,1,0.741372,2
mmlu_pro,qwen3-4b-nothink,mmlu_pro_test_05102,1,0.437345,3
mmlu_pro,qwen3-4b-nothink,mmlu_pro_test_01711,0,0.705541,3
mmlu_pro,qwen3-4b-nothink,mmlu_pro_test_11092,1,0.688027,5
mmlu_pro,qwen3-4b-nothink,mmlu_pro_test_08269,1,0.710786,5
mmlu_pro,qwen3-4b-nothink,mmlu_pro_test_09488,0,0.394647,4
mmlu_pro,qwen3-4b-nothink,mmlu_pro_test_01019,1,0.600961,1
mmlu_pro,qwen3-4b-nothink,mmlu_pro_test_06772,1,0.752708,5
mmlu_pro,qwen3-4b-nothink,mmlu_pro_test_09129,0,0.761894,3
mmlu_pro,qwen3-4b-nothink,mmlu_pro_test_05528,1,0.750578,3
mmlu_pro,qwen3-4b-nothink,mmlu_pro_test_00467,1,0.658166,2
mmlu_pro,qwen3-4b-nothink,mmlu_pro_test_01400,1,0.700357,3
mmlu_pro,qwen3-4b-nothink,mmlu_pro_test_00792,0,0.573969,4
mmlu_pro,qwen3-4b-nothink,mmlu_pro_test_09177,1,0.736714,2
mmlu_pro,qwen3-4b-nothink,mmlu_pro_test_08481,0,0.707075,5
mmlu_pro,qwen3-4b-nothink,mmlu_pro_test_08496,1,0.731517,4
mmlu_pro,qwen3-4b-nothink,mmlu_pro_test_11186,0,0.367265,5
mmlu_pro,qwen3-4b-nothink,mmlu_pro_test_05897,1,0.679262,5
mmlu_pro,qwen3-4b-nothink,mmlu_pro_test_02054,1,0.669446,2
mmlu_pro,qwen3-4b-nothink,mmlu_pro_test_11008,0,0.667068,3
mmlu_pro,qwen3-4b-nothink,mmlu_pro_test_08110,1,0.50299,4
mmlu_pro,qwen3-4b-nothink,mmlu_pro_test_03402,1,0.705079,3
mmlu_pro,qwen3-4b-nothink,mmlu_pro_test_00221,0,0.415244,4
mmlu_pro,qwen3-4b-nothink,mmlu_pro_test_03979,0,0.660762,1
mmlu_pro,qwen3-4b-nothink,mmlu_pro_test_11046,0,0.656975,2
mmlu_pro,qwen3-4b-nothink,mmlu_pro_test_09827,1,0.78652,3
mmlu_pro,qwen3-4b-nothink,mmlu_pro_test_01377,1,0.714551,4
mmlu_pro,qwen3-4b-nothink,mmlu_pro_test_04611,1,0.729968,2
mmlu_pro,qwen3-4b-nothink,mmlu_pro_test_04003,1,0.623367,5
mmlu_pro,qwen3-4b-nothink,mmlu_pro_test_09422,1,0.688753,1
mmlu_pro,qwen3-4b-nothink,mmlu_pro_test_04440,0,0.657026,1
mmlu_pro,qwen3-4b-nothink,mmlu_pro_test_04069,1,0.694126,2
mmlu_pro,qwen3-4b-nothink,mmlu_pro_test_00045,0,0.805865,3
mmlu_pro,qwen3-4b-nothink,mmlu_pro_test_03477,0,0.544857,1
mmlu_pro,qwen3-4b-nothink,mmlu_pro_test_07164,0,0.552293,3
mmlu_pro,qwen3-4b-nothink,mmlu_pro_test_09773,1,0.720373,2
mmlu_pro,qwen3-4b-nothink,mmlu_pro_test_09053,1,0.734405,4
mmlu_pro,qwen3-4b-nothink,mmlu_pro_test_02203,1,0.777922,1
mmlu_pro,qwen3-4b-nothink,mmlu_pro_test_09735,1,0.710509,3
mmlu_pro,qwen3-4b-nothink,mmlu_pro_test_03701,1,0.766166,3
mmlu_pro,qwen3-4b-nothink,mmlu_pro_test_05405,1,0.747369,3
mmlu_pro,qwen3-4b-nothink,mmlu_pro_test_08569,1,0.750761,5
mmlu_pro,qwen3-4b-nothink,mmlu_pro_test_03172,1,0.727337,2
mmlu_pro,qwen3-4b-nothink,mmlu_pro_test_05757,0,0.532553,5
mmlu_pro,qwen3-4b-nothink,mmlu_pro_test_06448,0,0.603352,2
mmlu_pro,qwen3-4b-nothink,mmlu_pro_test_07928,1,0.619549,2
mmlu_pro,qwen3-4b-nothink,mmlu_pro_test_10412,1,0.694523,2
mmlu_pro,qwen3-4b-nothink,mmlu_pro_test_05561,1,0.637797,3
mmlu_pro,qwen3-4b-nothink,mmlu_pro_test_05699,1,0.696008,3
mmlu_pro,qwen3-4b-nothink,mmlu_pro_test_02130,1,0.608392,5
mmlu_pro,qwen3-4b-nothink,mmlu_pro_test_03197,1,0.676504,4
mmlu_pro,qwen3-4b-nothink,mmlu_pro_test_02136,1,0.689136,4
mmlu_pro,qwen3-4b-nothink,mmlu_pro_test_02648,1,0.773204,4
mmlu_pro,qwen3-4b-nothink,mmlu_pro_test_05842,1,0.782296,5
mmlu_pro,qwen3-4b-nothink,mmlu_pro_test_11234,1,0.761954,5
mmlu_pro,qwen3-4b-nothink,mmlu_pro_test_05457,0,0.681419,5
mmlu_pro,qwen3-4b-nothink,mmlu_pro_test_08440,1,0.665068,2
mmlu_pro,qwen3-4b-nothink,mmlu_pro_test_02528,1,0.741038,4
mmlu_pro,qwen3-4b-nothink,mmlu_pro_test_03004,1,0.715961,2
mmlu_pro,qwen3-4b-nothink,mmlu_pro_test_07942,1,0.695112,3
mmlu_pro,qwen3-4b-nothink,mmlu_pro_test_03933,1,0.720445,1
mmlu_pro,qwen3-4b-nothink,mmlu_pro_test_00211,1,0.703044,2
mmlu_pro,qwen3-4b-nothink,mmlu_pro_test_10752,1,0.731015,2
mmlu_pro,qwen3-4b-nothink,mmlu_pro_test_05534,1,0.668962,5
mmlu_pro,qwen3-4b-nothink,mmlu_pro_test_07919,1,0.725499,4
mmlu_pro,qwen3-4b-nothink,mmlu_pro_test_01966,0,0.455152,2
mmlu_pro,qwen3-4b-nothink,mmlu_pro_test_11143,1,0.713089,4
mmlu_pro,qwen3-4b-nothink,mmlu_pro_test_11733,0,0.737983,5
mmlu_pro,qwen3-4b-nothink,mmlu_pro_test_10184,1,0.757753,5
mmlu_pro,qwen3-4b-nothink,mmlu_pro_test_05853,0,0.690117,1
mmlu_pro,qwen3-4b-nothink,mmlu_pro_test_04197,1,0.569735,4
mmlu_pro,qwen3-4b-nothink,mmlu_pro_test_09652,0,0.440908,4
mmlu_pro,qwen3-4b-nothink,mmlu_pro_test_08957,0,0.698366,3
mmlu_pro,qwen3-4b-nothink,mmlu_pro_test_08140,1,0.640751,5
mmlu_pro,qwen3-4b-nothink,mmlu_pro_test_01495,1,0.644928,5
mmlu_pro,qwen3-4b-nothink,mmlu_pro_test_11666,0,0.762709,3
mmlu_pro,qwen3-4b-nothink,mmlu_pro_test_00127,1,0.739499,4
mmlu_pro,qwen3-4b-nothink,mmlu_pro_test_05823,1,0.772968,5
mmlu_pro,qwen3-4b-nothink,mmlu_pro_test_06648,1,0.699249,3
mmlu_pro,qwen3-4b-nothink,mmlu_pro_test_04513,0,0.578839,4
mmlu_pro,qwen3-4b-nothink,mmlu_pro_test_01340,1,0.672196,5
mmlu_pro,qwen3-4b-nothink,mmlu_pro_test_07044,1,0.699814,5
mmlu_pro,qwen3-4b-nothink,mmlu_pro_test_05098,1,0.60006,4
mmlu_pro,qwen3-4b-nothink,mmlu_pro_test_04858,1,0.798865,1
mmlu_pro,qwen3-4b-nothink,mmlu_pro_test_05115,0,0.73385,2
mmlu_pro,qwen3-4b-nothink,mmlu_pro_test_04473,1,0.681816,2
mmlu_pro,qwen3-4b-nothink,mmlu_pro_test_05391,1,0.761524,4
mmlu_pro,qwen3-4b-nothink,mmlu_pro_test_08620,1,0.7227,5
mmlu_pro,qwen3-4b-nothink,mmlu_pro_test_06792,1,0.710096,5
mmlu_pro,qwen3-4b-nothink,mmlu_pro_test_10355,1,0.415183,4
mmlu_pro,qwen3-4b-nothink,mmlu_pro_test_05086,1,0.813489,3
mmlu_pro,qwen3-4b-nothink,mmlu_pro_test_08058,1,0.753736,2
mmlu_pro,qwen3-4b-nothink,mmlu_pro_test_02357,0,0.692402,4
mmlu_pro,qwen3-4b-nothink,mmlu_pro_test_04466,1,0.682353,5
mmlu_pro,qwen3-4b-nothink,mmlu_pro_test_11658,1,0.656508,2
mmlu_pro,qwen3-4b-nothink,mmlu_pro_test_09754,1,0.734679,3
mmlu_pro,qwen3-4b-nothink,mmlu_pro_test_05867,0,0.794986,1
mmlu_pro,qwen3-4b-nothink,mmlu_pro_test_07850,1,0.715829,4
mmlu_pro,qwen3-4b-nothink,mmlu_pro_test_04159,1,0.617827,2
mmlu_pro,qwen3-4b-nothink,mmlu_pro_test_02630,1,0.645542,3
mmlu_pro,qwen3-4b-nothink,mmlu_pro_test_08607,1,0.753736,2
mmlu_pro,qwen3-4b-nothink,mmlu_pro_test_08650,1,0.654719,4
mmlu_pro,qwen3-4b-nothink,mmlu_pro_test_06300,1,0.661424,2
mmlu_pro,qwen3-4b-nothink,mmlu_pro_test_07786,1,0.539363,5
mmlu_pro,qwen3-4b-nothink,mmlu_pro_test_10202,1,0.731852,3
mmlu_pro,qwen3-4b-nothink,mmlu_pro_test_01890,0,0.745815,4
mmlu_pro,qwen3-4b-nothink,mmlu_pro_test_05206,0,0.744269,5
mmlu_pro,qwen3-4b-nothink,mmlu_pro_test_03518,1,0.699606,2
mmlu_pro,qwen3-4b-nothink,mmlu_pro_test_07132,1,0.717292,1
mmlu_pro,qwen3-4b-nothink,mmlu_pro_test_06601,1,0.719142,2
mmlu_pro,qwen3-4b-nothink,mmlu_pro_test_07394,1,0.575775,4
mmlu_pro,qwen3-4b-nothink,mmlu_pro_test_11930,1,0.54465,4
mmlu_pro,qwen3-4b-nothink,mmlu_pro_test_09182,1,0.670451,4
mmlu_pro,qwen3-4b-nothink,mmlu_pro_test_02152,1,0.649032,2
mmlu_pro,qwen3-4b-nothink,mmlu_pro_test_11478,1,0.721315,5
mmlu_pro,qwen3-4b-nothink,mmlu_pro_test_10045,1,0.640801,5
mmlu_pro,qwen3-4b-nothink,mmlu_pro_test_07211,1,0.737696,3
mmlu_pro,qwen3-4b-nothink,mmlu_pro_test_02080,1,0.687876,2
mmlu_pro,qwen3-4b-nothink,mmlu_pro_test_10517,1,0.7488,5
mmlu_pro,qwen3-4b-nothink,mmlu_pro_test_04284,1,0.689074,3
mmlu_pro,qwen3-4b-nothink,mmlu_pro_test_03677,1,0.653923,5
mmlu_pro,qwen3-4b-nothink,mmlu_pro_test_04387,0,0.810628,1
mmlu_pro,qwen3-4b-nothink,mmlu_pro_test_06802,0,0.674248,5
mmlu_pro,qwen3-4b-nothink,mmlu_pro_test_06404,1,0.788388,1
mmlu_pro,qwen3-4b-nothink,mmlu_pro_test_02366,1,0.687387,1
mmlu_pro,qwen3-4b-nothink,mmlu_pro_test_02737,1,0.403556,5
mmlu_pro,qwen3-4b-nothink,mmlu_pro_test_05495,0,0.676443,5
mmlu_pro,qwen3-4b-nothink,mmlu_pro_test_02371,1,0.712497,4
mmlu_pro,qwen3-4b-nothink,mmlu_pro_test_02003,1,0.74413,2
mmlu_pro,qwen3-4b-nothink,mmlu_pro_test_04589,1,0.705011,5
mmlu_pro,qwen3-4b-nothink,mmlu_pro_test_01861,1,0.671981,1
mmlu_pro,qwen3-4b-nothink,mmlu_pro_test_00991,0,0.667012,4
mmlu_pro,qwen3-4b-nothink,mmlu_pro_test_06894,1,0.79709,2
mmlu_pro,qwen3-4b-nothink,mmlu_pro_test_10841,0,0.70087,3
mmlu_pro,qwen3-4b-nothink,mmlu_pro_test_08112,1,0.702743,1
mmlu_pro,qwen3-4b-nothink,mmlu_pro_test_11190,0,0.633259,1
mmlu_pro,qwen3-4b-nothink,mmlu_pro_test_06000,1,0.67796,3
mmlu_pro,qwen3-4b-nothink,mmlu_pro_test_07453,1,0.791924,1
mmlu_pro,qwen3-4b-nothink,mmlu_pro_test_06357,1,0.738423,3
mmlu_pro,qwen3-4b-nothink,mmlu_pro_test_10158,0,0.696254,2
mmlu_pro,qwen3-4b-nothink,mmlu_pro_test_02333,1,0.709731,2
mmlu_pro,qwen3-4b-nothink,mmlu_pro_test_00665,1,0.693272,3
mmlu_pro,qwen3-4b-nothink,mmlu_pro_test_09772,1,0.749334,2
mmlu_pro,qwen3-4b-nothink,mmlu_pro_test_02232,0,0.746546,1
mmlu_pro,qwen3-4b-nothink,mmlu_pro_test_08057,1,0.734815,1
mmlu_pro,qwen3-4b-nothink,mmlu_pro_test_07686,0,0.526898,5
mmlu_pro,qwen3-4b-nothink,mmlu_pro_test_07000,0,0.635166,5
mmlu_pro,qwen3-4b-nothink,mmlu_pro_test_03907,1,0.753988,1
mmlu_pro,qwen3-4b-nothink,mmlu_pro_test_02107,0,0.54986,3
mmlu_pro,qwen3-4b-nothink,mmlu_pro_test_08787,1,0.737351,1
mmlu_pro,qwen3-4b-nothink,mmlu_pro_test_07903,1,0.682599,2
mmlu_pro,qwen3-4b-nothink,mmlu_pro_test_11322,1,0.625553,2
mmlu_pro,qwen3-4b-nothink,mmlu_pro_test_08825,1,0.777257,2
mmlu_pro,qwen3-4b-nothink,mmlu_pro_test_02887,1,0.807211,4
mmlu_pro,qwen3-4b-nothink,mmlu_pro_test_07283,1,0.604051,5
mmlu_pro,qwen3-4b-nothink,mmlu_pro_test_09937,1,0.582782,2
mmlu_pro,qwen3-4b-nothink,mmlu_pro_test_10531,1,0.74943,5
mmlu_pro,qwen3-4b-nothink,mmlu_pro_test_02395,1,0.741469,1
mmlu_pro,qwen3-4b-nothink,mmlu_pro_test_05937,1,0.792775,1
mmlu_pro,qwen3-4b-nothink,mmlu_pro_test_04859,1,0.661071,3
mmlu_pro,qwen3-4b-nothink,mmlu_pro_test_11122,0,0.48211,3
mmlu_pro,qwen3-4b-nothink,mmlu_pro_test_08852,1,0.708822,5
mmlu_pro,qwen3-4b-nothink,mmlu_pro_test_06011,1,0.768105,3
mmlu_pro,qwen3-4b-nothink,mmlu_pro_test_01974,1,0.77374,5
mmlu_pro,qwen3-4b-nothink,mmlu_pro_test_01952,1,0.758373,2
mmlu_pro,qwen3-4b-nothink,mmlu_pro_test_06332,0,0.517612,1
mmlu_pro,qwen3-4b-nothink,mmlu_pro_test_02635,1,0.552161,4
mmlu_pro,qwen3-4b-nothink,mmlu_pro_test_00712,1,0.619532,5
mmlu_pro,qwen3-4b-nothink,mmlu_pro_test_10743,1,0.375675,1
mmlu_pro,qwen3-4b-nothink,mmlu_pro_test_08477,1,0.768527,5
mmlu_pro,qwen3-4b-nothink,mmlu_pro_test_02993,1,0.545513,5
mmlu_pro,qwen3-4b-nothink,mmlu_pro_test_00670,1,0.794087,2
mmlu_pro,qwen3-4b-nothink,mmlu_pro_test_07469,0,0.529221,1
mmlu_pro,qwen3-4b-nothink,mmlu_pro_test_10157,0,0.770768,4
mmlu_pro,qwen3-4b-nothink,mmlu_pro_test_01650,1,0.704519,4
mmlu_pro,qwen3-4b-nothink,mmlu_pro_test_00055,0,0.535326,1
mmlu_pro,qwen3-4b-nothink,mmlu_pro_test_02795,1,0.730026,3
mmlu_pro,qwen3-4b-nothink,mmlu_pro_test_06138,0,0.711727,3
mmlu_pro,qwen3-4b-nothink,mmlu_pro_test_10870,0,0.639793,3
mmlu_pro,qwen3-4b-nothink,mmlu_pro_test_04614,0,0.726871,1
mmlu_pro,qwen3-4b-nothink,mmlu_pro_test_04206,0,0.573658,3
mmlu_pro,qwen3-4b-nothink,mmlu_pro_test_05338,1,0.701422,3
mmlu_pro,qwen3-4b-nothink,mmlu_pro_test_05627,1,0.540505,4
mmlu_pro,qwen3-4b-nothink,mmlu_pro_test_11201,0,0.418765,4
mmlu_pro,qwen3-4b-nothink,mmlu_pro_test_04829,1,0.615904,3
mmlu_pro,qwen3-4b-nothink,mmlu_pro_test_11045,0,0.682455,3
mmlu_pro,qwen3-4b-nothink,mmlu_pro_test_01830,1,0.740878,2
mmlu_pro,qwen3-4b-nothink,mmlu_pro_test_07607,1,0.680043,1
mmlu_pro,qwen3-4b-nothink,mmlu_pro_test_04024,0,0.401141,4
mmlu_pro,qwen3-4b-nothink,mmlu_pro_test_08245,1,0.697623,3
mmlu_pro,qwen3-4b-nothink,mmlu_pro_test_06946,1,0.617774,5
mmlu_pro,qwen3-4b-nothink,mmlu_pro_test_03633,1,0.679423,5
mmlu_pro,qwen3-4b-nothink,mmlu_pro_test_01057,1,0.509097,4
mmlu_pro,qwen3-4b-nothink,mmlu_pro_test_08964,0,0.445221,5
mmlu_pro,qwen3-4b-nothink,mmlu_pro_test_11962,1,0.492287,1
mmlu_pro,qwen3-4b-nothink,mmlu_pro_test_00694,1,0.699962,2
mmlu_pro,qwen3-4b-nothink,mmlu_pro_test_10060,1,0.747805,4
mmlu_pro,qwen3-4b-nothink,mmlu_pro_test_00929,0,0.544284,4
mmlu_pro,qwen3-4b-nothink,mmlu_pro_test_02272,1,0.767249,5
mmlu_pro,qwen3-4b-nothink,mmlu_pro_test_01432,0,0.476856,4
mmlu_pro,qwen3-4b-nothink,mmlu_pro_test_08065,1,0.710292,5
mmlu_pro,qwen3-4b-nothink,mmlu_pro_test_07856,1,0.669288,2
mmlu_pro,qwen3-4b-nothink,mmlu_pro_test_08178,1,0.716406,3
mmlu_pro,qwen3-4b-nothink,mmlu_pro_test_01910,1,0.744236,2
mmlu_pro,qwen3-4b-nothink,mmlu_pro_test_07470,0,0.752005,2
mmlu_pro,qwen3-4b-nothink,mmlu_pro_test_10867,0,0.817412,3
mmlu_pro,qwen3-4b-nothink,mmlu_pro_test_10259,0,0.081571,5
mmlu_pro,qwen3-4b-nothink,mmlu_pro_test_05244,1,0.733562,1
mmlu_pro,qwen3-4b-nothink,mmlu_pro_test_06944,0,0.37599,3
mmlu_pro,qwen3-4b-nothink,mmlu_pro_test_03299,1,0.705562,3
mmlu_pro,qwen3-4b-nothink,mmlu_pro_test_09599,1,0.709381,2
mmlu_pro,qwen3-4b-nothink,mmlu_pro_test_06282,1,0.572288,1
mmlu_pro,qwen3-4b-nothink,mmlu_pro_test_07764,1,0.459721,4
mmlu_pro,qwen3-4b-nothink,mmlu_pro_test_11014,0,0.704155,5
mmlu_pro,qwen3-4b-nothink,mmlu_pro_test_04212,0,0.679003,1
mmlu_pro,qwen3-4b-nothink,mmlu_pro_test_03338,1,0.587494,1
mmlu_pro,qwen3-4b-nothink,mmlu_pro_test_09467,0,0.770636,5
mmlu_pro,qwen3-4b-nothink,mmlu_pro_test_03154,1,0.796571,1
mmlu_pro,qwen3-4b-nothink,mmlu_pro_test_09253,1,0.719825,4
mmlu_pro,qwen3-4b-nothink,mmlu_pro_test_03542,1,0.715574,3
mmlu_pro,qwen3-4b-nothink,mmlu_pro_test_04277,1,0.592841,3
mmlu_pro,qwen3-4b-nothink,mmlu_pro_test_04168,1,0.740233,2
mmlu_pro,qwen3-4b-nothink,mmlu_pro_test_06896,1,0.625297,2
mmlu_pro,qwen3-4b-nothink,mmlu_pro_test_02667,1,0.746117,1
mmlu_pro,qwen3-4b-nothink,mmlu_pro_test_05954,0,0.591755,3
mmlu_pro,qwen3-4b-nothink,mmlu_pro_test_01957,1,0.699891,5
mmlu_pro,qwen3-4b-nothink,mmlu_pro_test_03718,1,0.239038,2
mmlu_pro,qwen3-4b-nothink,mmlu_pro_test_00723,1,0.694414,5
mmlu_pro,qwen3-4b-nothink,mmlu_pro_test_05089,1,0.659525,3
mmlu_pro,qwen3-4b-nothink,mmlu_pro_test_05701,1,0.679612,4
mmlu_pro,qwen3-4b-nothink,mmlu_pro_test_01840,0,0.658977,2
mmlu_pro,qwen3-4b-nothink,mmlu_pro_test_01016,1,0.770331,3
mmlu_pro,qwen3-4b-nothink,mmlu_pro_test_11924,1,0.657743,4
mmlu_pro,qwen3-4b-nothink,mmlu_pro_test_04162,1,0.630505,2
mmlu_pro,qwen3-4b-nothink,mmlu_pro_test_10643,1,0.308052,4
mmlu_pro,qwen3-4b-nothink,mmlu_pro_test_00847,1,0.684326,5
mmlu_pro,qwen3-4b-nothink,mmlu_pro_test_11874,0,0.519117,4
mmlu_pro,qwen3-4b-nothink,mmlu_pro_test_06902,1,0.76595,2
mmlu_pro,qwen3-4b-nothink,mmlu_pro_test_06564,1,0.719301,1
mmlu_pro,qwen3-4b-nothink,mmlu_pro_test_00290,0,0.757801,4
mmlu_pro,qwen3-4b-nothink,mmlu_pro_test_03035,1,0.406223,4
mmlu_pro,qwen3-4b-nothink,mmlu_pro_test_05652,0,0.744628,1
mmlu_pro,qwen3-4b-nothink,mmlu_pro_test_03553,1,0.729489,2
mmlu_pro,qwen3-4b-nothink,mmlu_pro_test_07409,0,0.720278,3
mmlu_pro,qwen3-4b-nothink,mmlu_pro_test_02082,0,0.479294,1
mmlu_pro,qwen3-4b-nothink,mmlu_pro_test_11244,0,0.671529,5
mmlu_pro,qwen3-4b-nothink,mmlu_pro_test_04529,1,0.742013,5
mmlu_pro,qwen3-4b-nothink,mmlu_pro_test_00835,0,0.721346,4
mmlu_pro,qwen3-4b-nothink,mmlu_pro_test_00148,1,0.743579,1
mmlu_pro,qwen3-4b-nothink,mmlu_pro_test_01955,1,0.406661,1
mmlu_pro,qwen3-4b-nothink,mmlu_pro_test_07553,1,0.70652,2
mmlu_pro,qwen3-4b-nothink,mmlu_pro_test_02680,1,0.652452,1
mmlu_pro,qwen3-4b-nothink,mmlu_pro_test_05719,1,0.68506,5
mmlu_pro,qwen3-4b-nothink,mmlu_pro_test_05964,1,0.795735,4
mmlu_pro,qwen3-4b-nothink,mmlu_pro_test_03334,1,0.743188,2
mmlu_pro,qwen3-4b-nothink,mmlu_pro_test_09455,1,0.751635,2
mmlu_pro,qwen3-4b-nothink,mmlu_pro_test_07687,1,0.561791,1
mmlu_pro,qwen3-4b-nothink,mmlu_pro_test_02685,1,0.66337,3
mmlu_pro,qwen3-4b-nothink,mmlu_pro_test_03660,1,0.690789,3
mmlu_pro,qwen3-4b-nothink,mmlu_pro_test_00679,1,0.690702,3
mmlu_pro,qwen3-4b-nothink,mmlu_pro_test_03095,1,0.742782,4
mmlu_pro,qwen3-4b-nothink,mmlu_pro_test_03614,1,0.714497,4
mmlu_pro,qwen3-4b-nothink,mmlu_pro_test_01253,1,0.706135,5
mmlu_pro,qwen3-4b-nothink,mmlu_pro_test_04551,0,0.747636,4
mmlu_pro,qwen3-4b-nothink,mmlu_pro_test_03358,1,0.708913,3
mmlu_pro,qwen3-4b-nothink,mmlu_pro_test_06597,1,0.48778,2
mmlu_pro,qwen3-4b-nothink,mmlu_pro_test_07171,1,0.692227,2
mmlu_pro,qwen3-4b-nothink,mmlu_pro_test_12009,1,0.69714,4
mmlu_pro,qwen3-4b-nothink,mmlu_pro_test_10561,1,0.7016,4
mmlu_pro,qwen3-4b-nothink,mmlu_pro_test_10161,1,0.676407,1
mmlu_pro,qwen3-4b-nothink,mmlu_pro_test_10710,0,0.740061,5
mmlu_pro,qwen3-4b-nothink,mmlu_pro_test_10933,0,0.323191,3
mmlu_pro,qwen3-4b-nothink,mmlu_pro_test_02554,1,0.604527,4
mmlu_pro,qwen3-4b-nothink,mmlu_pro_test_00063,1,0.277896,1
mmlu_pro,qwen3-4b-nothink,mmlu_pro_test_09568,1,0.724367,5
mmlu_pro,qwen3-4b-nothink,mmlu_pro_test_05917,1,0.685405,1
mmlu_pro,qwen3-4b-nothink,mmlu_pro_test_04862,1,0.727484,2
mmlu_pro,qwen3-4b-nothink,mmlu_pro_test_02974,1,0.676039,1
mmlu_pro,qwen3-4b-nothink,mmlu_pro_test_00389,1,0.701343,5
mmlu_pro,qwen3-4b-nothink,mmlu_pro_test_10405,1,0.654767,4
mmlu_pro,qwen3-4b-nothink,mmlu_pro_test_06039,0,0.239955,3
mmlu_pro,qwen3-4b-nothink,mmlu_pro_test_05836,0,0.779803,1
mmlu_pro,qwen3-4b-nothink,mmlu_pro_test_01171,0,0.687648,1
mmlu_pro,qwen3-4b-nothink,mmlu_pro_test_03828,1,0.739688,4
mmlu_pro,qwen3-4b-nothink,mmlu_pro_test_02519,0,0.403019,4
mmlu_pro,qwen3-4b-nothink,mmlu_pro_test_04482,0,0.711474,2
mmlu_pro,qwen3-4b-nothink,mmlu_pro_test_05468,1,0.769931,4
mmlu_pro,qwen3-4b-nothink,mmlu_pro_test_02351,0,0.39028,3
mmlu_pro,qwen3-4b-nothink,mmlu_pro_test_05903,0,0.716043,3
mmlu_pro,qwen3-4b-nothink,mmlu_pro_test_08359,1,0.742078,1
mmlu_pro,qwen3-4b-nothink,mmlu_pro_test_07824,1,0.652815,3
mmlu_pro,qwen3-4b-nothink,mmlu_pro_test_00297,0,0.533428,5
mmlu_pro,qwen3-4b-nothink,mmlu_pro_test_06017,0,0.641918,5
mmlu_pro,qwen3-4b-nothink,mmlu_pro_test_02611,0,0.722319,2
mmlu_pro,qwen3-4b-nothink,mmlu_pro_test_04404,1,0.692506,3
mmlu_pro,qwen3-4b-nothink,mmlu_pro_test_05402,0,0.588051,3
mmlu_pro,qwen3-4b-nothink,mmlu_pro_test_10603,1,0.68474,3
mmlu_pro,qwen3-4b-nothink,mmlu_pro_test_08635,1,0.564018,1
mmlu_pro,qwen3-4b-nothink,mmlu_pro_test_03332,1,0.804177,3
mmlu_pro,qwen3-4b-nothink,mmlu_pro_test_02894,1,0.718574,4
mmlu_pro,qwen3-4b-nothink,mmlu_pro_test_05078,0,0.485164,4
mmlu_pro,qwen3-4b-nothink,mmlu_pro_test_08752,1,0.566265,3
mmlu_pro,qwen3-4b-nothink,mmlu_pro_test_03599,1,0.72427,2
mmlu_pro,qwen3-4b-nothink,mmlu_pro_test_06148,1,0.678211,5
mmlu_pro,qwen3-4b-nothink,mmlu_pro_test_00760,1,0.825542,5
mmlu_pro,qwen3-4b-nothink,mmlu_pro_test_04202,1,0.68703,5
mmlu_pro,qwen3-4b-nothink,mmlu_pro_test_09857,1,0.557738,5
mmlu_pro,qwen3-4b-nothink,mmlu_pro_test_08495,1,0.688412,3
mmlu_pro,qwen3-4b-nothink,mmlu_pro_test_03209,1,0.803925,5
mmlu_pro,qwen3-4b-nothink,mmlu_pro_test_11189,0,0.492565,3
mmlu_pro,qwen3-4b-nothink,mmlu_pro_test_10063,1,0.68725,2
mmlu_pro,qwen3-4b-nothink,mmlu_pro_test_00615,0,0.63093,3
mmlu_pro,qwen3-4b-nothink,mmlu_pro_test_05705,0,0.824065,3
mmlu_pro,qwen3-4b-nothink,mmlu_pro_test_07399,1,0.64916,4
mmlu_pro,qwen3-4b-nothink,mmlu_pro_test_06998,1,0.726644,5
mmlu_pro,qwen3-4b-nothink,mmlu_pro_test_09958,0,0.699813,1
mmlu_pro,qwen3-4b-nothink,mmlu_pro_test_08469,0,0.780199,1
mmlu_pro,qwen3-4b-nothink,mmlu_pro_test_01148,0,0.649021,4
mmlu_pro,qwen3-4b-nothink,mmlu_pro_test_11493,0,0.482911,2
mmlu_pro,qwen3-4b-nothink,mmlu_pro_test_05569,1,0.644182,1
mmlu_pro,qwen3-4b-nothink,mmlu_pro_test_07474,0,0.74867,5
mmlu_pro,qwen3-4b-nothink,mmlu_pro_test_07001,0,0.702488,3
mmlu_pro,qwen3-4b-nothink,mmlu_pro_test_02051,1,0.375519,4
mmlu_pro,qwen3-4b-nothink,mmlu_pro_test_08106,1,0.671528,5
mmlu_pro,qwen3-4b-nothink,mmlu_pro_test_04100,1,0.638489,3
mmlu_pro,qwen3-4b-nothink,mmlu_pro_test_09610,1,0.680215,1
mmlu_pro,qwen3-4b-nothink,mmlu_pro_test_05537,1,0.680794,3
mmlu_pro,qwen3-4b-nothink,mmlu_pro_test_11239,1,0.425451,4
mmlu_pro,qwen3-4b-nothink,mmlu_pro_test_01333,0,0.751113,3
mmlu_pro,qwen3-4b-nothink,mmlu_pro_test_06133,1,0.624166,2
mmlu_pro,qwen3-4b-nothink,mmlu_pro_test_03392,1,0.767905,3
mmlu_pro,qwen3-4b-nothink,mmlu_pro_test_05891,1,0.706286,2
mmlu_pro,qwen3-4b-nothink,mmlu_pro_test_09680,1,0.769673,4
mmlu_pro,qwen3-4b-nothink,mmlu_pro_test_07864,1,0.797825,4
mmlu_pro,qwen3-4b-nothink,mmlu_pro_test_10359,0,0.592961,3
mmlu_pro,qwen3-4b-nothink,mmlu_pro_test_09116,1,0.670827,5
mmlu_pro,qwen3-4b-nothink,mmlu_pro_test_03160,1,0.705,3
mmlu_pro,qwen3-4b-nothink,mmlu_pro_test_05953,0,0.764772,3
mmlu_pro,qwen3-4b-nothink,mmlu_pro_test_06665,1,0.671897,3
mmlu_pro,qwen3-4b-nothink,mmlu_pro_test_01147,1,0.558129,2
mmlu_pro,qwen3-4b-nothink,mmlu_pro_test_02100,0,0.799363,1
mmlu_pro,qwen3-4b-nothink,mmlu_pro_test_03168,1,0.701016,1
mmlu_pro,qwen3-4b-nothink,mmlu_pro_test_07754,0,0.46723,4
mmlu_pro,qwen3-4b-nothink,mmlu_pro_test_09289,1,0.688767,4
mmlu_pro,qwen3-4b-nothink,mmlu_pro_test_08419,1,0.715804,1
mmlu_pro,qwen3-4b-nothink,mmlu_pro_test_08358,1,0.713238,4
mmlu_pro,qwen3-4b-nothink,mmlu_pro_test_03016,1,0.791768,3
mmlu_pro,qwen3-4b-nothink,mmlu_pro_test_10309,1,0.797246,2
mmlu_pro,qwen3-4b-nothink,mmlu_pro_test_03934,1,0.595568,4
mmlu_pro,qwen3-4b-nothink,mmlu_pro_test_03865,1,0.692613,2
mmlu_pro,qwen3-4b-nothink,mmlu_pro_test_02632,1,0.70675,1
mmlu_pro,qwen3-4b-nothink,mmlu_pro_test_00249,1,0.4963,1
mmlu_pro,qwen3-4b-nothink,mmlu_pro_test_11347,1,0.593557,1
mmlu_pro,qwen3-4b-nothink,mmlu_pro_test_11564,0,0.126611,5
mmlu_pro,qwen3-4b-nothink,mmlu_pro_test_06629,0,0.544452,2
mmlu_pro,qwen3-4b-nothink,mmlu_pro_test_07287,0,0.759405,1
mmlu_pro,qwen3-4b-nothink,mmlu_pro_test_01963,1,0.639751,3
mmlu_pro,qwen3-4b-nothink,mmlu_pro_test_02633,1,0.670319,4
mmlu_pro,qwen3-4b-nothink,mmlu_pro_test_02873,1,0.72956,1
trivia_qa,qwen3-4b-nothink,trivia_qa_validation_01109,1,0.502984,5
trivia_qa,qwen3-4b-nothink,trivia_qa_validation_01470,0,0.653266,5
trivia_qa,qwen3-4b-nothink,trivia_qa_validation_03794,1,0.263539,5
trivia_qa,qwen3-4b-nothink,trivia_qa_validation_17430,1,0.556743,5
trivia_qa,qwen3-4b-nothink,trivia_qa_validation_04391,0,0.158441,4
trivia_qa,qwen3-4b-nothink,trivia_qa_validation_02655,0,0.420033,4
trivia_qa,qwen3-4b-nothink,trivia_qa_validation_00167,0,0.177482,1
trivia_qa,qwen3-4b-nothink,trivia_qa_validation_13407,0,0.470818,2
trivia_qa,qwen3-4b-nothink,trivia_qa_validation_07784,0,0.239041,2
trivia_qa,qwen3-4b-nothink,trivia_qa_validation_02331,0,0.420578,2
trivia_qa,qwen3-4b-nothink,trivia_qa_validation_12374,1,0.262713,5
trivia_qa,qwen3-4b-nothink,trivia_qa_validation_04621,0,0.371931,2
trivia_qa,qwen3-4b-nothink,trivia_qa_validation_08546,0,0.45426,1
trivia_qa,qwen3-4b-nothink,trivia_qa_validation_14149,1,0.455845,5
trivia_qa,qwen3-4b-nothink,trivia_qa_validation_13242,0,0.303833,3
trivia_qa,qwen3-4b-nothink,trivia_qa_validation_16107,0,0.491276,4
trivia_qa,qwen3-4b-nothink,trivia_qa_validation_15389,0,0.556561,1
trivia_qa,qwen3-4b-nothink,trivia_qa_validation_04524,0,0.219643,2
trivia_qa,qwen3-4b-nothink,trivia_qa_validation_07587,0,0.441565,1
trivia_qa,qwen3-4b-nothink,trivia_qa_validation_17249,1,0.319362,1
trivia_qa,qwen3-4b-nothink,trivia_qa_validation_03990,1,0.442613,4
trivia_qa,qwen3-4b-nothink,trivia_qa_validation_07948,0,0.135403,2
trivia_qa,qwen3-4b-nothink,trivia_qa_validation_03732,1,0.41116,2
trivia_qa,qwen3-4b-nothink,trivia_qa_validation_11906,1,0.451553,2
trivia_qa,qwen3-4b-nothink,trivia_qa_validation_17663,1,0.460646,1
trivia_qa,qwen3-4b-nothink,trivia_qa_validation_14175,0,0.394766,1
trivia_qa,qwen3-4b-nothink,trivia_qa_validation_11569,0,0.545817,4
trivia_qa,qwen3-4b-nothink,trivia_qa_validation_11279,1,0.456358,2
trivia_qa,qwen3-4b-nothink,trivia_qa_validation_07694,1,0.519238,2
trivia_qa,qwen3-4b-nothink,trivia_qa_validation_10119,1,0.439156,5
trivia_qa,qwen3-4b-nothink,trivia_qa_validation_13020,1,0.452425,1
trivia_qa,qwen3-4b-nothink,trivia_qa_validation_07528,0,0.380567,3
trivia_qa,qwen3-4b-nothink,trivia_qa_validation_06018,1,0.338213,2
trivia_qa,qwen3-4b-nothink,trivia_qa_validation_09962,0,0.491276,4
trivia_qa,qwen3-4b-nothink,trivia_qa_validation_14924,0,0.507131,2
trivia_qa,qwen3-4b-nothink,trivia_qa_validation_07120,1,0.203291,5
trivia_qa,qwen3-4b-nothink,trivia_qa_validation_02562,1,0.543857,1
trivia_qa,qwen3-4b-nothink,trivia_qa_validation_03667,0,0.467013,1
trivia_qa,qwen3-4b-nothink,trivia_qa_validation_04299,0,0.359452,5
trivia_qa,qwen3-4b-nothink,trivia_qa_validation_11200,0,0.375945,4
trivia_qa,qwen3-4b-nothink,trivia_qa_validation_12688,1,0.476905,4
trivia_qa,qwen3-4b-nothink,trivia_qa_validation_09855,0,0.214517,2
trivia_qa,qwen3-4b-nothink,trivia_qa_validation_05061,1,0.476,5
trivia_qa,qwen3-4b-nothink,trivia_qa_validation_12868,0,0.411645,4
trivia_qa,qwen3-4b-nothink,trivia_qa_validation_05181,0,0.495016,2
trivia_qa,qwen3-4b-nothink,trivia_qa_validation_11411,1,0.497439,2
trivia_qa,qwen3-4b-nothink,trivia_qa_validation_16167,0,0.403309,4
trivia_qa,qwen3-4b-nothink,trivia_qa_validation_07276,0,0.253076,4
trivia_qa,qwen3-4b-nothink,trivia_qa_validation_06309,1,0.46358,2
trivia_qa,qwen3-4b-nothink,trivia_qa_validation_02388,0,0.401807,2
trivia_qa,qwen3-4b-nothink,trivia_qa_validation_11514,0,0.437195,2
trivia_qa,qwen3-4b-nothink,trivia_qa_validation_17551,1,0.562887,1
trivia_qa,qwen3-4b-nothink,trivia_qa_validation_06082,0,0.546726,5
trivia_qa,qwen3-4b-nothink,trivia_qa_validation_06331,0,0.295297,2
trivia_qa,qwen3-4b-nothink,trivia_qa_validation_01768,1,0.502984,5
trivia_qa,qwen3-4b-nothink,trivia_qa_validation_07828,0,0.425806,1
trivia_qa,qwen3-4b-nothink,trivia_qa_validation_05245,0,0.503528,3
trivia_qa,qwen3-4b-nothink,trivia_qa_validation_00707,1,0.497439,2
trivia_qa,qwen3-4b-nothink,trivia_qa_validation_10470,0,0.468299,4
trivia_qa,qwen3-4b-nothink,trivia_qa_validation_09051,0,0.521657,2
trivia_qa,qwen3-4b-nothink,trivia_qa_validation_01134,1,0.459711,4
trivia_qa,qwen3-4b-nothink,trivia_qa_validation_07057,0,0.183242,4
trivia_qa,qwen3-4b-nothink,trivia_qa_validation_15086,1,0.543378,5
trivia_qa,qwen3-4b-nothink,trivia_qa_validation_06856,0,0.261877,4
trivia_qa,qwen3-4b-nothink,trivia_qa_validation_00992,1,0.555752,3
trivia_qa,qwen3-4b-nothink,trivia_qa_validation_08306,1,0.461171,2
trivia_qa,qwen3-4b-nothink,trivia_qa_validation_15787,1,0.490171,2
trivia_qa,qwen3-4b-nothink,trivia_qa_validation_08600,1,0.419715,3
trivia_qa,qwen3-4b-nothink,trivia_qa_validation_12223,0,0.567755,4
trivia_qa,qwen3-4b-nothink,trivia_qa_validation_10288,0,0.544212,3
trivia_qa,qwen3-4b-nothink,trivia_qa_validation_04138,1,0.301953,1
trivia_qa,qwen3-4b-nothink,trivia_qa_validation_05974,0,0.46358,2
trivia_qa,qwen3-4b-nothink,trivia_qa_validation_09595,1,0.495016,2
trivia_qa,qwen3-4b-nothink,trivia_qa_validation_14968,1,0.489447,2
trivia_qa,qwen3-4b-nothink,trivia_qa_validation_07189,1,0.470209,1
trivia_qa,qwen3-4b-nothink,trivia_qa_validation_17148,0,0.292026,4
trivia_qa,qwen3-4b-nothink,trivia_qa_validation_08616,0,0.451553,2
trivia_qa,qwen3-4b-nothink,trivia_qa_validation_10437,1,0.575474,1
trivia_qa,qwen3-4b-nothink,trivia_qa_validation_01348,1,0.465434,4
trivia_qa,qwen3-4b-nothink,trivia_qa_validation_05378,0,0.276848,5
trivia_qa,qwen3-4b-nothink,trivia_qa_validation_04789,1,0.296589,4
trivia_qa,qwen3-4b-nothink,trivia_qa_validation_07367,0,0.55007,5
trivia_qa,qwen3-4b-nothink,trivia_qa_validation_08505,0,0.32766,2
trivia_qa,qwen3-4b-nothink,trivia_qa_validation_14168,0,0.505662,4
trivia_qa,qwen3-4b-nothink,trivia_qa_validation_06174,0,0.409484,5
trivia_qa,qwen3-4b-nothink,trivia_qa_validation_06963,1,0.406224,5
trivia_qa,qwen3-4b-nothink,trivia_qa_validation_03853,0,0.436839,3
trivia_qa,qwen3-4b-nothink,trivia_qa_validation_15639,0,0.4599,3
trivia_qa,qwen3-4b-nothink,trivia_qa_validation_16501,0,0.123238,2
trivia_qa,qwen3-4b-nothink,trivia_qa_validation_06651,1,0.448342,3
trivia_qa,qwen3-4b-nothink,trivia_qa_validation_13081,0,0.46063,1
trivia_qa,qwen3-4b-nothink,trivia_qa_validation_03557,1,0.169248,5
trivia_qa,qwen3-4b-nothink,trivia_qa_validation_02866,1,0.531096,1
trivia_qa,qwen3-4b-nothink,trivia_qa_validation_01079,0,0.229013,1
trivia_qa,qwen3-4b-nothink,trivia_qa_validation_07959,0,0.499862,2
trivia_qa,qwen3-4b-nothink,trivia_qa_validation_01227,1,0.499907,4
trivia_qa,qwen3-4b-nothink,trivia_qa_validation_09862,0,0.451227,3
trivia_qa,qwen3-4b-nothink,trivia_qa_validation_07086,0,0.401127,1
trivia_qa,qwen3-4b-nothink,trivia_qa_validation_07099,1,0.562887,1
trivia_qa,qwen3-4b-nothink,trivia_qa_validation_03628,0,0.480224,3
trivia_qa,qwen3-4b-nothink,trivia_qa_validation_00007,0,0.292973,5
trivia_qa,qwen3-4b-nothink,trivia_qa_validation_11597,1,0.594556,4
trivia_qa,qwen3-4b-nothink,trivia_qa_validation_17346,0,0.394766,1
trivia_qa,qwen3-4b-nothink,trivia_qa_validation_07893,1,0.479777,4
trivia_qa,qwen3-4b-nothink,trivia_qa_validation_16320,0,0.160884,1
trivia_qa,qwen3-4b-nothink,trivia_qa_validation_07580,0,0.51518,3
trivia_qa,qwen3-4b-nothink,trivia_qa_validation_05626,0,0.446757,2
trivia_qa,qwen3-4b-nothink,trivia_qa_validation_14109,0,0.386842,5
trivia_qa,qwen3-4b-nothink,trivia_qa_validation_13294,0,0.492859,5
trivia_qa,qwen3-4b-nothink,trivia_qa_validation_16883,1,0.528907,2
trivia_qa,qwen3-4b-nothink,trivia_qa_validation_14588,0,0.32733,3
trivia_qa,qwen3-4b-nothink,trivia_qa_validation_06845,1,0.520039,4
trivia_qa,qwen3-4b-nothink,trivia_qa_validation_00556,0,0.355679,1
trivia_qa,qwen3-4b-nothink,trivia_qa_validation_06013,0,0.344208,5
trivia_qa,qwen3-4b-nothink,trivia_qa_validation_13577,1,0.477315,3
trivia_qa,qwen3-4b-nothink,trivia_qa_validation_17892,1,0.502785,4
trivia_qa,qwen3-4b-nothink,trivia_qa_validation_16619,1,0.479369,5
trivia_qa,qwen3-4b-nothink,trivia_qa_validation_16346,1,0.4599,3
trivia_qa,qwen3-4b-nothink,trivia_qa_validation_17493,1,0.591848,5
trivia_qa,qwen3-4b-nothink,trivia_qa_validation_06472,1,0.560072,5
trivia_qa,qwen3-4b-nothink,trivia_qa_validation_12409,0,0.429206,5
trivia_qa,qwen3-4b-nothink,trivia_qa_validation_13085,0,0.416421,1
trivia_qa,qwen3-4b-nothink,trivia_qa_validation_13882,0,0.566042,1
trivia_qa,qwen3-4b-nothink,trivia_qa_validation_02030,0,0.572907,4
trivia_qa,qwen3-4b-nothink,trivia_qa_validation_02558,0,0.540105,4
trivia_qa,qwen3-4b-nothink,trivia_qa_validation_09754,1,0.476905,4
trivia_qa,qwen3-4b-nothink,trivia_qa_validation_05365,0,0.397836,1
trivia_qa,qwen3-4b-nothink,trivia_qa_validation_03930,0,0.366926,3
trivia_qa,qwen3-4b-nothink,trivia_qa_validation_17373,0,0.485524,4
trivia_qa,qwen3-4b-nothink,trivia_qa_validation_00354,0,0.545632,5
trivia_qa,qwen3-4b-nothink,trivia_qa_validation_14823,1,0.509355,3
trivia_qa,qwen3-4b-nothink,trivia_qa_validation_11064,0,0.537245,4
trivia_qa,qwen3-4b-nothink,trivia_qa_validation_14595,1,0.470209,1
trivia_qa,qwen3-4b-nothink,trivia_qa_validation_00743,1,0.340606,1
trivia_qa,qwen3-4b-nothink,trivia_qa_validation_02892,1,0.487749,2
trivia_qa,qwen3-4b-nothink,trivia_qa_validation_17899,0,0.372348,2
trivia_qa,qwen3-4b-nothink,trivia_qa_validation_10125,1,0.438403,1
trivia_qa,qwen3-4b-nothink,trivia_qa_validation_11686,1,0.537483,1
trivia_qa,qwen3-4b-nothink,trivia_qa_validation_16317,1,0.486111,5
trivia_qa,qwen3-4b-nothink,trivia_qa_validation_12332,1,0.486241,1
trivia_qa,qwen3-4b-nothink,trivia_qa_validation_03235,0,0.413305,1
trivia_qa,qwen3-4b-nothink,trivia_qa_validation_15146,1,0.533735,2
trivia_qa,qwen3-4b-nothink,trivia_qa_validation_07402,1,0.547102,3
trivia_qa,qwen3-4b-nothink,trivia_qa_validation_01772,1,0.533312,5
trivia_qa,qwen3-4b-nothink,trivia_qa_validation_04069,1,0.511415,4
trivia_qa,qwen3-4b-nothink,trivia_qa_validation_11524,0,0.311025,2
trivia_qa,qwen3-4b-nothink,trivia_qa_validation_17778,0,0.380567,3
trivia_qa,qwen3-4b-nothink,trivia_qa_validation_04834,1,0.344118,1
trivia_qa,qwen3-4b-nothink,trivia_qa_validation_03380,1,0.2643,1
trivia_qa,qwen3-4b-nothink,trivia_qa_validation_13761,1,0.344004,1
trivia_qa,qwen3-4b-nothink,trivia_qa_validation_07059,0,0.451148,4
trivia_qa,qwen3-4b-nothink,trivia_qa_validation_00437,0,0.553392,1
trivia_qa,qwen3-4b-nothink,trivia_qa_validation_04003,0,0.513107,5
trivia_qa,qwen3-4b-nothink,trivia_qa_validation_02667,0,0.294874,3
trivia_qa,qwen3-4b-nothink,trivia_qa_validation_04104,0,0.436942,4
trivia_qa,qwen3-4b-nothink,trivia_qa_validation_16915,0,0.124584,2
trivia_qa,qwen3-4b-nothink,trivia_qa_validation_10323,0,0.268931,3
trivia_qa,qwen3-4b-nothink,trivia_qa_validation_12112,0,0.4483,4
trivia_qa,qwen3-4b-nothink,trivia_qa_validation_17283,0,0.465696,3
trivia_qa,qwen3-4b-nothink,trivia_qa_validation_02696,1,0.482907,2
trivia_qa,qwen3-4b-nothink,trivia_qa_validation_01826,1,0.556561,1
trivia_qa,qwen3-4b-nothink,trivia_qa_validation_10310,0,0.46063,1
trivia_qa,qwen3-4b-nothink,trivia_qa_validation_02645,0,0.350899,3
trivia_qa,qwen3-4b-nothink,trivia_qa_validation_11547,0,0.451148,4
trivia_qa,qwen3-4b-nothink,trivia_qa_validation_15114,0,0.285273,3
trivia_qa,qwen3-4b-nothink,trivia_qa_validation_14340,0,0.653266,5
trivia_qa,qwen3-4b-nothink,trivia_qa_validation_00285,0,0.207749,1
trivia_qa,qwen3-4b-nothink,trivia_qa_validation_14573,1,0.476608,1
trivia_qa,qwen3-4b-nothink,trivia_qa_validation_07158,0,0.529721,3
trivia_qa,qwen3-4b-nothink,trivia_qa_validation_07315,1,0.547039,1
trivia_qa,qwen3-4b-nothink,trivia_qa_validation_07320,1,0.528907,2
trivia_qa,qwen3-4b-nothink,trivia_qa_validation_13922,0,0.435246,1
trivia_qa,qwen3-4b-nothink,trivia_qa_validation_11533,1,0.385605,1
trivia_qa,qwen3-4b-nothink,trivia_qa_validation_00248,1,0.515089,1
trivia_qa,qwen3-4b-nothink,trivia_qa_validation_10030,0,0.468598,3
trivia_qa,qwen3-4b-nothink,trivia_qa_validation_14521,1,0.380567,3
trivia_qa,qwen3-4b-nothink,trivia_qa_validation_05091,1,0.133213,5
trivia_qa,qwen3-4b-nothink,trivia_qa_validation_14753,0,0.414047,3
trivia_qa,qwen3-4b-nothink,trivia_qa_validation_02624,0,0.113681,5
trivia_qa,qwen3-4b-nothink,trivia_qa_validation_01668,1,0.524699,1
trivia_qa,qwen3-4b-nothink,trivia_qa_validation_01359,1,0.4483,4
trivia_qa,qwen3-4b-nothink,trivia_qa_validation_04596,1,0.456358,2
trivia_qa,qwen3-4b-nothink,trivia_qa_validation_17637,1,0.361527,3
trivia_qa,qwen3-4b-nothink,trivia_qa_validation_17819,1,0.425404,3
trivia_qa,qwen3-4b-nothink,trivia_qa_validation_07547,0,0.096806,1
trivia_qa,qwen3-4b-nothink,trivia_qa_validation_08170,1,0.488958,3
trivia_qa,qwen3-4b-nothink,trivia_qa_validation_06812,0,0.509733,5
trivia_qa,qwen3-4b-nothink,trivia_qa_validation_08506,0,0.395028,4
trivia_qa,qwen3-4b-nothink,trivia_qa_validation_07645,0,0.491872,3
trivia_qa,qwen3-4b-nothink,trivia_qa_validation_11081,0,0.308738,5
trivia_qa,qwen3-4b-nothink,trivia_qa_validation_12656,1,0.436839,3
trivia_qa,qwen3-4b-nothink,trivia_qa_validation_07327,1,0.46382,1
trivia_qa,qwen3-4b-nothink,trivia_qa_validation_17516,0,0.517165,4
trivia_qa,qwen3-4b-nothink,trivia_qa_validation_07022,1,0.46382,1
trivia_qa,qwen3-4b-nothink,trivia_qa_validation_04357,1,0.342912,3
trivia_qa,qwen3-4b-nothink,trivia_qa_validation_14731,0,0.509355,3
trivia_qa,qwen3-4b-nothink,trivia_qa_validation_10475,0,0.350835,3
trivia_qa,qwen3-4b-nothink,trivia_qa_validation_17744,0,0.322102,5
trivia_qa,qwen3-4b-nothink,trivia_qa_validation_01812,1,0.499609,5
trivia_qa,qwen3-4b-nothink,trivia_qa_validation_16058,1,0.567232,3
trivia_qa,qwen3-4b-nothink,trivia_qa_validation_02111,0,0.479369,5
trivia_qa,qwen3-4b-nothink,trivia_qa_validation_00115,0,0.378748,2
trivia_qa,qwen3-4b-nothink,trivia_qa_validation_12647,1,0.55007,5
trivia_qa,qwen3-4b-nothink,trivia_qa_validation_05643,0,0.380974,1
trivia_qa,qwen3-4b-nothink,trivia_qa_validation_16766,0,0.370518,1
trivia_qa,qwen3-4b-nothink,trivia_qa_validation_14883,0,0.534291,1
trivia_qa,qwen3-4b-nothink,trivia_qa_validation_08242,0,0.511883,1
trivia_qa,qwen3-4b-nothink,trivia_qa_validation_13284,0,0.407545,2
trivia_qa,qwen3-4b-nothink,trivia_qa_validation_16621,0,0.313875,2
trivia_qa,qwen3-4b-nothink,trivia_qa_validation_10004,0,0.402971,5
trivia_qa,qwen3-4b-nothink,trivia_qa_validation_16699,0,0.187855,1
trivia_qa,qwen3-4b-nothink,trivia_qa_validation_09986,1,0.283192,5
trivia_qa,qwen3-4b-nothink,trivia_qa_validation_17420,0,0.481108,5
trivia_qa,qwen3-4b-nothink,trivia_qa_validation_01836,0,0.329287,5
trivia_qa,qwen3-4b-nothink,trivia_qa_validation_07897,0,0.446757,2
trivia_qa,qwen3-4b-nothink,trivia_qa_validation_16863,0,0.251398,1
trivia_qa,qwen3-4b-nothink,trivia_qa_validation_12602,0,0.09503,3
trivia_qa,qwen3-4b-nothink,trivia_qa_validation_00593,1,0.491276,4
trivia_qa,qwen3-4b-nothink,trivia_qa_validation_02317,1,0.118381,1
trivia_qa,qwen3-4b-nothink,trivia_qa_validation_10344,0,0.39737,3
trivia_qa,qwen3-4b-nothink,trivia_qa_validation_03416,1,0.410197,1
trivia_qa,qwen3-4b-nothink,trivia_qa_validation_16755,0,0.511415,4
trivia_qa,qwen3-4b-nothink,trivia_qa_validation_16919,0,0.411645,4
trivia_qa,qwen3-4b-nothink,trivia_qa_validation_06491,0,0.429206,5
trivia_qa,qwen3-4b-nothink,trivia_qa_validation_03355,0,0.468404,2
trivia_qa,qwen3-4b-nothink,trivia_qa_validation_05462,0,0.292456,3
trivia_qa,qwen3-4b-nothink,trivia_qa_validation_05589,0,0.459711,4
trivia_qa,qwen3-4b-nothink,trivia_qa_validation_05583,0,0.1938,2
trivia_qa,qwen3-4b-nothink,trivia_qa_validation_12465,1,0.451148,4
trivia_qa,qwen3-4b-nothink,trivia_qa_validation_03861,0,0.397157,2
trivia_qa,qwen3-4b-nothink,trivia_qa_validation_15751,1,0.467013,1
trivia_qa,qwen3-4b-nothink,trivia_qa_validation_15744,0,0.541319,3
trivia_qa,qwen3-4b-nothink,trivia_qa_validation_01891,0,0.353494,3
trivia_qa,qwen3-4b-nothink,trivia_qa_validation_15454,0,0.425902,5
trivia_qa,qwen3-4b-nothink,trivia_qa_validation_13058,0,0.449156,5
trivia_qa,qwen3-4b-nothink,trivia_qa_validation_02379,0,0.52391,3
trivia_qa,qwen3-4b-nothink,trivia_qa_validation_13834,0,0.506359,5
trivia_qa,qwen3-4b-nothink,trivia_qa_validation_10481,0,0.346906,1
trivia_qa,qwen3-4b-nothink,trivia_qa_validation_04100,1,0.364679,5
trivia_qa,qwen3-4b-nothink,trivia_qa_validation_13536,1,0.540026,5
trivia_qa,qwen3-4b-nothink,trivia_qa_validation_04424,1,0.499051,1
trivia_qa,qwen3-4b-nothink,trivia_qa_validation_12939,0,0.491872,3
trivia_qa,qwen3-4b-nothink,trivia_qa_validation_07416,1,0.453999,4
trivia_qa,qwen3-4b-nothink,trivia_qa_validation_02273,0,0.241684,5
trivia_qa,qwen3-4b-nothink,trivia_qa_validation_09192,1,0.468299,4
trivia_qa,qwen3-4b-nothink,trivia_qa_validation_01170,1,0.497439,2
trivia_qa,qwen3-4b-nothink,trivia_qa_validation_14424,1,0.405589,3
trivia_qa,qwen3-4b-nothink,trivia_qa_validation_04291,0,0.400055,5
trivia_qa,qwen3-4b-nothink,trivia_qa_validation_16467,0,0.504708,2
trivia_qa,qwen3-4b-nothink,trivia_qa_validation_00715,0,0.499862,2
trivia_qa,qwen3-4b-nothink,trivia_qa_validation_00283,1,0.4483,4
trivia_qa,qwen3-4b-nothink,trivia_qa_validation_02416,0,0.582266,2
trivia_qa,qwen3-4b-nothink,trivia_qa_validation_00270,1,0.52995,5
trivia_qa,qwen3-4b-nothink,trivia_qa_validation_12272,0,0.543857,1
trivia_qa,qwen3-4b-nothink,trivia_qa_validation_10201,0,0.496233,5
trivia_qa,qwen3-4b-nothink,trivia_qa_validation_08707,1,0.486111,5
trivia_qa,qwen3-4b-nothink,trivia_qa_validation_10204,0,0.37133,1
trivia_qa,qwen3-4b-nothink,trivia_qa_validation_04236,0,0.133535,5
trivia_qa,qwen3-4b-nothink,trivia_qa_validation_00545,0,0.473408,1
trivia_qa,qwen3-4b-nothink,trivia_qa_validation_13981,1,0.416029,5
trivia_qa,qwen3-4b-nothink,trivia_qa_validation_06747,1,0.46358,2
trivia_qa,qwen3-4b-nothink,trivia_qa_validation_09686,0,0.490171,2
trivia_qa,qwen3-4b-nothink,trivia_qa_validation_11251,1,0.52391,3
trivia_qa,qwen3-4b-nothink,trivia_qa_validation_15865,1,0.446757,2
trivia_qa,qwen3-4b-nothink,trivia_qa_validation_12733,1,0.509554,2
trivia_qa,qwen3-4b-nothink,trivia_qa_validation_16908,0,0.439709,3
trivia_qa,qwen3-4b-nothink,trivia_qa_validation_09434,0,0.566042,1
trivia_qa,qwen3-4b-nothink,trivia_qa_validation_04837,1,0.521001,3
trivia_qa,qwen3-4b-nothink,trivia_qa_validation_15515,1,0.441565,1
trivia_qa,qwen3-4b-nothink,trivia_qa_validation_16047,0,0.324024,1
trivia_qa,qwen3-4b-nothink,trivia_qa_validation_04863,1,0.373249,4
trivia_qa,qwen3-4b-nothink,trivia_qa_validation_14642,0,0.37728,5
trivia_qa,qwen3-4b-nothink,trivia_qa_validation_16744,0,0.473408,1
trivia_qa,qwen3-4b-nothink,trivia_qa_validation_01288,0,0.423972,3
trivia_qa,qwen3-4b-nothink,trivia_qa_validation_15941,1,0.396492,5
trivia_qa,qwen3-4b-nothink,trivia_qa_validation_14754,0,0.482907,2
trivia_qa,qwen3-4b-nothink,trivia_qa_validation_06632,1,0.468299,4
trivia_qa,qwen3-4b-nothink,trivia_qa_validation_02737,0,0.529721,3
trivia_qa,qwen3-4b-nothink,trivia_qa_validation_00636,1,0.449153,2
trivia_qa,qwen3-4b-nothink,trivia_qa_validation_02472,1,0.471502,3
trivia_qa,qwen3-4b-nothink,trivia_qa_validation_08712,1,0.476608,1
trivia_qa,qwen3-4b-nothink,trivia_qa_validation_04202,1,0.374685,4
trivia_qa,qwen3-4b-nothink,trivia_qa_validation_12330,1,0.38332,2
trivia_qa,qwen3-4b-nothink,trivia_qa_validation_17220,0,0.491872,3
trivia_qa,qwen3-4b-nothink,trivia_qa_validation_06955,0,0.282287,5
trivia_qa,qwen3-4b-nothink,trivia_qa_validation_15566,0,0.56761,2
trivia_qa,qwen3-4b-nothink,trivia_qa_validation_10936,1,0.413305,1
trivia_qa,qwen3-4b-nothink,trivia_qa_validation_02186,0,0.535525,3
trivia_qa,qwen3-4b-nothink,trivia_qa_validation_10355,0,0.536671,5
trivia_qa,qwen3-4b-nothink,trivia_qa_validation_06069,0,0.479777,4
trivia_qa,qwen3-4b-nothink,trivia_qa_validation_04587,0,0.46063,1
trivia_qa,qwen3-4b-nothink,trivia_qa_validation_11038,1,0.467013,1
trivia_qa,qwen3-4b-nothink,trivia_qa_validation_00722,1,0.51985,5
trivia_qa,qwen3-4b-nothink,trivia_qa_validation_10575,1,0.344004,1
trivia_qa,qwen3-4b-nothink,trivia_qa_validation_14394,0,0.52391,3
trivia_qa,qwen3-4b-nothink,trivia_qa_validation_14904,1,0.348185,3
trivia_qa,qwen3-4b-nothink,trivia_qa_validation_17874,1,0.46382,1
trivia_qa,qwen3-4b-nothink,trivia_qa_validation_04795,0,0.420033,4
trivia_qa,qwen3-4b-nothink,trivia_qa_validation_10105,0,0.363836,1
trivia_qa,qwen3-4b-nothink,trivia_qa_validation_05520,0,0.414047,3
trivia_qa,qwen3-4b-nothink,trivia_qa_validation_13652,1,0.050317,3
trivia_qa,qwen3-4b-nothink,trivia_qa_validation_03711,0,0.279588,1
trivia_qa,qwen3-4b-nothink,trivia_qa_validation_11604,0,0.462797,3
trivia_qa,qwen3-4b-nothink,trivia_qa_validation_13932,0,0.491872,3
trivia_qa,qwen3-4b-nothink,trivia_qa_validation_04772,0,0.439709,3
trivia_qa,qwen3-4b-nothink,trivia_qa_validation_12312,1,0.346124,5
trivia_qa,qwen3-4b-nothink,trivia_qa_validation_00143,0,0.505468,1
trivia_qa,qwen3-4b-nothink,trivia_qa_validation_05430,0,0.452092,4
trivia_qa,qwen3-4b-nothink,trivia_qa_validation_07902,0,0.425902,5
trivia_qa,qwen3-4b-nothink,trivia_qa_validation_02704,0,0.446757,2
trivia_qa,qwen3-4b-nothink,trivia_qa_validation_03370,1,0.560042,4
trivia_qa,qwen3-4b-nothink,trivia_qa_validation_09132,0,0.482739,5
trivia_qa,qwen3-4b-nothink,trivia_qa_validation_10486,0,0.48265,4
trivia_qa,qwen3-4b-nothink,trivia_qa_validation_05398,0,0.524075,2
trivia_qa,qwen3-4b-nothink,trivia_qa_validation_14741,0,0.335368,1
trivia_qa,qwen3-4b-nothink,trivia_qa_validation_00484,0,0.165763,2
trivia_qa,qwen3-4b-nothink,trivia_qa_validation_02728,1,0.425404,3
trivia_qa,qwen3-4b-nothink,trivia_qa_validation_06667,0,0.52391,3
trivia_qa,qwen3-4b-nothink,trivia_qa_validation_02265,0,0.442583,3
trivia_qa,qwen3-4b-nothink,trivia_qa_validation_10405,0,0.453999,4
trivia_qa,qwen3-4b-nothink,trivia_qa_validation_00148,1,0.387913,2
trivia_qa,qwen3-4b-nothink,trivia_qa_validation_14527,0,0.208093,3
trivia_qa,qwen3-4b-nothink,trivia_qa_validation_04829,1,0.428466,4
trivia_qa,qwen3-4b-nothink,trivia_qa_validation_14601,0,0.171154,3
trivia_qa,qwen3-4b-nothink,trivia_qa_validation_07232,1,0.465991,2
trivia_qa,qwen3-4b-nothink,trivia_qa_validation_14234,1,0.5615,3
trivia_qa,qwen3-4b-nothink,trivia_qa_validation_03932,0,0.489484,5
trivia_qa,qwen3-4b-nothink,trivia_qa_validation_05020,1,0.353494,3
trivia_qa,qwen3-4b-nothink,trivia_qa_validation_05092,0,0.497607,3
trivia_qa,qwen3-4b-nothink,trivia_qa_validation_07151,1,0.416029,5
trivia_qa,qwen3-4b-nothink,trivia_qa_validation_04086,0,0.200537,1
trivia_qa,qwen3-4b-nothink,trivia_qa_validation_15597,0,0.465909,5
trivia_qa,qwen3-4b-nothink,trivia_qa_validation_04148,1,0.462797,3
trivia_qa,qwen3-4b-nothink,trivia_qa_validation_02766,1,0.470818,2
trivia_qa,qwen3-4b-nothink,trivia_qa_validation_07242,0,0.419086,5
trivia_qa,qwen3-4b-nothink,trivia_qa_validation_00160,0,0.476905,4
trivia_qa,qwen3-4b-nothink,trivia_qa_validation_08757,1,0.468598,3
trivia_qa,qwen3-4b-nothink,trivia_qa_validation_15944,1,0.333822,4
trivia_qa,qwen3-4b-nothink,trivia_qa_validation_03325,0,0.49703,4
trivia_qa,qwen3-4b-nothink,trivia_qa_validation_03466,0,0.124632,5
trivia_qa,qwen3-4b-nothink,trivia_qa_validation_04152,0,0.444872,3
trivia_qa,qwen3-4b-nothink,trivia_qa_validation_08334,0,0.465696,3
trivia_qa,qwen3-4b-nothink,trivia_qa_validation_12413,0,0.459711,4
trivia_qa,qwen3-4b-nothink,trivia_qa_validation_02300,1,0.508676,1
trivia_qa,qwen3-4b-nothink,trivia_qa_validation_08500,0,0.34641,5
trivia_qa,qwen3-4b-nothink,trivia_qa_validation_10340,0,0.432094,1
trivia_qa,qwen3-4b-nothink,trivia_qa_validation_12394,0,0.238151,4
trivia_qa,qwen3-4b-nothink,trivia_qa_validation_03713,0,0.547102,3
trivia_qa,qwen3-4b-nothink,trivia_qa_validation_11027,1,0.465909,5
trivia_qa,qwen3-4b-nothink,trivia_qa_validation_08979,0,0.406475,2
trivia_qa,qwen3-4b-nothink,trivia_qa_validation_06209,1,0.514397,2
trivia_qa,qwen3-4b-nothink,trivia_qa_validation_01498,0,0.20265,2
trivia_qa,qwen3-4b-nothink,trivia_qa_validation_16056,0,0.439776,4
trivia_qa,qwen3-4b-nothink,trivia_qa_validation_09720,1,0.483134,3
trivia_qa,qwen3-4b-nothink,trivia_qa_validation_16784,1,0.544212,3
trivia_qa,qwen3-4b-nothink,trivia_qa_validation_03661,0,0.298984,5
trivia_qa,qwen3-4b-nothink,trivia_qa_validation_17758,1,0.157696,2
trivia_qa,qwen3-4b-nothink,trivia_qa_validation_11813,1,0.532624,3
trivia_qa,qwen3-4b-nothink,trivia_qa_validation_11982,0,0.212385,3
trivia_qa,qwen3-4b-nothink,trivia_qa_validation_13147,1,0.307542,5
trivia_qa,qwen3-4b-nothink,trivia_qa_validation_03883,1,0.37728,5
trivia_qa,qwen3-4b-nothink,trivia_qa_validation_00710,1,0.118686,1
trivia_qa,qwen3-4b-nothink,trivia_qa_validation_01443,0,0.508676,1
trivia_qa,qwen3-4b-nothink,trivia_qa_validation_02550,1,0.444362,2
trivia_qa,qwen3-4b-nothink,trivia_qa_validation_00348,0,0.417231,4
trivia_qa,qwen3-4b-nothink,trivia_qa_validation_05540,1,0.449156,5
trivia_qa,qwen3-4b-nothink,trivia_qa_validation_17936,0,0.367813,5
trivia_qa,qwen3-4b-nothink,trivia_qa_validation_04756,1,0.442583,3
trivia_qa,qwen3-4b-nothink,trivia_qa_validation_01754,0,0.532624,3
trivia_qa,qwen3-4b-nothink,trivia_qa_validation_01899,0,0.381361,4
trivia_qa,qwen3-4b-nothink,trivia_qa_validation_00420,0,0.431112,3
trivia_qa,qwen3-4b-nothink,trivia_qa_validation_01711,1,0.454115,3
trivia_qa,qwen3-4b-nothink,trivia_qa_validation_13181,1,0.486111,5
trivia_qa,qwen3-4b-nothink,trivia_qa_validation_15521,1,0.505468,1
trivia_qa,qwen3-4b-nothink,trivia_qa_validation_11277,1,0.533735,2
trivia_qa,qwen3-4b-nothink,trivia_qa_validation_03142,1,0.451148,4
trivia_qa,qwen3-4b-nothink,trivia_qa_validation_17657,0,0.293181,4
trivia_qa,qwen3-4b-nothink,trivia_qa_validation_04364,1,0.4884,4
trivia_qa,qwen3-4b-nothink,trivia_qa_validation_03140,1,0.188739,1
trivia_qa,qwen3-4b-nothink,trivia_qa_validation_06689,0,0.19268,5
trivia_qa,qwen3-4b-nothink,trivia_qa_validation_15502,1,0.551517,4
trivia_qa,qwen3-4b-nothink,trivia_qa_validation_14235,1,0.514291,4
trivia_qa,qwen3-4b-nothink,trivia_qa_validation_00418,0,0.377823,3
trivia_qa,qwen3-4b-nothink,trivia_qa_validation_14036,0,0.406082,4
trivia_qa,qwen3-4b-nothink,trivia_qa_validation_12824,0,0.332513,1
trivia_qa,qwen3-4b-nothink,trivia_qa_validation_00649,0,0.476608,1
trivia_qa,qwen3-4b-nothink,trivia_qa_validation_08477,0,0.380722,5
trivia_qa,qwen3-4b-nothink,trivia_qa_validation_05433,0,0.24898,3
trivia_qa,qwen3-4b-nothink,trivia_qa_validation_15011,0,0.533991,4
trivia_qa,qwen3-4b-nothink,trivia_qa_validation_02765,0,0.45426,1
trivia_qa,qwen3-4b-nothink,trivia_qa_validation_11178,0,0.345537,2
trivia_qa,qwen3-4b-nothink,trivia_qa_validation_08194,1,0.495016,2
trivia_qa,qwen3-4b-nothink,trivia_qa_validation_13169,0,0.386078,3
trivia_qa,qwen3-4b-nothink,trivia_qa_validation_12626,0,0.468404,2
trivia_qa,qwen3-4b-nothink,trivia_qa_validation_09431,0,0.377856,1
trivia_qa,qwen3-4b-nothink,trivia_qa_validation_00109,0,0.465991,2
trivia_qa,qwen3-4b-nothink,trivia_qa_validation_08678,1,0.461171,2
trivia_qa,qwen3-4b-nothink,trivia_qa_validation_06127,1,0.355679,1
trivia_qa,qwen3-4b-nothink,trivia_qa_validation_13219,0,0.380457,5
trivia_qa,qwen3-4b-nothink,trivia_qa_validation_04599,0,0.505468,1
trivia_qa,qwen3-4b-nothink,trivia_qa_validation_01994,0,0.254186,2
trivia_qa,qwen3-4b-nothink,trivia_qa_validation_12224,1,0.208378,4
trivia_qa,qwen3-4b-nothink,trivia_qa_validation_15179,0,0.37728,5
trivia_qa,qwen3-4b-nothink,trivia_qa_validation_07641,1,0.415862,2
trivia_qa,qwen3-4b-nothink,trivia_qa_validation_02282,1,0.346906,1
trivia_qa,qwen3-4b-nothink,trivia_qa_validation_04513,1,0.476905,4
trivia_qa,qwen3-4b-nothink,trivia_qa_validation_01366,0,0.46927,5
trivia_qa,qwen3-4b-nothink,trivia_qa_validation_07458,0,0.38332,2
trivia_qa,qwen3-4b-nothink,trivia_qa_validation_01883,1,0.359888,4
trivia_qa,qwen3-4b-nothink,trivia_qa_validation_14255,1,0.555752,3
trivia_qa,qwen3-4b-nothink,trivia_qa_validation_00591,0,0.537245,4
trivia_qa,qwen3-4b-nothink,trivia_qa_validation_10818,0,0.370958,5
trivia_qa,qwen3-4b-nothink,trivia_qa_validation_13177,0,0.422672,1
trivia_qa,qwen3-4b-nothink,trivia_qa_validation_08933,0,0.372358,3
trivia_qa,qwen3-4b-nothink,trivia_qa_validation_16046,1,0.51985,5
trivia_qa,qwen3-4b-nothink,trivia_qa_validation_11077,0,0.453999,4
trivia_qa,qwen3-4b-nothink,trivia_qa_validation_16190,0,0.32733,3
trivia_qa,qwen3-4b-nothink,trivia_qa_validation_14999,1,0.375086,3
trivia_qa,qwen3-4b-nothink,trivia_qa_validation_01906,0,0.207968,2
trivia_qa,qwen3-4b-nothink,trivia_qa_validation_14350,1,0.416878,3
trivia_qa,qwen3-4b-nothink,trivia_qa_validation_13361,1,0.51518,3
trivia_qa,qwen3-4b-nothink,trivia_qa_validation_08206,0,0.25258,3
trivia_qa,qwen3-4b-nothink,trivia_qa_validation_06733,0,0.448342,3
trivia_qa,qwen3-4b-nothink,trivia_qa_validation_10955,1,0.552872,3
trivia_qa,qwen3-4b-nothink,trivia_qa_validation_03780,1,0.521657,2
trivia_qa,qwen3-4b-nothink,trivia_qa_validation_03600,1,0.55007,5
trivia_qa,qwen3-4b-nothink,trivia_qa_validation_13199,1,0.432431,2
trivia_qa,qwen3-4b-nothink,trivia_qa_validation_00375,1,0.495016,2
trivia_qa,qwen3-4b-nothink,trivia_qa_validation_03752,1,0.480224,3
trivia_qa,qwen3-4b-nothink,trivia_qa_validation_10641,1,0.543369,2
trivia_qa,qwen3-4b-nothink,trivia_qa_validation_06744,1,0.471293,1
trivia_qa,qwen3-4b-nothink,trivia_qa_validation_01081,1,0.458763,2
trivia_qa,qwen3-4b-nothink,trivia_qa_validation_10157,0,0.494785,3
trivia_qa,qwen3-4b-nothink,trivia_qa_validation_03172,0,0.105522,2
trivia_qa,qwen3-4b-nothink,trivia_qa_validation_17673,1,0.35845,2
trivia_qa,qwen3-4b-nothink,trivia_qa_validation_14895,0,0.476905,4
trivia_qa,qwen3-4b-nothink,trivia_qa_validation_00064,0,0.527899,1
trivia_qa,qwen3-4b-nothink,trivia_qa_validation_00787,0,0.101019,2
trivia_qa,qwen3-4b-nothink,trivia_qa_validation_08496,1,0.413509,2
trivia_qa,qwen3-4b-nothink,trivia_qa_validation_06234,1,0.422604,5
trivia_qa,qwen3-4b-nothink,trivia_qa_validation_00277,1,0.495016,2
trivia_qa,qwen3-4b-nothink,trivia_qa_validation_04031,1,0.476905,4
trivia_qa,qwen3-4b-nothink,trivia_qa_validation_04619,1,0.483015,1
trivia_qa,qwen3-4b-nothink,trivia_qa_validation_09944,0,0.447904,1
trivia_qa,qwen3-4b-nothink,trivia_qa_validation_10365,1,0.441565,1
trivia_qa,qwen3-4b-nothink,trivia_qa_validation_04211,1,0.543857,1
trivia_qa,qwen3-4b-nothink,trivia_qa_validation_01224,1,0.533735,2
trivia_qa,qwen3-4b-nothink,trivia_qa_validation_00412,1,0.420578,2
trivia_qa,qwen3-4b-nothink,trivia_qa_validation_08936,0,0.351979,5
trivia_qa,qwen3-4b-nothink,trivia_qa_validation_06107,0,0.52995,5
trivia_qa,qwen3-4b-nothink,trivia_qa_validation_12470,1,0.397187,3
trivia_qa,qwen3-4b-nothink,trivia_qa_validation_13149,0,0.495016,2
trivia_qa,qwen3-4b-nothink,trivia_qa_validation_12901,0,0.340291,3
trivia_qa,qwen3-4b-nothink,trivia_qa_validation_00716,1,0.405589,3
trivia_qa,qwen3-4b-nothink,trivia_qa_validation_00608,0,0.225159,5
trivia_qa,qwen3-4b-nothink,trivia_qa_validation_13701,1,0.394766,1
trivia_qa,qwen3-4b-nothink,trivia_qa_validation_08925,0,0.314039,4
trivia_qa,qwen3-4b-nothink,trivia_qa_validation_04562,0,0.479811,1
trivia_qa,qwen3-4b-nothink,trivia_qa_validation_09516,1,0.380457,5
trivia_qa,qwen3-4b-nothink,trivia_qa_validation_02833,1,0.483134,3
trivia_qa,qwen3-4b-nothink,trivia_qa_validation_00073,0,0.397836,1
trivia_qa,qwen3-4b-nothink,trivia_qa_validation_02820,0,0.495842,1
trivia_qa,qwen3-4b-nothink,trivia_qa_validation_07941,1,0.496233,5
trivia_qa,qwen3-4b-nothink,trivia_qa_validation_00450,0,0.584674,3
trivia_qa,qwen3-4b-nothink,trivia_qa_validation_12257,0,0.519238,2
trivia_qa,qwen3-4b-nothink,trivia_qa_validation_11885,0,0.071521,4
trivia_qa,qwen3-4b-nothink,trivia_qa_validation_09049,0,0.318427,1
trivia_qa,qwen3-4b-nothink,trivia_qa_validation_15912,0,0.265378,4
trivia_qa,qwen3-4b-nothink,trivia_qa_validation_05976,0,0.292091,1
trivia_qa,qwen3-4b-nothink,trivia_qa_validation_12227,1,0.499609,5
trivia_qa,qwen3-4b-nothink,trivia_qa_validation_07174,1,0.308227,4
trivia_qa,qwen3-4b-nothink,trivia_qa_validation_15395,0,0.457443,1
trivia_qa,qwen3-4b-nothink,trivia_qa_validation_12988,1,0.5615,3
trivia_qa,qwen3-4b-nothink,trivia_qa_validation_02995,1,0.314558,2
trivia_qa,qwen3-4b-nothink,trivia_qa_validation_00899,0,0.364222,3
trivia_qa,qwen3-4b-nothink,trivia_qa_validation_09891,1,0.434812,2
trivia_qa,qwen3-4b-nothink,trivia_qa_validation_17099,0,0.254354,1
trivia_qa,qwen3-4b-nothink,trivia_qa_validation_16828,0,0.243117,5
trivia_qa,qwen3-4b-nothink,trivia_qa_validation_00780,1,0.442613,4
trivia_qa,qwen3-4b-nothink,trivia_qa_validation_10939,1,0.533735,2
trivia_qa,qwen3-4b-nothink,trivia_qa_validation_00686,1,0.399728,5
trivia_qa,qwen3-4b-nothink,trivia_qa_validation_11066,0,0.499907,4
trivia_qa,qwen3-4b-nothink,trivia_qa_validation_00315,0,0.395028,4
trivia_qa,qwen3-4b-nothink,trivia_qa_validation_12757,1,0.33955,3
trivia_qa,qwen3-4b-nothink,trivia_qa_validation_12617,0,0.51985,5
trivia_qa,qwen3-4b-nothink,trivia_qa_validation_10158,0,0.305772,3
trivia_qa,qwen3-4b-nothink,trivia_qa_validation_10368,0,0.364679,5
trivia_qa,qwen3-4b-nothink,trivia_qa_validation_13479,1,0.404054,5
trivia_qa,qwen3-4b-nothink,trivia_qa_validation_09320,0,0.148312,3
trivia_qa,qwen3-4b-nothink,trivia_qa_validation_08733,0,0.48622,1
trivia_qa,qwen3-4b-nothink,trivia_qa_validation_14646,0,0.436942,4
trivia_qa,qwen3-4b-nothink,trivia_qa_validation_01563,1,0.290388,4
trivia_qa,qwen3-4b-nothink,trivia_qa_validation_15635,0,0.402971,5
trivia_qa,qwen3-4b-nothink,trivia_qa_validation_13342,0,0.394766,1
trivia_qa,qwen3-4b-nothink,trivia_qa_validation_07741,0,0.497699,3
trivia_qa,qwen3-4b-nothink,trivia_qa_validation_16493,0,0.505662,4
trivia_qa,qwen3-4b-nothink,trivia_qa_validation_11201,0,0.465434,4
trivia_qa,qwen3-4b-nothink,trivia_qa_validation_10438,1,0.513107,5
trivia_qa,qwen3-4b-nothink,trivia_qa_validation_05441,1,0.531517,4
trivia_qa,qwen3-4b-nothink,trivia_qa_validation_07101,0,0.495842,1
trivia_qa,qwen3-4b-nothink,trivia_qa_validation_01851,0,0.494785,3
trivia_qa,qwen3-4b-nothink,trivia_qa_validation_09161,0,0.294874,3
trivia_qa,qwen3-4b-nothink,trivia_qa_validation_10402,0,0.225518,4
trivia_qa,qwen3-4b-nothink,trivia_qa_validation_08645,0,0.419313,5
trivia_qa,qwen3-4b-nothink,trivia_qa_validation_12847,0,0.455665,3
trivia_qa,qwen3-4b-nothink,trivia_qa_validation_11922,1,0.471502,3
trivia_qa,qwen3-4b-nothink,trivia_qa_validation_08999,0,0.341544,4
trivia_qa,qwen3-4b-nothink,trivia_qa_validation_03131,0,0.32323,1
trivia_qa,qwen3-4b-nothink,trivia_qa_validation_09993,1,0.590164,3
trivia_qa,qwen3-4b-nothink,trivia_qa_validation_11766,0,0.499609,5
trivia_qa,qwen3-4b-nothink,trivia_qa_validation_07344,1,0.465434,4
trivia_qa,qwen3-4b-nothink,trivia_qa_validation_08688,0,0.531322,2
trivia_qa,qwen3-4b-nothink,trivia_qa_validation_15804,1,0.409484,5
trivia_qa,qwen3-4b-nothink,trivia_qa_validation_17889,1,0.530016,5
trivia_qa,qwen3-4b-nothink,trivia_qa_validation_07199,1,0.404139,2
trivia_qa,qwen3-4b-nothink,trivia_qa_validation_06663,0,0.08886,5
trivia_qa,qwen3-4b-nothink,trivia_qa_validation_03344,0,0.518091,3
trivia_qa,qwen3-4b-nothink,trivia_qa_validation_07867,0,0.354602,4
trivia_qa,qwen3-4b-nothink,trivia_qa_validation_09206,0,0.301187,5
trivia_qa,qwen3-4b-nothink,trivia_qa_validation_10198,0,0.508676,1
trivia_qa,qwen3-4b-nothink,trivia_qa_validation_06826,1,0.492634,1
trivia_qa,qwen3-4b-nothink,trivia_qa_validation_03353,0,0.38272,2
trivia_qa,qwen3-4b-nothink,trivia_qa_validation_14067,0,0.451227,3
trivia_qa,qwen3-4b-nothink,trivia_qa_validation_10370,0,0.419543,1
trivia_qa,qwen3-4b-nothink,trivia_qa_validation_14262,1,0.410197,1
trivia_qa,qwen3-4b-nothink,trivia_qa_validation_14825,1,0.49703,4
trivia_qa,qwen3-4b-nothink,trivia_qa_validation_05264,0,0.236069,4
trivia_qa,qwen3-4b-nothink,trivia_qa_validation_15216,0,0.52995,5
trivia_qa,qwen3-4b-nothink,trivia_qa_validation_02283,1,0.500614,3
trivia_qa,qwen3-4b-nothink,trivia_qa_validation_15256,1,0.453999,4
trivia_qa,qwen3-4b-nothink,trivia_qa_validation_06451,1,0.082148,2
trivia_qa,qwen3-4b-nothink,trivia_qa_validation_10292,0,0.154957,1
trivia_qa,qwen3-4b-nothink,trivia_qa_validation_10680,1,0.544212,3
trivia_qa,qwen3-4b-nothink,trivia_qa_validation_04779,1,0.428466,4
trivia_qa,qwen3-4b-nothink,trivia_qa_validation_06577,0,0.549989,3
trivia_qa,qwen3-4b-nothink,trivia_qa_validation_14376,0,0.316234,5
trivia_qa,qwen3-4b-nothink,trivia_qa_validation_03459,1,0.576632,5
trivia_qa,qwen3-4b-nothink,trivia_qa_validation_05100,0,0.215583,2
trivia_qa,qwen3-4b-nothink,trivia_qa_validation_04197,0,0.431891,2
trivia_qa,qwen3-4b-nothink,trivia_qa_validation_02484,1,0.509733,5
trivia_qa,qwen3-4b-nothink,trivia_qa_validation_00400,0,0.420033,4
trivia_qa,qwen3-4b-nothink,trivia_qa_validation_15338,0,0.452498,5
trivia_qa,qwen3-4b-nothink,trivia_qa_validation_08919,0,0.272394,2
trivia_qa,qwen3-4b-nothink,trivia_qa_validation_03947,0,0.438403,1
trivia_qa,qwen3-4b-nothink,trivia_qa_validation_08119,0,0.505662,4
trivia_qa,qwen3-4b-nothink,trivia_qa_validation_04464,0,0.417694,1
trivia_qa,qwen3-4b-nothink,trivia_qa_validation_09553,1,0.465991,2
trivia_qa,qwen3-4b-nothink,trivia_qa_validation_14537,0,0.367414,2
trivia_qa,qwen3-4b-nothink,trivia_qa_validation_14480,0,0.405589,3
trivia_qa,qwen3-4b-nothink,trivia_qa_validation_14210,0,0.358484,4
trivia_qa,qwen3-4b-nothink,trivia_qa_validation_14435,1,0.513107,5
trivia_qa,qwen3-4b-nothink,trivia_qa_validation_06231,0,0.445455,4
trivia_qa,qwen3-4b-nothink,trivia_qa_validation_01155,1,0.522911,4
trivia_qa,qwen3-4b-nothink,trivia_qa_validation_05645,0,0.39005,5
trivia_qa,qwen3-4b-nothink,trivia_qa_validation_12517,1,0.432517,5
trivia_qa,qwen3-4b-nothink,trivia_qa_validation_00610,0,0.331386,3
trivia_qa,qwen3-4b-nothink,trivia_qa_validation_00452,0,0.51985,5
trivia_qa,qwen3-4b-nothink,trivia_qa_validation_07470,1,0.316151,4
trivia_qa,qwen3-4b-nothink,trivia_qa_validation_08144,0,0.457443,1
trivia_qa,qwen3-4b-nothink,trivia_qa_validation_16340,0,0.458763,2
trivia_qa,qwen3-4b-nothink,trivia_qa_validation_01096,0,0.27951,5
trivia_qa,qwen3-4b-nothink,trivia_qa_validation_12679,0,0.499609,5
trivia_qa,qwen3-4b-nothink,trivia_qa_validation_12764,0,0.476,5
trivia_qa,qwen3-4b-nothink,trivia_qa_validation_04640,1,0.422557,3
trivia_qa,qwen3-4b-nothink,trivia_qa_validation_02844,1,0.37728,5
trivia_qa,qwen3-4b-nothink,trivia_qa_validation_06552,0,0.523219,5
trivia_qa,qwen3-4b-nothink,trivia_qa_validation_06454,1,0.542962,4
trivia_qa,qwen3-4b-nothink,trivia_qa_validation_02183,0,0.304661,3
trivia_qa,qwen3-4b-nothink,trivia_qa_validation_14637,1,0.444362,2
trivia_qa,qwen3-4b-nothink,trivia_qa_validation_14365,0,0.492634,1
trivia_qa,qwen3-4b-nothink,trivia_qa_validation_05184,1,0.476,5
trivia_qa,qwen3-4b-nothink,trivia_qa_validation_03696,1,0.509554,2
trivia_qa,qwen3-4b-nothink,trivia_qa_validation_09642,1,0.218346,2
trivia_qa,qwen3-4b-nothink,trivia_qa_validation_15552,0,0.422839,4
trivia_qa,qwen3-4b-nothink,trivia_qa_validation_17529,0,0.461171,2
trivia_qa,qwen3-4b-nothink,trivia_qa_validation_15824,0,0.133646,1
trivia_qa,qwen3-4b-nothink,trivia_qa_validation_11432,1,0.488958,3
trivia_qa,qwen3-4b-nothink,trivia_qa_validation_00088,1,0.681177,3
trivia_qa,qwen3-4b-nothink,trivia_qa_validation_05568,0,0.24881,3
trivia_qa,qwen3-4b-nothink,trivia_qa_validation_05297,1,0.560072,5
trivia_qa,qwen3-4b-nothink,trivia_qa_validation_05647,0,0.55007,5
trivia_qa,qwen3-4b-nothink,trivia_qa_validation_04428,1,0.476608,1
trivia_qa,qwen3-4b-nothink,trivia_qa_validation_15982,1,0.386078,3
trivia_qa,qwen3-4b-nothink,trivia_qa_validation_01628,1,0.1577,3
trivia_qa,qwen3-4b-nothink,trivia_qa_validation_06553,1,0.458763,2
trivia_qa,qwen3-4b-nothink,trivia_qa_validation_02460,0,0.084927,5
trivia_qa,qwen3-4b-nothink,trivia_qa_validation_16893,0,0.543857,1
trivia_qa,qwen3-4b-nothink,trivia_qa_validation_12938,0,0.46358,2
trivia_qa,qwen3-4b-nothink,trivia_qa_validation_12748,1,0.40886,4
trivia_qa,qwen3-4b-nothink,trivia_qa_validation_04674,1,0.40886,4
trivia_qa,qwen3-4b-nothink,trivia_qa_validation_00758,0,0.553409,5
trivia_qa,qwen3-4b-nothink,trivia_qa_validation_06687,1,0.481432,1
trivia_qa,qwen3-4b-nothink,trivia_qa_validation_17653,1,0.516818,2
trivia_qa,qwen3-4b-nothink,trivia_qa_validation_00839,1,0.534382,4
trivia_qa,qwen3-4b-nothink,trivia_qa_validation_15618,1,0.506442,3
trivia_qa,qwen3-4b-nothink,trivia_qa_validation_17514,1,0.563396,5
trivia_qa,qwen3-4b-nothink,trivia_qa_validation_09712,0,0.209575,5
trivia_qa,qwen3-4b-nothink,trivia_qa_validation_06599,1,0.42565,4
trivia_qa,qwen3-4b-nothink,trivia_qa_validation_13957,1,0.430054,2
trivia_qa,qwen3-4b-nothink,trivia_qa_validation_09104,0,0.485328,2
trivia_qa,qwen3-4b-nothink,trivia_qa_validation_15841,1,0.455845,5
trivia_qa,qwen3-4b-nothink,trivia_qa_validation_12985,0,0.471165,4
trivia_qa,qwen3-4b-nothink,trivia_qa_validation_16562,1,0.470818,2
trivia_qa,qwen3-4b-nothink,trivia_qa_validation_12540,1,0.268813,5
trivia_qa,qwen3-4b-nothink,trivia_qa_validation_17711,1,0.492594,2
trivia_qa,qwen3-4b-nothink,trivia_qa_validation_02769,1,0.485524,4
trivia_qa,qwen3-4b-nothink,trivia_qa_validation_03117,0,0.095534,2
trivia_qa,qwen3-4b-nothink,trivia_qa_validation_06956,0,0.465991,2
trivia_qa,qwen3-4b-nothink,trivia_qa_validation_10036,1,0.473408,1
trivia_qa,qwen3-4b-nothink,trivia_qa_validation_17234,1,0.455845,5
trivia_qa,qwen3-4b-nothink,trivia_qa_validation_17834,0,0.215452,1
trivia_qa,qwen3-4b-nothink,trivia_qa_validation_11451,0,0.516818,2
trivia_qa,qwen3-4b-nothink,trivia_qa_validation_07698,0,0.468598,3
trivia_qa,qwen3-4b-nothink,trivia_qa_validation_06495,1,0.45426,1
trivia_qa,qwen3-4b-nothink,trivia_qa_validation_02834,1,0.46358,2
trivia_qa,qwen3-4b-nothink,trivia_qa_validation_13215,1,0.144565,3
trivia_qa,qwen3-4b-nothink,trivia_qa_validation_09253,0,0.442484,5
trivia_qa,qwen3-4b-nothink,trivia_qa_validation_03995,0,0.354602,4
trivia_qa,qwen3-4b-nothink,trivia_qa_validation_06321,0,0.435834,5
trivia_qa,qwen3-4b-nothink,trivia_qa_validation_09116,0,0.492859,5
trivia_qa,qwen3-4b-nothink,trivia_qa_validation_00264,1,0.558628,3
trivia_qa,qwen3-4b-nothink,trivia_qa_validation_07058,0,0.441565,1
trivia_qa,qwen3-4b-nothink,trivia_qa_validation_03040,0,0.161713,4
trivia_qa,qwen3-4b-nothink,trivia_qa_validation_05423,1,0.521657,2
trivia_qa,qwen3-4b-nothink,trivia_qa_validation_08007,0,0.533735,2
trivia_qa,qwen3-4b-nothink,trivia_qa_validation_17843,1,0.537483,1
trivia_qa,qwen3-4b-nothink,trivia_qa_validation_12090,0,0.275517,5
trivia_qa,qwen3-4b-nothink,trivia_qa_validation_02437,0,0.084333,3
trivia_qa,qwen3-4b-nothink,trivia_qa_validation_00957,1,0.553392,1
trivia_qa,qwen3-4b-nothink,trivia_qa_validation_05479,0,0.392525,2
trivia_qa,qwen3-4b-nothink,trivia_qa_validation_09597,0,0.486111,5
trivia_qa,qwen3-4b-nothink,trivia_qa_validation_07565,0,0.378649,4
trivia_qa,qwen3-4b-nothink,trivia_qa_validation_08330,0,0.30596,1
trivia_qa,qwen3-4b-nothink,trivia_qa_validation_14621,0,0.422557,3
trivia_qa,qwen3-4b-nothink,trivia_qa_validation_11057,0,0.221317,2
trivia_qa,qwen3-4b-nothink,trivia_qa_validation_04630,0,0.476,5
trivia_qa,qwen3-4b-nothink,trivia_qa_validation_12501,1,0.537483,1
trivia_qa,qwen3-4b-nothink,trivia_qa_validation_17026,0,0.517165,4
trivia_qa,qwen3-4b-nothink,trivia_qa_validation_00046,1,0.262264,3
trivia_qa,qwen3-4b-nothink,trivia_qa_validation_00015,0,0.533312,5
trivia_qa,qwen3-4b-nothink,trivia_qa_validation_04598,0,0.157717,5
trivia_qa,qwen3-4b-nothink,trivia_qa_validation_09123,0,0.499907,4
trivia_qa,qwen3-4b-nothink,trivia_qa_validation_14269,0,0.439581,2
trivia_qa,qwen3-4b-nothink,trivia_qa_validation_16115,0,0.446757,2
trivia_qa,qwen3-4b-nothink,trivia_qa_validation_12972,0,0.300582,4
trivia_qa,qwen3-4b-nothink,trivia_qa_validation_11593,0,0.468299,4
trivia_qa,qwen3-4b-nothink,trivia_qa_validation_06890,0,0.283441,5
trivia_qa,qwen3-4b-nothink,trivia_qa_validation_16436,0,0.39948,2
trivia_qa,qwen3-4b-nothink,trivia_qa_validation_12960,0,0.222924,1
trivia_qa,qwen3-4b-nothink,trivia_qa_validation_12299,1,0.504708,2
trivia_qa,qwen3-4b-nothink,trivia_qa_validation_07338,0,0.449153,2
trivia_qa,qwen3-4b-nothink,trivia_qa_validation_17206,0,0.528907,2
trivia_qa,qwen3-4b-nothink,trivia_qa_validation_00045,1,0.282287,5
trivia_qa,qwen3-4b-nothink,trivia_qa_validation_01317,0,0.456854,4
trivia_qa,qwen3-4b-nothink,trivia_qa_validation_16223,1,0.406082,4
trivia_qa,qwen3-4b-nothink,trivia_qa_validation_01824,0,0.451227,3
trivia_qa,qwen3-4b-nothink,trivia_qa_validation_15704,0,0.457006,3
trivia_qa,qwen3-4b-nothink,trivia_qa_validation_02305,0,0.376524,1
trivia_qa,qwen3-4b-nothink,trivia_qa_validation_04047,0,0.457006,3
trivia_qa,qwen3-4b-nothink,trivia_qa_validation_11337,0,0.385614,2
trivia_qa,qwen3-4b-nothink,trivia_qa_validation_07019,1,0.413836,3
trivia_qa,qwen3-4b-nothink,trivia_qa_validation_02002,0,0.547102,3
trivia_qa,qwen3-4b-nothink,trivia_qa_validation_08224,0,0.499907,4
trivia_qa,qwen3-4b-nothink,trivia_qa_validation_13481,1,0.43788,2
trivia_qa,qwen3-4b-nothink,trivia_qa_validation_14457,0,0.405589,3
trivia_qa,qwen3-4b-nothink,trivia_qa_validation_14229,1,0.543857,1
trivia_qa,qwen3-4b-nothink,trivia_qa_validation_13625,0,0.470818,2
trivia_qa,qwen3-4b-nothink,trivia_qa_validation_12554,0,0.49703,4
trivia_qa,qwen3-4b-nothink,trivia_qa_validation_03119,0,0.500614,3
trivia_qa,qwen3-4b-nothink,trivia_qa_validation_09634,1,0.442583,3
trivia_qa,qwen3-4b-nothink,trivia_qa_validation_08915,0,0.26073,4
trivia_qa,qwen3-4b-nothink,trivia_qa_validation_10964,1,0.299358,4
trivia_qa,qwen3-4b-nothink,trivia_qa_validation_07420,0,0.122412,2
trivia_qa,qwen3-4b-nothink,trivia_qa_validation_13542,0,0.088711,4
trivia_qa,qwen3-4b-nothink,trivia_qa_validation_11676,0,0.425309,2
trivia_qa,qwen3-4b-nothink,trivia_qa_validation_17159,0,0.219596,1
trivia_qa,qwen3-4b-nothink,trivia_qa_validation_09638,1,0.511415,4
trivia_qa,qwen3-4b-nothink,trivia_qa_validation_07495,1,0.358841,3
trivia_qa,qwen3-4b-nothink,trivia_qa_validation_09764,1,0.524699,1
trivia_qa,qwen3-4b-nothink,trivia_qa_validation_05874,0,0.531096,1
trivia_qa,qwen3-4b-nothink,trivia_qa_validation_11236,0,0.420578,2
trivia_qa,qwen3-4b-nothink,trivia_qa_validation_01707,1,0.48289,4
trivia_qa,qwen3-4b-nothink,trivia_qa_validation_03326,1,0.491872,3
trivia_qa,qwen3-4b-nothink,trivia_qa_validation_02825,1,0.468299,4
trivia_qa,qwen3-4b-nothink,trivia_qa_validation_06898,1,0.4483,4
trivia_qa,qwen3-4b-nothink,trivia_qa_validation_03363,0,0.383645,5
trivia_qa,qwen3-4b-nothink,trivia_qa_validation_00574,0,0.552872,3
trivia_qa,qwen3-4b-nothink,trivia_qa_validation_08073,0,0.248154,5
trivia_qa,qwen3-4b-nothink,trivia_qa_validation_09262,0,0.44197,2
trivia_qa,qwen3-4b-nothink,trivia_qa_validation_08944,0,0.366806,5
trivia_qa,qwen3-4b-nothink,trivia_qa_validation_05567,1,0.499609,5
trivia_qa,qwen3-4b-nothink,trivia_qa_validation_03670,1,0.463346,1
trivia_qa,qwen3-4b-nothink,trivia_qa_validation_15779,0,0.261677,2
trivia_qa,qwen3-4b-nothink,trivia_qa_validation_06876,1,0.525781,4
trivia_qa,qwen3-4b-nothink,trivia_qa_validation_13180,1,0.472634,5
trivia_qa,qwen3-4b-nothink,trivia_qa_validation_00954,1,0.521657,2
trivia_qa,qwen3-4b-nothink,trivia_qa_validation_04642,1,0.391618,3
trivia_qa,qwen3-4b-nothink,trivia_qa_validation_11008,0,0.122412,2
trivia_qa,qwen3-4b-nothink,trivia_qa_validation_11755,0,0.265477,1
trivia_qa,qwen3-4b-nothink,trivia_qa_validation_08976,0,0.487749,2
trivia_qa,qwen3-4b-nothink,trivia_qa_validation_03526,0,0.380457,5
trivia_qa,qwen3-4b-nothink,trivia_qa_validation_05359,0,0.522911,4
trivia_qa,qwen3-4b-nothink,trivia_qa_validation_05831,0,0.534291,1
trivia_qa,qwen3-4b-nothink,trivia_qa_validation_12222,0,0.385605,1
trivia_qa,qwen3-4b-nothink,trivia_qa_validation_02413,1,0.486111,5
trivia_qa,qwen3-4b-nothink,trivia_qa_validation_00559,1,0.52391,3
trivia_qa,qwen3-4b-nothink,trivia_qa_validation_11322,0,0.505662,4
trivia_qa,qwen3-4b-nothink,trivia_qa_validation_12263,0,0.322218,3
trivia_qa,qwen3-4b-nothink,trivia_qa_validation_07375,0,0.098091,2
trivia_qa,qwen3-4b-nothink,trivia_qa_validation_11180,0,0.52391,3
trivia_qa,qwen3-4b-nothink,trivia_qa_validation_14609,0,0.535525,3
trivia_qa,qwen3-4b-nothink,trivia_qa_validation_16983,1,0.451227,3
trivia_qa,qwen3-4b-nothink,trivia_qa_validation_03035,0,0.41116,2
trivia_qa,qwen3-4b-nothink,trivia_qa_validation_10195,1,0.504708,2
trivia_qa,qwen3-4b-nothink,trivia_qa_validation_04029,1,0.400542,4
trivia_qa,qwen3-4b-nothink,trivia_qa_validation_04916,1,0.451227,3
trivia_qa,qwen3-4b-nothink,trivia_qa_validation_04652,1,0.422672,1
trivia_qa,qwen3-4b-nothink,trivia_qa_validation_03007,0,0.482739,5
trivia_qa,qwen3-4b-nothink,trivia_qa_validation_00968,1,0.524699,1
trivia_qa,qwen3-4b-nothink,trivia_qa_validation_06380,0,0.458763,2
trivia_qa,qwen3-4b-nothink,trivia_qa_validation_13769,1,0.518294,1
trivia_qa,qwen3-4b-nothink,trivia_qa_validation_07125,1,0.414435,4
trivia_qa,qwen3-4b-nothink,trivia_qa_validation_00810,0,0.437195,2
trivia_qa,qwen3-4b-nothink,trivia_qa_validation_04212,1,0.465696,3
trivia_qa,qwen3-4b-nothink,trivia_qa_validation_02642,1,0.506359,5
trivia_qa,qwen3-4b-nothink,trivia_qa_validation_12833,1,0.400915,1
trivia_qa,qwen3-4b-nothink,trivia_qa_validation_00192,0,0.432431,2
trivia_qa,qwen3-4b-nothink,trivia_qa_validation_16982,0,0.373249,4
trivia_qa,qwen3-4b-nothink,trivia_qa_validation_14641,0,0.508539,4
trivia_qa,qwen3-4b-nothink,trivia_qa_validation_08669,0,0.37647,2
trivia_qa,qwen3-4b-nothink,trivia_qa_validation_06037,0,0.46063,1
trivia_qa,qwen3-4b-nothink,trivia_qa_validation_15439,0,0.497439,2
trivia_qa,qwen3-4b-nothink,trivia_qa_validation_08560,0,0.518294,1
trivia_qa,qwen3-4b-nothink,trivia_qa_validation_14118,1,0.560042,4
trivia_qa,qwen3-4b-nothink,trivia_qa_validation_06569,1,0.532624,3
trivia_qa,qwen3-4b-nothink,trivia_qa_validation_13554,0,0.534291,1
trivia_qa,qwen3-4b-nothink,trivia_qa_validation_13115,1,0.031264,4
trivia_qa,qwen3-4b-nothink,trivia_qa_validation_11304,1,0.517165,4
trivia_qa,qwen3-4b-nothink,trivia_qa_validation_14620,0,0.273721,1
trivia_qa,qwen3-4b-nothink,trivia_qa_validation_05519,1,0.521657,2
trivia_qa,qwen3-4b-nothink,trivia_qa_validation_03282,1,0.51985,5
trivia_qa,qwen3-4b-nothink,trivia_qa_validation_08727,0,0.4884,4
trivia_qa,qwen3-4b-nothink,trivia_qa_validation_16377,0,0.435834,5
trivia_qa,qwen3-4b-nothink,trivia_qa_validation_07969,0,0.236899,1
trivia_qa,qwen3-4b-nothink,trivia_qa_validation_06289,1,0.496469,2
trivia_qa,qwen3-4b-nothink,trivia_qa_validation_15611,0,0.456854,4
trivia_qa,qwen3-4b-nothink,trivia_qa_validation_07166,1,0.46382,1
trivia_qa,qwen3-4b-nothink,trivia_qa_validation_14389,0,0.562887,1
trivia_qa,qwen3-4b-nothink,trivia_qa_validation_05321,1,0.502286,2
trivia_qa,qwen3-4b-nothink,trivia_qa_validation_17007,1,0.514397,2
trivia_qa,qwen3-4b-nothink,trivia_qa_validation_04632,0,0.139091,4
trivia_qa,qwen3-4b-nothink,trivia_qa_validation_05991,0,0.213385,5
trivia_qa,qwen3-4b-nothink,trivia_qa_validation_00184,0,0.128186,5
trivia_qa,qwen3-4b-nothink,trivia_qa_validation_09763,1,0.364551,1
trivia_qa,qwen3-4b-nothink,trivia_qa_validation_09518,0,0.499907,4
trivia_qa,qwen3-4b-nothink,trivia_qa_validation_16639,1,0.550217,1
trivia_qa,qwen3-4b-nothink,trivia_qa_validation_09224,0,0.33628,2
trivia_qa,qwen3-4b-nothink,trivia_qa_validation_17608,1,0.471165,4
trivia_qa,qwen3-4b-nothink,trivia_qa_validation_15429,0,0.411645,4
trivia_qa,qwen3-4b-nothink,trivia_qa_validation_05586,1,0.497151,1
trivia_qa,qwen3-4b-nothink,trivia_qa_validation_10691,1,0.482907,2
trivia_qa,qwen3-4b-nothink,trivia_qa_validation_15504,1,0.550217,1
trivia_qa,qwen3-4b-nothink,trivia_qa_validation_12758,1,0.459196,5
trivia_qa,qwen3-4b-nothink,trivia_qa_validation_04935,0,0.212713,3
trivia_qa,qwen3-4b-nothink,trivia_qa_validation_12705,1,0.459196,5
trivia_qa,qwen3-4b-nothink,trivia_qa_validation_03447,0,0.055514,1
trivia_qa,qwen3-4b-nothink,trivia_qa_validation_10307,0,0.52865,4
trivia_qa,qwen3-4b-nothink,trivia_qa_validation_16861,1,0.402782,3
trivia_qa,qwen3-4b-nothink,trivia_qa_validation_04311,0,0.566714,5
trivia_qa,qwen3-4b-nothink,trivia_qa_validation_01872,0,0.365164,2
trivia_qa,qwen3-4b-nothink,trivia_qa_validation_15578,1,0.542962,4
trivia_qa,qwen3-4b-nothink,trivia_qa_validation_05318,0,0.188849,3
trivia_qa,qwen3-4b-nothink,trivia_qa_validation_12207,1,0.101842,5
trivia_qa,qwen3-4b-nothink,trivia_qa_validation_11540,1,0.187734,3
trivia_qa,qwen3-4b-nothink,trivia_qa_validation_14213,1,0.442583,3
trivia_qa,qwen3-4b-nothink,trivia_qa_validation_02288,0,0.474408,3
trivia_qa,qwen3-4b-nothink,trivia_qa_validation_02457,0,0.17382,5
trivia_qa,qwen3-4b-nothink,trivia_qa_validation_02449,0,0.508539,4
trivia_qa,qwen3-4b-nothink,trivia_qa_validation_03143,1,0.399981,3
trivia_qa,qwen3-4b-nothink,trivia_qa_validation_10312,0,0.416878,3
trivia_qa,qwen3-4b-nothink,trivia_qa_validation_07733,0,0.4483,4
trivia_qa,qwen3-4b-nothink,trivia_qa_validation_13133,1,0.48265,4
trivia_qa,qwen3-4b-nothink,trivia_qa_validation_13478,0,0.158441,4
trivia_qa,qwen3-4b-nothink,trivia_qa_validation_12205,0,0.383645,5
trivia_qa,qwen3-4b-nothink,trivia_qa_validation_04417,1,0.506359,5
trivia_qa,qwen3-4b-nothink,trivia_qa_validation_04688,1,0.465434,4
trivia_qa,qwen3-4b-nothink,trivia_qa_validation_00576,0,0.509733,5
trivia_qa,qwen3-4b-nothink,trivia_qa_validation_01269,1,0.51985,5
trivia_qa,qwen3-4b-nothink,trivia_qa_validation_12288,0,0.534291,1
trivia_qa,qwen3-4b-nothink,trivia_qa_validation_12614,0,0.44197,2
trivia_qa,qwen3-4b-nothink,trivia_qa_validation_06335,1,0.46927,5
trivia_qa,qwen3-4b-nothink,trivia_qa_validation_09625,1,0.588974,4
trivia_qa,qwen3-4b-nothink,trivia_qa_validation_05731,0,0.556815,5
trivia_qa,qwen3-4b-nothink,trivia_qa_validation_06659,0,0.44546,3
trivia_qa,qwen3-4b-nothink,trivia_qa_validation_06410,0,0.425902,5
trivia_qa,qwen3-4b-nothink,trivia_qa_validation_08319,0,0.533991,4
trivia_qa,qwen3-4b-nothink,trivia_qa_validation_13636,0,0.46063,1
trivia_qa,qwen3-4b-nothink,trivia_qa_validation_07588,1,0.565706,4
trivia_qa,qwen3-4b-nothink,trivia_qa_validation_00382,0,0.220166,1
trivia_qa,qwen3-4b-nothink,trivia_qa_validation_06409,1,0.336114,3
trivia_qa,qwen3-4b-nothink,trivia_qa_validation_08139,0,0.543378,5
trivia_qa,qwen3-4b-nothink,trivia_qa_validation_16555,1,0.46358,2
trivia_qa,qwen3-4b-nothink,trivia_qa_validation_08816,0,0.202204,3
trivia_qa,qwen3-4b-nothink,trivia_qa_validation_01660,0,0.408403,3
trivia_qa,qwen3-4b-nothink,trivia_qa_validation_06551,1,0.45426,1
trivia_qa,qwen3-4b-nothink,trivia_qa_validation_11168,0,0.456854,4
trivia_qa,qwen3-4b-nothink,trivia_qa_validation_08325,0,0.451148,4
trivia_qa,qwen3-4b-nothink,trivia_qa_validation_11958,0,0.432517,5
trivia_qa,qwen3-4b-nothink,trivia_qa_validation_02824,1,0.541319,3
trivia_qa,qwen3-4b-nothink,trivia_qa_validation_08656,1,0.506442,3
trivia_qa,qwen3-4b-nothink,trivia_qa_validation_10866,1,0.517165,4
trivia_qa,qwen3-4b-nothink,trivia_qa_validation_05539,0,0.52391,3
trivia_qa,qwen3-4b-nothink,trivia_qa_validation_09236,1,0.49703,4
trivia_qa,qwen3-4b-nothink,trivia_qa_validation_10550,0,0.45108,1
trivia_qa,qwen3-4b-nothink,trivia_qa_validation_14475,1,0.468404,2
trivia_qa,qwen3-4b-nothink,trivia_qa_validation_03911,0,0.456358,2
trivia_qa,qwen3-4b-nothink,trivia_qa_validation_01244,0,0.508539,4
trivia_qa,qwen3-4b-nothink,trivia_qa_validation_09996,0,0.411963,5
trivia_qa,qwen3-4b-nothink,trivia_qa_validation_07510,0,0.394766,1
trivia_qa,qwen3-4b-nothink,trivia_qa_validation_11128,0,0.449153,2
trivia_qa,qwen3-4b-nothink,trivia_qa_validation_05526,1,0.2643,1
trivia_qa,qwen3-4b-nothink,trivia_qa_validation_16310,1,0.527899,1
trivia_qa,qwen3-4b-nothink,trivia_qa_validation_17912,0,0.480487,2
trivia_qa,qwen3-4b-nothink,trivia_qa_validation_03045,1,0.447904,1
trivia_qa,qwen3-4b-nothink,trivia_qa_validation_01048,0,0.420578,2
trivia_qa,qwen3-4b-nothink,trivia_qa_validation_17468,0,0.06625,2
trivia_qa,qwen3-4b-nothink,trivia_qa_validation_16448,0,0.439156,5
trivia_qa,qwen3-4b-nothink,trivia_qa_validation_03998,1,0.410197,1
trivia_qa,qwen3-4b-nothink,trivia_qa_validation_08162,0,0.52995,5
trivia_qa,qwen3-4b-nothink,trivia_qa_validation_01957,0,0.406913,1
trivia_qa,qwen3-4b-nothink,trivia_qa_validation_01813,0,0.534291,1
trivia_qa,qwen3-4b-nothink,trivia_qa_validation_06827,0,0.430054,2
trivia_qa,qwen3-4b-nothink,trivia_qa_validation_11844,0,0.378718,2
trivia_qa,qwen3-4b-nothink,trivia_qa_validation_01305,0,0.386699,2
trivia_qa,qwen3-4b-nothink,trivia_qa_validation_09774,1,0.480224,3
trivia_qa,qwen3-4b-nothink,trivia_qa_validation_14858,1,0.413305,1
trivia_qa,qwen3-4b-nothink,trivia_qa_validation_15970,0,0.365207,4
trivia_qa,qwen3-4b-nothink,trivia_qa_validation_09881,1,0.588974,4
trivia_qa,qwen3-4b-nothink,trivia_qa_validation_01887,0,0.479777,4
trivia_qa,qwen3-4b-nothink,trivia_qa_validation_03596,1,0.268879,2
trivia_qa,qwen3-4b-nothink,trivia_qa_validation_17095,0,0.067181,5
trivia_qa,qwen3-4b-nothink,trivia_qa_validation_04736,0,0.459711,4
trivia_qa,qwen3-4b-nothink,trivia_qa_validation_09426,0,0.504708,2
trivia_qa,qwen3-4b-nothink,trivia_qa_validation_06297,1,0.310425,5
trivia_qa,qwen3-4b-nothink,trivia_qa_validation_01243,0,0.28051,3
trivia_qa,qwen3-4b-nothink,trivia_qa_validation_03237,1,0.435246,1
trivia_qa,qwen3-4b-nothink,trivia_qa_validation_13654,0,0.257627,3
trivia_qa,qwen3-4b-nothink,trivia_qa_validation_08293,0,0.514397,2
trivia_qa,qwen3-4b-nothink,trivia_qa_validation_03167,1,0.465909,5
trivia_qa,qwen3-4b-nothink,trivia_qa_validation_07979,0,0.242353,4
trivia_qa,qwen3-4b-nothink,trivia_qa_validation_04874,0,0.4483,4
trivia_qa,qwen3-4b-nothink,trivia_qa_validation_05256,1,0.476905,4
trivia_qa,qwen3-4b-nothink,trivia_qa_validation_16478,1,0.494785,3
trivia_qa,qwen3-4b-nothink,trivia_qa_validation_06008,0,0.106019,4
trivia_qa,qwen3-4b-nothink,trivia_qa_validation_07853,0,0.416421,1
trivia_qa,qwen3-4b-nothink,trivia_qa_validation_01757,0,0.540026,5
trivia_qa,qwen3-4b-nothink,trivia_qa_validation_00254,0,0.467013,1
trivia_qa,qwen3-4b-nothink,trivia_qa_validation_09503,1,0.581733,1
trivia_qa,qwen3-4b-nothink,trivia_qa_validation_08256,0,0.353494,3
trivia_qa,qwen3-4b-nothink,trivia_qa_validation_00165,0,0.385614,2
trivia_qa,qwen3-4b-nothink,trivia_qa_validation_05923,0,0.275788,4
trivia_qa,qwen3-4b-nothink,trivia_qa_validation_14833,1,0.52865,4
trivia_qa,qwen3-4b-nothink,trivia_qa_validation_15305,0,0.531096,1
trivia_qa,qwen3-4b-nothink,trivia_qa_validation_11739,1,0.299264,2
trivia_qa,qwen3-4b-nothink,trivia_qa_validation_14837,0,0.173139,1
trivia_qa,qwen3-4b-nothink,trivia_qa_validation_13216,1,0.153607,4
trivia_qa,qwen3-4b-nothink,trivia_qa_validation_06785,0,0.397782,4
trivia_qa,qwen3-4b-nothink,trivia_qa_validation_10282,0,0.526586,5
trivia_qa,qwen3-4b-nothink,trivia_qa_validation_05089,0,0.471165,4
trivia_qa,qwen3-4b-nothink,trivia_qa_validation_06908,1,0.538423,3
trivia_qa,qwen3-4b-nothink,trivia_qa_validation_15553,0,0.451148,4
trivia_qa,qwen3-4b-nothink,trivia_qa_validation_07316,0,0.559726,1
trivia_qa,qwen3-4b-nothink,trivia_qa_validation_03888,1,0.40886,4
trivia_qa,qwen3-4b-nothink,trivia_qa_validation_09916,0,0.191245,3
trivia_qa,qwen3-4b-nothink,trivia_qa_validation_12738,0,0.556561,1
trivia_qa,qwen3-4b-nothink,trivia_qa_validation_03099,0,0.411222,3
trivia_qa,qwen3-4b-nothink,trivia_qa_validation_15150,0,0.404139,2
trivia_qa,qwen3-4b-nothink,trivia_qa_validation_10944,1,0.6384,5
trivia_qa,qwen3-4b-nothink,trivia_qa_validation_04194,0,0.015467,1
trivia_qa,qwen3-4b-nothink,trivia_qa_validation_00552,0,0.497699,3
trivia_qa,qwen3-4b-nothink,trivia_qa_validation_02570,1,0.4094,2
trivia_qa,qwen3-4b-nothink,trivia_qa_validation_07163,0,0.419313,5
trivia_qa,qwen3-4b-nothink,trivia_qa_validation_00416,0,0.207544,3
trivia_qa,qwen3-4b-nothink,trivia_qa_validation_06215,1,0.465434,4
trivia_qa,qwen3-4b-nothink,trivia_qa_validation_11403,0,0.538423,3
trivia_qa,qwen3-4b-nothink,trivia_qa_validation_01583,0,0.537483,1
trivia_qa,qwen3-4b-nothink,trivia_qa_validation_07236,1,0.380457,5
trivia_qa,qwen3-4b-nothink,trivia_qa_validation_02418,0,0.126253,4
trivia_qa,qwen3-4b-nothink,trivia_qa_validation_02307,1,0.323663,4
trivia_qa,qwen3-4b-nothink,trivia_qa_validation_17862,0,0.157805,5
trivia_qa,qwen3-4b-nothink,trivia_qa_validation_03564,0,0.424161,1
trivia_qa,qwen3-4b-nothink,trivia_qa_validation_14532,0,0.46358,2
trivia_qa,qwen3-4b-nothink,trivia_qa_validation_15759,1,0.471502,3
trivia_qa,qwen3-4b-nothink,trivia_qa_validation_03231,1,0.120631,1
trivia_qa,qwen3-4b-nothink,trivia_qa_validation_08321,0,0.078474,4
trivia_qa,qwen3-4b-nothink,trivia_qa_validation_11548,0,0.389083,3
trivia_qa,qwen3-4b-nothink,trivia_qa_validation_05774,1,0.472634,5
trivia_qa,qwen3-4b-nothink,trivia_qa_validation_11957,0,0.567755,4
trivia_qa,qwen3-4b-nothink,trivia_qa_validation_08244,1,0.48622,1
trivia_qa,qwen3-4b-nothink,trivia_qa_validation_05419,1,0.474408,3
trivia_qa,qwen3-4b-nothink,trivia_qa_validation_14522,1,0.457006,3
trivia_qa,qwen3-4b-nothink,trivia_qa_validation_02106,0,0.373249,4
trivia_qa,qwen3-4b-nothink,trivia_qa_validation_12553,1,0.573332,5
trivia_qa,qwen3-4b-nothink,trivia_qa_validation_08926,0,0.439156,5
trivia_qa,qwen3-4b-nothink,trivia_qa_validation_15063,0,0.444362,2
trivia_qa,qwen3-4b-nothink,trivia_qa_validation_14942,0,0.486111,5
trivia_qa,qwen3-4b-nothink,trivia_qa_validation_09813,1,0.471502,3
trivia_qa,qwen3-4b-nothink,trivia_qa_validation_06729,1,0.486046,3
trivia_qa,qwen3-4b-nothink,trivia_qa_validation_04822,0,0.405589,3
trivia_qa,qwen3-4b-nothink,trivia_qa_validation_02890,1,0.537483,1
trivia_qa,qwen3-4b-nothink,trivia_qa_validation_13779,1,0.447904,1
trivia_qa,qwen3-4b-nothink,trivia_qa_validation_08187,0,0.386078,3
trivia_qa,qwen3-4b-nothink,trivia_qa_validation_14359,1,0.432517,5
trivia_qa,qwen3-4b-nothink,trivia_qa_validation_01700,0,0.183115,1
trivia_qa,qwen3-4b-nothink,trivia_qa_validation_15638,0,0.465909,5
trivia_qa,qwen3-4b-nothink,trivia_qa_validation_03362,0,0.287655,3
trivia_qa,qwen3-4b-nothink,trivia_qa_validation_04721,0,0.395028,4
trivia_qa,qwen3-4b-nothink,trivia_qa_validation_03303,0,0.434812,2
trivia_qa,qwen3-4b-nothink,trivia_qa_validation_06978,0,0.425309,2
trivia_qa,qwen3-4b-nothink,trivia_qa_validation_16241,1,0.521001,3
trivia_qa,qwen3-4b-nothink,trivia_qa_validation_17918,0,0.385605,1
trivia_qa,qwen3-4b-nothink,trivia_qa_validation_15357,1,0.525781,4
trivia_qa,qwen3-4b-nothink,trivia_qa_validation_05019,0,0.106119,5
trivia_qa,qwen3-4b-nothink,trivia_qa_validation_06211,0,0.261033,1
trivia_qa,qwen3-4b-nothink,trivia_qa_validation_06435,0,0.049006,4
trivia_qa,qwen3-4b-nothink,trivia_qa_validation_11926,1,0.495127,1
trivia_qa,qwen3-4b-nothink,trivia_qa_validation_03640,1,0.517165,4
trivia_qa,qwen3-4b-nothink,trivia_qa_validation_03927,1,0.394839,2
trivia_qa,qwen3-4b-nothink,trivia_qa_validation_14928,0,0.538423,3
trivia_qa,qwen3-4b-nothink,trivia_qa_validation_12834,1,0.262382,4
trivia_qa,qwen3-4b-nothink,trivia_qa_validation_09497,1,0.500614,3
trivia_qa,qwen3-4b-nothink,trivia_qa_validation_02033,1,0.513107,5
trivia_qa,qwen3-4b-nothink,trivia_qa_validation_03233,1,0.537245,4
trivia_qa,qwen3-4b-nothink,trivia_qa_validation_10014,0,0.353494,3
trivia_qa,qwen3-4b-nothink,trivia_qa_validation_15187,0,0.408403,3
trivia_qa,qwen3-4b-nothink,trivia_qa_validation_08965,1,0.489484,5
trivia_qa,qwen3-4b-nothink,trivia_qa_validation_01385,0,0.537245,4
trivia_qa,qwen3-4b-nothink,trivia_qa_validation_05066,1,0.431287,4
trivia_qa,qwen3-4b-nothink,trivia_qa_validation_12559,1,0.406082,4
trivia_qa,qwen3-4b-nothink,trivia_qa_validation_06603,0,0.409484,5
trivia_qa,qwen3-4b-nothink,trivia_qa_validation_08453,1,0.485328,2
trivia_qa,qwen3-4b-nothink,trivia_qa_validation_14931,0,0.502286,2
trivia_qa,qwen3-4b-nothink,trivia_qa_validation_15106,0,0.325085,2
trivia_qa,qwen3-4b-nothink,trivia_qa_validation_08675,0,0.606107,4
trivia_qa,qwen3-4b-nothink,trivia_qa_validation_10591,0,0.338235,1
trivia_qa,qwen3-4b-nothink,trivia_qa_validation_05745,0,0.196642,1
trivia_qa,qwen3-4b-nothink,trivia_qa_validation_03936,0,0.160507,1
trivia_qa,qwen3-4b-nothink,trivia_qa_validation_11173,1,0.536146,2
trivia_qa,qwen3-4b-nothink,trivia_qa_validation_00846,1,0.536146,2
trivia_qa,qwen3-4b-nothink,trivia_qa_validation_03873,1,0.472634,5
trivia_qa,qwen3-4b-nothink,trivia_qa_validation_03973,1,0.322174,2
trivia_qa,qwen3-4b-nothink,trivia_qa_validation_02775,0,0.385614,2
trivia_qa,qwen3-4b-nothink,trivia_qa_validation_10251,0,0.191167,3
trivia_qa,qwen3-4b-nothink,trivia_qa_validation_05687,0,0.144463,1
trivia_qa,qwen3-4b-nothink,trivia_qa_validation_09848,1,0.432517,5
trivia_qa,qwen3-4b-nothink,trivia_qa_validation_06820,0,0.379756,4
trivia_qa,qwen3-4b-nothink,trivia_qa_validation_14907,0,0.499862,2
trivia_qa,qwen3-4b-nothink,trivia_qa_validation_08421,1,0.430054,2
trivia_qa,qwen3-4b-nothink,trivia_qa_validation_11989,1,0.474034,4
trivia_qa,qwen3-4b-nothink,trivia_qa_validation_07038,0,0.543857,1
trivia_qa,qwen3-4b-nothink,trivia_qa_validation_03319,0,0.416878,3
trivia_qa,qwen3-4b-nothink,trivia_qa_validation_02548,0,0.445455,4
trivia_qa,qwen3-4b-nothink,trivia_qa_validation_04261,1,0.497607,3
trivia_qa,qwen3-4b-nothink,trivia_qa_validation_10175,1,0.085,2
trivia_qa,qwen3-4b-nothink,trivia_qa_validation_14853,1,0.496233,5
trivia_qa,qwen3-4b-nothink,trivia_qa_validation_07931,0,0.458763,2
trivia_qa,qwen3-4b-nothink,trivia_qa_validation_09718,0,0.348943,3
trivia_qa,qwen3-4b-nothink,trivia_qa_validation_05292,0,0.497699,3
trivia_qa,qwen3-4b-nothink,trivia_qa_validation_13456,0,0.214556,5
trivia_qa,qwen3-4b-nothink,trivia_qa_validation_09330,0,0.566714,5
trivia_qa,qwen3-4b-nothink,trivia_qa_validation_08852,0,0.499862,2
trivia_qa,qwen3-4b-nothink,trivia_qa_validation_07136,0,0.527899,1
trivia_qa,qwen3-4b-nothink,trivia_qa_validation_14543,0,0.455845,5
trivia_qa,qwen3-4b-nothink,trivia_qa_validation_12564,1,0.314406,1
trivia_qa,qwen3-4b-nothink,trivia_qa_validation_02672,1,0.442583,3
trivia_qa,qwen3-4b-nothink,trivia_qa_validation_01604,1,0.45426,1
trivia_qa,qwen3-4b-nothink,trivia_qa_validation_07684,1,0.415862,2
trivia_qa,qwen3-4b-nothink,trivia_qa_validation_01782,0,0.533312,5
trivia_qa,qwen3-4b-nothink,trivia_qa_validation_17582,0,0.434112,4
trivia_qa,qwen3-4b-nothink,trivia_qa_validation_16071,0,0.415862,2
trivia_qa,qwen3-4b-nothink,trivia_qa_validation_02529,0,0.33648,2
trivia_qa,qwen3-4b-nothink,trivia_qa_validation_06312,0,0.383645,5
trivia_qa,qwen3-4b-nothink,trivia_qa_validation_15880,0,0.339382,4
trivia_qa,qwen3-4b-nothink,trivia_qa_validation_11305,0,0.495842,1
trivia_qa,qwen3-4b-nothink,trivia_qa_validation_13979,1,0.52865,4
trivia_qa,qwen3-4b-nothink,trivia_qa_validation_13336,1,0.439156,5
trivia_qa,qwen3-4b-nothink,trivia_qa_validation_08509,0,0.458763,2
trivia_qa,qwen3-4b-nothink,trivia_qa_validation_13845,1,0.434812,2
trivia_qa,qwen3-4b-nothink,trivia_qa_validation_13351,0,0.305389,1
medqa,llama-3.1-8b-instruct,medqa_test_00990,1,0.655857,4
medqa,llama-3.1-8b-instruct,medqa_test_00202,0,0.611725,4
medqa,llama-3.1-8b-instruct,medqa_test_01258,1,0.524956,2
medqa,llama-3.1-8b-instruct,medqa_test_00277,1,0.649837,2
medqa,llama-3.1-8b-instruct,medqa_test_00427,1,0.750877,3
medqa,llama-3.1-8b-instruct,medqa_test_00015,0,0.435098,4
medqa,llama-3.1-8b-instruct,medqa_test_01202,1,0.726917,5
medqa,llama-3.1-8b-instruct,medqa_test_01027,1,0.795475,4
medqa,llama-3.1-8b-instruct,medqa_test_00827,1,0.70141,5
medqa,llama-3.1-8b-instruct,medqa_test_00503,0,0.588613,5
medqa,llama-3.1-8b-instruct,medqa_test_00325,1,0.600312,2
medqa,llama-3.1-8b-instruct,medqa_test_00681,1,0.667541,1
medqa,llama-3.1-8b-instruct,medqa_test_00932,1,0.696749,2
medqa,llama-3.1-8b-instruct,medqa_test_00387,1,0.639722,3
medqa,llama-3.1-8b-instruct,medqa_test_00235,1,0.669019,1
medqa,llama-3.1-8b-instruct,medqa_test_00066,1,0.617411,2
medqa,llama-3.1-8b-instruct,medqa_test_00347,1,0.640998,1
medqa,llama-3.1-8b-instruct,medqa_test_00442,1,0.847523,2
medqa,llama-3.1-8b-instruct,medqa_test_01121,1,0.458653,3
medqa,llama-3.1-8b-instruct,medqa_test_00376,0,0.653297,1
medqa,llama-3.1-8b-instruct,medqa_test_00035,1,0.635678,1
medqa,llama-3.1-8b-instruct,medqa_test_00332,0,0.692025,3
medqa,llama-3.1-8b-instruct,medqa_test_00400,1,0.724263,4
medqa,llama-3.1-8b-instruct,medqa_test_01145,1,0.72128,2
medqa,llama-3.1-8b-instruct,medqa_test_00975,1,0.759963,1
medqa,llama-3.1-8b-instruct,medqa_test_00950,1,0.746568,2
medqa,llama-3.1-8b-instruct,medqa_test_00825,1,0.481264,4
medqa,llama-3.1-8b-instruct,medqa_test_00845,1,0.705003,2
medqa,llama-3.1-8b-instruct,medqa_test_00802,0,0.638727,2
medqa,llama-3.1-8b-instruct,medqa_test_00650,1,0.63709,1
medqa,llama-3.1-8b-instruct,medqa_test_00540,1,0.639698,5
medqa,llama-3.1-8b-instruct,medqa_test_00796,0,0.747779,4
medqa,llama-3.1-8b-instruct,medqa_test_00715,1,0.732349,5
medqa,llama-3.1-8b-instruct,medqa_test_00002,1,0.66029,4
medqa,llama-3.1-8b-instruct,medqa_test_00395,1,0.658122,4
medqa,llama-3.1-8b-instruct,medqa_test_00464,1,0.804817,2
medqa,llama-3.1-8b-instruct,medqa_test_00331,1,0.713891,5
medqa,llama-3.1-8b-instruct,medqa_test_00959,1,0.548052,4
medqa,llama-3.1-8b-instruct,medqa_test_00761,0,0.671277,2
medqa,llama-3.1-8b-instruct,medqa_test_00454,0,0.579436,5
medqa,llama-3.1-8b-instruct,medqa_test_00107,0,0.718746,2
medqa,llama-3.1-8b-instruct,medqa_test_00920,1,0.622122,3
medqa,llama-3.1-8b-instruct,medqa_test_00528,1,0.716258,5
medqa,llama-3.1-8b-instruct,medqa_test_01166,1,0.706981,3
medqa,llama-3.1-8b-instruct,medqa_test_00187,1,0.710965,4
medqa,llama-3.1-8b-instruct,medqa_test_00823,1,0.772509,2
medqa,llama-3.1-8b-instruct,medqa_test_00997,1,0.578104,1
medqa,llama-3.1-8b-instruct,medqa_test_00371,1,0.71252,1
medqa,llama-3.1-8b-instruct,medqa_test_01142,0,0.810198,4
medqa,llama-3.1-8b-instruct,medqa_test_00586,1,0.534841,5
medqa,llama-3.1-8b-instruct,medqa_test_00195,1,0.525161,5
medqa,llama-3.1-8b-instruct,medqa_test_01155,1,0.676041,4
medqa,llama-3.1-8b-instruct,medqa_test_00536,0,0.765463,4
medqa,llama-3.1-8b-instruct,medqa_test_00510,1,0.490638,4
medqa,llama-3.1-8b-instruct,medqa_test_00976,0,0.677722,4
medqa,llama-3.1-8b-instruct,medqa_test_01050,0,0.710367,2
medqa,llama-3.1-8b-instruct,medqa_test_00742,1,0.638473,5
medqa,llama-3.1-8b-instruct,medqa_test_01263,1,0.652023,1
medqa,llama-3.1-8b-instruct,medqa_test_00631,1,0.63317,2
medqa,llama-3.1-8b-instruct,medqa_test_01157,1,0.672111,1
medqa,llama-3.1-8b-instruct,medqa_test_00473,1,0.655348,3
medqa,llama-3.1-8b-instruct,medqa_test_00812,1,0.629007,3
medqa,llama-3.1-8b-instruct,medqa_test_00299,1,0.711635,2
medqa,llama-3.1-8b-instruct,medqa_test_00717,1,0.511519,2
medqa,llama-3.1-8b-instruct,medqa_test_00850,0,0.600952,2
medqa,llama-3.1-8b-instruct,medqa_test_00049,1,0.743301,4
medqa,llama-3.1-8b-instruct,medqa_test_00793,1,0.746603,3
medqa,llama-3.1-8b-instruct,medqa_test_00100,1,0.538868,4
medqa,llama-3.1-8b-instruct,medqa_test_00662,1,0.514766,3
medqa,llama-3.1-8b-instruct,medqa_test_01254,1,0.684341,1
medqa,llama-3.1-8b-instruct,medqa_test_01150,1,0.677317,5
medqa,llama-3.1-8b-instruct,medqa_test_00044,1,0.552297,3
medqa,llama-3.1-8b-instruct,medqa_test_00289,1,0.546105,2
medqa,llama-3.1-8b-instruct,medqa_test_01201,1,0.603721,5
medqa,llama-3.1-8b-instruct,medqa_test_00861,0,0.543078,3
medqa,llama-3.1-8b-instruct,medqa_test_00898,1,0.656817,3
medqa,llama-3.1-8b-instruct,medqa_test_00328,1,0.727744,4
medqa,llama-3.1-8b-instruct,medqa_test_01071,0,0.727355,2
medqa,llama-3.1-8b-instruct,medqa_test_01032,1,0.573593,1
medqa,llama-3.1-8b-instruct,medqa_test_00892,0,0.690302,3
medqa,llama-3.1-8b-instruct,medqa_test_00623,1,0.762397,5
medqa,llama-3.1-8b-instruct,medqa_test_01173,1,0.692969,3
medqa,llama-3.1-8b-instruct,medqa_test_00246,0,0.618168,4
medqa,llama-3.1-8b-instruct,medqa_test_00272,1,0.780737,2
medqa,llama-3.1-8b-instruct,medqa_test_00581,1,0.659995,1
medqa,llama-3.1-8b-instruct,medqa_test_00489,1,0.637484,5
medqa,llama-3.1-8b-instruct,medqa_test_01185,1,0.614725,2
medqa,llama-3.1-8b-instruct,medqa_test_01138,1,0.704555,1
medqa,llama-3.1-8b-instruct,medqa_test_00214,1,0.571001,1
medqa,llama-3.1-8b-instruct,medqa_test_00848,1,0.655797,4
medqa,llama-3.1-8b-instruct,medqa_test_00455,0,0.656903,2
medqa,llama-3.1-8b-instruct,medqa_test_00835,0,0.672478,4
medqa,llama-3.1-8b-instruct,medqa_test_00860,1,0.606397,5
medqa,llama-3.1-8b-instruct,medqa_test_00022,1,0.574476,1
medqa,llama-3.1-8b-instruct,medqa_test_00603,1,0.614186,1
medqa,llama-3.1-8b-instruct,medqa_test_00356,0,0.708311,1
medqa,llama-3.1-8b-instruct,medqa_test_01236,1,0.531835,1
medqa,llama-3.1-8b-instruct,medqa_test_00185,1,0.508527,5
medqa,llama-3.1-8b-instruct,medqa_test_01193,0,0.652153,5
medqa,llama-3.1-8b-instruct,medqa_test_00711,1,0.696507,5
medqa,llama-3.1-8b-instruct,medqa_test_00263,1,0.712665,4
medqa,llama-3.1-8b-instruct,medqa_test_00667,1,0.750779,1
medqa,llama-3.1-8b-instruct,medqa_test_01187,1,0.707687,4
medqa,llama-3.1-8b-instruct,medqa_test_00463,0,0.70021,3
medqa,llama-3.1-8b-instruct,medqa_test_00639,0,0.729162,3
medqa,llama-3.1-8b-instruct,medqa_test_01238,1,0.594831,1
medqa,llama-3.1-8b-instruct,medqa_test_00231,0,0.65713,3
medqa,llama-3.1-8b-instruct,medqa_test_00177,1,0.732532,3
medqa,llama-3.1-8b-instruct,medqa_test_00296,1,0.520287,4
medqa,llama-3.1-8b-instruct,medqa_test_00482,1,0.74498,5
medqa,llama-3.1-8b-instruct,medqa_test_01255,0,0.59149,2
medqa,llama-3.1-8b-instruct,medqa_test_00857,1,0.755248,1
medqa,llama-3.1-8b-instruct,medqa_test_01251,1,0.763682,2
medqa,llama-3.1-8b-instruct,medqa_test_00021,0,0.619518,2
medqa,llama-3.1-8b-instruct,medqa_test_00056,1,0.571636,3
medqa,llama-3.1-8b-instruct,medqa_test_00485,0,0.556248,1
medqa,llama-3.1-8b-instruct,medqa_test_00887,0,0.691441,4
medqa,llama-3.1-8b-instruct,medqa_test_00090,1,0.727274,4
medqa,llama-3.1-8b-instruct,medqa_test_00886,1,0.705438,5
medqa,llama-3.1-8b-instruct,medqa_test_01026,1,0.612957,1
medqa,llama-3.1-8b-instruct,medqa_test_00529,1,0.695517,2
medqa,llama-3.1-8b-instruct,medqa_test_00055,1,0.690388,3
medqa,llama-3.1-8b-instruct,medqa_test_00658,1,0.757578,3
medqa,llama-3.1-8b-instruct,medqa_test_00706,0,0.64974,3
medqa,llama-3.1-8b-instruct,medqa_test_00545,1,0.719156,3
medqa,llama-3.1-8b-instruct,medqa_test_00238,0,0.619303,5
medqa,llama-3.1-8b-instruct,medqa_test_00878,1,0.678736,3
medqa,llama-3.1-8b-instruct,medqa_test_00192,1,0.717318,1
medqa,llama-3.1-8b-instruct,medqa_test_00738,1,0.687486,4
medqa,llama-3.1-8b-instruct,medqa_test_01250,0,0.712515,3
medqa,llama-3.1-8b-instruct,medqa_test_01233,0,0.585988,3
medqa,llama-3.1-8b-instruct,medqa_test_00531,0,0.643997,2
medqa,llama-3.1-8b-instruct,medqa_test_00568,1,0.6807,2
medqa,llama-3.1-8b-instruct,medqa_test_00286,1,0.788679,3
medqa,llama-3.1-8b-instruct,medqa_test_00757,0,0.535381,4
medqa,llama-3.1-8b-instruct,medqa_test_00785,0,0.463,3
medqa,llama-3.1-8b-instruct,medqa_test_00067,1,0.68078,2
medqa,llama-3.1-8b-instruct,medqa_test_01108,1,0.522248,5
medqa,llama-3.1-8b-instruct,medqa_test_00571,1,0.543535,5
medqa,llama-3.1-8b-instruct,medqa_test_00212,0,0.573069,3
medqa,llama-3.1-8b-instruct,medqa_test_00220,1,0.654273,5
medqa,llama-3.1-8b-instruct,medqa_test_01132,1,0.674274,2
medqa,llama-3.1-8b-instruct,medqa_test_01020,0,0.57882,5
medqa,llama-3.1-8b-instruct,medqa_test_00492,1,0.706264,5
medqa,llama-3.1-8b-instruct,medqa_test_00988,0,0.587153,4
medqa,llama-3.1-8b-instruct,medqa_test_00420,1,0.757927,3
medqa,llama-3.1-8b-instruct,medqa_test_00978,1,0.581234,2
medqa,llama-3.1-8b-instruct,medqa_test_00699,1,0.642399,2
medqa,llama-3.1-8b-instruct,medqa_test_00730,1,0.693784,1
medqa,llama-3.1-8b-instruct,medqa_test_00969,1,0.683384,1
medqa,llama-3.1-8b-instruct,medqa_test_00719,1,0.584542,3
medqa,llama-3.1-8b-instruct,medqa_test_00032,0,0.550429,3
medqa,llama-3.1-8b-instruct,medqa_test_00876,1,0.710961,4
medqa,llama-3.1-8b-instruct,medqa_test_00126,1,0.707622,2
medqa,llama-3.1-8b-instruct,medqa_test_00179,1,0.584997,1
medqa,llama-3.1-8b-instruct,medqa_test_00367,0,0.628561,1
medqa,llama-3.1-8b-instruct,medqa_test_00480,0,0.687319,5
medqa,llama-3.1-8b-instruct,medqa_test_00121,1,0.748346,2
medqa,llama-3.1-8b-instruct,medqa_test_00081,0,0.71088,4
medqa,llama-3.1-8b-instruct,medqa_test_00011,1,0.592569,1
medqa,llama-3.1-8b-instruct,medqa_test_00829,0,0.640807,1
medqa,llama-3.1-8b-instruct,medqa_test_01171,1,0.722584,3
medqa,llama-3.1-8b-instruct,medqa_test_01068,1,0.667623,2
medqa,llama-3.1-8b-instruct,medqa_test_01203,1,0.622399,5
medqa,llama-3.1-8b-instruct,medqa_test_00820,1,0.610725,5
medqa,llama-3.1-8b-instruct,medqa_test_01180,1,0.644204,3
medqa,llama-3.1-8b-instruct,medqa_test_00901,1,0.618657,5
medqa,llama-3.1-8b-instruct,medqa_test_01100,0,0.730032,2
medqa,llama-3.1-8b-instruct,medqa_test_01163,1,0.663886,5
medqa,llama-3.1-8b-instruct,medqa_test_01044,1,0.674378,3
medqa,llama-3.1-8b-instruct,medqa_test_01212,1,0.677965,4
medqa,llama-3.1-8b-instruct,medqa_test_00888,0,0.740562,5
medqa,llama-3.1-8b-instruct,medqa_test_00813,0,0.69956,5
medqa,llama-3.1-8b-instruct,medqa_test_01107,1,0.730944,4
medqa,llama-3.1-8b-instruct,medqa_test_00875,1,0.732553,3
medqa,llama-3.1-8b-instruct,medqa_test_00659,0,0.673223,5
medqa,llama-3.1-8b-instruct,medqa_test_00125,1,0.590727,4
medqa,llama-3.1-8b-instruct,medqa_test_00269,1,0.682826,4
medqa,llama-3.1-8b-instruct,medqa_test_00148,1,0.682577,1
medqa,llama-3.1-8b-instruct,medqa_test_00462,1,0.609351,1
medqa,llama-3.1-8b-instruct,medqa_test_00960,0,0.672134,5
medqa,llama-3.1-8b-instruct,medqa_test_00314,0,0.680609,2
medqa,llama-3.1-8b-instruct,medqa_test_00300,0,0.633695,3
medqa,llama-3.1-8b-instruct,medqa_test_00241,0,0.640779,1
medqa,llama-3.1-8b-instruct,medqa_test_01031,1,0.720418,3
medqa,llama-3.1-8b-instruct,medqa_test_00087,0,0.724524,5
medqa,llama-3.1-8b-instruct,medqa_test_00726,1,0.726779,3
medqa,llama-3.1-8b-instruct,medqa_test_00771,0,0.581825,4
medqa,llama-3.1-8b-instruct,medqa_test_00017,1,0.883969,4
medqa,llama-3.1-8b-instruct,medqa_test_00034,0,0.791733,3
medqa,llama-3.1-8b-instruct,medqa_test_01041,0,0.752068,2
medqa,llama-3.1-8b-instruct,medqa_test_01006,1,0.733949,2
medqa,llama-3.1-8b-instruct,medqa_test_00153,1,0.832862,4
medqa,llama-3.1-8b-instruct,medqa_test_00298,0,0.629308,1
medqa,llama-3.1-8b-instruct,medqa_test_00428,1,0.684685,5
medqa,llama-3.1-8b-instruct,medqa_test_00893,1,0.617503,4
medqa,llama-3.1-8b-instruct,medqa_test_00294,0,0.626592,1
medqa,llama-3.1-8b-instruct,medqa_test_00599,1,0.658589,4
medqa,llama-3.1-8b-instruct,medqa_test_01014,0,0.690431,1
medqa,llama-3.1-8b-instruct,medqa_test_00587,0,0.617206,1
medqa,llama-3.1-8b-instruct,medqa_test_00677,0,0.531466,1
medqa,llama-3.1-8b-instruct,medqa_test_01037,0,0.584144,3
medqa,llama-3.1-8b-instruct,medqa_test_00834,1,0.686821,3
medqa,llama-3.1-8b-instruct,medqa_test_01065,0,0.740793,5
medqa,llama-3.1-8b-instruct,medqa_test_01058,1,0.548548,2
medqa,llama-3.1-8b-instruct,medqa_test_00837,1,0.69013,2
medqa,llama-3.1-8b-instruct,medqa_test_01029,0,0.6087,1
medqa,llama-3.1-8b-instruct,medqa_test_00259,1,0.764349,2
medqa,llama-3.1-8b-instruct,medqa_test_00714,0,0.672452,4
medqa,llama-3.1-8b-instruct,medqa_test_00954,1,0.705526,4
medqa,llama-3.1-8b-instruct,medqa_test_00728,1,0.71705,1
medqa,llama-3.1-8b-instruct,medqa_test_00057,1,0.679597,1
medqa,llama-3.1-8b-instruct,medqa_test_00580,1,0.64564,5
medqa,llama-3.1-8b-instruct,medqa_test_01195,1,0.66862,1
medqa,llama-3.1-8b-instruct,medqa_test_00605,0,0.637064,3
medqa,llama-3.1-8b-instruct,medqa_test_00889,1,0.657669,1
medqa,llama-3.1-8b-instruct,medqa_test_00768,1,0.669195,3
medqa,llama-3.1-8b-instruct,medqa_test_00645,1,0.548373,5
medqa,llama-3.1-8b-instruct,medqa_test_00858,0,0.677647,3
medqa,llama-3.1-8b-instruct,medqa_test_01118,1,0.660755,2
medqa,llama-3.1-8b-instruct,medqa_test_00434,1,0.810965,2
medqa,llama-3.1-8b-instruct,medqa_test_00562,1,0.706753,3
medqa,llama-3.1-8b-instruct,medqa_test_01021,0,0.641872,4
medqa,llama-3.1-8b-instruct,medqa_test_00261,1,0.627275,1
medqa,llama-3.1-8b-instruct,medqa_test_00410,1,0.681722,3
medqa,llama-3.1-8b-instruct,medqa_test_00880,0,0.616213,1
medqa,llama-3.1-8b-instruct,medqa_test_00458,1,0.641799,4
medqa,llama-3.1-8b-instruct,medqa_test_00275,1,0.731678,1
medqa,llama-3.1-8b-instruct,medqa_test_00575,1,0.66117,1
medqa,llama-3.1-8b-instruct,medqa_test_00112,0,0.608273,3
medqa,llama-3.1-8b-instruct,medqa_test_00073,1,0.640767,5
medqa,llama-3.1-8b-instruct,medqa_test_00383,1,0.599849,5
medqa,llama-3.1-8b-instruct,medqa_test_00668,1,0.615575,5
medqa,llama-3.1-8b-instruct,medqa_test_00068,0,0.708755,3
medqa,llama-3.1-8b-instruct,medqa_test_00396,1,0.627991,5
medqa,llama-3.1-8b-instruct,medqa_test_01013,1,0.666491,4
medqa,llama-3.1-8b-instruct,medqa_test_00361,0,0.637456,5
medqa,llama-3.1-8b-instruct,medqa_test_00461,0,0.726501,5
medqa,llama-3.1-8b-instruct,medqa_test_00160,0,0.719792,2
medqa,llama-3.1-8b-instruct,medqa_test_00423,0,0.510812,2
medqa,llama-3.1-8b-instruct,medqa_test_01069,1,0.624934,2
medqa,llama-3.1-8b-instruct,medqa_test_00280,1,0.725978,2
medqa,llama-3.1-8b-instruct,medqa_test_00491,1,0.429432,2
medqa,llama-3.1-8b-instruct,medqa_test_00048,1,0.686212,3
medqa,llama-3.1-8b-instruct,medqa_test_01172,1,0.706427,3
medqa,llama-3.1-8b-instruct,medqa_test_00852,1,0.671733,1
medqa,llama-3.1-8b-instruct,medqa_test_00847,1,0.766019,3
medqa,llama-3.1-8b-instruct,medqa_test_00731,1,0.724514,2
medqa,llama-3.1-8b-instruct,medqa_test_00745,1,0.635018,3
medqa,llama-3.1-8b-instruct,medqa_test_01018,1,0.625409,5
medqa,llama-3.1-8b-instruct,medqa_test_00779,1,0.523916,3
medqa,llama-3.1-8b-instruct,medqa_test_00386,0,0.718147,3
medqa,llama-3.1-8b-instruct,medqa_test_00498,0,0.616762,3
medqa,llama-3.1-8b-instruct,medqa_test_01226,1,0.532344,1
medqa,llama-3.1-8b-instruct,medqa_test_00640,0,0.62085,5
medqa,llama-3.1-8b-instruct,medqa_test_00018,0,0.665971,1
medqa,llama-3.1-8b-instruct,medqa_test_00382,1,0.57333,3
medqa,llama-3.1-8b-instruct,medqa_test_01016,0,0.714446,1
medqa,llama-3.1-8b-instruct,medqa_test_00607,1,0.754229,2
medqa,llama-3.1-8b-instruct,medqa_test_00210,1,0.574938,4
medqa,llama-3.1-8b-instruct,medqa_test_00168,1,0.763904,3
medqa,llama-3.1-8b-instruct,medqa_test_01207,1,0.671243,5
medqa,llama-3.1-8b-instruct,medqa_test_01211,1,0.57116,5
medqa,llama-3.1-8b-instruct,medqa_test_00164,1,0.735216,3
medqa,llama-3.1-8b-instruct,medqa_test_00170,0,0.549391,2
medqa,llama-3.1-8b-instruct,medqa_test_00808,1,0.732624,2
medqa,llama-3.1-8b-instruct,medqa_test_00766,1,0.752009,5
medqa,llama-3.1-8b-instruct,medqa_test_00474,1,0.737865,2
medqa,llama-3.1-8b-instruct,medqa_test_00712,1,0.539211,1
medqa,llama-3.1-8b-instruct,medqa_test_00936,0,0.651407,5
medqa,llama-3.1-8b-instruct,medqa_test_01126,0,0.726549,4
medqa,llama-3.1-8b-instruct,medqa_test_00092,1,0.655208,1
medqa,llama-3.1-8b-instruct,medqa_test_01219,1,0.630781,3
medqa,llama-3.1-8b-instruct,medqa_test_01208,1,0.679447,1
medqa,llama-3.1-8b-instruct,medqa_test_00089,1,0.652651,2
medqa,llama-3.1-8b-instruct,medqa_test_00651,0,0.636124,1
medqa,llama-3.1-8b-instruct,medqa_test_01248,1,0.665099,1
medqa,llama-3.1-8b-instruct,medqa_test_00010,1,0.731148,2
medqa,llama-3.1-8b-instruct,medqa_test_00949,1,0.606715,2
medqa,llama-3.1-8b-instruct,medqa_test_00046,1,0.754101,1
medqa,llama-3.1-8b-instruct,medqa_test_01245,0,0.509805,5
medqa,llama-3.1-8b-instruct,medqa_test_00883,1,0.818828,5
medqa,llama-3.1-8b-instruct,medqa_test_00221,0,0.583251,1
medqa,llama-3.1-8b-instruct,medqa_test_00962,1,0.686462,1
medqa,llama-3.1-8b-instruct,medqa_test_01223,0,0.683302,3
medqa,llama-3.1-8b-instruct,medqa_test_00923,1,0.748075,4
medqa,llama-3.1-8b-instruct,medqa_test_01036,1,0.638842,5
medqa,llama-3.1-8b-instruct,medqa_test_01064,1,0.699492,1
medqa,llama-3.1-8b-instruct,medqa_test_00256,0,0.576025,5
medqa,llama-3.1-8b-instruct,medqa_test_00139,0,0.647557,1
medqa,llama-3.1-8b-instruct,medqa_test_01213,1,0.695765,1
medqa,llama-3.1-8b-instruct,medqa_test_00763,1,0.678453,5
medqa,llama-3.1-8b-instruct,medqa_test_00239,1,0.638682,2
medqa,llama-3.1-8b-instruct,medqa_test_00624,1,0.770156,4
medqa,llama-3.1-8b-instruct,medqa_test_00606,1,0.705155,5
medqa,llama-3.1-8b-instruct,medqa_test_00723,1,0.755876,4
medqa,llama-3.1-8b-instruct,medqa_test_00459,1,0.687652,3
medqa,llama-3.1-8b-instruct,medqa_test_00579,1,0.516625,1
medqa,llama-3.1-8b-instruct,medqa_test_00157,1,0.790883,4
medqa,llama-3.1-8b-instruct,medqa_test_00084,1,0.609408,1
medqa,llama-3.1-8b-instruct,medqa_test_00352,0,0.670023,3
medqa,llama-3.1-8b-instruct,medqa_test_00612,1,0.593544,1
medqa,llama-3.1-8b-instruct,medqa_test_00072,1,0.678511,2
medqa,llama-3.1-8b-instruct,medqa_test_00724,0,0.556772,3
medqa,llama-3.1-8b-instruct,medqa_test_00374,1,0.707316,4
medqa,llama-3.1-8b-instruct,medqa_test_00363,1,0.631131,3
medqa,llama-3.1-8b-instruct,medqa_test_00642,0,0.564606,5
medqa,llama-3.1-8b-instruct,medqa_test_01095,0,0.770279,2
medqa,llama-3.1-8b-instruct,medqa_test_01168,1,0.653735,1
medqa,llama-3.1-8b-instruct,medqa_test_00101,1,0.680175,3
medqa,llama-3.1-8b-instruct,medqa_test_00401,1,0.577373,3
medqa,llama-3.1-8b-instruct,medqa_test_00348,0,0.628086,4
medqa,llama-3.1-8b-instruct,medqa_test_00346,0,0.749237,3
medqa,llama-3.1-8b-instruct,medqa_test_00119,1,0.664531,2
medqa,llama-3.1-8b-instruct,medqa_test_00870,1,0.658862,3
medqa,llama-3.1-8b-instruct,medqa_test_00525,0,0.642091,5
medqa,llama-3.1-8b-instruct,medqa_test_00749,1,0.628904,5
medqa,llama-3.1-8b-instruct,medqa_test_00147,1,0.500289,5
medqa,llama-3.1-8b-instruct,medqa_test_00439,1,0.703407,4
medqa,llama-3.1-8b-instruct,medqa_test_00016,0,0.717845,4
medqa,llama-3.1-8b-instruct,medqa_test_00402,1,0.623935,3
medqa,llama-3.1-8b-instruct,medqa_test_00708,0,0.643944,3
medqa,llama-3.1-8b-instruct,medqa_test_00304,0,0.514536,5
medqa,llama-3.1-8b-instruct,medqa_test_00614,1,0.601294,3
medqa,llama-3.1-8b-instruct,medqa_test_00971,1,0.569301,4
medqa,llama-3.1-8b-instruct,medqa_test_00772,0,0.723679,2
medqa,llama-3.1-8b-instruct,medqa_test_00894,1,0.526812,4
medqa,llama-3.1-8b-instruct,medqa_test_00282,1,0.67363,2
medqa,llama-3.1-8b-instruct,medqa_test_00512,0,0.742773,1
medqa,llama-3.1-8b-instruct,medqa_test_00989,0,0.552696,1
medqa,llama-3.1-8b-instruct,medqa_test_00080,1,0.680894,1
medqa,llama-3.1-8b-instruct,medqa_test_01174,0,0.625293,2
medqa,llama-3.1-8b-instruct,medqa_test_00628,1,0.732083,3
medqa,llama-3.1-8b-instruct,medqa_test_00945,0,0.661743,4
medqa,llama-3.1-8b-instruct,medqa_test_00494,1,0.512074,1
medqa,llama-3.1-8b-instruct,medqa_test_00320,0,0.591774,1
medqa,llama-3.1-8b-instruct,medqa_test_00921,0,0.739319,4
medqa,llama-3.1-8b-instruct,medqa_test_00050,1,0.731768,1
medqa,llama-3.1-8b-instruct,medqa_test_00504,1,0.567962,3
medqa,llama-3.1-8b-instruct,medqa_test_01042,1,0.691728,5
medqa,llama-3.1-8b-instruct,medqa_test_01110,1,0.666665,1
medqa,llama-3.1-8b-instruct,medqa_test_01175,1,0.649178,4
medqa,llama-3.1-8b-instruct,medqa_test_00762,0,0.564818,5
medqa,llama-3.1-8b-instruct,medqa_test_00632,1,0.652369,2
medqa,llama-3.1-8b-instruct,medqa_test_00839,1,0.616879,5
medqa,llama-3.1-8b-instruct,medqa_test_00872,1,0.68377,5
medqa,llama-3.1-8b-instruct,medqa_test_00226,1,0.564469,4
medqa,llama-3.1-8b-instruct,medqa_test_01056,1,0.74084,2
medqa,llama-3.1-8b-instruct,medqa_test_00502,1,0.751663,5
medqa,llama-3.1-8b-instruct,medqa_test_00794,1,0.543114,4
medqa,llama-3.1-8b-instruct,medqa_test_00115,1,0.748367,1
medqa,llama-3.1-8b-instruct,medqa_test_00751,0,0.669646,1
medqa,llama-3.1-8b-instruct,medqa_test_00419,0,0.68546,4
medqa,llama-3.1-8b-instruct,medqa_test_00310,1,0.739871,4
medqa,llama-3.1-8b-instruct,medqa_test_00213,1,0.661103,4
medqa,llama-3.1-8b-instruct,medqa_test_01047,1,0.605852,4
medqa,llama-3.1-8b-instruct,medqa_test_00060,1,0.564606,2
medqa,llama-3.1-8b-instruct,medqa_test_00755,0,0.618194,1
medqa,llama-3.1-8b-instruct,medqa_test_00479,1,0.609856,3
medqa,llama-3.1-8b-instruct,medqa_test_00155,0,0.626185,3
medqa,llama-3.1-8b-instruct,medqa_test_00910,0,0.63914,4
medqa,llama-3.1-8b-instruct,medqa_test_00076,1,0.659869,5
medqa,llama-3.1-8b-instruct,medqa_test_01210,0,0.602848,2
medqa,llama-3.1-8b-instruct,medqa_test_00404,1,0.689537,1
medqa,llama-3.1-8b-instruct,medqa_test_00906,0,0.564049,1
medqa,llama-3.1-8b-instruct,medqa_test_00322,1,0.736049,3
medqa,llama-3.1-8b-instruct,medqa_test_00295,1,0.771141,4
medqa,llama-3.1-8b-instruct,medqa_test_00037,1,0.640781,3
medqa,llama-3.1-8b-instruct,medqa_test_00397,1,0.721866,5
medqa,llama-3.1-8b-instruct,medqa_test_00205,1,0.470116,3
medqa,llama-3.1-8b-instruct,medqa_test_00033,0,0.748515,2
medqa,llama-3.1-8b-instruct,medqa_test_01002,0,0.680181,5
medqa,llama-3.1-8b-instruct,medqa_test_00666,1,0.630518,3
medqa,llama-3.1-8b-instruct,medqa_test_00998,1,0.538827,2
medqa,llama-3.1-8b-instruct,medqa_test_00595,1,0.706807,1
medqa,llama-3.1-8b-instruct,medqa_test_01135,0,0.70828,2
medqa,llama-3.1-8b-instruct,medqa_test_01120,1,0.764729,5
medqa,llama-3.1-8b-instruct,medqa_test_01001,1,0.694955,5
medqa,llama-3.1-8b-instruct,medqa_test_00245,0,0.522096,5
medqa,llama-3.1-8b-instruct,medqa_test_00643,1,0.73288,2
medqa,llama-3.1-8b-instruct,medqa_test_01081,1,0.761079,3
medqa,llama-3.1-8b-instruct,medqa_test_00729,1,0.593717,3
medqa,llama-3.1-8b-instruct,medqa_test_00615,1,0.713436,5
medqa,llama-3.1-8b-instruct,medqa_test_00896,1,0.701394,5
medqa,llama-3.1-8b-instruct,medqa_test_00926,1,0.626609,2
medqa,llama-3.1-8b-instruct,medqa_test_00385,1,0.694224,2
medqa,llama-3.1-8b-instruct,medqa_test_01244,0,0.709113,4
medqa,llama-3.1-8b-instruct,medqa_test_01152,0,0.7332,5
medqa,llama-3.1-8b-instruct,medqa_test_00944,0,0.72861,2
medqa,llama-3.1-8b-instruct,medqa_test_00149,0,0.762381,3
medqa,llama-3.1-8b-instruct,medqa_test_00933,0,0.604429,4
medqa,llama-3.1-8b-instruct,medqa_test_00591,1,0.74846,4
medqa,llama-3.1-8b-instruct,medqa_test_01151,1,0.725459,1
medqa,llama-3.1-8b-instruct,medqa_test_00140,1,0.640861,2
medqa,llama-3.1-8b-instruct,medqa_test_01154,1,0.681243,5
medqa,llama-3.1-8b-instruct,medqa_test_00828,0,0.644944,3
medqa,llama-3.1-8b-instruct,medqa_test_00851,0,0.674522,4
medqa,llama-3.1-8b-instruct,medqa_test_00007,1,0.69668,5
medqa,llama-3.1-8b-instruct,medqa_test_00953,0,0.666772,2
medqa,llama-3.1-8b-instruct,medqa_test_00091,1,0.665042,1
medqa,llama-3.1-8b-instruct,medqa_test_00184,0,0.756947,5
medqa,llama-3.1-8b-instruct,medqa_test_00116,1,0.598777,4
medqa,llama-3.1-8b-instruct,medqa_test_00684,0,0.668135,4
medqa,llama-3.1-8b-instruct,medqa_test_00099,1,0.748997,4
medqa,llama-3.1-8b-instruct,medqa_test_00585,1,0.699898,5
medqa,llama-3.1-8b-instruct,medqa_test_00144,1,0.778203,3
medqa,llama-3.1-8b-instruct,medqa_test_01079,1,0.701276,2
medqa,llama-3.1-8b-instruct,medqa_test_00884,1,0.71571,3
medqa,llama-3.1-8b-instruct,medqa_test_00617,1,0.660867,3
medqa,llama-3.1-8b-instruct,medqa_test_00301,0,0.675049,3
medqa,llama-3.1-8b-instruct,medqa_test_00524,1,0.728135,2
medqa,llama-3.1-8b-instruct,medqa_test_00557,1,0.676908,1
medqa,llama-3.1-8b-instruct,medqa_test_01096,1,0.712851,4
medqa,llama-3.1-8b-instruct,medqa_test_00868,1,0.573143,1
medqa,llama-3.1-8b-instruct,medqa_test_00547,0,0.739692,3
medqa,llama-3.1-8b-instruct,medqa_test_00661,0,0.67821,1
medqa,llama-3.1-8b-instruct,medqa_test_00895,1,0.639773,3
medqa,llama-3.1-8b-instruct,medqa_test_00818,1,0.664282,2
medqa,llama-3.1-8b-instruct,medqa_test_00390,1,0.683174,1
medqa,llama-3.1-8b-instruct,medqa_test_00515,1,0.70237,3
medqa,llama-3.1-8b-instruct,medqa_test_00380,0,0.623614,5
medqa,llama-3.1-8b-instruct,medqa_test_00534,1,0.60962,2
medqa,llama-3.1-8b-instruct,medqa_test_00937,1,0.657033,3
medqa,llama-3.1-8b-instruct,medqa_test_00098,1,0.68697,1
medqa,llama-3.1-8b-instruct,medqa_test_00369,0,0.605814,3
medqa,llama-3.1-8b-instruct,medqa_test_01260,0,0.551927,5
medqa,llama-3.1-8b-instruct,medqa_test_00780,1,0.63387,3
medqa,llama-3.1-8b-instruct,medqa_test_00128,0,0.670227,1
medqa,llama-3.1-8b-instruct,medqa_test_01268,1,0.583511,3
medqa,llama-3.1-8b-instruct,medqa_test_00588,0,0.633181,5
medqa,llama-3.1-8b-instruct,medqa_test_00232,1,0.509413,4
medqa,llama-3.1-8b-instruct,medqa_test_00657,1,0.53581,5
medqa,llama-3.1-8b-instruct,medqa_test_01125,1,0.550586,2
medqa,llama-3.1-8b-instruct,medqa_test_00782,1,0.619692,5
medqa,llama-3.1-8b-instruct,medqa_test_00647,1,0.644312,5
medqa,llama-3.1-8b-instruct,medqa_test_01136,0,0.716875,2
medqa,llama-3.1-8b-instruct,medqa_test_00176,1,0.726338,3
medqa,llama-3.1-8b-instruct,medqa_test_00805,1,0.658241,1
medqa,llama-3.1-8b-instruct,medqa_test_00653,1,0.477655,2
medqa,llama-3.1-8b-instruct,medqa_test_00844,0,0.530121,2
medqa,llama-3.1-8b-instruct,medqa_test_00188,1,0.64281,3
medqa,llama-3.1-8b-instruct,medqa_test_00297,0,0.662353,1
medqa,llama-3.1-8b-instruct,medqa_test_00797,1,0.578633,4
medqa,llama-3.1-8b-instruct,medqa_test_00522,1,0.517662,5
medqa,llama-3.1-8b-instruct,medqa_test_00508,0,0.683648,2
medqa,llama-3.1-8b-instruct,medqa_test_00354,1,0.599902,3
medqa,llama-3.1-8b-instruct,medqa_test_00207,1,0.6435,4
medqa,llama-3.1-8b-instruct,medqa_test_00113,1,0.663147,1
medqa,llama-3.1-8b-instruct,medqa_test_00700,1,0.686021,1
medqa,llama-3.1-8b-instruct,medqa_test_00855,1,0.572915,5
medqa,llama-3.1-8b-instruct,medqa_test_00927,1,0.680212,4
medqa,llama-3.1-8b-instruct,medqa_test_00965,1,0.642746,4
medqa,llama-3.1-8b-instruct,medqa_test_00744,1,0.638251,1
medqa,llama-3.1-8b-instruct,medqa_test_00513,1,0.607982,1
medqa,llama-3.1-8b-instruct,medqa_test_00364,1,0.647619,5
medqa,llama-3.1-8b-instruct,medqa_test_01007,0,0.67968,4
medqa,llama-3.1-8b-instruct,medqa_test_00243,0,0.512166,1
medqa,llama-3.1-8b-instruct,medqa_test_00786,1,0.656618,5
medqa,llama-3.1-8b-instruct,medqa_test_00977,1,0.629777,1
medqa,llama-3.1-8b-instruct,medqa_test_00984,0,0.631484,2
medqa,llama-3.1-8b-instruct,medqa_test_00483,0,0.653798,1
medqa,llama-3.1-8b-instruct,medqa_test_00697,0,0.587049,4
medqa,llama-3.1-8b-instruct,medqa_test_00905,0,0.790333,4
medqa,llama-3.1-8b-instruct,medqa_test_00368,0,0.673641,5
medqa,llama-3.1-8b-instruct,medqa_test_00537,0,0.560538,5
medqa,llama-3.1-8b-instruct,medqa_test_01091,1,0.643668,3
medqa,llama-3.1-8b-instruct,medqa_test_00097,1,0.685383,3
medqa,llama-3.1-8b-instruct,medqa_test_00264,0,0.471169,4
medqa,llama-3.1-8b-instruct,medqa_test_00750,1,0.75022,3
medqa,llama-3.1-8b-instruct,medqa_test_00952,0,0.729475,3
medqa,llama-3.1-8b-instruct,medqa_test_00637,1,0.706844,4
medqa,llama-3.1-8b-instruct,medqa_test_00616,0,0.722739,5
medqa,llama-3.1-8b-instruct,medqa_test_00803,0,0.731436,2
medqa,llama-3.1-8b-instruct,medqa_test_00613,1,0.745017,4
medqa,llama-3.1-8b-instruct,medqa_test_01189,1,0.699129,5
medqa,llama-3.1-8b-instruct,medqa_test_00143,1,0.726776,3
medqa,llama-3.1-8b-instruct,medqa_test_00174,1,0.554712,2
medqa,llama-3.1-8b-instruct,medqa_test_00132,1,0.643782,1
medqa,llama-3.1-8b-instruct,medqa_test_00809,1,0.661398,4
medqa,llama-3.1-8b-instruct,medqa_test_00840,1,0.750012,3
medqa,llama-3.1-8b-instruct,medqa_test_00526,1,0.563149,1
medqa,llama-3.1-8b-instruct,medqa_test_00831,1,0.66912,2
medqa,llama-3.1-8b-instruct,medqa_test_01218,0,0.702952,5
medqa,llama-3.1-8b-instruct,medqa_test_00843,1,0.654235,1
medqa,llama-3.1-8b-instruct,medqa_test_01222,0,0.664386,1
medqa,llama-3.1-8b-instruct,medqa_test_01270,0,0.627054,3
medqa,llama-3.1-8b-instruct,medqa_test_01088,1,0.785522,2
medqa,llama-3.1-8b-instruct,medqa_test_00172,0,0.724553,4
medqa,llama-3.1-8b-instruct,medqa_test_01197,1,0.525964,2
medqa,llama-3.1-8b-instruct,medqa_test_00342,1,0.730525,5
medqa,llama-3.1-8b-instruct,medqa_test_00816,1,0.741812,2
medqa,llama-3.1-8b-instruct,medqa_test_00237,0,0.663261,5
medqa,llama-3.1-8b-instruct,medqa_test_00544,1,0.787079,5
medqa,llama-3.1-8b-instruct,medqa_test_00672,1,0.663863,5
medqa,llama-3.1-8b-instruct,medqa_test_00702,1,0.598754,2
medqa,llama-3.1-8b-instruct,medqa_test_01089,1,0.547359,5
medqa,llama-3.1-8b-instruct,medqa_test_00804,1,0.700949,5
medqa,llama-3.1-8b-instruct,medqa_test_01230,0,0.577343,1
medqa,llama-3.1-8b-instruct,medqa_test_00251,1,0.691769,5
medqa,llama-3.1-8b-instruct,medqa_test_01224,0,0.633447,5
medqa,llama-3.1-8b-instruct,medqa_test_00274,1,0.669925,5
medqa,llama-3.1-8b-instruct,medqa_test_00604,1,0.745104,1
medqa,llama-3.1-8b-instruct,medqa_test_00554,0,0.657557,3
medqa,llama-3.1-8b-instruct,medqa_test_00495,0,0.676869,5
medqa,llama-3.1-8b-instruct,medqa_test_00276,1,0.699593,3
medqa,llama-3.1-8b-instruct,medqa_test_00678,0,0.720214,1
medqa,llama-3.1-8b-instruct,medqa_test_00445,1,0.557174,2
medqa,llama-3.1-8b-instruct,medqa_test_00560,0,0.676657,5
medqa,llama-3.1-8b-instruct,medqa_test_00470,1,0.660187,3
medqa,llama-3.1-8b-instruct,medqa_test_00370,1,0.713431,2
medqa,llama-3.1-8b-instruct,medqa_test_00443,1,0.657902,3
medqa,llama-3.1-8b-instruct,medqa_test_00108,0,0.592621,2
medqa,llama-3.1-8b-instruct,medqa_test_01200,1,0.75641,2
medqa,llama-3.1-8b-instruct,medqa_test_00622,1,0.57621,4
medqa,llama-3.1-8b-instruct,medqa_test_00012,1,0.727746,4
medqa,llama-3.1-8b-instruct,medqa_test_00349,1,0.485805,2
medqa,llama-3.1-8b-instruct,medqa_test_01048,0,0.508015,3
medqa,llama-3.1-8b-instruct,medqa_test_00913,0,0.77503,2
medqa,llama-3.1-8b-instruct,medqa_test_00379,1,0.579054,3
medqa,llama-3.1-8b-instruct,medqa_test_00618,1,0.669577,5
medqa,llama-3.1-8b-instruct,medqa_test_00355,1,0.70659,2
medqa,llama-3.1-8b-instruct,medqa_test_00862,0,0.735548,1
medqa,llama-3.1-8b-instruct,medqa_test_00123,1,0.712629,3
medqa,llama-3.1-8b-instruct,medqa_test_01045,1,0.694711,5
medqa,llama-3.1-8b-instruct,medqa_test_00104,1,0.705897,1
medqa,llama-3.1-8b-instruct,medqa_test_00248,0,0.747137,3
medqa,llama-3.1-8b-instruct,medqa_test_00874,0,0.585304,2
medqa,llama-3.1-8b-instruct,medqa_test_00701,0,0.806894,4
medqa,llama-3.1-8b-instruct,medqa_test_00406,1,0.702583,4
medqa,llama-3.1-8b-instruct,medqa_test_00384,0,0.642772,5
medqa,llama-3.1-8b-instruct,medqa_test_00319,0,0.596584,5
medqa,llama-3.1-8b-instruct,medqa_test_00026,1,0.746107,1
medqa,llama-3.1-8b-instruct,medqa_test_01228,0,0.582023,4
medqa,llama-3.1-8b-instruct,medqa_test_00167,1,0.46385,4
medqa,llama-3.1-8b-instruct,medqa_test_00934,1,0.688194,5
medqa,llama-3.1-8b-instruct,medqa_test_00171,0,0.685507,5
medqa,llama-3.1-8b-instruct,medqa_test_00377,1,0.593544,1
medqa,llama-3.1-8b-instruct,medqa_test_01111,1,0.761523,4
medqa,llama-3.1-8b-instruct,medqa_test_00879,1,0.565957,4
medqa,llama-3.1-8b-instruct,medqa_test_01057,0,0.661269,5
medqa,llama-3.1-8b-instruct,medqa_test_00117,1,0.672303,5
medqa,llama-3.1-8b-instruct,medqa_test_00716,1,0.665132,2
medqa,llama-3.1-8b-instruct,medqa_test_00129,1,0.669507,3
medqa,llama-3.1-8b-instruct,medqa_test_00709,0,0.618152,5
medqa,llama-3.1-8b-instruct,medqa_test_00633,1,0.580046,5
medqa,llama-3.1-8b-instruct,medqa_test_00909,0,0.731068,2
medqa,llama-3.1-8b-instruct,medqa_test_00842,1,0.622278,4
medqa,llama-3.1-8b-instruct,medqa_test_00654,1,0.655487,4
medqa,llama-3.1-8b-instruct,medqa_test_00031,0,0.646956,2
medqa,llama-3.1-8b-instruct,medqa_test_00041,1,0.711314,1
medqa,llama-3.1-8b-instruct,medqa_test_00942,1,0.645625,4
medqa,llama-3.1-8b-instruct,medqa_test_01123,1,0.668436,1
medqa,llama-3.1-8b-instruct,medqa_test_01101,1,0.748407,2
medqa,llama-3.1-8b-instruct,medqa_test_00053,1,0.717309,2
medqa,llama-3.1-8b-instruct,medqa_test_01196,1,0.71849,3
medqa,llama-3.1-8b-instruct,medqa_test_00019,0,0.561669,1
medqa,llama-3.1-8b-instruct,medqa_test_01038,1,0.590476,5
medqa,llama-3.1-8b-instruct,medqa_test_00980,0,0.578275,2
medqa,llama-3.1-8b-instruct,medqa_test_00258,0,0.739814,4
medqa,llama-3.1-8b-instruct,medqa_test_00431,0,0.731499,4
medqa,llama-3.1-8b-instruct,medqa_test_00284,0,0.658166,5
medqa,llama-3.1-8b-instruct,medqa_test_00986,0,0.53776,2
medqa,llama-3.1-8b-instruct,medqa_test_00345,0,0.662888,2
medqa,llama-3.1-8b-instruct,medqa_test_00748,1,0.740551,3
medqa,llama-3.1-8b-instruct,medqa_test_00465,1,0.555626,1
medqa,llama-3.1-8b-instruct,medqa_test_00216,0,0.657076,1
medqa,llama-3.1-8b-instruct,medqa_test_00335,1,0.607661,1
medqa,llama-3.1-8b-instruct,medqa_test_00739,1,0.615431,4
medqa,llama-3.1-8b-instruct,medqa_test_00266,0,0.714352,2
medqa,llama-3.1-8b-instruct,medqa_test_00811,1,0.750048,4
medqa,llama-3.1-8b-instruct,medqa_test_01164,0,0.515535,4
medqa,llama-3.1-8b-instruct,medqa_test_00472,1,0.730557,4
medqa,llama-3.1-8b-instruct,medqa_test_01084,0,0.513863,3
medqa,llama-3.1-8b-instruct,medqa_test_01076,0,0.378029,3
medqa,llama-3.1-8b-instruct,medqa_test_00085,0,0.666441,2
medqa,llama-3.1-8b-instruct,medqa_test_00792,1,0.665203,3
medqa,llama-3.1-8b-instruct,medqa_test_00577,1,0.575901,5
medqa,llama-3.1-8b-instruct,medqa_test_00403,1,0.643866,3
medqa,llama-3.1-8b-instruct,medqa_test_00027,1,0.54464,2
medqa,llama-3.1-8b-instruct,medqa_test_01148,1,0.615229,3
medqa,llama-3.1-8b-instruct,medqa_test_01122,1,0.73153,5
medqa,llama-3.1-8b-instruct,medqa_test_00478,1,0.649244,3
medqa,llama-3.1-8b-instruct,medqa_test_00169,1,0.711311,5
medqa,llama-3.1-8b-instruct,medqa_test_00414,1,0.592911,1
medqa,llama-3.1-8b-instruct,medqa_test_00344,0,0.603785,1
medqa,llama-3.1-8b-instruct,medqa_test_00774,0,0.743902,5
medqa,llama-3.1-8b-instruct,medqa_test_00029,0,0.685869,2
medqa,llama-3.1-8b-instruct,medqa_test_01073,0,0.55873,5
medqa,llama-3.1-8b-instruct,medqa_test_00279,0,0.639249,2
medqa,llama-3.1-8b-instruct,medqa_test_00710,1,0.650829,4
medqa,llama-3.1-8b-instruct,medqa_test_00499,0,0.752466,4
medqa,llama-3.1-8b-instruct,medqa_test_00225,1,0.700122,3
medqa,llama-3.1-8b-instruct,medqa_test_00559,1,0.717847,2
medqa,llama-3.1-8b-instruct,medqa_test_00770,1,0.659217,3
medqa,llama-3.1-8b-instruct,medqa_test_00979,1,0.657428,5
medqa,llama-3.1-8b-instruct,medqa_test_00399,0,0.536257,4
medqa,llama-3.1-8b-instruct,medqa_test_00305,0,0.667224,5
medqa,llama-3.1-8b-instruct,medqa_test_00360,0,0.663694,1
medqa,llama-3.1-8b-instruct,medqa_test_01141,1,0.585078,2
medqa,llama-3.1-8b-instruct,medqa_test_01008,0,0.647523,5
medqa,llama-3.1-8b-instruct,medqa_test_01054,0,0.686663,4
medqa,llama-3.1-8b-instruct,medqa_test_00690,1,0.641728,5
medqa,llama-3.1-8b-instruct,medqa_test_00020,1,0.76857,5
medqa,llama-3.1-8b-instruct,medqa_test_01009,1,0.598351,2
medqa,llama-3.1-8b-instruct,medqa_test_00398,0,0.728245,2
medqa,llama-3.1-8b-instruct,medqa_test_01169,1,0.567588,5
medqa,llama-3.1-8b-instruct,medqa_test_00211,0,0.593434,2
medqa,llama-3.1-8b-instruct,medqa_test_00063,1,0.666547,3
medqa,llama-3.1-8b-instruct,medqa_test_00425,0,0.640906,1
medqa,llama-3.1-8b-instruct,medqa_test_00477,0,0.63474,5
medqa,llama-3.1-8b-instruct,medqa_test_01015,1,0.6471,3
medqa,llama-3.1-8b-instruct,medqa_test_00846,1,0.792166,4
medqa,llama-3.1-8b-instruct,medqa_test_00417,1,0.676581,1
medqa,llama-3.1-8b-instruct,medqa_test_01092,1,0.703947,5
medqa,llama-3.1-8b-instruct,medqa_test_01190,1,0.641917,1
medqa,llama-3.1-8b-instruct,medqa_test_00219,0,0.580624,4
medqa,llama-3.1-8b-instruct,medqa_test_00156,1,0.470914,2
medqa,llama-3.1-8b-instruct,medqa_test_01055,1,0.649523,2
medqa,llama-3.1-8b-instruct,medqa_test_00236,1,0.747437,4
medqa,llama-3.1-8b-instruct,medqa_test_01114,0,0.716164,4
medqa,llama-3.1-8b-instruct,medqa_test_00999,1,0.570187,4
medqa,llama-3.1-8b-instruct,medqa_test_00553,1,0.756109,1
medqa,llama-3.1-8b-instruct,medqa_test_01160,1,0.721576,3
medqa,llama-3.1-8b-instruct,medqa_test_00943,1,0.766736,3
medqa,llama-3.1-8b-instruct,medqa_test_00916,1,0.728706,3
medqa,llama-3.1-8b-instruct,medqa_test_00705,1,0.547006,3
medqa,llama-3.1-8b-instruct,medqa_test_01178,1,0.726028,3
medqa,llama-3.1-8b-instruct,medqa_test_00079,1,0.71526,4
medqa,llama-3.1-8b-instruct,medqa_test_00450,1,0.677782,1
medqa,llama-3.1-8b-instruct,medqa_test_00281,1,0.729509,2
medqa,llama-3.1-8b-instruct,medqa_test_00967,1,0.646689,2
medqa,llama-3.1-8b-instruct,medqa_test_00641,1,0.789295,3
medqa,llama-3.1-8b-instruct,medqa_test_00496,1,0.572144,2
medqa,llama-3.1-8b-instruct,medqa_test_00533,1,0.696548,4
medqa,llama-3.1-8b-instruct,medqa_test_00891,0,0.69058,1
medqa,llama-3.1-8b-instruct,medqa_test_00885,1,0.624572,4
medqa,llama-3.1-8b-instruct,medqa_test_00253,1,0.677525,5
medqa,llama-3.1-8b-instruct,medqa_test_00265,0,0.513826,5
medqa,llama-3.1-8b-instruct,medqa_test_01094,0,0.619175,3
medqa,llama-3.1-8b-instruct,medqa_test_01147,0,0.682396,2
medqa,llama-3.1-8b-instruct,medqa_test_00162,1,0.686193,5
medqa,llama-3.1-8b-instruct,medqa_test_00456,0,0.54149,3
medqa,llama-3.1-8b-instruct,medqa_test_00732,1,0.682668,4
medqa,llama-3.1-8b-instruct,medqa_test_00436,1,0.726145,5
medqa,llama-3.1-8b-instruct,medqa_test_00516,0,0.614754,2
medqa,llama-3.1-8b-instruct,medqa_test_00627,0,0.665358,1
medqa,llama-3.1-8b-instruct,medqa_test_00453,1,0.729757,4
medqa,llama-3.1-8b-instruct,medqa_test_00324,1,0.669241,1
medqa,llama-3.1-8b-instruct,medqa_test_01115,1,0.778826,4
medqa,llama-3.1-8b-instruct,medqa_test_00572,1,0.612557,4
medqa,llama-3.1-8b-instruct,medqa_test_01004,1,0.42429,5
medqa,llama-3.1-8b-instruct,medqa_test_01082,1,0.620236,2
medqa,llama-3.1-8b-instruct,medqa_test_00136,1,0.568482,3
medqa,llama-3.1-8b-instruct,medqa_test_00467,1,0.638139,1
medqa,llama-3.1-8b-instruct,medqa_test_01060,0,0.527163,3
medqa,llama-3.1-8b-instruct,medqa_test_01049,0,0.723984,5
medqa,llama-3.1-8b-instruct,medqa_test_01165,1,0.54462,2
medqa,llama-3.1-8b-instruct,medqa_test_00475,0,0.559395,4
medqa,llama-3.1-8b-instruct,medqa_test_00530,1,0.6798,2
medqa,llama-3.1-8b-instruct,medqa_test_00180,0,0.660445,3
medqa,llama-3.1-8b-instruct,medqa_test_01162,1,0.713172,5
medqa,llama-3.1-8b-instruct,medqa_test_01221,0,0.672374,5
medqa,llama-3.1-8b-instruct,medqa_test_00915,1,0.69463,4
medqa,llama-3.1-8b-instruct,medqa_test_00005,0,0.592197,2
medqa,llama-3.1-8b-instruct,medqa_test_00671,1,0.645914,4
medqa,llama-3.1-8b-instruct,medqa_test_01243,1,0.592904,5
medqa,llama-3.1-8b-instruct,medqa_test_00249,1,0.503988,4
medqa,llama-3.1-8b-instruct,medqa_test_00800,1,0.72784,4
medqa,llama-3.1-8b-instruct,medqa_test_00506,1,0.601176,1
medqa,llama-3.1-8b-instruct,medqa_test_01220,1,0.671995,5
medqa,llama-3.1-8b-instruct,medqa_test_00199,1,0.670615,4
medqa,llama-3.1-8b-instruct,medqa_test_00589,1,0.733537,5
medqa,llama-3.1-8b-instruct,medqa_test_01183,0,0.658237,4
medqa,llama-3.1-8b-instruct,medqa_test_00424,1,0.741354,3
medqa,llama-3.1-8b-instruct,medqa_test_01217,1,0.711928,3
medqa,llama-3.1-8b-instruct,medqa_test_01063,1,0.713819,1
medqa,llama-3.1-8b-instruct,medqa_test_00625,0,0.62106,1
medqa,llama-3.1-8b-instruct,medqa_test_00486,0,0.683317,4
medqa,llama-3.1-8b-instruct,medqa_test_01229,0,0.669039,4
medqa,llama-3.1-8b-instruct,medqa_test_00047,1,0.514352,4
medqa,llama-3.1-8b-instruct,medqa_test_00838,1,0.643665,4
medqa,llama-3.1-8b-instruct,medqa_test_00150,1,0.592772,1
medqa,llama-3.1-8b-instruct,medqa_test_00203,0,0.656468,4
medqa,llama-3.1-8b-instruct,medqa_test_00230,1,0.629103,2
medqa,llama-3.1-8b-instruct,medqa_test_01023,1,0.679283,5
medqa,llama-3.1-8b-instruct,medqa_test_00688,0,0.717307,5
medqa,llama-3.1-8b-instruct,medqa_test_01019,0,0.668941,4
medqa,llama-3.1-8b-instruct,medqa_test_00095,1,0.629357,5
medqa,llama-3.1-8b-instruct,medqa_test_00343,1,0.583747,5
medqa,llama-3.1-8b-instruct,medqa_test_00981,1,0.612878,3
medqa,llama-3.1-8b-instruct,medqa_test_00648,1,0.724109,3
medqa,llama-3.1-8b-instruct,medqa_test_00756,1,0.702024,2
medqa,llama-3.1-8b-instruct,medqa_test_00527,1,0.623251,2
medqa,llama-3.1-8b-instruct,medqa_test_00290,0,0.64562,5
medqa,llama-3.1-8b-instruct,medqa_test_00086,1,0.585848,2
medqa,llama-3.1-8b-instruct,medqa_test_00674,1,0.716657,3
medqa,llama-3.1-8b-instruct,medqa_test_00173,0,0.569015,1
medqa,llama-3.1-8b-instruct,medqa_test_01040,0,0.700693,2
medqa,llama-3.1-8b-instruct,medqa_test_01156,0,0.546728,1
medqa,llama-3.1-8b-instruct,medqa_test_00948,0,0.699275,2
medqa,llama-3.1-8b-instruct,medqa_test_00993,1,0.556877,4
medqa,llama-3.1-8b-instruct,medqa_test_00721,0,0.60142,3
medqa,llama-3.1-8b-instruct,medqa_test_00881,1,0.612169,2
medqa,llama-3.1-8b-instruct,medqa_test_01214,1,0.596909,3
medqa,llama-3.1-8b-instruct,medqa_test_00329,0,0.656733,3
medqa,llama-3.1-8b-instruct,medqa_test_00670,0,0.7184,3
medqa,llama-3.1-8b-instruct,medqa_test_00621,1,0.443259,2
medqa,llama-3.1-8b-instruct,medqa_test_01017,1,0.625684,4
medqa,llama-3.1-8b-instruct,medqa_test_01051,1,0.369155,5
medqa,llama-3.1-8b-instruct,medqa_test_00856,0,0.609014,1
medqa,llama-3.1-8b-instruct,medqa_test_00293,1,0.695044,2
medqa,llama-3.1-8b-instruct,medqa_test_00311,1,0.636865,3
medqa,llama-3.1-8b-instruct,medqa_test_00000,0,0.655847,2
medqa,llama-3.1-8b-instruct,medqa_test_00561,1,0.599848,3
medqa,llama-3.1-8b-instruct,medqa_test_00308,1,0.700818,2
medqa,llama-3.1-8b-instruct,medqa_test_00582,0,0.568621,2
medqa,llama-3.1-8b-instruct,medqa_test_00630,0,0.716103,2
medqa,llama-3.1-8b-instruct,medqa_test_01264,0,0.564174,1
medqa,llama-3.1-8b-instruct,medqa_test_00693,1,0.660291,5
medqa,llama-3.1-8b-instruct,medqa_test_00388,1,0.682243,1
medqa,llama-3.1-8b-instruct,medqa_test_00914,1,0.678703,1
medqa,llama-3.1-8b-instruct,medqa_test_00430,1,0.758585,4
medqa,llama-3.1-8b-instruct,medqa_test_00196,0,0.679919,1
medqa,llama-3.1-8b-instruct,medqa_test_00863,1,0.660886,3
medqa,llama-3.1-8b-instruct,medqa_test_01097,1,0.72904,3
medqa,llama-3.1-8b-instruct,medqa_test_00302,1,0.688664,4
medqa,llama-3.1-8b-instruct,medqa_test_00713,1,0.691874,2
medqa,llama-3.1-8b-instruct,medqa_test_00412,1,0.645403,5
medqa,llama-3.1-8b-instruct,medqa_test_01199,0,0.563437,4
medqa,llama-3.1-8b-instruct,medqa_test_00418,1,0.71644,5
medqa,llama-3.1-8b-instruct,medqa_test_00316,0,0.695807,2
medqa,llama-3.1-8b-instruct,medqa_test_00519,0,0.607299,3
medqa,llama-3.1-8b-instruct,medqa_test_00961,1,0.730031,4
medqa,llama-3.1-8b-instruct,medqa_test_00737,0,0.729725,3
medqa,llama-3.1-8b-instruct,medqa_test_00127,1,0.781714,3
medqa,llama-3.1-8b-instruct,medqa_test_00922,1,0.534844,2
medqa,llama-3.1-8b-instruct,medqa_test_00784,1,0.728206,5
medqa,llama-3.1-8b-instruct,medqa_test_01102,1,0.691279,4
medqa,llama-3.1-8b-instruct,medqa_test_01109,1,0.731194,3
medqa,llama-3.1-8b-instruct,medqa_test_00680,1,0.697568,5
medqa,llama-3.1-8b-instruct,medqa_test_00930,0,0.661775,1
medqa,llama-3.1-8b-instruct,medqa_test_00441,1,0.722059,1
medqa,llama-3.1-8b-instruct,medqa_test_00372,1,0.579455,1
medqa,llama-3.1-8b-instruct,medqa_test_01061,1,0.69164,5
medqa,llama-3.1-8b-instruct,medqa_test_00686,0,0.596354,4
medqa,llama-3.1-8b-instruct,medqa_test_00925,1,0.674471,4
medqa,llama-3.1-8b-instruct,medqa_test_00992,1,0.628168,2
medqa,llama-3.1-8b-instruct,medqa_test_00736,0,0.708006,5
medqa,llama-3.1-8b-instruct,medqa_test_00904,0,0.653506,1
medqa,llama-3.1-8b-instruct,medqa_test_00551,0,0.706381,5
medqa,llama-3.1-8b-instruct,medqa_test_00532,1,0.461097,4
medqa,llama-3.1-8b-instruct,medqa_test_01127,0,0.635221,2
medqa,llama-3.1-8b-instruct,medqa_test_00783,1,0.582679,1
medqa,llama-3.1-8b-instruct,medqa_test_01066,1,0.616097,1
medqa,llama-3.1-8b-instruct,medqa_test_01144,1,0.639425,2
medqa,llama-3.1-8b-instruct,medqa_test_00260,0,0.677681,5
medqa,llama-3.1-8b-instruct,medqa_test_01181,1,0.611994,1
medqa,llama-3.1-8b-instruct,medqa_test_00590,1,0.591195,3
medqa,llama-3.1-8b-instruct,medqa_test_00394,1,0.685371,1
medqa,llama-3.1-8b-instruct,medqa_test_00795,0,0.718552,2
medqa,llama-3.1-8b-instruct,medqa_test_00523,1,0.705402,2
medqa,llama-3.1-8b-instruct,medqa_test_00620,1,0.74401,2
medqa,llama-3.1-8b-instruct,medqa_test_01072,1,0.667764,3
medqa,llama-3.1-8b-instruct,medqa_test_00746,1,0.520075,2
medqa,llama-3.1-8b-instruct,medqa_test_00353,0,0.576381,2
medqa,llama-3.1-8b-instruct,medqa_test_00444,1,0.566517,1
medqa,llama-3.1-8b-instruct,medqa_test_00610,1,0.637729,1
medqa,llama-3.1-8b-instruct,medqa_test_00111,0,0.67897,5
medqa,llama-3.1-8b-instruct,medqa_test_00822,0,0.529992,2
medqa,llama-3.1-8b-instruct,medqa_test_01198,0,0.635705,3
medqa,llama-3.1-8b-instruct,medqa_test_00594,0,0.622636,3
medqa,llama-3.1-8b-instruct,medqa_test_00182,1,0.656398,1
medqa,llama-3.1-8b-instruct,medqa_test_00972,0,0.633648,1
medqa,llama-3.1-8b-instruct,medqa_test_00917,1,0.401512,2
medqa,llama-3.1-8b-instruct,medqa_test_00028,1,0.667951,5
medqa,llama-3.1-8b-instruct,medqa_test_00339,1,0.728495,5
medqa,llama-3.1-8b-instruct,medqa_test_00549,1,0.698486,5
medqa,llama-3.1-8b-instruct,medqa_test_00695,0,0.456531,1
medqa,llama-3.1-8b-instruct,medqa_test_00409,1,0.702666,1
medqa,llama-3.1-8b-instruct,medqa_test_00521,1,0.587479,2
medqa,llama-3.1-8b-instruct,medqa_test_00656,1,0.490914,4
medqa,llama-3.1-8b-instruct,medqa_test_00359,1,0.693524,5
medqa,llama-3.1-8b-instruct,medqa_test_00807,0,0.540811,5
medqa,llama-3.1-8b-instruct,medqa_test_00791,0,0.790251,2
medqa,llama-3.1-8b-instruct,medqa_test_00071,1,0.635904,2
medqa,llama-3.1-8b-instruct,medqa_test_01176,1,0.552056,4
medqa,llama-3.1-8b-instruct,medqa_test_00336,0,0.624361,5
medqa,llama-3.1-8b-instruct,medqa_test_00408,1,0.741272,4
medqa,llama-3.1-8b-instruct,medqa_test_00197,1,0.566807,5
medqa,llama-3.1-8b-instruct,medqa_test_00675,1,0.678826,2
medqa,llama-3.1-8b-instruct,medqa_test_00024,1,0.761813,1
medqa,llama-3.1-8b-instruct,medqa_test_01146,0,0.661581,1
medqa,llama-3.1-8b-instruct,medqa_test_00233,1,0.681554,5
medqa,llama-3.1-8b-instruct,medqa_test_00814,0,0.694721,2
medqa,llama-3.1-8b-instruct,medqa_test_00312,0,0.603487,2
medqa,llama-3.1-8b-instruct,medqa_test_00358,1,0.783063,1
medqa,llama-3.1-8b-instruct,medqa_test_01113,1,0.730237,4
medqa,llama-3.1-8b-instruct,medqa_test_00204,1,0.702115,4
medqa,llama-3.1-8b-instruct,medqa_test_00227,1,0.624896,1
medqa,llama-3.1-8b-instruct,medqa_test_00481,0,0.49925,2
medqa,llama-3.1-8b-instruct,medqa_test_01124,0,0.671549,5
medqa,llama-3.1-8b-instruct,medqa_test_00391,1,0.652139,1
medqa,llama-3.1-8b-instruct,medqa_test_01062,0,0.759263,4
medqa,llama-3.1-8b-instruct,medqa_test_00718,0,0.540998,1
medqa,llama-3.1-8b-instruct,medqa_test_00806,1,0.604879,2
medqa,llama-3.1-8b-instruct,medqa_test_01215,0,0.71511,4
medqa,llama-3.1-8b-instruct,medqa_test_00273,0,0.645595,3
medqa,llama-3.1-8b-instruct,medqa_test_00254,1,0.737207,2
medqa,llama-3.1-8b-instruct,medqa_test_00752,0,0.655534,4
medqa,llama-3.1-8b-instruct,medqa_test_00970,1,0.599709,1
medqa,llama-3.1-8b-instruct,medqa_test_01256,1,0.676449,5
medqa,llama-3.1-8b-instruct,medqa_test_00421,1,0.655562,2
medqa,llama-3.1-8b-instruct,medqa_test_00801,0,0.728786,5
medqa,llama-3.1-8b-instruct,medqa_test_01134,0,0.678221,3
medqa,llama-3.1-8b-instruct,medqa_test_00754,1,0.643541,4
medqa,llama-3.1-8b-instruct,medqa_test_00183,1,0.693319,3
medqa,llama-3.1-8b-instruct,medqa_test_00025,1,0.685349,3
medqa,llama-3.1-8b-instruct,medqa_test_00422,0,0.551475,1
medqa,llama-3.1-8b-instruct,medqa_test_00181,1,0.583697,4
medqa,llama-3.1-8b-instruct,medqa_test_00830,0,0.593326,2
medqa,llama-3.1-8b-instruct,medqa_test_00819,1,0.570613,4
medqa,llama-3.1-8b-instruct,medqa_test_00166,0,0.617038,1
medqa,llama-3.1-8b-instruct,medqa_test_00158,1,0.592506,4
medqa,llama-3.1-8b-instruct,medqa_test_00767,1,0.590431,2
medqa,llama-3.1-8b-instruct,medqa_test_00635,1,0.700252,1
medqa,llama-3.1-8b-instruct,medqa_test_00416,0,0.702135,4
medqa,llama-3.1-8b-instruct,medqa_test_00573,0,0.476056,4
medqa,llama-3.1-8b-instruct,medqa_test_00798,0,0.61433,1
medqa,llama-3.1-8b-instruct,medqa_test_00362,0,0.691561,3
medqa,llama-3.1-8b-instruct,medqa_test_00105,1,0.674202,4
medqa,llama-3.1-8b-instruct,medqa_test_00682,1,0.713256,2
medqa,llama-3.1-8b-instruct,medqa_test_01227,1,0.669405,5
medqa,llama-3.1-8b-instruct,medqa_test_00698,1,0.659645,5
medqa,llama-3.1-8b-instruct,medqa_test_00908,1,0.544878,1
medqa,llama-3.1-8b-instruct,medqa_test_00366,1,0.674764,1
medqa,llama-3.1-8b-instruct,medqa_test_00982,1,0.690009,2
medqa,llama-3.1-8b-instruct,medqa_test_00815,1,0.600778,1
medqa,llama-3.1-8b-instruct,medqa_test_00373,1,0.536539,4
medqa,llama-3.1-8b-instruct,medqa_test_00315,1,0.62656,3
medqa,llama-3.1-8b-instruct,medqa_test_00042,0,0.526413,4
medqa,llama-3.1-8b-instruct,medqa_test_01158,0,0.439013,2
medqa,llama-3.1-8b-instruct,medqa_test_00151,1,0.650362,2
medqa,llama-3.1-8b-instruct,medqa_test_00565,1,0.602501,2
medqa,llama-3.1-8b-instruct,medqa_test_00596,0,0.648383,4
medqa,llama-3.1-8b-instruct,medqa_test_01179,1,0.627022,1
medqa,llama-3.1-8b-instruct,medqa_test_00854,1,0.640131,3
medqa,llama-3.1-8b-instruct,medqa_test_00036,0,0.605784,1
medqa,llama-3.1-8b-instruct,medqa_test_00558,1,0.647751,3
medqa,llama-3.1-8b-instruct,medqa_test_00152,0,0.617309,1
medqa,llama-3.1-8b-instruct,medqa_test_00707,1,0.724407,2
medqa,llama-3.1-8b-instruct,medqa_test_00077,0,0.688425,4
medqa,llama-3.1-8b-instruct,medqa_test_01192,1,0.668328,4
medqa,llama-3.1-8b-instruct,medqa_test_00955,0,0.7114,5
medqa,llama-3.1-8b-instruct,medqa_test_00574,1,0.649352,4
medqa,llama-3.1-8b-instruct,medqa_test_01035,1,0.648968,5
medqa,llama-3.1-8b-instruct,medqa_test_00722,1,0.583908,3
medqa,llama-3.1-8b-instruct,medqa_test_00564,0,0.576995,4
medqa,llama-3.1-8b-instruct,medqa_test_00759,1,0.694733,2
medqa,llama-3.1-8b-instruct,medqa_test_00165,0,0.746521,3
medqa,llama-3.1-8b-instruct,medqa_test_00268,1,0.685953,2
medqa,llama-3.1-8b-instruct,medqa_test_00652,0,0.598873,3
medqa,llama-3.1-8b-instruct,medqa_test_00133,1,0.71073,5
medqa,llama-3.1-8b-instruct,medqa_test_00789,1,0.584284,4
medqa,llama-3.1-8b-instruct,medqa_test_00341,1,0.791954,4
medqa,llama-3.1-8b-instruct,medqa_test_00003,0,0.605373,3
medqa,llama-3.1-8b-instruct,medqa_test_00045,1,0.629012,1
medqa,llama-3.1-8b-instruct,medqa_test_01167,0,0.710137,4
medqa,llama-3.1-8b-instruct,medqa_test_00849,1,0.650804,5
medqa,llama-3.1-8b-instruct,medqa_test_01105,1,0.678991,4
medqa,llama-3.1-8b-instruct,medqa_test_00903,1,0.63109,1
medqa,llama-3.1-8b-instruct,medqa_test_00094,0,0.624528,1
medqa,llama-3.1-8b-instruct,medqa_test_00052,0,0.654253,4
medqa,llama-3.1-8b-instruct,medqa_test_01139,0,0.631259,1
medqa,llama-3.1-8b-instruct,medqa_test_01112,1,0.648206,5
medqa,llama-3.1-8b-instruct,medqa_test_00500,0,0.563634,3
medqa,llama-3.1-8b-instruct,medqa_test_00517,1,0.698316,5
medqa,llama-3.1-8b-instruct,medqa_test_01053,0,0.561684,3
medqa,llama-3.1-8b-instruct,medqa_test_01005,1,0.530727,1
medqa,llama-3.1-8b-instruct,medqa_test_00649,1,0.797346,2
medqa,llama-3.1-8b-instruct,medqa_test_00703,1,0.671314,1
medqa,llama-3.1-8b-instruct,medqa_test_00208,1,0.667531,5
medqa,llama-3.1-8b-instruct,medqa_test_00351,1,0.450385,4
medqa,llama-3.1-8b-instruct,medqa_test_00734,0,0.678734,2
medqa,llama-3.1-8b-instruct,medqa_test_00215,0,0.531922,2
medqa,llama-3.1-8b-instruct,medqa_test_00619,1,0.53969,4
medqa,llama-3.1-8b-instruct,medqa_test_00288,1,0.657677,3
medqa,llama-3.1-8b-instruct,medqa_test_00278,1,0.648078,1
medqa,llama-3.1-8b-instruct,medqa_test_00159,1,0.565045,3
medqa,llama-3.1-8b-instruct,medqa_test_00566,1,0.717201,5
medqa,llama-3.1-8b-instruct,medqa_test_00760,1,0.523313,3
medqa,llama-3.1-8b-instruct,medqa_test_00109,0,0.50471,5
medqa,llama-3.1-8b-instruct,medqa_test_00987,1,0.641372,2
medqa,llama-3.1-8b-instruct,medqa_test_01119,1,0.592172,1
medqa,llama-3.1-8b-instruct,medqa_test_01075,0,0.686356,2
medqa,llama-3.1-8b-instruct,medqa_test_00137,0,0.589905,1
medqa,llama-3.1-8b-instruct,medqa_test_00899,0,0.565742,3
medqa,llama-3.1-8b-instruct,medqa_test_00106,0,0.618093,4
medqa,llama-3.1-8b-instruct,medqa_test_00679,0,0.697569,4
medqa,llama-3.1-8b-instruct,medqa_test_00306,1,0.593942,3
medqa,llama-3.1-8b-instruct,medqa_test_00567,0,0.584534,1
medqa,llama-3.1-8b-instruct,medqa_test_00836,1,0.825064,4
medqa,llama-3.1-8b-instruct,medqa_test_00683,1,0.657751,3
medqa,llama-3.1-8b-instruct,medqa_test_00008,1,0.701496,2
medqa,llama-3.1-8b-instruct,medqa_test_01231,1,0.732876,5
medqa,llama-3.1-8b-instruct,medqa_test_00669,1,0.832546,4
medqa,llama-3.1-8b-instruct,medqa_test_00826,0,0.629158,3
medqa,llama-3.1-8b-instruct,medqa_test_00626,1,0.543786,5
medqa,llama-3.1-8b-instruct,medqa_test_00309,0,0.688039,4
medqa,llama-3.1-8b-instruct,medqa_test_00720,0,0.512219,1
medqa,llama-3.1-8b-instruct,medqa_test_00556,1,0.68575,4
medqa,llama-3.1-8b-instruct,medqa_test_00853,1,0.48323,2
medqa,llama-3.1-8b-instruct,medqa_test_00448,0,0.704072,1
medqa,llama-3.1-8b-instruct,medqa_test_01003,0,0.705399,3
medqa,llama-3.1-8b-instruct,medqa_test_00291,1,0.699,5
medqa,llama-3.1-8b-instruct,medqa_test_00378,0,0.556932,1
medqa,llama-3.1-8b-instruct,medqa_test_00250,0,0.622626,5
medqa,llama-3.1-8b-instruct,medqa_test_00900,1,0.587587,5
medqa,llama-3.1-8b-instruct,medqa_test_01024,1,0.819545,2
medqa,llama-3.1-8b-instruct,medqa_test_00902,0,0.534171,4
medqa,llama-3.1-8b-instruct,medqa_test_00357,1,0.581772,4
medqa,llama-3.1-8b-instruct,medqa_test_01186,1,0.62199,5
medqa,llama-3.1-8b-instruct,medqa_test_00966,0,0.636255,1
medqa,llama-3.1-8b-instruct,medqa_test_00518,0,0.564029,1
medqa,llama-3.1-8b-instruct,medqa_test_00218,1,0.75871,1
medqa,llama-3.1-8b-instruct,medqa_test_00550,0,0.548093,3
medqa,llama-3.1-8b-instruct,medqa_test_00075,0,0.813081,4
medqa,llama-3.1-8b-instruct,medqa_test_00102,1,0.750916,4
medqa,llama-3.1-8b-instruct,medqa_test_00576,0,0.609519,3
medqa,llama-3.1-8b-instruct,medqa_test_00636,0,0.578166,4
medqa,llama-3.1-8b-instruct,medqa_test_01191,1,0.70413,5
medqa,llama-3.1-8b-instruct,medqa_test_00009,0,0.636838,4
medqa,llama-3.1-8b-instruct,medqa_test_00074,1,0.447845,2
medqa,llama-3.1-8b-instruct,medqa_test_00769,0,0.691247,3
medqa,llama-3.1-8b-instruct,medqa_test_00951,0,0.65317,4
medqa,llama-3.1-8b-instruct,medqa_test_00974,1,0.753822,1
medqa,llama-3.1-8b-instruct,medqa_test_01085,1,0.678973,3
medqa,llama-3.1-8b-instruct,medqa_test_00307,0,0.657014,2
medqa,llama-3.1-8b-instruct,medqa_test_00660,1,0.50009,4
medqa,llama-3.1-8b-instruct,medqa_test_00687,0,0.564569,3
medqa,llama-3.1-8b-instruct,medqa_test_00134,1,0.753578,2
medqa,llama-3.1-8b-instruct,medqa_test_00405,1,0.709337,3
medqa,llama-3.1-8b-instruct,medqa_test_00271,0,0.575181,5
medqa,llama-3.1-8b-instruct,medqa_test_00244,0,0.615069,5
medqa,llama-3.1-8b-instruct,medqa_test_01012,1,0.732189,2
medqa,llama-3.1-8b-instruct,medqa_test_00733,1,0.745413,4
medqa,llama-3.1-8b-instruct,medqa_test_00685,1,0.716897,4
medqa,llama-3.1-8b-instruct,medqa_test_01237,0,0.529862,5
medqa,llama-3.1-8b-instruct,medqa_test_00267,0,0.5272,3
medqa,llama-3.1-8b-instruct,medqa_test_00957,1,0.673682,4
medqa,llama-3.1-8b-instruct,medqa_test_01143,1,0.516024,3
medqa,llama-3.1-8b-instruct,medqa_test_00535,1,0.583122,3
medqa,llama-3.1-8b-instruct,medqa_test_00578,1,0.638901,2
medqa,llama-3.1-8b-instruct,medqa_test_00597,1,0.701639,1
medqa,llama-3.1-8b-instruct,medqa_test_00673,0,0.636782,3
medqa,llama-3.1-8b-instruct,medqa_test_01205,1,0.706538,3
medqa,llama-3.1-8b-instruct,medqa_test_00083,1,0.518987,1
medqa,llama-3.1-8b-instruct,medqa_test_00634,0,0.510943,1
medqa,llama-3.1-8b-instruct,medqa_test_00040,1,0.734137,4
medqa,llama-3.1-8b-instruct,medqa_test_00608,1,0.667367,3
medqa,llama-3.1-8b-instruct,medqa_test_01216,0,0.55183,1
medqa,llama-3.1-8b-instruct,medqa_test_00252,1,0.6805,2
medqa,llama-3.1-8b-instruct,medqa_test_00583,0,0.673018,2
medqa,llama-3.1-8b-instruct,medqa_test_00964,0,0.607908,2
medqa,llama-3.1-8b-instruct,medqa_test_00122,1,0.65552,4
medqa,llama-3.1-8b-instruct,medqa_test_00413,0,0.666039,5
medqa,llama-3.1-8b-instruct,medqa_test_00240,1,0.691591,1
medqa,llama-3.1-8b-instruct,medqa_test_01067,1,0.648003,5
medqa,llama-3.1-8b-instruct,medqa_test_00691,0,0.625392,3
medqa,llama-3.1-8b-instruct,medqa_test_00069,1,0.693929,1
medqa,llama-3.1-8b-instruct,medqa_test_00609,1,0.622569,1
medqa,llama-3.1-8b-instruct,medqa_test_00070,1,0.597642,1
medqa,llama-3.1-8b-instruct,medqa_test_00190,1,0.713616,3
medqa,llama-3.1-8b-instruct,medqa_test_00871,1,0.631004,4
medqa,llama-3.1-8b-instruct,medqa_test_00082,1,0.700517,1
mmlu_pro,llama-3.1-8b-instruct,mmlu_pro_test_09830,1,0.593339,1
mmlu_pro,llama-3.1-8b-instruct,mmlu_pro_test_04946,0,0.679393,3
mmlu_pro,llama-3.1-8b-instruct,mmlu_pro_test_06900,1,0.61938,4
mmlu_pro,llama-3.1-8b-instruct,mmlu_pro_test_01405,0,0.622436,4
mmlu_pro,llama-3.1-8b-instruct,mmlu_pro_test_03199,1,0.628357,4
mmlu_pro,llama-3.1-8b-instruct,mmlu_pro_test_06405,1,0.651235,1
mmlu_pro,llama-3.1-8b-instruct,mmlu_pro_test_07379,0,0.618055,1
mmlu_pro,llama-3.1-8b-instruct,mmlu_pro_test_02736,1,0.708311,5
mmlu_pro,llama-3.1-8b-instruct,mmlu_pro_test_08299,0,0.65344,4
mmlu_pro,llama-3.1-8b-instruct,mmlu_pro_test_02400,1,0.511811,3
mmlu_pro,llama-3.1-8b-instruct,mmlu_pro_test_00612,0,0.421348,1
mmlu_pro,llama-3.1-8b-instruct,mmlu_pro_test_04994,0,0.466926,3
mmlu_pro,llama-3.1-8b-instruct,mmlu_pro_test_02961,1,0.484559,1
mmlu_pro,llama-3.1-8b-instruct,mmlu_pro_test_08614,0,0.536715,3
mmlu_pro,llama-3.1-8b-instruct,mmlu_pro_test_05716,1,0.651589,3
mmlu_pro,llama-3.1-8b-instruct,mmlu_pro_test_07328,0,0.547693,1
mmlu_pro,llama-3.1-8b-instruct,mmlu_pro_test_03794,1,0.596942,2
mmlu_pro,llama-3.1-8b-instruct,mmlu_pro_test_07664,1,0.475747,2
mmlu_pro,llama-3.1-8b-instruct,mmlu_pro_test_02354,1,0.433269,1
mmlu_pro,llama-3.1-8b-instruct,mmlu_pro_test_04767,0,0.59301,1
mmlu_pro,llama-3.1-8b-instruct,mmlu_pro_test_05252,1,0.718929,3
mmlu_pro,llama-3.1-8b-instruct,mmlu_pro_test_01206,0,0.521459,3
mmlu_pro,llama-3.1-8b-instruct,mmlu_pro_test_10247,1,0.558055,4
mmlu_pro,llama-3.1-8b-instruct,mmlu_pro_test_07963,1,0.535149,3
mmlu_pro,llama-3.1-8b-instruct,mmlu_pro_test_01449,0,0.576853,3
mmlu_pro,llama-3.1-8b-instruct,mmlu_pro_test_11509,0,0.101019,5
mmlu_pro,llama-3.1-8b-instruct,mmlu_pro_test_08489,1,0.582336,5
mmlu_pro,llama-3.1-8b-instruct,mmlu_pro_test_07315,1,0.287368,4
mmlu_pro,llama-3.1-8b-instruct,mmlu_pro_test_07308,0,0.510475,4
mmlu_pro,llama-3.1-8b-instruct,mmlu_pro_test_03640,1,0.570212,2
mmlu_pro,llama-3.1-8b-instruct,mmlu_pro_test_05875,1,0.413295,4
mmlu_pro,llama-3.1-8b-instruct,mmlu_pro_test_10639,0,0.484245,4
mmlu_pro,llama-3.1-8b-instruct,mmlu_pro_test_07624,1,0.450856,4
mmlu_pro,llama-3.1-8b-instruct,mmlu_pro_test_08182,1,0.49348,5
mmlu_pro,llama-3.1-8b-instruct,mmlu_pro_test_07610,0,0.483478,4
mmlu_pro,llama-3.1-8b-instruct,mmlu_pro_test_01518,1,0.408061,1
mmlu_pro,llama-3.1-8b-instruct,mmlu_pro_test_11897,1,0.654617,5
mmlu_pro,llama-3.1-8b-instruct,mmlu_pro_test_03821,1,0.627122,5
mmlu_pro,llama-3.1-8b-instruct,mmlu_pro_test_02666,1,0.57685,1
mmlu_pro,llama-3.1-8b-instruct,mmlu_pro_test_00552,0,0.461458,2
mmlu_pro,llama-3.1-8b-instruct,mmlu_pro_test_04762,1,0.683793,2
mmlu_pro,llama-3.1-8b-instruct,mmlu_pro_test_10305,1,0.582446,2
mmlu_pro,llama-3.1-8b-instruct,mmlu_pro_test_10990,1,0.558651,1
mmlu_pro,llama-3.1-8b-instruct,mmlu_pro_test_07554,0,0.260434,2
mmlu_pro,llama-3.1-8b-instruct,mmlu_pro_test_10376,1,0.524386,1
mmlu_pro,llama-3.1-8b-instruct,mmlu_pro_test_06478,0,0.599912,1
mmlu_pro,llama-3.1-8b-instruct,mmlu_pro_test_07227,1,0.481762,2
mmlu_pro,llama-3.1-8b-instruct,mmlu_pro_test_08081,1,0.542379,1
mmlu_pro,llama-3.1-8b-instruct,mmlu_pro_test_02006,1,0.594916,2
mmlu_pro,llama-3.1-8b-instruct,mmlu_pro_test_06169,1,0.61035,5
mmlu_pro,llama-3.1-8b-instruct,mmlu_pro_test_00777,1,0.630625,4
mmlu_pro,llama-3.1-8b-instruct,mmlu_pro_test_03086,0,0.655656,2
mmlu_pro,llama-3.1-8b-instruct,mmlu_pro_test_06764,0,0.604255,2
mmlu_pro,llama-3.1-8b-instruct,mmlu_pro_test_04577,0,0.477361,4
mmlu_pro,llama-3.1-8b-instruct,mmlu_pro_test_04648,0,0.494509,2
mmlu_pro,llama-3.1-8b-instruct,mmlu_pro_test_03333,1,0.609435,5
mmlu_pro,llama-3.1-8b-instruct,mmlu_pro_test_07086,1,0.612149,2
mmlu_pro,llama-3.1-8b-instruct,mmlu_pro_test_07073,1,0.541715,4
mmlu_pro,llama-3.1-8b-instruct,mmlu_pro_test_02543,1,0.65744,2
mmlu_pro,llama-3.1-8b-instruct,mmlu_pro_test_09545,1,0.641135,1
mmlu_pro,llama-3.1-8b-instruct,mmlu_pro_test_09161,0,0.497001,4
mmlu_pro,llama-3.1-8b-instruct,mmlu_pro_test_05814,1,0.669148,1
mmlu_pro,llama-3.1-8b-instruct,mmlu_pro_test_10619,0,0.586463,2
mmlu_pro,llama-3.1-8b-instruct,mmlu_pro_test_02239,0,0.506297,2
mmlu_pro,llama-3.1-8b-instruct,mmlu_pro_test_04531,0,0.529143,1
mmlu_pro,llama-3.1-8b-instruct,mmlu_pro_test_05901,0,0.604144,5
mmlu_pro,llama-3.1-8b-instruct,mmlu_pro_test_01520,0,0.615615,5
mmlu_pro,llama-3.1-8b-instruct,mmlu_pro_test_04600,1,0.596409,1
mmlu_pro,llama-3.1-8b-instruct,mmlu_pro_test_03938,1,0.507401,1
mmlu_pro,llama-3.1-8b-instruct,mmlu_pro_test_04737,0,0.523317,1
mmlu_pro,llama-3.1-8b-instruct,mmlu_pro_test_11958,0,0.334706,4
mmlu_pro,llama-3.1-8b-instruct,mmlu_pro_test_08707,1,0.532637,2
mmlu_pro,llama-3.1-8b-instruct,mmlu_pro_test_06047,1,0.52955,5
mmlu_pro,llama-3.1-8b-instruct,mmlu_pro_test_10314,0,0.59968,4
mmlu_pro,llama-3.1-8b-instruct,mmlu_pro_test_06344,0,0.528217,1
mmlu_pro,llama-3.1-8b-instruct,mmlu_pro_test_04610,0,0.403199,2
mmlu_pro,llama-3.1-8b-instruct,mmlu_pro_test_01686,0,0.459986,1
mmlu_pro,llama-3.1-8b-instruct,mmlu_pro_test_01909,1,0.60992,2
mmlu_pro,llama-3.1-8b-instruct,mmlu_pro_test_07841,1,0.53668,2
mmlu_pro,llama-3.1-8b-instruct,mmlu_pro_test_02367,1,0.568864,2
mmlu_pro,llama-3.1-8b-instruct,mmlu_pro_test_03243,1,0.557976,1
mmlu_pro,llama-3.1-8b-instruct,mmlu_pro_test_03551,0,0.554412,4
mmlu_pro,llama-3.1-8b-instruct,mmlu_pro_test_00105,0,0.359346,3
mmlu_pro,llama-3.1-8b-instruct,mmlu_pro_test_10480,1,0.469241,5
mmlu_pro,llama-3.1-8b-instruct,mmlu_pro_test_07621,1,0.61721,2
mmlu_pro,llama-3.1-8b-instruct,mmlu_pro_test_06374,1,0.739606,3
mmlu_pro,llama-3.1-8b-instruct,mmlu_pro_test_04854,1,0.58727,1
mmlu_pro,llama-3.1-8b-instruct,mmlu_pro_test_01994,1,0.462814,1
mmlu_pro,llama-3.1-8b-instruct,mmlu_pro_test_07336,1,0.599399,1
mmlu_pro,llama-3.1-8b-instruct,mmlu_pro_test_06826,1,0.53052,5
mmlu_pro,llama-3.1-8b-instruct,mmlu_pro_test_03296,1,0.533223,5
mmlu_pro,llama-3.1-8b-instruct,mmlu_pro_test_11343,0,0.228578,3
mmlu_pro,llama-3.1-8b-instruct,mmlu_pro_test_01155,0,0.615326,5
mmlu_pro,llama-3.1-8b-instruct,mmlu_pro_test_04641,1,0.64627,2
mmlu_pro,llama-3.1-8b-instruct,mmlu_pro_test_06440,0,0.609624,5
mmlu_pro,llama-3.1-8b-instruct,mmlu_pro_test_04810,0,0.695471,3
mmlu_pro,llama-3.1-8b-instruct,mmlu_pro_test_06683,1,0.594508,3
mmlu_pro,llama-3.1-8b-instruct,mmlu_pro_test_10242,1,0.637367,3
mmlu_pro,llama-3.1-8b-instruct,mmlu_pro_test_06474,1,0.469745,1
mmlu_pro,llama-3.1-8b-instruct,mmlu_pro_test_01722,0,0.507225,5
mmlu_pro,llama-3.1-8b-instruct,mmlu_pro_test_00075,1,0.565816,1
mmlu_pro,llama-3.1-8b-instruct,mmlu_pro_test_01510,1,0.6247,2
mmlu_pro,llama-3.1-8b-instruct,mmlu_pro_test_07068,1,0.643465,3
mmlu_pro,llama-3.1-8b-instruct,mmlu_pro_test_01471,0,0.512,1
mmlu_pro,llama-3.1-8b-instruct,mmlu_pro_test_04667,0,0.578729,4
mmlu_pro,llama-3.1-8b-instruct,mmlu_pro_test_04596,1,0.519652,5
mmlu_pro,llama-3.1-8b-instruct,mmlu_pro_test_11591,0,0.551461,3
mmlu_pro,llama-3.1-8b-instruct,mmlu_pro_test_11048,0,0.58417,5
mmlu_pro,llama-3.1-8b-instruct,mmlu_pro_test_08599,0,0.457097,3
mmlu_pro,llama-3.1-8b-instruct,mmlu_pro_test_06330,1,0.497383,3
mmlu_pro,llama-3.1-8b-instruct,mmlu_pro_test_09589,1,0.620268,5
mmlu_pro,llama-3.1-8b-instruct,mmlu_pro_test_01851,0,0.666294,5
mmlu_pro,llama-3.1-8b-instruct,mmlu_pro_test_05334,0,0.487968,5
mmlu_pro,llama-3.1-8b-instruct,mmlu_pro_test_04323,0,0.534734,1
mmlu_pro,llama-3.1-8b-instruct,mmlu_pro_test_02899,1,0.587625,3
mmlu_pro,llama-3.1-8b-instruct,mmlu_pro_test_06094,1,0.624114,5
mmlu_pro,llama-3.1-8b-instruct,mmlu_pro_test_10249,0,0.556049,4
mmlu_pro,llama-3.1-8b-instruct,mmlu_pro_test_01216,0,0.658747,5
mmlu_pro,llama-3.1-8b-instruct,mmlu_pro_test_10777,0,0.405265,1
mmlu_pro,llama-3.1-8b-instruct,mmlu_pro_test_00193,1,0.642426,3
mmlu_pro,llama-3.1-8b-instruct,mmlu_pro_test_06476,0,0.612599,2
mmlu_pro,llama-3.1-8b-instruct,mmlu_pro_test_03128,1,0.646046,4
mmlu_pro,llama-3.1-8b-instruct,mmlu_pro_test_06423,1,0.543878,1
mmlu_pro,llama-3.1-8b-instruct,mmlu_pro_test_04220,0,0.589751,3
mmlu_pro,llama-3.1-8b-instruct,mmlu_pro_test_02619,0,0.27472,3
mmlu_pro,llama-3.1-8b-instruct,mmlu_pro_test_03546,1,0.544417,1
mmlu_pro,llama-3.1-8b-instruct,mmlu_pro_test_05346,0,0.586703,2
mmlu_pro,llama-3.1-8b-instruct,mmlu_pro_test_02989,0,0.433888,4
mmlu_pro,llama-3.1-8b-instruct,mmlu_pro_test_01054,0,0.569129,3
mmlu_pro,llama-3.1-8b-instruct,mmlu_pro_test_07105,1,0.518755,2
mmlu_pro,llama-3.1-8b-instruct,mmlu_pro_test_10196,1,0.666949,4
mmlu_pro,llama-3.1-8b-instruct,mmlu_pro_test_10696,0,0.515415,2
mmlu_pro,llama-3.1-8b-instruct,mmlu_pro_test_02622,1,0.583705,2
mmlu_pro,llama-3.1-8b-instruct,mmlu_pro_test_02098,0,0.655328,3
mmlu_pro,llama-3.1-8b-instruct,mmlu_pro_test_01873,0,0.360289,4
mmlu_pro,llama-3.1-8b-instruct,mmlu_pro_test_02310,1,0.470104,5
mmlu_pro,llama-3.1-8b-instruct,mmlu_pro_test_00538,1,0.653003,2
mmlu_pro,llama-3.1-8b-instruct,mmlu_pro_test_02212,1,0.560526,2
mmlu_pro,llama-3.1-8b-instruct,mmlu_pro_test_00294,0,0.379515,1
mmlu_pro,llama-3.1-8b-instruct,mmlu_pro_test_01352,0,0.609954,4
mmlu_pro,llama-3.1-8b-instruct,mmlu_pro_test_10274,0,0.599511,3
mmlu_pro,llama-3.1-8b-instruct,mmlu_pro_test_00677,0,0.710422,3
mmlu_pro,llama-3.1-8b-instruct,mmlu_pro_test_01804,0,0.614749,1
mmlu_pro,llama-3.1-8b-instruct,mmlu_pro_test_06106,0,0.447261,5
mmlu_pro,llama-3.1-8b-instruct,mmlu_pro_test_01153,0,0.6817,2
mmlu_pro,llama-3.1-8b-instruct,mmlu_pro_test_10822,0,0.458127,3
mmlu_pro,llama-3.1-8b-instruct,mmlu_pro_test_00244,0,0.591909,4
mmlu_pro,llama-3.1-8b-instruct,mmlu_pro_test_05645,1,0.641312,1
mmlu_pro,llama-3.1-8b-instruct,mmlu_pro_test_01750,0,0.357807,4
mmlu_pro,llama-3.1-8b-instruct,mmlu_pro_test_01875,0,0.494721,5
mmlu_pro,llama-3.1-8b-instruct,mmlu_pro_test_06996,0,0.546619,1
mmlu_pro,llama-3.1-8b-instruct,mmlu_pro_test_01105,1,0.454109,1
mmlu_pro,llama-3.1-8b-instruct,mmlu_pro_test_06414,1,0.571869,5
mmlu_pro,llama-3.1-8b-instruct,mmlu_pro_test_03360,1,0.640359,3
mmlu_pro,llama-3.1-8b-instruct,mmlu_pro_test_01281,0,0.49667,2
mmlu_pro,llama-3.1-8b-instruct,mmlu_pro_test_06933,1,0.60706,3
mmlu_pro,llama-3.1-8b-instruct,mmlu_pro_test_01741,0,0.39646,4
mmlu_pro,llama-3.1-8b-instruct,mmlu_pro_test_09180,1,0.504734,1
mmlu_pro,llama-3.1-8b-instruct,mmlu_pro_test_10463,1,0.528542,5
mmlu_pro,llama-3.1-8b-instruct,mmlu_pro_test_07300,0,0.462424,3
mmlu_pro,llama-3.1-8b-instruct,mmlu_pro_test_03602,0,0.599656,4
mmlu_pro,llama-3.1-8b-instruct,mmlu_pro_test_05863,0,0.513215,5
mmlu_pro,llama-3.1-8b-instruct,mmlu_pro_test_11918,1,0.108099,3
mmlu_pro,llama-3.1-8b-instruct,mmlu_pro_test_10821,1,0.699528,5
mmlu_pro,llama-3.1-8b-instruct,mmlu_pro_test_00578,1,0.644152,5
mmlu_pro,llama-3.1-8b-instruct,mmlu_pro_test_01634,0,0.534366,2
mmlu_pro,llama-3.1-8b-instruct,mmlu_pro_test_01115,0,0.616666,5
mmlu_pro,llama-3.1-8b-instruct,mmlu_pro_test_01088,1,0.544583,4
mmlu_pro,llama-3.1-8b-instruct,mmlu_pro_test_09247,1,0.395324,3
mmlu_pro,llama-3.1-8b-instruct,mmlu_pro_test_06472,0,0.561166,5
mmlu_pro,llama-3.1-8b-instruct,mmlu_pro_test_00943,1,0.380435,2
mmlu_pro,llama-3.1-8b-instruct,mmlu_pro_test_05483,1,0.603793,4
mmlu_pro,llama-3.1-8b-instruct,mmlu_pro_test_00233,1,0.549106,5
mmlu_pro,llama-3.1-8b-instruct,mmlu_pro_test_00994,0,0.492964,1
mmlu_pro,llama-3.1-8b-instruct,mmlu_pro_test_00881,1,0.634942,4
mmlu_pro,llama-3.1-8b-instruct,mmlu_pro_test_06356,1,0.227002,5
mmlu_pro,llama-3.1-8b-instruct,mmlu_pro_test_05571,0,0.450634,4
mmlu_pro,llama-3.1-8b-instruct,mmlu_pro_test_05042,1,0.564996,5
mmlu_pro,llama-3.1-8b-instruct,mmlu_pro_test_06964,0,0.47259,1
mmlu_pro,llama-3.1-8b-instruct,mmlu_pro_test_06324,0,0.364076,1
mmlu_pro,llama-3.1-8b-instruct,mmlu_pro_test_08046,1,0.491805,3
mmlu_pro,llama-3.1-8b-instruct,mmlu_pro_test_11328,0,0.730154,1
mmlu_pro,llama-3.1-8b-instruct,mmlu_pro_test_10848,1,0.569438,1
mmlu_pro,llama-3.1-8b-instruct,mmlu_pro_test_09027,0,0.644921,1
mmlu_pro,llama-3.1-8b-instruct,mmlu_pro_test_06780,1,0.532446,2
mmlu_pro,llama-3.1-8b-instruct,mmlu_pro_test_06430,1,0.579813,4
mmlu_pro,llama-3.1-8b-instruct,mmlu_pro_test_09215,1,0.517161,1
mmlu_pro,llama-3.1-8b-instruct,mmlu_pro_test_08916,0,0.593325,2
mmlu_pro,llama-3.1-8b-instruct,mmlu_pro_test_03285,1,0.576128,1
mmlu_pro,llama-3.1-8b-instruct,mmlu_pro_test_07952,1,0.598029,3
mmlu_pro,llama-3.1-8b-instruct,mmlu_pro_test_02613,1,0.646017,1
mmlu_pro,llama-3.1-8b-instruct,mmlu_pro_test_07051,0,0.542973,1
mmlu_pro,llama-3.1-8b-instruct,mmlu_pro_test_06654,1,0.485906,1
mmlu_pro,llama-3.1-8b-instruct,mmlu_pro_test_08077,1,0.633636,4
mmlu_pro,llama-3.1-8b-instruct,mmlu_pro_test_01114,0,0.34061,4
mmlu_pro,llama-3.1-8b-instruct,mmlu_pro_test_02376,0,0.623471,2
mmlu_pro,llama-3.1-8b-instruct,mmlu_pro_test_10943,0,0.36178,5
mmlu_pro,llama-3.1-8b-instruct,mmlu_pro_test_03849,0,0.483143,3
mmlu_pro,llama-3.1-8b-instruct,mmlu_pro_test_01822,0,0.408893,5
mmlu_pro,llama-3.1-8b-instruct,mmlu_pro_test_01322,0,0.502873,2
mmlu_pro,llama-3.1-8b-instruct,mmlu_pro_test_08750,0,0.111512,2
mmlu_pro,llama-3.1-8b-instruct,mmlu_pro_test_08513,1,0.644967,5
mmlu_pro,llama-3.1-8b-instruct,mmlu_pro_test_06409,1,0.593608,5
mmlu_pro,llama-3.1-8b-instruct,mmlu_pro_test_05509,1,0.59529,2
mmlu_pro,llama-3.1-8b-instruct,mmlu_pro_test_05177,1,0.47088,3
mmlu_pro,llama-3.1-8b-instruct,mmlu_pro_test_07012,0,0.551763,4
mmlu_pro,llama-3.1-8b-instruct,mmlu_pro_test_07233,1,0.68173,4
mmlu_pro,llama-3.1-8b-instruct,mmlu_pro_test_04296,1,0.654308,5
mmlu_pro,llama-3.1-8b-instruct,mmlu_pro_test_06365,1,0.482862,4
mmlu_pro,llama-3.1-8b-instruct,mmlu_pro_test_00031,1,0.543202,1
mmlu_pro,llama-3.1-8b-instruct,mmlu_pro_test_09953,1,0.516451,2
mmlu_pro,llama-3.1-8b-instruct,mmlu_pro_test_02676,1,0.419922,4
mmlu_pro,llama-3.1-8b-instruct,mmlu_pro_test_07131,0,0.607474,5
mmlu_pro,llama-3.1-8b-instruct,mmlu_pro_test_03420,0,0.608156,5
mmlu_pro,llama-3.1-8b-instruct,mmlu_pro_test_00915,1,0.547306,5
mmlu_pro,llama-3.1-8b-instruct,mmlu_pro_test_07275,1,0.60048,4
mmlu_pro,llama-3.1-8b-instruct,mmlu_pro_test_01748,0,0.571684,2
mmlu_pro,llama-3.1-8b-instruct,mmlu_pro_test_10194,1,0.585347,2
mmlu_pro,llama-3.1-8b-instruct,mmlu_pro_test_07176,1,0.403992,2
mmlu_pro,llama-3.1-8b-instruct,mmlu_pro_test_00102,1,0.62476,1
mmlu_pro,llama-3.1-8b-instruct,mmlu_pro_test_01799,0,0.539038,1
mmlu_pro,llama-3.1-8b-instruct,mmlu_pro_test_06147,0,0.486147,4
mmlu_pro,llama-3.1-8b-instruct,mmlu_pro_test_05306,1,0.704964,5
mmlu_pro,llama-3.1-8b-instruct,mmlu_pro_test_02443,1,0.566981,1
mmlu_pro,llama-3.1-8b-instruct,mmlu_pro_test_01516,0,0.509443,4
mmlu_pro,llama-3.1-8b-instruct,mmlu_pro_test_05266,0,0.719215,3
mmlu_pro,llama-3.1-8b-instruct,mmlu_pro_test_05079,1,0.579517,2
mmlu_pro,llama-3.1-8b-instruct,mmlu_pro_test_11996,0,0.089651,1
mmlu_pro,llama-3.1-8b-instruct,mmlu_pro_test_07712,1,0.382313,5
mmlu_pro,llama-3.1-8b-instruct,mmlu_pro_test_07938,0,0.485886,1
mmlu_pro,llama-3.1-8b-instruct,mmlu_pro_test_10854,1,0.634361,3
mmlu_pro,llama-3.1-8b-instruct,mmlu_pro_test_02199,0,0.601901,4
mmlu_pro,llama-3.1-8b-instruct,mmlu_pro_test_00801,0,0.370551,1
mmlu_pro,llama-3.1-8b-instruct,mmlu_pro_test_06048,1,0.621516,3
mmlu_pro,llama-3.1-8b-instruct,mmlu_pro_test_04601,0,0.610375,3
mmlu_pro,llama-3.1-8b-instruct,mmlu_pro_test_08357,0,0.379057,1
mmlu_pro,llama-3.1-8b-instruct,mmlu_pro_test_06758,1,0.489145,3
mmlu_pro,llama-3.1-8b-instruct,mmlu_pro_test_05350,1,0.60253,4
mmlu_pro,llama-3.1-8b-instruct,mmlu_pro_test_03940,0,0.616271,3
mmlu_pro,llama-3.1-8b-instruct,mmlu_pro_test_00692,0,0.66133,4
mmlu_pro,llama-3.1-8b-instruct,mmlu_pro_test_02247,0,0.490572,2
mmlu_pro,llama-3.1-8b-instruct,mmlu_pro_test_01490,1,0.525264,2
mmlu_pro,llama-3.1-8b-instruct,mmlu_pro_test_03337,1,0.693929,4
mmlu_pro,llama-3.1-8b-instruct,mmlu_pro_test_05298,0,0.447844,1
mmlu_pro,llama-3.1-8b-instruct,mmlu_pro_test_02279,1,0.639041,5
mmlu_pro,llama-3.1-8b-instruct,mmlu_pro_test_06777,1,0.647951,3
mmlu_pro,llama-3.1-8b-instruct,mmlu_pro_test_03188,1,0.65577,2
mmlu_pro,llama-3.1-8b-instruct,mmlu_pro_test_04250,1,0.500335,5
mmlu_pro,llama-3.1-8b-instruct,mmlu_pro_test_01250,0,0.432347,5
mmlu_pro,llama-3.1-8b-instruct,mmlu_pro_test_02173,0,0.491874,5
mmlu_pro,llama-3.1-8b-instruct,mmlu_pro_test_05556,0,0.548037,3
mmlu_pro,llama-3.1-8b-instruct,mmlu_pro_test_01919,0,0.501783,1
mmlu_pro,llama-3.1-8b-instruct,mmlu_pro_test_05840,0,0.523183,2
mmlu_pro,llama-3.1-8b-instruct,mmlu_pro_test_10423,1,0.689045,3
mmlu_pro,llama-3.1-8b-instruct,mmlu_pro_test_05818,0,0.539211,4
mmlu_pro,llama-3.1-8b-instruct,mmlu_pro_test_08111,1,0.53936,2
mmlu_pro,llama-3.1-8b-instruct,mmlu_pro_test_11294,1,0.616065,2
mmlu_pro,llama-3.1-8b-instruct,mmlu_pro_test_05926,0,0.622555,1
mmlu_pro,llama-3.1-8b-instruct,mmlu_pro_test_00751,0,0.628503,4
mmlu_pro,llama-3.1-8b-instruct,mmlu_pro_test_10827,1,0.600363,4
mmlu_pro,llama-3.1-8b-instruct,mmlu_pro_test_08788,0,0.215163,5
mmlu_pro,llama-3.1-8b-instruct,mmlu_pro_test_06328,0,0.553811,5
mmlu_pro,llama-3.1-8b-instruct,mmlu_pro_test_00644,1,0.708102,1
mmlu_pro,llama-3.1-8b-instruct,mmlu_pro_test_09957,1,0.433875,4
mmlu_pro,llama-3.1-8b-instruct,mmlu_pro_test_01205,1,0.668878,3
mmlu_pro,llama-3.1-8b-instruct,mmlu_pro_test_05689,0,0.548075,3
mmlu_pro,llama-3.1-8b-instruct,mmlu_pro_test_09535,0,0.487915,4
mmlu_pro,llama-3.1-8b-instruct,mmlu_pro_test_05010,0,0.603436,5
mmlu_pro,llama-3.1-8b-instruct,mmlu_pro_test_05512,1,0.454514,3
mmlu_pro,llama-3.1-8b-instruct,mmlu_pro_test_06901,0,0.642148,5
mmlu_pro,llama-3.1-8b-instruct,mmlu_pro_test_04665,1,0.613141,5
mmlu_pro,llama-3.1-8b-instruct,mmlu_pro_test_01601,1,0.559743,1
mmlu_pro,llama-3.1-8b-instruct,mmlu_pro_test_07268,1,0.609808,2
mmlu_pro,llama-3.1-8b-instruct,mmlu_pro_test_06854,1,0.678608,5
mmlu_pro,llama-3.1-8b-instruct,mmlu_pro_test_02874,0,0.547097,5
mmlu_pro,llama-3.1-8b-instruct,mmlu_pro_test_00408,1,0.483638,3
mmlu_pro,llama-3.1-8b-instruct,mmlu_pro_test_11021,0,0.545774,2
mmlu_pro,llama-3.1-8b-instruct,mmlu_pro_test_06497,0,0.514353,5
mmlu_pro,llama-3.1-8b-instruct,mmlu_pro_test_08694,1,0.448547,1
mmlu_pro,llama-3.1-8b-instruct,mmlu_pro_test_00082,1,0.347399,4
mmlu_pro,llama-3.1-8b-instruct,mmlu_pro_test_05696,0,0.552276,2
mmlu_pro,llama-3.1-8b-instruct,mmlu_pro_test_07437,1,0.593861,5
mmlu_pro,llama-3.1-8b-instruct,mmlu_pro_test_08183,1,0.526825,1
mmlu_pro,llama-3.1-8b-instruct,mmlu_pro_test_01831,0,0.616662,5
mmlu_pro,llama-3.1-8b-instruct,mmlu_pro_test_02148,1,0.466405,3
mmlu_pro,llama-3.1-8b-instruct,mmlu_pro_test_00219,1,0.590245,2
mmlu_pro,llama-3.1-8b-instruct,mmlu_pro_test_01532,1,0.625016,2
mmlu_pro,llama-3.1-8b-instruct,mmlu_pro_test_08350,0,0.558234,3
mmlu_pro,llama-3.1-8b-instruct,mmlu_pro_test_03087,0,0.470002,2
mmlu_pro,llama-3.1-8b-instruct,mmlu_pro_test_07100,1,0.535007,3
mmlu_pro,llama-3.1-8b-instruct,mmlu_pro_test_09170,1,0.579884,3
mmlu_pro,llama-3.1-8b-instruct,mmlu_pro_test_04309,1,0.505294,5
mmlu_pro,llama-3.1-8b-instruct,mmlu_pro_test_08993,1,0.469246,3
mmlu_pro,llama-3.1-8b-instruct,mmlu_pro_test_08399,1,0.560567,4
mmlu_pro,llama-3.1-8b-instruct,mmlu_pro_test_01252,0,0.54082,4
mmlu_pro,llama-3.1-8b-instruct,mmlu_pro_test_02171,1,0.577825,5
mmlu_pro,llama-3.1-8b-instruct,mmlu_pro_test_07031,1,0.490615,2
mmlu_pro,llama-3.1-8b-instruct,mmlu_pro_test_11015,1,0.485055,4
mmlu_pro,llama-3.1-8b-instruct,mmlu_pro_test_06831,1,0.554864,2
mmlu_pro,llama-3.1-8b-instruct,mmlu_pro_test_09713,1,0.584143,5
mmlu_pro,llama-3.1-8b-instruct,mmlu_pro_test_09094,1,0.641626,2
mmlu_pro,llama-3.1-8b-instruct,mmlu_pro_test_05195,1,0.553457,1
mmlu_pro,llama-3.1-8b-instruct,mmlu_pro_test_08685,1,0.53283,2
mmlu_pro,llama-3.1-8b-instruct,mmlu_pro_test_04928,1,0.576859,2
mmlu_pro,llama-3.1-8b-instruct,mmlu_pro_test_01141,0,0.636847,2
mmlu_pro,llama-3.1-8b-instruct,mmlu_pro_test_06313,1,0.513912,2
mmlu_pro,llama-3.1-8b-instruct,mmlu_pro_test_06295,0,0.59223,1
mmlu_pro,llama-3.1-8b-instruct,mmlu_pro_test_00811,0,0.608949,2
mmlu_pro,llama-3.1-8b-instruct,mmlu_pro_test_06830,1,0.546828,4
mmlu_pro,llama-3.1-8b-instruct,mmlu_pro_test_08247,1,0.576418,2
mmlu_pro,llama-3.1-8b-instruct,mmlu_pro_test_08198,1,0.596398,3
mmlu_pro,llama-3.1-8b-instruct,mmlu_pro_test_02011,1,0.583752,1
mmlu_pro,llama-3.1-8b-instruct,mmlu_pro_test_01134,0,0.575982,3
mmlu_pro,llama-3.1-8b-instruct,mmlu_pro_test_01760,0,0.543306,4
mmlu_pro,llama-3.1-8b-instruct,mmlu_pro_test_09123,0,0.481387,4
mmlu_pro,llama-3.1-8b-instruct,mmlu_pro_test_10970,0,0.386353,3
mmlu_pro,llama-3.1-8b-instruct,mmlu_pro_test_01568,1,0.645852,1
mmlu_pro,llama-3.1-8b-instruct,mmlu_pro_test_04867,0,0.481547,3
mmlu_pro,llama-3.1-8b-instruct,mmlu_pro_test_00329,1,0.634588,1
mmlu_pro,llama-3.1-8b-instruct,mmlu_pro_test_02438,0,0.444752,4
mmlu_pro,llama-3.1-8b-instruct,mmlu_pro_test_01736,1,0.575321,2
mmlu_pro,llama-3.1-8b-instruct,mmlu_pro_test_04974,0,0.626486,5
mmlu_pro,llama-3.1-8b-instruct,mmlu_pro_test_04929,1,0.560653,2
mmlu_pro,llama-3.1-8b-instruct,mmlu_pro_test_00906,0,0.506886,3
mmlu_pro,llama-3.1-8b-instruct,mmlu_pro_test_10032,1,0.668934,1
mmlu_pro,llama-3.1-8b-instruct,mmlu_pro_test_04603,1,0.660281,5
mmlu_pro,llama-3.1-8b-instruct,mmlu_pro_test_09313,0,0.539152,1
mmlu_pro,llama-3.1-8b-instruct,mmlu_pro_test_03525,0,0.556151,3
mmlu_pro,llama-3.1-8b-instruct,mmlu_pro_test_06663,0,0.331886,3
mmlu_pro,llama-3.1-8b-instruct,mmlu_pro_test_05202,0,0.513917,1
mmlu_pro,llama-3.1-8b-instruct,mmlu_pro_test_07832,1,0.658393,4
mmlu_pro,llama-3.1-8b-instruct,mmlu_pro_test_06787,1,0.596965,5
mmlu_pro,llama-3.1-8b-instruct,mmlu_pro_test_08156,0,0.438176,5
mmlu_pro,llama-3.1-8b-instruct,mmlu_pro_test_05678,0,0.542038,5
mmlu_pro,llama-3.1-8b-instruct,mmlu_pro_test_11904,1,0.563771,4
mmlu_pro,llama-3.1-8b-instruct,mmlu_pro_test_06424,0,0.498072,5
mmlu_pro,llama-3.1-8b-instruct,mmlu_pro_test_02283,1,0.462906,5
mmlu_pro,llama-3.1-8b-instruct,mmlu_pro_test_04727,0,0.54421,3
mmlu_pro,llama-3.1-8b-instruct,mmlu_pro_test_01003,0,0.657848,3
mmlu_pro,llama-3.1-8b-instruct,mmlu_pro_test_10324,0,0.615734,4
mmlu_pro,llama-3.1-8b-instruct,mmlu_pro_test_11346,1,0.618447,2
mmlu_pro,llama-3.1-8b-instruct,mmlu_pro_test_10124,0,0.576007,2
mmlu_pro,llama-3.1-8b-instruct,mmlu_pro_test_03182,1,0.43428,2
mmlu_pro,llama-3.1-8b-instruct,mmlu_pro_test_08688,0,0.533467,5
mmlu_pro,llama-3.1-8b-instruct,mmlu_pro_test_05109,0,0.562499,3
mmlu_pro,llama-3.1-8b-instruct,mmlu_pro_test_10163,0,0.594889,1
mmlu_pro,llama-3.1-8b-instruct,mmlu_pro_test_03959,1,0.287079,3
mmlu_pro,llama-3.1-8b-instruct,mmlu_pro_test_11639,1,0.538391,2
mmlu_pro,llama-3.1-8b-instruct,mmlu_pro_test_03992,0,0.329275,2
mmlu_pro,llama-3.1-8b-instruct,mmlu_pro_test_06451,0,0.43742,5
mmlu_pro,llama-3.1-8b-instruct,mmlu_pro_test_00836,0,0.531755,1
mmlu_pro,llama-3.1-8b-instruct,mmlu_pro_test_08372,1,0.517928,5
mmlu_pro,llama-3.1-8b-instruct,mmlu_pro_test_01355,0,0.399327,3
mmlu_pro,llama-3.1-8b-instruct,mmlu_pro_test_10802,0,0.607936,5
mmlu_pro,llama-3.1-8b-instruct,mmlu_pro_test_00880,0,0.327651,5
mmlu_pro,llama-3.1-8b-instruct,mmlu_pro_test_03601,0,0.291987,2
mmlu_pro,llama-3.1-8b-instruct,mmlu_pro_test_09942,1,0.690162,3
mmlu_pro,llama-3.1-8b-instruct,mmlu_pro_test_06822,0,0.539159,1
mmlu_pro,llama-3.1-8b-instruct,mmlu_pro_test_05452,0,0.655433,3
mmlu_pro,llama-3.1-8b-instruct,mmlu_pro_test_09544,1,0.619668,5
mmlu_pro,llama-3.1-8b-instruct,mmlu_pro_test_00425,1,0.63742,3
mmlu_pro,llama-3.1-8b-instruct,mmlu_pro_test_02544,0,0.606182,4
mmlu_pro,llama-3.1-8b-instruct,mmlu_pro_test_01550,0,0.413807,5
mmlu_pro,llama-3.1-8b-instruct,mmlu_pro_test_08699,1,0.60555,4
mmlu_pro,llama-3.1-8b-instruct,mmlu_pro_test_03795,1,0.620314,4
mmlu_pro,llama-3.1-8b-instruct,mmlu_pro_test_06341,0,0.562235,5
mmlu_pro,llama-3.1-8b-instruct,mmlu_pro_test_06331,0,0.555888,5
mmlu_pro,llama-3.1-8b-instruct,mmlu_pro_test_06905,0,0.323187,2
mmlu_pro,llama-3.1-8b-instruct,mmlu_pro_test_06884,1,0.376446,3
mmlu_pro,llama-3.1-8b-instruct,mmlu_pro_test_02285,0,0.49108,2
mmlu_pro,llama-3.1-8b-instruct,mmlu_pro_test_11020,0,0.50986,1
mmlu_pro,llama-3.1-8b-instruct,mmlu_pro_test_05679,1,0.495729,3
mmlu_pro,llama-3.1-8b-instruct,mmlu_pro_test_06517,0,0.507288,2
mmlu_pro,llama-3.1-8b-instruct,mmlu_pro_test_03061,1,0.468696,4
mmlu_pro,llama-3.1-8b-instruct,mmlu_pro_test_10973,1,0.520778,3
mmlu_pro,llama-3.1-8b-instruct,mmlu_pro_test_09801,1,0.622491,4
mmlu_pro,llama-3.1-8b-instruct,mmlu_pro_test_02225,1,0.608257,2
mmlu_pro,llama-3.1-8b-instruct,mmlu_pro_test_00940,0,0.579621,1
mmlu_pro,llama-3.1-8b-instruct,mmlu_pro_test_07930,1,0.508792,1
mmlu_pro,llama-3.1-8b-instruct,mmlu_pro_test_06579,1,0.597235,1
mmlu_pro,llama-3.1-8b-instruct,mmlu_pro_test_08275,0,0.562828,1
mmlu_pro,llama-3.1-8b-instruct,mmlu_pro_test_09550,0,0.630597,5
mmlu_pro,llama-3.1-8b-instruct,mmlu_pro_test_02498,1,0.406901,4
mmlu_pro,llama-3.1-8b-instruct,mmlu_pro_test_09911,1,0.442338,3
mmlu_pro,llama-3.1-8b-instruct,mmlu_pro_test_01960,1,0.419354,4
mmlu_pro,llama-3.1-8b-instruct,mmlu_pro_test_10708,1,0.594689,2
mmlu_pro,llama-3.1-8b-instruct,mmlu_pro_test_02841,1,0.475377,3
mmlu_pro,llama-3.1-8b-instruct,mmlu_pro_test_05560,0,0.653474,4
mmlu_pro,llama-3.1-8b-instruct,mmlu_pro_test_11547,1,0.5713,5
mmlu_pro,llama-3.1-8b-instruct,mmlu_pro_test_07857,1,0.421121,4
mmlu_pro,llama-3.1-8b-instruct,mmlu_pro_test_06513,1,0.557508,2
mmlu_pro,llama-3.1-8b-instruct,mmlu_pro_test_07069,1,0.634474,5
mmlu_pro,llama-3.1-8b-instruct,mmlu_pro_test_03955,1,0.586677,4
mmlu_pro,llama-3.1-8b-instruct,mmlu_pro_test_05605,0,0.439419,3
mmlu_pro,llama-3.1-8b-instruct,mmlu_pro_test_07246,0,0.62331,5
mmlu_pro,llama-3.1-8b-instruct,mmlu_pro_test_02726,1,0.516869,5
mmlu_pro,llama-3.1-8b-instruct,mmlu_pro_test_03025,1,0.406403,4
mmlu_pro,llama-3.1-8b-instruct,mmlu_pro_test_04032,1,0.391254,5
mmlu_pro,llama-3.1-8b-instruct,mmlu_pro_test_04556,0,0.530653,4
mmlu_pro,llama-3.1-8b-instruct,mmlu_pro_test_05857,1,0.303358,3
mmlu_pro,llama-3.1-8b-instruct,mmlu_pro_test_07599,0,0.162564,1
mmlu_pro,llama-3.1-8b-instruct,mmlu_pro_test_10348,0,0.670927,4
mmlu_pro,llama-3.1-8b-instruct,mmlu_pro_test_01626,0,0.625241,5
mmlu_pro,llama-3.1-8b-instruct,mmlu_pro_test_10350,0,0.391902,2
mmlu_pro,llama-3.1-8b-instruct,mmlu_pro_test_01553,0,0.462628,2
mmlu_pro,llama-3.1-8b-instruct,mmlu_pro_test_03055,1,0.525452,4
mmlu_pro,llama-3.1-8b-instruct,mmlu_pro_test_00636,1,0.662587,2
mmlu_pro,llama-3.1-8b-instruct,mmlu_pro_test_00277,1,0.609742,2
mmlu_pro,llama-3.1-8b-instruct,mmlu_pro_test_00288,0,0.543667,1
mmlu_pro,llama-3.1-8b-instruct,mmlu_pro_test_11665,1,0.632376,3
mmlu_pro,llama-3.1-8b-instruct,mmlu_pro_test_06037,0,0.353931,3
mmlu_pro,llama-3.1-8b-instruct,mmlu_pro_test_08774,1,0.40263,3
mmlu_pro,llama-3.1-8b-instruct,mmlu_pro_test_02540,1,0.633006,5
mmlu_pro,llama-3.1-8b-instruct,mmlu_pro_test_06076,1,0.484726,1
mmlu_pro,llama-3.1-8b-instruct,mmlu_pro_test_00886,1,0.516828,3
mmlu_pro,llama-3.1-8b-instruct,mmlu_pro_test_01537,0,0.508304,1
mmlu_pro,llama-3.1-8b-instruct,mmlu_pro_test_09637,0,0.580889,1
mmlu_pro,llama-3.1-8b-instruct,mmlu_pro_test_10013,1,0.514163,2
mmlu_pro,llama-3.1-8b-instruct,mmlu_pro_test_03543,1,0.592775,3
mmlu_pro,llama-3.1-8b-instruct,mmlu_pro_test_00900,1,0.658008,3
mmlu_pro,llama-3.1-8b-instruct,mmlu_pro_test_04870,1,0.719629,1
mmlu_pro,llama-3.1-8b-instruct,mmlu_pro_test_10222,0,0.610156,4
mmlu_pro,llama-3.1-8b-instruct,mmlu_pro_test_08932,0,0.555462,4
mmlu_pro,llama-3.1-8b-instruct,mmlu_pro_test_01482,0,0.580275,5
mmlu_pro,llama-3.1-8b-instruct,mmlu_pro_test_05997,0,0.630285,1
mmlu_pro,llama-3.1-8b-instruct,mmlu_pro_test_07383,0,0.42873,3
mmlu_pro,llama-3.1-8b-instruct,mmlu_pro_test_03864,0,0.561131,2
mmlu_pro,llama-3.1-8b-instruct,mmlu_pro_test_03206,1,0.567359,2
mmlu_pro,llama-3.1-8b-instruct,mmlu_pro_test_03219,1,0.403633,4
mmlu_pro,llama-3.1-8b-instruct,mmlu_pro_test_08616,1,0.612215,3
mmlu_pro,llama-3.1-8b-instruct,mmlu_pro_test_06239,1,0.66301,4
mmlu_pro,llama-3.1-8b-instruct,mmlu_pro_test_11431,0,0.444331,4
mmlu_pro,llama-3.1-8b-instruct,mmlu_pro_test_01772,0,0.529325,1
mmlu_pro,llama-3.1-8b-instruct,mmlu_pro_test_04910,0,0.443398,3
mmlu_pro,llama-3.1-8b-instruct,mmlu_pro_test_10608,0,0.503564,3
mmlu_pro,llama-3.1-8b-instruct,mmlu_pro_test_04765,1,0.452106,4
mmlu_pro,llama-3.1-8b-instruct,mmlu_pro_test_03207,1,0.494766,4
mmlu_pro,llama-3.1-8b-instruct,mmlu_pro_test_05102,1,0.364845,5
mmlu_pro,llama-3.1-8b-instruct,mmlu_pro_test_01711,0,0.226275,4
mmlu_pro,llama-3.1-8b-instruct,mmlu_pro_test_08269,1,0.56191,2
mmlu_pro,llama-3.1-8b-instruct,mmlu_pro_test_09488,0,0.081188,4
mmlu_pro,llama-3.1-8b-instruct,mmlu_pro_test_01019,0,0.471437,1
mmlu_pro,llama-3.1-8b-instruct,mmlu_pro_test_06772,1,0.561259,1
mmlu_pro,llama-3.1-8b-instruct,mmlu_pro_test_09129,0,0.455335,2
mmlu_pro,llama-3.1-8b-instruct,mmlu_pro_test_05528,1,0.569045,5
mmlu_pro,llama-3.1-8b-instruct,mmlu_pro_test_01400,1,0.575255,1
mmlu_pro,llama-3.1-8b-instruct,mmlu_pro_test_00792,0,0.395983,3
mmlu_pro,llama-3.1-8b-instruct,mmlu_pro_test_09177,0,0.595394,5
mmlu_pro,llama-3.1-8b-instruct,mmlu_pro_test_08481,0,0.510749,4
mmlu_pro,llama-3.1-8b-instruct,mmlu_pro_test_08496,1,0.572942,2
mmlu_pro,llama-3.1-8b-instruct,mmlu_pro_test_06546,0,0.501954,3
mmlu_pro,llama-3.1-8b-instruct,mmlu_pro_test_05897,1,0.631528,5
mmlu_pro,llama-3.1-8b-instruct,mmlu_pro_test_02054,1,0.470544,2
mmlu_pro,llama-3.1-8b-instruct,mmlu_pro_test_11008,0,0.53527,4
mmlu_pro,llama-3.1-8b-instruct,mmlu_pro_test_03402,1,0.481075,5
mmlu_pro,llama-3.1-8b-instruct,mmlu_pro_test_00221,0,0.12502,3
mmlu_pro,llama-3.1-8b-instruct,mmlu_pro_test_03979,0,0.488974,5
mmlu_pro,llama-3.1-8b-instruct,mmlu_pro_test_11046,0,0.711937,1
mmlu_pro,llama-3.1-8b-instruct,mmlu_pro_test_09827,1,0.652352,4
mmlu_pro,llama-3.1-8b-instruct,mmlu_pro_test_01377,0,0.572159,4
mmlu_pro,llama-3.1-8b-instruct,mmlu_pro_test_04611,1,0.502862,2
mmlu_pro,llama-3.1-8b-instruct,mmlu_pro_test_04003,0,0.645585,3
mmlu_pro,llama-3.1-8b-instruct,mmlu_pro_test_00045,0,0.683852,5
mmlu_pro,llama-3.1-8b-instruct,mmlu_pro_test_07164,0,0.426032,3
mmlu_pro,llama-3.1-8b-instruct,mmlu_pro_test_09773,1,0.535666,4
mmlu_pro,llama-3.1-8b-instruct,mmlu_pro_test_09053,1,0.577159,3
mmlu_pro,llama-3.1-8b-instruct,mmlu_pro_test_02203,1,0.55592,4
mmlu_pro,llama-3.1-8b-instruct,mmlu_pro_test_09735,0,0.351373,2
mmlu_pro,llama-3.1-8b-instruct,mmlu_pro_test_05405,1,0.685651,1
mmlu_pro,llama-3.1-8b-instruct,mmlu_pro_test_08569,1,0.658904,5
mmlu_pro,llama-3.1-8b-instruct,mmlu_pro_test_03172,1,0.494401,1
mmlu_pro,llama-3.1-8b-instruct,mmlu_pro_test_05757,0,0.45833,2
mmlu_pro,llama-3.1-8b-instruct,mmlu_pro_test_06448,1,0.490046,4
mmlu_pro,llama-3.1-8b-instruct,mmlu_pro_test_07928,1,0.39276,2
mmlu_pro,llama-3.1-8b-instruct,mmlu_pro_test_10412,1,0.463709,4
mmlu_pro,llama-3.1-8b-instruct,mmlu_pro_test_06074,0,0.466703,5
mmlu_pro,llama-3.1-8b-instruct,mmlu_pro_test_05699,0,0.408563,5
mmlu_pro,llama-3.1-8b-instruct,mmlu_pro_test_02130,1,0.527576,3
mmlu_pro,llama-3.1-8b-instruct,mmlu_pro_test_03197,0,0.462149,2
mmlu_pro,llama-3.1-8b-instruct,mmlu_pro_test_02136,1,0.563802,1
mmlu_pro,llama-3.1-8b-instruct,mmlu_pro_test_02648,1,0.588356,3
mmlu_pro,llama-3.1-8b-instruct,mmlu_pro_test_05842,1,0.522863,1
mmlu_pro,llama-3.1-8b-instruct,mmlu_pro_test_11234,1,0.37486,1
mmlu_pro,llama-3.1-8b-instruct,mmlu_pro_test_05457,1,0.473198,1
mmlu_pro,llama-3.1-8b-instruct,mmlu_pro_test_02528,1,0.549093,3
mmlu_pro,llama-3.1-8b-instruct,mmlu_pro_test_03004,1,0.516501,2
mmlu_pro,llama-3.1-8b-instruct,mmlu_pro_test_07942,1,0.546923,5
mmlu_pro,llama-3.1-8b-instruct,mmlu_pro_test_00211,0,0.54946,2
mmlu_pro,llama-3.1-8b-instruct,mmlu_pro_test_10752,1,0.687339,5
mmlu_pro,llama-3.1-8b-instruct,mmlu_pro_test_07919,1,0.423917,3
mmlu_pro,llama-3.1-8b-instruct,mmlu_pro_test_01966,0,0.482318,2
mmlu_pro,llama-3.1-8b-instruct,mmlu_pro_test_11733,0,0.419132,3
mmlu_pro,llama-3.1-8b-instruct,mmlu_pro_test_10184,1,0.596117,2
mmlu_pro,llama-3.1-8b-instruct,mmlu_pro_test_05853,0,0.59043,4
mmlu_pro,llama-3.1-8b-instruct,mmlu_pro_test_01495,0,0.687777,3
mmlu_pro,llama-3.1-8b-instruct,mmlu_pro_test_11666,0,0.440983,5
mmlu_pro,llama-3.1-8b-instruct,mmlu_pro_test_00127,1,0.560877,1
mmlu_pro,llama-3.1-8b-instruct,mmlu_pro_test_06648,0,0.65748,2
mmlu_pro,llama-3.1-8b-instruct,mmlu_pro_test_01340,0,0.61501,1
mmlu_pro,llama-3.1-8b-instruct,mmlu_pro_test_02537,0,0.615762,2
mmlu_pro,llama-3.1-8b-instruct,mmlu_pro_test_07044,1,0.531267,4
mmlu_pro,llama-3.1-8b-instruct,mmlu_pro_test_05098,1,0.568309,5
mmlu_pro,llama-3.1-8b-instruct,mmlu_pro_test_04858,1,0.539019,4
mmlu_pro,llama-3.1-8b-instruct,mmlu_pro_test_05115,0,0.59578,2
mmlu_pro,llama-3.1-8b-instruct,mmlu_pro_test_04473,1,0.561902,3
mmlu_pro,llama-3.1-8b-instruct,mmlu_pro_test_05391,1,0.62633,1
mmlu_pro,llama-3.1-8b-instruct,mmlu_pro_test_08620,1,0.53027,4
mmlu_pro,llama-3.1-8b-instruct,mmlu_pro_test_06792,1,0.510669,3
mmlu_pro,llama-3.1-8b-instruct,mmlu_pro_test_10355,0,0.311696,4
mmlu_pro,llama-3.1-8b-instruct,mmlu_pro_test_05086,0,0.410237,1
mmlu_pro,llama-3.1-8b-instruct,mmlu_pro_test_08058,1,0.665964,4
mmlu_pro,llama-3.1-8b-instruct,mmlu_pro_test_02357,0,0.521065,2
mmlu_pro,llama-3.1-8b-instruct,mmlu_pro_test_04466,1,0.595114,5
mmlu_pro,llama-3.1-8b-instruct,mmlu_pro_test_09754,0,0.482424,1
mmlu_pro,llama-3.1-8b-instruct,mmlu_pro_test_05867,0,0.568656,2
mmlu_pro,llama-3.1-8b-instruct,mmlu_pro_test_07850,0,0.516109,4
mmlu_pro,llama-3.1-8b-instruct,mmlu_pro_test_04159,0,0.446828,3
mmlu_pro,llama-3.1-8b-instruct,mmlu_pro_test_02630,1,0.501955,1
mmlu_pro,llama-3.1-8b-instruct,mmlu_pro_test_08607,0,0.568383,1
mmlu_pro,llama-3.1-8b-instruct,mmlu_pro_test_06300,1,0.420257,4
mmlu_pro,llama-3.1-8b-instruct,mmlu_pro_test_10202,1,0.6188,5
mmlu_pro,llama-3.1-8b-instruct,mmlu_pro_test_01890,0,0.618419,1
mmlu_pro,llama-3.1-8b-instruct,mmlu_pro_test_05206,0,0.640667,1
mmlu_pro,llama-3.1-8b-instruct,mmlu_pro_test_00914,0,0.486625,2
mmlu_pro,llama-3.1-8b-instruct,mmlu_pro_test_07132,1,0.484733,2
mmlu_pro,llama-3.1-8b-instruct,mmlu_pro_test_06601,1,0.506129,3
mmlu_pro,llama-3.1-8b-instruct,mmlu_pro_test_07394,1,0.455611,5
mmlu_pro,llama-3.1-8b-instruct,mmlu_pro_test_10683,0,0.386442,3
mmlu_pro,llama-3.1-8b-instruct,mmlu_pro_test_03169,0,0.520426,4
mmlu_pro,llama-3.1-8b-instruct,mmlu_pro_test_09182,1,0.615605,3
mmlu_pro,llama-3.1-8b-instruct,mmlu_pro_test_02152,1,0.621589,3
mmlu_pro,llama-3.1-8b-instruct,mmlu_pro_test_07211,1,0.604105,2
mmlu_pro,llama-3.1-8b-instruct,mmlu_pro_test_02080,1,0.467516,3
mmlu_pro,llama-3.1-8b-instruct,mmlu_pro_test_10517,1,0.635555,1
mmlu_pro,llama-3.1-8b-instruct,mmlu_pro_test_11460,0,0.410501,1
mmlu_pro,llama-3.1-8b-instruct,mmlu_pro_test_06614,0,0.556349,1
mmlu_pro,llama-3.1-8b-instruct,mmlu_pro_test_06802,0,0.432383,1
mmlu_pro,llama-3.1-8b-instruct,mmlu_pro_test_06404,1,0.583056,1
mmlu_pro,llama-3.1-8b-instruct,mmlu_pro_test_02366,1,0.580866,1
mmlu_pro,llama-3.1-8b-instruct,mmlu_pro_test_02737,0,0.367331,2
mmlu_pro,llama-3.1-8b-instruct,mmlu_pro_test_05495,1,0.691549,4
mmlu_pro,llama-3.1-8b-instruct,mmlu_pro_test_02371,1,0.529049,3
mmlu_pro,llama-3.1-8b-instruct,mmlu_pro_test_02003,0,0.61955,3
mmlu_pro,llama-3.1-8b-instruct,mmlu_pro_test_04589,1,0.60214,5
mmlu_pro,llama-3.1-8b-instruct,mmlu_pro_test_01861,0,0.552462,3
mmlu_pro,llama-3.1-8b-instruct,mmlu_pro_test_11005,0,0.638224,5
mmlu_pro,llama-3.1-8b-instruct,mmlu_pro_test_00991,0,0.729391,3
mmlu_pro,llama-3.1-8b-instruct,mmlu_pro_test_06894,1,0.646818,1
mmlu_pro,llama-3.1-8b-instruct,mmlu_pro_test_10841,0,0.520249,1
mmlu_pro,llama-3.1-8b-instruct,mmlu_pro_test_11190,0,0.722941,3
mmlu_pro,llama-3.1-8b-instruct,mmlu_pro_test_06000,1,0.59195,4
mmlu_pro,llama-3.1-8b-instruct,mmlu_pro_test_07453,1,0.605263,3
mmlu_pro,llama-3.1-8b-instruct,mmlu_pro_test_06357,1,0.685471,4
mmlu_pro,llama-3.1-8b-instruct,mmlu_pro_test_10158,1,0.490644,4
mmlu_pro,llama-3.1-8b-instruct,mmlu_pro_test_02333,1,0.535018,3
mmlu_pro,llama-3.1-8b-instruct,mmlu_pro_test_09772,1,0.616821,5
mmlu_pro,llama-3.1-8b-instruct,mmlu_pro_test_02232,0,0.59917,3
mmlu_pro,llama-3.1-8b-instruct,mmlu_pro_test_08057,1,0.624529,2
mmlu_pro,llama-3.1-8b-instruct,mmlu_pro_test_07000,0,0.584764,3
mmlu_pro,llama-3.1-8b-instruct,mmlu_pro_test_03907,1,0.564373,1
mmlu_pro,llama-3.1-8b-instruct,mmlu_pro_test_02107,0,0.399271,3
mmlu_pro,llama-3.1-8b-instruct,mmlu_pro_test_08787,0,0.674969,4
mmlu_pro,llama-3.1-8b-instruct,mmlu_pro_test_07903,1,0.370546,2
mmlu_pro,llama-3.1-8b-instruct,mmlu_pro_test_07805,1,0.554623,2
mmlu_pro,llama-3.1-8b-instruct,mmlu_pro_test_05034,1,0.588557,1
mmlu_pro,llama-3.1-8b-instruct,mmlu_pro_test_02887,0,0.706788,5
mmlu_pro,llama-3.1-8b-instruct,mmlu_pro_test_07283,1,0.460767,1
mmlu_pro,llama-3.1-8b-instruct,mmlu_pro_test_10531,1,0.46129,4
mmlu_pro,llama-3.1-8b-instruct,mmlu_pro_test_02395,0,0.555106,1
mmlu_pro,llama-3.1-8b-instruct,mmlu_pro_test_05937,1,0.547552,1
mmlu_pro,llama-3.1-8b-instruct,mmlu_pro_test_04859,1,0.553898,2
mmlu_pro,llama-3.1-8b-instruct,mmlu_pro_test_08852,1,0.588962,1
mmlu_pro,llama-3.1-8b-instruct,mmlu_pro_test_06011,1,0.568675,5
mmlu_pro,llama-3.1-8b-instruct,mmlu_pro_test_01974,1,0.582873,5
mmlu_pro,llama-3.1-8b-instruct,mmlu_pro_test_01952,1,0.387463,3
mmlu_pro,llama-3.1-8b-instruct,mmlu_pro_test_06332,0,0.506789,1
mmlu_pro,llama-3.1-8b-instruct,mmlu_pro_test_02635,1,0.546398,4
mmlu_pro,llama-3.1-8b-instruct,mmlu_pro_test_10743,0,0.565926,4
mmlu_pro,llama-3.1-8b-instruct,mmlu_pro_test_08477,1,0.502051,5
mmlu_pro,llama-3.1-8b-instruct,mmlu_pro_test_02993,0,0.476425,5
mmlu_pro,llama-3.1-8b-instruct,mmlu_pro_test_00670,0,0.630015,5
mmlu_pro,llama-3.1-8b-instruct,mmlu_pro_test_07469,0,0.382245,5
mmlu_pro,llama-3.1-8b-instruct,mmlu_pro_test_10157,0,0.489851,4
mmlu_pro,llama-3.1-8b-instruct,mmlu_pro_test_01650,1,0.51387,3
mmlu_pro,llama-3.1-8b-instruct,mmlu_pro_test_00055,1,0.510949,3
mmlu_pro,llama-3.1-8b-instruct,mmlu_pro_test_02795,1,0.384998,3
mmlu_pro,llama-3.1-8b-instruct,mmlu_pro_test_06138,0,0.646012,3
mmlu_pro,llama-3.1-8b-instruct,mmlu_pro_test_10870,0,0.473592,5
mmlu_pro,llama-3.1-8b-instruct,mmlu_pro_test_04614,0,0.519074,4
mmlu_pro,llama-3.1-8b-instruct,mmlu_pro_test_04206,0,0.5034,1
mmlu_pro,llama-3.1-8b-instruct,mmlu_pro_test_05338,1,0.652662,4
mmlu_pro,llama-3.1-8b-instruct,mmlu_pro_test_05627,0,0.32866,4
mmlu_pro,llama-3.1-8b-instruct,mmlu_pro_test_03459,0,0.548236,1
mmlu_pro,llama-3.1-8b-instruct,mmlu_pro_test_04829,0,0.332214,4
mmlu_pro,llama-3.1-8b-instruct,mmlu_pro_test_11045,0,0.561903,4
mmlu_pro,llama-3.1-8b-instruct,mmlu_pro_test_01830,1,0.670713,5
mmlu_pro,llama-3.1-8b-instruct,mmlu_pro_test_07607,0,0.533151,2
mmlu_pro,llama-3.1-8b-instruct,mmlu_pro_test_06946,1,0.57203,4
mmlu_pro,llama-3.1-8b-instruct,mmlu_pro_test_03633,1,0.555086,5
mmlu_pro,llama-3.1-8b-instruct,mmlu_pro_test_01057,0,0.552373,1
mmlu_pro,llama-3.1-8b-instruct,mmlu_pro_test_10060,0,0.585122,4
mmlu_pro,llama-3.1-8b-instruct,mmlu_pro_test_00929,1,0.583623,5
mmlu_pro,llama-3.1-8b-instruct,mmlu_pro_test_02272,1,0.616607,4
mmlu_pro,llama-3.1-8b-instruct,mmlu_pro_test_01432,0,0.414904,4
mmlu_pro,llama-3.1-8b-instruct,mmlu_pro_test_08065,0,0.361374,4
mmlu_pro,llama-3.1-8b-instruct,mmlu_pro_test_07470,0,0.62182,2
mmlu_pro,llama-3.1-8b-instruct,mmlu_pro_test_10255,1,0.509047,4
mmlu_pro,llama-3.1-8b-instruct,mmlu_pro_test_10867,0,0.570834,5
mmlu_pro,llama-3.1-8b-instruct,mmlu_pro_test_05244,1,0.726224,3
mmlu_pro,llama-3.1-8b-instruct,mmlu_pro_test_06944,0,0.44259,5
mmlu_pro,llama-3.1-8b-instruct,mmlu_pro_test_03299,1,0.419335,3
mmlu_pro,llama-3.1-8b-instruct,mmlu_pro_test_06282,0,0.477269,4
mmlu_pro,llama-3.1-8b-instruct,mmlu_pro_test_07764,1,0.504309,1
mmlu_pro,llama-3.1-8b-instruct,mmlu_pro_test_11014,1,0.426917,3
mmlu_pro,llama-3.1-8b-instruct,mmlu_pro_test_04212,1,0.344845,3
mmlu_pro,llama-3.1-8b-instruct,mmlu_pro_test_03154,1,0.637282,4
mmlu_pro,llama-3.1-8b-instruct,mmlu_pro_test_04277,1,0.548931,4
mmlu_pro,llama-3.1-8b-instruct,mmlu_pro_test_06896,1,0.587846,2
mmlu_pro,llama-3.1-8b-instruct,mmlu_pro_test_02667,0,0.476907,5
mmlu_pro,llama-3.1-8b-instruct,mmlu_pro_test_05954,0,0.68316,3
mmlu_pro,llama-3.1-8b-instruct,mmlu_pro_test_01957,1,0.530791,1
mmlu_pro,llama-3.1-8b-instruct,mmlu_pro_test_00723,1,0.628462,1
mmlu_pro,llama-3.1-8b-instruct,mmlu_pro_test_05089,1,0.550227,1
mmlu_pro,llama-3.1-8b-instruct,mmlu_pro_test_05701,0,0.59621,2
mmlu_pro,llama-3.1-8b-instruct,mmlu_pro_test_01840,0,0.405834,5
mmlu_pro,llama-3.1-8b-instruct,mmlu_pro_test_01016,0,0.610858,3
mmlu_pro,llama-3.1-8b-instruct,mmlu_pro_test_04162,1,0.610314,2
mmlu_pro,llama-3.1-8b-instruct,mmlu_pro_test_00847,1,0.322113,3
mmlu_pro,llama-3.1-8b-instruct,mmlu_pro_test_06902,0,0.608163,2
mmlu_pro,llama-3.1-8b-instruct,mmlu_pro_test_06564,0,0.738897,4
mmlu_pro,llama-3.1-8b-instruct,mmlu_pro_test_00290,1,0.450432,1
mmlu_pro,llama-3.1-8b-instruct,mmlu_pro_test_07407,0,0.625717,5
mmlu_pro,llama-3.1-8b-instruct,mmlu_pro_test_03035,0,0.337691,2
mmlu_pro,llama-3.1-8b-instruct,mmlu_pro_test_05652,1,0.528639,4
mmlu_pro,llama-3.1-8b-instruct,mmlu_pro_test_03553,1,0.614061,2
mmlu_pro,llama-3.1-8b-instruct,mmlu_pro_test_07409,0,0.260751,3
mmlu_pro,llama-3.1-8b-instruct,mmlu_pro_test_02082,1,0.422015,1
mmlu_pro,llama-3.1-8b-instruct,mmlu_pro_test_00835,0,0.617386,3
mmlu_pro,llama-3.1-8b-instruct,mmlu_pro_test_00148,1,0.648463,4
mmlu_pro,llama-3.1-8b-instruct,mmlu_pro_test_01955,1,0.473681,4
mmlu_pro,llama-3.1-8b-instruct,mmlu_pro_test_07553,1,0.494696,1
mmlu_pro,llama-3.1-8b-instruct,mmlu_pro_test_02680,1,0.620808,5
mmlu_pro,llama-3.1-8b-instruct,mmlu_pro_test_05719,1,0.707113,2
mmlu_pro,llama-3.1-8b-instruct,mmlu_pro_test_05964,0,0.504193,5
mmlu_pro,llama-3.1-8b-instruct,mmlu_pro_test_03334,1,0.554773,4
mmlu_pro,llama-3.1-8b-instruct,mmlu_pro_test_02685,1,0.457917,3
mmlu_pro,llama-3.1-8b-instruct,mmlu_pro_test_00679,0,0.514122,4
mmlu_pro,llama-3.1-8b-instruct,mmlu_pro_test_03095,1,0.577913,5
mmlu_pro,llama-3.1-8b-instruct,mmlu_pro_test_01253,0,0.498641,2
mmlu_pro,llama-3.1-8b-instruct,mmlu_pro_test_04551,0,0.587163,1
mmlu_pro,llama-3.1-8b-instruct,mmlu_pro_test_03358,1,0.698327,5
mmlu_pro,llama-3.1-8b-instruct,mmlu_pro_test_04484,1,0.60576,2
mmlu_pro,llama-3.1-8b-instruct,mmlu_pro_test_06597,1,0.342197,4
mmlu_pro,llama-3.1-8b-instruct,mmlu_pro_test_07171,0,0.592704,2
mmlu_pro,llama-3.1-8b-instruct,mmlu_pro_test_10161,1,0.425969,5
mmlu_pro,llama-3.1-8b-instruct,mmlu_pro_test_10710,0,0.617761,2
mmlu_pro,llama-3.1-8b-instruct,mmlu_pro_test_10933,0,0.552301,2
mmlu_pro,llama-3.1-8b-instruct,mmlu_pro_test_02554,1,0.523822,5
mmlu_pro,llama-3.1-8b-instruct,mmlu_pro_test_00063,1,0.256896,4
mmlu_pro,llama-3.1-8b-instruct,mmlu_pro_test_05917,1,0.628698,1
mmlu_pro,llama-3.1-8b-instruct,mmlu_pro_test_04862,1,0.513091,1
mmlu_pro,llama-3.1-8b-instruct,mmlu_pro_test_02974,1,0.617555,3
mmlu_pro,llama-3.1-8b-instruct,mmlu_pro_test_06039,0,0.422,5
mmlu_pro,llama-3.1-8b-instruct,mmlu_pro_test_05836,0,0.622843,4
mmlu_pro,llama-3.1-8b-instruct,mmlu_pro_test_01171,1,0.580234,3
mmlu_pro,llama-3.1-8b-instruct,mmlu_pro_test_03828,0,0.524514,1
mmlu_pro,llama-3.1-8b-instruct,mmlu_pro_test_02519,0,0.483131,2
mmlu_pro,llama-3.1-8b-instruct,mmlu_pro_test_04482,0,0.593739,5
mmlu_pro,llama-3.1-8b-instruct,mmlu_pro_test_05468,0,0.591658,2
mmlu_pro,llama-3.1-8b-instruct,mmlu_pro_test_02351,0,0.321087,2
mmlu_pro,llama-3.1-8b-instruct,mmlu_pro_test_05903,0,0.564492,5
mmlu_pro,llama-3.1-8b-instruct,mmlu_pro_test_08359,1,0.647347,5
mmlu_pro,llama-3.1-8b-instruct,mmlu_pro_test_07824,1,0.36796,3
mmlu_pro,llama-3.1-8b-instruct,mmlu_pro_test_02611,1,0.535942,3
mmlu_pro,llama-3.1-8b-instruct,mmlu_pro_test_05402,1,0.458978,1
mmlu_pro,llama-3.1-8b-instruct,mmlu_pro_test_10603,0,0.532096,2
mmlu_pro,llama-3.1-8b-instruct,mmlu_pro_test_08635,1,0.518528,1
mmlu_pro,llama-3.1-8b-instruct,mmlu_pro_test_03332,1,0.637579,5
mmlu_pro,llama-3.1-8b-instruct,mmlu_pro_test_02894,1,0.378901,3
mmlu_pro,llama-3.1-8b-instruct,mmlu_pro_test_05078,0,0.522107,4
mmlu_pro,llama-3.1-8b-instruct,mmlu_pro_test_06796,0,0.499849,1
mmlu_pro,llama-3.1-8b-instruct,mmlu_pro_test_03599,1,0.599767,4
mmlu_pro,llama-3.1-8b-instruct,mmlu_pro_test_00760,1,0.542509,1
mmlu_pro,llama-3.1-8b-instruct,mmlu_pro_test_04202,0,0.552773,2
mmlu_pro,llama-3.1-8b-instruct,mmlu_pro_test_09857,1,0.450806,4
mmlu_pro,llama-3.1-8b-instruct,mmlu_pro_test_08495,0,0.554038,5
mmlu_pro,llama-3.1-8b-instruct,mmlu_pro_test_03209,1,0.56037,3
mmlu_pro,llama-3.1-8b-instruct,mmlu_pro_test_10063,0,0.589281,5
mmlu_pro,llama-3.1-8b-instruct,mmlu_pro_test_00615,1,0.601366,4
mmlu_pro,llama-3.1-8b-instruct,mmlu_pro_test_05705,0,0.627353,2
mmlu_pro,llama-3.1-8b-instruct,mmlu_pro_test_07399,0,0.440654,3
mmlu_pro,llama-3.1-8b-instruct,mmlu_pro_test_06998,0,0.533911,3
mmlu_pro,llama-3.1-8b-instruct,mmlu_pro_test_09958,0,0.493006,3
mmlu_pro,llama-3.1-8b-instruct,mmlu_pro_test_08469,0,0.581125,2
mmlu_pro,llama-3.1-8b-instruct,mmlu_pro_test_01148,0,0.260094,2
mmlu_pro,llama-3.1-8b-instruct,mmlu_pro_test_11493,0,0.550327,4
mmlu_pro,llama-3.1-8b-instruct,mmlu_pro_test_05569,1,0.673186,3
mmlu_pro,llama-3.1-8b-instruct,mmlu_pro_test_07474,1,0.494931,4
mmlu_pro,llama-3.1-8b-instruct,mmlu_pro_test_06040,0,0.550117,3
mmlu_pro,llama-3.1-8b-instruct,mmlu_pro_test_07001,0,0.49539,5
mmlu_pro,llama-3.1-8b-instruct,mmlu_pro_test_02051,1,0.499441,5
mmlu_pro,llama-3.1-8b-instruct,mmlu_pro_test_04100,1,0.557891,4
mmlu_pro,llama-3.1-8b-instruct,mmlu_pro_test_09610,1,0.562643,4
mmlu_pro,llama-3.1-8b-instruct,mmlu_pro_test_05537,1,0.525073,2
mmlu_pro,llama-3.1-8b-instruct,mmlu_pro_test_01333,0,0.484966,5
mmlu_pro,llama-3.1-8b-instruct,mmlu_pro_test_06133,1,0.343643,2
mmlu_pro,llama-3.1-8b-instruct,mmlu_pro_test_03392,1,0.477036,2
mmlu_pro,llama-3.1-8b-instruct,mmlu_pro_test_05891,1,0.615736,5
mmlu_pro,llama-3.1-8b-instruct,mmlu_pro_test_09680,0,0.430628,1
mmlu_pro,llama-3.1-8b-instruct,mmlu_pro_test_07864,1,0.595313,2
mmlu_pro,llama-3.1-8b-instruct,mmlu_pro_test_10359,0,0.615954,4
mmlu_pro,llama-3.1-8b-instruct,mmlu_pro_test_09116,1,0.527135,5
mmlu_pro,llama-3.1-8b-instruct,mmlu_pro_test_03160,1,0.655008,2
mmlu_pro,llama-3.1-8b-instruct,mmlu_pro_test_05953,0,0.579524,3
mmlu_pro,llama-3.1-8b-instruct,mmlu_pro_test_06665,1,0.380176,5
mmlu_pro,llama-3.1-8b-instruct,mmlu_pro_test_00951,0,0.345001,2
mmlu_pro,llama-3.1-8b-instruct,mmlu_pro_test_01147,0,0.596063,1
mmlu_pro,llama-3.1-8b-instruct,mmlu_pro_test_02100,1,0.643235,3
mmlu_pro,llama-3.1-8b-instruct,mmlu_pro_test_07754,0,0.23399,2
mmlu_pro,llama-3.1-8b-instruct,mmlu_pro_test_08358,1,0.587132,2
mmlu_pro,llama-3.1-8b-instruct,mmlu_pro_test_03016,1,0.536863,5
mmlu_pro,llama-3.1-8b-instruct,mmlu_pro_test_10309,1,0.625773,1
mmlu_pro,llama-3.1-8b-instruct,mmlu_pro_test_03865,1,0.678316,3
mmlu_pro,llama-3.1-8b-instruct,mmlu_pro_test_02632,1,0.459728,1
mmlu_pro,llama-3.1-8b-instruct,mmlu_pro_test_05955,0,0.522719,1
mmlu_pro,llama-3.1-8b-instruct,mmlu_pro_test_10219,1,0.478782,2
mmlu_pro,llama-3.1-8b-instruct,mmlu_pro_test_06629,0,0.408811,1
mmlu_pro,llama-3.1-8b-instruct,mmlu_pro_test_07287,0,0.553904,4
mmlu_pro,llama-3.1-8b-instruct,mmlu_pro_test_01963,1,0.684507,4
mmlu_pro,llama-3.1-8b-instruct,mmlu_pro_test_02633,1,0.668482,5
mmlu_pro,llama-3.1-8b-instruct,mmlu_pro_test_02873,1,0.613817,2
trivia_qa,llama-3.1-8b-instruct,trivia_qa_validation_01109,1,0.666882,3
trivia_qa,llama-3.1-8b-instruct,trivia_qa_validation_01470,1,0.662922,5
trivia_qa,llama-3.1-8b-instruct,trivia_qa_validation_17430,1,0.639087,5
trivia_qa,llama-3.1-8b-instruct,trivia_qa_validation_04391,0,0.476824,4
trivia_qa,llama-3.1-8b-instruct,trivia_qa_validation_02655,1,0.645353,2
trivia_qa,llama-3.1-8b-instruct,trivia_qa_validation_00167,0,0.461438,4
trivia_qa,llama-3.1-8b-instruct,trivia_qa_validation_07784,1,0.658059,5
trivia_qa,llama-3.1-8b-instruct,trivia_qa_validation_12374,0,0.64651,2
trivia_qa,llama-3.1-8b-instruct,trivia_qa_validation_04621,0,0.609249,3
trivia_qa,llama-3.1-8b-instruct,trivia_qa_validation_08546,0,0.672605,2
trivia_qa,llama-3.1-8b-instruct,trivia_qa_validation_15389,0,0.623741,2
trivia_qa,llama-3.1-8b-instruct,trivia_qa_validation_04524,0,0.570933,5
trivia_qa,llama-3.1-8b-instruct,trivia_qa_validation_07587,0,0.573614,4
trivia_qa,llama-3.1-8b-instruct,trivia_qa_validation_17249,1,0.65158,2
trivia_qa,llama-3.1-8b-instruct,trivia_qa_validation_03990,1,0.648888,2
trivia_qa,llama-3.1-8b-instruct,trivia_qa_validation_07948,0,0.538505,3
trivia_qa,llama-3.1-8b-instruct,trivia_qa_validation_03732,1,0.624059,5
trivia_qa,llama-3.1-8b-instruct,trivia_qa_validation_17663,0,0.67725,5
trivia_qa,llama-3.1-8b-instruct,trivia_qa_validation_14175,1,0.663328,4
trivia_qa,llama-3.1-8b-instruct,trivia_qa_validation_11569,1,0.633875,3
trivia_qa,llama-3.1-8b-instruct,trivia_qa_validation_11279,1,0.662247,4
trivia_qa,llama-3.1-8b-instruct,trivia_qa_validation_07694,1,0.549358,4
trivia_qa,llama-3.1-8b-instruct,trivia_qa_validation_10119,1,0.574544,3
trivia_qa,llama-3.1-8b-instruct,trivia_qa_validation_13020,1,0.659976,1
trivia_qa,llama-3.1-8b-instruct,trivia_qa_validation_07528,0,0.49487,4
trivia_qa,llama-3.1-8b-instruct,trivia_qa_validation_06018,1,0.404167,1
trivia_qa,llama-3.1-8b-instruct,trivia_qa_validation_09962,1,0.646123,4
trivia_qa,llama-3.1-8b-instruct,trivia_qa_validation_14924,1,0.578987,1
trivia_qa,llama-3.1-8b-instruct,trivia_qa_validation_02562,1,0.485527,1
trivia_qa,llama-3.1-8b-instruct,trivia_qa_validation_04299,0,0.668904,4
trivia_qa,llama-3.1-8b-instruct,trivia_qa_validation_11200,1,0.647017,2
trivia_qa,llama-3.1-8b-instruct,trivia_qa_validation_12688,1,0.647498,2
trivia_qa,llama-3.1-8b-instruct,trivia_qa_validation_09855,1,0.645085,3
trivia_qa,llama-3.1-8b-instruct,trivia_qa_validation_05061,1,0.651212,3
trivia_qa,llama-3.1-8b-instruct,trivia_qa_validation_12868,0,0.467105,4
trivia_qa,llama-3.1-8b-instruct,trivia_qa_validation_11411,0,0.581152,2
trivia_qa,llama-3.1-8b-instruct,trivia_qa_validation_16167,1,0.605675,3
trivia_qa,llama-3.1-8b-instruct,trivia_qa_validation_07276,1,0.629461,3
trivia_qa,llama-3.1-8b-instruct,trivia_qa_validation_06309,1,0.626987,2
trivia_qa,llama-3.1-8b-instruct,trivia_qa_validation_02388,0,0.632421,4
trivia_qa,llama-3.1-8b-instruct,trivia_qa_validation_11514,0,0.578807,5
trivia_qa,llama-3.1-8b-instruct,trivia_qa_validation_17551,1,0.664759,3
trivia_qa,llama-3.1-8b-instruct,trivia_qa_validation_06082,0,0.663233,4
trivia_qa,llama-3.1-8b-instruct,trivia_qa_validation_01768,1,0.636721,1
trivia_qa,llama-3.1-8b-instruct,trivia_qa_validation_07828,1,0.638192,4
trivia_qa,llama-3.1-8b-instruct,trivia_qa_validation_05245,0,0.674818,2
trivia_qa,llama-3.1-8b-instruct,trivia_qa_validation_00707,1,0.586227,4
trivia_qa,llama-3.1-8b-instruct,trivia_qa_validation_10470,1,0.662262,4
trivia_qa,llama-3.1-8b-instruct,trivia_qa_validation_09051,0,0.682522,5
trivia_qa,llama-3.1-8b-instruct,trivia_qa_validation_01134,1,0.648883,3
trivia_qa,llama-3.1-8b-instruct,trivia_qa_validation_15086,1,0.665431,4
trivia_qa,llama-3.1-8b-instruct,trivia_qa_validation_00992,1,0.646924,2
trivia_qa,llama-3.1-8b-instruct,trivia_qa_validation_08306,1,0.584255,1
trivia_qa,llama-3.1-8b-instruct,trivia_qa_validation_15787,1,0.681378,1
trivia_qa,llama-3.1-8b-instruct,trivia_qa_validation_10288,1,0.665307,4
trivia_qa,llama-3.1-8b-instruct,trivia_qa_validation_05974,0,0.548578,1
trivia_qa,llama-3.1-8b-instruct,trivia_qa_validation_09595,1,0.672801,5
trivia_qa,llama-3.1-8b-instruct,trivia_qa_validation_14968,1,0.523017,3
trivia_qa,llama-3.1-8b-instruct,trivia_qa_validation_07189,1,0.62911,1
trivia_qa,llama-3.1-8b-instruct,trivia_qa_validation_17148,1,0.64923,2
trivia_qa,llama-3.1-8b-instruct,trivia_qa_validation_08616,1,0.659631,5
trivia_qa,llama-3.1-8b-instruct,trivia_qa_validation_10437,1,0.617565,1
trivia_qa,llama-3.1-8b-instruct,trivia_qa_validation_01348,1,0.66167,2
trivia_qa,llama-3.1-8b-instruct,trivia_qa_validation_07367,1,0.56354,1
trivia_qa,llama-3.1-8b-instruct,trivia_qa_validation_08505,0,0.522989,2
trivia_qa,llama-3.1-8b-instruct,trivia_qa_validation_14168,1,0.617583,4
trivia_qa,llama-3.1-8b-instruct,trivia_qa_validation_06174,1,0.65406,3
trivia_qa,llama-3.1-8b-instruct,trivia_qa_validation_06963,1,0.674647,1
trivia_qa,llama-3.1-8b-instruct,trivia_qa_validation_15639,0,0.664293,4
trivia_qa,llama-3.1-8b-instruct,trivia_qa_validation_16501,0,0.648476,3
trivia_qa,llama-3.1-8b-instruct,trivia_qa_validation_06651,1,0.664966,5
trivia_qa,llama-3.1-8b-instruct,trivia_qa_validation_13081,0,0.659934,3
trivia_qa,llama-3.1-8b-instruct,trivia_qa_validation_03557,0,0.660917,5
trivia_qa,llama-3.1-8b-instruct,trivia_qa_validation_02866,1,0.60185,4
trivia_qa,llama-3.1-8b-instruct,trivia_qa_validation_01079,0,0.651093,1
trivia_qa,llama-3.1-8b-instruct,trivia_qa_validation_07959,0,0.605952,5
trivia_qa,llama-3.1-8b-instruct,trivia_qa_validation_01227,1,0.666085,5
trivia_qa,llama-3.1-8b-instruct,trivia_qa_validation_09862,0,0.622606,5
trivia_qa,llama-3.1-8b-instruct,trivia_qa_validation_07086,0,0.59654,2
trivia_qa,llama-3.1-8b-instruct,trivia_qa_validation_07099,1,0.648179,1
trivia_qa,llama-3.1-8b-instruct,trivia_qa_validation_11597,1,0.565781,3
trivia_qa,llama-3.1-8b-instruct,trivia_qa_validation_17346,1,0.644965,5
trivia_qa,llama-3.1-8b-instruct,trivia_qa_validation_07893,1,0.64339,1
trivia_qa,llama-3.1-8b-instruct,trivia_qa_validation_16320,1,0.655469,5
trivia_qa,llama-3.1-8b-instruct,trivia_qa_validation_07580,1,0.461974,1
trivia_qa,llama-3.1-8b-instruct,trivia_qa_validation_05626,1,0.609143,1
trivia_qa,llama-3.1-8b-instruct,trivia_qa_validation_14109,1,0.647064,3
trivia_qa,llama-3.1-8b-instruct,trivia_qa_validation_16883,1,0.648569,4
trivia_qa,llama-3.1-8b-instruct,trivia_qa_validation_14588,0,0.660975,5
trivia_qa,llama-3.1-8b-instruct,trivia_qa_validation_00556,1,0.643586,2
trivia_qa,llama-3.1-8b-instruct,trivia_qa_validation_06013,0,0.633239,4
trivia_qa,llama-3.1-8b-instruct,trivia_qa_validation_13577,1,0.635797,3
trivia_qa,llama-3.1-8b-instruct,trivia_qa_validation_17892,1,0.602196,2
trivia_qa,llama-3.1-8b-instruct,trivia_qa_validation_16619,1,0.559395,2
trivia_qa,llama-3.1-8b-instruct,trivia_qa_validation_16346,0,0.653654,4
trivia_qa,llama-3.1-8b-instruct,trivia_qa_validation_17493,0,0.663396,5
trivia_qa,llama-3.1-8b-instruct,trivia_qa_validation_06472,1,0.66092,1
trivia_qa,llama-3.1-8b-instruct,trivia_qa_validation_12409,0,0.549964,5
trivia_qa,llama-3.1-8b-instruct,trivia_qa_validation_13085,0,0.663128,1
trivia_qa,llama-3.1-8b-instruct,trivia_qa_validation_13882,0,0.688587,1
trivia_qa,llama-3.1-8b-instruct,trivia_qa_validation_02030,0,0.630458,5
trivia_qa,llama-3.1-8b-instruct,trivia_qa_validation_02558,1,0.621679,5
trivia_qa,llama-3.1-8b-instruct,trivia_qa_validation_09754,1,0.622907,4
trivia_qa,llama-3.1-8b-instruct,trivia_qa_validation_03930,0,0.604088,5
trivia_qa,llama-3.1-8b-instruct,trivia_qa_validation_17373,0,0.685179,5
trivia_qa,llama-3.1-8b-instruct,trivia_qa_validation_00354,0,0.583139,2
trivia_qa,llama-3.1-8b-instruct,trivia_qa_validation_14823,1,0.655171,1
trivia_qa,llama-3.1-8b-instruct,trivia_qa_validation_11064,0,0.632689,2
trivia_qa,llama-3.1-8b-instruct,trivia_qa_validation_14595,1,0.671036,5
trivia_qa,llama-3.1-8b-instruct,trivia_qa_validation_00743,1,0.629926,3
trivia_qa,llama-3.1-8b-instruct,trivia_qa_validation_02892,0,0.645857,2
trivia_qa,llama-3.1-8b-instruct,trivia_qa_validation_17899,0,0.65659,5
trivia_qa,llama-3.1-8b-instruct,trivia_qa_validation_10125,1,0.634421,1
trivia_qa,llama-3.1-8b-instruct,trivia_qa_validation_11686,1,0.676858,1
trivia_qa,llama-3.1-8b-instruct,trivia_qa_validation_16317,1,0.652785,3
trivia_qa,llama-3.1-8b-instruct,trivia_qa_validation_12332,1,0.585839,1
trivia_qa,llama-3.1-8b-instruct,trivia_qa_validation_03235,0,0.602096,3
trivia_qa,llama-3.1-8b-instruct,trivia_qa_validation_15146,1,0.661553,2
trivia_qa,llama-3.1-8b-instruct,trivia_qa_validation_07402,0,0.590213,4
trivia_qa,llama-3.1-8b-instruct,trivia_qa_validation_01772,0,0.675259,1
trivia_qa,llama-3.1-8b-instruct,trivia_qa_validation_04069,1,0.648262,3
trivia_qa,llama-3.1-8b-instruct,trivia_qa_validation_11524,0,0.668291,4
trivia_qa,llama-3.1-8b-instruct,trivia_qa_validation_17778,0,0.657455,2
trivia_qa,llama-3.1-8b-instruct,trivia_qa_validation_04834,1,0.647919,1
trivia_qa,llama-3.1-8b-instruct,trivia_qa_validation_03380,1,0.636238,1
trivia_qa,llama-3.1-8b-instruct,trivia_qa_validation_13761,1,0.616496,5
trivia_qa,llama-3.1-8b-instruct,trivia_qa_validation_00437,1,0.634899,5
trivia_qa,llama-3.1-8b-instruct,trivia_qa_validation_04003,1,0.681787,1
trivia_qa,llama-3.1-8b-instruct,trivia_qa_validation_02667,0,0.636893,1
trivia_qa,llama-3.1-8b-instruct,trivia_qa_validation_04104,1,0.650111,2
trivia_qa,llama-3.1-8b-instruct,trivia_qa_validation_16915,1,0.625166,3
trivia_qa,llama-3.1-8b-instruct,trivia_qa_validation_10323,0,0.558638,5
trivia_qa,llama-3.1-8b-instruct,trivia_qa_validation_12112,0,0.668734,5
trivia_qa,llama-3.1-8b-instruct,trivia_qa_validation_17283,1,0.612638,5
trivia_qa,llama-3.1-8b-instruct,trivia_qa_validation_02696,1,0.654622,2
trivia_qa,llama-3.1-8b-instruct,trivia_qa_validation_10310,0,0.669385,4
trivia_qa,llama-3.1-8b-instruct,trivia_qa_validation_11547,1,0.620907,1
trivia_qa,llama-3.1-8b-instruct,trivia_qa_validation_14340,1,0.664451,5
trivia_qa,llama-3.1-8b-instruct,trivia_qa_validation_14573,0,0.632136,1
trivia_qa,llama-3.1-8b-instruct,trivia_qa_validation_07158,0,0.573377,2
trivia_qa,llama-3.1-8b-instruct,trivia_qa_validation_07315,1,0.670363,1
trivia_qa,llama-3.1-8b-instruct,trivia_qa_validation_13922,1,0.560301,4
trivia_qa,llama-3.1-8b-instruct,trivia_qa_validation_11533,1,0.65961,3
trivia_qa,llama-3.1-8b-instruct,trivia_qa_validation_09351,1,0.644354,4
trivia_qa,llama-3.1-8b-instruct,trivia_qa_validation_00248,1,0.645583,1
trivia_qa,llama-3.1-8b-instruct,trivia_qa_validation_14521,1,0.662585,4
trivia_qa,llama-3.1-8b-instruct,trivia_qa_validation_05091,1,0.591038,2
trivia_qa,llama-3.1-8b-instruct,trivia_qa_validation_01668,1,0.671776,5
trivia_qa,llama-3.1-8b-instruct,trivia_qa_validation_01359,1,0.657738,2
trivia_qa,llama-3.1-8b-instruct,trivia_qa_validation_04596,1,0.54561,3
trivia_qa,llama-3.1-8b-instruct,trivia_qa_validation_17637,1,0.655476,1
trivia_qa,llama-3.1-8b-instruct,trivia_qa_validation_17819,1,0.662771,3
trivia_qa,llama-3.1-8b-instruct,trivia_qa_validation_08170,1,0.664478,4
trivia_qa,llama-3.1-8b-instruct,trivia_qa_validation_06812,1,0.626286,2
trivia_qa,llama-3.1-8b-instruct,trivia_qa_validation_08506,0,0.561287,5
trivia_qa,llama-3.1-8b-instruct,trivia_qa_validation_12656,1,0.615565,3
trivia_qa,llama-3.1-8b-instruct,trivia_qa_validation_07327,0,0.62154,1
trivia_qa,llama-3.1-8b-instruct,trivia_qa_validation_07022,1,0.645159,5
trivia_qa,llama-3.1-8b-instruct,trivia_qa_validation_04357,1,0.648874,5
trivia_qa,llama-3.1-8b-instruct,trivia_qa_validation_14731,1,0.64529,4
trivia_qa,llama-3.1-8b-instruct,trivia_qa_validation_10475,0,0.662116,4
trivia_qa,llama-3.1-8b-instruct,trivia_qa_validation_01812,1,0.648145,4
trivia_qa,llama-3.1-8b-instruct,trivia_qa_validation_16058,1,0.590853,2
trivia_qa,llama-3.1-8b-instruct,trivia_qa_validation_02111,0,0.663661,4
trivia_qa,llama-3.1-8b-instruct,trivia_qa_validation_00115,1,0.609095,3
trivia_qa,llama-3.1-8b-instruct,trivia_qa_validation_12647,0,0.640549,4
trivia_qa,llama-3.1-8b-instruct,trivia_qa_validation_05643,0,0.654061,3
trivia_qa,llama-3.1-8b-instruct,trivia_qa_validation_16766,0,0.62427,3
trivia_qa,llama-3.1-8b-instruct,trivia_qa_validation_14883,0,0.66406,4
trivia_qa,llama-3.1-8b-instruct,trivia_qa_validation_13284,0,0.610953,2
trivia_qa,llama-3.1-8b-instruct,trivia_qa_validation_10004,1,0.643846,5
trivia_qa,llama-3.1-8b-instruct,trivia_qa_validation_16699,1,0.666752,2
trivia_qa,llama-3.1-8b-instruct,trivia_qa_validation_09986,1,0.628037,3
trivia_qa,llama-3.1-8b-instruct,trivia_qa_validation_17420,0,0.622036,2
trivia_qa,llama-3.1-8b-instruct,trivia_qa_validation_01836,0,0.607629,3
trivia_qa,llama-3.1-8b-instruct,trivia_qa_validation_07897,0,0.671338,1
trivia_qa,llama-3.1-8b-instruct,trivia_qa_validation_16863,0,0.644576,3
trivia_qa,llama-3.1-8b-instruct,trivia_qa_validation_00593,1,0.664846,4
trivia_qa,llama-3.1-8b-instruct,trivia_qa_validation_02317,1,0.188397,2
trivia_qa,llama-3.1-8b-instruct,trivia_qa_validation_10344,0,0.672862,3
trivia_qa,llama-3.1-8b-instruct,trivia_qa_validation_03416,0,0.67162,2
trivia_qa,llama-3.1-8b-instruct,trivia_qa_validation_16755,1,0.605015,4
trivia_qa,llama-3.1-8b-instruct,trivia_qa_validation_16919,1,0.652094,4
trivia_qa,llama-3.1-8b-instruct,trivia_qa_validation_03355,0,0.596403,2
trivia_qa,llama-3.1-8b-instruct,trivia_qa_validation_05589,1,0.601175,5
trivia_qa,llama-3.1-8b-instruct,trivia_qa_validation_12465,1,0.651263,5
trivia_qa,llama-3.1-8b-instruct,trivia_qa_validation_03861,0,0.446264,4
trivia_qa,llama-3.1-8b-instruct,trivia_qa_validation_15751,1,0.607231,4
trivia_qa,llama-3.1-8b-instruct,trivia_qa_validation_15744,0,0.661685,1
trivia_qa,llama-3.1-8b-instruct,trivia_qa_validation_01891,1,0.641947,1
trivia_qa,llama-3.1-8b-instruct,trivia_qa_validation_15454,1,0.656037,5
trivia_qa,llama-3.1-8b-instruct,trivia_qa_validation_13058,1,0.6616,1
trivia_qa,llama-3.1-8b-instruct,trivia_qa_validation_13834,1,0.655775,5
trivia_qa,llama-3.1-8b-instruct,trivia_qa_validation_10481,0,0.696874,1
trivia_qa,llama-3.1-8b-instruct,trivia_qa_validation_04100,0,0.548683,3
trivia_qa,llama-3.1-8b-instruct,trivia_qa_validation_13536,1,0.677161,1
trivia_qa,llama-3.1-8b-instruct,trivia_qa_validation_04424,1,0.646996,3
trivia_qa,llama-3.1-8b-instruct,trivia_qa_validation_02273,0,0.64288,5
trivia_qa,llama-3.1-8b-instruct,trivia_qa_validation_01170,1,0.669314,2
trivia_qa,llama-3.1-8b-instruct,trivia_qa_validation_14424,0,0.661792,1
trivia_qa,llama-3.1-8b-instruct,trivia_qa_validation_04291,1,0.662025,4
trivia_qa,llama-3.1-8b-instruct,trivia_qa_validation_00715,1,0.646724,1
trivia_qa,llama-3.1-8b-instruct,trivia_qa_validation_00283,1,0.643615,5
trivia_qa,llama-3.1-8b-instruct,trivia_qa_validation_02416,1,0.629965,4
trivia_qa,llama-3.1-8b-instruct,trivia_qa_validation_00270,1,0.633454,1
trivia_qa,llama-3.1-8b-instruct,trivia_qa_validation_12272,0,0.642436,4
trivia_qa,llama-3.1-8b-instruct,trivia_qa_validation_08707,1,0.673002,3
trivia_qa,llama-3.1-8b-instruct,trivia_qa_validation_00545,1,0.674694,5
trivia_qa,llama-3.1-8b-instruct,trivia_qa_validation_13981,1,0.659645,5
trivia_qa,llama-3.1-8b-instruct,trivia_qa_validation_06747,1,0.673016,2
trivia_qa,llama-3.1-8b-instruct,trivia_qa_validation_09686,0,0.662036,1
trivia_qa,llama-3.1-8b-instruct,trivia_qa_validation_11251,0,0.668736,2
trivia_qa,llama-3.1-8b-instruct,trivia_qa_validation_15865,1,0.672443,1
trivia_qa,llama-3.1-8b-instruct,trivia_qa_validation_12733,1,0.635871,3
trivia_qa,llama-3.1-8b-instruct,trivia_qa_validation_09434,0,0.627847,2
trivia_qa,llama-3.1-8b-instruct,trivia_qa_validation_04837,1,0.661555,1
trivia_qa,llama-3.1-8b-instruct,trivia_qa_validation_15515,1,0.609493,4
trivia_qa,llama-3.1-8b-instruct,trivia_qa_validation_16047,1,0.609412,5
trivia_qa,llama-3.1-8b-instruct,trivia_qa_validation_04863,1,0.666706,5
trivia_qa,llama-3.1-8b-instruct,trivia_qa_validation_14642,1,0.57576,3
trivia_qa,llama-3.1-8b-instruct,trivia_qa_validation_16744,1,0.661645,2
trivia_qa,llama-3.1-8b-instruct,trivia_qa_validation_01288,0,0.593804,2
trivia_qa,llama-3.1-8b-instruct,trivia_qa_validation_15941,0,0.640862,1
trivia_qa,llama-3.1-8b-instruct,trivia_qa_validation_06632,1,0.550724,4
trivia_qa,llama-3.1-8b-instruct,trivia_qa_validation_02737,1,0.644398,1
trivia_qa,llama-3.1-8b-instruct,trivia_qa_validation_00636,1,0.657135,2
trivia_qa,llama-3.1-8b-instruct,trivia_qa_validation_02472,1,0.532663,3
trivia_qa,llama-3.1-8b-instruct,trivia_qa_validation_08712,1,0.555715,3
trivia_qa,llama-3.1-8b-instruct,trivia_qa_validation_04202,0,0.634244,5
trivia_qa,llama-3.1-8b-instruct,trivia_qa_validation_12330,1,0.654932,5
trivia_qa,llama-3.1-8b-instruct,trivia_qa_validation_17220,1,0.624225,1
trivia_qa,llama-3.1-8b-instruct,trivia_qa_validation_06955,0,0.387371,5
trivia_qa,llama-3.1-8b-instruct,trivia_qa_validation_15566,1,0.568501,4
trivia_qa,llama-3.1-8b-instruct,trivia_qa_validation_10936,1,0.655476,1
trivia_qa,llama-3.1-8b-instruct,trivia_qa_validation_02186,1,0.660478,1
trivia_qa,llama-3.1-8b-instruct,trivia_qa_validation_10355,1,0.669149,2
trivia_qa,llama-3.1-8b-instruct,trivia_qa_validation_06069,1,0.56544,1
trivia_qa,llama-3.1-8b-instruct,trivia_qa_validation_04587,1,0.659684,3
trivia_qa,llama-3.1-8b-instruct,trivia_qa_validation_11038,1,0.659428,5
trivia_qa,llama-3.1-8b-instruct,trivia_qa_validation_00722,1,0.647885,1
trivia_qa,llama-3.1-8b-instruct,trivia_qa_validation_10575,1,0.667394,4
trivia_qa,llama-3.1-8b-instruct,trivia_qa_validation_14904,1,0.634121,4
trivia_qa,llama-3.1-8b-instruct,trivia_qa_validation_17874,1,0.650257,1
trivia_qa,llama-3.1-8b-instruct,trivia_qa_validation_04795,0,0.64118,5
trivia_qa,llama-3.1-8b-instruct,trivia_qa_validation_10105,0,0.63133,2
trivia_qa,llama-3.1-8b-instruct,trivia_qa_validation_05520,1,0.577696,3
trivia_qa,llama-3.1-8b-instruct,trivia_qa_validation_03711,1,0.62858,3
trivia_qa,llama-3.1-8b-instruct,trivia_qa_validation_11604,1,0.528768,4
trivia_qa,llama-3.1-8b-instruct,trivia_qa_validation_13932,1,0.648177,1
trivia_qa,llama-3.1-8b-instruct,trivia_qa_validation_04772,0,0.645957,1
trivia_qa,llama-3.1-8b-instruct,trivia_qa_validation_12312,0,0.630982,4
trivia_qa,llama-3.1-8b-instruct,trivia_qa_validation_00143,0,0.210923,4
trivia_qa,llama-3.1-8b-instruct,trivia_qa_validation_16356,0,0.560933,3
trivia_qa,llama-3.1-8b-instruct,trivia_qa_validation_05430,0,0.66149,3
trivia_qa,llama-3.1-8b-instruct,trivia_qa_validation_07902,0,0.547306,2
trivia_qa,llama-3.1-8b-instruct,trivia_qa_validation_02704,0,0.601708,4
trivia_qa,llama-3.1-8b-instruct,trivia_qa_validation_03370,0,0.679844,5
trivia_qa,llama-3.1-8b-instruct,trivia_qa_validation_09132,0,0.661685,1
trivia_qa,llama-3.1-8b-instruct,trivia_qa_validation_10486,1,0.535673,2
trivia_qa,llama-3.1-8b-instruct,trivia_qa_validation_14741,0,0.609611,1
trivia_qa,llama-3.1-8b-instruct,trivia_qa_validation_00484,1,0.562417,1
trivia_qa,llama-3.1-8b-instruct,trivia_qa_validation_02728,1,0.615746,2
trivia_qa,llama-3.1-8b-instruct,trivia_qa_validation_06667,0,0.662174,4
trivia_qa,llama-3.1-8b-instruct,trivia_qa_validation_02265,0,0.660805,2
trivia_qa,llama-3.1-8b-instruct,trivia_qa_validation_10405,1,0.643604,1
trivia_qa,llama-3.1-8b-instruct,trivia_qa_validation_00148,1,0.534848,5
trivia_qa,llama-3.1-8b-instruct,trivia_qa_validation_04829,0,0.637536,3
trivia_qa,llama-3.1-8b-instruct,trivia_qa_validation_07232,0,0.635667,2
trivia_qa,llama-3.1-8b-instruct,trivia_qa_validation_14234,1,0.662083,4
trivia_qa,llama-3.1-8b-instruct,trivia_qa_validation_05020,1,0.644884,1
trivia_qa,llama-3.1-8b-instruct,trivia_qa_validation_07151,1,0.655768,3
trivia_qa,llama-3.1-8b-instruct,trivia_qa_validation_04086,1,0.639321,4
trivia_qa,llama-3.1-8b-instruct,trivia_qa_validation_15597,0,0.676696,2
trivia_qa,llama-3.1-8b-instruct,trivia_qa_validation_04148,0,0.650654,4
trivia_qa,llama-3.1-8b-instruct,trivia_qa_validation_02766,0,0.648122,1
trivia_qa,llama-3.1-8b-instruct,trivia_qa_validation_07242,1,0.613574,1
trivia_qa,llama-3.1-8b-instruct,trivia_qa_validation_08757,1,0.635753,2
trivia_qa,llama-3.1-8b-instruct,trivia_qa_validation_15944,1,0.638357,4
trivia_qa,llama-3.1-8b-instruct,trivia_qa_validation_03325,0,0.661755,4
trivia_qa,llama-3.1-8b-instruct,trivia_qa_validation_04152,0,0.573029,2
trivia_qa,llama-3.1-8b-instruct,trivia_qa_validation_08334,0,0.608542,2
trivia_qa,llama-3.1-8b-instruct,trivia_qa_validation_02300,1,0.660046,5
trivia_qa,llama-3.1-8b-instruct,trivia_qa_validation_08500,0,0.425421,1
trivia_qa,llama-3.1-8b-instruct,trivia_qa_validation_12394,0,0.661036,2
trivia_qa,llama-3.1-8b-instruct,trivia_qa_validation_03713,1,0.676445,1
trivia_qa,llama-3.1-8b-instruct,trivia_qa_validation_11027,1,0.660704,3
trivia_qa,llama-3.1-8b-instruct,trivia_qa_validation_08979,0,0.65645,1
trivia_qa,llama-3.1-8b-instruct,trivia_qa_validation_06209,1,0.654064,3
trivia_qa,llama-3.1-8b-instruct,trivia_qa_validation_16056,0,0.686731,5
trivia_qa,llama-3.1-8b-instruct,trivia_qa_validation_09720,1,0.628891,1
trivia_qa,llama-3.1-8b-instruct,trivia_qa_validation_16784,1,0.677161,1
trivia_qa,llama-3.1-8b-instruct,trivia_qa_validation_17758,0,0.656274,5
trivia_qa,llama-3.1-8b-instruct,trivia_qa_validation_11982,1,0.532179,2
trivia_qa,llama-3.1-8b-instruct,trivia_qa_validation_03883,1,0.646814,5
trivia_qa,llama-3.1-8b-instruct,trivia_qa_validation_00710,0,0.499836,1
trivia_qa,llama-3.1-8b-instruct,trivia_qa_validation_01443,0,0.610326,4
trivia_qa,llama-3.1-8b-instruct,trivia_qa_validation_00348,1,0.679056,2
trivia_qa,llama-3.1-8b-instruct,trivia_qa_validation_05540,1,0.648151,1
trivia_qa,llama-3.1-8b-instruct,trivia_qa_validation_17936,0,0.640968,1
trivia_qa,llama-3.1-8b-instruct,trivia_qa_validation_04756,1,0.643397,2
trivia_qa,llama-3.1-8b-instruct,trivia_qa_validation_01754,0,0.664539,4
trivia_qa,llama-3.1-8b-instruct,trivia_qa_validation_01899,1,0.658369,5
trivia_qa,llama-3.1-8b-instruct,trivia_qa_validation_00420,0,0.654161,4
trivia_qa,llama-3.1-8b-instruct,trivia_qa_validation_01711,1,0.626961,2
trivia_qa,llama-3.1-8b-instruct,trivia_qa_validation_13181,1,0.595893,2
trivia_qa,llama-3.1-8b-instruct,trivia_qa_validation_15521,0,0.658895,5
trivia_qa,llama-3.1-8b-instruct,trivia_qa_validation_11277,1,0.636916,3
trivia_qa,llama-3.1-8b-instruct,trivia_qa_validation_03142,1,0.633903,2
trivia_qa,llama-3.1-8b-instruct,trivia_qa_validation_03140,1,0.638492,5
trivia_qa,llama-3.1-8b-instruct,trivia_qa_validation_06689,0,0.662961,1
trivia_qa,llama-3.1-8b-instruct,trivia_qa_validation_15502,1,0.520929,4
trivia_qa,llama-3.1-8b-instruct,trivia_qa_validation_14235,1,0.661618,2
trivia_qa,llama-3.1-8b-instruct,trivia_qa_validation_00418,1,0.639264,4
trivia_qa,llama-3.1-8b-instruct,trivia_qa_validation_12824,0,0.602426,3
trivia_qa,llama-3.1-8b-instruct,trivia_qa_validation_00649,0,0.630649,1
trivia_qa,llama-3.1-8b-instruct,trivia_qa_validation_08477,0,0.617689,2
trivia_qa,llama-3.1-8b-instruct,trivia_qa_validation_15011,0,0.651462,5
trivia_qa,llama-3.1-8b-instruct,trivia_qa_validation_11178,1,0.634614,5
trivia_qa,llama-3.1-8b-instruct,trivia_qa_validation_08194,1,0.659826,3
trivia_qa,llama-3.1-8b-instruct,trivia_qa_validation_13169,1,0.662269,4
trivia_qa,llama-3.1-8b-instruct,trivia_qa_validation_09431,0,0.662455,4
trivia_qa,llama-3.1-8b-instruct,trivia_qa_validation_00109,0,0.640777,5
trivia_qa,llama-3.1-8b-instruct,trivia_qa_validation_08678,1,0.664912,5
trivia_qa,llama-3.1-8b-instruct,trivia_qa_validation_06127,1,0.671762,5
trivia_qa,llama-3.1-8b-instruct,trivia_qa_validation_13219,0,0.665091,5
trivia_qa,llama-3.1-8b-instruct,trivia_qa_validation_04599,0,0.197969,2
trivia_qa,llama-3.1-8b-instruct,trivia_qa_validation_01994,0,0.621135,1
trivia_qa,llama-3.1-8b-instruct,trivia_qa_validation_12224,1,0.605793,2
trivia_qa,llama-3.1-8b-instruct,trivia_qa_validation_15179,1,0.545448,4
trivia_qa,llama-3.1-8b-instruct,trivia_qa_validation_07641,1,0.656659,1
trivia_qa,llama-3.1-8b-instruct,trivia_qa_validation_02282,1,0.627552,4
trivia_qa,llama-3.1-8b-instruct,trivia_qa_validation_04513,1,0.645803,2
trivia_qa,llama-3.1-8b-instruct,trivia_qa_validation_01366,0,0.672862,3
trivia_qa,llama-3.1-8b-instruct,trivia_qa_validation_01883,1,0.614846,5
trivia_qa,llama-3.1-8b-instruct,trivia_qa_validation_14255,0,0.661066,5
trivia_qa,llama-3.1-8b-instruct,trivia_qa_validation_00591,0,0.661726,1
trivia_qa,llama-3.1-8b-instruct,trivia_qa_validation_10818,1,0.632285,5
trivia_qa,llama-3.1-8b-instruct,trivia_qa_validation_13177,0,0.640783,1
trivia_qa,llama-3.1-8b-instruct,trivia_qa_validation_16046,1,0.668012,3
trivia_qa,llama-3.1-8b-instruct,trivia_qa_validation_11077,1,0.574386,2
trivia_qa,llama-3.1-8b-instruct,trivia_qa_validation_16190,0,0.640717,2
trivia_qa,llama-3.1-8b-instruct,trivia_qa_validation_16727,0,0.689643,1
trivia_qa,llama-3.1-8b-instruct,trivia_qa_validation_14999,1,0.681378,1
trivia_qa,llama-3.1-8b-instruct,trivia_qa_validation_14350,1,0.631401,2
trivia_qa,llama-3.1-8b-instruct,trivia_qa_validation_13361,1,0.659092,5
trivia_qa,llama-3.1-8b-instruct,trivia_qa_validation_08206,0,0.625586,1
trivia_qa,llama-3.1-8b-instruct,trivia_qa_validation_10955,1,0.496493,2
trivia_qa,llama-3.1-8b-instruct,trivia_qa_validation_03780,1,0.648122,1
trivia_qa,llama-3.1-8b-instruct,trivia_qa_validation_03600,1,0.63469,2
trivia_qa,llama-3.1-8b-instruct,trivia_qa_validation_13199,1,0.651902,5
trivia_qa,llama-3.1-8b-instruct,trivia_qa_validation_00375,1,0.660371,3
trivia_qa,llama-3.1-8b-instruct,trivia_qa_validation_03752,1,0.652293,1
trivia_qa,llama-3.1-8b-instruct,trivia_qa_validation_10641,0,0.655122,5
trivia_qa,llama-3.1-8b-instruct,trivia_qa_validation_06744,1,0.515459,2
trivia_qa,llama-3.1-8b-instruct,trivia_qa_validation_01081,1,0.625765,2
trivia_qa,llama-3.1-8b-instruct,trivia_qa_validation_03172,0,0.413683,3
trivia_qa,llama-3.1-8b-instruct,trivia_qa_validation_17673,1,0.651784,2
trivia_qa,llama-3.1-8b-instruct,trivia_qa_validation_14895,0,0.622934,4
trivia_qa,llama-3.1-8b-instruct,trivia_qa_validation_00787,1,0.512728,2
trivia_qa,llama-3.1-8b-instruct,trivia_qa_validation_08496,0,0.655877,1
trivia_qa,llama-3.1-8b-instruct,trivia_qa_validation_00277,1,0.618846,3
trivia_qa,llama-3.1-8b-instruct,trivia_qa_validation_04031,1,0.661161,1
trivia_qa,llama-3.1-8b-instruct,trivia_qa_validation_04619,0,0.59043,3
trivia_qa,llama-3.1-8b-instruct,trivia_qa_validation_09944,0,0.643696,2
trivia_qa,llama-3.1-8b-instruct,trivia_qa_validation_10365,1,0.628676,4
trivia_qa,llama-3.1-8b-instruct,trivia_qa_validation_04211,1,0.659278,3
trivia_qa,llama-3.1-8b-instruct,trivia_qa_validation_01224,1,0.644648,5
trivia_qa,llama-3.1-8b-instruct,trivia_qa_validation_00412,0,0.585447,1
trivia_qa,llama-3.1-8b-instruct,trivia_qa_validation_08936,1,0.64923,2
trivia_qa,llama-3.1-8b-instruct,trivia_qa_validation_06107,1,0.647964,4
trivia_qa,llama-3.1-8b-instruct,trivia_qa_validation_13149,0,0.446527,4
trivia_qa,llama-3.1-8b-instruct,trivia_qa_validation_00608,0,0.618091,5
trivia_qa,llama-3.1-8b-instruct,trivia_qa_validation_13701,1,0.607605,5
trivia_qa,llama-3.1-8b-instruct,trivia_qa_validation_04562,1,0.668294,3
trivia_qa,llama-3.1-8b-instruct,trivia_qa_validation_09516,1,0.663724,4
trivia_qa,llama-3.1-8b-instruct,trivia_qa_validation_02833,1,0.662003,4
trivia_qa,llama-3.1-8b-instruct,trivia_qa_validation_00073,0,0.606463,4
trivia_qa,llama-3.1-8b-instruct,trivia_qa_validation_02820,0,0.664364,1
trivia_qa,llama-3.1-8b-instruct,trivia_qa_validation_07941,1,0.651742,4
trivia_qa,llama-3.1-8b-instruct,trivia_qa_validation_00450,1,0.662842,3
trivia_qa,llama-3.1-8b-instruct,trivia_qa_validation_11885,1,0.649533,5
trivia_qa,llama-3.1-8b-instruct,trivia_qa_validation_09049,0,0.673422,3
trivia_qa,llama-3.1-8b-instruct,trivia_qa_validation_15912,1,0.646358,5
trivia_qa,llama-3.1-8b-instruct,trivia_qa_validation_05976,0,0.633444,1
trivia_qa,llama-3.1-8b-instruct,trivia_qa_validation_12227,1,0.662003,4
trivia_qa,llama-3.1-8b-instruct,trivia_qa_validation_07174,1,0.594148,3
trivia_qa,llama-3.1-8b-instruct,trivia_qa_validation_15395,1,0.636034,1
trivia_qa,llama-3.1-8b-instruct,trivia_qa_validation_12988,1,0.673917,2
trivia_qa,llama-3.1-8b-instruct,trivia_qa_validation_02995,1,0.255338,2
trivia_qa,llama-3.1-8b-instruct,trivia_qa_validation_00899,1,0.650589,4
trivia_qa,llama-3.1-8b-instruct,trivia_qa_validation_09891,1,0.634971,5
trivia_qa,llama-3.1-8b-instruct,trivia_qa_validation_17099,1,0.652483,3
trivia_qa,llama-3.1-8b-instruct,trivia_qa_validation_16828,1,0.66444,4
trivia_qa,llama-3.1-8b-instruct,trivia_qa_validation_00780,0,0.657745,3
trivia_qa,llama-3.1-8b-instruct,trivia_qa_validation_10939,1,0.646536,1
trivia_qa,llama-3.1-8b-instruct,trivia_qa_validation_00686,1,0.667989,5
trivia_qa,llama-3.1-8b-instruct,trivia_qa_validation_11066,1,0.655962,2
trivia_qa,llama-3.1-8b-instruct,trivia_qa_validation_00315,1,0.683829,1
trivia_qa,llama-3.1-8b-instruct,trivia_qa_validation_12757,0,0.524916,4
trivia_qa,llama-3.1-8b-instruct,trivia_qa_validation_12617,1,0.656786,5
trivia_qa,llama-3.1-8b-instruct,trivia_qa_validation_10158,1,0.670641,1
trivia_qa,llama-3.1-8b-instruct,trivia_qa_validation_13479,1,0.326409,4
trivia_qa,llama-3.1-8b-instruct,trivia_qa_validation_14646,0,0.627907,3
trivia_qa,llama-3.1-8b-instruct,trivia_qa_validation_01563,1,0.663954,4
trivia_qa,llama-3.1-8b-instruct,trivia_qa_validation_15635,0,0.685186,1
trivia_qa,llama-3.1-8b-instruct,trivia_qa_validation_16493,1,0.639409,4
trivia_qa,llama-3.1-8b-instruct,trivia_qa_validation_11201,0,0.644424,1
trivia_qa,llama-3.1-8b-instruct,trivia_qa_validation_10438,1,0.630822,2
trivia_qa,llama-3.1-8b-instruct,trivia_qa_validation_05441,1,0.640369,2
trivia_qa,llama-3.1-8b-instruct,trivia_qa_validation_01851,1,0.663222,4
trivia_qa,llama-3.1-8b-instruct,trivia_qa_validation_09161,0,0.642474,3
trivia_qa,llama-3.1-8b-instruct,trivia_qa_validation_08645,1,0.653897,1
trivia_qa,llama-3.1-8b-instruct,trivia_qa_validation_12847,0,0.592138,4
trivia_qa,llama-3.1-8b-instruct,trivia_qa_validation_11922,1,0.505423,4
trivia_qa,llama-3.1-8b-instruct,trivia_qa_validation_08999,0,0.640072,1
trivia_qa,llama-3.1-8b-instruct,trivia_qa_validation_03131,1,0.412835,2
trivia_qa,llama-3.1-8b-instruct,trivia_qa_validation_09993,1,0.660053,5
trivia_qa,llama-3.1-8b-instruct,trivia_qa_validation_11766,1,0.664761,2
trivia_qa,llama-3.1-8b-instruct,trivia_qa_validation_07344,0,0.569576,3
trivia_qa,llama-3.1-8b-instruct,trivia_qa_validation_08688,1,0.665862,4
trivia_qa,llama-3.1-8b-instruct,trivia_qa_validation_15804,1,0.656593,2
trivia_qa,llama-3.1-8b-instruct,trivia_qa_validation_17889,1,0.635514,4
trivia_qa,llama-3.1-8b-instruct,trivia_qa_validation_06663,1,0.538388,5
trivia_qa,llama-3.1-8b-instruct,trivia_qa_validation_03344,1,0.656289,2
trivia_qa,llama-3.1-8b-instruct,trivia_qa_validation_07867,0,0.62258,2
trivia_qa,llama-3.1-8b-instruct,trivia_qa_validation_10198,0,0.631392,2
trivia_qa,llama-3.1-8b-instruct,trivia_qa_validation_06826,1,0.63802,4
trivia_qa,llama-3.1-8b-instruct,trivia_qa_validation_03353,0,0.672372,3
trivia_qa,llama-3.1-8b-instruct,trivia_qa_validation_14067,0,0.65817,1
trivia_qa,llama-3.1-8b-instruct,trivia_qa_validation_10370,1,0.639141,1
trivia_qa,llama-3.1-8b-instruct,trivia_qa_validation_14262,1,0.644592,2
trivia_qa,llama-3.1-8b-instruct,trivia_qa_validation_14825,1,0.588955,3
trivia_qa,llama-3.1-8b-instruct,trivia_qa_validation_05264,0,0.661801,4
trivia_qa,llama-3.1-8b-instruct,trivia_qa_validation_15216,0,0.647087,3
trivia_qa,llama-3.1-8b-instruct,trivia_qa_validation_02283,1,0.623991,4
trivia_qa,llama-3.1-8b-instruct,trivia_qa_validation_15256,0,0.538795,5
trivia_qa,llama-3.1-8b-instruct,trivia_qa_validation_06451,1,0.637182,1
trivia_qa,llama-3.1-8b-instruct,trivia_qa_validation_04779,1,0.61074,4
trivia_qa,llama-3.1-8b-instruct,trivia_qa_validation_06577,1,0.618872,2
trivia_qa,llama-3.1-8b-instruct,trivia_qa_validation_14376,0,0.636624,5
trivia_qa,llama-3.1-8b-instruct,trivia_qa_validation_03459,0,0.634229,3
trivia_qa,llama-3.1-8b-instruct,trivia_qa_validation_05100,0,0.596475,5
trivia_qa,llama-3.1-8b-instruct,trivia_qa_validation_02484,1,0.637541,2
trivia_qa,llama-3.1-8b-instruct,trivia_qa_validation_00400,1,0.607947,2
trivia_qa,llama-3.1-8b-instruct,trivia_qa_validation_08919,1,0.645757,3
trivia_qa,llama-3.1-8b-instruct,trivia_qa_validation_08119,1,0.644168,5
trivia_qa,llama-3.1-8b-instruct,trivia_qa_validation_09553,1,0.660848,3
trivia_qa,llama-3.1-8b-instruct,trivia_qa_validation_14537,0,0.676317,5
trivia_qa,llama-3.1-8b-instruct,trivia_qa_validation_14480,0,0.570393,3
trivia_qa,llama-3.1-8b-instruct,trivia_qa_validation_14210,0,0.577527,1
trivia_qa,llama-3.1-8b-instruct,trivia_qa_validation_14435,1,0.665276,4
trivia_qa,llama-3.1-8b-instruct,trivia_qa_validation_01155,1,0.63964,3
trivia_qa,llama-3.1-8b-instruct,trivia_qa_validation_05645,0,0.570393,3
trivia_qa,llama-3.1-8b-instruct,trivia_qa_validation_12517,1,0.663416,4
trivia_qa,llama-3.1-8b-instruct,trivia_qa_validation_00452,1,0.669211,3
trivia_qa,llama-3.1-8b-instruct,trivia_qa_validation_07470,1,0.541508,2
trivia_qa,llama-3.1-8b-instruct,trivia_qa_validation_08144,1,0.648666,4
trivia_qa,llama-3.1-8b-instruct,trivia_qa_validation_16340,0,0.528606,2
trivia_qa,llama-3.1-8b-instruct,trivia_qa_validation_01096,1,0.6466,3
trivia_qa,llama-3.1-8b-instruct,trivia_qa_validation_12679,0,0.661521,2
trivia_qa,llama-3.1-8b-instruct,trivia_qa_validation_04640,0,0.5386,3
trivia_qa,llama-3.1-8b-instruct,trivia_qa_validation_02844,0,0.655762,1
trivia_qa,llama-3.1-8b-instruct,trivia_qa_validation_06552,1,0.6594,5
trivia_qa,llama-3.1-8b-instruct,trivia_qa_validation_06454,1,0.65398,3
trivia_qa,llama-3.1-8b-instruct,trivia_qa_validation_02183,0,0.644863,5
trivia_qa,llama-3.1-8b-instruct,trivia_qa_validation_14365,1,0.640381,2
trivia_qa,llama-3.1-8b-instruct,trivia_qa_validation_05184,1,0.566589,5
trivia_qa,llama-3.1-8b-instruct,trivia_qa_validation_03696,0,0.677416,5
trivia_qa,llama-3.1-8b-instruct,trivia_qa_validation_09642,1,0.582735,5
trivia_qa,llama-3.1-8b-instruct,trivia_qa_validation_15552,1,0.605217,4
trivia_qa,llama-3.1-8b-instruct,trivia_qa_validation_17529,0,0.639256,3
trivia_qa,llama-3.1-8b-instruct,trivia_qa_validation_11432,1,0.653165,4
trivia_qa,llama-3.1-8b-instruct,trivia_qa_validation_00088,1,0.660406,3
trivia_qa,llama-3.1-8b-instruct,trivia_qa_validation_05568,0,0.582214,1
trivia_qa,llama-3.1-8b-instruct,trivia_qa_validation_05297,1,0.458055,5
trivia_qa,llama-3.1-8b-instruct,trivia_qa_validation_05647,0,0.647949,3
trivia_qa,llama-3.1-8b-instruct,trivia_qa_validation_04428,0,0.658567,1
trivia_qa,llama-3.1-8b-instruct,trivia_qa_validation_15982,1,0.642905,3
trivia_qa,llama-3.1-8b-instruct,trivia_qa_validation_01628,1,0.654012,3
trivia_qa,llama-3.1-8b-instruct,trivia_qa_validation_06553,1,0.66216,4
trivia_qa,llama-3.1-8b-instruct,trivia_qa_validation_16893,0,0.646121,3
trivia_qa,llama-3.1-8b-instruct,trivia_qa_validation_12938,0,0.661959,5
trivia_qa,llama-3.1-8b-instruct,trivia_qa_validation_04674,1,0.615511,5
trivia_qa,llama-3.1-8b-instruct,trivia_qa_validation_00758,1,0.64829,2
trivia_qa,llama-3.1-8b-instruct,trivia_qa_validation_06687,1,0.659156,2
trivia_qa,llama-3.1-8b-instruct,trivia_qa_validation_17653,1,0.634083,5
trivia_qa,llama-3.1-8b-instruct,trivia_qa_validation_00839,1,0.6628,4
trivia_qa,llama-3.1-8b-instruct,trivia_qa_validation_15618,1,0.662894,4
trivia_qa,llama-3.1-8b-instruct,trivia_qa_validation_17514,1,0.66699,5
trivia_qa,llama-3.1-8b-instruct,trivia_qa_validation_13957,1,0.540828,4
trivia_qa,llama-3.1-8b-instruct,trivia_qa_validation_09104,0,0.627113,3
trivia_qa,llama-3.1-8b-instruct,trivia_qa_validation_15841,0,0.658516,3
trivia_qa,llama-3.1-8b-instruct,trivia_qa_validation_12985,0,0.662032,4
trivia_qa,llama-3.1-8b-instruct,trivia_qa_validation_16562,1,0.624784,3
trivia_qa,llama-3.1-8b-instruct,trivia_qa_validation_12540,1,0.568987,5
trivia_qa,llama-3.1-8b-instruct,trivia_qa_validation_17711,1,0.675685,5
trivia_qa,llama-3.1-8b-instruct,trivia_qa_validation_02769,1,0.649537,2
trivia_qa,llama-3.1-8b-instruct,trivia_qa_validation_03117,1,0.624971,2
trivia_qa,llama-3.1-8b-instruct,trivia_qa_validation_06956,1,0.613381,2
trivia_qa,llama-3.1-8b-instruct,trivia_qa_validation_17234,1,0.660553,3
trivia_qa,llama-3.1-8b-instruct,trivia_qa_validation_11451,0,0.662309,4
trivia_qa,llama-3.1-8b-instruct,trivia_qa_validation_07698,0,0.681795,5
trivia_qa,llama-3.1-8b-instruct,trivia_qa_validation_06495,1,0.647491,3
trivia_qa,llama-3.1-8b-instruct,trivia_qa_validation_02834,0,0.287633,2
trivia_qa,llama-3.1-8b-instruct,trivia_qa_validation_13215,1,0.673508,2
trivia_qa,llama-3.1-8b-instruct,trivia_qa_validation_03995,1,0.651637,2
trivia_qa,llama-3.1-8b-instruct,trivia_qa_validation_06321,0,0.664538,4
trivia_qa,llama-3.1-8b-instruct,trivia_qa_validation_09116,0,0.660714,3
trivia_qa,llama-3.1-8b-instruct,trivia_qa_validation_00264,1,0.662021,4
trivia_qa,llama-3.1-8b-instruct,trivia_qa_validation_07058,0,0.60662,2
trivia_qa,llama-3.1-8b-instruct,trivia_qa_validation_03040,1,0.648813,3
trivia_qa,llama-3.1-8b-instruct,trivia_qa_validation_05423,1,0.66483,5
trivia_qa,llama-3.1-8b-instruct,trivia_qa_validation_08007,0,0.663497,4
trivia_qa,llama-3.1-8b-instruct,trivia_qa_validation_17843,1,0.64321,4
trivia_qa,llama-3.1-8b-instruct,trivia_qa_validation_12090,0,0.67961,5
trivia_qa,llama-3.1-8b-instruct,trivia_qa_validation_02437,1,0.62942,2
trivia_qa,llama-3.1-8b-instruct,trivia_qa_validation_00957,1,0.637114,3
trivia_qa,llama-3.1-8b-instruct,trivia_qa_validation_05479,1,0.663851,5
trivia_qa,llama-3.1-8b-instruct,trivia_qa_validation_09597,0,0.547643,3
trivia_qa,llama-3.1-8b-instruct,trivia_qa_validation_07565,1,0.632805,2
trivia_qa,llama-3.1-8b-instruct,trivia_qa_validation_08330,1,0.662886,4
trivia_qa,llama-3.1-8b-instruct,trivia_qa_validation_11057,0,0.40346,2
trivia_qa,llama-3.1-8b-instruct,trivia_qa_validation_04630,0,0.669431,5
trivia_qa,llama-3.1-8b-instruct,trivia_qa_validation_12501,1,0.662072,4
trivia_qa,llama-3.1-8b-instruct,trivia_qa_validation_17026,0,0.595275,3
trivia_qa,llama-3.1-8b-instruct,trivia_qa_validation_00046,1,0.619292,2
trivia_qa,llama-3.1-8b-instruct,trivia_qa_validation_00015,0,0.61076,1
trivia_qa,llama-3.1-8b-instruct,trivia_qa_validation_04598,1,0.64838,5
trivia_qa,llama-3.1-8b-instruct,trivia_qa_validation_09123,1,0.553442,1
trivia_qa,llama-3.1-8b-instruct,trivia_qa_validation_16115,1,0.509312,5
trivia_qa,llama-3.1-8b-instruct,trivia_qa_validation_11593,0,0.67539,2
trivia_qa,llama-3.1-8b-instruct,trivia_qa_validation_16436,1,0.637234,1
trivia_qa,llama-3.1-8b-instruct,trivia_qa_validation_12960,1,0.632881,3
trivia_qa,llama-3.1-8b-instruct,trivia_qa_validation_12299,1,0.662115,1
trivia_qa,llama-3.1-8b-instruct,trivia_qa_validation_07338,1,0.644384,3
trivia_qa,llama-3.1-8b-instruct,trivia_qa_validation_17206,0,0.623306,4
trivia_qa,llama-3.1-8b-instruct,trivia_qa_validation_00045,1,0.660178,2
trivia_qa,llama-3.1-8b-instruct,trivia_qa_validation_01317,0,0.459404,2
trivia_qa,llama-3.1-8b-instruct,trivia_qa_validation_16223,1,0.65034,4
trivia_qa,llama-3.1-8b-instruct,trivia_qa_validation_01824,0,0.325298,2
trivia_qa,llama-3.1-8b-instruct,trivia_qa_validation_15704,1,0.665425,2
trivia_qa,llama-3.1-8b-instruct,trivia_qa_validation_02305,1,0.661554,1
trivia_qa,llama-3.1-8b-instruct,trivia_qa_validation_04047,1,0.613776,1
trivia_qa,llama-3.1-8b-instruct,trivia_qa_validation_11337,1,0.505282,1
trivia_qa,llama-3.1-8b-instruct,trivia_qa_validation_03987,1,0.635768,2
trivia_qa,llama-3.1-8b-instruct,trivia_qa_validation_02002,0,0.663584,4
trivia_qa,llama-3.1-8b-instruct,trivia_qa_validation_08224,1,0.592817,2
trivia_qa,llama-3.1-8b-instruct,trivia_qa_validation_13481,1,0.626286,4
trivia_qa,llama-3.1-8b-instruct,trivia_qa_validation_14457,1,0.604633,5
trivia_qa,llama-3.1-8b-instruct,trivia_qa_validation_14229,1,0.630164,3
trivia_qa,llama-3.1-8b-instruct,trivia_qa_validation_13625,0,0.639346,3
trivia_qa,llama-3.1-8b-instruct,trivia_qa_validation_12554,1,0.66762,1
trivia_qa,llama-3.1-8b-instruct,trivia_qa_validation_03119,0,0.638276,5
trivia_qa,llama-3.1-8b-instruct,trivia_qa_validation_09634,0,0.579985,3
trivia_qa,llama-3.1-8b-instruct,trivia_qa_validation_10964,0,0.650498,3
trivia_qa,llama-3.1-8b-instruct,trivia_qa_validation_07420,0,0.67537,1
trivia_qa,llama-3.1-8b-instruct,trivia_qa_validation_13542,0,0.611007,1
trivia_qa,llama-3.1-8b-instruct,trivia_qa_validation_11676,1,0.697638,1
trivia_qa,llama-3.1-8b-instruct,trivia_qa_validation_17159,0,0.664028,4
trivia_qa,llama-3.1-8b-instruct,trivia_qa_validation_09638,1,0.64413,3
trivia_qa,llama-3.1-8b-instruct,trivia_qa_validation_07495,1,0.589136,4
trivia_qa,llama-3.1-8b-instruct,trivia_qa_validation_09764,1,0.651232,4
trivia_qa,llama-3.1-8b-instruct,trivia_qa_validation_05874,0,0.618116,4
trivia_qa,llama-3.1-8b-instruct,trivia_qa_validation_11236,1,0.639037,2
trivia_qa,llama-3.1-8b-instruct,trivia_qa_validation_01707,1,0.627654,1
trivia_qa,llama-3.1-8b-instruct,trivia_qa_validation_03326,1,0.658715,5
trivia_qa,llama-3.1-8b-instruct,trivia_qa_validation_02825,1,0.662342,4
trivia_qa,llama-3.1-8b-instruct,trivia_qa_validation_06898,1,0.597446,3
trivia_qa,llama-3.1-8b-instruct,trivia_qa_validation_00574,0,0.671105,1
trivia_qa,llama-3.1-8b-instruct,trivia_qa_validation_09262,0,0.672162,3
trivia_qa,llama-3.1-8b-instruct,trivia_qa_validation_08944,0,0.673562,3
trivia_qa,llama-3.1-8b-instruct,trivia_qa_validation_03670,1,0.672372,3
trivia_qa,llama-3.1-8b-instruct,trivia_qa_validation_15779,1,0.657993,3
trivia_qa,llama-3.1-8b-instruct,trivia_qa_validation_06876,0,0.640906,3
trivia_qa,llama-3.1-8b-instruct,trivia_qa_validation_13180,1,0.633201,5
trivia_qa,llama-3.1-8b-instruct,trivia_qa_validation_00954,1,0.639953,1
trivia_qa,llama-3.1-8b-instruct,trivia_qa_validation_04642,0,0.678514,5
trivia_qa,llama-3.1-8b-instruct,trivia_qa_validation_08976,1,0.643974,3
trivia_qa,llama-3.1-8b-instruct,trivia_qa_validation_05359,1,0.661973,5
trivia_qa,llama-3.1-8b-instruct,trivia_qa_validation_12222,1,0.637212,1
trivia_qa,llama-3.1-8b-instruct,trivia_qa_validation_02413,1,0.656214,3
trivia_qa,llama-3.1-8b-instruct,trivia_qa_validation_11322,1,0.673989,5
trivia_qa,llama-3.1-8b-instruct,trivia_qa_validation_12263,0,0.653503,3
trivia_qa,llama-3.1-8b-instruct,trivia_qa_validation_07375,0,0.659573,3
trivia_qa,llama-3.1-8b-instruct,trivia_qa_validation_11180,1,0.668717,3
trivia_qa,llama-3.1-8b-instruct,trivia_qa_validation_14609,0,0.68264,1
trivia_qa,llama-3.1-8b-instruct,trivia_qa_validation_16983,1,0.658488,5
trivia_qa,llama-3.1-8b-instruct,trivia_qa_validation_03035,0,0.625187,3
trivia_qa,llama-3.1-8b-instruct,trivia_qa_validation_10195,1,0.614316,2
trivia_qa,llama-3.1-8b-instruct,trivia_qa_validation_04029,1,0.599711,1
trivia_qa,llama-3.1-8b-instruct,trivia_qa_validation_04916,0,0.661766,4
trivia_qa,llama-3.1-8b-instruct,trivia_qa_validation_04652,1,0.643819,3
trivia_qa,llama-3.1-8b-instruct,trivia_qa_validation_03007,1,0.641965,3
trivia_qa,llama-3.1-8b-instruct,trivia_qa_validation_00968,1,0.554224,1
trivia_qa,llama-3.1-8b-instruct,trivia_qa_validation_06380,1,0.60937,1
trivia_qa,llama-3.1-8b-instruct,trivia_qa_validation_13769,0,0.651314,2
trivia_qa,llama-3.1-8b-instruct,trivia_qa_validation_07125,1,0.535369,1
trivia_qa,llama-3.1-8b-instruct,trivia_qa_validation_00810,0,0.674655,1
trivia_qa,llama-3.1-8b-instruct,trivia_qa_validation_04212,0,0.662722,5
trivia_qa,llama-3.1-8b-instruct,trivia_qa_validation_02642,1,0.652657,3
trivia_qa,llama-3.1-8b-instruct,trivia_qa_validation_12833,1,0.589306,4
trivia_qa,llama-3.1-8b-instruct,trivia_qa_validation_00192,0,0.656844,3
trivia_qa,llama-3.1-8b-instruct,trivia_qa_validation_16982,1,0.567605,2
trivia_qa,llama-3.1-8b-instruct,trivia_qa_validation_14641,1,0.621294,5
trivia_qa,llama-3.1-8b-instruct,trivia_qa_validation_08669,0,0.557059,5
trivia_qa,llama-3.1-8b-instruct,trivia_qa_validation_15439,1,0.407668,1
trivia_qa,llama-3.1-8b-instruct,trivia_qa_validation_08560,1,0.645145,4
trivia_qa,llama-3.1-8b-instruct,trivia_qa_validation_14118,1,0.658876,3
trivia_qa,llama-3.1-8b-instruct,trivia_qa_validation_06569,1,0.660455,3
trivia_qa,llama-3.1-8b-instruct,trivia_qa_validation_13554,0,0.615236,4
trivia_qa,llama-3.1-8b-instruct,trivia_qa_validation_13115,1,0.388521,4
trivia_qa,llama-3.1-8b-instruct,trivia_qa_validation_11304,1,0.665467,3
trivia_qa,llama-3.1-8b-instruct,trivia_qa_validation_05519,1,0.660186,2
trivia_qa,llama-3.1-8b-instruct,trivia_qa_validation_03282,0,0.679731,5
trivia_qa,llama-3.1-8b-instruct,trivia_qa_validation_08727,0,0.658562,3
trivia_qa,llama-3.1-8b-instruct,trivia_qa_validation_16377,0,0.664049,3
trivia_qa,llama-3.1-8b-instruct,trivia_qa_validation_07969,0,0.547652,2
trivia_qa,llama-3.1-8b-instruct,trivia_qa_validation_06289,1,0.640973,5
trivia_qa,llama-3.1-8b-instruct,trivia_qa_validation_15611,0,0.522428,5
trivia_qa,llama-3.1-8b-instruct,trivia_qa_validation_14389,1,0.533318,2
trivia_qa,llama-3.1-8b-instruct,trivia_qa_validation_05321,1,0.688296,1
trivia_qa,llama-3.1-8b-instruct,trivia_qa_validation_17007,1,0.640278,2
trivia_qa,llama-3.1-8b-instruct,trivia_qa_validation_00184,0,0.521089,3
trivia_qa,llama-3.1-8b-instruct,trivia_qa_validation_09763,1,0.660735,2
trivia_qa,llama-3.1-8b-instruct,trivia_qa_validation_16639,1,0.618796,5
trivia_qa,llama-3.1-8b-instruct,trivia_qa_validation_17608,1,0.664504,1
trivia_qa,llama-3.1-8b-instruct,trivia_qa_validation_05586,1,0.667898,4
trivia_qa,llama-3.1-8b-instruct,trivia_qa_validation_10691,0,0.589878,3
trivia_qa,llama-3.1-8b-instruct,trivia_qa_validation_15504,1,0.6465,5
trivia_qa,llama-3.1-8b-instruct,trivia_qa_validation_12758,1,0.588055,1
trivia_qa,llama-3.1-8b-instruct,trivia_qa_validation_04935,0,0.611654,4
trivia_qa,llama-3.1-8b-instruct,trivia_qa_validation_12705,0,0.620322,1
trivia_qa,llama-3.1-8b-instruct,trivia_qa_validation_03447,0,0.522854,3
trivia_qa,llama-3.1-8b-instruct,trivia_qa_validation_10307,0,0.531699,2
trivia_qa,llama-3.1-8b-instruct,trivia_qa_validation_16861,1,0.648228,3
trivia_qa,llama-3.1-8b-instruct,trivia_qa_validation_04311,0,0.683557,1
trivia_qa,llama-3.1-8b-instruct,trivia_qa_validation_01872,0,0.64338,1
trivia_qa,llama-3.1-8b-instruct,trivia_qa_validation_15578,1,0.655202,1
trivia_qa,llama-3.1-8b-instruct,trivia_qa_validation_05318,1,0.608198,2
trivia_qa,llama-3.1-8b-instruct,trivia_qa_validation_12207,0,0.618013,5
trivia_qa,llama-3.1-8b-instruct,trivia_qa_validation_11540,1,0.666603,1
trivia_qa,llama-3.1-8b-instruct,trivia_qa_validation_14213,1,0.608013,4
trivia_qa,llama-3.1-8b-instruct,trivia_qa_validation_02288,0,0.605322,5
trivia_qa,llama-3.1-8b-instruct,trivia_qa_validation_02457,0,0.570036,1
trivia_qa,llama-3.1-8b-instruct,trivia_qa_validation_02449,1,0.59003,5
trivia_qa,llama-3.1-8b-instruct,trivia_qa_validation_03143,0,0.554163,4
trivia_qa,llama-3.1-8b-instruct,trivia_qa_validation_10312,0,0.661773,4
trivia_qa,llama-3.1-8b-instruct,trivia_qa_validation_07733,1,0.657318,5
trivia_qa,llama-3.1-8b-instruct,trivia_qa_validation_13133,1,0.614818,3
trivia_qa,llama-3.1-8b-instruct,trivia_qa_validation_13478,0,0.616511,3
trivia_qa,llama-3.1-8b-instruct,trivia_qa_validation_12205,0,0.642115,3
trivia_qa,llama-3.1-8b-instruct,trivia_qa_validation_04417,1,0.637032,3
trivia_qa,llama-3.1-8b-instruct,trivia_qa_validation_04688,1,0.679123,5
trivia_qa,llama-3.1-8b-instruct,trivia_qa_validation_00576,1,0.635368,5
trivia_qa,llama-3.1-8b-instruct,trivia_qa_validation_01269,1,0.624511,4
trivia_qa,llama-3.1-8b-instruct,trivia_qa_validation_12288,0,0.672582,1
trivia_qa,llama-3.1-8b-instruct,trivia_qa_validation_12614,0,0.661205,3
trivia_qa,llama-3.1-8b-instruct,trivia_qa_validation_06335,0,0.646814,5
trivia_qa,llama-3.1-8b-instruct,trivia_qa_validation_09625,1,0.64645,3
trivia_qa,llama-3.1-8b-instruct,trivia_qa_validation_06659,0,0.602121,2
trivia_qa,llama-3.1-8b-instruct,trivia_qa_validation_08319,0,0.625495,2
trivia_qa,llama-3.1-8b-instruct,trivia_qa_validation_13636,1,0.659684,3
trivia_qa,llama-3.1-8b-instruct,trivia_qa_validation_07588,1,0.602587,3
trivia_qa,llama-3.1-8b-instruct,trivia_qa_validation_00382,0,0.653855,3
trivia_qa,llama-3.1-8b-instruct,trivia_qa_validation_06409,0,0.637418,2
trivia_qa,llama-3.1-8b-instruct,trivia_qa_validation_08139,1,0.653397,3
trivia_qa,llama-3.1-8b-instruct,trivia_qa_validation_16555,1,0.610519,5
trivia_qa,llama-3.1-8b-instruct,trivia_qa_validation_08816,1,0.633,3
trivia_qa,llama-3.1-8b-instruct,trivia_qa_validation_01660,1,0.619153,5
trivia_qa,llama-3.1-8b-instruct,trivia_qa_validation_06551,1,0.540647,5
trivia_qa,llama-3.1-8b-instruct,trivia_qa_validation_11168,1,0.653548,3
trivia_qa,llama-3.1-8b-instruct,trivia_qa_validation_08325,1,0.554133,4
trivia_qa,llama-3.1-8b-instruct,trivia_qa_validation_02824,1,0.607962,3
trivia_qa,llama-3.1-8b-instruct,trivia_qa_validation_08656,1,0.650659,2
trivia_qa,llama-3.1-8b-instruct,trivia_qa_validation_10866,1,0.647028,2
trivia_qa,llama-3.1-8b-instruct,trivia_qa_validation_05539,0,0.634514,5
trivia_qa,llama-3.1-8b-instruct,trivia_qa_validation_09236,1,0.661249,1
trivia_qa,llama-3.1-8b-instruct,trivia_qa_validation_10550,1,0.670196,3
trivia_qa,llama-3.1-8b-instruct,trivia_qa_validation_14475,1,0.59359,4
trivia_qa,llama-3.1-8b-instruct,trivia_qa_validation_03911,0,0.661662,2
trivia_qa,llama-3.1-8b-instruct,trivia_qa_validation_07510,0,0.490172,1
trivia_qa,llama-3.1-8b-instruct,trivia_qa_validation_11128,0,0.647221,4
trivia_qa,llama-3.1-8b-instruct,trivia_qa_validation_05526,0,0.586315,4
trivia_qa,llama-3.1-8b-instruct,trivia_qa_validation_16310,1,0.651275,2
trivia_qa,llama-3.1-8b-instruct,trivia_qa_validation_17912,1,0.661832,4
trivia_qa,llama-3.1-8b-instruct,trivia_qa_validation_03045,1,0.658282,3
trivia_qa,llama-3.1-8b-instruct,trivia_qa_validation_16448,1,0.449834,2
trivia_qa,llama-3.1-8b-instruct,trivia_qa_validation_03998,0,0.670633,2
trivia_qa,llama-3.1-8b-instruct,trivia_qa_validation_08162,1,0.660288,1
trivia_qa,llama-3.1-8b-instruct,trivia_qa_validation_06827,1,0.638086,4
trivia_qa,llama-3.1-8b-instruct,trivia_qa_validation_01305,0,0.665183,4
trivia_qa,llama-3.1-8b-instruct,trivia_qa_validation_09774,1,0.656354,1
trivia_qa,llama-3.1-8b-instruct,trivia_qa_validation_14858,1,0.660036,5
trivia_qa,llama-3.1-8b-instruct,trivia_qa_validation_15970,1,0.607353,5
trivia_qa,llama-3.1-8b-instruct,trivia_qa_validation_09881,1,0.690578,1
trivia_qa,llama-3.1-8b-instruct,trivia_qa_validation_01887,0,0.642313,2
trivia_qa,llama-3.1-8b-instruct,trivia_qa_validation_03596,1,0.621049,5
trivia_qa,llama-3.1-8b-instruct,trivia_qa_validation_04736,1,0.637826,1
trivia_qa,llama-3.1-8b-instruct,trivia_qa_validation_06297,1,0.661595,2
trivia_qa,llama-3.1-8b-instruct,trivia_qa_validation_03237,0,0.653234,5
trivia_qa,llama-3.1-8b-instruct,trivia_qa_validation_08293,0,0.64145,1
trivia_qa,llama-3.1-8b-instruct,trivia_qa_validation_03167,1,0.597001,1
trivia_qa,llama-3.1-8b-instruct,trivia_qa_validation_07979,1,0.646692,5
trivia_qa,llama-3.1-8b-instruct,trivia_qa_validation_04874,1,0.654545,3
trivia_qa,llama-3.1-8b-instruct,trivia_qa_validation_05256,1,0.642661,5
trivia_qa,llama-3.1-8b-instruct,trivia_qa_validation_16478,0,0.664364,4
trivia_qa,llama-3.1-8b-instruct,trivia_qa_validation_06008,1,0.66201,4
trivia_qa,llama-3.1-8b-instruct,trivia_qa_validation_07853,0,0.68566,5
trivia_qa,llama-3.1-8b-instruct,trivia_qa_validation_01757,1,0.668834,1
trivia_qa,llama-3.1-8b-instruct,trivia_qa_validation_00254,0,0.62944,2
trivia_qa,llama-3.1-8b-instruct,trivia_qa_validation_09503,1,0.631388,4
trivia_qa,llama-3.1-8b-instruct,trivia_qa_validation_08256,0,0.669232,2
trivia_qa,llama-3.1-8b-instruct,trivia_qa_validation_00165,0,0.656734,5
trivia_qa,llama-3.1-8b-instruct,trivia_qa_validation_14833,1,0.575698,5
trivia_qa,llama-3.1-8b-instruct,trivia_qa_validation_11739,1,0.677682,1
trivia_qa,llama-3.1-8b-instruct,trivia_qa_validation_14837,1,0.664601,4
trivia_qa,llama-3.1-8b-instruct,trivia_qa_validation_13216,1,0.648497,3
trivia_qa,llama-3.1-8b-instruct,trivia_qa_validation_10282,1,0.64767,3
trivia_qa,llama-3.1-8b-instruct,trivia_qa_validation_05089,1,0.673885,1
trivia_qa,llama-3.1-8b-instruct,trivia_qa_validation_06908,0,0.647919,1
trivia_qa,llama-3.1-8b-instruct,trivia_qa_validation_15553,1,0.662375,4
trivia_qa,llama-3.1-8b-instruct,trivia_qa_validation_07316,1,0.645878,1
trivia_qa,llama-3.1-8b-instruct,trivia_qa_validation_03888,1,0.652808,4
trivia_qa,llama-3.1-8b-instruct,trivia_qa_validation_12738,0,0.652636,3
trivia_qa,llama-3.1-8b-instruct,trivia_qa_validation_03099,0,0.633734,5
trivia_qa,llama-3.1-8b-instruct,trivia_qa_validation_15150,0,0.646821,1
trivia_qa,llama-3.1-8b-instruct,trivia_qa_validation_04194,1,0.653805,3
trivia_qa,llama-3.1-8b-instruct,trivia_qa_validation_00552,1,0.66791,2
trivia_qa,llama-3.1-8b-instruct,trivia_qa_validation_02570,1,0.631237,4
trivia_qa,llama-3.1-8b-instruct,trivia_qa_validation_07163,1,0.665091,5
trivia_qa,llama-3.1-8b-instruct,trivia_qa_validation_06215,0,0.666108,4
trivia_qa,llama-3.1-8b-instruct,trivia_qa_validation_11403,1,0.673344,2
trivia_qa,llama-3.1-8b-instruct,trivia_qa_validation_01583,1,0.670758,3
trivia_qa,llama-3.1-8b-instruct,trivia_qa_validation_07236,0,0.653851,4
trivia_qa,llama-3.1-8b-instruct,trivia_qa_validation_02307,1,0.672883,5
trivia_qa,llama-3.1-8b-instruct,trivia_qa_validation_17862,1,0.601629,4
trivia_qa,llama-3.1-8b-instruct,trivia_qa_validation_14532,0,0.636435,3
trivia_qa,llama-3.1-8b-instruct,trivia_qa_validation_15759,0,0.634949,3
trivia_qa,llama-3.1-8b-instruct,trivia_qa_validation_03231,1,0.592671,3
trivia_qa,llama-3.1-8b-instruct,trivia_qa_validation_08321,1,0.594455,1
trivia_qa,llama-3.1-8b-instruct,trivia_qa_validation_11548,0,0.507248,2
trivia_qa,llama-3.1-8b-instruct,trivia_qa_validation_05774,0,0.644012,1
trivia_qa,llama-3.1-8b-instruct,trivia_qa_validation_11957,1,0.633038,4
trivia_qa,llama-3.1-8b-instruct,trivia_qa_validation_08244,1,0.661738,1
trivia_qa,llama-3.1-8b-instruct,trivia_qa_validation_05419,1,0.68361,5
trivia_qa,llama-3.1-8b-instruct,trivia_qa_validation_14522,1,0.629968,2
trivia_qa,llama-3.1-8b-instruct,trivia_qa_validation_02106,0,0.41802,2
trivia_qa,llama-3.1-8b-instruct,trivia_qa_validation_12553,1,0.645485,5
trivia_qa,llama-3.1-8b-instruct,trivia_qa_validation_15063,1,0.64944,2
trivia_qa,llama-3.1-8b-instruct,trivia_qa_validation_14942,1,0.636184,5
trivia_qa,llama-3.1-8b-instruct,trivia_qa_validation_09813,0,0.589077,3
trivia_qa,llama-3.1-8b-instruct,trivia_qa_validation_06729,1,0.658812,5
trivia_qa,llama-3.1-8b-instruct,trivia_qa_validation_04822,0,0.662467,4
trivia_qa,llama-3.1-8b-instruct,trivia_qa_validation_02890,1,0.586674,2
trivia_qa,llama-3.1-8b-instruct,trivia_qa_validation_13779,1,0.651781,2
trivia_qa,llama-3.1-8b-instruct,trivia_qa_validation_08187,0,0.586358,4
trivia_qa,llama-3.1-8b-instruct,trivia_qa_validation_14359,1,0.659991,1
trivia_qa,llama-3.1-8b-instruct,trivia_qa_validation_01700,1,0.64371,1
trivia_qa,llama-3.1-8b-instruct,trivia_qa_validation_03362,1,0.451191,4
trivia_qa,llama-3.1-8b-instruct,trivia_qa_validation_04721,0,0.654617,3
trivia_qa,llama-3.1-8b-instruct,trivia_qa_validation_06978,1,0.609668,3
trivia_qa,llama-3.1-8b-instruct,trivia_qa_validation_16241,1,0.58938,3
trivia_qa,llama-3.1-8b-instruct,trivia_qa_validation_17918,0,0.510316,5
trivia_qa,llama-3.1-8b-instruct,trivia_qa_validation_15357,1,0.640098,1
trivia_qa,llama-3.1-8b-instruct,trivia_qa_validation_05019,0,0.578531,5
trivia_qa,llama-3.1-8b-instruct,trivia_qa_validation_06211,1,0.639779,4
trivia_qa,llama-3.1-8b-instruct,trivia_qa_validation_11926,1,0.667216,5
trivia_qa,llama-3.1-8b-instruct,trivia_qa_validation_03640,1,0.651778,2
trivia_qa,llama-3.1-8b-instruct,trivia_qa_validation_03927,1,0.665397,3
trivia_qa,llama-3.1-8b-instruct,trivia_qa_validation_14928,0,0.53136,4
trivia_qa,llama-3.1-8b-instruct,trivia_qa_validation_09497,1,0.658429,5
trivia_qa,llama-3.1-8b-instruct,trivia_qa_validation_02033,0,0.560616,2
trivia_qa,llama-3.1-8b-instruct,trivia_qa_validation_03233,1,0.672523,2
trivia_qa,llama-3.1-8b-instruct,trivia_qa_validation_10014,1,0.619721,4
trivia_qa,llama-3.1-8b-instruct,trivia_qa_validation_15187,1,0.608444,3
trivia_qa,llama-3.1-8b-instruct,trivia_qa_validation_08965,1,0.653649,5
trivia_qa,llama-3.1-8b-instruct,trivia_qa_validation_05066,1,0.633471,4
trivia_qa,llama-3.1-8b-instruct,trivia_qa_validation_12559,0,0.637861,2
trivia_qa,llama-3.1-8b-instruct,trivia_qa_validation_06603,1,0.648563,3
trivia_qa,llama-3.1-8b-instruct,trivia_qa_validation_08453,0,0.624626,4
trivia_qa,llama-3.1-8b-instruct,trivia_qa_validation_14931,0,0.572956,2
trivia_qa,llama-3.1-8b-instruct,trivia_qa_validation_15106,1,0.664808,4
trivia_qa,llama-3.1-8b-instruct,trivia_qa_validation_08675,1,0.576374,2
trivia_qa,llama-3.1-8b-instruct,trivia_qa_validation_10591,1,0.644615,2
trivia_qa,llama-3.1-8b-instruct,trivia_qa_validation_03936,1,0.660358,2
trivia_qa,llama-3.1-8b-instruct,trivia_qa_validation_11173,1,0.664848,4
trivia_qa,llama-3.1-8b-instruct,trivia_qa_validation_00846,1,0.648092,1
trivia_qa,llama-3.1-8b-instruct,trivia_qa_validation_03873,0,0.616843,2
trivia_qa,llama-3.1-8b-instruct,trivia_qa_validation_03973,0,0.615446,5
trivia_qa,llama-3.1-8b-instruct,trivia_qa_validation_05687,0,0.587252,2
trivia_qa,llama-3.1-8b-instruct,trivia_qa_validation_09848,1,0.651213,4
trivia_qa,llama-3.1-8b-instruct,trivia_qa_validation_14907,0,0.659153,5
trivia_qa,llama-3.1-8b-instruct,trivia_qa_validation_08421,1,0.642122,1
trivia_qa,llama-3.1-8b-instruct,trivia_qa_validation_11989,1,0.671036,5
trivia_qa,llama-3.1-8b-instruct,trivia_qa_validation_07038,0,0.628866,2
trivia_qa,llama-3.1-8b-instruct,trivia_qa_validation_03319,1,0.663483,4
trivia_qa,llama-3.1-8b-instruct,trivia_qa_validation_02548,0,0.663796,4
trivia_qa,llama-3.1-8b-instruct,trivia_qa_validation_04261,0,0.65562,1
trivia_qa,llama-3.1-8b-instruct,trivia_qa_validation_10175,1,0.609425,3
trivia_qa,llama-3.1-8b-instruct,trivia_qa_validation_14853,1,0.657799,5
trivia_qa,llama-3.1-8b-instruct,trivia_qa_validation_07931,0,0.543806,4
trivia_qa,llama-3.1-8b-instruct,trivia_qa_validation_09718,0,0.658603,5
trivia_qa,llama-3.1-8b-instruct,trivia_qa_validation_13456,1,0.672852,2
trivia_qa,llama-3.1-8b-instruct,trivia_qa_validation_09330,0,0.659619,2
trivia_qa,llama-3.1-8b-instruct,trivia_qa_validation_07136,0,0.615781,1
trivia_qa,llama-3.1-8b-instruct,trivia_qa_validation_12564,0,0.63464,5
trivia_qa,llama-3.1-8b-instruct,trivia_qa_validation_02672,0,0.595068,1
trivia_qa,llama-3.1-8b-instruct,trivia_qa_validation_01604,1,0.658824,5
trivia_qa,llama-3.1-8b-instruct,trivia_qa_validation_07684,1,0.566691,1
trivia_qa,llama-3.1-8b-instruct,trivia_qa_validation_01782,1,0.660735,2
trivia_qa,llama-3.1-8b-instruct,trivia_qa_validation_17582,1,0.629589,1
trivia_qa,llama-3.1-8b-instruct,trivia_qa_validation_16071,0,0.659918,1
trivia_qa,llama-3.1-8b-instruct,trivia_qa_validation_06312,1,0.643175,2
trivia_qa,llama-3.1-8b-instruct,trivia_qa_validation_13979,1,0.636107,3
trivia_qa,llama-3.1-8b-instruct,trivia_qa_validation_13336,1,0.600901,4
trivia_qa,llama-3.1-8b-instruct,trivia_qa_validation_08509,1,0.625694,5
trivia_qa,llama-3.1-8b-instruct,trivia_qa_validation_13845,1,0.492224,1
trivia_qa,llama-3.1-8b-instruct,trivia_qa_validation_13351,0,0.573921,3
