question_id,model,dataset,gold_answer,greedy_choice,correct,in_all_clean,greedy_truncated,n_samples_clean,n_samples_with_letter,trace_length,hedging_formal,hedging_reasoning,hedging_combined,connector_density,rep_3,rep_4,rep_5,trace_divergence,answer_semantic_entropy,p_true,verbalized_confidence
medqa_test_00990,qwen3-4b-nothink,medqa,E,C,False,True,False,10,10,487.7,0.013334193194122537,0.0,0.013334193194122537,0.0,0.02429956786871631,0.009169278653543545,0.00326569664869123,0.08234422653913498,0.0,0.9999999999740539,1.0
medqa_test_00202,qwen3-4b-nothink,medqa,D,C,False,True,False,10,10,432.4,0.022350207098216366,0.0,0.022350207098216366,0.000531419376693767,0.036460506232242215,0.011042847487412943,0.0029440784658176012,0.08143756538629532,1.0,1.0,0.95
medqa_test_01258,qwen3-4b-nothink,medqa,A,A,True,True,False,10,10,600.7,0.02058224994551746,0.00027662517289073305,0.020858875118408192,0.0006724296696195766,0.05283091878758761,0.026670344377601306,0.014143776907736083,0.1041361391544342,1.1567796494470395,1.0,0.95
medqa_test_00277,qwen3-4b-nothink,medqa,D,D,True,True,False,10,10,634.7,0.010425166416000223,0.0,0.010425166416000223,0.0,0.04910243302263352,0.022427022267018835,0.011928021400011025,0.08683815598487854,0.0,0.005911068856243795,1.0
medqa_test_00427,qwen3-4b-nothink,medqa,B,B,True,True,False,10,10,428.1,0.006834745244106141,0.0,0.006834745244106141,0.0026493994172437194,0.08396871520288274,0.04813842124311805,0.02624980303927633,0.10096987336874008,0.0,0.0,1.0
medqa_test_00015,qwen3-4b-nothink,medqa,B,E,False,True,False,10,10,591.2,0.020510038997240274,0.0,0.020510038997240274,0.00304658855084766,0.07254964982913083,0.04057803701029187,0.022496182976842992,0.05086592957377434,0.4689955935892812,0.9999999998973812,0.95
medqa_test_01202,qwen3-4b-nothink,medqa,A,A,True,True,False,10,10,385.8,0.01087166489010968,0.0,0.01087166489010968,0.0033552640117753183,0.01427608153927582,0.0037608546035067135,0.0007968127490039833,0.03995302692055702,0.0,0.9999999997210531,1.0
medqa_test_01027,qwen3-4b-nothink,medqa,B,B,True,True,False,10,10,262.5,0.000877209857068657,0.0,0.000877209857068657,0.001277930339175527,0.056177654948619205,0.016394633148259764,0.0018599514405833295,0.035496700555086136,0.0,5.109089028014746e-12,1.0
medqa_test_00827,qwen3-4b-nothink,medqa,B,B,True,True,False,10,10,616.2,0.011730890480092012,0.0,0.011730890480092012,0.001288260201183348,0.04085547589879072,0.01829303296076975,0.008932190473402778,0.07172044366598129,0.0,1.0,0.95
medqa_test_00503,qwen3-4b-nothink,medqa,B,B,True,True,False,10,10,528.9,0.01059778941296037,0.0,0.01059778941296037,0.0019908505846017548,0.10694992730161128,0.06307990627262229,0.039250963829474975,0.04269292950630188,1.360964047443681,1.0,1.0
medqa_test_00325,qwen3-4b-nothink,medqa,C,C,True,True,False,10,10,627.0,0.015118545844569306,0.0,0.015118545844569306,0.0,0.045122110439729024,0.02030362066979402,0.009430959848812925,0.06673179566860199,0.0,0.0,1.0
medqa_test_00681,qwen3-4b-nothink,medqa,B,B,True,True,False,10,10,687.0,0.008440933004706611,0.0,0.008440933004706611,0.0008612612530462159,0.04989141996554068,0.019996459044834623,0.010103209828197669,0.06553264707326889,0.0,1.0,0.95
medqa_test_00932,qwen3-4b-nothink,medqa,E,D,False,True,False,10,10,555.3,0.017333364091681302,0.0,0.017333364091681302,0.00016260162601626016,0.03897510172527587,0.018619978295858687,0.00985216955148438,0.0863185003399849,0.9219280948873623,0.0,0.95
medqa_test_00387,qwen3-4b-nothink,medqa,B,B,True,True,False,10,10,527.1,0.01692548212912552,0.0,0.01692548212912552,0.0003728677169396405,0.029088664143413857,0.009756956257447446,0.003052912319364698,0.11384673416614532,0.0,0.9999999999972653,0.95
medqa_test_00235,qwen3-4b-nothink,medqa,B,B,True,True,False,10,10,332.6,0.006593025530398225,0.0,0.006593025530398225,0.005828898989191151,0.08544479505091654,0.048004275260177864,0.03047733813490754,0.04445672407746315,0.0,0.9999999988967438,1.0
medqa_test_00066,qwen3-4b-nothink,medqa,D,D,True,True,False,10,10,480.6,0.01665851884879881,0.0,0.01665851884879881,0.002763288906528132,0.06793319964811032,0.03178154043563637,0.015060099184372889,0.06611104309558868,0.0,0.9999999999983413,0.95
medqa_test_00347,qwen3-4b-nothink,medqa,A,A,True,True,False,10,10,579.7,0.009283937616516306,0.0,0.009283937616516306,0.00037492882183848904,0.04715181350923968,0.02222199021049116,0.010224408061540647,0.06662606447935104,0.4689955935892812,0.9999038975632867,0.95
medqa_test_00442,qwen3-4b-nothink,medqa,C,B,False,True,False,10,10,357.0,0.01187798126491586,0.0,0.01187798126491586,0.00026041666666666666,0.04772753210315409,0.020459886222598356,0.010606739993160285,0.11227135360240936,1.3709505944546687,1.0,1.0
medqa_test_01121,qwen3-4b-nothink,medqa,A,A,True,True,False,10,10,659.6,0.013468743931300476,0.0,0.013468743931300476,0.00047852416113900825,0.06077638037234302,0.026261231726468603,0.010334739712389452,0.12793348729610443,0.0,0.0,0.95
medqa_test_00376,qwen3-4b-nothink,medqa,D,D,True,True,False,10,10,643.0,0.018528059907405338,0.0002734731084776664,0.018801533015883005,9.115770282588879e-05,0.044007109510685004,0.02164647877535215,0.013225133074279605,0.1431436985731125,0.9709505944546686,0.9999984465276355,0.95
medqa_test_00035,qwen3-4b-nothink,medqa,A,A,True,True,False,10,10,497.1,0.015891405648034394,0.0,0.015891405648034394,0.00033422609083807607,0.04040473690393999,0.01951386884609412,0.011049748623495581,0.06585241854190826,0.0,0.9999999907625537,0.95
medqa_test_00332,qwen3-4b-nothink,medqa,D,D,True,True,False,10,10,699.6,0.006038256866827588,0.0,0.006038256866827588,0.0006971441941802629,0.047101828944925025,0.01927423073244324,0.007916607265441777,0.05599183961749077,0.0,0.9999999996418253,0.95
medqa_test_00400,qwen3-4b-nothink,medqa,B,B,True,True,False,10,10,630.4,0.0188005231830101,0.0,0.0188005231830101,0.0011904711174649278,0.039634693940759136,0.01763984485586927,0.009356717416260318,0.15253806114196777,0.8812908992306927,6.825604516789551e-08,0.95
medqa_test_01145,qwen3-4b-nothink,medqa,A,A,True,True,False,10,10,504.7,0.020438794942260186,0.0,0.020438794942260186,0.0,0.040747276664166596,0.016492621139421494,0.007830981465349617,0.06960636377334595,0.0,0.9999999994094698,0.95
medqa_test_00975,qwen3-4b-nothink,medqa,C,C,True,True,False,10,10,324.3,0.011203338338664593,0.0006172487255573309,0.011820587064221923,0.0,0.041083887503111524,0.017478416270048158,0.010743131105447478,0.08225665986537933,0.0,1.0,1.0
medqa_test_00950,qwen3-4b-nothink,medqa,A,A,True,True,False,10,10,435.5,0.0064781900820821674,0.0002320185614849188,0.006710208643567086,0.0010805358851159754,0.09598909653239225,0.04987437647223629,0.027687180566145754,0.07517261058092117,1.0,0.9999999999877439,0.95
medqa_test_00825,qwen3-4b-nothink,medqa,D,C,False,True,False,10,10,668.6,0.0209629576413501,0.0,0.0209629576413501,0.000532958860640944,0.0672363639084374,0.03158347029412038,0.017307734454570522,0.0842040628194809,0.0,1.0,0.95
medqa_test_01030,qwen3-4b-nothink,medqa,A,C,False,False,True,10,10,917.8,0.0193120161765295,0.0021203911339341135,0.02143240731046361,0.0005723186345795112,0.16738312834298436,0.11903548171454825,0.09154124429385509,0.09917272627353668,0.0,1.0,0.7
medqa_test_00845,qwen3-4b-nothink,medqa,A,A,True,True,False,10,10,537.4,0.010210495318515303,0.0,0.010210495318515303,0.003196786417652393,0.05891786760378774,0.028082103371045296,0.01576982443689765,0.0834694653749466,0.0,0.9999999998682347,1.0
medqa_test_00802,qwen3-4b-nothink,medqa,E,B,False,True,False,10,10,400.3,0.009953731698798271,0.0,0.009953731698798271,0.00025974025974025974,0.13538037102294634,0.07747502982087082,0.044923150679006416,0.045571327209472656,1.4854752972273344,5.043472271715175e-07,1.0
medqa_test_00650,qwen3-4b-nothink,medqa,C,C,True,True,False,10,10,569.8,0.011869552516271097,0.00021231422505307856,0.012081866741324176,0.0007583013448076957,0.09957514987038939,0.06334485486952374,0.04088792406024518,0.044303856790065765,0.0,1.0,1.0
medqa_test_00540,qwen3-4b-nothink,medqa,E,D,False,True,False,10,10,607.0,0.015923732559079275,0.0,0.015923732559079275,0.0004744958481613286,0.069560776321945,0.03649233261734693,0.022774634159807117,0.08066760003566742,0.4689955935892812,1.0,0.95
medqa_test_00796,qwen3-4b-nothink,medqa,D,D,True,True,False,10,10,411.7,0.016912776977412475,0.0,0.016912776977412475,0.0024914801024076777,0.08430671616590173,0.059062502598488074,0.04331179973143875,0.09134913235902786,0.4689955935892812,1.0,1.0
medqa_test_00715,qwen3-4b-nothink,medqa,B,C,False,False,True,10,10,426.1,0.012701612020036262,0.0,0.012701612020036262,0.0002898550724637681,0.0790760539945664,0.041419061414698255,0.020754157536625194,0.0716952309012413,0.8812908992306927,1.0,1.0
medqa_test_00002,qwen3-4b-nothink,medqa,C,C,True,True,False,10,10,768.3,0.009452612341050473,0.0,0.009452612341050473,0.0,0.049167629748671574,0.028571261646414402,0.01893863558950687,0.08997992426156998,0.0,0.9999898700056983,0.95
medqa_test_00395,qwen3-4b-nothink,medqa,C,C,True,True,False,10,10,597.2,0.005691329519434324,0.0,0.005691329519434324,0.0003240327777618853,0.03227152174982698,0.01243688419767287,0.004331797822328365,0.07144765555858612,0.0,3.46632696007777e-07,0.95
medqa_test_00464,qwen3-4b-nothink,medqa,C,C,True,True,False,10,10,528.0,0.012938975407487957,0.0,0.012938975407487957,0.0002770083102493075,0.036631155496211085,0.013216078190888237,0.004070624823942515,0.08837684243917465,0.4689955935892812,0.9999999995941347,0.95
medqa_test_00331,qwen3-4b-nothink,medqa,B,B,True,True,False,10,10,647.4,0.01053005178724169,0.0,0.01053005178724169,0.0009026954647960326,0.03832809098279728,0.010413570811813178,0.0035254150637359814,0.08961890637874603,0.0,1.0,1.0
medqa_test_00959,qwen3-4b-nothink,medqa,B,B,True,True,False,10,10,530.8,0.02240038428608329,0.0,0.02240038428608329,0.0,0.0786549334541452,0.04180665348373859,0.025987993087370254,0.05414148047566414,0.0,0.9999999976644071,0.95
medqa_test_00761,qwen3-4b-nothink,medqa,E,C,False,True,False,10,10,761.7,0.018938665780741985,0.0,0.018938665780741985,0.0009832992713079032,0.04459641402738078,0.02076180093031913,0.011514528589123985,0.10884285718202591,1.5709505944546684,0.9999999468421502,0.95
medqa_test_00454,qwen3-4b-nothink,medqa,E,A,False,True,False,10,10,452.0,0.010748066987437042,0.0,0.010748066987437042,0.003187410907556678,0.04702083184599759,0.021356373568087006,0.009443050763440842,0.09229334443807602,1.5219280948873621,0.9999999999094393,0.95
medqa_test_00107,qwen3-4b-nothink,medqa,A,A,True,True,False,10,10,632.7,0.008374041044550726,0.0,0.008374041044550726,0.002548827901990297,0.04744455874227636,0.021494749562052794,0.011441010848967748,0.10644170641899109,0.8812908992306927,0.9999999999998939,1.0
medqa_test_00920,qwen3-4b-nothink,medqa,A,A,True,True,False,10,10,603.0,0.011879118664489093,0.0,0.011879118664489093,0.0007449550075112294,0.04146420158927165,0.01920919885214325,0.011173990477509466,0.06906440109014511,0.0,0.0,0.95
medqa_test_00528,qwen3-4b-nothink,medqa,D,A,False,True,False,10,10,608.4,0.006722614580434512,0.0,0.006722614580434512,0.000729270385015002,0.02752999158331467,0.01048022414384927,0.00411875086732304,0.17126059532165527,1.295461844238322,0.999999999594135,0.6
medqa_test_01166,qwen3-4b-nothink,medqa,D,D,True,True,False,10,10,509.5,0.0075260057193248684,0.0,0.0075260057193248684,0.000357386672874792,0.040508274094781124,0.015141146568237385,0.006659969729656268,0.054459407925605774,0.0,0.9999999999948909,0.95
medqa_test_00187,qwen3-4b-nothink,medqa,B,B,True,True,False,10,10,431.5,0.003164947052744247,0.0,0.003164947052744247,0.0,0.05127012232258216,0.02935139279541681,0.017573142209136094,0.048690252006053925,0.0,0.0,1.0
medqa_test_00823,qwen3-4b-nothink,medqa,D,E,False,False,False,9,10,915.9,0.005730339787641163,4.894762604013706e-05,0.0057792874136813,0.0008007582509361084,0.16001857554612858,0.12418270434735343,0.10435781259102597,0.08329527825117111,1.3709505944546687,1.0,1.0
medqa_test_00997,qwen3-4b-nothink,medqa,E,E,True,True,False,10,10,638.4,0.007669877893432433,0.0,0.007669877893432433,0.0010341055687940431,0.052993304159683785,0.02911280984624377,0.019050185680400643,0.09985260665416718,0.0,0.999999999868235,1.0
medqa_test_00371,qwen3-4b-nothink,medqa,A,B,False,True,False,10,10,687.7,0.008574179417440347,0.0,0.008574179417440347,0.0007004127320991889,0.0473478982175751,0.022226827624183865,0.0122509306248064,0.09220197796821594,0.7219280948873623,0.9999999998308102,0.95
medqa_test_01142,qwen3-4b-nothink,medqa,A,B,False,True,False,10,10,519.3,0.009482095217837976,0.0,0.009482095217837976,0.0035210084303614656,0.04473624834016955,0.019545846942504073,0.01019280725062428,0.07482708245515823,0.4689955935892812,0.9999999317439628,0.95
medqa_test_00586,qwen3-4b-nothink,medqa,B,B,True,True,False,10,10,485.0,0.014249120499230262,0.0,0.014249120499230262,0.0,0.037799778545506445,0.015609190372766434,0.007489232359648446,0.1259925663471222,0.7219280948873623,0.9999999123575151,1.0
medqa_test_00195,qwen3-4b-nothink,medqa,C,C,True,True,False,10,10,482.7,0.025359699304903994,0.0,0.025359699304903994,0.0026786805927126,0.06476302642443574,0.02674002653797144,0.013359723674883228,0.03925762698054314,0.0,0.999999999986112,1.0
medqa_test_01155,qwen3-4b-nothink,medqa,E,E,True,True,False,10,10,430.3,0.011319424017829876,0.0,0.011319424017829876,0.00024937655860349125,0.12597649860714358,0.08675445047312755,0.058937384704256045,0.10167894512414932,0.4689955935892812,0.9999996072140336,1.0
medqa_test_00536,qwen3-4b-nothink,medqa,E,E,True,True,False,10,10,683.6,0.015679961114580237,0.0,0.015679961114580237,0.0012134116182312194,0.051911843512692936,0.025876679439478488,0.01462120592768722,0.1154608279466629,1.3709505944546687,0.0,1.0
medqa_test_00510,qwen3-4b-nothink,medqa,A,A,True,True,False,10,10,559.7,0.024025219942500686,0.0,0.024025219942500686,0.0015199682018542386,0.05237786627633362,0.0207747069201654,0.007945534682202405,0.0729675367474556,0.0,0.9999999468421502,1.0
medqa_test_00976,qwen3-4b-nothink,medqa,E,E,True,True,False,10,10,476.1,0.011501162590614494,0.0,0.011501162590614494,0.0020043538870720555,0.041018063726244745,0.019129583620034685,0.009389632249025382,0.08069274574518204,0.7219280948873623,1.0,1.0
medqa_test_01050,qwen3-4b-nothink,medqa,D,D,True,True,False,10,10,586.1,0.012839307847615885,0.0,0.012839307847615885,0.0031587120603743255,0.06069687577029498,0.03250616523709919,0.021073036262148726,0.07046899199485779,0.4689955935892812,1.0,1.0
medqa_test_00742,qwen3-4b-nothink,medqa,B,E,False,True,False,10,10,495.4,0.007015888055941585,0.0,0.007015888055941585,0.0,0.06423647367662508,0.03478601111609173,0.020954369779001815,0.08617017418146133,0.0,1.0,1.0
medqa_test_01263,qwen3-4b-nothink,medqa,A,D,False,True,False,10,10,557.3,0.01698788222708377,0.0,0.01698788222708377,0.0001834862385321101,0.03395877077733515,0.017365742581390554,0.008751092808391347,0.07523363083600998,0.0,0.9999980052702198,0.95
medqa_test_00631,qwen3-4b-nothink,medqa,B,B,True,True,False,10,10,656.3,0.005816307673245658,0.0,0.005816307673245658,0.0002758751361849273,0.022813234472057176,0.006800079572599915,0.002305061337611769,0.08399049937725067,0.0,0.0,1.0
medqa_test_01157,qwen3-4b-nothink,medqa,E,E,True,True,False,10,10,681.5,0.009085286267723047,0.0,0.009085286267723047,0.0006998809444418147,0.0423639814450007,0.01726859693004996,0.0051731444445322515,0.09719821810722351,0.0,0.9999999999842629,0.95
medqa_test_00473,qwen3-4b-nothink,medqa,D,D,True,True,False,10,10,536.7,0.01814536497032295,0.0,0.01814536497032295,0.0,0.0663805337441845,0.03350978258492092,0.019597655899812404,0.07449568808078766,0.0,0.9999999999821676,1.0
medqa_test_00812,qwen3-4b-nothink,medqa,E,E,True,True,False,10,10,711.1,0.016928382062449475,0.0,0.016928382062449475,0.0014445979804303059,0.04842384317653479,0.022063569528497074,0.012614475209283837,0.07737067341804504,0.0,0.999999999808283,0.95
medqa_test_00299,qwen3-4b-nothink,medqa,B,B,True,True,False,10,10,330.4,0.0029974384824403067,0.0,0.0029974384824403067,0.008775397884689324,0.05492793542132966,0.02109894286266556,0.007678913959505184,0.07435374706983566,0.0,0.9999938558224682,1.0
medqa_test_00717,qwen3-4b-nothink,medqa,B,C,False,True,False,10,10,935.4,0.012167572327617516,0.0,0.012167572327617516,0.00021941458168682178,0.06151700705685394,0.02974783598824423,0.014355711427721385,0.10061675310134888,0.8812908992306927,0.9999999996418251,0.95
medqa_test_00850,qwen3-4b-nothink,medqa,C,B,False,True,False,10,10,544.1,0.010022839316680573,0.0,0.010022839316680573,0.0001371742112482853,0.04113665380399495,0.022079552785184177,0.012170959465766195,0.09270549565553665,0.9219280948873623,0.000158436235999528,0.95
medqa_test_00049,qwen3-4b-nothink,medqa,D,D,True,True,False,10,10,442.0,0.0034329409806700046,0.0,0.0034329409806700046,0.00020283975659229209,0.05941839681212585,0.028343149085487084,0.014302601125945258,0.08419108390808105,0.8812908992306927,0.9999999966017294,1.0
medqa_test_00793,qwen3-4b-nothink,medqa,B,E,False,True,False,10,10,493.2,0.01578304056773846,0.0,0.01578304056773846,0.0006224263376460486,0.040368420934286595,0.016182711878663956,0.00824219736598455,0.10361061990261078,0.8812908992306927,1.0,0.95
medqa_test_00100,qwen3-4b-nothink,medqa,E,E,True,True,False,10,10,872.7,0.010719607030534355,0.0,0.010719607030534355,0.004655695238847065,0.05591820214057484,0.023734889517503042,0.009659167810533598,0.06209881976246834,0.7219280948873623,7.913111884788425e-12,0.95
medqa_test_00662,qwen3-4b-nothink,medqa,E,E,True,True,False,10,10,593.9,0.012823550659793154,0.0,0.012823550659793154,0.0,0.04689673961941073,0.022219837616124127,0.010890783743223142,0.10147328674793243,0.0,1.0,0.95
medqa_test_00665,qwen3-4b-nothink,medqa,C,,,False,True,10,10,583.9,0.006155097854997724,0.0005319148936170213,0.006687012748614746,0.0008467347143288976,0.12003786802749247,0.07442822901204312,0.04685831004384783,0.11612478643655777,0.4689955935892812,0.999999999868235,0.95
medqa_test_01254,qwen3-4b-nothink,medqa,B,B,True,True,False,10,10,534.8,0.020735578829699973,0.0,0.020735578829699973,0.0,0.036274588132272564,0.011698590666442443,0.004605710060034995,0.060158178210258484,0.9709505944546686,1.139991853041909e-12,0.95
medqa_test_01150,qwen3-4b-nothink,medqa,A,C,False,True,False,10,10,545.1,0.01374179352032913,0.0,0.01374179352032913,0.0011127001026326948,0.02792494789677751,0.010821538328907521,0.004552315237175542,0.1008313000202179,1.0,0.9999999998308103,0.95
medqa_test_00044,qwen3-4b-nothink,medqa,B,C,False,True,False,10,10,635.3,0.02416958503632962,0.0,0.02416958503632962,0.0,0.04966687097243634,0.025526856003856756,0.014711996994225629,0.09921874105930328,1.8464393446710154,0.0,0.95
medqa_test_00289,qwen3-4b-nothink,medqa,D,D,True,True,False,10,10,609.0,0.0111323164958592,0.00011086474501108647,0.011243181240870287,0.0,0.0628473055131336,0.02628098248554044,0.013650729289318908,0.07095970213413239,0.4689955935892812,1.0,1.0
medqa_test_01201,qwen3-4b-nothink,medqa,D,D,True,True,False,10,10,801.4,0.0210774882858856,0.0,0.0210774882858856,0.0007547471579217192,0.10570167268256467,0.06183287213061465,0.040025099990560954,0.07876940071582794,0.9709505944546686,0.9999999966017321,0.95
medqa_test_00861,qwen3-4b-nothink,medqa,C,E,False,True,False,10,10,599.5,0.00948140048077729,0.0,0.00948140048077729,0.0011891849137447908,0.04280888086468122,0.024556141138589914,0.013084144350152238,0.0850755125284195,0.0,1.0,1.0
medqa_test_00898,qwen3-4b-nothink,medqa,C,C,True,True,False,10,10,480.4,0.011333466344099504,0.0,0.011333466344099504,0.0014982421373166733,0.06614928408954919,0.03236551127949171,0.017616512730772617,0.06588990986347198,0.0,0.9999999994094699,0.95
medqa_test_00328,qwen3-4b-nothink,medqa,B,B,True,True,False,10,10,595.0,0.011528717437041576,0.0,0.011528717437041576,0.0010284503285484406,0.028117371936494627,0.010319192895219287,0.0033076596906384203,0.07928701490163803,0.0,0.9999986290514413,0.95
medqa_test_01071,qwen3-4b-nothink,medqa,A,A,True,True,False,10,10,610.5,0.01217787658007118,0.0,0.01217787658007118,0.0006168227402537026,0.02980851259795486,0.011194791326461872,0.006123236116126507,0.07662685960531235,0.0,0.9999999956365351,0.95
medqa_test_01032,qwen3-4b-nothink,medqa,C,C,True,True,False,10,10,607.2,0.008645857246423246,0.0,0.008645857246423246,0.0005058292011056666,0.030553076900559483,0.012532298595081459,0.005258051595048263,0.10837725549936295,0.0,0.9999999999987081,0.95
medqa_test_00892,qwen3-4b-nothink,medqa,E,E,True,True,False,10,10,601.1,0.004689640094846203,0.0,0.004689640094846203,0.0006001677021539259,0.032054048817211536,0.012645415602270949,0.006291832315885637,0.10260042548179626,0.0,0.0,1.0
medqa_test_00623,qwen3-4b-nothink,medqa,A,A,True,True,False,10,10,361.8,0.0009627915661416448,0.0,0.0009627915661416448,0.00317743112530833,0.067227829416426,0.027476455487936834,0.015423453064669912,0.05574128404259682,0.0,2.102431895017426e-07,1.0
medqa_test_01173,qwen3-4b-nothink,medqa,A,A,True,True,False,10,10,492.3,0.004638239838177485,0.0,0.004638239838177485,0.0008235774378743324,0.03612621979435883,0.01487956553950115,0.005558532768869029,0.08860668540000916,0.0,0.999569442964212,0.95
medqa_test_00246,qwen3-4b-nothink,medqa,A,B,False,True,False,10,10,418.5,0.012120249449857779,0.0,0.012120249449857779,0.0016636501052438436,0.04537801343976063,0.023807532350853432,0.014073289356260888,0.10917367786169052,1.295461844238322,0.3775406687997279,0.95
medqa_test_00272,qwen3-4b-nothink,medqa,C,C,True,True,False,10,10,455.9,0.006227659967584926,0.0,0.006227659967584926,0.00022988505747126436,0.027646992577406614,0.012180758416038284,0.006470511539281643,0.08433238416910172,0.0,1.0,1.0
medqa_test_00581,qwen3-4b-nothink,medqa,D,B,False,False,False,9,10,1109.9,0.008916332361184344,0.00019583843329253368,0.009112170794476878,0.0011244796214669125,0.14864211483551432,0.115008849807849,0.09743921356816013,0.09669136255979538,0.4689955935892812,3.581747912060869e-10,0.95
medqa_test_00489,qwen3-4b-nothink,medqa,D,D,True,True,False,10,10,538.6,0.001533920079517846,0.00018018018018018018,0.001714100259698026,0.0007010453826400976,0.08799233033424923,0.06270140497086553,0.045888431709403855,0.07176076620817184,0.0,1.0,1.0
medqa_test_01185,qwen3-4b-nothink,medqa,C,C,True,True,False,10,10,526.4,0.009259241235434432,0.0,0.009259241235434432,0.0,0.05220645767977592,0.02481829982894983,0.01117902961793058,0.0649581179022789,0.0,1.0,1.0
medqa_test_01138,qwen3-4b-nothink,medqa,E,A,False,True,False,10,10,735.0,0.011079124196182111,0.0,0.011079124196182111,0.00013386880856760375,0.06666777219558523,0.03664251347422569,0.022451465946024596,0.06752558797597885,1.7609640474436812,0.9999999999572221,0.6
medqa_test_00214,qwen3-4b-nothink,medqa,B,,,False,True,10,10,1003.3,0.015153407234517963,0.000624615633095,0.015778022867612963,0.002509589244059901,0.10044032147147056,0.055807119822280225,0.03356624632409218,0.08660507202148438,1.5219280948873621,1.0,
medqa_test_00848,qwen3-4b-nothink,medqa,C,C,True,True,False,10,10,470.8,0.014457244447551806,0.0,0.014457244447551806,0.0,0.056166553998992994,0.029394515361944217,0.01803932165197534,0.08330395072698593,0.0,0.9999999999705992,1.0
medqa_test_00455,qwen3-4b-nothink,medqa,D,D,True,True,False,10,10,528.7,0.009352841968729405,0.0,0.009352841968729405,0.0024520732134298657,0.08207462965207604,0.039961568928381964,0.019224425878729724,0.09893728792667389,0.0,7.484623531709722e-05,1.0
medqa_test_00835,qwen3-4b-nothink,medqa,C,C,True,True,False,10,10,579.5,0.011176659207571327,0.0,0.011176659207571327,0.0017102227518385343,0.05693844963473883,0.02747106218053914,0.015411066362163394,0.08240572363138199,0.0,0.0,1.0
medqa_test_00078,qwen3-4b-nothink,medqa,D,C,False,True,False,10,10,638.3,0.013111051905764315,0.0,0.013111051905764315,0.00015576323987538941,0.11193401217528773,0.07217642948489147,0.0512975178402865,0.08085103332996368,0.0,1.0,1.0
medqa_test_00860,qwen3-4b-nothink,medqa,D,D,True,True,False,10,10,643.4,0.016582164952196367,0.0,0.016582164952196367,0.0004914704807743623,0.04381066565421795,0.021486379656166732,0.011262406063644325,0.061039410531520844,0.4689955935892812,1.0,0.95
medqa_test_00022,qwen3-4b-nothink,medqa,D,D,True,True,False,10,10,679.9,0.01069793411646123,0.0,0.01069793411646123,0.00045882108497940827,0.05370746800101195,0.026797917170540354,0.015451645611926513,0.08622686564922333,0.0,0.9999999997827558,0.95
medqa_test_00603,qwen3-4b-nothink,medqa,B,B,True,True,False,10,10,474.2,0.028791095722570666,0.0,0.028791095722570666,0.0,0.08444477992018593,0.046113112804696196,0.02959595000953853,0.07184858620166779,0.0,0.9999999999200805,0.95
medqa_test_00356,qwen3-4b-nothink,medqa,A,E,False,True,False,10,10,483.0,0.009016950804740334,0.0,0.009016950804740334,0.0005909295382979594,0.0812405160924386,0.05002288297913517,0.03297596528014031,0.08497880399227142,0.9709505944546686,0.9999999999771025,0.9
medqa_test_01236,qwen3-4b-nothink,medqa,C,B,False,True,False,10,10,841.4,0.009003921149228686,0.0,0.009003921149228686,0.0005157053346018682,0.04794115528165858,0.022096091648116257,0.009645235743487501,0.1049717515707016,1.0,0.9953904277900031,1.0
medqa_test_00185,qwen3-4b-nothink,medqa,D,A,False,True,False,10,9,586.6,0.02354608099581486,0.0001589825119236884,0.02370506350773855,0.0027379388409822128,0.06719796964191994,0.031292259921959706,0.014828293237385826,0.061433643102645874,0.0,0.43782349911416807,1.0
medqa_test_01193,qwen3-4b-nothink,medqa,D,A,False,True,False,10,10,700.8,0.010567939070534885,0.0,0.010567939070534885,0.0026240595604631314,0.07405380349175814,0.03731983337731656,0.020657647628717368,0.08693533390760422,0.0,0.0,1.0
medqa_test_00711,qwen3-4b-nothink,medqa,C,C,True,True,False,10,10,509.8,0.018992047133303155,0.0,0.018992047133303155,0.0011641747229520808,0.06278850968942683,0.03149021899905493,0.019461657529862574,0.057956479489803314,0.0,0.9999999996418253,1.0
medqa_test_00263,qwen3-4b-nothink,medqa,C,C,True,True,False,10,10,613.6,0.0067531048167875085,0.0,0.0067531048167875085,0.00016,0.04989660883063518,0.015197418375505811,0.0058738753101103105,0.04109508544206619,0.0,0.9999999999666845,0.95
medqa_test_00667,qwen3-4b-nothink,medqa,A,A,True,True,False,10,10,424.8,0.0020353605380232296,0.0,0.0020353605380232296,0.0,0.038011604189236436,0.01711440548120422,0.007990535178995829,0.0728568583726883,0.0,1.0,1.0
medqa_test_01187,qwen3-4b-nothink,medqa,B,B,True,True,False,10,10,695.3,0.011098091797882808,0.00044883170659568177,0.011546923504478489,0.0004329004329004329,0.06763574879760406,0.04753042727902199,0.0361064217379224,0.14215092360973358,0.7219280948873623,1.0,0.95
medqa_test_00463,qwen3-4b-nothink,medqa,B,B,True,True,False,10,10,802.4,0.010843202075438162,0.0,0.010843202075438162,0.00047168738367572155,0.0891860769756802,0.05477820431200051,0.03191586773110679,0.056885723024606705,0.8812908992306927,1.0,0.7
medqa_test_00639,qwen3-4b-nothink,medqa,A,E,False,True,False,10,10,684.3,0.0038280723736238325,0.000527323847084082,0.004355396220707915,0.001863578079796269,0.04427385445951084,0.022179825409189093,0.012399365986111055,0.12277401983737946,1.3709505944546687,1.0,0.95
medqa_test_01238,qwen3-4b-nothink,medqa,D,A,False,False,True,10,10,1019.4,0.01878896431479263,0.0,0.01878896431479263,0.0024156371093910687,0.11252970814626714,0.06482720757619567,0.042789160985775045,0.09419301152229309,0.9219280948873623,1.0,0.3
medqa_test_00231,qwen3-4b-nothink,medqa,A,C,False,True,False,10,10,533.1,0.019089882300520562,0.0,0.019089882300520562,0.0005684704695721824,0.051436723600133384,0.024756745494844322,0.013703867379885215,0.06828021258115768,0.8812908992306927,1.0,0.95
medqa_test_00177,qwen3-4b-nothink,medqa,D,B,False,True,False,10,10,614.3,0.012102151549450239,0.0,0.012102151549450239,0.0,0.04305930453317584,0.01860773918877203,0.008048306826281482,0.06786789745092392,0.7219280948873623,1.0,1.0
medqa_test_00296,qwen3-4b-nothink,medqa,A,A,True,True,False,10,10,522.1,0.01596789715718265,0.0,0.01596789715718265,0.0005492859282932188,0.05503767880047385,0.03232607580359943,0.02248725409341836,0.09101195633411407,0.0,1.0,1.0
medqa_test_00482,qwen3-4b-nothink,medqa,C,C,True,True,False,10,10,451.4,0.002045352436298339,0.0,0.002045352436298339,0.0015472509515085293,0.07870502954211075,0.03892977024592782,0.026490879464837202,0.039435990154743195,0.0,1.0,1.0
medqa_test_01255,qwen3-4b-nothink,medqa,B,D,False,True,False,10,10,510.7,0.008072702937034444,0.00024096385542168676,0.008313666792456131,0.0041295323448727024,0.10629892063248403,0.0637857899792734,0.04134370547982953,0.13069532811641693,1.8464393446710154,1.0,1.0
medqa_test_00857,qwen3-4b-nothink,medqa,D,D,True,True,False,10,10,513.7,0.003812653719108701,0.0008498096809305001,0.0046624634000392,0.00018018018018018018,0.0395987055307768,0.018016102576643135,0.007332554331301988,0.07367048412561417,0.0,1.0,1.0
medqa_test_01251,qwen3-4b-nothink,medqa,A,A,True,True,False,10,10,463.2,0.008739957501973414,0.0,0.008739957501973414,0.0,0.04880970271358982,0.025918377446243413,0.014297766906049992,0.09916847944259644,0.0,0.0,1.0
medqa_test_00021,qwen3-4b-nothink,medqa,A,A,True,True,False,10,10,644.1,0.016513020291796864,0.0,0.016513020291796864,0.000404954661056444,0.08068472892768429,0.04334141911013114,0.025341245022553093,0.08961258828639984,0.0,1.0,0.95
medqa_test_00056,qwen3-4b-nothink,medqa,C,,,False,True,10,10,406.5,0.008292654843160512,0.0,0.008292654843160512,0.00019880715705765406,0.0797231942215216,0.040500567018409574,0.024078057096176542,0.06915940344333649,0.0,0.99999999999886,1.0
medqa_test_00485,qwen3-4b-nothink,medqa,E,B,False,True,False,10,10,512.1,0.009526378917549042,0.0,0.009526378917549042,0.0006432701419122821,0.016852130314435353,0.005989534916550654,0.0022000830220008315,0.07070520520210266,0.4689955935892812,1.0,0.95
medqa_test_00887,qwen3-4b-nothink,medqa,A,B,False,True,False,10,10,761.3,0.014959597358695509,0.0,0.014959597358695509,0.0003675091891876032,0.05121053286511427,0.027645704302320585,0.01575725740487218,0.09604983776807785,1.5709505944546684,0.9999999999861121,0.95
medqa_test_00090,qwen3-4b-nothink,medqa,E,E,True,True,False,10,10,517.5,0.003662776661934634,0.0,0.003662776661934634,0.0,0.03455109812289825,0.0142630899775125,0.006842582433527167,0.06634559482336044,0.0,0.9999999999622488,1.0
medqa_test_00886,qwen3-4b-nothink,medqa,A,E,False,True,False,10,10,592.6,0.007506485029967103,0.0,0.007506485029967103,0.006027978690418567,0.0709416505627192,0.033364124803923235,0.016375685577821653,0.07169510424137115,0.8812908992306927,0.9999999999705992,0.95
medqa_test_01026,qwen3-4b-nothink,medqa,A,B,False,True,False,10,10,487.1,0.021644542820426837,0.0,0.021644542820426837,0.0011894283041562529,0.057474306661677244,0.03062764462695281,0.016819592825564954,0.08810319006443024,0.4689955935892812,0.999999999987744,0.95
medqa_test_00529,qwen3-4b-nothink,medqa,C,C,True,True,False,10,10,812.4,0.010870675832717275,0.00010570824524312897,0.010976384077960404,0.000590082010285674,0.13201764789502163,0.07670956789760278,0.04542585907374771,0.08782973885536194,1.1567796494470395,1.0,1.0
medqa_test_00055,qwen3-4b-nothink,medqa,B,B,True,True,False,10,10,408.2,0.010334106543860818,0.0,0.010334106543860818,0.0,0.02223013351293296,0.007598400440677289,0.0039129779355441706,0.06604508310556412,0.0,0.9999999999705992,0.95
medqa_test_00658,qwen3-4b-nothink,medqa,D,D,True,True,False,10,10,397.9,0.003738371596837905,0.0,0.003738371596837905,0.0034166637314546576,0.04298182577716122,0.01629856375287897,0.008319491958709634,0.09990937262773514,0.7219280948873623,0.0,1.0
medqa_test_00706,qwen3-4b-nothink,medqa,C,E,False,True,False,10,10,582.8,0.009856422734557477,0.0,0.009856422734557477,0.0010671155932707225,0.03554771211930955,0.014931923580289986,0.007355138315482179,0.08730632066726685,0.7219280948873623,1.0,0.95
medqa_test_00545,qwen3-4b-nothink,medqa,D,D,True,True,False,10,10,470.2,0.01591106429857113,0.0,0.01591106429857113,0.0005692599620493358,0.04540259840167597,0.02372252905217197,0.012723425305588131,0.056646380573511124,0.0,0.9999999317439792,0.95
medqa_test_00238,qwen3-4b-nothink,medqa,B,C,False,False,False,9,10,1229.4,0.01110365992204684,0.0014993811333444402,0.012603041055391279,0.0069996133205836465,0.27059010959439705,0.2243120710487359,0.1984455326675115,0.08911656588315964,0.8812908992306927,1.0,1.0
medqa_test_00878,qwen3-4b-nothink,medqa,D,D,True,True,False,10,10,355.0,0.019115976998024524,0.0,0.019115976998024524,0.00307425718454108,0.12456997339936918,0.0728866545878036,0.04266182872275648,0.040422387421131134,0.4689955935892812,1.0,1.0
medqa_test_00192,qwen3-4b-nothink,medqa,E,E,True,True,False,10,10,389.9,0.0017669377442697154,0.0,0.0017669377442697154,0.001580965173266928,0.07723151975559209,0.03880456726963204,0.020283711824079252,0.06467172503471375,0.0,5.789356328641875e-12,1.0
medqa_test_00738,qwen3-4b-nothink,medqa,A,A,True,True,False,10,10,265.6,0.0,0.0013013885425307732,0.0013013885425307732,0.005583755389847949,0.050649929399801175,0.01657187305881743,0.003119213344165583,0.02752244658768177,0.0,0.9999999999999174,1.0
medqa_test_01250,qwen3-4b-nothink,medqa,B,E,False,True,False,10,10,990.5,0.003978892629625927,0.0029649808352834573,0.006943873464909385,0.0041886920673209205,0.17805433479695973,0.11438714970760433,0.0782935053724578,0.0882362350821495,0.0,0.9999999998308103,1.0
medqa_test_01233,qwen3-4b-nothink,medqa,B,B,True,True,False,10,10,733.1,0.010162661113129785,0.0,0.010162661113129785,0.0,0.03171116650287735,0.009886805962884604,0.004209140135944511,0.12918928265571594,1.1567796494470395,0.9999999995400946,0.85
medqa_test_00531,qwen3-4b-nothink,medqa,D,C,False,True,False,10,10,781.8,0.003138920232693759,0.0,0.003138920232693759,0.001147006090130002,0.023624261495108368,0.006612718398803929,0.0017411807329344442,0.05932997167110443,0.0,1.0,1.0
medqa_test_00568,qwen3-4b-nothink,medqa,A,A,True,True,False,10,10,531.4,0.008113247821473716,0.0,0.008113247821473716,0.0,0.026772276532871685,0.008834931988043204,0.003894686265841052,0.06637141108512878,0.0,1.0,1.0
medqa_test_00286,qwen3-4b-nothink,medqa,D,D,True,True,False,10,10,291.7,0.006004482745844225,0.0,0.006004482745844225,0.002057123951346769,0.08175445992300098,0.03781697439332492,0.01807573926603543,0.043256066739559174,0.0,1.0,1.0
medqa_test_00757,qwen3-4b-nothink,medqa,E,A,False,False,False,9,9,1186.9,0.013393563672359129,2.4455857177794082e-05,0.013418019529536923,0.00025072862748793474,0.11783689092459322,0.08854145436653106,0.07673865360343146,0.1349606215953827,1.5304930567574826,0.999999789756597,0.95
medqa_test_00785,qwen3-4b-nothink,medqa,D,E,False,True,False,10,10,496.6,0.013412025302823432,0.0,0.013412025302823432,0.0008623005177507941,0.04484005215774987,0.026332005424605398,0.016349153146430893,0.13053183257579803,0.0,0.9999995549149007,0.95
medqa_test_00067,qwen3-4b-nothink,medqa,C,C,True,True,False,10,10,680.9,0.011786193734013179,0.00013157894736842105,0.0119177726813816,0.002815704595001083,0.05782808990670644,0.024677893107338523,0.012139726896902514,0.06283208727836609,0.4689955935892812,0.9999998724825683,0.95
medqa_test_01108,qwen3-4b-nothink,medqa,D,E,False,True,False,10,10,715.2,0.016006259663287208,0.0,0.016006259663287208,0.002481005350733232,0.09256292074749854,0.04921903901461918,0.02792263689847182,0.09089457243680954,1.7609640474436812,1.0,0.95
medqa_test_00571,qwen3-4b-nothink,medqa,C,C,True,True,False,10,10,618.6,0.020569757206774467,0.0,0.020569757206774467,0.00028628901170351105,0.050698381341771605,0.0212751653103879,0.009583772332173779,0.08763429522514343,0.4689955935892812,0.9999999530883767,0.95
medqa_test_00212,qwen3-4b-nothink,medqa,E,A,False,True,False,10,10,376.8,0.008581512572365311,0.0,0.008581512572365311,0.0016596466368958168,0.048468265569873104,0.01589470734561561,0.008153304591205834,0.1095716580748558,0.0,1.0,1.0
medqa_test_00220,qwen3-4b-nothink,medqa,D,D,True,True,False,10,10,561.2,0.008207881833213441,0.0,0.008207881833213441,0.0032285778695327534,0.054425808966406454,0.02738132536379606,0.015495675904105822,0.10975354164838791,0.0,1.0,0.95
medqa_test_01132,qwen3-4b-nothink,medqa,E,C,False,True,False,10,10,704.6,0.018681751370500658,0.0,0.018681751370500658,0.0005839465838059252,0.07523804672867657,0.039911537425685,0.021914078558103633,0.08138740807771683,0.0,0.0,0.95
medqa_test_01020,qwen3-4b-nothink,medqa,D,B,False,True,False,10,10,670.9,0.013049896776628355,0.0002510614388513707,0.01330095821547973,0.0013570425361026182,0.0902612147540172,0.05098880949424565,0.03171609301798619,0.093521349132061,1.7609640474436812,5.905315774965032e-10,0.95
medqa_test_00492,qwen3-4b-nothink,medqa,C,C,True,True,False,10,10,608.7,0.008043985744565474,0.0,0.008043985744565474,0.00014641288433382137,0.036082424616939834,0.01780776486000941,0.01004017119048326,0.08682293444871902,0.0,1.0,1.0
medqa_test_00988,qwen3-4b-nothink,medqa,B,E,False,False,False,9,10,1102.0,0.010729906471892519,0.0019292247382175197,0.01265913121011004,0.01132057543854395,0.25095745698020183,0.1834693050307838,0.14265202077615605,0.05806705728173256,0.7219280948873623,1.0,1.0
medqa_test_00420,qwen3-4b-nothink,medqa,B,C,False,True,False,10,10,462.1,0.01252281052792214,0.0,0.01252281052792214,0.00019646365422396856,0.060690258289444965,0.0238902179823563,0.01311369030901438,0.059163372963666916,0.4689955935892812,1.0,0.95
medqa_test_00978,qwen3-4b-nothink,medqa,C,C,True,True,False,10,10,428.1,0.003785832290113969,0.0,0.003785832290113969,0.0018058430691611817,0.0803455065018553,0.0631680444221075,0.04937735855387386,0.08215908706188202,0.0,0.9999999998973812,1.0
medqa_test_00699,qwen3-4b-nothink,medqa,A,A,True,True,False,10,10,599.9,0.014775912181291822,0.0,0.014775912181291822,0.0,0.019952112471763893,0.007308133189781274,0.003947927536205387,0.07604093849658966,0.4689955935892812,1.0,0.95
medqa_test_00730,qwen3-4b-nothink,medqa,D,D,True,True,False,10,10,757.0,0.011014523100853704,0.00011325028312570782,0.011127773383979411,0.0031855920717798448,0.09475290132282278,0.05712340045144865,0.035720231447786265,0.05535317584872246,1.6854752972273346,1.0,0.85
medqa_test_00969,qwen3-4b-nothink,medqa,C,C,True,True,False,10,10,498.8,0.017657231016125107,0.0,0.017657231016125107,0.00016835016835016833,0.025608857415791275,0.010558247871524862,0.004076877435230164,0.10341040045022964,0.8812908992306927,0.9999999981810384,1.0
medqa_test_00719,qwen3-4b-nothink,medqa,A,E,False,True,False,10,10,844.6,0.02287139227855097,0.00011135857461024498,0.022982750853161215,0.003111124071079903,0.14664177102096407,0.08901545305629673,0.06135859094904793,0.06397948414087296,1.5219280948873621,0.0,0.95
medqa_test_00032,qwen3-4b-nothink,medqa,E,C,False,True,False,10,10,644.9,0.012827958529955105,0.0,0.012827958529955105,0.0004187935632641112,0.0394048413078523,0.018041150330178845,0.008406590991921759,0.11424387991428375,0.4689955935892812,0.9999999973534245,1.0
medqa_test_00876,qwen3-4b-nothink,medqa,D,D,True,True,False,10,10,550.4,0.013042531171053504,0.0,0.013042531171053504,0.00040737670949026107,0.0402005560939,0.018986318311160245,0.00872667172883338,0.05692107975482941,0.4689955935892812,0.9999977396765105,0.95
medqa_test_00126,qwen3-4b-nothink,medqa,A,A,True,True,False,10,10,819.9,0.011042451185226884,0.0,0.011042451185226884,0.0009386766303893379,0.0878978116458399,0.044961672552070286,0.023489060707737774,0.12913228571414948,0.4689955935892812,0.9999380220700161,0.95
medqa_test_00179,qwen3-4b-nothink,medqa,D,D,True,True,False,10,10,674.7,0.02014758093239736,0.0,0.02014758093239736,0.001243859191960965,0.047969570392978444,0.028317584825686283,0.01781600641078155,0.07692508399486542,0.4689955935892812,0.0,0.95
medqa_test_00367,qwen3-4b-nothink,medqa,D,B,False,True,False,10,10,669.0,0.009868755141414422,0.0,0.009868755141414422,0.003942989612031356,0.07855658533482544,0.04448477369999523,0.028354464337104666,0.06980832666158676,1.4854752972273344,1.0,1.0
medqa_test_00480,qwen3-4b-nothink,medqa,B,C,False,False,True,9,10,1168.0,0.024047631717649655,0.00022143201542912247,0.02426906373307878,0.002674020479677735,0.17352670044626103,0.13456209837633723,0.11540297678677666,0.11934913694858551,2.1219280948873624,0.9999999999960211,0.3
medqa_test_00121,qwen3-4b-nothink,medqa,B,B,True,True,False,10,10,328.3,0.020891937206642695,0.0,0.020891937206642695,0.000595259185770471,0.06448298253909016,0.03509099529504428,0.019816568868926875,0.04561614617705345,0.0,0.0,1.0
medqa_test_00081,qwen3-4b-nothink,medqa,B,D,False,True,False,10,10,622.3,0.00984825902389406,0.0001366120218579235,0.009984871045751983,0.0009861521621029302,0.07403427316388253,0.038808804629664406,0.023529881311194566,0.17551089823246002,1.0,1.0,0.95
medqa_test_00011,qwen3-4b-nothink,medqa,D,D,True,True,False,10,10,716.7,0.007464229114726025,0.0,0.007464229114726025,0.0002762736424649176,0.03391854533570397,0.015025630825384283,0.007645264207403158,0.07156015187501907,0.0,0.999999974890009,0.95
medqa_test_00829,qwen3-4b-nothink,medqa,E,D,False,True,False,10,10,729.8,0.013103218961626353,0.00012048192771084338,0.013223700889337196,0.00012048192771084338,0.032951402183159895,0.016808581059735407,0.009459573541345778,0.08985784649848938,0.0,0.9999999998506904,0.95
medqa_test_01171,qwen3-4b-nothink,medqa,D,A,False,True,False,10,10,936.7,0.007661033764504338,0.0,0.007661033764504338,0.0013286466260503944,0.04238412577011924,0.019728799447565427,0.008677468298921309,0.07980192452669144,1.1567796494470395,1.0,0.95
medqa_test_01068,qwen3-4b-nothink,medqa,B,B,True,True,False,10,10,492.6,0.01167565366128578,0.0,0.01167565366128578,0.000558922558922559,0.10382314401356922,0.05406719791324919,0.03378682496457984,0.07493142783641815,0.9709505944546686,0.999999999945072,0.95
medqa_test_01203,qwen3-4b-nothink,medqa,C,C,True,True,False,10,10,692.7,0.010851554535455134,0.0,0.010851554535455134,0.002744985528591007,0.0798256527213151,0.04396107656617408,0.024348661585844245,0.05878350883722305,0.7219280948873623,0.9999999999891841,0.95
medqa_test_00820,qwen3-4b-nothink,medqa,C,C,True,True,False,10,10,599.0,0.012965538006018828,0.0,0.012965538006018828,0.0007038620227616355,0.02364030829914281,0.009603281572324785,0.0037683882055377536,0.06003975495696068,0.0,0.9999994285002325,1.0
medqa_test_01180,qwen3-4b-nothink,medqa,A,A,True,True,False,10,10,555.3,0.01625419789868319,0.0,0.01625419789868319,0.0014728004387579456,0.053495944762603775,0.02698690437639235,0.012550509534774846,0.09908770769834518,0.7219280948873623,1.0,0.85
medqa_test_00901,qwen3-4b-nothink,medqa,E,B,False,True,False,10,10,551.8,0.006042928551750812,0.0,0.006042928551750812,0.0005185367598014725,0.029738996829385866,0.010554735169010187,0.004556202038351276,0.14484059810638428,1.5709505944546684,1.4166092420693801e-09,0.95
medqa_test_01100,qwen3-4b-nothink,medqa,B,D,False,False,False,9,9,1038.1,0.012630393062846879,0.00027988275063017354,0.012910275813477052,0.000969374011386611,0.15374827247042236,0.1164538672472218,0.09729325673750835,0.11866358667612076,1.5304930567574826,1.0,1.0
medqa_test_01163,qwen3-4b-nothink,medqa,C,A,False,True,False,10,10,442.9,0.011271309235179919,0.0,0.011271309235179919,0.0,0.04771315675137501,0.02269042601200616,0.011162268196255432,0.08922787010669708,1.1567796494470395,1.0,0.95
medqa_test_00426,qwen3-4b-nothink,medqa,C,A,False,True,False,10,10,498.1,0.008343859168363898,0.0,0.008343859168363898,0.0007085915745545135,0.07309697933848372,0.04726787233911929,0.03472227924542485,0.18138429522514343,1.1567796494470395,1.0,0.95
medqa_test_01044,qwen3-4b-nothink,medqa,B,B,True,True,False,10,10,462.2,0.006399139160840806,0.0,0.006399139160840806,0.00243658059663254,0.04326469865650958,0.017719828842312112,0.007762139214181974,0.10197469592094421,0.0,0.5621765008858207,0.95
medqa_test_01212,qwen3-4b-nothink,medqa,B,B,True,True,False,10,10,569.8,0.013536932833983231,0.0009210847170918444,0.014458017551075078,0.0037014161378622567,0.058529527328129716,0.024756049624548526,0.011434301620873954,0.050928182899951935,0.0,0.9999997617630333,0.95
medqa_test_00888,qwen3-4b-nothink,medqa,A,C,False,True,False,10,10,691.9,0.0034388988469593804,0.0005325910055060993,0.00397148985246548,0.004305101633333095,0.22988084206629064,0.1678818643955326,0.12443709660364492,0.04336106404662132,0.0,0.9999999226557512,1.0
medqa_test_00813,qwen3-4b-nothink,medqa,C,E,False,True,False,10,10,582.6,0.013981632545700734,0.0,0.013981632545700734,0.0007463163731895563,0.07396171814449065,0.04150146713390642,0.02722000852419316,0.05758047103881836,0.0,0.9999999988967437,0.95
medqa_test_01107,qwen3-4b-nothink,medqa,A,E,False,True,False,10,10,868.3,0.024731526735889065,0.0020505668948247084,0.026782093630713773,0.006513931198908999,0.20821388177141947,0.1346353596181198,0.09326881354779995,0.06722357124090195,1.5709505944546684,1.0,0.3
medqa_test_00875,qwen3-4b-nothink,medqa,E,E,True,True,False,10,10,578.0,0.007800722854601569,0.0,0.007800722854601569,0.000819424714787283,0.07063638888499597,0.037684406774263414,0.015560116044688122,0.05510277301073074,0.4689955935892812,0.9999999966017326,1.0
medqa_test_00659,qwen3-4b-nothink,medqa,D,E,False,True,False,10,10,577.1,0.01871716072215165,0.0,0.01871716072215165,0.0006391898047725857,0.07524178703682927,0.03921766156122634,0.019586974101367106,0.09284643828868866,1.0,1.0,0.95
medqa_test_00125,qwen3-4b-nothink,medqa,A,A,True,True,False,10,10,511.0,0.013570907269440005,0.0001639344262295082,0.013734841695669514,0.003972222625740505,0.05305727197357847,0.017891789848426088,0.006080363437121395,0.08381091803312302,0.9709505944546686,1.0,0.95
medqa_test_00269,qwen3-4b-nothink,medqa,D,D,True,True,False,10,10,543.8,0.011997490455612467,0.0,0.011997490455612467,0.00103359173126615,0.06594284891920396,0.032001679198813214,0.012712434466993794,0.07540437579154968,0.4689955935892812,1.0,1.0
medqa_test_00148,qwen3-4b-nothink,medqa,B,B,True,True,False,10,10,496.8,0.01864821810391546,0.0,0.01864821810391546,0.00016339869281045753,0.024642023348211896,0.00858472289649589,0.0032657550263750943,0.07447870075702667,0.0,0.9999996072136592,0.95
medqa_test_00462,qwen3-4b-nothink,medqa,B,B,True,True,False,10,10,611.5,0.010837739203801357,0.0,0.010837739203801357,0.00014749262536873156,0.01831059124069314,0.006824085709918814,0.0030057583180229885,0.09483370184898376,0.9219280948873623,3.7266321621278753e-06,0.95
medqa_test_00960,qwen3-4b-nothink,medqa,D,,,False,True,10,10,785.7,0.0169565119271187,0.00018281535648994517,0.01713932728360864,0.0006976172582830718,0.07224084088148838,0.0414597704876995,0.02785502308711505,0.09751900285482407,0.0,1.0,0.95
medqa_test_00314,qwen3-4b-nothink,medqa,A,B,False,True,False,10,10,677.5,0.011334919348291691,0.000237685007343803,0.011572604355635495,0.0010555990875633745,0.05364527834577114,0.02164691352556104,0.011073098279310533,0.07045392692089081,1.4854752972273344,1.0,0.4
medqa_test_00300,qwen3-4b-nothink,medqa,D,C,False,True,False,10,10,531.5,0.015461353628242547,0.0,0.015461353628242547,0.0019246265749228435,0.08555400171818485,0.04829423801215155,0.026735860964484093,0.09268587827682495,2.0464393446710156,1.0,0.95
medqa_test_00241,qwen3-4b-nothink,medqa,B,A,False,False,False,9,10,1001.3,0.01719497783580389,9.784735812133071e-05,0.017292825193925228,4.8923679060665357e-05,0.1498198288152273,0.1145503615553598,0.0924375541945709,0.10816756635904312,0.7219280948873623,1.0,0.95
medqa_test_01031,qwen3-4b-nothink,medqa,E,E,True,True,False,10,10,509.5,0.017024069461256033,0.00015723270440251574,0.01718130216565855,0.00020242914979757084,0.04200070514415425,0.02037976604798881,0.011971524222487939,0.09488627314567566,0.8812908992306927,0.999999998394772,1.0
medqa_test_00087,qwen3-4b-nothink,medqa,D,A,False,True,False,10,10,697.5,0.005836373334820446,0.0,0.005836373334820446,0.0009739363692878595,0.07980637045777904,0.04344146620974021,0.026909218760141306,0.0722326934337616,0.9709505944546686,0.0,0.95
medqa_test_00726,qwen3-4b-nothink,medqa,E,E,True,True,False,10,10,507.0,0.005889321227618973,0.0001805054151624549,0.006069826642781427,0.00037134510981894347,0.036630487383376695,0.012111445528956188,0.00380918836091797,0.1354386806488037,0.9219280948873623,1.0,1.0
medqa_test_00771,qwen3-4b-nothink,medqa,C,E,False,True,False,10,10,946.7,0.01653326757850247,0.0007618944191045841,0.017295161997607056,0.0015568394248334423,0.12799861605933432,0.0806793702119273,0.052908747430643964,0.1447805017232895,0.7219280948873623,1.0,0.9
medqa_test_00017,qwen3-4b-nothink,medqa,E,E,True,True,False,10,10,407.3,0.0014747432503689063,0.0,0.0014747432503689063,0.0014678083410379719,0.06599764138075949,0.031687075146934564,0.01771715673273775,0.07303345203399658,0.0,0.999999999868235,1.0
medqa_test_00034,qwen3-4b-nothink,medqa,B,E,False,True,False,10,10,635.8,0.002912316889168828,0.00013679890560875513,0.003049115794777583,0.000922948257931483,0.09020938984579832,0.05997997662314243,0.048571161370975516,0.08667644113302231,0.4689955935892812,0.9999999847700205,0.95
medqa_test_01041,qwen3-4b-nothink,medqa,D,C,False,False,True,10,10,445.2,0.01156564468746937,0.0,0.01156564468746937,0.000588001486205079,0.05806866224285142,0.027162336231076445,0.011943703121484161,0.2115345597267151,1.5709505944546687,0.9999999999740539,0.95
medqa_test_01006,qwen3-4b-nothink,medqa,C,C,True,True,False,10,10,636.0,0.00581883800465729,0.0006577757372801495,0.006476613741937439,0.002192649294625148,0.04999098174492537,0.027789725410211585,0.019163422546841568,0.0731908455491066,0.0,0.99999999999886,1.0
medqa_test_00153,qwen3-4b-nothink,medqa,A,A,True,True,False,10,10,374.7,0.006866405367776015,0.0,0.006866405367776015,0.0007156414897977893,0.09676264150294173,0.04764074939358891,0.028219571287779188,0.04778485745191574,0.0,0.9999999999771026,0.95
medqa_test_00298,qwen3-4b-nothink,medqa,E,E,True,True,False,10,10,554.0,0.011907905106338467,0.0,0.011907905106338467,0.0018429144243068628,0.04382064003436263,0.020966753915258318,0.009426323805239601,0.13029548525810242,0.4689955935892812,0.0,1.0
medqa_test_00428,qwen3-4b-nothink,medqa,A,A,True,True,False,10,10,635.9,0.014933498803925143,0.0,0.014933498803925143,0.00015748031496062991,0.0327901597256127,0.015075468486743238,0.00750881462402696,0.1139894351363182,0.4689955935892812,1.0,0.95
medqa_test_00893,qwen3-4b-nothink,medqa,B,B,True,True,False,10,10,455.3,0.01639023265820818,0.0,0.01639023265820818,0.0024062410916850393,0.03082804939129228,0.012895564811016858,0.006139560256792731,0.11848396807909012,0.0,1.0,0.95
medqa_test_00294,qwen3-4b-nothink,medqa,A,A,True,True,False,10,10,432.4,0.010734859496247695,0.0,0.010734859496247695,0.003446588224175981,0.054698244990819975,0.022088546342011062,0.00699978672826439,0.0915185734629631,0.8812908992306927,0.9999999999666845,1.0
medqa_test_00599,qwen3-4b-nothink,medqa,D,D,True,True,False,10,10,515.9,0.01467150315954217,0.0,0.01467150315954217,0.00018281535648994517,0.05084417709374548,0.024997594977453297,0.012078027791227686,0.08462413400411606,0.0,1.0,1.0
medqa_test_01014,qwen3-4b-nothink,medqa,C,C,True,True,False,10,10,496.4,0.006055419412310928,0.0,0.006055419412310928,0.00041711229946524066,0.03945799563772129,0.017146944147804356,0.00849934555113534,0.09665855765342712,0.0,1.0,1.0
medqa_test_01033,qwen3-4b-nothink,medqa,B,A,False,True,False,10,10,491.6,0.008181138873497886,0.0,0.008181138873497886,0.0,0.03746470882760938,0.019653617512226485,0.013097151810437213,0.07952973246574402,0.0,0.9999999999999609,1.0
medqa_test_00587,qwen3-4b-nothink,medqa,E,D,False,True,False,10,10,486.7,0.02070263603921594,0.0,0.02070263603921594,0.0005724889602414695,0.052097839165747284,0.025916980382397425,0.015057942064444973,0.0935530960559845,0.9219280948873623,0.9999999988967431,0.95
medqa_test_00677,qwen3-4b-nothink,medqa,A,E,False,True,False,10,10,512.6,0.009031910689667421,0.0,0.009031910689667421,0.0007467061243392603,0.018804873760176376,0.00883762600498066,0.004692789873883274,0.06875259429216385,0.9709505944546686,1.0,0.95
medqa_test_01037,qwen3-4b-nothink,medqa,A,D,False,True,False,10,10,622.5,0.021174875807872293,0.0,0.021174875807872293,0.00017421602787456446,0.07005810130177566,0.037314430815529355,0.02205117833221256,0.09430443495512009,0.0,1.0,0.95
medqa_test_00834,qwen3-4b-nothink,medqa,D,D,True,True,False,10,10,456.0,0.032244285232947256,0.0,0.032244285232947256,0.0,0.10437806845672477,0.06330592724953976,0.03933497773172647,0.07245772331953049,0.0,0.0035936019411431305,1.0
medqa_test_01065,qwen3-4b-nothink,medqa,A,A,True,True,False,10,10,645.1,0.014883492738137305,0.0002683634303472656,0.01515185616848457,0.007320166860161832,0.06943975642627337,0.029201036839290772,0.013096456105998999,0.05285393446683884,0.8812908992306927,0.0,1.0
medqa_test_01058,qwen3-4b-nothink,medqa,D,,,False,True,9,9,1117.8,0.021306259716710067,0.0,0.021306259716710067,0.0018111482591970825,0.14976227592799646,0.11788575902873992,0.09794328700259326,0.0896851122379303,0.0,0.9999999999771026,0.4
medqa_test_00837,qwen3-4b-nothink,medqa,D,D,True,True,False,10,10,605.0,0.009854504445333461,0.0,0.009854504445333461,0.000497467071935157,0.034521282112176664,0.017269976927316,0.010234089921735079,0.09018073976039886,0.0,0.9999999999572221,0.95
medqa_test_01029,qwen3-4b-nothink,medqa,A,A,True,True,False,10,10,693.5,0.020575698368061654,0.0,0.020575698368061654,0.0012061355720796043,0.042205328012778334,0.017584992769876785,0.006580563529362271,0.07398303598165512,0.0,0.9999999990263793,0.95
medqa_test_00790,qwen3-4b-nothink,medqa,B,C,False,False,True,10,10,696.4,0.0030197132681697623,0.0007179135089040169,0.003737626777073779,0.0041858442189429725,0.10365560726511795,0.06486173801737435,0.04795626507826806,0.07215340435504913,0.4689955935892812,0.0009110513587264472,0.15
medqa_test_00259,qwen3-4b-nothink,medqa,D,D,True,True,False,10,10,345.6,0.011589394706115436,0.0,0.011589394706115436,0.0015533412971574724,0.07742981668841674,0.029630162581298757,0.013111160425337453,0.08226431906223297,0.0,1.0,1.0
medqa_test_00714,qwen3-4b-nothink,medqa,B,A,False,True,False,10,10,671.3,0.00891588588576337,0.0,0.00891588588576337,0.0,0.07879214876016014,0.037323538095447875,0.01799829482906735,0.07183230668306351,0.9709505944546686,1.0,0.95
medqa_test_00954,qwen3-4b-nothink,medqa,C,C,True,True,False,10,10,677.6,0.011562888314065245,0.0,0.011562888314065245,0.0,0.030004856312315753,0.00898183474184917,0.002868419966991309,0.1373893916606903,0.9709505944546686,1.0,0.85
medqa_test_00602,qwen3-4b-nothink,medqa,A,A,True,True,False,10,10,779.6,0.003896986798170513,0.0008559834034565752,0.004752970201627088,0.002751777090057827,0.20758896059506454,0.16822475886552218,0.14144024833517016,0.06578145921230316,0.0,0.9999999999999558,0.95
medqa_test_00728,qwen3-4b-nothink,medqa,D,D,True,True,False,10,10,523.7,0.02029408545009465,0.0,0.02029408545009465,0.0017617737648590059,0.11528988185744767,0.0672494482315725,0.044663115730093725,0.045197803527116776,0.0,1.0,1.0
medqa_test_00057,qwen3-4b-nothink,medqa,B,D,False,True,False,10,10,663.7,0.014504968603879445,0.0,0.014504968603879445,0.000668895903693567,0.07452611192095271,0.036881708275500545,0.020905012411902922,0.11101718246936798,1.0,1.0,0.7
medqa_test_00580,qwen3-4b-nothink,medqa,A,A,True,True,False,10,10,545.0,0.018887959688565985,0.00013774104683195594,0.01902570073539794,0.0034101740147689076,0.06774898421642739,0.035815561555603295,0.020431755019532483,0.08256814628839493,0.0,0.999999814460923,0.95
medqa_test_01195,qwen3-4b-nothink,medqa,B,B,True,True,False,10,10,505.8,0.006535415958743877,0.0,0.006535415958743877,0.000196078431372549,0.03326275486652273,0.012374260581804752,0.006692568702086732,0.1530688852071762,0.7219280948873623,0.0,0.95
medqa_test_00605,qwen3-4b-nothink,medqa,C,D,False,True,False,10,10,589.7,0.014349969817145711,0.0,0.014349969817145711,0.0,0.07592796803560761,0.045681123746284226,0.027511403351070673,0.09394176304340363,0.4689955935892812,0.999999999241744,0.95
medqa_test_00889,qwen3-4b-nothink,medqa,B,B,True,True,False,10,10,634.9,0.012491441819587449,0.0,0.012491441819587449,0.0026442421509767005,0.07707912255183001,0.03435651537130742,0.016153653927033006,0.09804871678352356,0.9709505944546686,0.9999771720021268,0.95
medqa_test_00768,qwen3-4b-nothink,medqa,B,B,True,True,False,10,10,439.3,0.009095128928547719,0.0,0.009095128928547719,0.0006712404188297551,0.05160346686381432,0.026968299147524643,0.016340850447839127,0.07642528414726257,0.0,1.0,0.95
medqa_test_00645,qwen3-4b-nothink,medqa,B,C,False,True,False,10,10,567.7,0.014988707340679214,0.0,0.014988707340679214,0.0003596364703930153,0.06383814766031529,0.027127219419643113,0.011239669631952831,0.10512465238571167,1.1567796494470395,1.0,0.95
medqa_test_00858,qwen3-4b-nothink,medqa,A,E,False,True,False,10,10,560.4,0.025067004618963263,0.0,0.025067004618963263,0.001652381809035304,0.08229290697023756,0.041378777653276334,0.021009990877252516,0.06648043543100357,1.3609640474436813,0.9999999677581336,0.95
medqa_test_01118,qwen3-4b-nothink,medqa,D,D,True,True,False,10,10,459.7,0.009674989648048141,0.0,0.009674989648048141,0.00043738886020765216,0.024027438463453267,0.008987997072644017,0.0035603462046756573,0.07645920664072037,0.0,1.0,1.0
medqa_test_00434,qwen3-4b-nothink,medqa,C,C,True,True,False,10,10,344.7,0.012355865304938625,0.0,0.012355865304938625,0.0,0.03183791151205197,0.020833070161955958,0.014396996520319316,0.056777630001306534,0.0,0.9999999999515263,1.0
medqa_test_00562,qwen3-4b-nothink,medqa,B,B,True,True,False,10,10,406.2,0.004097725526001078,0.0,0.004097725526001078,0.0,0.08579728516383012,0.05184340452936792,0.02942351704160573,0.08929231762886047,0.0,0.999999999987744,1.0
medqa_test_01021,qwen3-4b-nothink,medqa,E,C,False,True,False,10,10,684.4,0.0212299546591204,0.0,0.0212299546591204,0.0009589341037431812,0.05811781947495333,0.025578529509582327,0.011864364488021084,0.06778769940137863,0.9709505944546686,0.9999999997210535,0.95
medqa_test_00261,qwen3-4b-nothink,medqa,C,C,True,True,False,10,10,615.6,0.015017110442710096,0.0,0.015017110442710096,0.00015267175572519084,0.05359471283648918,0.02758476862450302,0.014995494621352213,0.07768198102712631,0.0,0.9999999999515263,0.95
medqa_test_00410,qwen3-4b-nothink,medqa,C,C,True,True,False,10,10,718.0,0.0025848522099701527,0.00022205773501110288,0.002806909944981256,0.0014731554251837707,0.09126106526363216,0.053639488497621776,0.03468788026320273,0.08207792788743973,1.295461844238322,0.999999946842168,1.0
medqa_test_00880,qwen3-4b-nothink,medqa,C,D,False,True,False,10,10,562.3,0.012907706512869935,0.0,0.012907706512869935,0.00017035775127768313,0.06547032865378435,0.03971239011654489,0.0262487070925988,0.0767207145690918,0.0,0.99999996775813,1.0
medqa_test_00458,qwen3-4b-nothink,medqa,D,D,True,True,False,10,10,571.6,0.002487712209708824,0.0001529051987767584,0.0026406174084855826,0.00018281535648994517,0.08862704791947854,0.04733253940877659,0.029208069249910894,0.06640730053186417,0.0,0.9999999999572221,1.0
medqa_test_00275,qwen3-4b-nothink,medqa,A,A,True,True,False,10,10,336.2,0.004142718289018716,0.0,0.004142718289018716,0.0,0.06539267346563023,0.03646044607664504,0.021542584507584894,0.06760242581367493,0.0,0.9999999997538305,1.0
medqa_test_00575,qwen3-4b-nothink,medqa,C,D,False,True,False,10,10,525.7,0.007763245136310337,0.00013157894736842105,0.007894824083678757,0.001573355711120003,0.06890043513683364,0.035321063269825724,0.020686472208909013,0.11795281618833542,1.1567796494470395,1.0,0.95
medqa_test_00112,qwen3-4b-nothink,medqa,B,A,False,True,False,10,10,566.0,0.014209336465468028,0.0,0.014209336465468028,0.00016891891891891893,0.03689896207363963,0.014416722151519712,0.005981245017153159,0.06839517503976822,0.4689955935892812,0.9999999999891841,1.0
medqa_test_00073,qwen3-4b-nothink,medqa,B,B,True,True,False,10,10,598.1,0.01072444036294851,0.0,0.01072444036294851,0.0007917986601724497,0.03799872027326755,0.018582033407288766,0.00921846564788652,0.06242689490318298,0.0,0.9999999006881272,0.95
medqa_test_00963,qwen3-4b-nothink,medqa,E,B,False,True,False,10,10,827.3,0.010353305617631144,0.0010069751411500081,0.011360280758781155,0.0018131758959630102,0.09098974715004908,0.044981251459577355,0.026148899592352205,0.05461278557777405,1.5709505944546684,1.0,0.7
medqa_test_00383,qwen3-4b-nothink,medqa,A,A,True,True,False,10,10,557.0,0.008988235279242524,0.0,0.008988235279242524,0.0003860774530767403,0.021024343879246732,0.005960871964460657,0.001659988075700025,0.1467270702123642,0.0,0.9999999936511998,1.0
medqa_test_00668,qwen3-4b-nothink,medqa,B,B,True,True,False,10,10,623.6,0.01567367075629756,0.0,0.01567367075629756,0.0013205263615616914,0.13222983180400424,0.07753410204777303,0.04845450671195171,0.07895786315202713,0.0,3.3647402860386186e-10,0.95
medqa_test_00068,qwen3-4b-nothink,medqa,D,D,True,True,False,10,10,633.8,0.004577440529270645,0.0,0.004577440529270645,0.0002851208766196817,0.05804106934065008,0.035740999237470594,0.0230920030400955,0.10328274965286255,1.8464393446710154,7.889264466928424e-06,1.0
medqa_test_00396,qwen3-4b-nothink,medqa,D,D,True,True,False,10,10,566.7,0.0072439442789837966,0.000211864406779661,0.007455808685763457,0.0006087669055935374,0.046235603828544206,0.021747656831793714,0.011085259165182715,0.08056923747062683,0.4689955935892812,0.9999999998973812,0.95
medqa_test_01013,qwen3-4b-nothink,medqa,D,D,True,True,False,10,10,425.0,0.010635060556093198,0.0,0.010635060556093198,0.0,0.03652934301217155,0.013128550181728694,0.006764507011522336,0.050347328186035156,0.0,0.999999999974054,1.0
medqa_test_00361,qwen3-4b-nothink,medqa,A,A,True,True,False,10,10,765.8,0.00874859525873332,9.784735812133071e-05,0.008846442616854652,9.233610341643582e-05,0.036777478469941186,0.014213363297858194,0.007295643527734386,0.08633231371641159,0.0,0.999999998394772,1.0
medqa_test_00461,qwen3-4b-nothink,medqa,D,D,True,True,False,10,10,640.2,0.020602763976688025,0.0,0.020602763976688025,0.0018336547363919902,0.057029418604400375,0.026208794332914353,0.010740643968159557,0.06735390424728394,0.0,0.9999999943972167,0.95
medqa_test_00160,qwen3-4b-nothink,medqa,D,C,False,True,False,10,10,471.8,0.00963904756323763,0.0,0.00963904756323763,0.0018775776941734978,0.03875906745778418,0.015360580296873916,0.007371941379044111,0.08849355578422546,1.9609640474436814,0.0,0.95
medqa_test_00423,qwen3-4b-nothink,medqa,E,B,False,False,False,9,10,1248.7,0.011454300550346987,2.4521824423737128e-05,0.011478822374770725,0.0,0.12976832844175634,0.10313226320719097,0.09152233885629973,0.10248345136642456,0.0,0.0,0.95
medqa_test_01069,qwen3-4b-nothink,medqa,B,B,True,True,False,10,10,579.9,0.01785748515902017,0.0,0.01785748515902017,0.0,0.05788419296879286,0.03174913452382747,0.01844069323270372,0.09454724937677383,0.8812908992306927,1.0,0.95
medqa_test_00912,qwen3-4b-nothink,medqa,B,D,False,True,False,10,10,657.9,0.010956516573815847,0.0016261976613576221,0.01258271423517347,0.001532455218933315,0.09437367346755467,0.05285241147458471,0.029303750205748037,0.1551719754934311,0.9219280948873623,1.0,1.0
medqa_test_00280,qwen3-4b-nothink,medqa,B,B,True,True,False,10,10,464.8,0.012464435067364322,0.0,0.012464435067364322,0.0026494760742849753,0.03662528017538961,0.01129486824009963,0.002359630942737201,0.05648953095078468,0.0,0.9999999999994615,1.0
medqa_test_00491,qwen3-4b-nothink,medqa,A,A,True,True,False,10,10,418.9,0.020219745162335108,0.0,0.020219745162335108,0.00764917315076416,0.11838056206964524,0.0807283483703053,0.057921579826924106,0.09027208387851715,0.0,1.0,1.0
medqa_test_00048,qwen3-4b-nothink,medqa,B,B,True,True,False,10,10,497.8,0.011208475715779296,0.0,0.011208475715779296,0.0028356114980790485,0.08403315791437903,0.047662752032140154,0.02924741693464774,0.07524548470973969,0.0,0.6791786926817442,1.0
medqa_test_01172,qwen3-4b-nothink,medqa,E,C,False,True,False,10,10,554.4,0.008428998070929294,0.0,0.008428998070929294,0.0010743917329719675,0.02860466339253529,0.00916433069137168,0.0029618196795831884,0.06264744699001312,0.4689955935892812,0.9999999998082829,0.95
medqa_test_00852,qwen3-4b-nothink,medqa,D,D,True,True,False,10,10,774.0,0.007669888552195786,0.0,0.007669888552195786,0.0014126105051967459,0.06824995964820252,0.036496641272437444,0.020423136111019924,0.08041136711835861,0.4689955935892812,0.9999997897570283,1.0
medqa_test_00847,qwen3-4b-nothink,medqa,D,D,True,True,False,10,10,444.2,0.005677101358759819,0.0,0.005677101358759819,0.00097117365835163,0.03971191836088772,0.01677502478768609,0.007793309775301238,0.07379448413848877,0.0,0.9999999999975866,1.0
medqa_test_00731,qwen3-4b-nothink,medqa,B,B,True,True,False,10,10,513.3,0.013289569043512407,0.00041884816753926706,0.013708417211051673,0.0015270940237729327,0.06289177500082382,0.024724508460696782,0.012691906343250126,0.061125751584768295,0.4689955935892812,0.0,0.95
medqa_test_00745,qwen3-4b-nothink,medqa,A,,,False,True,8,9,1455.7,0.01102507399969373,0.0016074755901200697,0.012632549589813798,0.0022265596862336952,0.1774719463947196,0.15217114080356783,0.14227000286974228,0.10975682735443115,0.5032583347756457,1.4637785139912055e-12,0.9
medqa_test_01018,qwen3-4b-nothink,medqa,B,C,False,True,False,10,10,893.7,0.013153705565097765,9.643201542912247e-05,0.013250137580526886,0.0009110962219183196,0.09273141029370804,0.05756207452221458,0.03767735233969853,0.09997563809156418,1.4854752972273344,0.9999999999094392,0.95
medqa_test_00779,qwen3-4b-nothink,medqa,E,E,True,False,False,9,10,1035.5,0.008335023114615729,0.00013513513513513514,0.008470158249750863,0.0012692562325638057,0.13843912279401901,0.10127314489551112,0.08493147368969076,0.13326245546340942,1.295461844238322,1.0,1.0
medqa_test_00386,qwen3-4b-nothink,medqa,D,A,False,True,False,10,10,644.3,0.009181090588336775,0.0,0.009181090588336775,0.0024696773177911085,0.04054744371560082,0.020166773335941857,0.008822944887443373,0.0784117802977562,0.4689955935892812,0.0035936023679944236,0.95
medqa_test_00498,qwen3-4b-nothink,medqa,A,A,True,True,False,10,10,933.2,0.008808816035083586,0.0,0.008808816035083586,0.00048206127318021336,0.15938624699204357,0.10594987974070189,0.07664709675181881,0.0886104553937912,1.6854752972273346,0.9999999950555476,0.95
medqa_test_01226,qwen3-4b-nothink,medqa,E,B,False,True,False,10,10,471.6,0.006312078285638202,0.0,0.006312078285638202,0.0006449859790262759,0.028927318995721152,0.015609887718217674,0.009743420071582099,0.07939840108156204,0.0,1.1861114605710299e-08,1.0
medqa_test_00640,qwen3-4b-nothink,medqa,E,E,True,True,False,10,10,491.3,0.006666621629951751,0.0,0.006666621629951751,0.00021978021978021978,0.05271854425485898,0.030159670789520553,0.01864907813186083,0.07399100065231323,0.8812908992306927,0.9999999999998019,0.95
medqa_test_00018,qwen3-4b-nothink,medqa,B,B,True,True,False,10,10,683.6,0.009920724552075752,0.0,0.009920724552075752,0.00016155088852988692,0.03432091891585187,0.014482748928641487,0.007914955153415304,0.05077013373374939,0.4689955935892812,1.0,0.95
medqa_test_00382,qwen3-4b-nothink,medqa,C,C,True,True,False,10,10,617.5,0.018704639356443894,0.0,0.018704639356443894,0.0019148791433322866,0.14023405448560924,0.09782762531074737,0.07144608461064829,0.08005296438932419,1.7609640474436812,0.0,0.95
medqa_test_01016,qwen3-4b-nothink,medqa,D,D,True,True,False,10,10,637.6,0.007998770088507487,0.0,0.007998770088507487,0.0,0.023778540361980537,0.01109066162336234,0.007130525354738926,0.09085050970315933,0.0,0.9999999998308102,1.0
medqa_test_00607,qwen3-4b-nothink,medqa,D,D,True,True,False,10,10,348.4,0.0025507088995452088,0.0,0.0025507088995452088,0.0006675641696058034,0.14479564824651175,0.07253057551221412,0.03512138386127768,0.04687871038913727,0.0,1.0,1.0
medqa_test_00210,qwen3-4b-nothink,medqa,C,C,True,True,False,10,10,562.8,0.006890630215907556,0.0,0.006890630215907556,0.004284617684733725,0.06411613601361951,0.031261169177587644,0.016475993227337348,0.06538394093513489,0.4689955935892812,0.9999999999797932,0.95
medqa_test_00168,qwen3-4b-nothink,medqa,B,B,True,True,False,10,10,529.7,0.006967637286505042,0.0,0.006967637286505042,0.0005457427411241238,0.031397585737421,0.011647216077186228,0.0023290578311053966,0.05611467733979225,0.0,0.0,1.0
medqa_test_01207,qwen3-4b-nothink,medqa,B,B,True,True,False,10,10,480.2,0.008840481152291616,0.0,0.008840481152291616,0.000386981985321373,0.02664333237352201,0.013615429538378975,0.006000782491424194,0.09868825227022171,0.7219280948873623,0.0,0.95
medqa_test_01211,qwen3-4b-nothink,medqa,C,D,False,True,False,10,10,570.9,0.012088454840160651,0.0,0.012088454840160651,0.0008793462963828568,0.05667385265346393,0.028292970097709248,0.015548648676863152,0.06808260828256607,1.6854752972273346,1.0,1.0
medqa_test_00164,qwen3-4b-nothink,medqa,A,A,True,True,False,10,10,598.4,0.00921767214971705,0.0,0.00921767214971705,0.0,0.04175048475799019,0.01723590991618934,0.008411359665945018,0.06855026632547379,0.0,0.0,1.0
medqa_test_00170,qwen3-4b-nothink,medqa,C,C,True,True,False,10,10,519.0,0.02256093736482192,0.0,0.02256093736482192,0.0009525988583400643,0.057520674907264355,0.019819905489934442,0.008665036634585677,0.07646387815475464,0.0,0.99999999999886,0.95
medqa_test_00808,qwen3-4b-nothink,medqa,D,D,True,True,False,10,10,434.9,0.012454568222844574,0.0,0.012454568222844574,0.00023923444976076553,0.03369593372211148,0.018199887800574466,0.008523056577848964,0.07224984467029572,0.0,0.9999999999094392,1.0
medqa_test_00766,qwen3-4b-nothink,medqa,E,D,False,True,False,10,10,699.0,0.016236113286381058,0.0,0.016236113286381058,0.003103288929857794,0.06918259757031948,0.036185117594162444,0.019173073949477225,0.08925378322601318,0.0,0.9999999996839116,0.95
medqa_test_00474,qwen3-4b-nothink,medqa,B,B,True,True,False,10,10,367.9,0.013862961472489149,0.0,0.013862961472489149,0.001147057396669438,0.04537020465003575,0.02075040755481413,0.008649889756877093,0.04617210477590561,0.0,5.789359417388581e-12,1.0
medqa_test_00712,qwen3-4b-nothink,medqa,C,C,True,True,False,10,10,734.9,0.016398999421185688,0.00012970168612191958,0.016528701107307607,0.0017039469568818969,0.07793768134029429,0.04461801007743538,0.025098925101954505,0.10875381529331207,1.5709505944546687,0.9999999998837177,0.95
medqa_test_00936,qwen3-4b-nothink,medqa,B,C,False,True,False,10,10,569.5,0.012429671340166249,0.0,0.012429671340166249,0.0009867013805944793,0.03439369870214418,0.015834491618018164,0.007162009172931272,0.11618228256702423,1.1567796494470395,0.9999999468421502,0.95
medqa_test_01126,qwen3-4b-nothink,medqa,E,A,False,True,False,10,10,568.7,0.007347491728302115,0.0,0.007347491728302115,0.000984811399761525,0.06621710737225768,0.02992885178349105,0.016439235554149834,0.07657257467508316,1.0,0.9999999999622488,0.95
medqa_test_00092,qwen3-4b-nothink,medqa,D,D,True,True,False,10,10,629.9,0.020670794835443436,0.0,0.020670794835443436,0.0032253364578631602,0.06121690491586511,0.02654059004404019,0.014104581554265883,0.08930500596761703,0.0,0.9999999999740539,1.0
medqa_test_01219,qwen3-4b-nothink,medqa,C,C,True,True,False,10,10,570.7,0.013420096317238322,0.0,0.013420096317238322,0.00018726591760299626,0.033441914048592425,0.01637140024251521,0.009434304767182999,0.09255417436361313,0.0,1.0,0.95
medqa_test_00787,qwen3-4b-nothink,medqa,D,A,False,False,True,10,10,567.8,0.011759254501821768,0.0,0.011759254501821768,0.0001545595054095827,0.04984851449619933,0.017310528113484658,0.007161129086990936,0.12146051228046417,1.1567796494470395,1.0,0.95
medqa_test_00655,qwen3-4b-nothink,medqa,B,,,False,True,10,10,476.8,0.0029920099962748204,0.00020661157024793388,0.0031986215665227545,0.00017761989342806396,0.17275787418680402,0.11346194171719866,0.07745135115467663,0.09596194326877594,0.4689955935892812,1.0,1.0
medqa_test_01208,qwen3-4b-nothink,medqa,D,A,False,True,False,10,10,708.6,0.011903661590116191,0.0,0.011903661590116191,0.002598589902326093,0.08585684220259004,0.0438697130243048,0.02633243403449742,0.06603861600160599,0.7219280948873623,0.0,0.95
medqa_test_00089,qwen3-4b-nothink,medqa,C,A,False,True,False,10,10,474.3,0.003892682807866908,0.0,0.003892682807866908,0.0009949170382981777,0.025834380328021166,0.010612397012504216,0.005695504901830939,0.057926759123802185,0.7219280948873623,0.9999999586005954,1.0
medqa_test_00651,qwen3-4b-nothink,medqa,D,B,False,True,False,10,10,518.5,0.014217742509455558,0.00012987012987012987,0.014347612639325689,0.0027202671139098396,0.04411118386477427,0.021953860753218202,0.01133560134158058,0.08890341967344284,0.7219280948873623,0.9999999998973812,1.0
medqa_test_01248,qwen3-4b-nothink,medqa,E,E,True,True,False,10,10,532.9,0.006482280473868914,0.0,0.006482280473868914,0.00035240464344941957,0.04524101913905695,0.02008574010549661,0.00795332042635959,0.13350994884967804,0.8812908992306927,0.0,0.95
medqa_test_00010,qwen3-4b-nothink,medqa,E,B,False,True,False,10,9,710.5,0.005349759212176413,0.00020040080160320639,0.005550160013779619,0.0005477145771392054,0.13903849587545147,0.08819249188198197,0.06117872663006899,0.0747295394539833,0.9910760598382222,1.0,1.0
medqa_test_00949,qwen3-4b-nothink,medqa,A,A,True,True,False,10,10,537.3,0.00840041659271129,0.0,0.00840041659271129,0.0001579778830963665,0.039426378316151,0.018662006232163762,0.010018502725834133,0.04458281025290489,0.0,0.9999999994788584,1.0
medqa_test_00046,qwen3-4b-nothink,medqa,C,C,True,True,False,10,10,382.7,0.002355073823400411,0.0,0.002355073823400411,0.0008031993013932441,0.07973988620275939,0.02748502575106505,0.010556373588363432,0.04764866828918457,0.0,0.9999999990263799,1.0
medqa_test_01245,qwen3-4b-nothink,medqa,B,B,True,True,False,10,10,840.2,0.012775565126821337,0.0,0.012775565126821337,0.00010718113612004287,0.05566416239512412,0.03070106799766432,0.018017406734874154,0.09886693209409714,0.9709505944546686,0.9997388095729285,0.95
medqa_test_01247,qwen3-4b-nothink,medqa,B,A,False,True,False,10,10,328.4,0.004546849073687826,0.0,0.004546849073687826,0.003058121264998191,0.11709197338335602,0.08169110247665076,0.05981720339992953,0.0793229341506958,0.7219280948873623,0.9999999996418252,1.0
medqa_test_00883,qwen3-4b-nothink,medqa,B,B,True,True,False,10,10,436.4,0.0032221503926765744,0.0,0.0032221503926765744,0.0,0.05408445948123762,0.030006357604735003,0.017423999624746965,0.08275887370109558,0.0,0.0,1.0
medqa_test_00221,qwen3-4b-nothink,medqa,A,C,False,True,False,10,10,507.5,0.008409984626332046,0.0,0.008409984626332046,0.0029064289296138394,0.03675580841005956,0.017927177292473895,0.007604026544942277,0.06874676048755646,2.0464393446710156,1.0,0.95
medqa_test_00962,qwen3-4b-nothink,medqa,B,B,True,True,False,10,10,656.3,0.008911090132304617,0.0,0.008911090132304617,0.000849954492724856,0.03760207563562153,0.0190489823284956,0.007377138635503977,0.07063936442136765,0.0,1.0,0.95
medqa_test_01223,qwen3-4b-nothink,medqa,A,A,True,True,False,10,10,578.5,0.00680007868994595,0.0,0.00680007868994595,0.0001976284584980237,0.059156932934058645,0.02838143614556914,0.014605639699547878,0.07319209724664688,1.0,0.9999999998837177,0.95
medqa_test_00923,qwen3-4b-nothink,medqa,C,C,True,True,False,10,10,400.2,0.002656518514660986,0.0,0.002656518514660986,0.0023561658472609423,0.0691838235550509,0.04209156795889581,0.027954396319519913,0.06950890272855759,0.0,1.0,1.0
medqa_test_01036,qwen3-4b-nothink,medqa,B,B,True,True,False,10,10,479.1,0.01603588912265578,0.0,0.01603588912265578,0.0007396581421033209,0.12733612360343122,0.07300982122655321,0.04007056444287697,0.09541543573141098,0.8812908992306927,1.0,0.95
medqa_test_01064,qwen3-4b-nothink,medqa,E,E,True,True,False,10,10,478.4,0.0038960232173181363,0.0,0.0038960232173181363,0.0015039560585397133,0.047689450861177596,0.02850968173582985,0.016652316826553215,0.062368012964725494,0.0,1.0,1.0
medqa_test_00256,qwen3-4b-nothink,medqa,D,C,False,True,False,10,10,520.7,0.0383832318520845,0.0,0.0383832318520845,0.0011385612145571587,0.07713114655385184,0.029457802421528033,0.013816007078416358,0.06726410984992981,0.8812908992306927,0.0,0.95
medqa_test_00139,qwen3-4b-nothink,medqa,D,C,False,True,False,10,10,716.1,0.011191921707695797,0.0,0.011191921707695797,0.0038761029489413684,0.10107060103909178,0.049739693057591475,0.02484890375175297,0.12226032465696335,0.4689955935892812,1.0,1.0
medqa_test_01213,qwen3-4b-nothink,medqa,E,E,True,True,False,10,10,513.7,0.019108149714418286,0.0,0.019108149714418286,0.00036079120307111717,0.03186479571158488,0.011791131841330238,0.006663182697321279,0.07551053911447525,1.295461844238322,0.9999999956365377,0.95
medqa_test_00763,qwen3-4b-nothink,medqa,A,D,False,False,True,10,10,860.7,0.003534529126821285,0.00014524328249818446,0.0036797724093194694,0.0006064996484815866,0.13848330649018448,0.09567441112929125,0.07079778811992159,0.07119331508874893,0.7219280948873623,0.0,1.0
medqa_test_00239,qwen3-4b-nothink,medqa,A,D,False,True,False,10,10,511.6,0.024208003217419317,0.0,0.024208003217419317,0.0,0.036947482848266114,0.012312441843419375,0.004396861410131703,0.11304567009210587,0.0,1.0,0.95
medqa_test_00624,qwen3-4b-nothink,medqa,E,A,False,True,False,10,10,629.6,0.005911098685312851,0.00030326161429904954,0.006214360299611901,0.00029089174013950247,0.04523272263222393,0.022914276841391624,0.011782752559686216,0.09038189053535461,1.0,0.9968273151693317,1.0
medqa_test_00606,qwen3-4b-nothink,medqa,E,B,False,True,False,10,10,479.3,0.012221741153538706,0.0,0.012221741153538706,0.00043116666742952346,0.10228192638213189,0.05329129583809664,0.03048212022181982,0.06664483994245529,0.9709505944546686,0.9999986290421394,1.0
medqa_test_00723,qwen3-4b-nothink,medqa,D,C,False,True,False,10,10,491.2,0.012827425289577652,0.0,0.012827425289577652,0.0002173913043478261,0.023180364178740576,0.005344481796463329,0.0011659744257840332,0.15571928024291992,1.0,0.9999999996418253,1.0
medqa_test_00459,qwen3-4b-nothink,medqa,E,D,False,True,False,10,10,552.4,0.009107869510412009,0.0,0.009107869510412009,0.0003627144059770599,0.046448117263424016,0.018991043838610687,0.009950199253093173,0.11435235291719437,0.0,0.9999999998973813,1.0
medqa_test_00579,qwen3-4b-nothink,medqa,E,E,True,True,False,10,10,652.2,0.013379388622128587,0.0,0.013379388622128587,0.000307961300850915,0.041107080481638913,0.015165904399750884,0.006935998695771639,0.10882764309644699,1.3567796494470397,0.9999999999740539,0.95
medqa_test_00157,qwen3-4b-nothink,medqa,A,A,True,True,False,10,10,507.0,0.004581362866017642,0.0,0.004581362866017642,0.0,0.02371913159650637,0.012698833988674552,0.007002128320687228,0.08829935640096664,0.0,1.0,1.0
medqa_test_00084,qwen3-4b-nothink,medqa,D,D,True,True,False,10,10,644.1,0.01363721873877084,0.0,0.01363721873877084,0.0026064092313068713,0.047027049798234376,0.019763846187570232,0.01066156659080827,0.06173913925886154,0.0,0.999999999782756,0.95
medqa_test_00352,qwen3-4b-nothink,medqa,A,E,False,True,False,10,10,862.4,0.010599206515974648,0.0,0.010599206515974648,0.0017663111296419315,0.04089764981337325,0.016129743058230717,0.006139000157750862,0.12499973177909851,0.0,4.9444536762890135e-09,0.95
medqa_test_00612,qwen3-4b-nothink,medqa,B,E,False,True,False,10,10,547.4,0.015267430895434886,0.0,0.015267430895434886,0.001769152608373797,0.05300961616990554,0.024549028815438956,0.011553421560137767,0.09608148038387299,1.3567796494470397,0.9999938558224682,1.0
medqa_test_00072,qwen3-4b-nothink,medqa,C,C,True,True,False,10,10,743.9,0.005469556163922603,0.0,0.005469556163922603,0.0013328416018062107,0.03074677275903944,0.012100314071904927,0.006064142961577102,0.1253865510225296,0.4689955935892812,0.9999999998506907,0.95
medqa_test_00724,qwen3-4b-nothink,medqa,E,C,False,True,False,10,10,627.9,0.012776106569070625,0.0,0.012776106569070625,0.0007018595877934422,0.03789304968267508,0.013481760877896631,0.003953987974856998,0.07839711755514145,0.9709505944546686,2.9311539433127515e-05,1.0
medqa_test_00374,qwen3-4b-nothink,medqa,D,A,False,True,False,10,10,689.4,0.009681976016511072,0.0,0.009681976016511072,0.00013386880856760375,0.04124674481648505,0.02003887116216311,0.010615068127715555,0.11395404487848282,0.8812908992306927,1.0,0.95
medqa_test_00363,qwen3-4b-nothink,medqa,D,D,True,True,False,10,10,592.2,0.02758099469293614,0.0,0.02758099469293614,0.0,0.08650786703158911,0.04474379662533594,0.02140463473932832,0.09355038404464722,0.9709505944546686,1.0,0.95
medqa_test_00642,qwen3-4b-nothink,medqa,B,B,True,True,False,10,10,678.7,0.016606273160204653,0.0,0.016606273160204653,0.00032031914130913487,0.06676420587052198,0.03454947611144101,0.02035740634874387,0.07210121303796768,0.0,1.0,0.95
medqa_test_01095,qwen3-4b-nothink,medqa,D,A,False,True,False,10,10,431.8,0.004911637600033633,0.0,0.004911637600033633,0.002110243794230571,0.1164397546275738,0.07092088673425342,0.04347850344831008,0.12924619019031525,1.1567796494470395,0.9999999999666845,0.95
medqa_test_01168,qwen3-4b-nothink,medqa,A,A,True,True,False,10,10,507.7,0.0031644746962586345,0.0,0.0031644746962586345,0.0,0.06778562728684466,0.02607530445943259,0.016101908874785555,0.06009232625365257,0.0,1.0,1.0
medqa_test_00101,qwen3-4b-nothink,medqa,A,A,True,True,False,10,10,462.4,0.003816065441428347,0.0,0.003816065441428347,0.0013506233276668323,0.059634407959123226,0.03052480178903605,0.01676684446030202,0.07832567393779755,0.0,0.9999999995400946,0.95
medqa_test_00401,qwen3-4b-nothink,medqa,C,E,False,True,False,10,10,708.6,0.006076248495730819,0.0,0.006076248495730819,0.006696995787206933,0.10085553853976552,0.056036187838340315,0.03243242975886061,0.07806316763162613,1.1567796494470395,0.999999999990455,0.95
medqa_test_00348,qwen3-4b-nothink,medqa,D,D,True,True,False,10,10,566.3,0.008991242176205644,0.00022935779816513763,0.009220599974370781,0.003125905096350347,0.05813275090225334,0.028359031360532482,0.01261323286797177,0.07599564641714096,0.8812908992306927,0.9999999999797932,0.95
medqa_test_00346,qwen3-4b-nothink,medqa,C,A,False,True,False,10,10,426.1,0.023215426638354467,0.0002320185614849188,0.023447445199839385,0.00045351473922902497,0.056232380801277085,0.028645821835461282,0.01589698851548258,0.055290523916482925,0.0,1.0,0.9
medqa_test_00119,qwen3-4b-nothink,medqa,C,C,True,True,False,10,10,560.0,0.015498880242036429,0.0,0.015498880242036429,0.0006498627274634233,0.03378876872655549,0.015912655700757682,0.008097095109554153,0.10111328959465027,0.0,0.9999999999877439,0.95
medqa_test_00870,qwen3-4b-nothink,medqa,A,A,True,True,False,10,10,466.8,0.01599492475822655,0.0,0.01599492475822655,0.0,0.035787228489172665,0.020752133840912356,0.01388497506959161,0.06796203553676605,0.0,0.9999999943972036,0.95
medqa_test_00525,qwen3-4b-nothink,medqa,E,E,True,False,False,9,10,1154.5,0.010296394847169103,4.889975550122249e-05,0.010345294602670327,0.0003581059179785224,0.10749803869467833,0.0839134125714514,0.07440386562734122,0.090923011302948,1.0,0.0,0.95
medqa_test_00749,qwen3-4b-nothink,medqa,C,C,True,True,False,10,10,585.9,0.01223816194408675,0.0,0.01223816194408675,0.0004766422842828558,0.06403433251167204,0.03690675683836879,0.02372940304914737,0.11687178909778595,1.5219280948873621,0.9999921107355332,0.95
medqa_test_00147,qwen3-4b-nothink,medqa,D,D,True,True,False,10,10,493.3,0.01779426193139416,0.0,0.01779426193139416,0.000398013496815892,0.02749161491117704,0.009817220015249562,0.004074232166684044,0.0812440738081932,0.0,0.9999999999200805,0.95
medqa_test_00439,qwen3-4b-nothink,medqa,A,A,True,True,False,10,10,630.8,0.007466885070416348,0.0,0.007466885070416348,0.0011384055396494517,0.047625463956592215,0.02637745569400659,0.015197357579242976,0.08676540106534958,0.0,1.0,0.95
medqa_test_00016,qwen3-4b-nothink,medqa,E,E,True,True,False,10,10,468.6,0.0030635672053992203,0.0,0.0030635672053992203,0.0008196168190096884,0.04968680010898215,0.014380214804085878,0.005994380051543647,0.06590535491704941,0.7219280948873623,1.0,0.95
medqa_test_00402,qwen3-4b-nothink,medqa,B,B,True,True,False,10,10,599.4,0.017461083110171707,0.00011862396204033216,0.017579707072212042,0.00026292410634047646,0.09494098200721249,0.0656382645252263,0.04860240648951582,0.11346877366304398,0.4689955935892812,0.9999999983947728,0.95
medqa_test_00708,qwen3-4b-nothink,medqa,B,D,False,True,False,10,10,706.1,0.008692859709637537,0.0,0.008692859709637537,0.0003090008100252537,0.03542053712671933,0.01465751569887197,0.006912016223525186,0.08390986919403076,0.7219280948873623,0.999999999986112,1.0
medqa_test_00304,qwen3-4b-nothink,medqa,A,A,True,True,False,10,10,694.6,0.007371094672464139,0.0,0.007371094672464139,0.00025915160202808526,0.03820398490567466,0.012648571276355214,0.004588717892529137,0.0783141478896141,0.0,6.60521517555291e-05,0.95
medqa_test_00614,qwen3-4b-nothink,medqa,D,D,True,True,False,10,10,655.0,0.008804823894658944,0.0,0.008804823894658944,0.0012206839354527075,0.07138409720830122,0.04006024009822334,0.021574669178467298,0.0734967365860939,0.0,1.0,1.0
medqa_test_00971,qwen3-4b-nothink,medqa,E,E,True,True,False,10,10,746.4,0.010877783753095175,0.0,0.010877783753095175,0.0010918242674166079,0.031035031671733528,0.014316099850065656,0.007428476801047856,0.07587803900241852,0.7219280948873623,0.9999999998973813,1.0
medqa_test_00772,qwen3-4b-nothink,medqa,E,E,True,True,False,10,10,374.7,0.007958761936299004,0.0,0.007958761936299004,0.0024215343533528625,0.036358497347136164,0.009712630836812364,0.003387728266291279,0.04427953436970711,0.0,1.0,1.0
medqa_test_00894,qwen3-4b-nothink,medqa,A,A,True,True,False,10,10,549.6,0.007654545150517661,0.0,0.007654545150517661,0.0,0.06698112562795958,0.03391553539973062,0.01540306243030346,0.06891805678606033,0.0,0.9999999999666846,1.0
medqa_test_00038,qwen3-4b-nothink,medqa,E,,,False,True,10,10,964.5,0.009347023976676777,0.00012113870381586917,0.009468162680492645,0.004382534408217573,0.14838089932634638,0.0839256161907643,0.05559904352216839,0.05610806122422218,0.4689955935892812,0.9999998362624226,1.0
medqa_test_00282,qwen3-4b-nothink,medqa,A,A,True,True,False,10,10,509.1,0.013983571021583582,0.0,0.013983571021583582,0.0027491722373932585,0.05973897243725392,0.024715720648104,0.011050393552624983,0.07932358980178833,0.0,1.0,0.95
medqa_test_00512,qwen3-4b-nothink,medqa,B,A,False,True,False,10,10,529.4,0.008061008518138226,0.0,0.008061008518138226,0.002005818002069779,0.03672215418366999,0.019622794400309385,0.010828266997521074,0.04783044382929802,0.0,0.9999832985701906,1.0
medqa_test_00989,qwen3-4b-nothink,medqa,B,E,False,True,False,10,10,667.0,0.015487660958136617,0.0,0.015487660958136617,0.0,0.04176265040766438,0.015458162640520213,0.007916009993132389,0.07865633815526962,1.1567796494470395,0.0,0.95
medqa_test_00080,qwen3-4b-nothink,medqa,B,B,True,True,False,10,10,832.4,0.02080652453708942,0.0011224097852661232,0.02192893432235555,0.0009437761772489615,0.12020937706058729,0.07803985871047531,0.05426454297301504,0.12274593859910965,1.3709505944546687,1.0,1.0
medqa_test_01174,qwen3-4b-nothink,medqa,C,C,True,True,False,10,10,775.8,0.013276486228837894,0.0,0.013276486228837894,0.0018389792858955665,0.06847998497646933,0.0351595827622847,0.01850812115879803,0.07394613325595856,0.0,0.9999999991407834,0.95
medqa_test_00628,qwen3-4b-nothink,medqa,C,C,True,True,False,10,10,763.3,0.013602925451114778,0.0,0.013602925451114778,0.000923243730851986,0.047080545478689804,0.02412637489057313,0.012333993368413121,0.0737905353307724,0.0,0.9999999936512061,0.95
medqa_test_00945,qwen3-4b-nothink,medqa,B,B,True,True,False,10,10,442.3,0.013589750828672273,0.0,0.013589750828672273,0.0022933600966839047,0.12244926969357013,0.0716399541361391,0.04721724034644962,0.1278168112039566,1.6854752972273346,0.0,0.95
medqa_test_00494,qwen3-4b-nothink,medqa,A,E,False,True,False,10,10,817.6,0.01368122433525408,0.0,0.01368122433525408,0.001927030701517857,0.05976118444532917,0.02443142992650186,0.010840320241329592,0.11279021203517914,0.4689955935892812,0.999999999140784,1.0
medqa_test_00320,qwen3-4b-nothink,medqa,D,B,False,True,False,10,10,618.1,0.008489633481079051,0.0,0.008489633481079051,0.00081377235052812,0.03875292147471114,0.016010822645934432,0.006948797667565487,0.07552331686019897,0.0,1.0,0.95
medqa_test_00921,qwen3-4b-nothink,medqa,B,A,False,True,False,10,10,539.0,0.002176688580388803,0.0,0.002176688580388803,0.0003249873278702374,0.030758603864187994,0.01137079158864881,0.00523647888883062,0.078945592045784,0.0,0.9999999999999558,0.95
medqa_test_00050,qwen3-4b-nothink,medqa,E,E,True,True,False,10,10,419.8,0.0076630847567369905,0.0,0.0076630847567369905,0.0009704985376256523,0.06409573261692665,0.032656508800743556,0.01496395436871667,0.06984557211399078,0.0,1.0,1.0
medqa_test_00504,qwen3-4b-nothink,medqa,C,C,True,True,False,10,10,540.5,0.014601697347546568,0.0,0.014601697347546568,0.0018756516923105738,0.03617960787168718,0.014031623335560439,0.005811592134713328,0.05737297236919403,0.0,1.0,0.95
medqa_test_01042,qwen3-4b-nothink,medqa,E,E,True,True,False,10,10,317.6,0.007714994372156064,0.0,0.007714994372156064,0.0014980919714861062,0.1174380257369581,0.06856376533160846,0.04352487558808933,0.054460737854242325,0.7219280948873623,0.9999999999861121,1.0
medqa_test_01110,qwen3-4b-nothink,medqa,D,D,True,True,False,10,10,608.2,0.0161607788827371,0.00020833333333333332,0.01636911221607043,0.0007227756829739637,0.07356838949077736,0.035668576530966264,0.018581220297495205,0.13177835941314697,1.5709505944546687,1.0,0.95
medqa_test_01175,qwen3-4b-nothink,medqa,B,B,True,True,False,10,10,492.5,0.019375749401240774,0.0,0.019375749401240774,0.00039219401288366804,0.037312875691455895,0.016219283647122617,0.00905136512703073,0.06646443158388138,0.4689955935892812,0.9999999998837177,0.95
medqa_test_00762,qwen3-4b-nothink,medqa,C,A,False,True,False,10,10,709.1,0.014096925116633246,0.0,0.014096925116633246,0.0009779222293624316,0.06414485804747821,0.027463599335664623,0.013139278325158965,0.04574931412935257,0.8812908992306927,1.0,0.75
medqa_test_00632,qwen3-4b-nothink,medqa,E,E,True,True,False,10,10,571.3,0.011631355269235293,0.0,0.011631355269235293,0.0,0.08711723973396027,0.049142306667361337,0.02881531069503248,0.0682249367237091,0.0,0.9999998724810854,1.0
medqa_test_00839,qwen3-4b-nothink,medqa,B,B,True,True,False,10,10,587.2,0.009553717328433842,0.0,0.009553717328433842,0.0014522514666000703,0.05928455363436924,0.02601118288170179,0.0120804524253176,0.06341921538114548,0.0,1.0,1.0
medqa_test_00872,qwen3-4b-nothink,medqa,D,A,False,True,False,10,10,556.5,0.005830556915111414,0.0,0.005830556915111414,0.0070931696992885245,0.2076075737679198,0.12857348929359885,0.08094072600804735,0.09928321838378906,0.4689955935892812,0.9999999979388463,1.0
medqa_test_00226,qwen3-4b-nothink,medqa,D,D,True,True,False,10,10,600.1,0.00835886112568537,0.0,0.00835886112568537,0.0,0.033519835395217225,0.01386774523818266,0.00580110261580079,0.06616756319999695,0.4689955935892812,0.0,0.95
medqa_test_01056,qwen3-4b-nothink,medqa,D,D,True,True,False,10,10,380.1,0.012101247677292011,0.0,0.012101247677292011,0.0019489932109250734,0.034862335152023693,0.010120312904901053,0.004933087141391424,0.09468625485897064,0.4689955935892812,0.2689414155105544,1.0
medqa_test_00502,qwen3-4b-nothink,medqa,B,B,True,True,False,10,10,367.4,0.004733414566700485,0.0,0.004733414566700485,0.0016052034849027327,0.03301863041628985,0.013829570544607728,0.0031818837473592486,0.0517650805413723,0.0,0.0,0.95
medqa_test_00794,qwen3-4b-nothink,medqa,E,E,True,True,False,10,10,626.1,0.018678836433526157,0.0,0.018678836433526157,0.0,0.066367086618962,0.03269313054253039,0.018853439061374135,0.07339166104793549,0.0,0.9999999991407829,1.0
medqa_test_00115,qwen3-4b-nothink,medqa,E,E,True,True,False,10,10,403.3,0.004650951984810559,0.0002288329519450801,0.004879784936755639,0.004463293881544507,0.09437121083597962,0.03840628670656469,0.017682038378102727,0.06054604798555374,0.9219280948873623,0.9999999999771026,1.0
medqa_test_00751,qwen3-4b-nothink,medqa,C,E,False,True,False,10,10,585.9,0.017948610714491116,0.0,0.017948610714491116,0.00013605442176870748,0.08341849646365856,0.037923243259691174,0.015925252794454715,0.11131414771080017,0.8812908992306927,0.9999999976644076,0.95
medqa_test_00419,qwen3-4b-nothink,medqa,B,B,True,True,False,10,10,765.4,0.012916415923572145,0.0,0.012916415923572145,0.0006063179367350886,0.05030896818896511,0.02442813090516236,0.013710326914453863,0.07221797108650208,0.0,0.9999993524054334,0.95
medqa_test_00310,qwen3-4b-nothink,medqa,B,A,False,True,False,10,10,373.8,0.017042993680673336,0.0,0.017042993680673336,0.0024842538840739955,0.055763016835623305,0.02161058323984707,0.00829649528490779,0.04372186213731766,0.0,0.9999999317439628,0.95
medqa_test_00213,qwen3-4b-nothink,medqa,A,A,True,True,False,10,10,516.3,0.013654042363812032,0.0,0.013654042363812032,0.0011564498916895264,0.022847624737541726,0.006212670255036612,0.0014489619377162644,0.07087392359972,0.0,1.1399913091760557e-12,0.95
medqa_test_01047,qwen3-4b-nothink,medqa,B,B,True,True,False,10,10,801.2,0.013294384777533535,0.00011614401858304297,0.01341052879611658,0.0012354910508997111,0.05523494263587329,0.019672897372716623,0.008020110177383678,0.12119237333536148,0.9709505944546686,4.363462233903305e-09,0.95
medqa_test_00060,qwen3-4b-nothink,medqa,D,D,True,True,False,10,10,542.6,0.013149677248547983,0.00012787723785166242,0.013277554486399645,0.00012787723785166242,0.042103332265737606,0.01976241169655222,0.009364100253869311,0.07001848518848419,0.0,1.0,0.95
medqa_test_00755,qwen3-4b-nothink,medqa,D,D,True,True,False,10,10,723.9,0.014981889588748076,0.0,0.014981889588748076,0.0005425378922752098,0.04424017899146525,0.023338440828609475,0.01304644745395015,0.06972265988588333,1.295461844238322,0.9999999985833908,0.95
medqa_test_00479,qwen3-4b-nothink,medqa,D,D,True,True,False,10,10,530.3,0.018678721226843015,0.0,0.018678721226843015,0.00024271844660194174,0.036233667491164245,0.01478033663445839,0.006281104969851103,0.05547965317964554,0.0,1.0,0.95
medqa_test_00155,qwen3-4b-nothink,medqa,E,C,False,True,False,10,10,804.9,0.011630586528491187,0.0,0.011630586528491187,0.00010869565217391305,0.023235875316865405,0.008858589563768338,0.003663479569543404,0.0595129057765007,0.0,0.9988304924797662,0.95
medqa_test_00910,qwen3-4b-nothink,medqa,C,B,False,True,False,10,10,520.9,0.016144471950816308,0.0,0.016144471950816308,0.0,0.06168739437915557,0.034126182612798914,0.019937976269669377,0.09453803300857544,1.1567796494470395,0.9999999226558195,0.95
medqa_test_00076,qwen3-4b-nothink,medqa,B,B,True,True,False,10,10,540.6,0.010114353674705175,0.0,0.010114353674705175,0.0007014953483095077,0.03135607325127319,0.014588984420833551,0.007001014718433729,0.06182163581252098,0.0,0.9999999999622486,1.0
medqa_test_01210,qwen3-4b-nothink,medqa,C,C,True,True,False,10,10,748.4,0.019948590978018144,0.0,0.019948590978018144,0.00028368794326241134,0.04286204632296845,0.018717555326176593,0.007631026393974704,0.08207214623689651,0.7219280948873623,0.9999999999377587,0.9
medqa_test_00404,qwen3-4b-nothink,medqa,A,D,False,True,False,10,10,642.6,0.004770833600700159,0.0,0.004770833600700159,0.0002958579881656805,0.08098627855813734,0.041061954314805374,0.019269131551289,0.09910522401332855,0.9709505944546686,0.9999999999969011,1.0
medqa_test_00906,qwen3-4b-nothink,medqa,E,B,False,False,False,8,9,1410.9,0.010349560588021252,0.0007321893361185435,0.011081749924139794,0.0007524676551921048,0.2597254208017971,0.22669453615671015,0.2064351268999962,0.215890035033226,1.8910611120726528,1.0,1.0
medqa_test_00322,qwen3-4b-nothink,medqa,D,D,True,True,False,10,10,487.6,0.010269731881551817,0.0,0.010269731881551817,0.00018281535648994517,0.04017254171160499,0.014079361318998451,0.005239095635480062,0.09716799855232239,0.0,0.999999999996021,1.0
medqa_test_00295,qwen3-4b-nothink,medqa,B,B,True,True,False,10,10,425.8,0.008562196684470554,0.0,0.008562196684470554,0.0,0.03419539124645478,0.012133683427783403,0.004511891065362516,0.059695519506931305,0.0,0.9999999999450722,1.0
medqa_test_00037,qwen3-4b-nothink,medqa,A,E,False,True,False,10,10,578.4,0.021783377759980845,0.0,0.021783377759980845,0.0011736565921605636,0.05675730068043775,0.023178733719087408,0.011010297220780407,0.07243256270885468,1.295461844238322,1.0,0.95
medqa_test_00397,qwen3-4b-nothink,medqa,B,B,True,True,False,10,10,604.4,0.011232062067755778,0.0,0.011232062067755778,0.0024783304983152553,0.03739825872293016,0.014463512677891966,0.005488719068798764,0.08632604777812958,0.0,1.0,0.95
medqa_test_00205,qwen3-4b-nothink,medqa,B,B,True,True,False,10,10,456.8,0.012835350922375982,0.0,0.012835350922375982,0.0009984538980072424,0.07370989555798688,0.04129536492194402,0.025385847998846613,0.07561703771352768,0.4689955935892812,5.905303994457662e-10,1.0
medqa_test_00033,qwen3-4b-nothink,medqa,B,D,False,False,False,9,10,1245.1,0.012380219095425912,0.0007634714799893521,0.013143690575415265,0.0006977742390387263,0.1846307794324839,0.13929572639052065,0.11234991576294091,0.10018562525510788,1.5709505944546684,0.0,0.95
medqa_test_01002,qwen3-4b-nothink,medqa,B,B,True,True,False,10,10,659.1,0.025241449305073382,0.0,0.025241449305073382,0.0016952191445528408,0.0844823175051542,0.04647701953338864,0.02657194581108795,0.07948045432567596,0.8812908992306927,3.581751333338158e-10,0.9
medqa_test_00666,qwen3-4b-nothink,medqa,A,A,True,True,False,10,10,593.0,0.015400372195266054,0.0,0.015400372195266054,0.0022381159590368857,0.10742816864598534,0.05842447421789927,0.03749000288426631,0.06487848609685898,0.4689955935892812,0.9999999999094392,0.95
medqa_test_00998,qwen3-4b-nothink,medqa,B,B,True,True,False,10,10,352.5,0.026821990258850358,0.0,0.026821990258850358,0.00481794927186786,0.06043137159100812,0.025198761648588884,0.012311547287044589,0.04493812471628189,0.0,1.0,0.95
medqa_test_00595,qwen3-4b-nothink,medqa,B,B,True,True,False,10,10,407.5,0.0031341052326491004,0.0,0.0031341052326491004,0.0,0.18616752272012446,0.1499023097692374,0.12303969772217158,0.05175946652889252,0.0,1.0,1.0
medqa_test_01135,qwen3-4b-nothink,medqa,E,D,False,False,False,9,10,663.6,0.0034726285857754023,0.000117096018735363,0.0035897246045107655,0.0017892641208998275,0.07338805389464728,0.03329406050909635,0.016907097652304415,0.10859563946723938,1.1567796494470395,1.0,1.0
medqa_test_01120,qwen3-4b-nothink,medqa,D,D,True,True,False,10,10,372.2,0.0054482197546555505,0.0,0.0054482197546555505,0.0005405405405405405,0.04653768486665828,0.02447853785655183,0.01223713784942535,0.06913340836763382,0.0,0.999997438721592,1.0
medqa_test_01001,qwen3-4b-nothink,medqa,C,C,True,True,False,10,10,527.1,0.01149710521946563,0.0,0.01149710521946563,0.00023923444976076553,0.0509689586491634,0.02580175636001697,0.015201703877125595,0.058094605803489685,0.0,0.9999999999200804,0.95
medqa_test_00245,qwen3-4b-nothink,medqa,D,D,True,True,False,10,10,664.3,0.009828278577552448,0.0,0.009828278577552448,0.0005854759988533992,0.06488405293658969,0.03473879477671491,0.016975157314026146,0.08034329116344452,0.0,0.9999724643065172,0.95
medqa_test_00643,qwen3-4b-nothink,medqa,E,C,False,True,False,10,10,478.5,0.022698577338479353,0.0,0.022698577338479353,0.0037760318300461733,0.06225406234905494,0.031048970417749632,0.015746615844843527,0.07854371517896652,0.7219280948873623,0.999999999990455,0.9
medqa_test_01081,qwen3-4b-nothink,medqa,E,E,True,True,False,10,10,692.9,0.0108919999833502,0.0,0.0108919999833502,0.0,0.05500455357002977,0.03009528979967181,0.01781221228962553,0.10106824338436127,0.9219280948873623,1.0,1.0
medqa_test_00729,qwen3-4b-nothink,medqa,D,E,False,True,False,10,10,610.8,0.013619967842059799,0.0,0.013619967842059799,0.00016835016835016833,0.024809115486494514,0.009460338597283213,0.0039233677700941105,0.11121298372745514,1.0,0.9999999966017308,0.95
medqa_test_00615,qwen3-4b-nothink,medqa,A,A,True,True,False,10,10,665.9,0.014477873486161284,0.0,0.014477873486161284,0.0003542664020641504,0.03463988479699378,0.013576625064210368,0.005146132704187023,0.09321277588605881,0.4689955935892812,1.0,0.95
medqa_test_00896,qwen3-4b-nothink,medqa,E,E,True,True,False,10,10,617.9,0.01084932489176656,0.0,0.01084932489176656,0.0011059432334236939,0.058505928079385414,0.02976241400508479,0.013945785933579879,0.06820232421159744,0.9709505944546686,0.9999999998682348,0.95
medqa_test_00926,qwen3-4b-nothink,medqa,B,B,True,True,False,10,10,658.7,0.009149098126063324,0.0,0.009149098126063324,0.0,0.018022141913200528,0.0054085772918675,0.0015707043273583189,0.06930345296859741,0.0,0.0013250220999946665,0.95
medqa_test_00385,qwen3-4b-nothink,medqa,E,D,False,True,False,10,10,554.2,0.01513608582164645,0.0,0.01513608582164645,0.0,0.03838095570587147,0.013934106339042619,0.005238248251060807,0.05673649534583092,0.0,0.0,0.95
medqa_test_01244,qwen3-4b-nothink,medqa,A,D,False,True,False,10,10,620.8,0.006498404746963187,0.00035939073514602214,0.006857795482109208,0.0018759654302251433,0.11425171861611369,0.06647145577568264,0.0441919103269232,0.050849899649620056,0.0,0.9999999999954912,1.0
medqa_test_01152,qwen3-4b-nothink,medqa,B,A,False,True,False,10,10,649.5,0.006997782333324658,0.00011627906976744185,0.007114061403092101,0.0025098952926847677,0.06492425270448501,0.03576426788978434,0.0241375378591002,0.10644664615392685,1.1567796494470395,1.0,0.95
medqa_test_00944,qwen3-4b-nothink,medqa,E,C,False,True,False,10,10,972.7,0.010626762445386543,0.0,0.010626762445386543,0.0009731235720600695,0.05576345822982517,0.02168801738230236,0.008199525016722563,0.10115984827280045,0.4689955935892812,2.4133627718254982e-12,0.95
medqa_test_00149,qwen3-4b-nothink,medqa,E,E,True,True,False,10,10,543.5,0.007295355987307508,0.0,0.007295355987307508,0.0009328706657165464,0.07120480955131796,0.04180516833707949,0.026881174353143633,0.08450154960155487,1.1567796494470395,0.0,0.3
medqa_test_00933,qwen3-4b-nothink,medqa,A,E,False,True,False,10,10,896.5,0.011883059647988485,0.0,0.011883059647988485,0.0002453382739660531,0.02942652829562927,0.011778734333982355,0.00515481107917658,0.09755584597587585,0.0,0.0,1.0
medqa_test_00591,qwen3-4b-nothink,medqa,C,B,False,True,False,10,10,559.9,0.018583230722339385,0.0,0.018583230722339385,0.0010122754861885297,0.06107732415599907,0.03083907216024645,0.01732391112516727,0.0824095830321312,0.9709505944546686,1.0,0.9
medqa_test_01151,qwen3-4b-nothink,medqa,B,B,True,True,False,10,10,587.0,0.015776616738872637,0.0,0.015776616738872637,0.0,0.04540804942744723,0.01764171439262512,0.005834169409910006,0.09555231779813766,0.4689955935892812,1.0,0.95
medqa_test_00140,qwen3-4b-nothink,medqa,D,D,True,True,False,10,10,474.0,0.006572596236949946,0.0,0.006572596236949946,0.0013865826421156457,0.025484466904308233,0.00962189465982034,0.005272574811364128,0.05439765751361847,0.7219280948873623,0.9999977396748937,1.0
medqa_test_01154,qwen3-4b-nothink,medqa,D,D,True,True,False,10,10,465.7,0.008336974936488517,0.0,0.008336974936488517,0.003948081361448788,0.05229238764902533,0.023109437907852616,0.012554400899947726,0.0656946524977684,0.0,0.9999999999999065,1.0
medqa_test_00828,qwen3-4b-nothink,medqa,C,C,True,True,False,10,10,640.5,0.020021766593948054,0.0,0.020021766593948054,0.0,0.031170268394842927,0.015307472135732003,0.008186985419090109,0.07292880117893219,0.0,0.999999999986112,0.95
medqa_test_00851,qwen3-4b-nothink,medqa,C,B,False,True,False,10,10,589.7,0.01044818231106554,0.00045251350334474824,0.010900695814410288,0.0007904562215850078,0.08177447814554366,0.053810943152515146,0.04427183897393133,0.09385188668966293,0.4689955935892812,0.0,0.95
medqa_test_00007,qwen3-4b-nothink,medqa,C,C,True,True,False,10,10,749.9,0.007464747564270263,0.0,0.007464747564270263,0.002962268518334344,0.039962869992492614,0.013643823505327824,0.00498067781650019,0.08579884469509125,0.0,0.9999999317439628,1.0
medqa_test_00953,qwen3-4b-nothink,medqa,D,C,False,True,False,10,10,383.5,0.00538045237229877,0.0,0.00538045237229877,0.002955163208753835,0.046708404620225755,0.021288627810222692,0.009049913892485861,0.09078755974769592,0.0,0.9999986290421394,1.0
medqa_test_00091,qwen3-4b-nothink,medqa,B,B,True,True,False,10,10,579.5,0.011061830053076562,0.0003299766740626956,0.011391806727139258,0.000984348695766107,0.08994650752622918,0.05204215228971069,0.031651443798291254,0.03834366798400879,0.0,0.9999999999622486,1.0
medqa_test_00184,qwen3-4b-nothink,medqa,B,A,False,True,False,10,10,413.5,0.014178253525716316,0.0,0.014178253525716316,0.0004157083226850669,0.01573719170441429,0.004114483159632154,0.0003003003003003046,0.053878411650657654,0.0,0.0,0.95
medqa_test_00116,qwen3-4b-nothink,medqa,D,D,True,True,False,10,10,591.0,0.010573517768402967,0.0,0.010573517768402967,0.0004454899446555349,0.054563392001775145,0.02240071011963114,0.01014766860798364,0.0994139164686203,0.0,1.0,1.0
medqa_test_00684,qwen3-4b-nothink,medqa,B,B,True,True,False,10,10,677.2,0.01633715705667912,0.0,0.01633715705667912,0.00013089005235602096,0.04042720107606342,0.019552858020666343,0.008915217061854086,0.10082468390464783,1.4854752972273344,0.9999999998082828,1.0
medqa_test_00099,qwen3-4b-nothink,medqa,C,E,False,True,False,10,10,562.5,0.016589794624699485,0.0006470243483091718,0.017236818973008657,0.0024044098759620778,0.18659759524386096,0.13906270474506788,0.1063095404823704,0.08662103861570358,0.4689955935892812,0.99999999940947,1.0
medqa_test_00585,qwen3-4b-nothink,medqa,E,E,True,True,False,10,10,682.7,0.013144805620495123,0.0,0.013144805620495123,0.0,0.031107270065724314,0.015919477589919552,0.00983217277153492,0.07949461787939072,0.4689955935892812,0.0,1.0
medqa_test_00144,qwen3-4b-nothink,medqa,D,C,False,False,False,9,9,960.7,0.015441687092634914,0.00011415525114155251,0.01555584234377647,0.00160541314901285,0.13672177496523577,0.10896488035414717,0.0946741495459423,0.09908247739076614,1.3516441151533924,1.0,0.95
medqa_test_01079,qwen3-4b-nothink,medqa,E,E,True,True,False,10,10,582.3,0.007435861355955161,0.0,0.007435861355955161,0.000917164980103404,0.04208365899148817,0.016331521152771544,0.006109021831990069,0.07801391184329987,0.0,1.0,1.0
medqa_test_00884,qwen3-4b-nothink,medqa,A,A,True,True,False,10,10,246.1,0.012227322937820494,0.0,0.012227322937820494,0.0033572406611699934,0.010787336727961894,0.0018294175232501208,0.0,0.05274464190006256,0.0,0.9999999999934397,1.0
medqa_test_00617,qwen3-4b-nothink,medqa,B,B,True,True,False,10,10,512.4,0.018423956240260872,0.0,0.018423956240260872,0.0027411548915556713,0.07176035736597189,0.03309876205604343,0.0194837791374462,0.041919440031051636,0.0,0.9999999999969013,1.0
medqa_test_00301,qwen3-4b-nothink,medqa,D,C,False,False,True,8,10,1517.9,0.0033568410026694417,0.0012266118745869609,0.004583452877256403,0.002912839077384225,0.33227494195413476,0.2774421920717005,0.2455788568099082,0.146723210811615,2.2464393446710154,1.0,1.0
medqa_test_00524,qwen3-4b-nothink,medqa,B,E,False,True,False,10,10,644.5,0.011597281558249902,0.00013123359580052493,0.011728515154050427,0.00040279863560693373,0.05920474611914284,0.03122819247413584,0.015832088011981882,0.08079195022583008,0.0,1.0,0.95
medqa_test_00557,qwen3-4b-nothink,medqa,C,C,True,True,False,10,10,638.5,0.014484346127033254,0.0,0.014484346127033254,0.0002859186593092172,0.04143492829409666,0.020678827478233075,0.011972574128014557,0.11991628259420395,0.0,0.0,1.0
medqa_test_01096,qwen3-4b-nothink,medqa,D,D,True,True,False,10,10,445.4,0.009623397991352608,0.0,0.009623397991352608,0.002441933040934257,0.04147182355075459,0.016245740624630835,0.0074160066003928545,0.0683964192867279,0.0,1.0,1.0
medqa_test_00868,qwen3-4b-nothink,medqa,D,D,True,True,False,10,10,764.3,0.008612558355927436,0.0,0.008612558355927436,0.0003604385083507055,0.05602261267937579,0.031582557586993076,0.016952575077977705,0.1013796404004097,0.7219280948873623,0.9999999999450722,1.0
medqa_test_00547,qwen3-4b-nothink,medqa,E,E,True,True,False,10,10,512.7,0.014864639173783455,0.0,0.014864639173783455,0.0,0.04167695686446188,0.02100385566277021,0.010459095227328474,0.08536393940448761,0.0,1.0,0.95
medqa_test_00661,qwen3-4b-nothink,medqa,A,A,True,True,False,10,10,600.4,0.006537401801442426,0.0,0.006537401801442426,0.0005457733072074603,0.10575184088695447,0.06589819226748733,0.04568266238820608,0.07187504321336746,0.7219280948873623,1.0,1.0
medqa_test_00895,qwen3-4b-nothink,medqa,D,A,False,True,False,10,10,471.1,0.018187815026859504,0.0,0.018187815026859504,0.0019321200242207776,0.044906150193710824,0.01776312401691753,0.008799032320742795,0.0902511477470398,0.8812908992306927,1.0,0.85
medqa_test_00818,qwen3-4b-nothink,medqa,B,B,True,True,False,10,10,492.5,0.006327143492772318,0.0,0.006327143492772318,0.0,0.052893312995861676,0.024222287329673353,0.012166948820906399,0.07082558423280716,0.0,1.0,1.0
medqa_test_00390,qwen3-4b-nothink,medqa,A,A,True,True,False,10,10,594.0,0.014924324757537102,0.0,0.014924324757537102,0.0031944115887465535,0.06434587502193302,0.02732157644338131,0.01303906275616793,0.06678974628448486,0.7219280948873623,0.9999992661791506,0.95
medqa_test_00515,qwen3-4b-nothink,medqa,D,B,False,True,False,10,10,557.1,0.007238535707806433,0.0,0.007238535707806433,0.0,0.04267699269879967,0.014649014792666771,0.00598437346050813,0.15404590964317322,0.0,0.9999957771677165,1.0
medqa_test_00380,qwen3-4b-nothink,medqa,B,E,False,True,False,10,10,807.7,0.005913560197908894,0.0,0.005913560197908894,0.00012180267965895249,0.05392217447358022,0.026028284874751652,0.01460140247076861,0.06723366677761078,0.4689955935892812,1.0,0.95
medqa_test_00534,qwen3-4b-nothink,medqa,C,C,True,True,False,10,10,611.4,0.02015814255086905,0.0,0.02015814255086905,0.0,0.05492139168867388,0.024133254498964262,0.012044228081464537,0.08083812892436981,0.0,0.0,0.95
medqa_test_00937,qwen3-4b-nothink,medqa,D,C,False,True,False,10,10,618.6,0.008977966372615002,0.0,0.008977966372615002,0.0,0.0845428854161612,0.04886490649321945,0.029844713931336607,0.14047160744667053,0.7219280948873623,1.0,1.0
medqa_test_00098,qwen3-4b-nothink,medqa,C,E,False,True,False,10,10,469.2,0.013894000563129038,0.0,0.013894000563129038,0.0014845169611547519,0.057178350048916936,0.023079603539570913,0.008211015009809919,0.0947737917304039,1.8464393446710154,1.0,0.9
medqa_test_00369,qwen3-4b-nothink,medqa,E,D,False,True,False,10,10,363.2,0.005970910766281831,0.0,0.005970910766281831,0.002044977223247167,0.10065971655889713,0.056404481778418926,0.028717177294717566,0.11203289777040482,1.5709505944546687,1.0,0.95
medqa_test_01260,qwen3-4b-nothink,medqa,C,C,True,True,False,10,10,588.3,0.015504659557150505,0.0,0.015504659557150505,0.0011408790824894318,0.08027683574172853,0.04017924685623418,0.023266870730639377,0.09084877371788025,1.1567796494470395,1.0,1.0
medqa_test_00780,qwen3-4b-nothink,medqa,D,D,True,True,False,10,10,646.7,0.008158455448213007,0.0,0.008158455448213007,0.0007197105519355205,0.014470170009325633,0.002843873696742283,0.0006896551724137945,0.1278110146522522,0.8812908992306927,0.9999999999515263,1.0
medqa_test_00128,qwen3-4b-nothink,medqa,A,E,False,True,False,10,10,687.9,0.011329401600166345,0.0,0.011329401600166345,0.0013604631418598187,0.039630734649225306,0.021266851819376896,0.012949189265101524,0.07134147733449936,0.8812908992306927,0.9999999990263793,1.0
medqa_test_01268,qwen3-4b-nothink,medqa,E,E,True,True,False,10,10,437.2,0.01167091896334255,0.0,0.01167091896334255,0.003709003808964282,0.015826416879367644,0.004276696381537004,0.0017434218396191303,0.07085077464580536,0.0,0.9999999928058669,0.95
medqa_test_00588,qwen3-4b-nothink,medqa,A,A,True,True,False,10,10,724.5,0.007262327011656422,0.0,0.007262327011656422,0.0015212052358265058,0.0845109552183214,0.042727052456116445,0.02318670609845098,0.07438155263662338,0.0,0.9999999998837177,0.95
medqa_test_00232,qwen3-4b-nothink,medqa,D,C,False,True,False,10,10,711.6,0.01023098852647789,0.0002107481559536354,0.010441736682431526,0.0007552113808311125,0.039101373047573426,0.016838884302865564,0.008665049432397987,0.08488013595342636,1.1567796494470395,0.9999999998082828,0.95
medqa_test_00657,qwen3-4b-nothink,medqa,D,E,False,True,False,10,10,582.3,0.008666479103446395,0.0,0.008666479103446395,0.0010091582438971549,0.0789597623276704,0.04420103207271633,0.02687411893193572,0.07194648683071136,0.0,1.0,0.95
medqa_test_01125,qwen3-4b-nothink,medqa,D,D,True,True,False,10,10,548.8,0.010753961407194078,0.0,0.010753961407194078,0.00015527950310559004,0.01505277234858161,0.005115944725392385,0.001842010418206197,0.08133280277252197,0.8812908992306927,0.99999973005615,0.9
medqa_test_00782,qwen3-4b-nothink,medqa,E,E,True,True,False,10,10,499.6,0.019218946841314262,0.0,0.019218946841314262,0.0019576710027436055,0.04051574035993614,0.01941308837670618,0.011914557813347892,0.04910683259367943,0.0,0.999999996149258,1.0
medqa_test_00647,qwen3-4b-nothink,medqa,C,E,False,True,False,10,10,640.9,0.0071438109535798735,0.0,0.0071438109535798735,0.0007681503214932268,0.10069068912201276,0.05239243914423879,0.03074009266433624,0.09635905921459198,0.4689955935892812,0.0,0.95
medqa_test_00381,qwen3-4b-nothink,medqa,C,,,False,True,10,10,889.0,0.014900101052255966,0.0012186779347280398,0.016118778986984005,0.001815716691172735,0.09228997696817141,0.05054368886130223,0.028506501838241206,0.11365029960870743,1.295461844238322,0.9999999983947724,0.4
medqa_test_01136,qwen3-4b-nothink,medqa,E,C,False,True,False,10,10,497.6,0.014851748375335181,0.0,0.014851748375335181,0.0,0.045235913053619535,0.020380405705800964,0.007027624951876666,0.08670134842395782,0.9709505944546686,0.9999999999942106,0.95
medqa_test_00176,qwen3-4b-nothink,medqa,E,E,True,True,False,10,10,403.7,0.0017248100070853545,0.0,0.0017248100070853545,0.0026595448934893283,0.08995745236117067,0.04546532045934596,0.02349081168601729,0.08242323994636536,0.0,1.0,1.0
medqa_test_00805,qwen3-4b-nothink,medqa,C,C,True,True,False,10,10,467.9,0.009124756353476553,0.0,0.009124756353476553,0.0,0.0904723257486597,0.05424569024467084,0.035333273454933145,0.07415588945150375,0.0,0.9999999998973812,1.0
medqa_test_00653,qwen3-4b-nothink,medqa,A,A,True,True,False,10,10,721.0,0.011455918306037881,0.0,0.011455918306037881,0.0005589141773352299,0.024484534296855466,0.007694322212713489,0.002248238870909025,0.07132090628147125,0.0,0.9999999973534277,0.95
medqa_test_00844,qwen3-4b-nothink,medqa,A,A,True,False,False,9,9,1014.5,0.013169556212277177,0.00012919896640826875,0.013298755178685446,0.005901685314228,0.15403234822770356,0.12088696103297185,0.101032562877673,0.10811853408813477,0.0,0.9999999999094392,1.0
medqa_test_00188,qwen3-4b-nothink,medqa,E,D,False,True,False,10,10,600.6,0.014320200273696567,0.0,0.014320200273696567,0.0005374730590010702,0.04561479003722426,0.022668539245810894,0.011471759358386702,0.07718035578727722,0.7219280948873623,0.9999999981810389,0.95
medqa_test_00297,qwen3-4b-nothink,medqa,D,B,False,True,False,10,10,706.0,0.005733043171007124,0.0,0.005733043171007124,0.0008545874252670298,0.038441037226236985,0.01629403101452125,0.008495923773398561,0.0881207287311554,0.4689955935892812,1.0,0.95
medqa_test_00797,qwen3-4b-nothink,medqa,E,E,True,True,False,10,10,566.5,0.008388841345816014,0.0,0.008388841345816014,0.00037808399325309466,0.03615176958782097,0.018590770332551597,0.010382236112697396,0.0972522646188736,0.0,0.9999999943972036,0.95
medqa_test_00522,qwen3-4b-nothink,medqa,D,D,True,True,False,10,10,627.5,0.01669169060055876,0.0,0.01669169060055876,0.0009175447703555783,0.05353899725851734,0.024822453336109516,0.012714897442746575,0.10078646242618561,0.7219280948873623,1.0,0.95
medqa_test_00508,qwen3-4b-nothink,medqa,C,D,False,True,False,10,10,673.1,0.012719722712180328,0.0,0.012719722712180328,0.003384748923960524,0.08329453019549202,0.04940718872142376,0.03074405102354554,0.07268026471138,0.0,0.99999942849957,0.95
medqa_test_00354,qwen3-4b-nothink,medqa,D,D,True,True,False,10,10,473.1,0.018021550679297626,0.0,0.018021550679297626,0.0032274536037765677,0.04294480860266835,0.018553593373266973,0.00904920984567742,0.05950703099370003,0.0,0.9999999999622486,0.95
medqa_test_00207,qwen3-4b-nothink,medqa,A,A,True,True,False,10,10,413.7,0.013333352743229592,0.0,0.013333352743229592,0.0,0.0903550848870622,0.05490781732618455,0.03711304803222062,0.05180754140019417,0.0,0.9999999998837176,1.0
medqa_test_00113,qwen3-4b-nothink,medqa,D,D,True,True,False,10,10,607.7,0.007101834885742729,0.0,0.007101834885742729,0.00045235517664435197,0.023553409851340558,0.008970999771040777,0.0022669563517041524,0.08604489266872406,1.0,1.0,0.95
medqa_test_00700,qwen3-4b-nothink,medqa,C,C,True,True,False,10,10,506.3,0.008062857247517503,0.0,0.008062857247517503,0.0006996413187898355,0.03334265349699359,0.014524264038439183,0.0063381538796946964,0.05185415968298912,0.0,0.9999999999999558,1.0
medqa_test_00855,qwen3-4b-nothink,medqa,B,D,False,True,False,10,10,461.0,0.0023754648262761854,0.0,0.0023754648262761854,0.0,0.04207561192334486,0.021093953963240618,0.009667910789456812,0.08860746771097183,0.4689955935892812,1.0,1.0
medqa_test_00927,qwen3-4b-nothink,medqa,C,C,True,True,False,10,10,632.9,0.008316956074684372,0.0,0.008316956074684372,0.0,0.04877809746268602,0.024694582709008806,0.01373655014232339,0.07508879154920578,0.0,0.9999997617630842,1.0
medqa_test_00965,qwen3-4b-nothink,medqa,D,D,True,True,False,10,10,530.6,0.004818655463293871,0.00017543859649122808,0.004818655463293871,0.00048578630328938914,0.035132443666069144,0.018031000870397017,0.00927209324792535,0.09724877774715424,0.4689955935892812,1.0,0.95
medqa_test_00744,qwen3-4b-nothink,medqa,D,D,True,True,False,10,10,556.3,0.00804614376813605,0.0,0.00804614376813605,0.0013783185821499724,0.04193784792176751,0.02281607528036007,0.013694843090186704,0.051744624972343445,0.0,0.9999999973534264,0.95
medqa_test_00513,qwen3-4b-nothink,medqa,D,D,True,True,False,10,10,564.0,0.014730331883096952,0.0,0.014730331883096952,0.00014124293785310735,0.04826072541975092,0.02661093508958091,0.016158156421992642,0.06304309517145157,0.0,1.0,0.95
medqa_test_00364,qwen3-4b-nothink,medqa,A,C,False,True,False,10,10,640.9,0.012333698996473042,0.0,0.012333698996473042,0.0019240346794164123,0.04333679994143467,0.019001339123371784,0.009739897126943975,0.06576414406299591,0.4689955935892812,0.0,0.95
medqa_test_01007,qwen3-4b-nothink,medqa,B,B,True,True,False,10,10,638.4,0.010509048481683114,0.0,0.010509048481683114,0.0004909281393791746,0.02635829901770397,0.007678230934333241,0.0016134489219663205,0.08794660866260529,1.6854752972273346,0.9999970976880149,0.95
medqa_test_00243,qwen3-4b-nothink,medqa,A,A,True,True,False,10,10,572.4,0.014753463463755131,0.0,0.014753463463755131,0.0026457060427446887,0.0537901793787964,0.024923122041387434,0.013939582658512795,0.05752863362431526,1.5709505944546687,0.9999646437450657,0.95
medqa_test_00786,qwen3-4b-nothink,medqa,E,E,True,True,False,10,10,492.4,0.012885508900081014,0.0,0.012885508900081014,0.00022371364653243848,0.1189941238765424,0.06457903524596112,0.03711583193118558,0.0472526028752327,0.0,9.736204946024843e-10,0.95
medqa_test_00977,qwen3-4b-nothink,medqa,B,B,True,True,False,10,10,437.7,0.030822972765214045,0.0,0.030822972765214045,0.0002242152466367713,0.08235251046509486,0.043494936194725706,0.02487241128323925,0.03435221314430237,0.0,0.9999999999740539,0.95
medqa_test_00984,qwen3-4b-nothink,medqa,D,D,True,True,False,10,10,621.8,0.004412827663664009,0.0,0.004412827663664009,0.001245372932418045,0.027135182195100294,0.009374708105179309,0.003927627079621299,0.10070908814668655,0.8812908992306927,0.00015843623599944866,0.95
medqa_test_00483,qwen3-4b-nothink,medqa,D,B,False,True,False,10,10,555.9,0.007396475427866522,0.0,0.007396475427866522,0.0012084809885345136,0.03305278096304609,0.005658367941340692,0.001447102959846125,0.07880029082298279,0.8812908992306927,0.0,1.0
medqa_test_00697,qwen3-4b-nothink,medqa,E,E,True,True,False,10,10,483.6,0.009967247522655095,0.0,0.009967247522655095,0.0,0.05799282730018487,0.027814276917492976,0.009904689947264012,0.08551616221666336,0.0,6.605215666491272e-05,1.0
medqa_test_00905,qwen3-4b-nothink,medqa,A,C,False,True,False,10,10,369.0,0.016070129324794045,0.0007115059250097256,0.01678163524980377,0.004372586721703559,0.05460663644237512,0.02955783024956312,0.01556479953000941,0.08792158961296082,0.0,0.0,1.0
medqa_test_00368,qwen3-4b-nothink,medqa,D,D,True,True,False,10,10,653.9,0.01682939470937623,0.0,0.01682939470937623,0.0005587560164219202,0.032612114041785614,0.013741015460948724,0.005905396079871572,0.05577198043465614,0.0,0.0,0.95
medqa_test_00537,qwen3-4b-nothink,medqa,A,E,False,True,False,10,10,572.9,0.009350388846636914,0.0,0.009350388846636914,0.0009417068693512345,0.06443140515541837,0.03367216537552022,0.018532852177387517,0.09430932253599167,0.8812908992306927,0.9999999999942106,0.95
medqa_test_01091,qwen3-4b-nothink,medqa,D,B,False,True,False,10,10,671.2,0.008236641096328285,0.0,0.008236641096328285,0.0005437415755122781,0.06054887550645999,0.02636230256553055,0.0096954701685106,0.08173953741788864,0.4689955935892812,0.0,0.95
medqa_test_00097,qwen3-4b-nothink,medqa,B,B,True,True,False,10,10,538.8,0.0018349960156987164,0.0,0.0018349960156987164,0.0026027097686669707,0.04534569508586991,0.017654686220975303,0.0069357793622499605,0.07919860631227493,0.0,0.0,1.0
medqa_test_00264,qwen3-4b-nothink,medqa,A,C,False,True,False,10,10,912.7,0.014044680946403421,0.0,0.014044680946403421,0.0001231527093596059,0.07055876286399435,0.034575849942137485,0.019288252997157085,0.1020994633436203,0.7219280948873623,0.9999999907625482,0.95
medqa_test_00750,qwen3-4b-nothink,medqa,B,B,True,True,False,10,10,430.0,0.009111706982273166,0.0,0.009111706982273166,0.0,0.06004865176930361,0.030597442077174665,0.016897575469015148,0.12380878627300262,0.0,1.0,1.0
medqa_test_00952,qwen3-4b-nothink,medqa,A,B,False,False,False,9,9,1027.9,0.014189274618650763,7.326007326007326e-05,0.014262534691910838,0.001585991752313061,0.18505354790205572,0.13425493252933546,0.10707516093789285,0.06176789104938507,0.7642045065086203,0.9999999999861121,0.95
medqa_test_00637,qwen3-4b-nothink,medqa,A,,,False,True,9,9,964.0,0.01756431954714434,0.00036112887096054463,0.017588739571564364,0.0030853432856388753,0.15893224898584032,0.12687164142752055,0.10971659230077006,0.0750574842095375,0.5032583347756457,1.0,1.0
medqa_test_00616,qwen3-4b-nothink,medqa,E,B,False,True,False,10,10,735.7,0.02041386934849972,0.0,0.02041386934849972,0.0001430615164520744,0.0809356776233459,0.04404258695770123,0.026526570181847443,0.10076677799224854,1.4854752972273344,0.9999999999666846,0.85
medqa_test_00803,qwen3-4b-nothink,medqa,B,C,False,True,False,10,10,538.7,0.010521463503982179,0.0,0.010521463503982179,0.0022480676172801197,0.03014978581426466,0.011847312600542836,0.0047954904417611185,0.08854366093873978,1.3709505944546687,1.0,0.95
medqa_test_00613,qwen3-4b-nothink,medqa,D,D,True,True,False,10,10,543.0,0.009821298675017558,0.0,0.009821298675017558,0.00040208249899879856,0.10548026814020436,0.07320309250151057,0.05242010288518508,0.07202654331922531,0.9709505944546686,0.999999974890009,1.0
medqa_test_01189,qwen3-4b-nothink,medqa,D,D,True,True,False,10,10,459.8,0.015037143969076475,0.0,0.015037143969076475,0.0017244420040612475,0.039854611802382665,0.01826197375398938,0.010437623775016214,0.06713908165693283,0.0,0.9999991684726643,1.0
medqa_test_00143,qwen3-4b-nothink,medqa,B,B,True,True,False,10,10,453.8,0.01707722697857607,0.0,0.01707722697857607,0.0,0.04645859129402957,0.02059538928621042,0.009172254756271859,0.09004334360361099,0.4689955935892812,4.139938032690595e-08,0.95
medqa_test_00174,qwen3-4b-nothink,medqa,E,E,True,True,False,10,10,485.0,0.012046563547994476,0.00016835016835016833,0.012214913716344648,0.004933087823262956,0.05165347054062018,0.025953996683505363,0.012343592334068643,0.10684499889612198,0.0,1.0,1.0
medqa_test_00132,qwen3-4b-nothink,medqa,A,A,True,True,False,10,10,582.2,0.01248449157927373,0.0,0.01248449157927373,0.0013519536686385553,0.02616290639539316,0.010366826584320765,0.0034524355229505364,0.05613541230559349,0.0,0.9999990577553711,0.95
medqa_test_00809,qwen3-4b-nothink,medqa,B,B,True,True,False,10,10,594.3,0.005981873338726622,0.0,0.005981873338726622,0.0,0.07113519791962263,0.04086965499577262,0.028150988909146336,0.07316819578409195,0.0,0.9999999997827562,1.0
medqa_test_00840,qwen3-4b-nothink,medqa,D,D,True,True,False,10,10,413.1,0.0012495953492221332,0.0,0.0012495953492221332,0.00025380710659898473,0.05356195850069776,0.021783238592848142,0.011137843463084541,0.0704592615365982,0.0,0.9999999999934398,1.0
medqa_test_00526,qwen3-4b-nothink,medqa,D,D,True,True,False,10,10,812.8,0.012132484850100702,0.0004189188680614942,0.012551403718162199,0.00264602200998204,0.04081661174409849,0.019451541828630937,0.010077051684939487,0.10317036509513855,1.6854752972273344,0.9999999997538304,0.95
medqa_test_00831,qwen3-4b-nothink,medqa,A,A,True,True,False,10,10,790.8,0.018985087340088882,0.0003060362745702273,0.01929112361465911,0.0015289159232769263,0.0958007937245227,0.055522623143036506,0.035236972056734185,0.13942034542560577,1.5219280948873621,1.0,0.9
medqa_test_01218,qwen3-4b-nothink,medqa,B,A,False,True,False,10,10,505.4,0.013741999851516598,0.0,0.013741999851516598,0.00019880715705765406,0.0390804558478105,0.019809213887594233,0.011529939148139512,0.11308812350034714,0.8812908992306927,0.9988304896995871,0.9
medqa_test_00843,qwen3-4b-nothink,medqa,D,B,False,True,False,10,10,460.2,0.010300373428867046,0.0,0.010300373428867046,0.0,0.03527600713516543,0.013490422489194298,0.0053436998423664565,0.06988174468278885,0.0,0.0,1.0
medqa_test_01222,qwen3-4b-nothink,medqa,D,C,False,True,False,10,10,530.4,0.010509547345673383,0.0,0.010509547345673383,0.00020491803278688525,0.0615252333200728,0.027800291215938012,0.01607514763298703,0.09082525968551636,0.0,1.0,1.0
medqa_test_01270,qwen3-4b-nothink,medqa,C,B,False,True,False,10,10,638.4,0.01766085406788697,0.0002544529262086514,0.017915306994095624,0.0014892302427755068,0.039295063479611404,0.009436455583104375,0.0029971151403210385,0.06222186237573624,0.0,0.9999999999821676,0.95
medqa_test_01088,qwen3-4b-nothink,medqa,B,B,True,True,False,10,10,514.5,0.007344326095736586,0.0,0.007344326095736586,0.005947558844527447,0.04568818077048451,0.020836767166762492,0.010462488526167036,0.08886761963367462,0.0,1.0,0.95
medqa_test_00172,qwen3-4b-nothink,medqa,C,C,True,True,False,10,10,606.7,0.017802642674432916,0.0,0.017802642674432916,0.00034270599735495373,0.05207374706266651,0.02892850665798975,0.015474769033198322,0.08782123774290085,1.0,0.9999999998837177,0.85
medqa_test_01197,qwen3-4b-nothink,medqa,C,C,True,True,False,10,10,652.2,0.01929042484336447,0.0,0.01929042484336447,0.0010470028302076565,0.05790266447238912,0.025297140047692235,0.010015156357149202,0.08165419101715088,1.0,0.9999999979388465,0.95
medqa_test_00342,qwen3-4b-nothink,medqa,D,D,True,True,False,10,10,619.8,0.005650148116084343,0.0,0.005650148116084343,0.0,0.05130432296427388,0.028953953502824526,0.01440823178239926,0.07237998396158218,0.0,0.9999999999964886,1.0
medqa_test_00816,qwen3-4b-nothink,medqa,A,C,False,True,False,10,10,421.8,0.0050512028328655685,0.0,0.0050512028328655685,0.002080535193870869,0.06687737462328422,0.04331843574845701,0.031022755742005213,0.04297807067632675,0.0,0.9999832985742763,1.0
medqa_test_00938,qwen3-4b-nothink,medqa,D,D,True,True,False,10,10,699.6,0.02462824519957488,0.00011668611435239206,0.02474493131392727,0.004209994805149405,0.04843058173357341,0.021055510354624763,0.00884053797805916,0.08130296319723129,1.6854752972273344,1.0,0.9
medqa_test_00237,qwen3-4b-nothink,medqa,B,C,False,True,False,10,10,583.5,0.012354129030887851,0.0,0.012354129030887851,0.00041753472222222224,0.064325823321645,0.03433026692373532,0.017622967379842015,0.08797931671142578,0.0,0.9999999907625504,0.95
medqa_test_00544,qwen3-4b-nothink,medqa,C,C,True,True,False,10,10,507.0,0.012472037917214239,0.0,0.012472037917214239,0.0029255252112505457,0.06422790707197576,0.0324598317117649,0.017339214907410548,0.06980491429567337,1.1567796494470395,1.0,0.95
medqa_test_00672,qwen3-4b-nothink,medqa,B,B,True,True,False,10,10,345.9,0.0032121200776101034,0.0,0.0032121200776101034,0.0006060828680575963,0.11490452220295833,0.06440855548854033,0.029208825575108222,0.05706235393881798,0.0,0.9999999999995807,1.0
medqa_test_00702,qwen3-4b-nothink,medqa,D,D,True,False,False,9,9,794.4,0.006007378947744488,0.004878451648700034,0.010885830596444521,0.007142549010923256,0.20435444380160317,0.1461565846889608,0.11278089464696002,0.09708105027675629,0.9182958340544896,1.0,1.0
medqa_test_01089,qwen3-4b-nothink,medqa,B,B,True,True,False,10,10,726.0,0.019631217323666402,0.0,0.019631217323666402,0.001982019881536341,0.05933598389643001,0.0260580100094035,0.013551635370520376,0.08099909871816635,0.0,0.9999999999915765,0.95
medqa_test_00804,qwen3-4b-nothink,medqa,A,A,True,True,False,10,10,499.7,0.007086681712923237,0.0,0.007086681712923237,0.00020242914979757084,0.018716935666077184,0.003503805093561474,0.0004237288135593209,0.12585987150669098,0.7219280948873623,1.0,1.0
medqa_test_01230,qwen3-4b-nothink,medqa,E,E,True,True,False,10,10,762.5,0.008832133199216673,0.0,0.008832133199216673,0.0,0.07904916726000379,0.04799618932879198,0.030435447144424775,0.07555554807186127,0.7219280948873623,0.9999997897567997,0.95
medqa_test_00251,qwen3-4b-nothink,medqa,B,B,True,True,False,10,10,495.9,0.013314215514290118,0.00021413276231263385,0.013528348276602754,0.000397282945462817,0.05838551935217614,0.028486586427487394,0.011681467555573578,0.0584479495882988,0.0,0.0,1.0
medqa_test_01224,qwen3-4b-nothink,medqa,E,C,False,False,True,10,10,748.2,0.009351215600238657,0.0011810448305418233,0.010532260430780479,0.0014059574114044042,0.09502542889838453,0.058188247137099657,0.04123220804028697,0.08759312331676483,0.4689955935892812,0.9999999999705992,0.7
medqa_test_00274,qwen3-4b-nothink,medqa,A,A,True,True,False,10,10,495.7,0.014382825059067105,0.0,0.014382825059067105,0.0,0.09195798818583778,0.05891162854701963,0.04085879407962043,0.07373646646738052,0.0,1.0,0.95
medqa_test_00604,qwen3-4b-nothink,medqa,A,A,True,True,False,10,10,383.0,0.017285732593061993,0.0,0.017285732593061993,0.0,0.03778995209406848,0.01649901506989382,0.007977096292134844,0.16947783529758453,0.0,0.9999999881388711,1.0
medqa_test_00554,qwen3-4b-nothink,medqa,A,C,False,True,False,10,10,563.5,0.027955404491417656,0.0,0.027955404491417656,0.0006495413220576716,0.073645816100129,0.043733924908418445,0.029590373804017876,0.07381301373243332,1.1567796494470395,1.0,1.0
medqa_test_00495,qwen3-4b-nothink,medqa,A,B,False,True,False,10,10,469.4,0.01757606627300693,0.0,0.01757606627300693,0.0002008032128514056,0.03668610517386378,0.015771451148520733,0.0069189240470324265,0.0476769357919693,0.0,0.0,0.95
medqa_test_00276,qwen3-4b-nothink,medqa,C,E,False,True,False,10,10,713.3,0.00766878249484515,0.0,0.00766878249484515,0.0004940898187712909,0.035562099559837815,0.01612507097405952,0.007067633118834282,0.08324678987264633,0.4689955935892812,1.0,1.0
medqa_test_00678,qwen3-4b-nothink,medqa,B,A,False,True,False,10,10,491.9,0.0038086735278104232,0.0,0.0038086735278104232,0.002424377095557641,0.12718671507525112,0.08618983163832117,0.06331361036055584,0.06791449338197708,0.4689955935892812,1.0,1.0
medqa_test_00445,qwen3-4b-nothink,medqa,B,D,False,True,False,10,10,540.9,0.016744145979939284,0.0,0.016744145979939284,0.000743735182432065,0.03235841225025632,0.012679628542075527,0.004865093857849112,0.0860314890742302,0.9709505944546686,1.0,0.95
medqa_test_00560,qwen3-4b-nothink,medqa,A,A,True,True,False,10,10,773.9,0.01186385446186246,0.0,0.01186385446186246,0.004114711954623521,0.07298960276308983,0.03300996098446374,0.01729662681617138,0.0812009796500206,1.1567796494470395,0.0,0.95
medqa_test_00470,qwen3-4b-nothink,medqa,A,A,True,True,False,10,10,540.1,0.013110234444885719,0.0,0.013110234444885719,0.00037495786990225817,0.07483558438807489,0.03914072173736235,0.020738442840870498,0.06672210246324539,0.9709505944546686,0.9999999804443193,0.95
medqa_test_00370,qwen3-4b-nothink,medqa,E,E,True,True,False,10,10,534.2,0.0033076443490563587,0.0,0.0033076443490563587,0.000984266146774379,0.07247267495544904,0.04082356526852919,0.022029542447680527,0.09217912703752518,0.0,1.0,1.0
medqa_test_00443,qwen3-4b-nothink,medqa,B,A,False,True,False,10,10,1002.3,0.01493257427171453,0.0004273504273504274,0.015288699627839884,0.0008841544492568948,0.08680545319450676,0.0506524457725126,0.03119387992225219,0.08770791441202164,1.1567796494470395,0.9999999634652097,0.95
medqa_test_00108,qwen3-4b-nothink,medqa,E,E,True,True,False,10,10,421.0,0.013088905170532721,0.0,0.013088905170532721,0.0,0.05176130143599554,0.02399677957295284,0.011291999995574209,0.04973979666829109,0.4689955935892812,1.0,1.0
medqa_test_01200,qwen3-4b-nothink,medqa,B,B,True,True,False,10,10,651.5,0.009435420654080175,0.0,0.009435420654080175,0.0004907068142439009,0.03712776308524015,0.01711843246516529,0.008334430787855607,0.08565855026245117,0.0,0.9525741290445389,0.95
medqa_test_00622,qwen3-4b-nothink,medqa,C,C,True,True,False,10,10,778.0,0.015411898600720305,0.0,0.015411898600720305,0.00011086474501108647,0.06419251270593698,0.03528623534795979,0.025252625611528433,0.06710053235292435,0.0,0.0,1.0
medqa_test_00012,qwen3-4b-nothink,medqa,B,B,True,False,False,9,9,921.7,0.010198346064833663,0.00017102369899828977,0.010369369763831954,0.0005044344185508406,0.12482647762688148,0.0999580482905956,0.08970917674200947,0.09572167694568634,1.3516441151533922,0.9999957771673537,0.95
medqa_test_00349,qwen3-4b-nothink,medqa,C,C,True,True,False,10,10,667.4,0.008341744296877965,0.0,0.008341744296877965,0.0016365169313732584,0.04077754086859307,0.021158568121654887,0.013552712303339287,0.057642195373773575,0.0,0.9999999999948909,1.0
medqa_test_01048,qwen3-4b-nothink,medqa,B,D,False,True,False,10,10,720.3,0.018964778673001698,0.0005683137054104797,0.019533092378412182,0.0009739363701503478,0.07894183194804336,0.042913673940498984,0.026515665388721733,0.14313571155071259,1.5709505944546687,1.0,0.9
medqa_test_00913,qwen3-4b-nothink,medqa,E,D,False,True,False,10,10,746.2,0.00429236410326294,0.0,0.00429236410326294,0.00047697630082417074,0.08081221676623422,0.04719149060642219,0.03158334412797413,0.12770973145961761,0.0,1.0,1.0
medqa_test_00379,qwen3-4b-nothink,medqa,D,D,True,True,False,10,10,772.5,0.014891020151068296,0.0,0.014891020151068296,0.000273224043715847,0.05978689520978473,0.03167371821873344,0.017979050298006272,0.10296264290809631,0.0,0.99999998813888,0.95
medqa_test_00618,qwen3-4b-nothink,medqa,C,C,True,True,False,10,10,563.7,0.009498990191782814,0.0,0.009498990191782814,0.0,0.04354578629311617,0.02336218240995812,0.013037426339906465,0.05981205776333809,0.4689955935892812,0.9999998555019791,1.0
medqa_test_00355,qwen3-4b-nothink,medqa,A,C,False,True,False,10,10,527.1,0.007768997896798813,0.0,0.007768997896798813,0.002013811687497361,0.09671457066963537,0.05991373975394524,0.039647116738300736,0.0789356678724289,0.4689955935892812,4.6911643420210986e-08,1.0
medqa_test_00862,qwen3-4b-nothink,medqa,B,A,False,True,False,10,10,795.8,0.009337646899832353,0.00010235414534288638,0.009440001045175238,0.0024127702479477655,0.0615099680608173,0.025189438707872658,0.010492138627931047,0.05848264694213867,0.0,2.753568782170347e-05,0.95
medqa_test_00123,qwen3-4b-nothink,medqa,A,D,False,True,False,10,10,733.2,0.009001549775522475,0.0,0.009001549775522475,0.001655611726064646,0.04975438579017061,0.023441542539726544,0.01193493735696135,0.12103001028299332,1.7609640474436812,1.0,0.95
medqa_test_01045,qwen3-4b-nothink,medqa,A,A,True,True,False,10,10,568.9,0.014996222522588924,0.0,0.014996222522588924,0.0011878702151793675,0.07377948566011491,0.03731537229407298,0.0187067780902766,0.07937305420637131,0.7219280948873623,0.0,0.95
medqa_test_00104,qwen3-4b-nothink,medqa,C,C,True,True,False,10,10,756.9,0.008232423131589303,0.0,0.008232423131589303,0.0,0.1270638504630314,0.07472363690482645,0.047816258824181744,0.06780607253313065,0.0,0.9999990577580159,0.95
medqa_test_00248,qwen3-4b-nothink,medqa,C,C,True,True,False,10,10,621.6,0.0052936624251067104,0.00012422360248447205,0.005417886027591182,0.0013282961725372647,0.041324618020471125,0.013216775231228273,0.00563990173761153,0.1059155985713005,0.7219280948873623,1.0,1.0
medqa_test_00874,qwen3-4b-nothink,medqa,E,E,True,True,False,10,10,548.5,0.014155429600185024,0.0,0.014155429600185024,0.00038723618197961123,0.033472276432114104,0.01344521120070713,0.006606645860179605,0.0988931730389595,1.1567796494470395,0.9999999999294713,0.9
medqa_test_00701,qwen3-4b-nothink,medqa,D,B,False,True,False,10,10,691.7,0.012742303784851236,0.0009294937813334866,0.013671797566184724,0.0006959695050203242,0.12224900442329198,0.06934068664971825,0.040356848688437495,0.09565068036317825,1.6854752972273346,1.0,0.95
medqa_test_00406,qwen3-4b-nothink,medqa,C,B,False,False,False,9,9,984.1,0.013938364058206764,0.0,0.013938364058206764,0.0011278266610399996,0.11578197372436119,0.09024492511977193,0.08029687249630303,0.11467382311820984,1.4355205042826666,0.0,0.1
medqa_test_00384,qwen3-4b-nothink,medqa,E,E,True,True,False,10,10,949.8,0.012997277729672638,0.0,0.012997277729672638,0.00043760322838801955,0.034018400231139986,0.015106421923928248,0.00816212993374239,0.07328129559755325,0.4689955935892812,1.0,0.9
medqa_test_00319,qwen3-4b-nothink,medqa,B,A,False,True,False,10,10,607.6,0.015072920501910978,0.0,0.015072920501910978,0.0027987391759192832,0.04593365267519378,0.01886161745087823,0.007757312375432634,0.08979760110378265,0.7219280948873623,0.007577240539508873,0.95
medqa_test_00026,qwen3-4b-nothink,medqa,E,E,True,True,False,10,10,488.1,0.010805047835820644,0.0,0.010805047835820644,0.0002061855670103093,0.018964848159035708,0.007160353687999821,0.003834232402212934,0.09472980350255966,0.4689955935892812,0.0,1.0
medqa_test_01228,qwen3-4b-nothink,medqa,C,E,False,True,False,10,10,913.4,0.01554356433749414,0.0,0.01554356433749414,0.000429742486117376,0.05586931383353896,0.02822676311648036,0.016530726425038646,0.08216384053230286,0.7219280948873623,1.0,0.95
medqa_test_01240,qwen3-4b-nothink,medqa,A,A,True,True,False,10,10,504.7,0.006900044411540782,0.0,0.006900044411540782,0.003097346874470345,0.04205400165784259,0.018957813638381327,0.008327735783538426,0.07324805855751038,0.0,0.9999999956365401,1.0
medqa_test_00167,qwen3-4b-nothink,medqa,D,D,True,True,False,10,10,649.4,0.020763844248563264,0.0,0.020763844248563264,0.00024360535931790498,0.03637861077956996,0.01834543919167514,0.008584149354411274,0.08006202429533005,0.0,0.9999999999294713,0.95
medqa_test_00934,qwen3-4b-nothink,medqa,B,E,False,True,False,10,10,343.1,0.016405559755821555,0.0,0.016405559755821555,0.006468155348554499,0.05013395594096241,0.021198433289017347,0.010262225064807317,0.07105745375156403,0.0,1.0,0.95
medqa_test_00171,qwen3-4b-nothink,medqa,D,B,False,False,False,9,10,872.5,0.013310653060407133,4.894762604013706e-05,0.01335960068644727,0.0008857506330114173,0.1611361987493228,0.12118305580030979,0.09973296384051548,0.11842210590839386,1.3609640474436813,1.0,0.95
medqa_test_00377,qwen3-4b-nothink,medqa,E,E,True,True,False,10,10,676.4,0.014605138993814687,0.0,0.014605138993814687,0.000879917965198284,0.044985893371729944,0.019972389959489432,0.009209925786184426,0.09154035896062851,1.3567796494470397,0.9999999928058662,0.95
medqa_test_01111,qwen3-4b-nothink,medqa,C,C,True,True,False,10,10,532.4,0.005010371457560498,0.0,0.005010371457560498,0.0,0.031176784137746317,0.010958192869654493,0.0029751267303465443,0.09269925951957703,0.0,1.0,1.0
medqa_test_00879,qwen3-4b-nothink,medqa,E,E,True,True,False,10,10,717.2,0.01728599759293799,0.0,0.01728599759293799,0.0023202358534549087,0.043296390149171624,0.023552858702398448,0.013232203461360014,0.06909111142158508,1.360964047443681,1.0,0.95
medqa_test_01057,qwen3-4b-nothink,medqa,B,A,False,False,True,9,9,1238.8,0.012693500655808149,0.003706625718000492,0.016400126373808638,0.0014418354214367224,0.18061245398769873,0.14137690374229267,0.12108983303597634,0.10441023856401443,1.4355205042826666,1.0,0.95
medqa_test_00117,qwen3-4b-nothink,medqa,D,A,False,True,False,10,10,691.1,0.008578740924128584,0.0,0.008578740924128584,0.00047923322683706066,0.09750452844544419,0.05337775225486448,0.029470580756144928,0.0650949478149414,0.0,0.0,0.95
medqa_test_00716,qwen3-4b-nothink,medqa,D,E,False,True,False,10,10,595.1,0.013538365980058507,0.0,0.013538365980058507,0.0001497005988023952,0.04988606854048526,0.02141144420096549,0.009819249208462832,0.07865281403064728,0.0,1.0,1.0
medqa_test_00129,qwen3-4b-nothink,medqa,A,A,True,True,False,10,10,607.7,0.007868085157058481,0.00014025245441795232,0.008008337611476433,0.0,0.048433879434547,0.025070373247616795,0.01319081113491325,0.1747276932001114,1.1567796494470395,0.9999999999200804,1.0
medqa_test_00709,qwen3-4b-nothink,medqa,B,A,False,True,False,10,10,459.3,0.009557352577161306,0.0,0.009557352577161306,0.009284360224137858,0.1324463463546557,0.07684936182621084,0.047258657827116066,0.09541110694408417,1.295461844238322,1.0,0.5
medqa_test_00633,qwen3-4b-nothink,medqa,B,C,False,True,False,10,10,609.8,0.017034947175135366,0.0,0.017034947175135366,0.0007978489944302088,0.02248975463999443,0.008690784474803693,0.0046388040276909796,0.08037392050027847,0.9219280948873623,0.0,0.95
medqa_test_00909,qwen3-4b-nothink,medqa,B,,,False,True,9,9,962.4,0.006642918111025961,0.0009700854140012639,0.007613003525027225,0.001302491268798164,0.17395359496870616,0.12934309038768016,0.1071388407904061,0.09038157761096954,1.6577427265048887,1.0,1.0
medqa_test_00842,qwen3-4b-nothink,medqa,C,C,True,True,False,10,10,648.2,0.021564980130335344,0.0,0.021564980130335344,0.0005830566570725044,0.05028447134623983,0.02508482452881312,0.013113355074902577,0.07370377331972122,0.0,1.0,0.95
medqa_test_00654,qwen3-4b-nothink,medqa,B,B,True,True,False,10,10,922.5,0.012813218087991995,0.0001713796058269066,0.012984597693818902,0.0032586328878424233,0.08631401242179827,0.04903257246215231,0.02812799166371991,0.08146122843027115,0.4689955935892812,1.0,0.95
medqa_test_00031,qwen3-4b-nothink,medqa,C,D,False,True,False,10,10,776.2,0.01956694344130648,0.0,0.01956694344130648,0.0006705668465547879,0.11257610981149835,0.06141523591340331,0.035582610591406105,0.07379626482725143,0.0,1.0,0.95
medqa_test_00041,qwen3-4b-nothink,medqa,C,C,True,True,False,10,10,604.5,0.005962379306809103,0.0,0.005962379306809103,0.002672456329408963,0.04033034421332911,0.018923222266975813,0.008827739172272097,0.03685058653354645,0.0,1.0,0.95
medqa_test_00942,qwen3-4b-nothink,medqa,B,D,False,True,False,10,10,823.4,0.008403416572682076,0.0005867371336733034,0.008990153706355381,0.0007752681015777502,0.048058174550664724,0.01924263968395119,0.008997594968932886,0.07535684108734131,0.8812908992306927,0.9999999999915765,1.0
medqa_test_01123,qwen3-4b-nothink,medqa,E,E,True,True,False,10,10,604.3,0.01080598612945198,0.0,0.01080598612945198,0.0001443001443001443,0.03941408820461265,0.018230532401247546,0.011101344821684378,0.06381095945835114,0.4689955935892812,,0.7
medqa_test_01101,qwen3-4b-nothink,medqa,A,A,True,True,False,10,10,312.0,0.015963974263059642,0.0,0.015963974263059642,0.0007590816120761673,0.03719252340413322,0.017311486373321815,0.008286496655912624,0.07056728005409241,0.0,1.0,1.0
medqa_test_00053,qwen3-4b-nothink,medqa,D,D,True,True,False,10,10,488.4,0.009172194654905198,0.0,0.009172194654905198,0.0006121563407033647,0.02666939827244812,0.011634861133821551,0.0049108708447135885,0.06996925920248032,1.0,1.0,0.95
medqa_test_01196,qwen3-4b-nothink,medqa,D,D,True,True,False,10,10,502.3,0.015044202094158928,0.0,0.015044202094158928,0.0019990692166435,0.03452576279904861,0.012757531377636166,0.004907497548731798,0.06371073424816132,0.0,0.9999999973534264,0.95
medqa_test_00019,qwen3-4b-nothink,medqa,E,C,False,True,False,10,10,546.1,0.013095517645234284,0.0,0.013095517645234284,0.0005458158017765311,0.04844249547264273,0.03000151338622038,0.020248777642464643,0.07080739736557007,0.0,0.0,0.95
medqa_test_01038,qwen3-4b-nothink,medqa,A,A,True,True,False,10,10,872.2,0.013369848656298113,0.0004923922231614539,0.013862240879459567,0.0017635253891515109,0.12067788273314957,0.07844411135431313,0.055242095770328105,0.141561821103096,1.9609640474436814,0.9999977396748937,0.95
medqa_test_00980,qwen3-4b-nothink,medqa,C,C,True,True,False,10,10,742.6,0.020572651213459123,0.0,0.020572651213459123,0.0007638914781582095,0.0720037975883781,0.038539523260092204,0.021482817831013235,0.076260507106781,1.3709505944546687,0.9999999996839118,0.9
medqa_test_00258,qwen3-4b-nothink,medqa,E,,,False,True,10,10,616.9,0.005900096281509655,0.0002846988068992349,0.006184795088408891,0.0003215243552122756,0.03157826529972614,0.013438135138713402,0.005563247196721288,0.12619324028491974,1.295461844238322,1.9171717041748996e-10,0.95
medqa_test_00431,qwen3-4b-nothink,medqa,B,D,False,True,False,10,10,564.7,0.01323501843714855,0.0,0.01323501843714855,0.00015337423312883436,0.03995317020282267,0.02183861805260038,0.011947562152815306,0.07745850086212158,0.0,0.9999999999515263,0.95
medqa_test_00284,qwen3-4b-nothink,medqa,B,C,False,False,False,9,10,1149.9,0.010005081994804047,0.0002702702702702703,0.010275352265074316,0.0012221869399568978,0.12573225351936804,0.09528465312282128,0.08190586370062582,0.14049598574638367,1.295461844238322,0.9999999990263793,0.95
medqa_test_00986,qwen3-4b-nothink,medqa,D,C,False,True,False,10,10,592.3,0.017148380439488735,0.0,0.017148380439488735,0.0012072061731567573,0.05602302249825496,0.03229788165923971,0.020470300817243214,0.08280038088560104,0.0,1.0,0.95
medqa_test_00345,qwen3-4b-nothink,medqa,C,C,True,True,False,10,10,583.3,0.013345340972253275,0.0,0.013345340972253275,0.001026577643292797,0.03331620392030139,0.015623975429423231,0.007649603519809911,0.0658915638923645,0.0,1.0,0.95
medqa_test_00748,qwen3-4b-nothink,medqa,A,A,True,True,False,10,10,435.5,0.0067124787020248254,0.0,0.0067124787020248254,0.00034525719457226305,0.031033709754912143,0.016060539146600418,0.009024467571533445,0.10905802249908447,0.0,1.0,1.0
medqa_test_00465,qwen3-4b-nothink,medqa,D,D,True,True,False,10,10,608.1,0.014402385689671459,0.0,0.014402385689671459,0.0,0.04246474271926687,0.0171506394161537,0.006279095188251515,0.06912775337696075,0.8812908992306927,0.9999999804443193,0.9
medqa_test_00216,qwen3-4b-nothink,medqa,E,A,False,False,True,10,10,907.2,0.016235227924732115,0.0004926108374384236,0.016727838762170537,0.0016623140107607736,0.0895919624045125,0.052084250074280206,0.033473320614268234,0.08731237053871155,1.6854752972273344,0.0,0.95
medqa_test_00335,qwen3-4b-nothink,medqa,B,B,True,True,False,10,10,625.7,0.019988157205118685,0.0,0.019988157205118685,0.000598740449871015,0.06451711140322501,0.03171423023071503,0.0160919723071537,0.09052092581987381,0.4689955935892812,1.0,0.95
medqa_test_00739,qwen3-4b-nothink,medqa,A,A,True,True,False,10,10,812.6,0.015168584732665247,9.487666034155598e-05,0.015263461393006803,0.00019904332700822262,0.07805091000484685,0.04212933073758761,0.022856117587760006,0.09685627371072769,0.9709505944546686,0.9999999993308417,0.95
medqa_test_00266,qwen3-4b-nothink,medqa,B,B,True,True,False,10,10,585.7,0.010074382306326596,0.0,0.010074382306326596,0.0018973288274861406,0.029234408022218848,0.009607689017589316,0.0038350288333834246,0.07793188840150833,0.9709505944546686,0.9998415637640006,0.95
medqa_test_00811,qwen3-4b-nothink,medqa,E,E,True,True,False,10,10,471.1,0.01784397644974365,0.0,0.01784397644974365,0.0,0.04548648060922147,0.026194176044699168,0.015271485235951177,0.11076128482818604,0.7219280948873623,1.0,0.95
medqa_test_01164,qwen3-4b-nothink,medqa,A,E,False,True,False,10,10,763.6,0.014757440545572018,0.0,0.014757440545572018,0.0015019664885569527,0.0491586377318976,0.022470528750565565,0.010113980197368155,0.08932134509086609,0.7219280948873623,0.0,0.75
medqa_test_00472,qwen3-4b-nothink,medqa,D,C,False,True,False,10,10,726.6,0.0038995842768370153,0.00012048192771084338,0.004020066204547859,0.002331840369867845,0.09610507321965753,0.054966548676900005,0.03396782286886981,0.09329840540885925,0.8812908992306927,1.0,1.0
medqa_test_01084,qwen3-4b-nothink,medqa,D,B,False,False,False,9,10,1129.1,0.017919824350774397,0.0006651363390475539,0.018584960689821954,0.0006979870667700708,0.15553769779505053,0.12253733367201614,0.10692308577390634,0.14105437695980072,1.8464393446710154,0.9999999994788591,0.95
medqa_test_01076,qwen3-4b-nothink,medqa,B,E,False,True,False,10,10,415.4,0.026197760860671306,0.00020242914979757084,0.026400190010468873,0.0016538230268100611,0.09023569220480407,0.049081706407136494,0.027424336656334702,0.09762465953826904,0.0,1.0,1.0
medqa_test_00085,qwen3-4b-nothink,medqa,C,A,False,True,False,10,10,556.9,0.012980054988069003,0.0,0.012980054988069003,0.00016129032258064516,0.06854116983182938,0.03538942615680486,0.018145585219013903,0.08961555361747742,0.4689955935892812,0.999999999721053,0.95
medqa_test_00792,qwen3-4b-nothink,medqa,C,E,False,True,False,10,10,606.8,0.012026407901364678,0.0,0.012026407901364678,0.0003131672249319309,0.09245008737553663,0.04908089241861626,0.025731327713929553,0.04081669822335243,1.0,0.9999999999983413,0.7
medqa_test_00577,qwen3-4b-nothink,medqa,B,B,True,True,False,10,10,662.1,0.01998776090058269,0.0,0.01998776090058269,0.00042838204008355685,0.04198749942904706,0.012904843058402416,0.0044203568400776995,0.0936899408698082,0.8812908992306927,0.0,0.95
medqa_test_00403,qwen3-4b-nothink,medqa,E,D,False,True,False,10,10,750.2,0.017296233455535028,0.0,0.017296233455535028,0.00035030297079799715,0.06271300321126756,0.0285677715343718,0.011908955280930167,0.09134899079799652,1.295461844238322,1.0,0.95
medqa_test_00027,qwen3-4b-nothink,medqa,A,A,True,True,False,10,10,533.7,0.00425729570135009,0.0,0.00425729570135009,0.0,0.06870603829984902,0.03598780858244931,0.02030297534465265,0.08368730545043945,0.0,0.9999999979388463,1.0
medqa_test_01148,qwen3-4b-nothink,medqa,A,A,True,True,False,10,10,353.9,0.00969121388212978,0.0,0.00969121388212978,0.0015023054005078567,0.07575723140871216,0.04211896010757153,0.02312769498131595,0.0724656954407692,0.0,1.0,1.0
medqa_test_01122,qwen3-4b-nothink,medqa,A,A,True,True,False,10,10,622.3,0.007845507395371045,0.0,0.007845507395371045,0.0004297994269340974,0.02527159218488929,0.008245833628624378,0.0015229221763481625,0.0540960468351841,0.4689955935892812,0.9999999999200804,0.95
medqa_test_00478,qwen3-4b-nothink,medqa,C,C,True,True,False,10,10,599.4,0.022969127129070958,0.00019138755980861245,0.023160514688879568,0.002528863767667761,0.0647464537984918,0.032146292261718765,0.022028633404969033,0.08312889188528061,0.7219280948873623,1.522997947150515e-08,0.85
medqa_test_00169,qwen3-4b-nothink,medqa,D,D,True,True,False,10,10,488.0,0.0029473513497661635,0.0,0.0029473513497661635,0.0,0.025714992891595366,0.008478922237331876,0.0043252724287207054,0.08609648793935776,0.0,0.9999999778405091,1.0
medqa_test_00414,qwen3-4b-nothink,medqa,E,E,True,True,False,10,10,693.1,0.016785696742449167,0.0,0.016785696742449167,0.0005760471352494618,0.05083933796846339,0.025663874809392105,0.014043475775171056,0.07060141116380692,0.0,0.9999999990263797,0.95
medqa_test_00344,qwen3-4b-nothink,medqa,A,D,False,True,False,10,10,680.8,0.01578713478933903,0.0,0.01578713478933903,0.0004598650521508439,0.058601822276313456,0.025263834037060263,0.012351178432848808,0.08846777677536011,0.4689955935892812,0.0,0.95
medqa_test_00774,qwen3-4b-nothink,medqa,E,D,False,True,False,10,10,494.0,0.005751646928095174,0.0,0.005751646928095174,0.0,0.10913407308604677,0.05455681155794486,0.02910075543183095,0.09612785279750824,0.9709505944546686,1.0,1.0
medqa_test_00029,qwen3-4b-nothink,medqa,D,A,False,False,False,9,10,999.8,0.011316398042344465,0.001398585535095796,0.012714983577440258,0.000911461203622898,0.1394344532830945,0.10466832975446683,0.08829521378960539,0.12253420054912567,0.7219280948873623,1.0,0.95
medqa_test_01073,qwen3-4b-nothink,medqa,E,A,False,True,False,10,10,557.6,0.004769706547380907,0.0003389830508474576,0.005108689598228364,0.009205534574022378,0.09243498320853158,0.0652511320175109,0.05194176987167245,0.06671960651874542,1.295461844238322,1.0,1.0
medqa_test_00773,qwen3-4b-nothink,medqa,A,A,True,True,False,10,10,605.9,0.016703519407999277,0.0,0.016703519407999277,0.0012216620135672564,0.10377635610670524,0.06691112272299346,0.046653680319604963,0.07829741388559341,0.4689955935892812,0.9999999950555482,0.95
medqa_test_00279,qwen3-4b-nothink,medqa,B,B,True,True,False,10,10,536.5,0.009558217835600211,0.0,0.009558217835600211,0.00036263962442296195,0.027731933637036344,0.009997255132893335,0.005029585447741691,0.15695807337760925,0.0,0.0,0.95
medqa_test_00710,qwen3-4b-nothink,medqa,D,D,True,True,False,10,10,654.5,0.017220706968285423,0.0,0.017220706968285423,0.0010464695143522949,0.06982338166566202,0.03451192781867315,0.019264186126386373,0.08027859777212143,0.0,0.9999999999960211,0.95
medqa_test_00499,qwen3-4b-nothink,medqa,D,B,False,True,False,10,10,527.5,0.013119389181927682,0.00027942969081640206,0.013398818872744087,0.0005912233209061687,0.06904720548933792,0.04102404332181818,0.026835063162191242,0.21776822209358215,1.9709505944546688,0.9740426443092215,0.95
medqa_test_00225,qwen3-4b-nothink,medqa,C,C,True,True,False,10,10,479.3,0.013438356073813985,0.0,0.013438356073813985,0.000619862836740534,0.06411610649869874,0.030947162303481747,0.013901805871030548,0.06623578816652298,0.9709505944546686,1.0,1.0
medqa_test_00559,qwen3-4b-nothink,medqa,B,B,True,True,False,10,10,286.7,0.012997882141889235,0.00045454545454545455,0.013452427596434691,0.0015213750650643857,0.029649332060088705,0.011967143287341464,0.003529099943034364,0.06914088129997253,0.0,0.0,1.0
medqa_test_00770,qwen3-4b-nothink,medqa,B,B,True,True,False,10,10,409.9,0.011249191737004194,0.0,0.011249191737004194,0.0035987874659224955,0.08325422264319707,0.045984706398628096,0.027538568929774875,0.057219091802835464,0.0,1.0,1.0
medqa_test_00979,qwen3-4b-nothink,medqa,D,D,True,True,False,10,10,667.4,0.01035437307020624,0.0,0.01035437307020624,0.0015135025521015213,0.10087502415958564,0.07009492875795101,0.05403697493159008,0.08691305667161942,0.9709505944546686,0.9999999847700102,0.95
medqa_test_00399,qwen3-4b-nothink,medqa,B,B,True,True,False,10,10,814.0,0.012750190616172812,0.0,0.012750190616172812,0.00013774104683195594,0.055529195860672884,0.034381556202913874,0.02313751459291974,0.16320455074310303,0.4689955935892812,3.160883697779077e-10,0.95
medqa_test_00305,qwen3-4b-nothink,medqa,B,B,True,True,False,10,10,562.9,0.011911214764038693,0.000145985401459854,0.012057200165498546,0.0005663883395031,0.03510492236161276,0.013309024405310888,0.005073608243362804,0.12202414125204086,0.4689955935892812,0.0,0.95
medqa_test_00360,qwen3-4b-nothink,medqa,A,A,True,True,False,10,10,688.2,0.01422576017398446,0.0,0.01422576017398446,0.00040634937915305533,0.062248001696474944,0.03160330139619266,0.01777905857212041,0.10716681182384491,1.4854752972273344,0.99999999975383,0.95
medqa_test_01141,qwen3-4b-nothink,medqa,C,C,True,True,False,10,10,545.0,0.016343251549837765,0.0,0.016343251549837765,0.0022750027367339095,0.049438568392671446,0.027547540554718863,0.017101059090540594,0.055307675153017044,0.0,0.9999999999740539,0.95
medqa_test_01008,qwen3-4b-nothink,medqa,E,D,False,True,False,10,10,879.0,0.009901046669438878,0.0,0.009901046669438878,0.0006662438731338811,0.06439000573320616,0.029383684482944504,0.014238465889233021,0.09244296699762344,1.5219280948873621,0.9999998362624019,0.95
medqa_test_01054,qwen3-4b-nothink,medqa,A,A,True,True,False,10,10,477.3,0.007118382434187979,0.0,0.007118382434187979,0.00042991033167144344,0.058486739619834416,0.02810471324443877,0.014726474826757808,0.06074107438325882,0.0,0.9999999928058669,0.95
medqa_test_00690,qwen3-4b-nothink,medqa,B,D,False,True,False,10,10,402.5,0.012630935921888516,0.0,0.012630935921888516,0.0,0.042437446752468334,0.02113508567886537,0.013268884938068048,0.11952190101146698,0.4689955935892812,0.9999999999925663,0.95
medqa_test_00020,qwen3-4b-nothink,medqa,C,C,True,True,False,10,10,539.3,0.007782786671924599,0.0,0.007782786671924599,0.00047142764480767976,0.04651746241199921,0.018593389160957752,0.006655279487399912,0.06839543581008911,0.7219280948873623,0.0,0.95
medqa_test_01009,qwen3-4b-nothink,medqa,D,D,True,True,False,10,10,719.2,0.009110857759347786,0.0,0.009110857759347786,0.0006074073361797179,0.061248742936772106,0.028686269228272564,0.013662710973809578,0.08974578976631165,0.4689955935892812,0.0,0.95
medqa_test_00398,qwen3-4b-nothink,medqa,E,E,True,True,False,10,10,532.0,0.009268135273576877,0.0,0.009268135273576877,0.0009066739439962506,0.06431376710477661,0.030905826638562485,0.017724145620631238,0.06414752453565598,0.4689955935892812,0.9999999998682347,0.95
medqa_test_01169,qwen3-4b-nothink,medqa,C,C,True,True,False,10,10,707.8,0.01198661223696854,0.0,0.01198661223696854,0.0017132728853775862,0.055969865791136685,0.027841307814233072,0.015564359854219579,0.08566270768642426,0.0,0.9999999998506905,0.95
medqa_test_00211,qwen3-4b-nothink,medqa,B,D,False,True,False,10,10,591.2,0.00911131859926791,0.0,0.00911131859926791,0.000859812976093015,0.023107912849022704,0.006865832480398626,0.002543883335512931,0.07156878709793091,0.7219280948873623,1.8010162842085317e-10,0.95
medqa_test_00063,qwen3-4b-nothink,medqa,A,D,False,True,False,10,10,518.7,0.010064279120208578,0.0,0.010064279120208578,0.004542361277177274,0.0313058837500643,0.01264224263869126,0.0068530333896880125,0.09131675213575363,1.1567796494470395,0.0,0.95
medqa_test_00425,qwen3-4b-nothink,medqa,C,D,False,True,False,10,10,494.0,0.026758287293509098,0.0012500880089595773,0.028008375302468674,0.008058301535097524,0.0740463685576915,0.04123337728997021,0.02378768906049401,0.09885165840387344,0.8812908992306927,1.0,1.0
medqa_test_00477,qwen3-4b-nothink,medqa,B,D,False,True,False,10,10,635.1,0.01297618869011934,0.0,0.01297618869011934,0.002677149458317355,0.15206280407478173,0.08926958271661017,0.05121457953729164,0.0933673307299614,0.9709505944546686,1.0,0.95
medqa_test_01015,qwen3-4b-nothink,medqa,A,A,True,True,False,10,10,586.8,0.01023953368079916,0.0,0.01023953368079916,0.0,0.0636946197956218,0.03112829443245485,0.015811872330056154,0.06641893088817596,0.0,0.002472623596124556,0.95
medqa_test_00846,qwen3-4b-nothink,medqa,D,D,True,True,False,10,10,560.3,0.01356741924637544,0.0,0.01356741924637544,0.0,0.04126923164726735,0.02009279138162856,0.008983135250421038,0.08854719996452332,0.0,0.0,1.0
medqa_test_00417,qwen3-4b-nothink,medqa,A,A,True,True,False,10,10,653.6,0.013736755969284906,0.0,0.013736755969284906,0.0006093823658513135,0.057593696078638144,0.029195283606429267,0.014167401345425778,0.06005808338522911,0.0,0.9999999936512017,1.0
medqa_test_01092,qwen3-4b-nothink,medqa,C,B,False,True,False,10,10,585.9,0.012479606523836013,0.00041624466289345646,0.01289585118672947,0.002132497072576188,0.11422384471215233,0.06448287703089932,0.03994461207741534,0.08918020129203796,1.295461844238322,0.9999945777795757,0.95
medqa_test_01190,qwen3-4b-nothink,medqa,E,E,True,True,False,10,10,526.3,0.00342716784208449,0.0,0.00342716784208449,0.000517049307371888,0.05503292398217545,0.02273874052981323,0.011296193630150397,0.0812378004193306,0.0,1.0,1.0
medqa_test_00219,qwen3-4b-nothink,medqa,A,C,False,True,False,10,10,641.4,0.01739381670108892,0.0,0.01739381670108892,0.0002740240240240241,0.04383253565883999,0.022614232400161992,0.013071811244022869,0.09512866288423538,0.7219280948873623,0.9999999998973813,1.0
medqa_test_00156,qwen3-4b-nothink,medqa,B,B,True,True,False,10,10,600.8,0.009113315367980709,0.0,0.009113315367980709,0.0006418190159333094,0.02547548022137225,0.007761722461171838,0.0014507422402159186,0.11264317482709885,0.8812908992306927,1.0,0.95
medqa_test_01055,qwen3-4b-nothink,medqa,C,C,True,False,False,9,10,993.8,0.02770939124959352,0.0004603083020907779,0.02816969955168429,0.0017313572147555213,0.1576392225396798,0.11533068649638226,0.09643780955912595,0.17202845215797424,1.5709505944546687,0.0,
medqa_test_00236,qwen3-4b-nothink,medqa,A,A,True,True,False,10,10,399.5,0.009940710918683834,0.0,0.009940710918683834,0.0002976190476190476,0.052191973851829256,0.026481190565741088,0.014465707670125883,0.0832957997918129,0.0,0.9999999999377587,1.0
medqa_test_01046,qwen3-4b-nothink,medqa,B,E,False,True,False,10,10,622.6,0.009365695629164807,0.00045068966426265735,0.009816385293427465,0.005779846855723346,0.11508525650393028,0.0626676511988548,0.03625507880748308,0.05781888961791992,0.0,1.0,0.95
medqa_test_01114,qwen3-4b-nothink,medqa,D,B,False,True,False,10,10,758.9,0.01336031608537161,0.0,0.01336031608537161,0.0017876578072641928,0.044799383813819135,0.02096569930112462,0.010500375435554932,0.1041378527879715,0.0,0.9999999936512052,0.95
medqa_test_00999,qwen3-4b-nothink,medqa,E,E,True,True,False,10,10,539.8,0.010432822214654672,0.0,0.010432822214654672,0.0011248530585883012,0.02926695435080463,0.011837327285201293,0.00458573201612843,0.07560265064239502,0.0,0.9890130587659638,0.95
medqa_test_00553,qwen3-4b-nothink,medqa,B,B,True,True,False,10,10,413.1,0.009995497324801967,0.0,0.009995497324801967,0.002811361272183948,0.021993503732949893,0.009429616815765618,0.004993425163996967,0.0651945248246193,0.0,0.9994472214475559,1.0
medqa_test_01160,qwen3-4b-nothink,medqa,C,C,True,True,False,10,10,559.9,0.018439073643187254,0.0,0.018439073643187254,0.0,0.05836936811558881,0.034249306083445716,0.023109508421744175,0.08737941831350327,0.0,0.999999999945072,1.0
medqa_test_00943,qwen3-4b-nothink,medqa,E,E,True,True,False,10,10,414.9,0.007584063413851379,0.0,0.007584063413851379,0.0008866847050309216,0.05283072973009215,0.023444096074425946,0.011277817577310056,0.07114874571561813,0.0,0.9999999999975867,1.0
medqa_test_00916,qwen3-4b-nothink,medqa,A,D,False,True,False,10,10,667.6,0.0128208235197353,0.0,0.0128208235197353,0.0004509107235472159,0.02352440608073081,0.009814456604087352,0.003939193698306476,0.07893682271242142,0.4689955935892812,0.999999999868235,0.95
medqa_test_00705,qwen3-4b-nothink,medqa,D,D,True,True,False,10,10,601.4,0.0071413709715712845,0.0,0.0071413709715712845,0.0007682706323883101,0.036632186463151896,0.01696558272584773,0.009575730853662645,0.05896713584661484,0.0,0.9999999999740539,0.95
medqa_test_01178,qwen3-4b-nothink,medqa,B,B,True,True,False,10,10,493.2,0.0022271718737269758,0.0,0.0022271718737269758,0.0,0.06328463893455281,0.0307097689503948,0.017816869239450972,0.060017723590135574,0.0,0.9999999999740539,1.0
medqa_test_00079,qwen3-4b-nothink,medqa,C,C,True,True,False,10,10,773.8,0.0026896849946712468,0.0,0.0026896849946712468,0.0014170086414079207,0.08575816952059906,0.047347969284209965,0.02663331171331612,0.09836704283952713,0.7219280948873623,0.9999999907625499,0.95
medqa_test_00450,qwen3-4b-nothink,medqa,B,B,True,True,False,10,10,558.9,0.010390989421978896,0.0,0.010390989421978896,0.0005242497150816766,0.05737072239446652,0.028408206610405516,0.015031056274428323,0.0907718762755394,0.7219280948873623,1.0,1.0
medqa_test_00281,qwen3-4b-nothink,medqa,D,D,True,True,False,10,10,440.3,0.003461184801099532,0.0,0.003461184801099532,0.0,0.06732448346108835,0.04014558060357607,0.024644090051519907,0.08694786578416824,0.0,1.0,1.0
medqa_test_00967,qwen3-4b-nothink,medqa,C,D,False,True,False,10,10,565.7,0.014574047882699554,0.0,0.014574047882699554,0.001585409060787512,0.05175129919192474,0.026602441298908854,0.013227227750479664,0.09834834188222885,1.1567796494470395,0.99999998813888,0.95
medqa_test_00641,qwen3-4b-nothink,medqa,A,A,True,True,False,10,10,397.6,0.009556256748526818,0.0,0.009556256748526818,0.0,0.034361288957113344,0.015635792051738005,0.004683676143320337,0.06869067251682281,0.0,0.9999993524054334,1.0
medqa_test_00496,qwen3-4b-nothink,medqa,D,B,False,True,False,10,10,704.5,0.010538640264396985,0.0,0.010538640264396985,0.001130202265119918,0.09990250883024401,0.07130090889287552,0.0550538989042477,0.0731973946094513,0.4689955935892812,1.0,1.0
medqa_test_00533,qwen3-4b-nothink,medqa,B,B,True,True,False,10,10,644.9,0.007686857566266349,0.0,0.007686857566266349,0.0,0.04752552123420539,0.023215396927940078,0.01154000164772354,0.060560084879398346,0.9219280948873623,1.0,0.95
medqa_test_00891,qwen3-4b-nothink,medqa,A,A,True,False,False,9,10,1089.8,0.00835996640542431,0.0,0.00835996640542431,0.0018219349822815023,0.14410920515241304,0.10692098274481521,0.0891784629983512,0.109944649040699,1.5709505944546684,0.9999999997827559,0.95
medqa_test_00885,qwen3-4b-nothink,medqa,C,C,True,True,False,10,10,744.7,0.018496699451949157,0.00010857763300760044,0.018605277084956757,0.00014144271570014144,0.041161431141699775,0.01857534102714319,0.009040657941689022,0.10235028713941574,0.4689955935892812,1.0,0.85
medqa_test_00253,qwen3-4b-nothink,medqa,D,E,False,True,False,10,10,671.4,0.016968855329912658,0.0,0.016968855329912658,0.0016865497477414968,0.08290495281746,0.03887241975495509,0.022651804974842447,0.08686688542366028,0.7219280948873623,0.9999999999705993,0.95
medqa_test_00265,qwen3-4b-nothink,medqa,E,B,False,True,False,10,10,651.1,0.017351993460387273,0.0,0.017351993460387273,0.00015313935681470137,0.045535924251423575,0.022068625947348673,0.009967230394351389,0.07224340736865997,0.4689955935892812,0.0,0.95
medqa_test_01094,qwen3-4b-nothink,medqa,C,E,False,True,False,10,10,622.8,0.011500445754033313,0.0,0.011500445754033313,0.0,0.08235132657305891,0.044164601835055294,0.0285188563044248,0.07547588646411896,1.295461844238322,0.0,0.95
medqa_test_01147,qwen3-4b-nothink,medqa,A,A,True,True,False,10,10,418.1,0.01868030242625924,0.0,0.01868030242625924,0.004844883227654485,0.04117968920987723,0.020872681612573874,0.008574667092465137,0.04558994621038437,0.0,1.0,0.95
medqa_test_00162,qwen3-4b-nothink,medqa,D,D,True,True,False,10,10,545.2,0.0012338410644176239,0.0,0.0012338410644176239,0.0,0.03341309165282504,0.008295392127062018,0.002016748744050767,0.054803699254989624,0.0,0.9999999999771026,1.0
medqa_test_00456,qwen3-4b-nothink,medqa,B,A,False,True,False,10,10,716.4,0.017793096690838842,0.0,0.017793096690838842,0.0013928904561587602,0.08336240674709702,0.046619715927204895,0.02556918232633093,0.07420498132705688,0.7219280948873623,1.0,0.95
medqa_test_00732,qwen3-4b-nothink,medqa,B,B,True,True,False,10,10,777.3,0.010947305189204348,0.0,0.010947305189204348,0.0008265313258471628,0.04142404649677249,0.018997785686019297,0.009693282696529314,0.09386499226093292,0.0,9.422446721147109e-07,0.95
medqa_test_00436,qwen3-4b-nothink,medqa,C,C,True,True,False,10,10,637.5,0.011156903808938166,0.0003089598352214212,0.011465863644159585,0.0011670639609711504,0.060803850654882495,0.0301418163865263,0.016358639945025157,0.13233166933059692,0.0,1.0,1.0
medqa_test_00516,qwen3-4b-nothink,medqa,E,E,True,True,False,10,10,480.1,0.010875365237595521,0.0,0.010875365237595521,0.001488601127488188,0.1016664688869707,0.052571632270465816,0.03219676682257061,0.04891199618577957,0.8812908992306927,1.0,1.0
medqa_test_00627,qwen3-4b-nothink,medqa,D,D,True,True,False,10,10,720.4,0.005137113771372378,0.0,0.005137113771372378,0.00043846135533734485,0.06434302955250026,0.032653206549570254,0.018550408135547546,0.09127122163772583,1.6854752972273346,1.0,0.95
medqa_test_00453,qwen3-4b-nothink,medqa,C,A,False,True,False,10,10,594.3,0.020830729139311714,0.0,0.020830729139311714,0.0,0.04754926329508331,0.02501765263011816,0.012948174706552984,0.1033952608704567,0.9709505944546686,0.0,0.95
medqa_test_00324,qwen3-4b-nothink,medqa,A,A,True,True,False,10,10,756.6,0.008220241780345795,0.0,0.008220241780345795,0.00039956197517815783,0.021909770099352733,0.008224415494038828,0.0030398954517204093,0.0830642431974411,0.0,0.0,0.95
medqa_test_01115,qwen3-4b-nothink,medqa,E,E,True,True,False,10,10,567.3,0.004781096907403312,0.0,0.004781096907403312,0.0004018018742710051,0.031255290272690285,0.012410149275383498,0.004763706481164809,0.08942931145429611,0.9709505944546686,1.0,0.7
medqa_test_00572,qwen3-4b-nothink,medqa,C,A,False,True,False,10,10,648.7,0.016773068004924917,0.0,0.016773068004924917,0.0019228041489874619,0.06722656127718016,0.03486014410579809,0.01913898899398574,0.08932939916849136,1.5709505944546687,1.0,0.4
medqa_test_01004,qwen3-4b-nothink,medqa,D,D,True,True,False,10,10,644.8,0.012791425295901965,0.00018726591760299626,0.01297869121350496,0.0003480376217830605,0.024825316250085473,0.011087360814936786,0.006287230468694604,0.08106692135334015,0.0,1.0,0.9
medqa_test_01082,qwen3-4b-nothink,medqa,C,C,True,True,False,10,10,626.9,0.013898471918177047,0.0,0.013898471918177047,0.0,0.06564717036513866,0.032813923078810626,0.017648315406423566,0.07217559218406677,0.0,0.9999999928058669,1.0
medqa_test_00136,qwen3-4b-nothink,medqa,D,D,True,True,False,10,10,566.6,0.018540424498951567,0.0,0.018540424498951567,0.00037983798379837984,0.05334856529323019,0.021398157621114487,0.007323071303192041,0.06314801424741745,0.0,0.9999999999377586,0.95
medqa_test_00467,qwen3-4b-nothink,medqa,E,D,False,True,False,10,10,541.1,0.008178938551756198,0.0,0.008178938551756198,0.0009967868985387772,0.05458279021830984,0.025699814573375633,0.014902773570213423,0.103790283203125,1.1567796494470395,1.0,1.0
medqa_test_01060,qwen3-4b-nothink,medqa,D,B,False,True,False,10,10,728.2,0.011437832301347477,0.0005112889433446924,0.01194912124469217,0.0029682692539012637,0.07780041070811566,0.04337487547632553,0.027750995429219615,0.09097140282392502,0.7219280948873623,0.9999999997827559,1.0
medqa_test_00869,qwen3-4b-nothink,medqa,A,E,False,True,False,10,10,1249.4,0.005185457035317762,0.0009776213988241316,0.006163078434141893,0.005412357893375569,0.18951782438261278,0.12475389038756839,0.09025558386086306,0.0821210965514183,1.0,0.9999996940979884,0.95
medqa_test_01049,qwen3-4b-nothink,medqa,C,C,True,True,False,10,10,449.9,0.0057995482358462495,0.0,0.0057995482358462495,0.0008920761430595151,0.05331664495054188,0.020813568269284998,0.008378654581435186,0.06258466839790344,0.0,1.2015425731733108e-13,1.0
medqa_test_01165,qwen3-4b-nothink,medqa,B,B,True,True,False,10,10,654.8,0.002291463690085813,0.0,0.002291463690085813,0.0004663356514828039,0.04600137944886963,0.020375208646639543,0.006674358486478027,0.0766080990433693,0.0,0.0,1.0
medqa_test_00475,qwen3-4b-nothink,medqa,D,D,True,True,False,10,10,637.8,0.010972571392627879,0.0,0.010972571392627879,0.0012650884090060844,0.034182401844780406,0.017071196725834903,0.009257230500317659,0.06782566010951996,0.4689955935892812,1.0,0.95
medqa_test_00530,qwen3-4b-nothink,medqa,A,D,False,True,False,10,10,821.1,0.022327249365827116,0.00010152284263959392,0.02242877220846671,0.0001466275659824047,0.06310677327148981,0.03452599695226681,0.022239216602346613,0.09809331595897675,0.8812908992306927,0.9999999999377586,0.95
medqa_test_00180,qwen3-4b-nothink,medqa,B,A,False,True,False,10,10,1038.5,0.010483506842527973,0.0,0.010483506842527973,0.0013379578025262383,0.0711804526804497,0.03654841546668327,0.019844159550034213,0.06304269284009933,0.9709505944546686,0.0,0.95
medqa_test_01162,qwen3-4b-nothink,medqa,E,C,False,True,False,10,10,621.8,0.009681531760050066,0.0,0.009681531760050066,0.001565581646569231,0.1958874452702713,0.12257843294154917,0.08475253912235023,0.08169349282979965,1.8464393446710154,0.9999989322970015,1.0
medqa_test_01221,qwen3-4b-nothink,medqa,B,B,True,True,False,10,10,565.9,0.019145461813300912,0.0,0.019145461813300912,0.000393314047924756,0.06642949997945218,0.031918031724896975,0.017513253727051335,0.07945696264505386,1.5219280948873621,1.0,0.95
medqa_test_00915,qwen3-4b-nothink,medqa,A,D,False,True,False,10,10,615.0,0.009003894556421045,0.0,0.009003894556421045,0.0004176697137363069,0.06106387686139009,0.030447673242285256,0.015655774669458156,0.05164365842938423,0.0,0.0,1.0
medqa_test_00005,qwen3-4b-nothink,medqa,E,C,False,True,False,10,10,690.5,0.008958459822350823,0.00032434935052098776,0.00928280917287181,0.003202400842105311,0.07450794604984287,0.041733129976360084,0.026686915690817416,0.07524707913398743,0.0,0.9999999677581336,0.9
medqa_test_00671,qwen3-4b-nothink,medqa,B,B,True,True,False,10,10,533.7,0.016317660037605052,0.0,0.016317660037605052,0.0006703008983015497,0.06627146150196482,0.03780438119991897,0.023477880731109523,0.07319933921098709,0.0,1.0,0.95
medqa_test_01243,qwen3-4b-nothink,medqa,E,C,False,True,False,10,10,568.8,0.01738687102402988,0.0,0.01738687102402988,0.0007013845274736909,0.028643463779599386,0.01062095550209402,0.005220692601862453,0.05644679442048073,0.0,0.0,0.95
medqa_test_00249,qwen3-4b-nothink,medqa,B,B,True,True,False,10,10,570.7,0.00468377736842873,0.0019191887626697954,0.006602966131098525,0.007118824504988045,0.07877437333104803,0.03735880850607944,0.021780092383077966,0.07159631699323654,0.9219280948873623,0.9999997617671874,1.0
medqa_test_00800,qwen3-4b-nothink,medqa,C,C,True,True,False,10,10,450.5,0.010406079786398872,0.0,0.010406079786398872,0.0010563659383908792,0.02569303964766091,0.005625697249048378,0.0015304079180731068,0.08207952976226807,0.8812908992306927,1.0,1.0
medqa_test_00506,qwen3-4b-nothink,medqa,A,A,True,True,False,10,10,513.1,0.022771014513819427,0.0,0.022771014513819427,0.004493196067419386,0.0624631173880024,0.03211566283218006,0.01656347396839075,0.08317804336547852,0.0,0.9999999999964886,0.95
medqa_test_01220,qwen3-4b-nothink,medqa,A,A,True,True,False,10,10,500.1,0.017324571901735482,0.0,0.017324571901735482,0.0034648386457664477,0.046967710707863,0.02513559130532591,0.015688801038998855,0.14384973049163818,0.8812908992306927,1.0,0.95
medqa_test_00199,qwen3-4b-nothink,medqa,D,D,True,True,False,10,10,503.2,0.008024570562242992,0.0,0.008024570562242992,0.000234192037470726,0.05984961905084792,0.026651763115211224,0.01177682399629909,0.13082697987556458,0.7219280948873623,0.999999999987744,1.0
medqa_test_00589,qwen3-4b-nothink,medqa,E,E,True,True,False,10,10,483.3,0.009861812871337878,0.0,0.009861812871337878,0.002226588697851454,0.10888402812188144,0.061159069624375964,0.03410155052639095,0.08099135011434555,0.0,0.9999999907625504,1.0
medqa_test_01183,qwen3-4b-nothink,medqa,C,A,False,False,True,10,10,686.1,0.012699401833823445,0.0,0.012699401833823445,0.0009978771360407348,0.042235154252637575,0.020387523427396435,0.00994863827589738,0.07522216439247131,0.4689955935892812,0.9999999999740539,0.95
medqa_test_00424,qwen3-4b-nothink,medqa,C,C,True,True,False,10,10,462.3,0.006896421642254779,0.0,0.006896421642254779,0.0004113712657382275,0.05161053111340334,0.026490476877141667,0.016331233669009505,0.06730381399393082,0.0,1.0,1.0
medqa_test_01217,qwen3-4b-nothink,medqa,E,E,True,True,False,10,10,512.4,0.008668391963861955,0.0,0.008668391963861955,0.0,0.05399602534086052,0.027820429619185218,0.013599034044388425,0.08902128040790558,0.0,1.0,1.0
medqa_test_01063,qwen3-4b-nothink,medqa,D,D,True,True,False,10,10,429.5,0.006554361700987279,0.0003846153846153846,0.0069389770856026645,0.0018615224053608512,0.0820139900339898,0.04836926879769595,0.03494913668301758,0.06751181185245514,0.0,1.0,1.0
medqa_test_00625,qwen3-4b-nothink,medqa,C,C,True,True,False,10,10,686.8,0.017726298674226988,0.0,0.017726298674226988,0.0018522560804431945,0.07138060609865089,0.035061521210981175,0.018515925492034548,0.06695219874382019,0.7219280948873623,1.0,0.95
medqa_test_00486,qwen3-4b-nothink,medqa,C,A,False,True,False,10,10,613.5,0.010421137627166984,0.0,0.010421137627166984,0.0014972924626497027,0.06778671237776823,0.03748100917022347,0.02199145960885438,0.07878866791725159,0.9709505944546686,1.0,0.95
medqa_test_01229,qwen3-4b-nothink,medqa,D,D,True,False,True,9,9,1138.8,0.006115711402497034,0.00029743630847778546,0.00641314771097482,0.002616243848084837,0.17741237322071954,0.13584070486359617,0.1123014672418468,0.10551615804433823,0.7642045065086203,0.9999724642960122,0.95
medqa_test_00047,qwen3-4b-nothink,medqa,A,,,False,True,10,10,698.8,0.01124503938926353,0.00025215271622134987,0.01149719210548488,0.0001179245283018868,0.07750862395671353,0.037703479718426094,0.01928889603993301,0.08277599513530731,0.7219280948873623,0.9999999994094697,0.95
medqa_test_00838,qwen3-4b-nothink,medqa,A,A,True,True,False,10,10,472.1,0.01144028208995106,0.0,0.01144028208995106,0.0,0.03097925530578701,0.012905408057039958,0.004512151978878831,0.060107167810201645,0.0,2.129785932533792e-12,1.0
medqa_test_00150,qwen3-4b-nothink,medqa,A,C,False,True,False,10,10,699.4,0.016363358918621892,0.0,0.016363358918621892,0.0008285154012366638,0.04831963225598009,0.020298022250597347,0.008796270901993707,0.13930130004882812,1.9609640474436814,1.0,0.85
medqa_test_00203,qwen3-4b-nothink,medqa,A,E,False,True,False,10,10,542.6,0.007665930196456288,0.0,0.007665930196456288,0.0,0.052378627103105625,0.018969188872069397,0.009324392753570165,0.16056272387504578,1.295461844238322,2.3823685281970985e-07,0.95
medqa_test_00230,qwen3-4b-nothink,medqa,C,C,True,True,False,10,10,609.8,0.009345725040516931,0.0,0.009345725040516931,0.0004676407304940006,0.1136354090209258,0.0687999527402274,0.04594078328429006,0.07169413566589355,0.0,1.0,1.0
medqa_test_01023,qwen3-4b-nothink,medqa,D,C,False,True,False,10,10,702.4,0.010319622656338078,0.0,0.010319622656338078,0.00021812957157784746,0.046248607088691884,0.02081010120310628,0.01035300315371066,0.08912397176027298,0.0,0.0,0.95
medqa_test_00688,qwen3-4b-nothink,medqa,A,E,False,True,False,10,10,912.6,0.016211682444609066,0.00017073248899416422,0.016382414933603227,0.00011135857461024498,0.08093419996538719,0.04394598877706625,0.02507599007486948,0.09129907935857773,1.1567796494470395,0.0,0.95
medqa_test_01019,qwen3-4b-nothink,medqa,A,A,True,True,False,10,10,593.7,0.011487229672296262,0.0003552397868561279,0.011842469459152388,0.0011932710770389703,0.06521617471159788,0.03331734500190638,0.018452745559702166,0.05342361703515053,0.0,1.0,1.0
medqa_test_00095,qwen3-4b-nothink,medqa,D,C,False,False,False,9,10,1144.5,0.015483726560366529,2.447980416156671e-05,0.015508206364528094,0.0010561124916107307,0.17296835594761872,0.1316863755404675,0.10888103216677184,0.07976388186216354,0.0,0.9999999999821676,0.95
medqa_test_00343,qwen3-4b-nothink,medqa,B,B,True,True,False,10,10,464.2,0.00979406459165094,0.0,0.00979406459165094,0.0010459237112452197,0.10158057439038104,0.05143514659309697,0.029570433283670684,0.08939014375209808,1.3567796494470397,1.0,1.0
medqa_test_00981,qwen3-4b-nothink,medqa,D,D,True,True,False,10,10,384.0,0.004707283405128384,0.0,0.004707283405128384,0.007863050429807558,0.06104876264097133,0.02624865695907872,0.01607836506431696,0.08404087275266647,0.4689955935892812,0.9997965729677235,1.0
medqa_test_00648,qwen3-4b-nothink,medqa,A,A,True,True,False,10,10,528.8,0.0064281009149926805,0.0,0.0064281009149926805,0.0007163323782234958,0.072969535915161,0.04186713761139601,0.024779915805345866,0.08105884492397308,0.0,1.0,1.0
medqa_test_00756,qwen3-4b-nothink,medqa,C,B,False,True,False,10,10,436.1,0.016456733308590148,0.0,0.016456733308590148,0.0004017500231006263,0.09420311274722835,0.05167016249400499,0.026011876429108592,0.08197864890098572,0.4689955935892812,0.9999999995941351,0.95
medqa_test_00527,qwen3-4b-nothink,medqa,A,A,True,True,False,10,10,646.4,0.015419395708127481,0.0,0.015419395708127481,0.0004339915066817241,0.02381290637631317,0.010141315713510624,0.004077084513244034,0.11375158280134201,0.0,0.9999999973534264,0.95
medqa_test_00290,qwen3-4b-nothink,medqa,B,A,False,True,False,10,10,533.1,0.006902510266453193,0.0005828166025000659,0.00748532686895326,0.0026344185168182856,0.1771274372814728,0.10095349516638404,0.05665977526727637,0.05319566652178764,0.9709505944546686,0.9999999987498471,1.0
medqa_test_00086,qwen3-4b-nothink,medqa,C,C,True,True,False,10,10,447.7,0.014567362754574879,0.0,0.014567362754574879,0.0006943536080226728,0.029478827773610806,0.012592973213514958,0.005853426817767027,0.07033518701791763,0.0,0.9999999468421502,0.95
medqa_test_00674,qwen3-4b-nothink,medqa,B,B,True,True,False,10,10,512.7,0.006740863690060395,0.0,0.006740863690060395,0.0017653855000157631,0.0863736437898214,0.05895236816156445,0.04177854504528468,0.05145233869552612,0.0,0.0,1.0
medqa_test_00173,qwen3-4b-nothink,medqa,A,A,True,True,False,10,10,752.8,0.013014286827785044,0.0,0.013014286827785044,0.010048657612259234,0.09521370400289517,0.053168392427427325,0.03303210689183557,0.0881158858537674,1.5219280948873621,1.0,0.6
medqa_test_01040,qwen3-4b-nothink,medqa,B,C,False,True,False,10,10,797.2,0.011730437831314059,0.0,0.011730437831314059,0.00036009342171742565,0.043432077819085056,0.01525291978143184,0.007387832978847231,0.05336944758892059,0.0,0.9999999999294711,0.95
medqa_test_01156,qwen3-4b-nothink,medqa,C,C,True,True,False,10,10,903.9,0.008800441186902288,0.0002874572868202089,0.009087898473722497,0.0005209559535275865,0.07122720797464112,0.04035159497368599,0.021450829256291725,0.1375994086265564,1.1567796494470395,1.0,1.0
medqa_test_00948,qwen3-4b-nothink,medqa,D,C,False,True,False,10,10,677.8,0.0054445045253286,0.0,0.0054445045253286,0.0002823208722741433,0.06366921090922513,0.034934220417194115,0.021103130857360264,0.08858542889356613,0.9709505944546686,0.999999872481019,0.95
medqa_test_00993,qwen3-4b-nothink,medqa,A,C,False,True,False,10,10,698.7,0.016806890804391173,0.0,0.016806890804391173,0.00025273839820657857,0.051055845536931765,0.025992008176771574,0.014500533190988152,0.09658397734165192,1.4854752972273344,0.9999999998973812,0.95
medqa_test_00721,qwen3-4b-nothink,medqa,B,B,True,True,False,10,10,501.6,0.004048471289957927,0.0,0.004048471289957927,0.0008313823366305811,0.07917855682548716,0.03851048118286482,0.02139773348801923,0.0892234519124031,1.1567796494470395,1.0,1.0
medqa_test_00881,qwen3-4b-nothink,medqa,A,A,True,True,False,10,10,523.2,0.0076114994833763215,0.0,0.0076114994833763215,0.0008825386145769592,0.06387995503216938,0.028872638288730268,0.016001788254651317,0.11562447994947433,0.0,0.999999939764251,1.0
medqa_test_01214,qwen3-4b-nothink,medqa,A,A,True,True,False,10,10,781.4,0.012162839391238887,0.0,0.012162839391238887,0.002159898597385012,0.05615162104956084,0.02788475981240065,0.014921527304932758,0.09078945219516754,0.8812908992306927,0.9999997617630333,0.95
medqa_test_00329,qwen3-4b-nothink,medqa,B,A,False,True,False,10,10,551.4,0.012633775990808357,0.0,0.012633775990808357,0.0014109896369978708,0.030978029256989215,0.011507305942436563,0.0027461407246169188,0.06952279061079025,0.0,0.999999998394772,1.0
medqa_test_00670,qwen3-4b-nothink,medqa,E,A,False,True,False,10,10,480.4,0.00801972964560883,0.0,0.00801972964560883,0.0003920078017615394,0.07326756176247011,0.03947114945537729,0.022803035394032056,0.08401788026094437,0.0,0.9999999999797932,0.95
medqa_test_00621,qwen3-4b-nothink,medqa,E,B,False,True,False,10,10,670.8,0.013829866260675486,0.0,0.013829866260675486,0.00030483867992399784,0.051858115624273324,0.02656173068269655,0.016024106084986844,0.08550088852643967,0.9219280948873623,1.0,0.95
medqa_test_01017,qwen3-4b-nothink,medqa,E,E,True,True,False,10,10,556.8,0.014572954866316268,0.0,0.014572954866316268,0.0,0.05107155376796071,0.025245015086116894,0.012088578941979188,0.09312128275632858,0.0,0.9999994284997331,0.95
medqa_test_01051,qwen3-4b-nothink,medqa,D,B,False,True,False,10,10,618.2,0.0023520696940061044,0.00045514432866211526,0.0028072140226682194,0.0029949352682489454,0.08961938970408051,0.04035572938209424,0.020565802469427817,0.07609941065311432,1.3709505944546687,,0.95
medqa_test_00856,qwen3-4b-nothink,medqa,D,A,False,False,False,9,10,1116.0,0.009890484100885538,0.0019271654483194469,0.011817649549204985,0.003017470628249099,0.1445502966960399,0.1103076837304197,0.09309337695864493,0.13042590022087097,0.7219280948873623,0.9999999998308101,0.85
medqa_test_00293,qwen3-4b-nothink,medqa,A,C,False,True,False,10,10,495.8,0.0077653070251902535,0.0,0.0077653070251902535,0.0007612634718344158,0.018750661269079316,0.005860677219558785,0.0021099922145218276,0.0742119550704956,0.4689955935892812,1.0,1.0
medqa_test_00311,qwen3-4b-nothink,medqa,D,D,True,True,False,10,10,703.3,0.011968710760713642,0.0,0.011968710760713642,0.00043106644619776685,0.05947385290688949,0.030301299357901247,0.018648921994485833,0.09224168956279755,0.0,1.0,1.0
medqa_test_00000,qwen3-4b-nothink,medqa,C,B,False,True,False,10,10,446.2,0.01017013425349299,0.0,0.01017013425349299,0.002715761993075175,0.09608842864870962,0.0571409523614824,0.037308269399722115,0.04857289046049118,0.0,0.43782349911442503,1.0
medqa_test_00561,qwen3-4b-nothink,medqa,D,D,True,True,False,10,10,800.2,0.012856341991907577,0.0,0.012856341991907577,0.00011737089201877934,0.04889194209500016,0.024199461651423882,0.01296855554975811,0.08364325761795044,0.0,0.0,0.95
medqa_test_00415,qwen3-4b-nothink,medqa,E,E,True,True,False,10,10,619.0,0.005944685790248098,0.0,0.005944685790248098,0.006042062565556347,0.07519225273818247,0.03294577858834574,0.015138360923891536,0.06340563297271729,0.4689955935892812,1.0,1.0
medqa_test_00308,qwen3-4b-nothink,medqa,C,C,True,True,False,10,10,491.8,0.003118249450567361,0.0006548722187044798,0.00377312166927184,0.0005984645927738111,0.05152733128844843,0.020626789002142553,0.010313137283135144,0.08588716387748718,0.0,1.0,1.0
medqa_test_00582,qwen3-4b-nothink,medqa,E,D,False,True,False,10,10,497.3,0.007547485137187992,0.0,0.007547485137187992,0.0,0.06976175943576944,0.038331875214970744,0.025085952837130276,0.10705409944057465,0.0,1.0,1.0
medqa_test_00630,qwen3-4b-nothink,medqa,E,E,True,True,False,10,10,748.0,0.007456228231053219,0.0006243717933987651,0.008080600024451986,0.0039189082573602724,0.13507053392515966,0.0957052631414339,0.07545249169053844,0.09022115170955658,1.5709505944546684,1.0,1.0
medqa_test_01264,qwen3-4b-nothink,medqa,B,C,False,True,False,10,10,636.9,0.01415132592505785,0.0,0.01415132592505785,0.0005682139646131136,0.04167315348020587,0.016928418920833976,0.006710268285040422,0.12340368330478668,1.1567796494470395,0.0009110513584167012,0.95
medqa_test_00693,qwen3-4b-nothink,medqa,C,C,True,True,False,10,10,686.3,0.010065915508139888,0.0,0.010065915508139888,0.0006849580449829744,0.04112832348099406,0.02076263707952608,0.012279759344799435,0.09669697284698486,1.1567796494470395,0.9999999999450722,0.95
medqa_test_00388,qwen3-4b-nothink,medqa,C,C,True,True,False,10,10,576.2,0.010790608210157693,0.0,0.010790608210157693,0.0019161889148190524,0.030295043816045884,0.013836343251973537,0.006677674346322837,0.08238784223794937,0.0,0.999999999957222,0.95
medqa_test_00914,qwen3-4b-nothink,medqa,D,D,True,True,False,10,10,608.5,0.00305717424947102,0.00054244573118767,0.00359961998065869,0.0013306758431767154,0.02988604062568768,0.013374763324991035,0.007345161943360301,0.06472691148519516,0.0,1.0,1.0
medqa_test_00430,qwen3-4b-nothink,medqa,B,B,True,True,False,10,10,577.2,0.0064221043422976794,0.0,0.0064221043422976794,0.0005801258142796868,0.0660838650978974,0.034671696830132326,0.016733926001002007,0.08392108976840973,0.0,0.9999999999094392,0.95
medqa_test_00196,qwen3-4b-nothink,medqa,A,B,False,True,False,10,10,582.7,0.014205155508270718,0.0,0.014205155508270718,0.0034275554716967603,0.21975576701978783,0.1656506305020629,0.13154868734475555,0.05518067255616188,1.1567796494470395,0.9999999317439299,0.95
medqa_test_00863,qwen3-4b-nothink,medqa,A,A,True,True,False,10,10,702.7,0.00831365860896885,0.0,0.00831365860896885,0.0004751241047059039,0.03754695610041986,0.018719222200046858,0.00995537590007085,0.10945136845111847,0.7219280948873623,0.9999999996418251,0.95
medqa_test_01097,qwen3-4b-nothink,medqa,C,C,True,True,False,10,10,607.6,0.011272759867285669,0.0,0.011272759867285669,0.0006798248044074867,0.03655038934492997,0.016286129130386885,0.00886927708617219,0.08061015605926514,0.0,0.0,0.95
medqa_test_00302,qwen3-4b-nothink,medqa,A,A,True,True,False,10,10,652.1,0.009031779588052305,0.0,0.009031779588052305,0.0006240249609984399,0.07748838343105245,0.0509044846843756,0.03725117351251842,0.08270589262247086,0.0,1.0,1.0
medqa_test_00713,qwen3-4b-nothink,medqa,A,A,True,True,False,10,10,634.5,0.0063693249623115985,0.0001805054151624549,0.006549830377474053,0.0009447108425161789,0.01263112929537109,0.001487724515646205,0.0,0.05137345567345619,0.0,1.0,1.0
medqa_test_00412,qwen3-4b-nothink,medqa,A,A,True,True,False,10,10,876.8,0.010787233993530283,0.0,0.010787233993530283,0.0005557763651050534,0.025428046175170593,0.009413222333149274,0.0032319467806677495,0.08267249912023544,0.0,0.9999999994094697,0.95
medqa_test_01199,qwen3-4b-nothink,medqa,A,,,False,True,10,10,793.4,0.0211215864232362,0.00020718232044198895,0.021328768743678193,0.0014700020598186752,0.0713967293107914,0.0386016662834615,0.02302066774543162,0.1022784560918808,0.9219280948873623,0.009708477627578704,0.7
medqa_test_00418,qwen3-4b-nothink,medqa,D,D,True,True,False,10,10,572.9,0.011196096667956412,0.0,0.011196096667956412,0.00047118031065551604,0.032163158555055846,0.01513654796538807,0.007714939816013111,0.08638209849596024,0.0,1.3007123809144468e-05,1.0
medqa_test_00935,qwen3-4b-nothink,medqa,A,E,False,True,False,10,10,675.2,0.016574713229592506,0.0002306805074971165,0.01680539373708962,0.005052530706702661,0.10321775324656354,0.05885740494724434,0.03456951907888127,0.09741652756929398,1.5709505944546684,1.0,0.95
medqa_test_00316,qwen3-4b-nothink,medqa,A,C,False,True,False,10,10,596.8,0.014750602777617028,0.0,0.014750602777617028,0.0016383341117161422,0.13261578672668772,0.0897788951041331,0.0680703113504465,0.10288813710212708,1.295461844238322,0.9999999999934397,0.95
medqa_test_00519,qwen3-4b-nothink,medqa,D,B,False,True,False,10,10,738.4,0.009130388431472514,0.0,0.009130388431472514,0.0009901875532214838,0.06721283207527057,0.03877179907020639,0.0256119647693828,0.0843968465924263,0.7219280948873623,0.9999999998837176,0.95
medqa_test_00961,qwen3-4b-nothink,medqa,A,B,False,True,False,10,10,450.3,0.013103564244523344,0.0,0.013103564244523344,0.0014003870098401715,0.04846908389256965,0.02347769626224975,0.012086480707480873,0.06482910364866257,1.3609640474436813,0.9999999995941352,0.95
medqa_test_00737,qwen3-4b-nothink,medqa,D,C,False,True,False,10,10,576.6,0.0012424998441163209,0.0,0.0012424998441163209,0.000519990184298787,0.0502899606125761,0.02346820664027427,0.010632062888531834,0.05201030150055885,0.0,1.0,1.0
medqa_test_00127,qwen3-4b-nothink,medqa,D,D,True,True,False,10,10,496.8,0.0030025868526640464,0.0,0.0030025868526640464,0.0005989579852897283,0.07643173882375662,0.043389596369757956,0.02707362969307393,0.08081159740686417,0.0,1.0,1.0
medqa_test_00922,qwen3-4b-nothink,medqa,A,D,False,True,False,10,10,712.0,0.014618783929191997,0.0,0.014618783929191997,0.002408139136915818,0.056298656106544685,0.02768048676219037,0.012909299974602795,0.08966295421123505,0.8812908992306927,0.9999999970010417,0.95
medqa_test_00784,qwen3-4b-nothink,medqa,B,B,True,True,False,10,10,509.7,0.0042826051470372176,0.0,0.0042826051470372176,0.0011607328354096762,0.05766597273888043,0.027245633052477992,0.012008634994033074,0.08205421268939972,0.7219280948873623,0.9999999999622486,0.85
medqa_test_01102,qwen3-4b-nothink,medqa,D,D,True,True,False,10,10,581.6,0.010693574383725828,0.0,0.010693574383725828,0.0005604328080607553,0.057701379262115084,0.028727723525650138,0.012832136713949305,0.10242848843336105,0.0,0.0,0.95
medqa_test_01109,qwen3-4b-nothink,medqa,B,B,True,True,False,10,10,652.2,0.005555531208004697,0.0,0.005555531208004697,0.0,0.021444490146836238,0.0054711170966543436,0.0016658599322890932,0.09153257310390472,0.0,0.0,0.95
medqa_test_00680,qwen3-4b-nothink,medqa,E,E,True,True,False,10,10,473.2,0.004434204827740838,0.0,0.004434204827740838,0.0016452224641237718,0.04511601004204967,0.017687275124516656,0.007242230217658963,0.06073817238211632,0.0,0.9999999998973812,1.0
medqa_test_00930,qwen3-4b-nothink,medqa,A,A,True,True,False,10,10,577.3,0.015936524669187553,0.002443282664880254,0.018379807334067806,0.0006142383263586477,0.04549911011342865,0.021598280067157305,0.011529357334238387,0.11468741297721863,0.0,0.9999999996839116,0.95
medqa_test_00441,qwen3-4b-nothink,medqa,D,D,True,True,False,10,10,515.2,0.014464796539328728,0.0001026694045174538,0.01456746594384618,0.0001026694045174538,0.0443052063824931,0.020753297273524464,0.011635522161090317,0.11408901959657669,0.0,0.9999999999771026,0.85
medqa_test_00372,qwen3-4b-nothink,medqa,E,A,False,True,False,10,10,674.1,0.01040352931043014,0.0,0.01040352931043014,0.00031080235263763935,0.027590069777106506,0.01271047603593357,0.005024730545408573,0.0896855890750885,0.8812908992306927,0.0,0.95
medqa_test_01061,qwen3-4b-nothink,medqa,E,E,True,True,False,10,10,615.2,0.006032163811760573,0.0,0.006032163811760573,0.0004877346891492944,0.023282879746550154,0.00995003161453949,0.0035619253992801637,0.045771971344947815,0.4689955935892812,0.9999999987498484,1.0
medqa_test_00686,qwen3-4b-nothink,medqa,A,E,False,True,False,10,10,596.4,0.0038246859606924795,0.0,0.0038246859606924795,0.0013958719804357516,0.06355566404523963,0.03451493731864304,0.020484870929138366,0.0947694480419159,1.3609640474436813,0.9999999928058708,1.0
medqa_test_00925,qwen3-4b-nothink,medqa,C,C,True,True,False,10,10,408.8,0.007220143348326083,0.0,0.007220143348326083,0.002902632137897953,0.05553447643140742,0.02703606436664723,0.016345762233234352,0.04825827106833458,0.0,0.9999999973534254,1.0
medqa_test_00992,qwen3-4b-nothink,medqa,E,E,True,True,False,10,10,481.2,0.029368555222765092,0.00020040080160320639,0.0295689560243683,0.004572223222501793,0.04610335290705081,0.02017157829826499,0.009271518346122564,0.04107418656349182,0.0,0.9999999999572222,1.0
medqa_test_00736,qwen3-4b-nothink,medqa,A,B,False,True,False,10,10,500.0,0.019287639946369135,0.0,0.019287639946369135,0.0009363081424354003,0.053072501021037014,0.021354146824616192,0.010411011981456452,0.08143209666013718,0.7219280948873623,1.0,1.0
medqa_test_00904,qwen3-4b-nothink,medqa,C,A,False,True,False,10,10,539.1,0.010426034043780171,0.0,0.010426034043780171,0.000738279696171841,0.057084512425086775,0.028232343343859812,0.01166701712264584,0.09590126574039459,0.4689955935892812,1.0,0.95
medqa_test_00551,qwen3-4b-nothink,medqa,A,A,True,True,False,10,10,743.5,0.012318558285276403,0.00021119324181626187,0.012529751527092667,0.002950904618542499,0.08296470230449994,0.050239384382299725,0.030397125598036766,0.07259739935398102,1.1567796494470395,1.0,0.95
medqa_test_00532,qwen3-4b-nothink,medqa,B,,,False,True,9,9,1241.3,0.025700124146228416,0.0035304177460102463,0.029230541892238664,0.0013022371225501924,0.18147531243311837,0.139183764560751,0.11914109423521002,0.13050810992717743,1.224394445405986,0.999999996149255,0.95
medqa_test_01127,qwen3-4b-nothink,medqa,C,C,True,True,False,10,10,485.1,0.008490406284988984,0.0,0.008490406284988984,0.00043589743589743585,0.03268200918084393,0.011641299379866932,0.004444330525363927,0.059492699801921844,0.0,1.0,1.0
medqa_test_00783,qwen3-4b-nothink,medqa,B,B,True,True,False,10,10,500.5,0.0196035206688178,0.0,0.0196035206688178,0.0024195040678377426,0.03181282427152223,0.01470264975930483,0.008006857407110024,0.08422060310840607,0.0,0.9999999999572221,0.95
medqa_test_01066,qwen3-4b-nothink,medqa,A,D,False,True,False,10,10,644.3,0.00636718779635948,0.0002498894570003301,0.0066170772533598095,0.00042570307438064665,0.07480620246341631,0.04057261730158955,0.02264977064023105,0.14930477738380432,1.8464393446710154,1.0,1.0
medqa_test_01144,qwen3-4b-nothink,medqa,C,C,True,True,False,10,10,399.3,0.010910033569389448,0.0,0.010910033569389448,0.0027842660420381283,0.06313279153587673,0.03328005296496482,0.020562920319197986,0.04783330485224724,1.0,0.9999999907625504,0.95
medqa_test_00260,qwen3-4b-nothink,medqa,C,C,True,True,False,10,10,728.2,0.011578919258950104,0.0,0.011578919258950104,0.00155938691663249,0.02905162836859141,0.012313654968752164,0.00423422736798198,0.0894627645611763,0.0,0.9999999804443193,0.95
medqa_test_01181,qwen3-4b-nothink,medqa,E,E,True,True,False,10,10,716.6,0.009565883555330848,0.0,0.009565883555330848,0.0015509123857371462,0.04951247644568885,0.023383516571352635,0.010464342260800874,0.055369023233652115,0.0,0.0,0.95
medqa_test_00590,qwen3-4b-nothink,medqa,C,C,True,True,False,10,10,650.8,0.012615157429196139,0.0,0.012615157429196139,0.0003336026622478465,0.061657999788846375,0.03114256824361238,0.014780263356710044,0.09974650293588638,1.8464393446710154,0.0,0.95
medqa_test_00394,qwen3-4b-nothink,medqa,D,D,True,True,False,10,10,818.6,0.004130071767847563,0.0,0.004130071767847563,0.0032664788344805074,0.056106534634587625,0.028721647936078766,0.014943756267151076,0.0888235941529274,0.0,0.0,0.95
medqa_test_00795,qwen3-4b-nothink,medqa,C,E,False,False,False,9,10,989.7,0.00869420180451368,0.00014435395448922036,0.008838555759002902,0.0029507725852647984,0.14099593000713595,0.11164589518220946,0.09792250701818062,0.0966285988688469,0.8812908992306927,1.0,0.95
medqa_test_00523,qwen3-4b-nothink,medqa,E,E,True,True,False,10,10,417.0,0.0039350827613893885,0.0,0.0039350827613893885,0.001320630588923272,0.07172815420186306,0.038971582988463635,0.024450290553521426,0.08047715574502945,0.0,0.9999999999964885,1.0
medqa_test_00620,qwen3-4b-nothink,medqa,C,C,True,True,False,10,10,559.9,0.002843928676255859,0.0,0.002843928676255859,0.0003003321001617693,0.14047108529242633,0.08578454344194231,0.05210558266048286,0.07067982107400894,0.0,1.0,1.0
medqa_test_00446,qwen3-4b-nothink,medqa,A,D,False,True,False,10,10,612.0,0.011370159531925845,0.00024330900243309004,0.011613468534358934,0.00014903129657228018,0.07629592972017116,0.03334929759883352,0.01619647469905051,0.13519707322120667,1.8464393446710154,1.0,0.85
medqa_test_01072,qwen3-4b-nothink,medqa,D,D,True,True,False,10,10,428.7,0.0018869799260996804,0.0,0.0018869799260996804,0.001159311148880698,0.08568283209876595,0.04670417114259449,0.024491966040638247,0.07621092349290848,0.0,0.99999999999886,1.0
medqa_test_00746,qwen3-4b-nothink,medqa,B,B,True,True,False,10,10,688.4,0.019001577909443963,0.0,0.019001577909443963,0.0006129904832417831,0.04751830629446285,0.02389331199384658,0.012807305218081988,0.10329179465770721,0.0,0.9999999995941347,0.95
medqa_test_00353,qwen3-4b-nothink,medqa,B,B,True,True,False,10,10,643.4,0.013382296202132498,0.0,0.013382296202132498,0.0008573534335520741,0.02424747872180342,0.01058570217451361,0.004585472013856007,0.11648555099964142,0.0,1.0,0.95
medqa_test_00444,qwen3-4b-nothink,medqa,D,D,True,True,False,10,10,578.2,0.005070334925487541,0.0,0.005070334925487541,0.0040697114336725685,0.07403481437529998,0.035979028238213494,0.020288386636976408,0.09697716683149338,0.0,0.999999999990455,1.0
medqa_test_00610,qwen3-4b-nothink,medqa,B,B,True,True,False,10,10,675.9,0.008303072851897643,0.0,0.008303072851897643,0.006168946406029415,0.1240065773120255,0.06908785434156446,0.04212722432427648,0.07377102971076965,0.9219280948873623,1.0,1.0
medqa_test_00111,qwen3-4b-nothink,medqa,C,C,True,True,False,10,10,596.1,0.012629266111780228,0.0,0.012629266111780228,0.0009559224459440048,0.026968329920221978,0.012291305385285101,0.005886279483724233,0.09870448708534241,0.0,0.999999999868235,1.0
medqa_test_00822,qwen3-4b-nothink,medqa,C,B,False,True,False,10,10,934.0,0.009688762373004844,0.0,0.009688762373004844,0.0006891584351100651,0.049259118022948925,0.024498923532031112,0.015140074295754669,0.09488951414823532,1.1567796494470395,0.0,0.95
medqa_test_01198,qwen3-4b-nothink,medqa,B,C,False,True,False,10,10,618.0,0.014362486650167575,0.00016474464579901152,0.014527231295966586,0.001120940302831615,0.07032748232207245,0.03558349475736795,0.02121136844771663,0.06183065474033356,0.0,0.7310585727745178,0.95
medqa_test_00594,qwen3-4b-nothink,medqa,D,A,False,True,False,10,10,542.7,0.02532257600447063,0.0,0.02532257600447063,0.0,0.029171702910279106,0.01342327618414676,0.006052420710178452,0.046821992844343185,0.0,0.9999999979388463,0.95
medqa_test_00182,qwen3-4b-nothink,medqa,B,B,True,True,False,10,10,646.0,0.016044605379926694,0.0,0.016044605379926694,0.002638889985786422,0.043947897077765384,0.01861173698756381,0.007725773883204867,0.055666808038949966,0.0,0.9999999998837177,0.95
medqa_test_00972,qwen3-4b-nothink,medqa,C,D,False,True,False,10,10,551.3,0.013041665527807552,0.0,0.013041665527807552,0.005507299253429765,0.08361262108104853,0.0380805213134912,0.015934470066564222,0.08960892260074615,0.0,0.9999999999771026,0.95
medqa_test_00917,qwen3-4b-nothink,medqa,E,E,True,False,True,8,10,1544.5,0.010189693653864929,0.0019701556359168894,0.012159849289781817,0.0013557955162943947,0.2335291399909841,0.19627340425267992,0.1751227017310603,0.11837334930896759,0.9219280948873623,1.0,0.95
medqa_test_00028,qwen3-4b-nothink,medqa,D,D,True,True,False,10,10,684.1,0.009571487933747555,0.0,0.009571487933747555,0.0003139829012902467,0.0436757249733513,0.021530482183325338,0.010469951732895855,0.15263229608535767,0.0,1.0,1.0
medqa_test_00339,qwen3-4b-nothink,medqa,A,A,True,True,False,10,10,562.0,0.012167411485666513,0.0,0.012167411485666513,0.00034934973723087356,0.06545353392827528,0.02241540291124513,0.00644078434980897,0.0421806164085865,0.0,0.9999999999954913,1.0
medqa_test_00549,qwen3-4b-nothink,medqa,B,D,False,True,False,10,10,701.7,0.012042865606022668,0.0001053740779768177,0.012148239683999487,0.0019194648862010007,0.06377233085349773,0.02937383554791907,0.013882507352098394,0.07803525030612946,0.8812908992306927,0.9999885212322149,0.95
medqa_test_00695,qwen3-4b-nothink,medqa,B,B,True,True,False,10,10,994.9,0.00847966276588492,0.0,0.00847966276588492,0.00038038038038038034,0.05918252707001156,0.027974503811158034,0.013639885666647011,0.07872636616230011,1.0,1.0,0.95
medqa_test_00409,qwen3-4b-nothink,medqa,C,C,True,True,False,10,10,497.4,0.002349094998025103,0.0,0.002349094998025103,0.0007694689622607243,0.03770284880145871,0.019204726862975842,0.009284955648546112,0.0802217349410057,0.0,0.0,1.0
medqa_test_00521,qwen3-4b-nothink,medqa,A,A,True,True,False,10,10,658.3,0.0052258750200712,0.0,0.0052258750200712,0.000531703825027861,0.047308776857056714,0.02495726413681405,0.013686286104397349,0.06594545394182205,0.0,0.9999999999294712,1.0
medqa_test_00656,qwen3-4b-nothink,medqa,D,D,True,True,False,10,10,569.3,0.018838042742959075,0.0,0.018838042742959075,0.00018018018018018018,0.03256991356367498,0.011384845775937468,0.005215197577531439,0.05078989639878273,0.0,0.999999057755847,0.95
medqa_test_00359,qwen3-4b-nothink,medqa,D,D,True,True,False,10,10,488.9,0.013048654307846885,0.0,0.013048654307846885,0.0009112567121161858,0.05351944201963434,0.028138571653483158,0.014136974033271776,0.05714230611920357,0.0,1.0,0.95
medqa_test_00807,qwen3-4b-nothink,medqa,A,C,False,True,False,10,10,804.2,0.01479695087766523,8.920606601248885e-05,0.01488615694367772,0.0014922136915202094,0.057606261927451184,0.02363504789151145,0.011424092175471379,0.13196168839931488,0.0,0.9999999970010398,0.95
medqa_test_00791,qwen3-4b-nothink,medqa,A,A,True,True,False,10,10,580.1,0.005218027851354565,0.0,0.005218027851354565,0.00032345741187343106,0.045403125893449914,0.020290979209937453,0.011026997747352963,0.13649876415729523,0.4689955935892812,1.0,0.95
medqa_test_00071,qwen3-4b-nothink,medqa,A,A,True,True,False,10,10,658.6,0.011533325007420122,0.0,0.011533325007420122,0.00031836946474133736,0.045887215752999234,0.02247198931567155,0.013571292665005851,0.06721585988998413,0.0,1.0,0.95
medqa_test_01176,qwen3-4b-nothink,medqa,D,D,True,True,False,10,10,889.1,0.01086646511503634,0.0,0.01086646511503634,0.000354052684311958,0.04900635078014289,0.020614397036908205,0.009423696832125761,0.08442558348178864,1.295461844238322,1.0,0.95
medqa_test_00336,qwen3-4b-nothink,medqa,A,D,False,True,False,10,10,588.2,0.011728279886965533,0.00026041666666666666,0.0119886965536322,0.000340357549078343,0.04389300554465764,0.020338747183400785,0.009806872852364201,0.12889258563518524,0.9219280948873623,1.0,0.95
medqa_test_00408,qwen3-4b-nothink,medqa,A,A,True,True,False,10,10,560.7,0.006625011805003031,0.0,0.006625011805003031,0.0006767604897959076,0.04861598581147773,0.024136807630463164,0.013190014805957107,0.08252283930778503,0.8812908992306927,9.357622968821712e-14,1.0
medqa_test_00197,qwen3-4b-nothink,medqa,C,C,True,True,False,10,10,637.3,0.013061533913159742,0.0,0.013061533913159742,0.0008624904463509792,0.05547793008929377,0.026843300726582964,0.0149089919892609,0.06182912364602089,0.0,0.0,0.95
medqa_test_00675,qwen3-4b-nothink,medqa,C,E,False,True,False,10,10,567.1,0.017710056980709977,0.0,0.017710056980709977,0.0017733702395489122,0.06458467388726218,0.02509015672782918,0.008941675231280855,0.06326014548540115,0.9219280948873623,1.0,0.95
medqa_test_00024,qwen3-4b-nothink,medqa,A,B,False,True,False,10,10,706.8,0.012011317617116487,0.0,0.012011317617116487,0.0007291354550741123,0.06426928544758659,0.033043773647580765,0.017904801641522118,0.09288647770881653,0.9709505944546686,0.9999999966017296,0.95
medqa_test_01146,qwen3-4b-nothink,medqa,C,C,True,True,False,10,10,324.1,0.01362189590727222,0.0,0.01362189590727222,0.0023823368044752252,0.043351847655049326,0.019035940574811273,0.010563315393801797,0.08172596246004105,0.0,0.6224593241981716,1.0
medqa_test_00233,qwen3-4b-nothink,medqa,B,B,True,True,False,10,10,432.2,0.009751731490623437,0.0,0.009751731490623437,0.0013696084884845035,0.04553897266289868,0.019161311563704386,0.007366727236355408,0.11243722587823868,0.0,0.0,1.0
medqa_test_00814,qwen3-4b-nothink,medqa,E,E,True,True,False,10,10,600.7,0.00787201308854709,0.0,0.00787201308854709,0.0027055069012789403,0.09696042368887481,0.045314256060146905,0.02159798784766954,0.08204762637615204,0.9219280948873623,0.9999999999954913,1.0
medqa_test_00312,qwen3-4b-nothink,medqa,B,B,True,True,False,10,10,684.7,0.009416356771060733,0.00010515247108307045,0.009521509242143804,0.0003677852571267708,0.04935067362697647,0.020648630224351993,0.007839546382777663,0.13692809641361237,1.8464393446710154,0.0,0.95
medqa_test_00358,qwen3-4b-nothink,medqa,B,D,False,True,False,10,10,473.2,0.010563138644239415,0.0,0.010563138644239415,0.0007480606763351522,0.03394518753377337,0.010855298639525623,0.0034550703128289227,0.1195555254817009,0.0,1.0,0.95
medqa_test_01113,qwen3-4b-nothink,medqa,E,A,False,True,False,10,10,605.0,0.015256306071280515,0.0,0.015256306071280515,0.005111736503905473,0.03957947336636055,0.02181776552812966,0.013466548705202929,0.04271507263183594,0.9709505944546686,1.0,0.8
medqa_test_00204,qwen3-4b-nothink,medqa,C,A,False,True,False,10,10,390.0,0.004683033424959026,0.0,0.004683033424959026,0.00020661157024793388,0.1006990862265185,0.061530692073526495,0.042071049825925355,0.11442352086305618,0.4689955935892812,0.9999993524050905,1.0
medqa_test_00227,qwen3-4b-nothink,medqa,D,B,False,True,False,10,10,664.3,0.007742677327940218,0.0,0.007742677327940218,0.0006414534582692574,0.06518001181357738,0.033871466250968985,0.02043982921893107,0.10180177539587021,0.0,1.283782539094658e-07,0.95
medqa_test_00481,qwen3-4b-nothink,medqa,A,A,True,True,False,10,10,590.4,0.008782075676247132,0.0035008749654132877,0.01228295064166042,0.00943598675572612,0.14303104937403063,0.08671541268982093,0.05259607078881471,0.08100549131631851,0.7219280948873623,1.0,1.0
medqa_test_01124,qwen3-4b-nothink,medqa,E,C,False,True,False,10,10,562.3,0.015282491926543646,0.0,0.015282491926543646,0.0008048616507627074,0.031215343702751086,0.012292342341401852,0.006635246351932267,0.073091059923172,0.9709505944546686,0.999999999721053,0.95
medqa_test_00391,qwen3-4b-nothink,medqa,B,B,True,True,False,10,10,479.3,0.0056356375077310245,0.0,0.0056356375077310245,0.0013835750354031897,0.031074721372024106,0.015349101047051505,0.0089212850581317,0.08014602214097977,0.0,0.9999999999999731,1.0
medqa_test_01062,qwen3-4b-nothink,medqa,B,A,False,True,False,10,10,686.9,0.01255469724241517,0.0003204615963147504,0.01287515883872992,0.00029502680762618776,0.13610987266561386,0.10621785903849261,0.08694204404757368,0.13459652662277222,1.9609640474436814,1.0,0.95
medqa_test_00718,qwen3-4b-nothink,medqa,E,C,False,True,False,10,10,740.0,0.01817839868433912,0.0003099396503786226,0.01848833833471774,0.0014553533734542883,0.1322014982159019,0.09044653935037705,0.06671461248815305,0.08102439343929291,0.4689955935892812,1.0,0.85
medqa_test_00806,qwen3-4b-nothink,medqa,B,A,False,True,False,10,10,561.7,0.012885822593644177,0.0,0.012885822593644177,0.00016420361247947455,0.031044588396304494,0.013990489063739887,0.008872749925522682,0.07962694019079208,0.0,0.9999339478957264,0.95
medqa_test_01215,qwen3-4b-nothink,medqa,A,A,True,True,False,10,10,464.1,0.01293459878970912,0.0,0.01293459878970912,0.0010954707600739013,0.049589745164393836,0.01986219544747573,0.00804482428847828,0.06175055354833603,1.0,0.9999999985833923,0.95
medqa_test_00273,qwen3-4b-nothink,medqa,A,D,False,True,False,10,10,566.0,0.013523644657626663,0.0,0.013523644657626663,0.0003689064558629776,0.03764753179014977,0.017507163038578834,0.009324793754439264,0.07926400750875473,0.0,0.9999999586007122,0.95
medqa_test_00254,qwen3-4b-nothink,medqa,A,A,True,True,False,10,10,456.5,0.008284994488388178,0.0,0.008284994488388178,0.0002457002457002457,0.02897183812786769,0.008661569743149012,0.0033464926370938564,0.06221833825111389,0.0,0.9999999993308418,0.95
medqa_test_00752,qwen3-4b-nothink,medqa,C,B,False,True,False,10,10,916.5,0.0075913985582534245,8.620689655172413e-05,0.007677605454805149,0.0028973262072010905,0.0942529392095447,0.05846470902221239,0.03901716856021923,0.10767339169979095,1.5709505944546684,0.9999999907625509,0.95
medqa_test_00970,qwen3-4b-nothink,medqa,D,D,True,True,False,10,10,587.3,0.009678901662545803,0.0,0.009678901662545803,0.00016103059581320451,0.06521676805757667,0.03856024513994808,0.024318240253053902,0.04328320175409317,0.0,0.9999999634652105,0.95
medqa_test_01256,qwen3-4b-nothink,medqa,B,B,True,True,False,10,10,543.8,0.01040130386528298,0.0,0.01040130386528298,0.000561275360802926,0.02168374002978134,0.007483981493356262,0.002692263610315182,0.07027937471866608,0.0,0.9999999994094693,0.95
medqa_test_00421,qwen3-4b-nothink,medqa,C,C,True,True,False,10,10,660.4,0.011768938163837377,0.0,0.011768938163837377,0.001514449961892384,0.09309579722610642,0.055548559789919585,0.034499243925066925,0.06955995410680771,0.7219280948873623,0.0,1.0
medqa_test_00801,qwen3-4b-nothink,medqa,B,B,True,True,False,10,10,437.3,0.006978682142450942,0.0,0.006978682142450942,0.0011002685951289003,0.04000099086901897,0.01861310000860953,0.011442519608009294,0.08981338143348694,0.9709505944546686,1.0,1.0
medqa_test_01134,qwen3-4b-nothink,medqa,A,E,False,True,False,10,10,459.7,0.01251188052834871,0.00015479876160990713,0.012666679289958616,0.00015479876160990713,0.048546829047093364,0.022820968120317576,0.011581681210381823,0.10124172270298004,0.9219280948873623,1.0,0.95
medqa_test_00754,qwen3-4b-nothink,medqa,B,B,True,True,False,10,10,808.6,0.012348185972908567,0.0,0.012348185972908567,0.0009303064919330146,0.059338928129804826,0.026489108211947186,0.012177595289750787,0.08161216974258423,0.0,0.999999730042493,0.95
medqa_test_00183,qwen3-4b-nothink,medqa,E,C,False,True,False,10,10,600.6,0.012214625782434717,0.0,0.012214625782434717,0.0009551793206672857,0.05307133198042109,0.02320426189186876,0.012671114543096273,0.06452081352472305,0.4689955935892812,0.9999999994788586,0.95
medqa_test_00025,qwen3-4b-nothink,medqa,E,E,True,True,False,10,10,569.2,0.007050604384475282,0.0,0.007050604384475282,0.00013422818791946307,0.05802083724043784,0.024203824189375465,0.013127183334840553,0.07463709264993668,0.0,1.0,1.0
medqa_test_00422,qwen3-4b-nothink,medqa,A,D,False,True,False,10,10,982.0,0.011016899662737601,0.0,0.011016899662737601,0.0013305945860806563,0.08579952194266993,0.05264941184194579,0.03337390218299961,0.06833955645561218,0.7219280948873623,0.9999999998506905,0.9
medqa_test_00181,qwen3-4b-nothink,medqa,E,E,True,True,False,10,10,459.4,0.01919294944730985,0.0,0.01919294944730985,0.0001996007984031936,0.110266775928564,0.07194151323801087,0.048491353448506115,0.09604812413454056,1.3609640474436813,1.0,0.95
medqa_test_00830,qwen3-4b-nothink,medqa,B,E,False,True,False,10,10,498.8,0.017851909160015125,0.0,0.017851909160015125,0.0003845759784549633,0.04072925332768198,0.015536620758357345,0.004975542197076843,0.08465544879436493,0.0,1.0,1.0
medqa_test_00819,qwen3-4b-nothink,medqa,E,E,True,True,False,10,10,797.9,0.013961217499895604,0.0,0.013961217499895604,0.001662115342654437,0.10030302337845827,0.050132644066404275,0.02902172728006349,0.10021638125181198,1.295461844238322,1.0,0.75
medqa_test_00166,qwen3-4b-nothink,medqa,B,B,True,True,False,10,10,439.6,0.010901468052684517,0.0,0.010901468052684517,0.0,0.04026100362953862,0.014177382299483144,0.005131636737534306,0.047590795904397964,0.0,0.731058600800451,1.0
medqa_test_00242,qwen3-4b-nothink,medqa,A,C,False,False,False,9,9,1164.0,0.02659695761024138,0.0019762802435681526,0.028573237853809524,0.0016963413229235443,0.13343742009139176,0.10012082940195625,0.08667983534310929,0.13443328440189362,1.5304930567574824,1.0,0.95
medqa_test_00158,qwen3-4b-nothink,medqa,D,D,True,True,False,10,10,786.7,0.006531981030373095,0.0,0.006531981030373095,0.0006084272468997101,0.0465729889912635,0.01618298333166529,0.00698237415917039,0.09610875695943832,0.7219280948873623,0.0,0.95
medqa_test_00767,qwen3-4b-nothink,medqa,B,B,True,True,False,10,10,699.6,0.013574961281975264,0.0,0.013574961281975264,0.0019408605222923504,0.04260657379597105,0.01734784694401258,0.007115750691601463,0.08852577209472656,0.0,0.0,0.95
medqa_test_00635,qwen3-4b-nothink,medqa,C,C,True,True,False,10,10,460.3,0.008744735229069111,0.0,0.008744735229069111,0.0003941454508884712,0.03718592513376244,0.01407330099127153,0.005600196620600873,0.06654982268810272,0.0,0.9999999468421502,0.95
medqa_test_00416,qwen3-4b-nothink,medqa,D,A,False,True,False,10,10,709.4,0.008154595494273387,0.0,0.008154595494273387,0.0009812710181628514,0.08486287563674277,0.04665998048997448,0.027693781089574286,0.08595377951860428,0.7219280948873623,1.0,0.95
medqa_test_00573,qwen3-4b-nothink,medqa,C,A,False,True,False,10,10,538.3,0.0084522359094685,0.0,0.0084522359094685,0.0014282939879676983,0.10456388908023281,0.05247219703727594,0.02967649208858687,0.06634394079446793,0.8812908992306927,1.0,0.95
medqa_test_00798,qwen3-4b-nothink,medqa,C,D,False,True,False,10,10,727.5,0.007837475332239855,0.0001466275659824047,0.00798410289822226,0.0006240646118569986,0.07671690584231378,0.03974761204737095,0.023220522812467604,0.08768796920776367,1.4854752972273344,0.9999999999200804,1.0
medqa_test_00362,qwen3-4b-nothink,medqa,D,D,True,True,False,10,10,626.7,0.015973273855552923,0.0,0.015973273855552923,0.0,0.06379273295939514,0.02815552179673484,0.011878421867876987,0.060212649405002594,1.295461844238322,0.9999646437334533,0.95
medqa_test_00105,qwen3-4b-nothink,medqa,B,B,True,True,False,10,10,534.9,0.01419508989082204,0.0,0.01419508989082204,0.0007995400639097241,0.10130039583690065,0.0675116568511365,0.045265001882439114,0.07123202830553055,0.0,0.9999999468421787,1.0
medqa_test_00682,qwen3-4b-nothink,medqa,D,E,False,True,False,10,10,739.9,0.01294229731355541,0.0,0.01294229731355541,8.503401360544217e-05,0.02978881178870869,0.014051664641264594,0.006014859677154016,0.15656836330890656,1.3609640474436813,1.0,0.95
medqa_test_01227,qwen3-4b-nothink,medqa,C,C,True,True,False,10,10,604.0,0.0037768362014124236,0.0,0.0037768362014124236,0.006852203725045315,0.06621310656660398,0.030804356903122675,0.014244320461984617,0.08913101255893707,1.1567796494470395,0.9890130603623972,1.0
medqa_test_00698,qwen3-4b-nothink,medqa,A,A,True,True,False,10,10,575.7,0.017653209002089082,0.0,0.017653209002089082,0.0027239134582512027,0.06910419901276128,0.031220194378741094,0.014785042769392997,0.0655628964304924,0.0,0.9999999979388464,0.95
medqa_test_00908,qwen3-4b-nothink,medqa,C,A,False,True,False,10,10,543.0,0.012717359044833615,0.0,0.012717359044833615,0.0011098281267489715,0.05370325854826481,0.02367889356323404,0.011146708223480562,0.07120008766651154,1.3609640474436813,0.0,1.0
medqa_test_00366,qwen3-4b-nothink,medqa,A,D,False,True,False,10,10,765.7,0.013255017157726933,0.0003601440576230492,0.013615161215349983,0.0010362261368976795,0.09073125759433474,0.052704095180979973,0.034745614310911964,0.08362406492233276,1.0,0.9999999970010419,0.85
medqa_test_00982,qwen3-4b-nothink,medqa,B,B,True,True,False,10,10,451.9,0.014343912369292805,0.0,0.014343912369292805,0.0002702702702702703,0.030003447278435624,0.01063827880982331,0.0023612567196960588,0.06715722382068634,0.0,0.0,0.95
medqa_test_00815,qwen3-4b-nothink,medqa,A,A,True,True,False,10,10,658.3,0.014003684264138071,0.0,0.014003684264138071,0.0007622876760293095,0.030596304607971025,0.0112424977330709,0.005327094607576732,0.06866680085659027,0.0,1.0,0.95
medqa_test_00373,qwen3-4b-nothink,medqa,E,E,True,True,False,10,10,765.5,0.018133311992936753,0.0,0.018133311992936753,0.0003722968192606335,0.06208533380393969,0.030316110062922386,0.013484284635709998,0.08222790062427521,0.7219280948873623,0.9999999468421502,0.95
medqa_test_00315,qwen3-4b-nothink,medqa,B,B,True,True,False,10,10,642.7,0.01085525632076335,0.0,0.01085525632076335,0.0,0.0602409548689027,0.022927079199472133,0.007307705735906766,0.04773103445768356,0.9709505944546686,0.9999724643121783,0.9
medqa_test_00042,qwen3-4b-nothink,medqa,A,A,True,True,False,10,10,663.2,0.013945874496585423,0.0,0.013945874496585423,0.0008408454439735619,0.03702057849343232,0.01711764775920569,0.008737827243826813,0.09344824403524399,0.0,1.0677029957393341e-06,0.95
medqa_test_01158,qwen3-4b-nothink,medqa,E,A,False,True,False,10,10,763.9,0.010875368597920623,0.0,0.010875368597920623,0.0006946897050050191,0.03937234366502494,0.01641746627730999,0.007440321469669964,0.1462174355983734,2.121928094887362,0.0,0.95
medqa_test_01239,qwen3-4b-nothink,medqa,D,D,True,True,False,10,10,744.6,0.020282890521843632,0.00013550135501355014,0.020418391876857185,0.0008730677036763914,0.06285131348425714,0.03211853927123318,0.018098300490773534,0.11658690869808197,1.5709505944546687,1.0,0.85
medqa_test_00151,qwen3-4b-nothink,medqa,E,E,True,True,False,10,10,446.7,0.011810127096373104,0.0,0.011810127096373104,0.0002570694087403599,0.07586904380057669,0.037580465993116555,0.022277746238626196,0.08114729076623917,0.0,0.999999999996021,0.95
medqa_test_00565,qwen3-4b-nothink,medqa,C,C,True,True,False,10,10,687.5,0.007532386034089894,0.0,0.007532386034089894,0.0002966860236650221,0.038560035082514446,0.015341502437415878,0.007471106657139737,0.0947781577706337,0.0,0.0,0.95
medqa_test_00596,qwen3-4b-nothink,medqa,C,D,False,True,False,10,10,820.9,0.0087901220784679,0.0,0.0087901220784679,0.000605097587681204,0.04183973269345583,0.017162173826339368,0.008033571055464461,0.0808984637260437,0.4689955935892812,0.9999999999200804,0.95
medqa_test_01179,qwen3-4b-nothink,medqa,C,C,True,True,False,10,10,670.3,0.013006876774284762,0.0,0.013006876774284762,0.00043430975623022885,0.0455351905043108,0.02084004087445236,0.0108791702025547,0.09088005125522614,0.4689955935892812,0.9999997300424567,0.95
medqa_test_00854,qwen3-4b-nothink,medqa,B,B,True,True,False,10,10,554.0,0.021174021526717747,0.0,0.021174021526717747,0.00013986013986013986,0.08021303355451782,0.045760031243396546,0.0274040950550997,0.08179544657468796,1.295461844238322,1.2098647966545725e-06,1.0
medqa_test_00036,qwen3-4b-nothink,medqa,E,D,False,True,False,10,10,684.5,0.01777763386513416,0.0,0.01777763386513416,0.0011231190874741832,0.05659764899414713,0.028304395162483433,0.015808458596653262,0.057605866342782974,0.8812908992306927,0.9999999999740539,0.95
medqa_test_00558,qwen3-4b-nothink,medqa,C,C,True,True,False,10,10,539.1,0.011990945998869287,0.0,0.011990945998869287,0.0,0.044389674117788755,0.020921000111625444,0.010962466301398655,0.07749275863170624,0.4689955935892812,1.0,1.0
medqa_test_00152,qwen3-4b-nothink,medqa,A,D,False,False,False,9,10,1095.4,0.013247530622323988,0.0006107275676641338,0.01385825818998812,0.002281252265286538,0.1576025265710081,0.12290111788193363,0.10394127376720652,0.11069079488515854,0.9709505944546686,1.0,0.9
medqa_test_00707,qwen3-4b-nothink,medqa,D,D,True,True,False,10,10,340.4,0.022628231799651816,0.0,0.022628231799651816,0.0011250887914974602,0.026583504580536044,0.013154804467376824,0.00516869331655021,0.0796658843755722,0.0,0.9999999987498471,0.95
medqa_test_00077,qwen3-4b-nothink,medqa,B,D,False,False,False,9,10,940.2,0.005791228901567015,9.811135638950208e-05,0.005889340257956517,0.0007369741530322165,0.1186663178218538,0.09484250823391892,0.08574203066745052,0.11558803915977478,1.295461844238322,0.9999869928761862,1.0
medqa_test_01192,qwen3-4b-nothink,medqa,A,C,False,True,False,10,10,512.7,0.013553220338382068,0.00017482517482517483,0.013728045513207244,0.0004052399213689536,0.020101391320244567,0.008068572923401218,0.003380295451602411,0.06993825733661652,1.1567796494470395,1.0,0.95
medqa_test_00955,qwen3-4b-nothink,medqa,D,C,False,True,False,10,10,389.7,0.008186778010914032,0.0,0.008186778010914032,0.000514538001460709,0.11444859168044863,0.07366201149162979,0.04670974489115728,0.036219801753759384,0.0,0.99999998813888,1.0
medqa_test_00574,qwen3-4b-nothink,medqa,C,C,True,True,False,10,10,513.4,0.003214484979721742,0.00051440329218107,0.003728888271902811,0.0015171518381850485,0.09881313961161452,0.05741105531279119,0.032591896222227926,0.047784365713596344,0.0,0.9999999999964886,1.0
medqa_test_01035,qwen3-4b-nothink,medqa,B,A,False,True,False,10,10,505.3,0.021004485564687307,0.0,0.021004485564687307,0.0009216470007666087,0.05353142288463081,0.028471696487500208,0.01533761436011698,0.08655343949794769,1.295461844238322,1.0,0.95
medqa_test_00722,qwen3-4b-nothink,medqa,E,E,True,True,False,10,10,621.4,0.012938282082449537,0.0,0.012938282082449537,0.0,0.03672346801351872,0.017793177824933247,0.007986984100783634,0.0746399313211441,0.0,0.9999999999294711,1.0
medqa_test_00564,qwen3-4b-nothink,medqa,A,A,True,True,False,10,10,613.3,0.014719323399455902,0.0,0.014719323399455902,0.001421154832381943,0.029141451382583717,0.007787374188168272,0.0022501419769609065,0.04158761352300644,0.4689955935892812,3.7266388399125293e-06,0.85
medqa_test_00452,qwen3-4b-nothink,medqa,C,E,False,False,False,9,9,938.4,0.01785045669672841,0.0003890604594934821,0.018239517156221893,0.002197324785549407,0.14282160869400712,0.10865106153671986,0.09068285328492451,0.1836606115102768,0.0,0.8933093946927838,1.0
medqa_test_00759,qwen3-4b-nothink,medqa,D,D,True,True,False,10,10,934.7,0.012693948080554896,0.0,0.012693948080554896,0.0007570966581075861,0.07923386607270444,0.043294660249468056,0.026747104834975954,0.10263223946094513,0.9219280948873623,1.0,0.95
medqa_test_00165,qwen3-4b-nothink,medqa,B,C,False,True,False,10,10,446.0,0.017801473968251904,0.0,0.017801473968251904,0.007827115769482602,0.05768307498356221,0.03086183046048596,0.017750784361172844,0.058724138885736465,0.0,1.0,1.0
medqa_test_00268,qwen3-4b-nothink,medqa,E,E,True,True,False,10,10,575.3,0.009786120054279878,0.00012953367875647668,0.009915653733036354,0.0018032176997314242,0.07495975331810603,0.036327475108472104,0.019873262206813336,0.07950694859027863,0.0,0.9999999998973812,1.0
medqa_test_00652,qwen3-4b-nothink,medqa,D,C,False,True,False,10,10,800.9,0.011332802955934956,0.0,0.011332802955934956,0.0008590959395717177,0.03878298989612864,0.017125614980053827,0.008042755419963743,0.07618521898984909,0.0,0.999999814460854,0.95
medqa_test_00133,qwen3-4b-nothink,medqa,B,B,True,True,False,10,10,507.2,0.01052057723673636,0.0,0.01052057723673636,0.0,0.06312357615132008,0.03892326889614771,0.02532303132509106,0.07103853672742844,0.4689955935892812,0.9999999999995806,0.95
medqa_test_00789,qwen3-4b-nothink,medqa,C,C,True,True,False,10,10,663.4,0.011169228358561972,0.00019569471624266143,0.011364923074804634,0.00013869625520110957,0.0651717647437648,0.03289940998468843,0.018572548622251717,0.07263318449258804,0.7219280948873623,0.9996646590206121,0.95
medqa_test_00341,qwen3-4b-nothink,medqa,C,C,True,True,False,10,10,639.3,0.0042006716859067355,0.0,0.0042006716859067355,0.0003977037319395915,0.11478818963978635,0.06227781689477483,0.03386198035950533,0.1246846541762352,0.7219280948873623,1.0,0.95
medqa_test_00003,qwen3-4b-nothink,medqa,D,B,False,True,False,10,10,658.3,0.008286887952930998,0.0,0.008286887952930998,0.0,0.05929139020414054,0.02789479430350923,0.011564044546667696,0.1255805641412735,1.3709505944546687,0.0,1.0
medqa_test_00045,qwen3-4b-nothink,medqa,E,E,True,False,True,10,10,868.3,0.009321561755886689,0.0007452650451911171,0.010066826801077806,0.0029882090294047164,0.06698624505323807,0.03744493249894788,0.02507394316503623,0.11289652436971664,1.4854752972273344,0.0,0.7
medqa_test_01167,qwen3-4b-nothink,medqa,B,B,True,True,False,10,10,508.1,0.00396699703151762,0.0,0.00396699703151762,0.0007671688405449433,0.07662581684059264,0.040756325957078246,0.024737193821923565,0.09217312932014465,0.4689955935892812,1.0,0.95
medqa_test_00849,qwen3-4b-nothink,medqa,E,E,True,True,False,10,10,551.8,0.008787807896310023,0.0,0.008787807896310023,0.0,0.06284881467523719,0.02215585514181657,0.009047357050548188,0.06985361129045486,0.0,0.9999999999666845,1.0
medqa_test_01105,qwen3-4b-nothink,medqa,A,A,True,True,False,10,10,514.6,0.017617405996703334,0.0,0.017617405996703334,0.0002008032128514056,0.04333199365991965,0.016734756344633672,0.008798891117042351,0.06367222219705582,0.0,0.9999999999622486,0.95
medqa_test_00903,qwen3-4b-nothink,medqa,B,B,True,True,False,10,10,616.8,0.0127429987924385,0.00035211267605633805,0.013095111468494838,0.0027944797825613203,0.09797972957790486,0.0567796176925888,0.03683912817125686,0.054652392864227295,1.0,2.289733480708703e-11,0.95
medqa_test_00094,qwen3-4b-nothink,medqa,C,C,True,True,False,10,10,794.0,0.018497098860490786,0.0,0.018497098860490786,0.0026460823558399527,0.07951019800822023,0.047143613940406795,0.02907537718385539,0.06734771281480789,0.0,0.999999999683912,0.95
medqa_test_00052,qwen3-4b-nothink,medqa,D,E,False,True,False,10,10,736.6,0.007198324799626595,0.0,0.007198324799626595,0.0035057591315342308,0.10884822903477169,0.06427127504148876,0.03961536001517966,0.08212155103683472,0.8812908992306927,0.9999996940976636,0.95
medqa_test_01139,qwen3-4b-nothink,medqa,A,E,False,False,False,9,10,1164.4,0.01411130460079289,0.0005692529152527605,0.014680557516045651,0.0025971650274922526,0.15157057517911016,0.11768147058624949,0.10022110194702498,0.18294601142406464,0.7219280948873623,0.9999999992417443,0.95
medqa_test_01112,qwen3-4b-nothink,medqa,C,C,True,True,False,10,10,473.2,0.017025111247442933,0.0,0.017025111247442933,0.00041560571403910057,0.0757998116547926,0.04016784744861347,0.022209393554666612,0.09065783023834229,0.0,0.9999999999740539,0.95
medqa_test_00500,qwen3-4b-nothink,medqa,B,D,False,True,False,10,10,761.0,0.014673734184517114,0.0,0.014673734184517114,0.0002583979328165375,0.0857468041864743,0.05041239496547921,0.028044524027270736,0.09504909813404083,0.9709505944546686,0.9999999999891841,0.95
medqa_test_00517,qwen3-4b-nothink,medqa,B,C,False,True,False,10,10,552.1,0.014227900904029086,0.0,0.014227900904029086,0.0002873853916555009,0.03443735072222472,0.013600217944672588,0.005099450669288319,0.08949382603168488,0.0,1.0,0.95
medqa_test_01053,qwen3-4b-nothink,medqa,B,B,True,True,False,10,10,676.2,0.006085525648255578,0.0,0.006085525648255578,0.0007028311037072389,0.0643960018917832,0.03509380951379067,0.021817345500208564,0.09003781527280807,0.4689955935892812,0.9999998724809797,0.95
medqa_test_01005,qwen3-4b-nothink,medqa,E,E,True,True,False,10,10,616.6,0.014309360759168999,0.0,0.014309360759168999,0.0,0.03343750057650324,0.01241149352835752,0.004498203812933732,0.09511593729257584,0.0,0.9999998874648245,1.0
medqa_test_00649,qwen3-4b-nothink,medqa,B,C,False,True,False,10,10,644.8,0.010655669353239746,0.0,0.010655669353239746,0.0008262826841953591,0.04754854980733915,0.021338858085880087,0.01032824133495639,0.16056007146835327,1.8464393446710154,0.0,0.95
medqa_test_00703,qwen3-4b-nothink,medqa,E,E,True,True,False,10,10,653.7,0.01168199396334455,0.0,0.01168199396334455,0.00031902019538729,0.045774832646142696,0.020742199434279452,0.00934005285833216,0.06662993878126144,0.0,0.0,0.95
medqa_test_00208,qwen3-4b-nothink,medqa,B,A,False,True,False,10,10,514.0,0.007286491310715642,0.0008013212892113561,0.008087812599926998,0.004017930950552974,0.11832929901930944,0.06859034486981813,0.04368568834789449,0.09769723564386368,0.8812908992306927,0.9999999992417444,0.75
medqa_test_00351,qwen3-4b-nothink,medqa,A,B,False,False,False,9,10,1144.4,0.012865715456648802,2.4449877750611245e-05,0.012890165334399415,0.0013663130888620866,0.11357878748280212,0.08933046207982612,0.07973605191610739,0.14587333798408508,0.8812908992306927,0.999999999990455,0.95
medqa_test_00734,qwen3-4b-nothink,medqa,D,D,True,True,False,10,10,710.3,0.012489665765336933,0.0,0.012489665765336933,0.002458779133817387,0.05444740169823996,0.023196224726809912,0.011494873213027368,0.08299263566732407,0.0,0.999999855501979,0.95
medqa_test_00215,qwen3-4b-nothink,medqa,D,D,True,True,False,10,10,466.3,0.015364995288356362,0.0,0.015364995288356362,0.0016513283505357353,0.05434506052901515,0.028150189062508803,0.013338003723701674,0.06141262128949165,0.0,0.0,0.95
medqa_test_00619,qwen3-4b-nothink,medqa,D,D,True,True,False,10,10,544.9,0.01604120230052741,0.0,0.01604120230052741,0.001429018486623187,0.07772454663702108,0.04974230110021584,0.03250714904347053,0.09815509617328644,0.0,0.9999999983947716,1.0
medqa_test_00288,qwen3-4b-nothink,medqa,B,B,True,True,False,10,10,707.2,0.00962330985813816,0.0,0.00962330985813816,0.0,0.08354441322602843,0.04456724409950276,0.024570331096358332,0.06329528242349625,1.295461844238322,0.0,0.95
medqa_test_00278,qwen3-4b-nothink,medqa,A,D,False,True,False,10,10,702.2,0.00881444306699919,0.0,0.00881444306699919,0.000125,0.03872190174083717,0.01916376438282067,0.007813905713632751,0.0741216316819191,0.9709505944546686,0.0002959571746851757,0.95
medqa_test_00159,qwen3-4b-nothink,medqa,C,C,True,True,False,10,10,897.7,0.010001967386452466,0.000555345977400248,0.010557313363852714,0.003083408803845363,0.06466360564091216,0.030323159936851106,0.015230392124977232,0.07223674654960632,0.7219280948873623,0.0,0.95
medqa_test_00566,qwen3-4b-nothink,medqa,B,B,True,True,False,10,10,570.1,0.008031592311347435,0.0,0.008031592311347435,0.00030723174481257244,0.13099944762902196,0.07560153742317169,0.04609599641404581,0.10550577193498611,0.9219280948873623,0.9999982396569965,0.95
medqa_test_00760,qwen3-4b-nothink,medqa,C,C,True,True,False,10,10,555.1,0.018991242834593518,0.0,0.018991242834593518,0.0005469396330973986,0.03481319326002197,0.016097314401206507,0.008634113900893558,0.07913388311862946,0.0,0.9999999999377586,0.95
medqa_test_00109,qwen3-4b-nothink,medqa,C,B,False,False,False,9,10,1065.2,0.018488665397644013,0.0,0.018488665397644013,0.0008521777486909958,0.12090073127852338,0.09998991796931442,0.09156674463744736,0.1520068496465683,0.4689955935892812,1.0,0.85
medqa_test_00987,qwen3-4b-nothink,medqa,B,B,True,True,False,10,10,550.6,0.016847557952134128,0.0,0.016847557952134128,0.00017543859649122808,0.03698423365394782,0.016898624186948385,0.008850201148101233,0.04559900611639023,0.0,9.056080429414338e-11,1.0
medqa_test_01119,qwen3-4b-nothink,medqa,D,E,False,True,False,10,10,685.5,0.013773579659526558,0.0,0.013773579659526558,0.0023843890539050716,0.07078776118181884,0.029833223249888387,0.014052439054007082,0.05900200828909874,0.7219280948873623,0.9999999006880009,0.95
medqa_test_01075,qwen3-4b-nothink,medqa,E,B,False,True,False,10,10,700.4,0.01081078973296795,0.0,0.01081078973296795,0.0,0.06350690041620506,0.03187630458536143,0.01758434867577041,0.09642340242862701,0.9709505944546686,0.999997097688374,0.95
medqa_test_00137,qwen3-4b-nothink,medqa,E,A,False,True,False,10,10,756.1,0.011499066813165471,0.0,0.011499066813165471,0.0004808024951677133,0.04340886102760203,0.02003432784966347,0.010387457521973509,0.07723429799079895,1.5219280948873621,0.9999999998082829,1.0
medqa_test_00899,qwen3-4b-nothink,medqa,C,B,False,True,False,10,10,1047.4,0.010739620663404763,0.0,0.010739620663404763,0.00030019668325063583,0.1284690692281611,0.07874217464053376,0.05307070321747738,0.09593018144369125,0.8812908992306927,0.880797089240627,0.95
medqa_test_00106,qwen3-4b-nothink,medqa,C,A,False,True,False,10,10,588.0,0.007536472134366937,0.00015723270440251574,0.007693704838769452,0.0003467361511404943,0.05177787066094404,0.02548406537512802,0.01235741651205512,0.07931450754404068,0.0,0.9999999998973812,1.0
medqa_test_00679,qwen3-4b-nothink,medqa,C,C,True,True,False,10,10,562.1,0.009739760043177075,0.0,0.009739760043177075,0.000651767380463479,0.06173416846200339,0.029731361134491506,0.016796722166582546,0.060635440051555634,0.0,1.0,0.95
medqa_test_00306,qwen3-4b-nothink,medqa,C,B,False,False,True,3,8,3162.6,0.007069398794638646,0.002515591360432475,0.00958499015507112,0.0024408122335125887,0.5558077559884497,0.5276403784042155,0.5090041798930003,0.12307221442461014,0.954434002924965,0.9999999979388472,0.3
medqa_test_00567,qwen3-4b-nothink,medqa,E,A,False,True,False,10,10,720.2,0.01153444630810119,0.0,0.01153444630810119,0.0002793296089385475,0.0646107861982764,0.034425651156432466,0.020014952526513464,0.07197608053684235,0.7219280948873623,0.9999999804443193,0.95
medqa_test_00836,qwen3-4b-nothink,medqa,B,B,True,True,False,10,10,361.5,0.01063643366582849,0.0,0.01063643366582849,0.0017299440978813447,0.04768685502628549,0.02838059191865395,0.018540282130880003,0.06624097377061844,0.0,0.0,1.0
medqa_test_00683,qwen3-4b-nothink,medqa,C,D,False,True,False,10,10,668.1,0.011017867414890182,0.00042526484758880075,0.011443132262478981,0.0005871703799043214,0.05228027216970212,0.028749153013094032,0.01714049210443518,0.09176858514547348,0.0,1.0,0.95
medqa_test_00008,qwen3-4b-nothink,medqa,C,C,True,True,False,10,10,462.5,0.013817794919676791,0.0,0.013817794919676791,0.0024468012182654307,0.1596413787404138,0.09726119918456363,0.06614870049646818,0.04132166504859924,0.0,0.9999999999666846,1.0
medqa_test_01231,qwen3-4b-nothink,medqa,A,A,True,True,False,10,10,428.5,0.0069669477030646024,0.0,0.0069669477030646024,0.0027969328486672175,0.11903536021937455,0.07138897945956514,0.04946542482393992,0.038867123425006866,0.0,0.9999999997827559,1.0
medqa_test_00669,qwen3-4b-nothink,medqa,B,B,True,True,False,10,10,666.4,0.007572460140331664,0.0,0.007572460140331664,0.0025043188810990034,0.03774500348059852,0.01614948627130367,0.005179667491822826,0.09101638942956924,0.4689955935892812,0.9999999987498469,0.95
medqa_test_00826,qwen3-4b-nothink,medqa,C,D,False,False,False,9,9,974.4,0.007264606354776762,2.442598925256473e-05,0.007289032344029327,0.0008277475561801724,0.09749935447297092,0.08148348763291131,0.07512462434806363,0.13804525136947632,0.0,0.9999999468421502,0.95
medqa_test_00626,qwen3-4b-nothink,medqa,E,E,True,True,False,10,10,850.6,0.016216316588129547,8.103727714748784e-05,0.016297353865277035,0.0013822911284600884,0.04529128254243849,0.02144400903226836,0.012034078421804683,0.11079695075750351,0.0,1.0,0.95
medqa_test_00309,qwen3-4b-nothink,medqa,D,D,True,True,False,10,10,449.1,0.012290969390567844,0.0,0.012290969390567844,0.0019533763312570484,0.07001113563580738,0.029299990385562934,0.010138966420596507,0.0725063607096672,0.0,0.9999999999842629,1.0
medqa_test_00720,qwen3-4b-nothink,medqa,B,D,False,True,False,10,10,576.1,0.019945398578888555,0.00109630236870945,0.021041700947598004,0.0019124463650580675,0.060075019493248706,0.027246082503230663,0.0146922102881473,0.08951101452112198,1.295461844238322,1.0,0.95
medqa_test_00556,qwen3-4b-nothink,medqa,A,,,False,True,5,9,2877.7,0.009003707174170237,0.005382213321950996,0.014385920496121233,0.006140844992586463,0.5374263127302873,0.487449100946254,0.45479698951194464,0.13705982267856598,1.3516441151533922,1.0,
medqa_test_00853,qwen3-4b-nothink,medqa,D,B,False,True,False,10,10,743.4,0.009944535342336412,0.0,0.009944535342336412,0.00013623978201634878,0.0402524657169268,0.01474007787784951,0.005796889548199758,0.0797877386212349,0.7219280948873623,0.9914225147446875,0.95
medqa_test_00448,qwen3-4b-nothink,medqa,E,A,False,True,False,10,10,557.2,0.012781491054177368,0.0,0.012781491054177368,0.0010348246201490518,0.04675160740606062,0.01956007702654512,0.010539384998908741,0.11445725709199905,1.4854752972273344,0.9999999983947724,0.95
medqa_test_01003,qwen3-4b-nothink,medqa,E,C,False,False,True,7,10,1888.3,0.010669072546607544,0.005721060364285644,0.01639013291089319,0.0012531959674489397,0.2881545058084788,0.25931228042890153,0.24205038276768667,0.15575583279132843,0.7219280948873623,1.0,0.95
medqa_test_00291,qwen3-4b-nothink,medqa,A,B,False,True,False,10,10,477.4,0.018371301016071585,0.0,0.018371301016071585,0.00018796992481203006,0.04419347510784535,0.01797464978692793,0.009320530239442858,0.09858740866184235,0.8812908992306927,1.0,0.95
medqa_test_00378,qwen3-4b-nothink,medqa,A,C,False,True,False,10,10,714.2,0.019156698047490216,0.0,0.019156698047490216,0.0,0.060666661496581786,0.031710549694416744,0.016925930785296594,0.0853709727525711,0.0,0.9999999928058669,0.95
medqa_test_00250,qwen3-4b-nothink,medqa,A,B,False,True,False,10,10,471.6,0.014909805270213633,0.0,0.014909805270213633,0.0017674876833216203,0.046670183018387545,0.02215006764009477,0.009147819072757779,0.11714852601289749,0.4689955935892812,0.9999994284997928,0.85
medqa_test_00900,qwen3-4b-nothink,medqa,C,C,True,True,False,10,10,738.5,0.008425645443462663,0.0,0.008425645443462663,0.0013059132384155012,0.036092973483034606,0.01261680104107582,0.006116686832045059,0.0794292762875557,0.4689955935892812,0.9999921107355332,0.95
medqa_test_01024,qwen3-4b-nothink,medqa,C,C,True,True,False,10,10,431.2,0.001287291110324955,0.0,0.001287291110324955,0.0013125956042230112,0.06984865455347651,0.037944754478089926,0.025884722648561453,0.0971258282661438,0.0,0.9999999999954912,1.0
medqa_test_00902,qwen3-4b-nothink,medqa,C,D,False,False,False,9,10,976.0,0.007479821117644015,0.002692457477777453,0.010172278595421469,0.0007464838185993175,0.14721141245659447,0.11697434836337224,0.09823421284450888,0.14828269183635712,1.1567796494470395,1.0,0.5
medqa_test_00357,qwen3-4b-nothink,medqa,E,E,True,True,False,10,10,780.2,0.010012447196485764,0.0,0.010012447196485764,0.0,0.07784823595377491,0.040816847088382804,0.024310873317460215,0.07333213835954666,1.1567796494470395,0.0,0.95
medqa_test_01186,qwen3-4b-nothink,medqa,C,E,False,True,False,10,10,713.3,0.01138684918238701,0.0,0.01138684918238701,0.0008443570497532301,0.05540373348471679,0.024632526322891535,0.012134362719192382,0.07886198908090591,0.9219280948873623,0.9999998362623447,1.0
medqa_test_00966,qwen3-4b-nothink,medqa,C,E,False,True,False,10,10,565.9,0.014445819014281519,0.0,0.014445819014281519,0.0018070999820513501,0.05907864244799236,0.02858766369544976,0.01489429512113044,0.0727652981877327,0.0,0.9999999985833917,1.0
medqa_test_00518,qwen3-4b-nothink,medqa,C,B,False,True,False,10,10,932.0,0.009748986198195276,0.0,0.009748986198195276,0.0009413482528887265,0.047204700404128455,0.0241349171181821,0.011094153600247614,0.0651339441537857,0.0,0.0,0.95
medqa_test_00218,qwen3-4b-nothink,medqa,E,E,True,True,False,10,10,434.9,0.007451546174370828,0.0,0.007451546174370828,0.001331403111064128,0.038262319783554946,0.01803026809175885,0.009599383652563654,0.132847860455513,0.0,0.9999999928058669,1.0
medqa_test_00550,qwen3-4b-nothink,medqa,A,C,False,True,False,10,10,471.1,0.022836963426695146,0.0,0.022836963426695146,0.0037875007470189364,0.049863462338519585,0.02503790335769298,0.013951409252379542,0.049166806042194366,0.0,1.0,0.95
medqa_test_00075,qwen3-4b-nothink,medqa,A,E,False,True,False,10,10,381.9,0.009546679369585736,0.0,0.009546679369585736,0.0,0.03626249376516544,0.017854365086106095,0.012558206547671513,0.08816664665937424,0.0,0.9999999468421502,1.0
medqa_test_00102,qwen3-4b-nothink,medqa,A,A,True,True,False,10,10,482.0,0.008852258783419198,0.0,0.008852258783419198,0.0006308663633750606,0.05065190672715401,0.02222309291115202,0.007482021929054283,0.03857056051492691,0.0,0.9999999999094391,0.95
medqa_test_00576,qwen3-4b-nothink,medqa,E,D,False,True,False,10,10,597.9,0.014224238902199602,0.0,0.014224238902199602,0.0006175522669694081,0.06153625819164291,0.03120304846965689,0.013099544567190601,0.07161098718643188,0.4689955935892812,0.9999998874648693,0.95
medqa_test_00636,qwen3-4b-nothink,medqa,A,A,True,True,False,10,10,412.9,0.008784537115546017,0.0,0.008784537115546017,0.0017767971307613769,0.033237617680708896,0.013632809871343576,0.005554465130206088,0.06223160773515701,0.0,1.0,1.0
medqa_test_01191,qwen3-4b-nothink,medqa,C,C,True,True,False,10,10,701.8,0.01081113996921711,0.0,0.01081113996921711,0.0018498706682926656,0.153696162703488,0.10783354198058315,0.07726789408948283,0.08531641215085983,0.7219280948873623,1.0,0.95
medqa_test_00009,qwen3-4b-nothink,medqa,A,C,False,True,False,10,10,564.5,0.032486645356588954,0.00030975970301339983,0.03279640505960236,0.002034354152602553,0.12241765085931045,0.07156918375561969,0.04544308403603211,0.11963300406932831,0.4689955935892812,1.0,0.95
medqa_test_00074,qwen3-4b-nothink,medqa,C,A,False,True,False,10,10,555.2,0.01914825247735829,0.00017391304347826088,0.01932216552083655,0.00021231422505307856,0.016817916819643973,0.00580145716361038,0.0022856958263341555,0.0950014740228653,1.3709505944546687,1.0,0.95
medqa_test_00769,qwen3-4b-nothink,medqa,C,C,True,True,False,10,10,602.9,0.013878917450155686,0.0,0.013878917450155686,0.00016051364365971107,0.03961536973631642,0.01890567243375041,0.009151937225757956,0.06359847635030746,0.7219280948873623,0.9999999961492544,0.95
medqa_test_00951,qwen3-4b-nothink,medqa,C,C,True,True,False,10,10,671.1,0.021641484303312298,0.0,0.021641484303312298,0.0018685928211916874,0.05181999031154817,0.02163601007056115,0.010994079823525038,0.057249926030635834,0.4689955935892812,0.0,0.95
medqa_test_00974,qwen3-4b-nothink,medqa,E,E,True,True,False,10,10,407.8,0.0067613655727031775,0.0,0.0067613655727031775,0.0006425138481590094,0.04618255658859159,0.016994331727284883,0.006409564846269167,0.07051430642604828,0.0,0.9999993524054334,1.0
medqa_test_01085,qwen3-4b-nothink,medqa,A,A,True,False,False,9,10,1006.3,0.005607412573704573,2.4509803921568626e-05,0.0056319223776261414,0.0005123737746717558,0.15315505561699538,0.12019936522762247,0.10105228224712466,0.08093992620706558,0.9219280948873623,1.0,0.95
medqa_test_00307,qwen3-4b-nothink,medqa,C,B,False,True,False,10,10,527.8,0.015507650496145864,0.0,0.015507650496145864,0.002566096548601875,0.07934281846475466,0.04098061595397852,0.02313498564677886,0.12921947240829468,0.9219280948873623,1.0,0.95
medqa_test_00660,qwen3-4b-nothink,medqa,A,B,False,True,False,10,10,536.0,0.024378637149170847,0.0,0.024378637149170847,0.0033242595296500027,0.05588718899744146,0.027693107234741464,0.014992333472703501,0.08377006649971008,0.9709505944546686,1.0,0.9
medqa_test_00687,qwen3-4b-nothink,medqa,B,B,True,True,False,10,10,565.9,0.019834528740908595,0.0,0.019834528740908595,0.00015625,0.0463198820171441,0.019484106320822113,0.008217947147721038,0.08597686886787415,0.9709505944546686,0.9999999895325897,0.95
medqa_test_00134,qwen3-4b-nothink,medqa,A,A,True,True,False,10,10,357.1,0.005919968044663329,0.0,0.005919968044663329,0.0033287055692353754,0.03539737616840479,0.015848148157922015,0.008658707667275601,0.08691687881946564,0.0,0.9999999997827561,1.0
medqa_test_00405,qwen3-4b-nothink,medqa,A,A,True,True,False,10,10,472.8,0.013782479277407033,0.0007062853135674682,0.014488764590974501,0.00793852181703587,0.040225381072878576,0.0177776455054806,0.006707489292179636,0.05518186464905739,0.4689955935892812,1.0,0.95
medqa_test_00271,qwen3-4b-nothink,medqa,B,D,False,True,False,10,10,468.7,0.009394033667739613,0.0,0.009394033667739613,0.0027457227617891902,0.037584314614714155,0.019173837717110443,0.010003786029397355,0.041012972593307495,1.6854752972273346,1.0,0.95
medqa_test_00244,qwen3-4b-nothink,medqa,E,C,False,True,False,10,10,550.8,0.011975748545655668,0.0,0.011975748545655668,0.0028884250382948022,0.11339647783926936,0.07078612161660648,0.04721820349066354,0.06803346425294876,1.0,0.9999999999978701,0.95
medqa_test_01012,qwen3-4b-nothink,medqa,A,A,True,True,False,10,10,484.5,0.007891140638088875,0.0,0.007891140638088875,0.004059818765962459,0.1386032110758777,0.08087134716332854,0.04847289525327688,0.05854374170303345,0.4689955935892812,0.9999999586006517,1.0
medqa_test_00733,qwen3-4b-nothink,medqa,C,C,True,True,False,10,10,546.6,0.015860079022849062,0.0,0.015860079022849062,0.00015600624024960998,0.04055797394033269,0.017453919145592446,0.006538827060723706,0.07152675837278366,0.4689955935892812,0.9999989322970027,1.0
medqa_test_00685,qwen3-4b-nothink,medqa,D,C,False,True,False,10,10,453.9,0.006814548084177791,0.0,0.006814548084177791,0.0010316165046669434,0.17440824440447017,0.11617049912499597,0.08289251914223593,0.06211312487721443,0.0,1.0,1.0
medqa_test_01237,qwen3-4b-nothink,medqa,A,A,True,True,False,10,10,793.2,0.014465372107718968,0.0005668016194331984,0.015032173727152168,0.001284025799444444,0.061490114549578714,0.030912045528390518,0.020849042308514122,0.133467435836792,0.0,1.0,0.95
medqa_test_00267,qwen3-4b-nothink,medqa,E,C,False,True,False,10,10,431.2,0.0046317531260017105,0.0005328596802841918,0.0051646128062859025,0.01881262634710018,0.08216499744955869,0.04940091275423982,0.03420653451444956,0.07632865756750107,0.9709505944546686,0.9999999999377586,1.0
medqa_test_00957,qwen3-4b-nothink,medqa,B,B,True,True,False,10,10,509.8,0.007481535663536673,0.0,0.007481535663536673,0.005219240451196011,0.06761310138552828,0.03090279672903713,0.014303859825304488,0.08954297006130219,0.0,0.9999999998837177,1.0
medqa_test_01143,qwen3-4b-nothink,medqa,C,E,False,True,False,10,10,564.3,0.014584008928615213,0.0,0.014584008928615213,0.006070897691812109,0.08670067627885694,0.04159892159516334,0.022177212684057045,0.06860900670289993,0.4689955935892812,0.9999999530883467,1.0
medqa_test_00535,qwen3-4b-nothink,medqa,D,D,True,True,False,10,10,446.6,0.012502267842742406,0.0007102036412175996,0.013212471483960006,0.0019416733059723318,0.08055247892169431,0.03694732498308463,0.01329984829101416,0.05301523208618164,0.0,1.0,0.95
medqa_test_00578,qwen3-4b-nothink,medqa,B,B,True,True,False,10,10,471.0,0.00909563049338526,0.0,0.00909563049338526,0.0008894679337193503,0.032771687820976905,0.013308877387178453,0.006370541746957503,0.07066458463668823,0.0,0.9999996940976591,0.95
medqa_test_00597,qwen3-4b-nothink,medqa,C,C,True,True,False,10,10,516.9,0.015568479534228569,0.0,0.015568479534228569,0.0009610405800153302,0.08864723039137376,0.050412401611376244,0.03003772420420363,0.06366902589797974,1.0,0.9999999634652122,1.0
medqa_test_00673,qwen3-4b-nothink,medqa,E,D,False,True,False,10,10,850.8,0.01671494513347412,0.0005010286973095809,0.0172159738307837,0.0012412385907162042,0.07000829994724651,0.03514172802277321,0.020534900467890527,0.10472498089075089,0.8812908992306927,2.561281749650381e-06,0.3
medqa_test_01205,qwen3-4b-nothink,medqa,E,E,True,True,False,10,10,654.7,0.01718315962347653,0.0,0.01718315962347653,0.0020918868702927886,0.026609718896790847,0.008264305923590464,0.002957685871175908,0.06553944200277328,0.0,1.0,0.95
medqa_test_00083,qwen3-4b-nothink,medqa,B,B,True,True,False,10,10,591.6,0.01006839513506361,0.0,0.01006839513506361,0.0,0.05634424431249637,0.027937188217487963,0.014155011958040142,0.16853304207324982,0.4689955935892812,0.9999999998682348,0.95
medqa_test_00634,qwen3-4b-nothink,medqa,A,D,False,True,False,10,10,752.8,0.009247753179260113,0.0,0.009247753179260113,0.00030722256174536394,0.04347998301477286,0.019492638024229993,0.009334216548371221,0.09129373729228973,0.4689955935892812,0.9999998874648245,0.95
medqa_test_00040,qwen3-4b-nothink,medqa,D,D,True,True,False,10,10,682.1,0.013129209932696121,0.0,0.013129209932696121,0.0007729693725077482,0.039078997925588846,0.017549583776539958,0.008343479228462935,0.059625424444675446,0.0,0.999999997664409,0.95
medqa_test_00608,qwen3-4b-nothink,medqa,D,D,True,True,False,10,10,770.0,0.008371802142013699,0.00021706063720452212,0.00858886277921822,0.0035657297548290076,0.08625347038135257,0.05301713412626465,0.03384043439369592,0.08027826994657516,0.0,1.0,1.0
medqa_test_01216,qwen3-4b-nothink,medqa,A,C,False,False,False,9,10,1220.7,0.013714925664590275,4.8911714355588165e-05,0.013763837378945862,0.0009298698720295506,0.13344475790172944,0.1062596933025783,0.09091296867970015,0.1297447830438614,1.5709505944546687,0.0,0.95
medqa_test_00252,qwen3-4b-nothink,medqa,A,A,True,True,False,10,10,678.3,0.010913857160482257,0.00022172949002217295,0.01113558665050443,0.0045354221898486185,0.0807444987517805,0.042090195566528876,0.0208552880285811,0.10452193021774292,1.1567796494470395,1.0,0.95
medqa_test_00583,qwen3-4b-nothink,medqa,E,E,True,True,False,10,10,781.4,0.018643453102652526,0.0,0.018643453102652526,0.0003739042053873814,0.11207963952187505,0.0720709853874991,0.05044180983154458,0.09204234927892685,1.8954618442383218,0.9999999586006244,0.95
medqa_test_00911,qwen3-4b-nothink,medqa,D,D,True,True,False,10,10,478.8,0.01748214016764812,0.0,0.01748214016764812,0.0005833150531526095,0.03432475932945668,0.01657817752878219,0.010134275657181002,0.11368267238140106,1.3609640474436813,4.895669369143988e-10,0.95
medqa_test_00964,qwen3-4b-nothink,medqa,D,C,False,True,False,10,10,673.0,0.012412396819388629,0.0,0.012412396819388629,0.000905061047779002,0.04885328475524372,0.023358679974585683,0.011055597549899931,0.1042904332280159,0.9709505944546686,1.0,0.95
medqa_test_00122,qwen3-4b-nothink,medqa,E,E,True,True,False,10,10,543.0,0.01396990972773161,0.0,0.01396990972773161,0.0024723353528934796,0.032659830666488456,0.0121068131760368,0.0041700206947747455,0.0828268826007843,0.0,0.9999999928058695,1.0
medqa_test_00413,qwen3-4b-nothink,medqa,B,B,True,True,False,10,10,766.5,0.006038028339476888,0.00014204545454545454,0.006180073794022343,0.0007091675942387012,0.044237078649277305,0.015639814957270494,0.005182126671928855,0.08252422511577606,1.1567796494470395,0.0,0.95
medqa_test_00240,qwen3-4b-nothink,medqa,E,E,True,True,False,10,10,397.1,0.017254051280644202,0.0,0.017254051280644202,0.0007370707207818651,0.04968571957487751,0.01822632808037793,0.007487791685568501,0.08734547346830368,0.0,0.9999952149055052,1.0
medqa_test_01067,qwen3-4b-nothink,medqa,C,C,True,True,False,10,10,443.5,0.022158872445742446,0.0,0.022158872445742446,0.0010774709961558185,0.06161799571468152,0.03318560942536665,0.018081009494919264,0.06861601024866104,1.4854752972273344,1.0,0.95
medqa_test_00691,qwen3-4b-nothink,medqa,C,C,True,True,False,10,10,548.3,0.008779015318466277,0.0,0.008779015318466277,0.0005481946576671477,0.036079203982189424,0.022878513034444457,0.018024296346393066,0.031470756977796555,0.0,1.0,1.0
medqa_test_00069,qwen3-4b-nothink,medqa,A,B,False,True,False,10,10,536.3,0.005653019467182596,0.0,0.005653019467182596,0.000742756331456226,0.038245397307784736,0.01636532470419102,0.006882079791010754,0.11210017651319504,1.3609640474436813,1.0,0.95
medqa_test_00609,qwen3-4b-nothink,medqa,E,E,True,True,False,10,10,483.8,0.01288965382826793,0.0,0.01288965382826793,0.00023094688221709007,0.045124064027427815,0.016857357349427726,0.005534396147915866,0.08555115759372711,0.0,0.0,0.95
medqa_test_00070,qwen3-4b-nothink,medqa,A,A,True,False,False,9,10,1255.0,0.015632966901142492,0.00012087591667576144,0.015753842817818255,0.0017219456093951306,0.14100909706810083,0.10448655698645659,0.08562550380327767,0.1007131040096283,1.6854752972273346,0.9999999950555526,0.95
medqa_test_00190,qwen3-4b-nothink,medqa,A,A,True,True,False,10,10,477.0,0.013386365526810861,0.0,0.013386365526810861,0.00019880715705765406,0.03560781903849031,0.01326707548155739,0.0060090902596095395,0.05044485628604889,0.4689955935892812,0.9999999928058669,0.95
medqa_test_00871,qwen3-4b-nothink,medqa,B,B,True,True,False,10,10,584.1,0.011329383443763446,0.0,0.011329383443763446,0.0014634295761163864,0.028218092997888012,0.012843859622557009,0.00731961434194609,0.06968813389539719,0.0,0.9999485578293609,0.95
medqa_test_00082,qwen3-4b-nothink,medqa,C,C,True,True,False,10,10,522.7,0.031447299861287956,0.0,0.031447299861287956,0.0009225020692526353,0.08381625625981803,0.045197850121261894,0.02403154826495425,0.06259303539991379,0.7219280948873623,1.0,0.95
