dataset,model,question_id,y_true,p_pred,fold
medqa,qwen3-4b,medqa_test_00990,1,0.89699,5
medqa,qwen3-4b,medqa_test_00202,0,0.878762,5
medqa,qwen3-4b,medqa_test_01258,1,0.667723,5
medqa,qwen3-4b,medqa_test_00277,1,0.924438,3
medqa,qwen3-4b,medqa_test_00427,1,0.948404,5
medqa,qwen3-4b,medqa_test_01202,1,0.91353,5
medqa,qwen3-4b,medqa_test_01027,1,0.907458,3
medqa,qwen3-4b,medqa_test_00827,1,0.93435,3
medqa,qwen3-4b,medqa_test_00503,1,0.656635,5
medqa,qwen3-4b,medqa_test_00325,1,0.885712,4
medqa,qwen3-4b,medqa_test_00681,1,0.861175,2
medqa,qwen3-4b,medqa_test_00932,0,0.731207,2
medqa,qwen3-4b,medqa_test_00387,1,0.842599,1
medqa,qwen3-4b,medqa_test_00235,1,0.952298,2
medqa,qwen3-4b,medqa_test_00066,1,0.903894,3
medqa,qwen3-4b,medqa_test_00347,1,0.881023,2
medqa,qwen3-4b,medqa_test_01121,1,0.830281,4
medqa,qwen3-4b,medqa_test_00376,0,0.420643,2
medqa,qwen3-4b,medqa_test_00035,1,0.900218,2
medqa,qwen3-4b,medqa_test_00332,1,0.536478,3
medqa,qwen3-4b,medqa_test_00400,1,0.645351,4
medqa,qwen3-4b,medqa_test_01145,1,0.815011,5
medqa,qwen3-4b,medqa_test_00975,1,0.9338,2
medqa,qwen3-4b,medqa_test_00845,1,0.874272,2
medqa,qwen3-4b,medqa_test_00650,1,0.786629,2
medqa,qwen3-4b,medqa_test_00540,0,0.634622,5
medqa,qwen3-4b,medqa_test_00796,1,0.636266,2
medqa,qwen3-4b,medqa_test_00715,1,0.843117,3
medqa,qwen3-4b,medqa_test_00002,1,0.898645,5
medqa,qwen3-4b,medqa_test_00395,1,0.911738,2
medqa,qwen3-4b,medqa_test_00464,1,0.456948,1
medqa,qwen3-4b,medqa_test_00331,0,0.813692,4
medqa,qwen3-4b,medqa_test_00959,1,0.8644,1
medqa,qwen3-4b,medqa_test_00454,0,0.478802,2
medqa,qwen3-4b,medqa_test_00920,1,0.919783,2
medqa,qwen3-4b,medqa_test_00528,1,0.861893,3
medqa,qwen3-4b,medqa_test_01166,1,0.884582,5
medqa,qwen3-4b,medqa_test_00187,1,0.93862,1
medqa,qwen3-4b,medqa_test_00823,1,0.700214,1
medqa,qwen3-4b,medqa_test_00997,1,0.936272,1
medqa,qwen3-4b,medqa_test_01142,0,0.857851,2
medqa,qwen3-4b,medqa_test_00586,1,0.827369,5
medqa,qwen3-4b,medqa_test_01155,1,0.526179,5
medqa,qwen3-4b,medqa_test_00536,1,0.795019,1
medqa,qwen3-4b,medqa_test_00510,1,0.750559,1
medqa,qwen3-4b,medqa_test_00976,1,0.788844,2
medqa,qwen3-4b,medqa_test_01050,1,0.834487,3
medqa,qwen3-4b,medqa_test_00742,0,0.196589,5
medqa,qwen3-4b,medqa_test_01263,0,0.850296,4
medqa,qwen3-4b,medqa_test_00631,1,0.661157,3
medqa,qwen3-4b,medqa_test_01157,1,0.892673,4
medqa,qwen3-4b,medqa_test_00473,1,0.927352,1
medqa,qwen3-4b,medqa_test_00812,1,0.825451,4
medqa,qwen3-4b,medqa_test_00299,1,0.932742,1
medqa,qwen3-4b,medqa_test_00717,1,0.858333,1
medqa,qwen3-4b,medqa_test_00850,0,0.330242,3
medqa,qwen3-4b,medqa_test_00049,1,0.703027,5
medqa,qwen3-4b,medqa_test_00100,1,0.704955,4
medqa,qwen3-4b,medqa_test_00662,1,0.783062,4
medqa,qwen3-4b,medqa_test_01254,1,0.871404,1
medqa,qwen3-4b,medqa_test_01150,0,0.402988,3
medqa,qwen3-4b,medqa_test_00044,0,0.146985,5
medqa,qwen3-4b,medqa_test_00861,0,0.77101,2
medqa,qwen3-4b,medqa_test_00898,1,0.881973,2
medqa,qwen3-4b,medqa_test_00328,1,0.79522,1
medqa,qwen3-4b,medqa_test_01071,1,0.919941,5
medqa,qwen3-4b,medqa_test_01032,1,0.907185,1
medqa,qwen3-4b,medqa_test_00892,1,0.875906,1
medqa,qwen3-4b,medqa_test_00623,1,0.951892,2
medqa,qwen3-4b,medqa_test_01173,1,0.945141,5
medqa,qwen3-4b,medqa_test_00272,1,0.901506,4
medqa,qwen3-4b,medqa_test_00489,1,0.954261,3
medqa,qwen3-4b,medqa_test_01185,1,0.907109,2
medqa,qwen3-4b,medqa_test_00848,1,0.88759,1
medqa,qwen3-4b,medqa_test_00835,1,0.925268,3
medqa,qwen3-4b,medqa_test_00860,1,0.432987,3
medqa,qwen3-4b,medqa_test_00603,1,0.852776,3
medqa,qwen3-4b,medqa_test_00356,1,0.857612,2
medqa,qwen3-4b,medqa_test_00185,0,0.709729,3
medqa,qwen3-4b,medqa_test_01193,0,0.879602,1
medqa,qwen3-4b,medqa_test_00711,1,0.903807,5
medqa,qwen3-4b,medqa_test_00263,1,0.511688,5
medqa,qwen3-4b,medqa_test_00667,1,0.949804,3
medqa,qwen3-4b,medqa_test_01187,1,0.843879,2
medqa,qwen3-4b,medqa_test_00231,1,0.809341,1
medqa,qwen3-4b,medqa_test_00177,0,0.836332,3
medqa,qwen3-4b,medqa_test_00296,1,0.896699,3
medqa,qwen3-4b,medqa_test_00482,1,0.9141,1
medqa,qwen3-4b,medqa_test_00857,1,0.913146,4
medqa,qwen3-4b,medqa_test_01251,1,0.917229,4
medqa,qwen3-4b,medqa_test_00021,1,0.79655,3
medqa,qwen3-4b,medqa_test_00056,1,0.566178,1
medqa,qwen3-4b,medqa_test_00485,0,0.934843,3
medqa,qwen3-4b,medqa_test_00887,0,0.640595,1
medqa,qwen3-4b,medqa_test_00090,1,0.905928,5
medqa,qwen3-4b,medqa_test_01026,0,0.754702,2
medqa,qwen3-4b,medqa_test_00055,1,0.929084,3
medqa,qwen3-4b,medqa_test_00658,1,0.926016,1
medqa,qwen3-4b,medqa_test_00706,0,0.491105,3
medqa,qwen3-4b,medqa_test_00545,1,0.916866,1
medqa,qwen3-4b,medqa_test_00878,1,0.828867,4
medqa,qwen3-4b,medqa_test_00192,1,0.942509,3
medqa,qwen3-4b,medqa_test_00738,1,0.956984,2
medqa,qwen3-4b,medqa_test_00531,0,0.905562,2
medqa,qwen3-4b,medqa_test_00568,1,0.939178,4
medqa,qwen3-4b,medqa_test_00286,1,0.923252,3
medqa,qwen3-4b,medqa_test_00785,0,0.809555,1
medqa,qwen3-4b,medqa_test_00067,1,0.900699,5
medqa,qwen3-4b,medqa_test_00571,1,0.523208,4
medqa,qwen3-4b,medqa_test_00212,0,0.914654,1
medqa,qwen3-4b,medqa_test_00220,1,0.907779,5
medqa,qwen3-4b,medqa_test_01132,0,0.521665,2
medqa,qwen3-4b,medqa_test_00492,1,0.883397,5
medqa,qwen3-4b,medqa_test_00420,1,0.359358,1
medqa,qwen3-4b,medqa_test_00978,1,0.956308,1
medqa,qwen3-4b,medqa_test_00699,1,0.896324,5
medqa,qwen3-4b,medqa_test_00730,1,0.491448,2
medqa,qwen3-4b,medqa_test_00969,1,0.897025,2
medqa,qwen3-4b,medqa_test_00032,0,0.75863,4
medqa,qwen3-4b,medqa_test_00876,1,0.874715,3
medqa,qwen3-4b,medqa_test_00126,1,0.7652,5
medqa,qwen3-4b,medqa_test_00179,1,0.878473,2
medqa,qwen3-4b,medqa_test_00367,0,0.818508,2
medqa,qwen3-4b,medqa_test_00121,1,0.91811,1
medqa,qwen3-4b,medqa_test_00011,1,0.913199,4
medqa,qwen3-4b,medqa_test_00829,0,0.790762,1
medqa,qwen3-4b,medqa_test_01068,1,0.864565,4
medqa,qwen3-4b,medqa_test_01203,1,0.657355,3
medqa,qwen3-4b,medqa_test_00820,1,0.923037,1
medqa,qwen3-4b,medqa_test_01180,1,0.768542,3
medqa,qwen3-4b,medqa_test_00901,1,0.707049,1
medqa,qwen3-4b,medqa_test_01163,0,0.585765,3
medqa,qwen3-4b,medqa_test_00426,1,0.60989,2
medqa,qwen3-4b,medqa_test_01044,1,0.94236,4
medqa,qwen3-4b,medqa_test_01212,1,0.791602,1
medqa,qwen3-4b,medqa_test_00875,1,0.902118,3
medqa,qwen3-4b,medqa_test_00125,1,0.833893,2
medqa,qwen3-4b,medqa_test_00269,1,0.905852,1
medqa,qwen3-4b,medqa_test_00148,1,0.904064,5
medqa,qwen3-4b,medqa_test_00462,1,0.876059,4
medqa,qwen3-4b,medqa_test_00960,0,0.795231,4
medqa,qwen3-4b,medqa_test_00314,1,0.366979,1
medqa,qwen3-4b,medqa_test_00087,1,0.834186,3
medqa,qwen3-4b,medqa_test_00726,1,0.886716,2
medqa,qwen3-4b,medqa_test_00017,1,0.936636,2
medqa,qwen3-4b,medqa_test_00034,0,0.80917,4
medqa,qwen3-4b,medqa_test_01041,1,0.515379,1
medqa,qwen3-4b,medqa_test_01006,1,0.880072,5
medqa,qwen3-4b,medqa_test_00153,1,0.897092,1
medqa,qwen3-4b,medqa_test_00298,1,0.839523,3
medqa,qwen3-4b,medqa_test_00893,1,0.917603,1
medqa,qwen3-4b,medqa_test_00294,1,0.907842,5
medqa,qwen3-4b,medqa_test_00599,1,0.876129,3
medqa,qwen3-4b,medqa_test_01014,1,0.932742,3
medqa,qwen3-4b,medqa_test_00587,0,0.758887,3
medqa,qwen3-4b,medqa_test_00677,0,0.693345,5
medqa,qwen3-4b,medqa_test_01037,0,0.595236,4
medqa,qwen3-4b,medqa_test_00834,1,0.901742,3
medqa,qwen3-4b,medqa_test_00837,1,0.900804,1
medqa,qwen3-4b,medqa_test_01029,1,0.827998,2
medqa,qwen3-4b,medqa_test_00259,1,0.921843,5
medqa,qwen3-4b,medqa_test_00954,1,0.890936,2
medqa,qwen3-4b,medqa_test_00728,1,0.901365,1
medqa,qwen3-4b,medqa_test_00057,1,0.482726,4
medqa,qwen3-4b,medqa_test_00580,1,0.871265,4
medqa,qwen3-4b,medqa_test_01195,1,0.877385,5
medqa,qwen3-4b,medqa_test_00605,0,0.598933,5
medqa,qwen3-4b,medqa_test_00889,1,0.833641,5
medqa,qwen3-4b,medqa_test_00768,0,0.65974,5
medqa,qwen3-4b,medqa_test_00858,1,0.079173,3
medqa,qwen3-4b,medqa_test_01118,1,0.890845,4
medqa,qwen3-4b,medqa_test_00434,1,0.948452,4
medqa,qwen3-4b,medqa_test_00562,1,0.943156,1
medqa,qwen3-4b,medqa_test_00261,1,0.921485,2
medqa,qwen3-4b,medqa_test_00410,1,0.936754,1
medqa,qwen3-4b,medqa_test_00880,0,0.863457,2
medqa,qwen3-4b,medqa_test_00458,1,0.907207,1
medqa,qwen3-4b,medqa_test_00275,1,0.907154,3
medqa,qwen3-4b,medqa_test_00575,1,0.634622,1
medqa,qwen3-4b,medqa_test_00112,0,0.894675,4
medqa,qwen3-4b,medqa_test_00073,1,0.749918,3
medqa,qwen3-4b,medqa_test_00383,1,0.862333,5
medqa,qwen3-4b,medqa_test_00668,1,0.834072,5
medqa,qwen3-4b,medqa_test_00068,1,0.901974,5
medqa,qwen3-4b,medqa_test_00396,1,0.921625,4
medqa,qwen3-4b,medqa_test_01013,1,0.942757,3
medqa,qwen3-4b,medqa_test_00361,1,0.8101,2
medqa,qwen3-4b,medqa_test_00461,1,0.699961,4
medqa,qwen3-4b,medqa_test_00160,1,0.490525,2
medqa,qwen3-4b,medqa_test_00423,0,0.520716,5
medqa,qwen3-4b,medqa_test_01069,1,0.656618,5
medqa,qwen3-4b,medqa_test_00280,1,0.94915,1
medqa,qwen3-4b,medqa_test_00491,1,0.895076,4
medqa,qwen3-4b,medqa_test_00048,1,0.717068,2
medqa,qwen3-4b,medqa_test_01172,0,0.745532,4
medqa,qwen3-4b,medqa_test_00852,1,0.103799,3
medqa,qwen3-4b,medqa_test_00847,1,0.9305,5
medqa,qwen3-4b,medqa_test_00745,0,0.795375,4
medqa,qwen3-4b,medqa_test_00779,1,0.704674,2
medqa,qwen3-4b,medqa_test_00386,0,0.76365,4
medqa,qwen3-4b,medqa_test_01226,1,0.8348,2
medqa,qwen3-4b,medqa_test_00640,1,0.897773,4
medqa,qwen3-4b,medqa_test_00018,1,0.910149,2
medqa,qwen3-4b,medqa_test_01016,1,0.904511,4
medqa,qwen3-4b,medqa_test_00607,1,0.939927,2
medqa,qwen3-4b,medqa_test_00210,1,0.92724,5
medqa,qwen3-4b,medqa_test_00168,1,0.935618,4
medqa,qwen3-4b,medqa_test_01207,1,0.737389,4
medqa,qwen3-4b,medqa_test_01211,0,0.516893,4
medqa,qwen3-4b,medqa_test_00164,1,0.87991,5
medqa,qwen3-4b,medqa_test_00170,1,0.185883,4
medqa,qwen3-4b,medqa_test_00808,1,0.922232,2
medqa,qwen3-4b,medqa_test_00474,1,0.906699,2
medqa,qwen3-4b,medqa_test_00712,1,0.452855,3
medqa,qwen3-4b,medqa_test_00936,0,0.262689,2
medqa,qwen3-4b,medqa_test_00092,1,0.884432,4
medqa,qwen3-4b,medqa_test_01219,1,0.895073,5
medqa,qwen3-4b,medqa_test_00787,1,0.800203,1
medqa,qwen3-4b,medqa_test_00655,1,0.453278,2
medqa,qwen3-4b,medqa_test_01208,1,0.814514,4
medqa,qwen3-4b,medqa_test_00089,1,0.843454,1
medqa,qwen3-4b,medqa_test_00651,0,0.582587,2
medqa,qwen3-4b,medqa_test_01248,1,0.894746,3
medqa,qwen3-4b,medqa_test_00010,1,0.319217,5
medqa,qwen3-4b,medqa_test_00949,1,0.939975,4
medqa,qwen3-4b,medqa_test_00046,1,0.9519,4
medqa,qwen3-4b,medqa_test_00883,1,0.948977,5
medqa,qwen3-4b,medqa_test_00221,0,0.250432,2
medqa,qwen3-4b,medqa_test_00962,0,0.430191,3
medqa,qwen3-4b,medqa_test_01223,0,0.657079,2
medqa,qwen3-4b,medqa_test_00923,1,0.942474,5
medqa,qwen3-4b,medqa_test_01036,1,0.407997,4
medqa,qwen3-4b,medqa_test_01064,1,0.957934,1
medqa,qwen3-4b,medqa_test_00256,0,0.508948,5
medqa,qwen3-4b,medqa_test_01213,0,0.475506,1
medqa,qwen3-4b,medqa_test_00763,1,0.909635,5
medqa,qwen3-4b,medqa_test_00239,0,0.863277,3
medqa,qwen3-4b,medqa_test_00606,1,0.714474,5
medqa,qwen3-4b,medqa_test_00459,1,0.94368,3
medqa,qwen3-4b,medqa_test_00157,1,0.923468,1
medqa,qwen3-4b,medqa_test_00084,1,0.87034,4
medqa,qwen3-4b,medqa_test_00612,1,0.568414,4
medqa,qwen3-4b,medqa_test_00072,1,0.796704,5
medqa,qwen3-4b,medqa_test_00724,0,0.519895,5
medqa,qwen3-4b,medqa_test_00374,1,0.612198,3
medqa,qwen3-4b,medqa_test_00363,1,0.589355,5
medqa,qwen3-4b,medqa_test_01095,0,0.413867,3
medqa,qwen3-4b,medqa_test_01168,1,0.929699,2
medqa,qwen3-4b,medqa_test_00101,1,0.922634,2
medqa,qwen3-4b,medqa_test_00348,0,0.578028,5
medqa,qwen3-4b,medqa_test_00346,0,0.60388,1
medqa,qwen3-4b,medqa_test_00119,1,0.866741,3
medqa,qwen3-4b,medqa_test_00870,1,0.878241,3
medqa,qwen3-4b,medqa_test_00749,0,0.360606,4
medqa,qwen3-4b,medqa_test_00147,1,0.874325,4
medqa,qwen3-4b,medqa_test_00439,1,0.805795,2
medqa,qwen3-4b,medqa_test_00016,1,0.875805,1
medqa,qwen3-4b,medqa_test_00402,1,0.665582,2
medqa,qwen3-4b,medqa_test_00304,1,0.881058,3
medqa,qwen3-4b,medqa_test_00614,1,0.787332,2
medqa,qwen3-4b,medqa_test_00772,1,0.909441,3
medqa,qwen3-4b,medqa_test_00894,1,0.869517,4
medqa,qwen3-4b,medqa_test_00282,1,0.917125,1
medqa,qwen3-4b,medqa_test_00512,0,0.417228,5
medqa,qwen3-4b,medqa_test_00989,0,0.512355,1
medqa,qwen3-4b,medqa_test_00080,1,0.287801,3
medqa,qwen3-4b,medqa_test_01174,1,0.83128,1
medqa,qwen3-4b,medqa_test_00628,1,0.865124,1
medqa,qwen3-4b,medqa_test_00494,1,0.853124,3
medqa,qwen3-4b,medqa_test_00320,0,0.9018,4
medqa,qwen3-4b,medqa_test_00921,0,0.753194,3
medqa,qwen3-4b,medqa_test_00050,1,0.869069,1
medqa,qwen3-4b,medqa_test_00504,1,0.91026,3
medqa,qwen3-4b,medqa_test_01042,0,0.304969,1
medqa,qwen3-4b,medqa_test_01110,1,0.232997,4
medqa,qwen3-4b,medqa_test_01175,1,0.750878,5
medqa,qwen3-4b,medqa_test_00632,1,0.85728,5
medqa,qwen3-4b,medqa_test_00839,1,0.857422,3
medqa,qwen3-4b,medqa_test_01056,1,0.868802,5
medqa,qwen3-4b,medqa_test_00502,1,0.907892,3
medqa,qwen3-4b,medqa_test_00794,1,0.861986,1
medqa,qwen3-4b,medqa_test_00310,0,0.928165,1
medqa,qwen3-4b,medqa_test_00213,1,0.828081,2
medqa,qwen3-4b,medqa_test_00060,1,0.827665,5
medqa,qwen3-4b,medqa_test_00479,1,0.898957,1
medqa,qwen3-4b,medqa_test_00155,0,0.775092,1
medqa,qwen3-4b,medqa_test_00910,0,0.211147,3
medqa,qwen3-4b,medqa_test_00076,1,0.856889,1
medqa,qwen3-4b,medqa_test_01210,1,0.498206,3
medqa,qwen3-4b,medqa_test_00906,0,0.429873,1
medqa,qwen3-4b,medqa_test_00322,1,0.904104,4
medqa,qwen3-4b,medqa_test_00295,1,0.91894,3
medqa,qwen3-4b,medqa_test_00037,0,0.780426,1
medqa,qwen3-4b,medqa_test_00205,1,0.779184,1
medqa,qwen3-4b,medqa_test_01002,1,0.354031,2
medqa,qwen3-4b,medqa_test_00998,1,0.887874,1
medqa,qwen3-4b,medqa_test_00595,1,0.933942,2
medqa,qwen3-4b,medqa_test_01120,1,0.941945,5
medqa,qwen3-4b,medqa_test_01001,1,0.916741,4
medqa,qwen3-4b,medqa_test_00643,0,0.74462,3
medqa,qwen3-4b,medqa_test_01081,1,0.641264,3
medqa,qwen3-4b,medqa_test_00926,1,0.831883,1
medqa,qwen3-4b,medqa_test_00385,0,0.468026,5
medqa,qwen3-4b,medqa_test_01244,0,0.832473,5
medqa,qwen3-4b,medqa_test_00944,0,0.914072,4
medqa,qwen3-4b,medqa_test_00149,0,0.673342,1
medqa,qwen3-4b,medqa_test_01151,1,0.765387,1
medqa,qwen3-4b,medqa_test_00140,1,0.944413,3
medqa,qwen3-4b,medqa_test_01154,1,0.95823,4
medqa,qwen3-4b,medqa_test_00828,1,0.884547,1
medqa,qwen3-4b,medqa_test_00851,1,0.442668,5
medqa,qwen3-4b,medqa_test_00007,1,0.905205,4
medqa,qwen3-4b,medqa_test_00953,0,0.935213,1
medqa,qwen3-4b,medqa_test_00184,0,0.832526,2
medqa,qwen3-4b,medqa_test_00116,1,0.835999,1
medqa,qwen3-4b,medqa_test_00684,1,0.506883,2
medqa,qwen3-4b,medqa_test_00099,1,0.880711,4
medqa,qwen3-4b,medqa_test_01079,1,0.895033,5
medqa,qwen3-4b,medqa_test_00884,1,0.957014,1
medqa,qwen3-4b,medqa_test_00617,1,0.90538,4
medqa,qwen3-4b,medqa_test_00524,0,0.475942,3
medqa,qwen3-4b,medqa_test_00557,1,0.910373,3
medqa,qwen3-4b,medqa_test_01096,1,0.886593,1
medqa,qwen3-4b,medqa_test_00547,1,0.747958,5
medqa,qwen3-4b,medqa_test_00895,1,0.83694,2
medqa,qwen3-4b,medqa_test_00818,1,0.957942,3
medqa,qwen3-4b,medqa_test_00390,1,0.48513,1
medqa,qwen3-4b,medqa_test_00515,0,0.498395,1
medqa,qwen3-4b,medqa_test_00380,0,0.824676,5
medqa,qwen3-4b,medqa_test_00534,1,0.831315,1
medqa,qwen3-4b,medqa_test_00937,1,0.710971,2
medqa,qwen3-4b,medqa_test_00098,0,0.135131,3
medqa,qwen3-4b,medqa_test_00369,0,0.683653,5
medqa,qwen3-4b,medqa_test_01260,0,0.621067,4
medqa,qwen3-4b,medqa_test_01268,1,0.922305,1
medqa,qwen3-4b,medqa_test_00588,1,0.740635,3
medqa,qwen3-4b,medqa_test_00657,0,0.858738,5
medqa,qwen3-4b,medqa_test_01125,1,0.717545,1
medqa,qwen3-4b,medqa_test_00782,1,0.907242,2
medqa,qwen3-4b,medqa_test_00647,0,0.778547,3
medqa,qwen3-4b,medqa_test_00176,1,0.890222,3
medqa,qwen3-4b,medqa_test_00805,1,0.70805,5
medqa,qwen3-4b,medqa_test_00653,1,0.894327,2
medqa,qwen3-4b,medqa_test_00188,0,0.573114,1
medqa,qwen3-4b,medqa_test_00797,1,0.912843,4
medqa,qwen3-4b,medqa_test_00522,1,0.857362,5
medqa,qwen3-4b,medqa_test_00354,1,0.900272,2
medqa,qwen3-4b,medqa_test_00207,1,0.895665,4
medqa,qwen3-4b,medqa_test_00113,1,0.926478,1
medqa,qwen3-4b,medqa_test_00700,1,0.927424,4
medqa,qwen3-4b,medqa_test_00927,1,0.728376,2
medqa,qwen3-4b,medqa_test_00965,1,0.913649,3
medqa,qwen3-4b,medqa_test_00744,1,0.879858,5
medqa,qwen3-4b,medqa_test_00513,1,0.715652,2
medqa,qwen3-4b,medqa_test_01007,1,0.390315,2
medqa,qwen3-4b,medqa_test_00243,1,0.392121,3
medqa,qwen3-4b,medqa_test_00786,1,0.905262,3
medqa,qwen3-4b,medqa_test_00977,1,0.915847,4
medqa,qwen3-4b,medqa_test_00984,0,0.715411,2
medqa,qwen3-4b,medqa_test_00483,0,0.875819,3
medqa,qwen3-4b,medqa_test_00697,1,0.896085,5
medqa,qwen3-4b,medqa_test_00905,0,0.584902,4
medqa,qwen3-4b,medqa_test_00368,1,0.845239,1
medqa,qwen3-4b,medqa_test_00537,1,0.820358,5
medqa,qwen3-4b,medqa_test_00097,1,0.907247,1
medqa,qwen3-4b,medqa_test_00750,1,0.893156,4
medqa,qwen3-4b,medqa_test_00803,0,0.306484,1
medqa,qwen3-4b,medqa_test_00613,1,0.849936,5
medqa,qwen3-4b,medqa_test_01189,1,0.942862,2
medqa,qwen3-4b,medqa_test_00143,1,0.89449,4
medqa,qwen3-4b,medqa_test_00174,1,0.742869,4
medqa,qwen3-4b,medqa_test_00132,1,0.886979,4
medqa,qwen3-4b,medqa_test_00809,1,0.91522,5
medqa,qwen3-4b,medqa_test_00840,1,0.957939,3
medqa,qwen3-4b,medqa_test_01218,1,0.554832,3
medqa,qwen3-4b,medqa_test_00843,0,0.729106,5
medqa,qwen3-4b,medqa_test_01222,0,0.79863,2
medqa,qwen3-4b,medqa_test_01270,0,0.713803,3
medqa,qwen3-4b,medqa_test_01088,1,0.706658,4
medqa,qwen3-4b,medqa_test_00172,1,0.434239,5
medqa,qwen3-4b,medqa_test_01197,1,0.312193,3
medqa,qwen3-4b,medqa_test_00342,1,0.943015,1
medqa,qwen3-4b,medqa_test_00816,0,0.606297,1
medqa,qwen3-4b,medqa_test_00938,0,0.25913,2
medqa,qwen3-4b,medqa_test_00237,0,0.667997,1
medqa,qwen3-4b,medqa_test_00544,1,0.897837,2
medqa,qwen3-4b,medqa_test_00672,1,0.952839,3
medqa,qwen3-4b,medqa_test_01089,1,0.758305,5
medqa,qwen3-4b,medqa_test_00804,1,0.867304,1
medqa,qwen3-4b,medqa_test_00251,1,0.92188,1
medqa,qwen3-4b,medqa_test_00274,1,0.899471,3
medqa,qwen3-4b,medqa_test_00604,1,0.914381,5
medqa,qwen3-4b,medqa_test_00495,0,0.463158,2
medqa,qwen3-4b,medqa_test_00678,1,0.441863,3
medqa,qwen3-4b,medqa_test_00470,1,0.826698,4
medqa,qwen3-4b,medqa_test_00370,1,0.927287,3
medqa,qwen3-4b,medqa_test_00108,1,0.892309,2
medqa,qwen3-4b,medqa_test_01200,1,0.846897,3
medqa,qwen3-4b,medqa_test_00622,1,0.572529,5
medqa,qwen3-4b,medqa_test_00012,1,0.573333,1
medqa,qwen3-4b,medqa_test_00349,1,0.888332,4
medqa,qwen3-4b,medqa_test_00379,1,0.797898,3
medqa,qwen3-4b,medqa_test_00618,1,0.835833,2
medqa,qwen3-4b,medqa_test_00355,0,0.694441,5
medqa,qwen3-4b,medqa_test_00862,0,0.33852,2
medqa,qwen3-4b,medqa_test_00123,1,0.806079,4
medqa,qwen3-4b,medqa_test_01045,0,0.366223,5
medqa,qwen3-4b,medqa_test_00248,1,0.905931,2
medqa,qwen3-4b,medqa_test_00874,0,0.804063,3
medqa,qwen3-4b,medqa_test_00406,1,0.66708,5
medqa,qwen3-4b,medqa_test_00384,1,0.761822,2
medqa,qwen3-4b,medqa_test_00319,1,0.911948,4
medqa,qwen3-4b,medqa_test_00026,1,0.634224,4
medqa,qwen3-4b,medqa_test_01240,1,0.685024,2
medqa,qwen3-4b,medqa_test_00167,1,0.884228,4
medqa,qwen3-4b,medqa_test_00934,0,0.723188,3
medqa,qwen3-4b,medqa_test_00171,0,0.624969,1
medqa,qwen3-4b,medqa_test_00377,0,0.414793,1
medqa,qwen3-4b,medqa_test_01111,1,0.959896,1
medqa,qwen3-4b,medqa_test_00879,0,0.484495,4
medqa,qwen3-4b,medqa_test_01057,1,0.642308,2
medqa,qwen3-4b,medqa_test_00117,0,0.715194,4
medqa,qwen3-4b,medqa_test_00716,0,0.891489,3
medqa,qwen3-4b,medqa_test_00633,0,0.530941,4
medqa,qwen3-4b,medqa_test_00909,0,0.179389,1
medqa,qwen3-4b,medqa_test_00842,1,0.916657,3
medqa,qwen3-4b,medqa_test_00654,1,0.79279,3
medqa,qwen3-4b,medqa_test_00041,1,0.916947,1
medqa,qwen3-4b,medqa_test_00942,1,0.867362,5
medqa,qwen3-4b,medqa_test_01123,1,0.860763,3
medqa,qwen3-4b,medqa_test_01101,1,0.911413,4
medqa,qwen3-4b,medqa_test_01196,1,0.91877,2
medqa,qwen3-4b,medqa_test_00019,0,0.600986,2
medqa,qwen3-4b,medqa_test_00258,1,0.818033,2
medqa,qwen3-4b,medqa_test_00431,0,0.85625,3
medqa,qwen3-4b,medqa_test_00986,0,0.835965,1
medqa,qwen3-4b,medqa_test_00345,1,0.912227,2
medqa,qwen3-4b,medqa_test_00748,1,0.844421,3
medqa,qwen3-4b,medqa_test_00465,0,0.635919,4
medqa,qwen3-4b,medqa_test_00335,1,0.649957,3
medqa,qwen3-4b,medqa_test_00739,0,0.529316,2
medqa,qwen3-4b,medqa_test_00266,0,0.301093,4
medqa,qwen3-4b,medqa_test_00811,1,0.867303,4
medqa,qwen3-4b,medqa_test_01076,0,0.740537,4
medqa,qwen3-4b,medqa_test_00085,0,0.702146,3
medqa,qwen3-4b,medqa_test_00403,0,0.669469,4
medqa,qwen3-4b,medqa_test_00027,1,0.910052,4
medqa,qwen3-4b,medqa_test_01148,1,0.945779,4
medqa,qwen3-4b,medqa_test_01122,1,0.885183,4
medqa,qwen3-4b,medqa_test_00478,1,0.63437,5
medqa,qwen3-4b,medqa_test_00169,1,0.924758,5
medqa,qwen3-4b,medqa_test_00414,1,0.867563,2
medqa,qwen3-4b,medqa_test_00029,0,0.371932,3
medqa,qwen3-4b,medqa_test_01073,0,0.759918,5
medqa,qwen3-4b,medqa_test_00773,1,0.449595,4
medqa,qwen3-4b,medqa_test_00279,1,0.597277,2
medqa,qwen3-4b,medqa_test_00499,1,0.898789,5
medqa,qwen3-4b,medqa_test_00225,1,0.939725,2
medqa,qwen3-4b,medqa_test_00559,1,0.933814,2
medqa,qwen3-4b,medqa_test_00770,1,0.921458,5
medqa,qwen3-4b,medqa_test_00399,1,0.738356,4
medqa,qwen3-4b,medqa_test_00305,1,0.894945,4
medqa,qwen3-4b,medqa_test_00360,1,0.870814,5
medqa,qwen3-4b,medqa_test_01141,1,0.890418,5
medqa,qwen3-4b,medqa_test_01054,1,0.665665,4
medqa,qwen3-4b,medqa_test_00690,1,0.62528,4
medqa,qwen3-4b,medqa_test_00020,1,0.800831,3
medqa,qwen3-4b,medqa_test_01009,1,0.832922,4
medqa,qwen3-4b,medqa_test_00398,1,0.926402,4
medqa,qwen3-4b,medqa_test_01169,1,0.840884,4
medqa,qwen3-4b,medqa_test_00211,0,0.802969,2
medqa,qwen3-4b,medqa_test_00063,1,0.659389,1
medqa,qwen3-4b,medqa_test_00425,0,0.767396,4
medqa,qwen3-4b,medqa_test_01015,1,0.890871,2
medqa,qwen3-4b,medqa_test_00846,1,0.804121,5
medqa,qwen3-4b,medqa_test_00417,1,0.89985,5
medqa,qwen3-4b,medqa_test_01190,1,0.878757,4
medqa,qwen3-4b,medqa_test_00219,1,0.601605,3
medqa,qwen3-4b,medqa_test_00156,1,0.870067,2
medqa,qwen3-4b,medqa_test_00236,1,0.942286,5
medqa,qwen3-4b,medqa_test_01046,1,0.897627,3
medqa,qwen3-4b,medqa_test_00999,1,0.786888,3
medqa,qwen3-4b,medqa_test_00553,1,0.935377,4
medqa,qwen3-4b,medqa_test_01160,1,0.903218,2
medqa,qwen3-4b,medqa_test_00943,1,0.9528,3
medqa,qwen3-4b,medqa_test_00916,1,0.786924,2
medqa,qwen3-4b,medqa_test_00705,1,0.899713,2
medqa,qwen3-4b,medqa_test_01178,1,0.898552,4
medqa,qwen3-4b,medqa_test_00079,1,0.696526,3
medqa,qwen3-4b,medqa_test_00450,1,0.827971,3
medqa,qwen3-4b,medqa_test_00281,1,0.940555,2
medqa,qwen3-4b,medqa_test_00967,0,0.467885,2
medqa,qwen3-4b,medqa_test_00641,1,0.897824,2
medqa,qwen3-4b,medqa_test_00533,1,0.871593,4
medqa,qwen3-4b,medqa_test_00253,1,0.722441,2
medqa,qwen3-4b,medqa_test_00265,0,0.664873,5
medqa,qwen3-4b,medqa_test_01094,0,0.377624,1
medqa,qwen3-4b,medqa_test_01147,1,0.792957,5
medqa,qwen3-4b,medqa_test_00162,1,0.907864,4
medqa,qwen3-4b,medqa_test_00456,0,0.097877,2
medqa,qwen3-4b,medqa_test_00732,1,0.81831,4
medqa,qwen3-4b,medqa_test_00436,1,0.792831,2
medqa,qwen3-4b,medqa_test_00516,1,0.908492,5
medqa,qwen3-4b,medqa_test_00453,1,0.19763,3
medqa,qwen3-4b,medqa_test_00324,1,0.894052,5
medqa,qwen3-4b,medqa_test_01115,1,0.732325,5
medqa,qwen3-4b,medqa_test_00572,1,0.528968,1
medqa,qwen3-4b,medqa_test_01004,0,0.720609,2
medqa,qwen3-4b,medqa_test_01082,1,0.925967,4
medqa,qwen3-4b,medqa_test_00136,1,0.896354,4
medqa,qwen3-4b,medqa_test_00467,0,0.665637,1
medqa,qwen3-4b,medqa_test_01049,1,0.917671,2
medqa,qwen3-4b,medqa_test_01165,1,0.944276,4
medqa,qwen3-4b,medqa_test_00475,1,0.574757,1
medqa,qwen3-4b,medqa_test_00915,1,0.792076,2
medqa,qwen3-4b,medqa_test_00671,1,0.926783,1
medqa,qwen3-4b,medqa_test_01243,1,0.556992,3
medqa,qwen3-4b,medqa_test_00800,1,0.885169,1
medqa,qwen3-4b,medqa_test_00506,1,0.644876,3
medqa,qwen3-4b,medqa_test_01220,1,0.449391,2
medqa,qwen3-4b,medqa_test_00199,1,0.765282,5
medqa,qwen3-4b,medqa_test_00589,1,0.707789,2
medqa,qwen3-4b,medqa_test_00424,1,0.912916,1
medqa,qwen3-4b,medqa_test_01217,1,0.813114,1
medqa,qwen3-4b,medqa_test_01063,1,0.936806,1
medqa,qwen3-4b,medqa_test_00625,1,0.710645,2
medqa,qwen3-4b,medqa_test_00486,1,0.700981,2
medqa,qwen3-4b,medqa_test_01229,0,0.674965,2
medqa,qwen3-4b,medqa_test_00047,1,0.826348,5
medqa,qwen3-4b,medqa_test_00838,1,0.914789,4
medqa,qwen3-4b,medqa_test_00230,1,0.93798,4
medqa,qwen3-4b,medqa_test_01023,0,0.792643,3
medqa,qwen3-4b,medqa_test_01019,1,0.744677,2
medqa,qwen3-4b,medqa_test_00343,1,0.777483,5
medqa,qwen3-4b,medqa_test_00981,1,0.939444,1
medqa,qwen3-4b,medqa_test_00648,1,0.944527,1
medqa,qwen3-4b,medqa_test_00527,1,0.848731,3
medqa,qwen3-4b,medqa_test_00086,1,0.898419,4
medqa,qwen3-4b,medqa_test_00674,1,0.940839,4
medqa,qwen3-4b,medqa_test_01156,1,0.853383,5
medqa,qwen3-4b,medqa_test_00721,1,0.866867,2
medqa,qwen3-4b,medqa_test_00881,1,0.842899,5
medqa,qwen3-4b,medqa_test_01214,0,0.781175,3
medqa,qwen3-4b,medqa_test_00329,0,0.894018,5
medqa,qwen3-4b,medqa_test_00621,0,0.67628,4
medqa,qwen3-4b,medqa_test_01017,1,0.897015,1
medqa,qwen3-4b,medqa_test_00293,1,0.638921,5
medqa,qwen3-4b,medqa_test_00311,1,0.857455,5
medqa,qwen3-4b,medqa_test_00000,0,0.551439,5
medqa,qwen3-4b,medqa_test_00561,1,0.659411,2
medqa,qwen3-4b,medqa_test_00308,1,0.929934,4
medqa,qwen3-4b,medqa_test_00582,0,0.909961,2
medqa,qwen3-4b,medqa_test_00693,1,0.862159,3
medqa,qwen3-4b,medqa_test_00388,1,0.851428,4
medqa,qwen3-4b,medqa_test_00914,1,0.880938,4
medqa,qwen3-4b,medqa_test_00430,1,0.925266,3
medqa,qwen3-4b,medqa_test_00863,1,0.558002,5
medqa,qwen3-4b,medqa_test_01097,1,0.866152,1
medqa,qwen3-4b,medqa_test_00302,1,0.934237,3
medqa,qwen3-4b,medqa_test_00713,1,0.949592,5
medqa,qwen3-4b,medqa_test_01199,1,0.498813,1
medqa,qwen3-4b,medqa_test_00418,1,0.949343,3
medqa,qwen3-4b,medqa_test_00316,1,0.251579,5
medqa,qwen3-4b,medqa_test_00519,0,0.726913,5
medqa,qwen3-4b,medqa_test_00961,1,0.648615,2
medqa,qwen3-4b,medqa_test_00737,0,0.921968,5
medqa,qwen3-4b,medqa_test_00127,1,0.918668,5
medqa,qwen3-4b,medqa_test_00784,0,0.552891,1
medqa,qwen3-4b,medqa_test_01109,1,0.928601,2
medqa,qwen3-4b,medqa_test_00680,1,0.953794,1
medqa,qwen3-4b,medqa_test_00930,1,0.872694,3
medqa,qwen3-4b,medqa_test_00441,1,0.816999,2
medqa,qwen3-4b,medqa_test_00372,0,0.367509,1
medqa,qwen3-4b,medqa_test_01061,1,0.85881,1
medqa,qwen3-4b,medqa_test_00925,1,0.942864,4
medqa,qwen3-4b,medqa_test_00992,1,0.815963,1
medqa,qwen3-4b,medqa_test_00551,0,0.729874,5
medqa,qwen3-4b,medqa_test_01127,1,0.919875,1
medqa,qwen3-4b,medqa_test_00783,1,0.927132,4
medqa,qwen3-4b,medqa_test_01066,0,0.580947,1
medqa,qwen3-4b,medqa_test_01144,1,0.457618,3
medqa,qwen3-4b,medqa_test_00260,1,0.223235,3
medqa,qwen3-4b,medqa_test_01181,1,0.897705,2
medqa,qwen3-4b,medqa_test_00394,1,0.900896,2
medqa,qwen3-4b,medqa_test_00523,1,0.919135,1
medqa,qwen3-4b,medqa_test_00620,1,0.784085,5
medqa,qwen3-4b,medqa_test_01072,1,0.937843,3
medqa,qwen3-4b,medqa_test_00746,1,0.882731,3
medqa,qwen3-4b,medqa_test_00353,1,0.880632,4
medqa,qwen3-4b,medqa_test_00444,1,0.906349,3
medqa,qwen3-4b,medqa_test_00111,1,0.899763,4
medqa,qwen3-4b,medqa_test_01198,0,0.631494,1
medqa,qwen3-4b,medqa_test_00594,0,0.877374,3
medqa,qwen3-4b,medqa_test_00028,1,0.854617,2
medqa,qwen3-4b,medqa_test_00339,1,0.868541,4
medqa,qwen3-4b,medqa_test_00549,0,0.546786,5
medqa,qwen3-4b,medqa_test_00409,1,0.931831,5
medqa,qwen3-4b,medqa_test_00521,1,0.906523,2
medqa,qwen3-4b,medqa_test_00656,1,0.846626,1
medqa,qwen3-4b,medqa_test_00359,1,0.86345,2
medqa,qwen3-4b,medqa_test_00791,0,0.258571,5
medqa,qwen3-4b,medqa_test_00071,1,0.801143,2
medqa,qwen3-4b,medqa_test_01176,1,0.539444,5
medqa,qwen3-4b,medqa_test_00408,1,0.820954,1
medqa,qwen3-4b,medqa_test_00197,1,0.926106,3
medqa,qwen3-4b,medqa_test_00675,0,0.15598,3
medqa,qwen3-4b,medqa_test_00024,0,0.771849,4
medqa,qwen3-4b,medqa_test_01146,1,0.906367,4
medqa,qwen3-4b,medqa_test_00233,1,0.884048,1
medqa,qwen3-4b,medqa_test_00814,1,0.730302,3
medqa,qwen3-4b,medqa_test_00358,1,0.484438,1
medqa,qwen3-4b,medqa_test_01113,1,0.848912,2
medqa,qwen3-4b,medqa_test_00204,0,0.661582,4
medqa,qwen3-4b,medqa_test_00481,1,0.88706,1
medqa,qwen3-4b,medqa_test_01124,1,0.848585,4
medqa,qwen3-4b,medqa_test_00391,1,0.908322,2
medqa,qwen3-4b,medqa_test_00806,0,0.857718,5
medqa,qwen3-4b,medqa_test_01215,0,0.561835,2
medqa,qwen3-4b,medqa_test_00273,0,0.85186,4
medqa,qwen3-4b,medqa_test_00254,1,0.822045,5
medqa,qwen3-4b,medqa_test_00970,1,0.705668,2
medqa,qwen3-4b,medqa_test_01256,1,0.83847,4
medqa,qwen3-4b,medqa_test_00421,1,0.394586,3
medqa,qwen3-4b,medqa_test_00801,1,0.377974,1
medqa,qwen3-4b,medqa_test_01134,0,0.573035,2
medqa,qwen3-4b,medqa_test_00754,1,0.669469,5
medqa,qwen3-4b,medqa_test_00025,1,0.889627,3
medqa,qwen3-4b,medqa_test_00181,1,0.48745,3
medqa,qwen3-4b,medqa_test_00830,0,0.69866,2
medqa,qwen3-4b,medqa_test_00166,1,0.693347,2
medqa,qwen3-4b,medqa_test_00767,1,0.828389,2
medqa,qwen3-4b,medqa_test_00635,1,0.908232,3
medqa,qwen3-4b,medqa_test_00362,0,0.619058,5
medqa,qwen3-4b,medqa_test_00105,1,0.915215,5
medqa,qwen3-4b,medqa_test_00682,0,0.512569,2
medqa,qwen3-4b,medqa_test_00698,1,0.711916,3
medqa,qwen3-4b,medqa_test_00908,0,0.660163,4
medqa,qwen3-4b,medqa_test_00982,1,0.853849,5
medqa,qwen3-4b,medqa_test_00815,1,0.859766,5
medqa,qwen3-4b,medqa_test_00373,1,0.718694,5
medqa,qwen3-4b,medqa_test_00315,1,0.852535,5
medqa,qwen3-4b,medqa_test_00042,1,0.928529,3
medqa,qwen3-4b,medqa_test_01158,1,0.260412,4
medqa,qwen3-4b,medqa_test_01239,1,0.534877,3
medqa,qwen3-4b,medqa_test_00151,1,0.754851,5
medqa,qwen3-4b,medqa_test_00565,1,0.912198,4
medqa,qwen3-4b,medqa_test_01179,0,0.628993,1
medqa,qwen3-4b,medqa_test_00854,1,0.71214,2
medqa,qwen3-4b,medqa_test_00036,0,0.538639,5
medqa,qwen3-4b,medqa_test_00558,1,0.820464,2
medqa,qwen3-4b,medqa_test_00152,1,0.530074,1
medqa,qwen3-4b,medqa_test_00707,1,0.914343,2
medqa,qwen3-4b,medqa_test_00077,0,0.220788,3
medqa,qwen3-4b,medqa_test_01192,1,0.804456,4
medqa,qwen3-4b,medqa_test_00955,1,0.802739,2
medqa,qwen3-4b,medqa_test_00574,1,0.830724,5
medqa,qwen3-4b,medqa_test_01035,0,0.477527,2
medqa,qwen3-4b,medqa_test_00722,1,0.760048,3
medqa,qwen3-4b,medqa_test_00564,0,0.614345,4
medqa,qwen3-4b,medqa_test_00452,0,0.389886,5
medqa,qwen3-4b,medqa_test_00268,1,0.896844,3
medqa,qwen3-4b,medqa_test_00652,1,0.328712,1
medqa,qwen3-4b,medqa_test_00133,1,0.889696,1
medqa,qwen3-4b,medqa_test_00341,1,0.904197,4
medqa,qwen3-4b,medqa_test_00003,0,0.72288,4
medqa,qwen3-4b,medqa_test_01167,1,0.899087,1
medqa,qwen3-4b,medqa_test_00849,1,0.92446,5
medqa,qwen3-4b,medqa_test_01105,1,0.92186,4
medqa,qwen3-4b,medqa_test_00903,1,0.647226,1
medqa,qwen3-4b,medqa_test_00094,1,0.799356,4
medqa,qwen3-4b,medqa_test_01112,1,0.916401,1
medqa,qwen3-4b,medqa_test_00517,1,0.783273,2
medqa,qwen3-4b,medqa_test_01053,1,0.826841,1
medqa,qwen3-4b,medqa_test_01005,1,0.918493,5
medqa,qwen3-4b,medqa_test_00703,1,0.89133,4
medqa,qwen3-4b,medqa_test_00208,1,0.92013,5
medqa,qwen3-4b,medqa_test_00734,1,0.742966,4
medqa,qwen3-4b,medqa_test_00215,1,0.8107,1
medqa,qwen3-4b,medqa_test_00619,1,0.865283,4
medqa,qwen3-4b,medqa_test_00288,1,0.707463,4
medqa,qwen3-4b,medqa_test_00278,0,0.286444,3
medqa,qwen3-4b,medqa_test_00760,1,0.829271,3
medqa,qwen3-4b,medqa_test_01119,0,0.45363,2
medqa,qwen3-4b,medqa_test_01075,0,0.502733,4
medqa,qwen3-4b,medqa_test_00106,0,0.62226,1
medqa,qwen3-4b,medqa_test_00836,1,0.926047,1
medqa,qwen3-4b,medqa_test_00008,1,0.840016,3
medqa,qwen3-4b,medqa_test_01231,1,0.932569,4
medqa,qwen3-4b,medqa_test_00669,1,0.781047,3
medqa,qwen3-4b,medqa_test_00826,0,0.36194,1
medqa,qwen3-4b,medqa_test_00626,1,0.765126,2
medqa,qwen3-4b,medqa_test_00309,1,0.831782,5
medqa,qwen3-4b,medqa_test_00853,1,0.431285,5
medqa,qwen3-4b,medqa_test_00448,0,0.423699,3
medqa,qwen3-4b,medqa_test_00291,0,0.479989,5
medqa,qwen3-4b,medqa_test_00378,0,0.771995,4
medqa,qwen3-4b,medqa_test_00900,1,0.682363,5
medqa,qwen3-4b,medqa_test_01024,1,0.957372,5
medqa,qwen3-4b,medqa_test_00357,1,0.582369,3
medqa,qwen3-4b,medqa_test_00966,0,0.846648,3
medqa,qwen3-4b,medqa_test_00218,1,0.897854,2
medqa,qwen3-4b,medqa_test_00550,0,0.781623,1
medqa,qwen3-4b,medqa_test_00102,1,0.860037,5
medqa,qwen3-4b,medqa_test_00576,0,0.742266,5
medqa,qwen3-4b,medqa_test_00636,1,0.912734,5
medqa,qwen3-4b,medqa_test_01191,1,0.861785,1
medqa,qwen3-4b,medqa_test_00009,1,0.468818,5
medqa,qwen3-4b,medqa_test_00074,0,0.644988,3
medqa,qwen3-4b,medqa_test_00769,1,0.867549,3
medqa,qwen3-4b,medqa_test_00951,0,0.37422,4
medqa,qwen3-4b,medqa_test_00974,1,0.938771,1
medqa,qwen3-4b,medqa_test_00307,0,0.86059,3
medqa,qwen3-4b,medqa_test_00660,1,0.235655,3
medqa,qwen3-4b,medqa_test_00687,0,0.448078,2
medqa,qwen3-4b,medqa_test_00134,1,0.936259,5
medqa,qwen3-4b,medqa_test_00405,1,0.824983,2
medqa,qwen3-4b,medqa_test_00271,0,0.674054,4
medqa,qwen3-4b,medqa_test_01012,0,0.73026,1
medqa,qwen3-4b,medqa_test_00733,1,0.883397,3
medqa,qwen3-4b,medqa_test_00685,1,0.812568,2
medqa,qwen3-4b,medqa_test_00957,1,0.884446,4
medqa,qwen3-4b,medqa_test_00535,1,0.9424,4
medqa,qwen3-4b,medqa_test_00578,1,0.798922,5
medqa,qwen3-4b,medqa_test_00597,1,0.380699,4
medqa,qwen3-4b,medqa_test_01205,1,0.735471,3
medqa,qwen3-4b,medqa_test_00083,1,0.692022,2
medqa,qwen3-4b,medqa_test_00040,1,0.914751,1
medqa,qwen3-4b,medqa_test_00608,1,0.898588,4
medqa,qwen3-4b,medqa_test_00252,1,0.193931,1
medqa,qwen3-4b,medqa_test_00911,1,0.413213,5
medqa,qwen3-4b,medqa_test_00964,1,0.542725,3
medqa,qwen3-4b,medqa_test_00122,1,0.912071,2
medqa,qwen3-4b,medqa_test_00240,1,0.910322,5
medqa,qwen3-4b,medqa_test_01067,1,0.763086,2
medqa,qwen3-4b,medqa_test_00691,1,0.917782,1
medqa,qwen3-4b,medqa_test_00609,1,0.217626,1
medqa,qwen3-4b,medqa_test_00070,1,0.777371,1
medqa,qwen3-4b,medqa_test_00190,1,0.852497,3
medqa,qwen3-4b,medqa_test_00871,1,0.913159,4
medqa,qwen3-4b,medqa_test_00082,1,0.83762,1
mmlu_pro,qwen3-4b,mmlu_pro_test_04946,0,0.576953,1
mmlu_pro,qwen3-4b,mmlu_pro_test_06900,1,0.935968,2
mmlu_pro,qwen3-4b,mmlu_pro_test_01405,0,0.670206,2
mmlu_pro,qwen3-4b,mmlu_pro_test_03199,1,0.864332,3
mmlu_pro,qwen3-4b,mmlu_pro_test_00399,0,0.941919,5
mmlu_pro,qwen3-4b,mmlu_pro_test_06405,1,0.946613,3
mmlu_pro,qwen3-4b,mmlu_pro_test_07379,0,0.710102,3
mmlu_pro,qwen3-4b,mmlu_pro_test_02736,1,0.926067,2
mmlu_pro,qwen3-4b,mmlu_pro_test_08299,1,0.868725,1
mmlu_pro,qwen3-4b,mmlu_pro_test_11265,1,0.913401,4
mmlu_pro,qwen3-4b,mmlu_pro_test_02400,1,0.81183,1
mmlu_pro,qwen3-4b,mmlu_pro_test_00612,0,0.190153,5
mmlu_pro,qwen3-4b,mmlu_pro_test_04994,0,0.479424,1
mmlu_pro,qwen3-4b,mmlu_pro_test_02961,1,0.919062,1
mmlu_pro,qwen3-4b,mmlu_pro_test_08614,1,0.961518,5
mmlu_pro,qwen3-4b,mmlu_pro_test_05716,1,0.813873,5
mmlu_pro,qwen3-4b,mmlu_pro_test_11338,1,0.721573,5
mmlu_pro,qwen3-4b,mmlu_pro_test_07664,1,0.973998,2
mmlu_pro,qwen3-4b,mmlu_pro_test_03616,1,0.911588,1
mmlu_pro,qwen3-4b,mmlu_pro_test_09605,1,0.937644,4
mmlu_pro,qwen3-4b,mmlu_pro_test_02354,1,0.740566,5
mmlu_pro,qwen3-4b,mmlu_pro_test_04767,0,0.813822,1
mmlu_pro,qwen3-4b,mmlu_pro_test_05252,1,0.902061,1
mmlu_pro,qwen3-4b,mmlu_pro_test_01206,0,0.444309,2
mmlu_pro,qwen3-4b,mmlu_pro_test_10247,1,0.876002,4
mmlu_pro,qwen3-4b,mmlu_pro_test_07963,1,0.926784,3
mmlu_pro,qwen3-4b,mmlu_pro_test_01449,0,0.745297,4
mmlu_pro,qwen3-4b,mmlu_pro_test_08489,1,0.943478,1
mmlu_pro,qwen3-4b,mmlu_pro_test_07315,1,0.754747,3
mmlu_pro,qwen3-4b,mmlu_pro_test_07308,0,0.563448,3
mmlu_pro,qwen3-4b,mmlu_pro_test_03640,1,0.938206,2
mmlu_pro,qwen3-4b,mmlu_pro_test_05875,1,0.878015,2
mmlu_pro,qwen3-4b,mmlu_pro_test_00209,1,0.938006,3
mmlu_pro,qwen3-4b,mmlu_pro_test_10639,0,0.797031,3
mmlu_pro,qwen3-4b,mmlu_pro_test_07624,1,0.949306,4
mmlu_pro,qwen3-4b,mmlu_pro_test_08841,1,0.926143,1
mmlu_pro,qwen3-4b,mmlu_pro_test_10104,1,0.953076,4
mmlu_pro,qwen3-4b,mmlu_pro_test_08182,1,0.845067,1
mmlu_pro,qwen3-4b,mmlu_pro_test_07610,1,0.848738,4
mmlu_pro,qwen3-4b,mmlu_pro_test_01518,1,0.594545,4
mmlu_pro,qwen3-4b,mmlu_pro_test_11897,0,0.641337,5
mmlu_pro,qwen3-4b,mmlu_pro_test_03821,1,0.960162,3
mmlu_pro,qwen3-4b,mmlu_pro_test_02666,1,0.329518,5
mmlu_pro,qwen3-4b,mmlu_pro_test_00552,1,0.950735,4
mmlu_pro,qwen3-4b,mmlu_pro_test_04762,1,0.867348,2
mmlu_pro,qwen3-4b,mmlu_pro_test_10305,1,0.96418,5
mmlu_pro,qwen3-4b,mmlu_pro_test_10990,0,0.720158,2
mmlu_pro,qwen3-4b,mmlu_pro_test_10376,1,0.741068,3
mmlu_pro,qwen3-4b,mmlu_pro_test_07465,1,0.896566,5
mmlu_pro,qwen3-4b,mmlu_pro_test_06478,1,0.089087,4
mmlu_pro,qwen3-4b,mmlu_pro_test_07227,1,0.928477,1
mmlu_pro,qwen3-4b,mmlu_pro_test_08081,1,0.966449,2
mmlu_pro,qwen3-4b,mmlu_pro_test_02006,1,0.172847,1
mmlu_pro,qwen3-4b,mmlu_pro_test_06169,1,0.974056,4
mmlu_pro,qwen3-4b,mmlu_pro_test_00777,1,0.965066,4
mmlu_pro,qwen3-4b,mmlu_pro_test_03086,1,0.951752,2
mmlu_pro,qwen3-4b,mmlu_pro_test_06764,0,0.854974,4
mmlu_pro,qwen3-4b,mmlu_pro_test_04577,0,0.775935,2
mmlu_pro,qwen3-4b,mmlu_pro_test_04648,1,0.39276,2
mmlu_pro,qwen3-4b,mmlu_pro_test_07086,1,0.620019,5
mmlu_pro,qwen3-4b,mmlu_pro_test_07073,1,0.918301,3
mmlu_pro,qwen3-4b,mmlu_pro_test_02543,1,0.757088,3
mmlu_pro,qwen3-4b,mmlu_pro_test_09545,1,0.949271,2
mmlu_pro,qwen3-4b,mmlu_pro_test_05814,1,0.92706,3
mmlu_pro,qwen3-4b,mmlu_pro_test_10619,0,0.388069,1
mmlu_pro,qwen3-4b,mmlu_pro_test_02239,0,0.03539,2
mmlu_pro,qwen3-4b,mmlu_pro_test_04531,1,0.776246,4
mmlu_pro,qwen3-4b,mmlu_pro_test_05901,1,0.369122,2
mmlu_pro,qwen3-4b,mmlu_pro_test_04600,0,0.559405,4
mmlu_pro,qwen3-4b,mmlu_pro_test_03938,1,0.958103,5
mmlu_pro,qwen3-4b,mmlu_pro_test_04737,0,0.789672,3
mmlu_pro,qwen3-4b,mmlu_pro_test_08707,1,0.971833,4
mmlu_pro,qwen3-4b,mmlu_pro_test_06047,1,0.889605,1
mmlu_pro,qwen3-4b,mmlu_pro_test_10314,1,0.582855,5
mmlu_pro,qwen3-4b,mmlu_pro_test_06344,0,0.736191,2
mmlu_pro,qwen3-4b,mmlu_pro_test_07781,1,0.931238,4
mmlu_pro,qwen3-4b,mmlu_pro_test_01909,1,0.746146,1
mmlu_pro,qwen3-4b,mmlu_pro_test_07841,1,0.954245,1
mmlu_pro,qwen3-4b,mmlu_pro_test_02367,0,0.184618,5
mmlu_pro,qwen3-4b,mmlu_pro_test_03243,1,0.825522,4
mmlu_pro,qwen3-4b,mmlu_pro_test_03551,1,0.919925,4
mmlu_pro,qwen3-4b,mmlu_pro_test_00105,1,0.767564,4
mmlu_pro,qwen3-4b,mmlu_pro_test_10480,1,0.895074,4
mmlu_pro,qwen3-4b,mmlu_pro_test_07621,1,0.893481,1
mmlu_pro,qwen3-4b,mmlu_pro_test_05290,0,0.757107,4
mmlu_pro,qwen3-4b,mmlu_pro_test_06374,1,0.422542,1
mmlu_pro,qwen3-4b,mmlu_pro_test_04854,1,0.897524,4
mmlu_pro,qwen3-4b,mmlu_pro_test_01994,1,0.849146,1
mmlu_pro,qwen3-4b,mmlu_pro_test_08531,1,0.808794,4
mmlu_pro,qwen3-4b,mmlu_pro_test_07336,0,0.604654,4
mmlu_pro,qwen3-4b,mmlu_pro_test_03296,1,0.675763,2
mmlu_pro,qwen3-4b,mmlu_pro_test_01155,0,0.529728,1
mmlu_pro,qwen3-4b,mmlu_pro_test_04641,1,0.628878,5
mmlu_pro,qwen3-4b,mmlu_pro_test_06440,1,0.050904,2
mmlu_pro,qwen3-4b,mmlu_pro_test_04810,0,0.525682,1
mmlu_pro,qwen3-4b,mmlu_pro_test_06683,1,0.853008,3
mmlu_pro,qwen3-4b,mmlu_pro_test_10242,1,0.8134,3
mmlu_pro,qwen3-4b,mmlu_pro_test_06474,1,0.905033,3
mmlu_pro,qwen3-4b,mmlu_pro_test_01722,1,0.533813,4
mmlu_pro,qwen3-4b,mmlu_pro_test_00075,1,0.959431,1
mmlu_pro,qwen3-4b,mmlu_pro_test_01510,1,0.870062,1
mmlu_pro,qwen3-4b,mmlu_pro_test_07068,1,0.836998,1
mmlu_pro,qwen3-4b,mmlu_pro_test_01471,0,0.472424,4
mmlu_pro,qwen3-4b,mmlu_pro_test_04667,0,0.862241,2
mmlu_pro,qwen3-4b,mmlu_pro_test_04596,1,0.77545,2
mmlu_pro,qwen3-4b,mmlu_pro_test_11048,0,0.724503,1
mmlu_pro,qwen3-4b,mmlu_pro_test_08599,1,0.96347,2
mmlu_pro,qwen3-4b,mmlu_pro_test_06330,1,0.838395,4
mmlu_pro,qwen3-4b,mmlu_pro_test_09589,1,0.94841,3
mmlu_pro,qwen3-4b,mmlu_pro_test_10859,1,0.927573,3
mmlu_pro,qwen3-4b,mmlu_pro_test_01851,0,0.820248,5
mmlu_pro,qwen3-4b,mmlu_pro_test_05334,1,0.304271,1
mmlu_pro,qwen3-4b,mmlu_pro_test_04323,1,0.783727,2
mmlu_pro,qwen3-4b,mmlu_pro_test_02899,1,0.958253,4
mmlu_pro,qwen3-4b,mmlu_pro_test_06094,1,0.833672,2
mmlu_pro,qwen3-4b,mmlu_pro_test_10249,1,0.902991,1
mmlu_pro,qwen3-4b,mmlu_pro_test_01216,0,0.224714,4
mmlu_pro,qwen3-4b,mmlu_pro_test_10777,0,0.65561,5
mmlu_pro,qwen3-4b,mmlu_pro_test_03186,1,0.867606,1
mmlu_pro,qwen3-4b,mmlu_pro_test_00193,1,0.825579,3
mmlu_pro,qwen3-4b,mmlu_pro_test_06476,0,0.391579,2
mmlu_pro,qwen3-4b,mmlu_pro_test_03128,1,0.856404,2
mmlu_pro,qwen3-4b,mmlu_pro_test_06423,1,0.819999,1
mmlu_pro,qwen3-4b,mmlu_pro_test_04220,1,0.92775,1
mmlu_pro,qwen3-4b,mmlu_pro_test_02619,1,0.88673,4
mmlu_pro,qwen3-4b,mmlu_pro_test_07547,1,0.918533,4
mmlu_pro,qwen3-4b,mmlu_pro_test_03546,1,0.940829,3
mmlu_pro,qwen3-4b,mmlu_pro_test_05346,1,0.066972,3
mmlu_pro,qwen3-4b,mmlu_pro_test_02989,0,0.204988,3
mmlu_pro,qwen3-4b,mmlu_pro_test_07670,1,0.954682,4
mmlu_pro,qwen3-4b,mmlu_pro_test_01054,1,0.42939,2
mmlu_pro,qwen3-4b,mmlu_pro_test_07105,1,0.895724,2
mmlu_pro,qwen3-4b,mmlu_pro_test_03107,0,0.550971,3
mmlu_pro,qwen3-4b,mmlu_pro_test_10196,1,0.939133,4
mmlu_pro,qwen3-4b,mmlu_pro_test_10696,0,0.648145,2
mmlu_pro,qwen3-4b,mmlu_pro_test_02622,1,0.82901,5
mmlu_pro,qwen3-4b,mmlu_pro_test_02098,1,0.950496,2
mmlu_pro,qwen3-4b,mmlu_pro_test_01873,1,0.480648,2
mmlu_pro,qwen3-4b,mmlu_pro_test_02310,1,0.821083,1
mmlu_pro,qwen3-4b,mmlu_pro_test_04768,1,0.903562,3
mmlu_pro,qwen3-4b,mmlu_pro_test_00538,1,0.973406,4
mmlu_pro,qwen3-4b,mmlu_pro_test_08558,1,0.9107,1
mmlu_pro,qwen3-4b,mmlu_pro_test_02212,1,0.860267,3
mmlu_pro,qwen3-4b,mmlu_pro_test_00294,1,0.659585,1
mmlu_pro,qwen3-4b,mmlu_pro_test_10274,0,0.559503,1
mmlu_pro,qwen3-4b,mmlu_pro_test_00677,1,0.844611,1
mmlu_pro,qwen3-4b,mmlu_pro_test_06106,1,0.498742,4
mmlu_pro,qwen3-4b,mmlu_pro_test_01153,0,0.33956,4
mmlu_pro,qwen3-4b,mmlu_pro_test_10822,0,0.010269,2
mmlu_pro,qwen3-4b,mmlu_pro_test_00244,0,0.120287,2
mmlu_pro,qwen3-4b,mmlu_pro_test_05645,1,0.784812,4
mmlu_pro,qwen3-4b,mmlu_pro_test_01750,0,0.697716,1
mmlu_pro,qwen3-4b,mmlu_pro_test_01875,0,0.928231,1
mmlu_pro,qwen3-4b,mmlu_pro_test_01105,1,0.760015,1
mmlu_pro,qwen3-4b,mmlu_pro_test_06414,1,0.859295,3
mmlu_pro,qwen3-4b,mmlu_pro_test_03360,1,0.657294,1
mmlu_pro,qwen3-4b,mmlu_pro_test_01281,0,0.748255,2
mmlu_pro,qwen3-4b,mmlu_pro_test_06933,1,0.958145,2
mmlu_pro,qwen3-4b,mmlu_pro_test_07300,0,0.608348,4
mmlu_pro,qwen3-4b,mmlu_pro_test_07745,0,0.6284,3
mmlu_pro,qwen3-4b,mmlu_pro_test_05863,1,0.356884,4
mmlu_pro,qwen3-4b,mmlu_pro_test_10821,0,0.812065,4
mmlu_pro,qwen3-4b,mmlu_pro_test_00578,1,0.96845,4
mmlu_pro,qwen3-4b,mmlu_pro_test_01634,0,0.325479,3
mmlu_pro,qwen3-4b,mmlu_pro_test_01115,0,0.715165,4
mmlu_pro,qwen3-4b,mmlu_pro_test_01088,0,0.16086,2
mmlu_pro,qwen3-4b,mmlu_pro_test_09247,1,0.876802,3
mmlu_pro,qwen3-4b,mmlu_pro_test_09552,1,0.852302,2
mmlu_pro,qwen3-4b,mmlu_pro_test_06472,1,0.821925,5
mmlu_pro,qwen3-4b,mmlu_pro_test_00943,1,0.768888,2
mmlu_pro,qwen3-4b,mmlu_pro_test_05483,1,0.682661,5
mmlu_pro,qwen3-4b,mmlu_pro_test_00233,1,0.631615,4
mmlu_pro,qwen3-4b,mmlu_pro_test_00994,0,0.183535,4
mmlu_pro,qwen3-4b,mmlu_pro_test_00881,1,0.884433,2
mmlu_pro,qwen3-4b,mmlu_pro_test_06356,1,0.619545,2
mmlu_pro,qwen3-4b,mmlu_pro_test_05571,0,0.672577,5
mmlu_pro,qwen3-4b,mmlu_pro_test_05042,1,0.937177,3
mmlu_pro,qwen3-4b,mmlu_pro_test_06964,1,0.726731,1
mmlu_pro,qwen3-4b,mmlu_pro_test_12001,1,0.953169,2
mmlu_pro,qwen3-4b,mmlu_pro_test_09661,1,0.911089,5
mmlu_pro,qwen3-4b,mmlu_pro_test_06324,1,0.514259,1
mmlu_pro,qwen3-4b,mmlu_pro_test_08046,1,0.92652,2
mmlu_pro,qwen3-4b,mmlu_pro_test_11328,1,0.935432,4
mmlu_pro,qwen3-4b,mmlu_pro_test_10848,1,0.349744,2
mmlu_pro,qwen3-4b,mmlu_pro_test_09027,1,0.921262,4
mmlu_pro,qwen3-4b,mmlu_pro_test_06780,1,0.709499,2
mmlu_pro,qwen3-4b,mmlu_pro_test_06430,1,0.817713,3
mmlu_pro,qwen3-4b,mmlu_pro_test_09215,1,0.951095,1
mmlu_pro,qwen3-4b,mmlu_pro_test_08916,0,0.950058,3
mmlu_pro,qwen3-4b,mmlu_pro_test_03285,1,0.866237,1
mmlu_pro,qwen3-4b,mmlu_pro_test_00232,1,0.968416,5
mmlu_pro,qwen3-4b,mmlu_pro_test_07952,1,0.949805,1
mmlu_pro,qwen3-4b,mmlu_pro_test_02613,1,0.837812,4
mmlu_pro,qwen3-4b,mmlu_pro_test_06654,1,0.59465,5
mmlu_pro,qwen3-4b,mmlu_pro_test_08077,1,0.893692,1
mmlu_pro,qwen3-4b,mmlu_pro_test_00654,1,0.968959,5
mmlu_pro,qwen3-4b,mmlu_pro_test_01114,1,0.348327,3
mmlu_pro,qwen3-4b,mmlu_pro_test_02376,1,0.794163,3
mmlu_pro,qwen3-4b,mmlu_pro_test_10943,1,0.675305,3
mmlu_pro,qwen3-4b,mmlu_pro_test_01822,0,0.219324,5
mmlu_pro,qwen3-4b,mmlu_pro_test_01322,0,0.101003,1
mmlu_pro,qwen3-4b,mmlu_pro_test_08513,1,0.949069,3
mmlu_pro,qwen3-4b,mmlu_pro_test_06409,1,0.256403,2
mmlu_pro,qwen3-4b,mmlu_pro_test_05509,1,0.65052,1
mmlu_pro,qwen3-4b,mmlu_pro_test_07012,1,0.86735,1
mmlu_pro,qwen3-4b,mmlu_pro_test_07233,1,0.92742,3
mmlu_pro,qwen3-4b,mmlu_pro_test_04296,1,0.783319,1
mmlu_pro,qwen3-4b,mmlu_pro_test_06365,1,0.884783,5
mmlu_pro,qwen3-4b,mmlu_pro_test_00031,1,0.960023,3
mmlu_pro,qwen3-4b,mmlu_pro_test_09953,1,0.945799,3
mmlu_pro,qwen3-4b,mmlu_pro_test_02676,0,0.762539,3
mmlu_pro,qwen3-4b,mmlu_pro_test_07131,0,0.949495,2
mmlu_pro,qwen3-4b,mmlu_pro_test_07275,1,0.856801,5
mmlu_pro,qwen3-4b,mmlu_pro_test_09210,1,0.939005,3
mmlu_pro,qwen3-4b,mmlu_pro_test_10194,1,0.749982,1
mmlu_pro,qwen3-4b,mmlu_pro_test_07176,1,0.80068,4
mmlu_pro,qwen3-4b,mmlu_pro_test_00102,1,0.951785,5
mmlu_pro,qwen3-4b,mmlu_pro_test_01799,0,0.106677,5
mmlu_pro,qwen3-4b,mmlu_pro_test_06147,0,0.432808,5
mmlu_pro,qwen3-4b,mmlu_pro_test_05306,1,0.927153,5
mmlu_pro,qwen3-4b,mmlu_pro_test_02443,1,0.87653,3
mmlu_pro,qwen3-4b,mmlu_pro_test_01516,0,0.845168,3
mmlu_pro,qwen3-4b,mmlu_pro_test_05266,1,0.923993,1
mmlu_pro,qwen3-4b,mmlu_pro_test_05079,1,0.83721,4
mmlu_pro,qwen3-4b,mmlu_pro_test_11996,1,0.824511,4
mmlu_pro,qwen3-4b,mmlu_pro_test_07938,1,0.610559,1
mmlu_pro,qwen3-4b,mmlu_pro_test_10854,1,0.237478,5
mmlu_pro,qwen3-4b,mmlu_pro_test_02199,0,0.805913,5
mmlu_pro,qwen3-4b,mmlu_pro_test_00801,0,0.081658,1
mmlu_pro,qwen3-4b,mmlu_pro_test_06048,1,0.889986,3
mmlu_pro,qwen3-4b,mmlu_pro_test_04601,0,0.803582,5
mmlu_pro,qwen3-4b,mmlu_pro_test_08357,0,0.205203,3
mmlu_pro,qwen3-4b,mmlu_pro_test_06758,1,0.842607,3
mmlu_pro,qwen3-4b,mmlu_pro_test_05350,1,0.861238,5
mmlu_pro,qwen3-4b,mmlu_pro_test_00692,1,0.846271,5
mmlu_pro,qwen3-4b,mmlu_pro_test_07604,1,0.949012,2
mmlu_pro,qwen3-4b,mmlu_pro_test_02247,1,0.716103,4
mmlu_pro,qwen3-4b,mmlu_pro_test_01490,0,0.459015,4
mmlu_pro,qwen3-4b,mmlu_pro_test_00144,1,0.96501,4
mmlu_pro,qwen3-4b,mmlu_pro_test_08773,1,0.916698,2
mmlu_pro,qwen3-4b,mmlu_pro_test_03337,1,0.907626,3
mmlu_pro,qwen3-4b,mmlu_pro_test_05298,0,0.331194,4
mmlu_pro,qwen3-4b,mmlu_pro_test_02279,1,0.911333,4
mmlu_pro,qwen3-4b,mmlu_pro_test_06777,1,0.64907,5
mmlu_pro,qwen3-4b,mmlu_pro_test_03188,1,0.937016,2
mmlu_pro,qwen3-4b,mmlu_pro_test_01250,1,0.511995,3
mmlu_pro,qwen3-4b,mmlu_pro_test_02173,0,0.437756,1
mmlu_pro,qwen3-4b,mmlu_pro_test_05556,1,0.919128,3
mmlu_pro,qwen3-4b,mmlu_pro_test_00728,1,0.958895,3
mmlu_pro,qwen3-4b,mmlu_pro_test_01919,0,0.747372,3
mmlu_pro,qwen3-4b,mmlu_pro_test_05840,0,0.687145,1
mmlu_pro,qwen3-4b,mmlu_pro_test_10423,1,0.645615,5
mmlu_pro,qwen3-4b,mmlu_pro_test_05818,1,0.42952,1
mmlu_pro,qwen3-4b,mmlu_pro_test_08111,1,0.963222,2
mmlu_pro,qwen3-4b,mmlu_pro_test_11294,1,0.941607,3
mmlu_pro,qwen3-4b,mmlu_pro_test_05926,0,0.494677,5
mmlu_pro,qwen3-4b,mmlu_pro_test_00751,0,0.775883,3
mmlu_pro,qwen3-4b,mmlu_pro_test_10827,1,0.939811,2
mmlu_pro,qwen3-4b,mmlu_pro_test_08788,1,0.855482,5
mmlu_pro,qwen3-4b,mmlu_pro_test_06328,1,0.875691,4
mmlu_pro,qwen3-4b,mmlu_pro_test_02897,1,0.889784,4
mmlu_pro,qwen3-4b,mmlu_pro_test_00644,1,0.959652,5
mmlu_pro,qwen3-4b,mmlu_pro_test_09957,1,0.766187,1
mmlu_pro,qwen3-4b,mmlu_pro_test_01205,1,0.905007,2
mmlu_pro,qwen3-4b,mmlu_pro_test_05689,0,0.827941,4
mmlu_pro,qwen3-4b,mmlu_pro_test_09535,1,0.9291,2
mmlu_pro,qwen3-4b,mmlu_pro_test_05010,0,0.359787,1
mmlu_pro,qwen3-4b,mmlu_pro_test_05512,0,0.450342,3
mmlu_pro,qwen3-4b,mmlu_pro_test_06901,1,0.935056,5
mmlu_pro,qwen3-4b,mmlu_pro_test_04665,1,0.92938,3
mmlu_pro,qwen3-4b,mmlu_pro_test_07268,1,0.73555,1
mmlu_pro,qwen3-4b,mmlu_pro_test_11797,1,0.818972,1
mmlu_pro,qwen3-4b,mmlu_pro_test_06854,1,0.640751,1
mmlu_pro,qwen3-4b,mmlu_pro_test_02874,1,0.753535,5
mmlu_pro,qwen3-4b,mmlu_pro_test_00408,1,0.911055,4
mmlu_pro,qwen3-4b,mmlu_pro_test_11021,0,0.496255,1
mmlu_pro,qwen3-4b,mmlu_pro_test_06497,1,0.892499,5
mmlu_pro,qwen3-4b,mmlu_pro_test_08694,1,0.586705,5
mmlu_pro,qwen3-4b,mmlu_pro_test_00082,1,0.748125,5
mmlu_pro,qwen3-4b,mmlu_pro_test_05696,0,0.374718,1
mmlu_pro,qwen3-4b,mmlu_pro_test_07437,1,0.835995,2
mmlu_pro,qwen3-4b,mmlu_pro_test_08183,1,0.906294,2
mmlu_pro,qwen3-4b,mmlu_pro_test_01831,0,0.910727,4
mmlu_pro,qwen3-4b,mmlu_pro_test_03615,1,0.851363,1
mmlu_pro,qwen3-4b,mmlu_pro_test_02148,1,0.816847,1
mmlu_pro,qwen3-4b,mmlu_pro_test_00219,1,0.954678,1
mmlu_pro,qwen3-4b,mmlu_pro_test_01532,0,0.654409,1
mmlu_pro,qwen3-4b,mmlu_pro_test_03087,1,0.536876,1
mmlu_pro,qwen3-4b,mmlu_pro_test_07100,1,0.84448,2
mmlu_pro,qwen3-4b,mmlu_pro_test_09170,1,0.961578,4
mmlu_pro,qwen3-4b,mmlu_pro_test_02905,1,0.960026,1
mmlu_pro,qwen3-4b,mmlu_pro_test_04309,1,0.903453,1
mmlu_pro,qwen3-4b,mmlu_pro_test_08993,1,0.920101,1
mmlu_pro,qwen3-4b,mmlu_pro_test_08399,1,0.962276,3
mmlu_pro,qwen3-4b,mmlu_pro_test_01252,0,0.260791,1
mmlu_pro,qwen3-4b,mmlu_pro_test_02171,1,0.416634,2
mmlu_pro,qwen3-4b,mmlu_pro_test_07031,1,0.900268,2
mmlu_pro,qwen3-4b,mmlu_pro_test_11015,0,0.352148,3
mmlu_pro,qwen3-4b,mmlu_pro_test_06831,1,0.912908,5
mmlu_pro,qwen3-4b,mmlu_pro_test_09713,1,0.904387,4
mmlu_pro,qwen3-4b,mmlu_pro_test_09094,1,0.938087,5
mmlu_pro,qwen3-4b,mmlu_pro_test_05195,0,0.735818,4
mmlu_pro,qwen3-4b,mmlu_pro_test_08685,1,0.891085,3
mmlu_pro,qwen3-4b,mmlu_pro_test_04928,1,0.756539,4
mmlu_pro,qwen3-4b,mmlu_pro_test_01141,0,0.851633,4
mmlu_pro,qwen3-4b,mmlu_pro_test_06313,1,0.882102,2
mmlu_pro,qwen3-4b,mmlu_pro_test_06295,1,0.382308,5
mmlu_pro,qwen3-4b,mmlu_pro_test_00811,0,0.381136,4
mmlu_pro,qwen3-4b,mmlu_pro_test_06830,1,0.95636,5
mmlu_pro,qwen3-4b,mmlu_pro_test_08247,1,0.939274,1
mmlu_pro,qwen3-4b,mmlu_pro_test_08198,1,0.961488,3
mmlu_pro,qwen3-4b,mmlu_pro_test_02011,1,0.886741,5
mmlu_pro,qwen3-4b,mmlu_pro_test_01134,0,0.410363,1
mmlu_pro,qwen3-4b,mmlu_pro_test_08457,1,0.94418,4
mmlu_pro,qwen3-4b,mmlu_pro_test_09123,0,0.701656,5
mmlu_pro,qwen3-4b,mmlu_pro_test_01568,0,0.026707,5
mmlu_pro,qwen3-4b,mmlu_pro_test_04867,0,0.81998,1
mmlu_pro,qwen3-4b,mmlu_pro_test_00329,1,0.955287,3
mmlu_pro,qwen3-4b,mmlu_pro_test_11567,1,0.961236,5
mmlu_pro,qwen3-4b,mmlu_pro_test_02438,0,0.840411,4
mmlu_pro,qwen3-4b,mmlu_pro_test_01736,1,0.667176,1
mmlu_pro,qwen3-4b,mmlu_pro_test_04974,1,0.850785,1
mmlu_pro,qwen3-4b,mmlu_pro_test_04929,1,0.783448,1
mmlu_pro,qwen3-4b,mmlu_pro_test_00906,0,0.575297,2
mmlu_pro,qwen3-4b,mmlu_pro_test_10032,1,0.939043,4
mmlu_pro,qwen3-4b,mmlu_pro_test_04603,0,0.825765,2
mmlu_pro,qwen3-4b,mmlu_pro_test_06663,1,0.458299,4
mmlu_pro,qwen3-4b,mmlu_pro_test_05202,0,0.650545,2
mmlu_pro,qwen3-4b,mmlu_pro_test_07832,1,0.969139,5
mmlu_pro,qwen3-4b,mmlu_pro_test_06713,1,0.751524,4
mmlu_pro,qwen3-4b,mmlu_pro_test_06787,1,0.84552,3
mmlu_pro,qwen3-4b,mmlu_pro_test_08156,1,0.646803,3
mmlu_pro,qwen3-4b,mmlu_pro_test_03436,1,0.936507,3
mmlu_pro,qwen3-4b,mmlu_pro_test_05678,1,0.928201,2
mmlu_pro,qwen3-4b,mmlu_pro_test_06424,1,0.948726,4
mmlu_pro,qwen3-4b,mmlu_pro_test_02283,1,0.775032,4
mmlu_pro,qwen3-4b,mmlu_pro_test_04727,1,0.857708,1
mmlu_pro,qwen3-4b,mmlu_pro_test_01003,1,0.058526,3
mmlu_pro,qwen3-4b,mmlu_pro_test_10324,1,0.821709,3
mmlu_pro,qwen3-4b,mmlu_pro_test_11346,1,0.885755,4
mmlu_pro,qwen3-4b,mmlu_pro_test_10124,1,0.944657,1
mmlu_pro,qwen3-4b,mmlu_pro_test_03182,1,0.928222,3
mmlu_pro,qwen3-4b,mmlu_pro_test_08688,0,0.920708,4
mmlu_pro,qwen3-4b,mmlu_pro_test_05109,0,0.483498,1
mmlu_pro,qwen3-4b,mmlu_pro_test_10163,0,0.945531,2
mmlu_pro,qwen3-4b,mmlu_pro_test_03959,1,0.937177,1
mmlu_pro,qwen3-4b,mmlu_pro_test_11639,1,0.916635,3
mmlu_pro,qwen3-4b,mmlu_pro_test_03992,1,0.961725,3
mmlu_pro,qwen3-4b,mmlu_pro_test_06451,0,0.822213,4
mmlu_pro,qwen3-4b,mmlu_pro_test_00836,0,0.794403,4
mmlu_pro,qwen3-4b,mmlu_pro_test_08372,1,0.931538,5
mmlu_pro,qwen3-4b,mmlu_pro_test_01355,0,0.894739,1
mmlu_pro,qwen3-4b,mmlu_pro_test_10802,1,0.606068,1
mmlu_pro,qwen3-4b,mmlu_pro_test_03601,1,0.918494,4
mmlu_pro,qwen3-4b,mmlu_pro_test_09942,1,0.970121,2
mmlu_pro,qwen3-4b,mmlu_pro_test_06822,1,0.75839,2
mmlu_pro,qwen3-4b,mmlu_pro_test_08667,1,0.880852,4
mmlu_pro,qwen3-4b,mmlu_pro_test_05452,0,0.447309,1
mmlu_pro,qwen3-4b,mmlu_pro_test_09544,1,0.896417,1
mmlu_pro,qwen3-4b,mmlu_pro_test_00425,1,0.848854,3
mmlu_pro,qwen3-4b,mmlu_pro_test_02544,1,0.819674,4
mmlu_pro,qwen3-4b,mmlu_pro_test_01550,0,0.822464,4
mmlu_pro,qwen3-4b,mmlu_pro_test_08699,1,0.965075,5
mmlu_pro,qwen3-4b,mmlu_pro_test_03795,1,0.942951,2
mmlu_pro,qwen3-4b,mmlu_pro_test_06341,1,0.575047,1
mmlu_pro,qwen3-4b,mmlu_pro_test_06977,1,0.802331,4
mmlu_pro,qwen3-4b,mmlu_pro_test_06331,0,0.677427,3
mmlu_pro,qwen3-4b,mmlu_pro_test_06905,0,0.911353,3
mmlu_pro,qwen3-4b,mmlu_pro_test_06884,1,0.969964,2
mmlu_pro,qwen3-4b,mmlu_pro_test_02285,0,0.803,3
mmlu_pro,qwen3-4b,mmlu_pro_test_11020,0,0.34474,2
mmlu_pro,qwen3-4b,mmlu_pro_test_01721,1,0.878214,1
mmlu_pro,qwen3-4b,mmlu_pro_test_05679,1,0.906155,4
mmlu_pro,qwen3-4b,mmlu_pro_test_03061,1,0.861181,1
mmlu_pro,qwen3-4b,mmlu_pro_test_10973,0,0.435043,4
mmlu_pro,qwen3-4b,mmlu_pro_test_08203,1,0.950055,4
mmlu_pro,qwen3-4b,mmlu_pro_test_09801,1,0.961119,2
mmlu_pro,qwen3-4b,mmlu_pro_test_02225,1,0.827716,3
mmlu_pro,qwen3-4b,mmlu_pro_test_07284,1,0.95046,3
mmlu_pro,qwen3-4b,mmlu_pro_test_00940,0,0.242827,3
mmlu_pro,qwen3-4b,mmlu_pro_test_07930,1,0.908986,1
mmlu_pro,qwen3-4b,mmlu_pro_test_06579,1,0.283362,1
mmlu_pro,qwen3-4b,mmlu_pro_test_08275,1,0.96334,2
mmlu_pro,qwen3-4b,mmlu_pro_test_09550,1,0.948256,2
mmlu_pro,qwen3-4b,mmlu_pro_test_02498,1,0.732053,1
mmlu_pro,qwen3-4b,mmlu_pro_test_09911,1,0.809116,3
mmlu_pro,qwen3-4b,mmlu_pro_test_01960,1,0.387479,1
mmlu_pro,qwen3-4b,mmlu_pro_test_11222,1,0.922785,2
mmlu_pro,qwen3-4b,mmlu_pro_test_10708,0,0.12103,3
mmlu_pro,qwen3-4b,mmlu_pro_test_02841,1,0.920819,3
mmlu_pro,qwen3-4b,mmlu_pro_test_05560,1,0.895466,5
mmlu_pro,qwen3-4b,mmlu_pro_test_11547,1,0.957523,5
mmlu_pro,qwen3-4b,mmlu_pro_test_07857,1,0.970593,3
mmlu_pro,qwen3-4b,mmlu_pro_test_06513,1,0.945185,2
mmlu_pro,qwen3-4b,mmlu_pro_test_07069,1,0.891997,3
mmlu_pro,qwen3-4b,mmlu_pro_test_00479,0,0.853724,5
mmlu_pro,qwen3-4b,mmlu_pro_test_05605,1,0.36069,3
mmlu_pro,qwen3-4b,mmlu_pro_test_07246,0,0.372284,5
mmlu_pro,qwen3-4b,mmlu_pro_test_02726,1,0.882477,4
mmlu_pro,qwen3-4b,mmlu_pro_test_03025,1,0.913772,3
mmlu_pro,qwen3-4b,mmlu_pro_test_04032,1,0.889375,5
mmlu_pro,qwen3-4b,mmlu_pro_test_04556,0,0.618891,2
mmlu_pro,qwen3-4b,mmlu_pro_test_05857,1,0.7973,2
mmlu_pro,qwen3-4b,mmlu_pro_test_07599,1,0.911477,4
mmlu_pro,qwen3-4b,mmlu_pro_test_10348,1,0.815057,5
mmlu_pro,qwen3-4b,mmlu_pro_test_03896,1,0.941994,1
mmlu_pro,qwen3-4b,mmlu_pro_test_01626,1,0.239324,5
mmlu_pro,qwen3-4b,mmlu_pro_test_10350,0,0.805333,3
mmlu_pro,qwen3-4b,mmlu_pro_test_03055,1,0.919883,3
mmlu_pro,qwen3-4b,mmlu_pro_test_11366,1,0.850326,5
mmlu_pro,qwen3-4b,mmlu_pro_test_00636,0,0.58299,4
mmlu_pro,qwen3-4b,mmlu_pro_test_00277,1,0.946263,1
mmlu_pro,qwen3-4b,mmlu_pro_test_00288,1,0.868297,3
mmlu_pro,qwen3-4b,mmlu_pro_test_11665,1,0.959344,2
mmlu_pro,qwen3-4b,mmlu_pro_test_06037,0,0.926739,5
mmlu_pro,qwen3-4b,mmlu_pro_test_10887,1,0.497938,1
mmlu_pro,qwen3-4b,mmlu_pro_test_07156,1,0.895886,1
mmlu_pro,qwen3-4b,mmlu_pro_test_08774,1,0.861913,1
mmlu_pro,qwen3-4b,mmlu_pro_test_02540,1,0.862015,5
mmlu_pro,qwen3-4b,mmlu_pro_test_06076,1,0.918606,5
mmlu_pro,qwen3-4b,mmlu_pro_test_00886,0,0.790491,2
mmlu_pro,qwen3-4b,mmlu_pro_test_09637,1,0.882449,4
mmlu_pro,qwen3-4b,mmlu_pro_test_03543,1,0.94943,1
mmlu_pro,qwen3-4b,mmlu_pro_test_00900,1,0.698465,4
mmlu_pro,qwen3-4b,mmlu_pro_test_04439,1,0.959814,3
mmlu_pro,qwen3-4b,mmlu_pro_test_04870,1,0.938928,4
mmlu_pro,qwen3-4b,mmlu_pro_test_10222,0,0.234792,2
mmlu_pro,qwen3-4b,mmlu_pro_test_01482,0,0.050786,1
mmlu_pro,qwen3-4b,mmlu_pro_test_05997,1,0.457171,2
mmlu_pro,qwen3-4b,mmlu_pro_test_03864,1,0.960108,3
mmlu_pro,qwen3-4b,mmlu_pro_test_03206,1,0.918868,5
mmlu_pro,qwen3-4b,mmlu_pro_test_03219,1,0.949961,3
mmlu_pro,qwen3-4b,mmlu_pro_test_08616,1,0.87769,2
mmlu_pro,qwen3-4b,mmlu_pro_test_06239,1,0.929083,2
mmlu_pro,qwen3-4b,mmlu_pro_test_11218,0,0.957324,2
mmlu_pro,qwen3-4b,mmlu_pro_test_11431,1,0.958201,2
mmlu_pro,qwen3-4b,mmlu_pro_test_04910,0,0.524691,4
mmlu_pro,qwen3-4b,mmlu_pro_test_10608,1,0.905527,1
mmlu_pro,qwen3-4b,mmlu_pro_test_04765,1,0.946443,2
mmlu_pro,qwen3-4b,mmlu_pro_test_03207,1,0.842438,5
mmlu_pro,qwen3-4b,mmlu_pro_test_05102,1,0.757133,4
mmlu_pro,qwen3-4b,mmlu_pro_test_01711,0,0.243058,4
mmlu_pro,qwen3-4b,mmlu_pro_test_08269,1,0.730905,2
mmlu_pro,qwen3-4b,mmlu_pro_test_09488,0,0.375008,2
mmlu_pro,qwen3-4b,mmlu_pro_test_01019,0,0.555622,5
mmlu_pro,qwen3-4b,mmlu_pro_test_06772,1,0.934755,4
mmlu_pro,qwen3-4b,mmlu_pro_test_05528,1,0.805615,3
mmlu_pro,qwen3-4b,mmlu_pro_test_01400,1,0.901713,1
mmlu_pro,qwen3-4b,mmlu_pro_test_00792,0,0.177267,5
mmlu_pro,qwen3-4b,mmlu_pro_test_09177,1,0.710686,2
mmlu_pro,qwen3-4b,mmlu_pro_test_08496,1,0.9678,2
mmlu_pro,qwen3-4b,mmlu_pro_test_06546,1,0.271633,4
mmlu_pro,qwen3-4b,mmlu_pro_test_05897,1,0.831626,3
mmlu_pro,qwen3-4b,mmlu_pro_test_11008,0,0.778883,4
mmlu_pro,qwen3-4b,mmlu_pro_test_03402,1,0.52663,1
mmlu_pro,qwen3-4b,mmlu_pro_test_03979,1,0.966609,2
mmlu_pro,qwen3-4b,mmlu_pro_test_11046,0,0.377577,3
mmlu_pro,qwen3-4b,mmlu_pro_test_09827,1,0.935197,1
mmlu_pro,qwen3-4b,mmlu_pro_test_01377,1,0.865076,3
mmlu_pro,qwen3-4b,mmlu_pro_test_04611,1,0.760761,3
mmlu_pro,qwen3-4b,mmlu_pro_test_04003,1,0.923055,1
mmlu_pro,qwen3-4b,mmlu_pro_test_09422,1,0.965646,3
mmlu_pro,qwen3-4b,mmlu_pro_test_04069,1,0.959956,1
mmlu_pro,qwen3-4b,mmlu_pro_test_00045,0,0.944644,2
mmlu_pro,qwen3-4b,mmlu_pro_test_07164,0,0.46925,1
mmlu_pro,qwen3-4b,mmlu_pro_test_09773,1,0.91523,5
mmlu_pro,qwen3-4b,mmlu_pro_test_02203,1,0.712293,2
mmlu_pro,qwen3-4b,mmlu_pro_test_09735,1,0.770339,5
mmlu_pro,qwen3-4b,mmlu_pro_test_03701,1,0.958949,5
mmlu_pro,qwen3-4b,mmlu_pro_test_05405,1,0.939578,3
mmlu_pro,qwen3-4b,mmlu_pro_test_08569,1,0.954762,3
mmlu_pro,qwen3-4b,mmlu_pro_test_03172,1,0.956006,5
mmlu_pro,qwen3-4b,mmlu_pro_test_05757,1,0.808088,3
mmlu_pro,qwen3-4b,mmlu_pro_test_06448,0,0.149744,5
mmlu_pro,qwen3-4b,mmlu_pro_test_07928,1,0.823762,2
mmlu_pro,qwen3-4b,mmlu_pro_test_10412,1,0.835416,2
mmlu_pro,qwen3-4b,mmlu_pro_test_05699,1,0.743164,5
mmlu_pro,qwen3-4b,mmlu_pro_test_02130,1,0.425229,4
mmlu_pro,qwen3-4b,mmlu_pro_test_03197,1,0.798852,3
mmlu_pro,qwen3-4b,mmlu_pro_test_02136,1,0.740205,2
mmlu_pro,qwen3-4b,mmlu_pro_test_02648,1,0.881915,4
mmlu_pro,qwen3-4b,mmlu_pro_test_05842,1,0.851142,2
mmlu_pro,qwen3-4b,mmlu_pro_test_11234,1,0.928356,4
mmlu_pro,qwen3-4b,mmlu_pro_test_08440,1,0.902932,1
mmlu_pro,qwen3-4b,mmlu_pro_test_02528,1,0.820259,5
mmlu_pro,qwen3-4b,mmlu_pro_test_03004,1,0.904711,3
mmlu_pro,qwen3-4b,mmlu_pro_test_07942,1,0.9475,3
mmlu_pro,qwen3-4b,mmlu_pro_test_03933,1,0.944984,1
mmlu_pro,qwen3-4b,mmlu_pro_test_00211,1,0.933886,5
mmlu_pro,qwen3-4b,mmlu_pro_test_10752,1,0.876131,3
mmlu_pro,qwen3-4b,mmlu_pro_test_05534,1,0.878548,3
mmlu_pro,qwen3-4b,mmlu_pro_test_07919,1,0.910511,4
mmlu_pro,qwen3-4b,mmlu_pro_test_01966,0,0.3045,1
mmlu_pro,qwen3-4b,mmlu_pro_test_11143,1,0.974089,3
mmlu_pro,qwen3-4b,mmlu_pro_test_10184,1,0.90989,2
mmlu_pro,qwen3-4b,mmlu_pro_test_05853,0,0.863821,5
mmlu_pro,qwen3-4b,mmlu_pro_test_08140,1,0.941099,5
mmlu_pro,qwen3-4b,mmlu_pro_test_01495,0,0.51482,2
mmlu_pro,qwen3-4b,mmlu_pro_test_00127,1,0.885954,2
mmlu_pro,qwen3-4b,mmlu_pro_test_05823,1,0.933512,4
mmlu_pro,qwen3-4b,mmlu_pro_test_06648,0,0.484589,1
mmlu_pro,qwen3-4b,mmlu_pro_test_02537,0,0.592602,3
mmlu_pro,qwen3-4b,mmlu_pro_test_07044,1,0.958849,1
mmlu_pro,qwen3-4b,mmlu_pro_test_05098,1,0.887792,2
mmlu_pro,qwen3-4b,mmlu_pro_test_04858,1,0.867016,3
mmlu_pro,qwen3-4b,mmlu_pro_test_04473,1,0.918807,5
mmlu_pro,qwen3-4b,mmlu_pro_test_05391,1,0.585676,5
mmlu_pro,qwen3-4b,mmlu_pro_test_08620,1,0.940834,5
mmlu_pro,qwen3-4b,mmlu_pro_test_06792,0,0.371613,1
mmlu_pro,qwen3-4b,mmlu_pro_test_05086,1,0.833307,5
mmlu_pro,qwen3-4b,mmlu_pro_test_08058,1,0.970322,4
mmlu_pro,qwen3-4b,mmlu_pro_test_02357,0,0.630439,1
mmlu_pro,qwen3-4b,mmlu_pro_test_04466,1,0.924387,5
mmlu_pro,qwen3-4b,mmlu_pro_test_09754,1,0.895828,1
mmlu_pro,qwen3-4b,mmlu_pro_test_05867,0,0.64957,4
mmlu_pro,qwen3-4b,mmlu_pro_test_07850,1,0.943496,4
mmlu_pro,qwen3-4b,mmlu_pro_test_02630,1,0.878923,1
mmlu_pro,qwen3-4b,mmlu_pro_test_08607,1,0.946457,4
mmlu_pro,qwen3-4b,mmlu_pro_test_06300,1,0.500425,5
mmlu_pro,qwen3-4b,mmlu_pro_test_07786,1,0.932986,2
mmlu_pro,qwen3-4b,mmlu_pro_test_10202,1,0.922403,1
mmlu_pro,qwen3-4b,mmlu_pro_test_01890,0,0.471356,3
mmlu_pro,qwen3-4b,mmlu_pro_test_05206,0,0.196239,3
mmlu_pro,qwen3-4b,mmlu_pro_test_00914,1,0.419503,1
mmlu_pro,qwen3-4b,mmlu_pro_test_03518,1,0.728334,2
mmlu_pro,qwen3-4b,mmlu_pro_test_07132,1,0.944236,1
mmlu_pro,qwen3-4b,mmlu_pro_test_06601,1,0.725689,1
mmlu_pro,qwen3-4b,mmlu_pro_test_07394,1,0.756647,5
mmlu_pro,qwen3-4b,mmlu_pro_test_10683,0,0.310446,5
mmlu_pro,qwen3-4b,mmlu_pro_test_09182,1,0.872129,5
mmlu_pro,qwen3-4b,mmlu_pro_test_02152,1,0.83458,3
mmlu_pro,qwen3-4b,mmlu_pro_test_07211,1,0.869818,4
mmlu_pro,qwen3-4b,mmlu_pro_test_02080,1,0.924174,3
mmlu_pro,qwen3-4b,mmlu_pro_test_10517,1,0.761409,1
mmlu_pro,qwen3-4b,mmlu_pro_test_06802,0,0.509716,5
mmlu_pro,qwen3-4b,mmlu_pro_test_06404,1,0.950182,3
mmlu_pro,qwen3-4b,mmlu_pro_test_02366,1,0.871945,4
mmlu_pro,qwen3-4b,mmlu_pro_test_02737,1,0.821377,3
mmlu_pro,qwen3-4b,mmlu_pro_test_07567,1,0.946177,1
mmlu_pro,qwen3-4b,mmlu_pro_test_05495,0,0.512398,3
mmlu_pro,qwen3-4b,mmlu_pro_test_02371,1,0.681681,3
mmlu_pro,qwen3-4b,mmlu_pro_test_02003,1,0.061187,3
mmlu_pro,qwen3-4b,mmlu_pro_test_04589,1,0.853744,1
mmlu_pro,qwen3-4b,mmlu_pro_test_01861,1,0.836326,4
mmlu_pro,qwen3-4b,mmlu_pro_test_00991,0,0.647164,1
mmlu_pro,qwen3-4b,mmlu_pro_test_06894,1,0.8776,3
mmlu_pro,qwen3-4b,mmlu_pro_test_10841,0,0.491601,1
mmlu_pro,qwen3-4b,mmlu_pro_test_06000,1,0.826311,1
mmlu_pro,qwen3-4b,mmlu_pro_test_07453,1,0.94499,2
mmlu_pro,qwen3-4b,mmlu_pro_test_06357,1,0.867722,3
mmlu_pro,qwen3-4b,mmlu_pro_test_02333,1,0.837958,1
mmlu_pro,qwen3-4b,mmlu_pro_test_09772,1,0.922905,4
mmlu_pro,qwen3-4b,mmlu_pro_test_02232,0,0.884309,2
mmlu_pro,qwen3-4b,mmlu_pro_test_08057,1,0.960689,4
mmlu_pro,qwen3-4b,mmlu_pro_test_07000,1,0.80943,2
mmlu_pro,qwen3-4b,mmlu_pro_test_03907,1,0.925695,1
mmlu_pro,qwen3-4b,mmlu_pro_test_02107,0,0.217911,5
mmlu_pro,qwen3-4b,mmlu_pro_test_08787,1,0.830839,5
mmlu_pro,qwen3-4b,mmlu_pro_test_07805,1,0.905362,5
mmlu_pro,qwen3-4b,mmlu_pro_test_05034,1,0.156576,2
mmlu_pro,qwen3-4b,mmlu_pro_test_08825,1,0.91872,2
mmlu_pro,qwen3-4b,mmlu_pro_test_02887,1,0.749691,4
mmlu_pro,qwen3-4b,mmlu_pro_test_07283,1,0.870779,4
mmlu_pro,qwen3-4b,mmlu_pro_test_10531,1,0.763658,5
mmlu_pro,qwen3-4b,mmlu_pro_test_02395,1,0.858818,5
mmlu_pro,qwen3-4b,mmlu_pro_test_05937,1,0.796267,3
mmlu_pro,qwen3-4b,mmlu_pro_test_04859,1,0.703954,4
mmlu_pro,qwen3-4b,mmlu_pro_test_08852,1,0.657599,3
mmlu_pro,qwen3-4b,mmlu_pro_test_06011,1,0.906212,1
mmlu_pro,qwen3-4b,mmlu_pro_test_01974,1,0.661552,5
mmlu_pro,qwen3-4b,mmlu_pro_test_01952,1,0.891957,2
mmlu_pro,qwen3-4b,mmlu_pro_test_06332,0,0.650119,4
mmlu_pro,qwen3-4b,mmlu_pro_test_02635,1,0.951208,5
mmlu_pro,qwen3-4b,mmlu_pro_test_00712,1,0.885683,2
mmlu_pro,qwen3-4b,mmlu_pro_test_10743,1,0.686574,3
mmlu_pro,qwen3-4b,mmlu_pro_test_08477,1,0.922959,2
mmlu_pro,qwen3-4b,mmlu_pro_test_02993,1,0.673111,5
mmlu_pro,qwen3-4b,mmlu_pro_test_00670,1,0.955029,4
mmlu_pro,qwen3-4b,mmlu_pro_test_07469,1,0.699846,4
mmlu_pro,qwen3-4b,mmlu_pro_test_10157,0,0.516456,1
mmlu_pro,qwen3-4b,mmlu_pro_test_00055,0,0.458894,2
mmlu_pro,qwen3-4b,mmlu_pro_test_02795,1,0.440269,4
mmlu_pro,qwen3-4b,mmlu_pro_test_06138,0,0.788314,5
mmlu_pro,qwen3-4b,mmlu_pro_test_10870,0,0.142829,4
mmlu_pro,qwen3-4b,mmlu_pro_test_04614,0,0.814923,5
mmlu_pro,qwen3-4b,mmlu_pro_test_05338,1,0.309888,5
mmlu_pro,qwen3-4b,mmlu_pro_test_05627,0,0.333169,5
mmlu_pro,qwen3-4b,mmlu_pro_test_04829,1,0.743142,2
mmlu_pro,qwen3-4b,mmlu_pro_test_11045,0,0.864533,2
mmlu_pro,qwen3-4b,mmlu_pro_test_07607,1,0.683684,5
mmlu_pro,qwen3-4b,mmlu_pro_test_08245,1,0.955144,5
mmlu_pro,qwen3-4b,mmlu_pro_test_03633,1,0.884028,3
mmlu_pro,qwen3-4b,mmlu_pro_test_01057,1,0.405099,5
mmlu_pro,qwen3-4b,mmlu_pro_test_10060,1,0.919553,4
mmlu_pro,qwen3-4b,mmlu_pro_test_00929,0,0.339385,2
mmlu_pro,qwen3-4b,mmlu_pro_test_02272,1,0.838422,1
mmlu_pro,qwen3-4b,mmlu_pro_test_08065,1,0.959479,4
mmlu_pro,qwen3-4b,mmlu_pro_test_07856,1,0.906143,5
mmlu_pro,qwen3-4b,mmlu_pro_test_08178,1,0.953793,5
mmlu_pro,qwen3-4b,mmlu_pro_test_01910,1,0.836728,1
mmlu_pro,qwen3-4b,mmlu_pro_test_07470,1,0.649647,2
mmlu_pro,qwen3-4b,mmlu_pro_test_10867,0,0.39823,3
mmlu_pro,qwen3-4b,mmlu_pro_test_05244,1,0.640926,4
mmlu_pro,qwen3-4b,mmlu_pro_test_06944,0,0.428553,2
mmlu_pro,qwen3-4b,mmlu_pro_test_03299,1,0.938681,2
mmlu_pro,qwen3-4b,mmlu_pro_test_06282,1,0.678348,2
mmlu_pro,qwen3-4b,mmlu_pro_test_07764,1,0.921003,1
mmlu_pro,qwen3-4b,mmlu_pro_test_11014,1,0.580572,2
mmlu_pro,qwen3-4b,mmlu_pro_test_04212,1,0.775276,4
mmlu_pro,qwen3-4b,mmlu_pro_test_03338,1,0.894365,2
mmlu_pro,qwen3-4b,mmlu_pro_test_03154,1,0.960778,2
mmlu_pro,qwen3-4b,mmlu_pro_test_09253,1,0.955138,5
mmlu_pro,qwen3-4b,mmlu_pro_test_03542,1,0.953915,5
mmlu_pro,qwen3-4b,mmlu_pro_test_04277,1,0.941827,5
mmlu_pro,qwen3-4b,mmlu_pro_test_04168,1,0.946282,5
mmlu_pro,qwen3-4b,mmlu_pro_test_06896,1,0.717638,1
mmlu_pro,qwen3-4b,mmlu_pro_test_02667,1,0.892622,2
mmlu_pro,qwen3-4b,mmlu_pro_test_05954,0,0.192389,5
mmlu_pro,qwen3-4b,mmlu_pro_test_01957,0,0.399459,2
mmlu_pro,qwen3-4b,mmlu_pro_test_00723,1,0.931455,1
mmlu_pro,qwen3-4b,mmlu_pro_test_05089,1,0.856229,5
mmlu_pro,qwen3-4b,mmlu_pro_test_05701,0,0.662677,2
mmlu_pro,qwen3-4b,mmlu_pro_test_01840,0,0.658753,3
mmlu_pro,qwen3-4b,mmlu_pro_test_01016,1,0.757747,2
mmlu_pro,qwen3-4b,mmlu_pro_test_10643,1,0.912631,3
mmlu_pro,qwen3-4b,mmlu_pro_test_00847,1,0.860532,3
mmlu_pro,qwen3-4b,mmlu_pro_test_06564,0,0.821396,1
mmlu_pro,qwen3-4b,mmlu_pro_test_00290,0,0.423734,2
mmlu_pro,qwen3-4b,mmlu_pro_test_05652,0,0.127667,5
mmlu_pro,qwen3-4b,mmlu_pro_test_03553,1,0.972629,5
mmlu_pro,qwen3-4b,mmlu_pro_test_07409,0,0.627392,4
mmlu_pro,qwen3-4b,mmlu_pro_test_02082,0,0.376502,2
mmlu_pro,qwen3-4b,mmlu_pro_test_04529,1,0.952687,5
mmlu_pro,qwen3-4b,mmlu_pro_test_00835,0,0.892083,5
mmlu_pro,qwen3-4b,mmlu_pro_test_00148,1,0.869423,4
mmlu_pro,qwen3-4b,mmlu_pro_test_01955,1,0.839948,1
mmlu_pro,qwen3-4b,mmlu_pro_test_07553,1,0.927087,2
mmlu_pro,qwen3-4b,mmlu_pro_test_02680,1,0.903342,5
mmlu_pro,qwen3-4b,mmlu_pro_test_05719,1,0.500906,5
mmlu_pro,qwen3-4b,mmlu_pro_test_05964,1,0.860897,5
mmlu_pro,qwen3-4b,mmlu_pro_test_03334,1,0.925935,3
mmlu_pro,qwen3-4b,mmlu_pro_test_09455,1,0.943997,1
mmlu_pro,qwen3-4b,mmlu_pro_test_07687,1,0.983448,3
mmlu_pro,qwen3-4b,mmlu_pro_test_02685,1,0.843927,5
mmlu_pro,qwen3-4b,mmlu_pro_test_03660,1,0.91671,4
mmlu_pro,qwen3-4b,mmlu_pro_test_00679,1,0.819842,2
mmlu_pro,qwen3-4b,mmlu_pro_test_03095,1,0.908729,4
mmlu_pro,qwen3-4b,mmlu_pro_test_01253,1,0.706554,5
mmlu_pro,qwen3-4b,mmlu_pro_test_04551,0,0.892458,5
mmlu_pro,qwen3-4b,mmlu_pro_test_03358,1,0.889412,5
mmlu_pro,qwen3-4b,mmlu_pro_test_04484,1,0.944925,5
mmlu_pro,qwen3-4b,mmlu_pro_test_06597,1,0.775085,3
mmlu_pro,qwen3-4b,mmlu_pro_test_07171,1,0.874246,2
mmlu_pro,qwen3-4b,mmlu_pro_test_10561,1,0.948091,4
mmlu_pro,qwen3-4b,mmlu_pro_test_10161,1,0.931917,4
mmlu_pro,qwen3-4b,mmlu_pro_test_10710,0,0.093313,1
mmlu_pro,qwen3-4b,mmlu_pro_test_10933,0,0.069434,2
mmlu_pro,qwen3-4b,mmlu_pro_test_02554,1,0.79038,1
mmlu_pro,qwen3-4b,mmlu_pro_test_00063,1,0.573589,2
mmlu_pro,qwen3-4b,mmlu_pro_test_05917,1,0.92904,4
mmlu_pro,qwen3-4b,mmlu_pro_test_04862,1,0.598816,4
mmlu_pro,qwen3-4b,mmlu_pro_test_02974,1,0.786705,5
mmlu_pro,qwen3-4b,mmlu_pro_test_00389,1,0.924784,3
mmlu_pro,qwen3-4b,mmlu_pro_test_08290,1,0.911392,2
mmlu_pro,qwen3-4b,mmlu_pro_test_10405,1,0.933702,4
mmlu_pro,qwen3-4b,mmlu_pro_test_06039,0,0.571303,5
mmlu_pro,qwen3-4b,mmlu_pro_test_03468,1,0.950362,5
mmlu_pro,qwen3-4b,mmlu_pro_test_05836,0,0.901215,4
mmlu_pro,qwen3-4b,mmlu_pro_test_01171,0,0.14919,5
mmlu_pro,qwen3-4b,mmlu_pro_test_03828,1,0.892958,2
mmlu_pro,qwen3-4b,mmlu_pro_test_02519,0,0.499686,3
mmlu_pro,qwen3-4b,mmlu_pro_test_05468,1,0.792899,5
mmlu_pro,qwen3-4b,mmlu_pro_test_02351,0,0.804866,3
mmlu_pro,qwen3-4b,mmlu_pro_test_05903,0,0.370851,4
mmlu_pro,qwen3-4b,mmlu_pro_test_08359,1,0.92167,4
mmlu_pro,qwen3-4b,mmlu_pro_test_07824,1,0.717424,5
mmlu_pro,qwen3-4b,mmlu_pro_test_02611,0,0.345816,3
mmlu_pro,qwen3-4b,mmlu_pro_test_05402,1,0.162845,4
mmlu_pro,qwen3-4b,mmlu_pro_test_10603,1,0.88447,5
mmlu_pro,qwen3-4b,mmlu_pro_test_08635,1,0.970493,3
mmlu_pro,qwen3-4b,mmlu_pro_test_03332,1,0.958652,2
mmlu_pro,qwen3-4b,mmlu_pro_test_02894,1,0.889129,3
mmlu_pro,qwen3-4b,mmlu_pro_test_05078,0,0.025863,3
mmlu_pro,qwen3-4b,mmlu_pro_test_08752,1,0.930969,4
mmlu_pro,qwen3-4b,mmlu_pro_test_06796,1,0.168483,5
mmlu_pro,qwen3-4b,mmlu_pro_test_03599,1,0.920593,3
mmlu_pro,qwen3-4b,mmlu_pro_test_00760,1,0.973665,2
mmlu_pro,qwen3-4b,mmlu_pro_test_04202,1,0.910592,2
mmlu_pro,qwen3-4b,mmlu_pro_test_08495,1,0.965033,2
mmlu_pro,qwen3-4b,mmlu_pro_test_03209,1,0.956367,2
mmlu_pro,qwen3-4b,mmlu_pro_test_00615,1,0.773956,5
mmlu_pro,qwen3-4b,mmlu_pro_test_05705,0,0.821328,4
mmlu_pro,qwen3-4b,mmlu_pro_test_07399,1,0.299154,2
mmlu_pro,qwen3-4b,mmlu_pro_test_06998,1,0.887329,3
mmlu_pro,qwen3-4b,mmlu_pro_test_09958,1,0.869223,3
mmlu_pro,qwen3-4b,mmlu_pro_test_08469,1,0.804457,4
mmlu_pro,qwen3-4b,mmlu_pro_test_01148,1,0.266455,2
mmlu_pro,qwen3-4b,mmlu_pro_test_05569,1,0.932548,2
mmlu_pro,qwen3-4b,mmlu_pro_test_06040,0,0.19277,5
mmlu_pro,qwen3-4b,mmlu_pro_test_07001,0,0.304842,1
mmlu_pro,qwen3-4b,mmlu_pro_test_02051,1,0.60396,2
mmlu_pro,qwen3-4b,mmlu_pro_test_08106,1,0.970005,5
mmlu_pro,qwen3-4b,mmlu_pro_test_09610,1,0.935941,3
mmlu_pro,qwen3-4b,mmlu_pro_test_05537,1,0.818579,4
mmlu_pro,qwen3-4b,mmlu_pro_test_01333,0,0.839455,2
mmlu_pro,qwen3-4b,mmlu_pro_test_03392,1,0.934911,1
mmlu_pro,qwen3-4b,mmlu_pro_test_05891,1,0.776986,2
mmlu_pro,qwen3-4b,mmlu_pro_test_09680,1,0.927839,4
mmlu_pro,qwen3-4b,mmlu_pro_test_07864,1,0.955839,4
mmlu_pro,qwen3-4b,mmlu_pro_test_10359,0,0.158891,3
mmlu_pro,qwen3-4b,mmlu_pro_test_09116,1,0.906172,3
mmlu_pro,qwen3-4b,mmlu_pro_test_03160,1,0.904635,3
mmlu_pro,qwen3-4b,mmlu_pro_test_05953,0,0.221755,1
mmlu_pro,qwen3-4b,mmlu_pro_test_06665,1,0.927814,1
mmlu_pro,qwen3-4b,mmlu_pro_test_00951,0,0.608482,3
mmlu_pro,qwen3-4b,mmlu_pro_test_01147,1,0.741982,5
mmlu_pro,qwen3-4b,mmlu_pro_test_02100,0,0.401357,5
mmlu_pro,qwen3-4b,mmlu_pro_test_03168,1,0.901342,1
mmlu_pro,qwen3-4b,mmlu_pro_test_07754,1,0.663975,5
mmlu_pro,qwen3-4b,mmlu_pro_test_08358,1,0.971857,4
mmlu_pro,qwen3-4b,mmlu_pro_test_03016,1,0.93341,4
mmlu_pro,qwen3-4b,mmlu_pro_test_10309,1,0.959949,5
mmlu_pro,qwen3-4b,mmlu_pro_test_03865,1,0.857879,3
mmlu_pro,qwen3-4b,mmlu_pro_test_02632,1,0.774841,5
mmlu_pro,qwen3-4b,mmlu_pro_test_00249,1,0.943048,5
mmlu_pro,qwen3-4b,mmlu_pro_test_10219,1,0.719399,2
mmlu_pro,qwen3-4b,mmlu_pro_test_06629,0,0.568835,3
mmlu_pro,qwen3-4b,mmlu_pro_test_01963,1,0.833781,3
mmlu_pro,qwen3-4b,mmlu_pro_test_02633,1,0.620622,5
mmlu_pro,qwen3-4b,mmlu_pro_test_02873,1,0.917278,4
trivia_qa,qwen3-4b,trivia_qa_validation_01109,1,0.869492,5
trivia_qa,qwen3-4b,trivia_qa_validation_03794,1,0.54099,5
trivia_qa,qwen3-4b,trivia_qa_validation_17430,1,0.669912,2
trivia_qa,qwen3-4b,trivia_qa_validation_04391,1,0.58913,1
trivia_qa,qwen3-4b,trivia_qa_validation_02655,0,0.048202,3
trivia_qa,qwen3-4b,trivia_qa_validation_00167,0,0.830309,3
trivia_qa,qwen3-4b,trivia_qa_validation_13407,0,0.012307,4
trivia_qa,qwen3-4b,trivia_qa_validation_07784,0,0.03511,4
trivia_qa,qwen3-4b,trivia_qa_validation_02331,0,0.814742,3
trivia_qa,qwen3-4b,trivia_qa_validation_12374,0,0.439735,1
trivia_qa,qwen3-4b,trivia_qa_validation_04621,0,0.688157,4
trivia_qa,qwen3-4b,trivia_qa_validation_08546,0,0.01429,3
trivia_qa,qwen3-4b,trivia_qa_validation_14149,1,0.901231,5
trivia_qa,qwen3-4b,trivia_qa_validation_16107,0,0.021006,2
trivia_qa,qwen3-4b,trivia_qa_validation_15389,0,0.110026,1
trivia_qa,qwen3-4b,trivia_qa_validation_04524,0,0.003866,5
trivia_qa,qwen3-4b,trivia_qa_validation_07587,0,0.014903,5
trivia_qa,qwen3-4b,trivia_qa_validation_17249,1,0.775673,2
trivia_qa,qwen3-4b,trivia_qa_validation_03990,1,0.306943,4
trivia_qa,qwen3-4b,trivia_qa_validation_07948,0,0.729554,4
trivia_qa,qwen3-4b,trivia_qa_validation_03732,1,0.831801,5
trivia_qa,qwen3-4b,trivia_qa_validation_11906,1,0.676725,3
trivia_qa,qwen3-4b,trivia_qa_validation_17663,0,0.449942,2
trivia_qa,qwen3-4b,trivia_qa_validation_14175,0,0.112451,3
trivia_qa,qwen3-4b,trivia_qa_validation_11569,0,0.079769,1
trivia_qa,qwen3-4b,trivia_qa_validation_11279,1,0.875696,4
trivia_qa,qwen3-4b,trivia_qa_validation_07694,1,0.847238,2
trivia_qa,qwen3-4b,trivia_qa_validation_10119,1,0.864222,5
trivia_qa,qwen3-4b,trivia_qa_validation_13020,1,0.878767,1
trivia_qa,qwen3-4b,trivia_qa_validation_07528,0,0.856619,2
trivia_qa,qwen3-4b,trivia_qa_validation_06018,1,0.872044,2
trivia_qa,qwen3-4b,trivia_qa_validation_14924,0,0.048534,4
trivia_qa,qwen3-4b,trivia_qa_validation_07120,1,0.880842,4
trivia_qa,qwen3-4b,trivia_qa_validation_02562,1,0.799635,2
trivia_qa,qwen3-4b,trivia_qa_validation_04299,0,0.354526,1
trivia_qa,qwen3-4b,trivia_qa_validation_11200,0,0.299642,5
trivia_qa,qwen3-4b,trivia_qa_validation_12688,1,0.815699,3
trivia_qa,qwen3-4b,trivia_qa_validation_09855,1,0.841415,1
trivia_qa,qwen3-4b,trivia_qa_validation_05061,1,0.842674,1
trivia_qa,qwen3-4b,trivia_qa_validation_12868,1,0.547258,1
trivia_qa,qwen3-4b,trivia_qa_validation_05181,0,0.014692,4
trivia_qa,qwen3-4b,trivia_qa_validation_11411,0,0.831325,4
trivia_qa,qwen3-4b,trivia_qa_validation_16167,0,0.281968,5
trivia_qa,qwen3-4b,trivia_qa_validation_07276,1,0.834213,1
trivia_qa,qwen3-4b,trivia_qa_validation_06309,1,0.842473,1
trivia_qa,qwen3-4b,trivia_qa_validation_02388,0,0.012663,2
trivia_qa,qwen3-4b,trivia_qa_validation_11514,0,0.024052,3
trivia_qa,qwen3-4b,trivia_qa_validation_17551,1,0.879066,5
trivia_qa,qwen3-4b,trivia_qa_validation_06082,0,0.062252,4
trivia_qa,qwen3-4b,trivia_qa_validation_06331,0,0.011891,3
trivia_qa,qwen3-4b,trivia_qa_validation_01768,1,0.819871,1
trivia_qa,qwen3-4b,trivia_qa_validation_07828,0,0.162368,4
trivia_qa,qwen3-4b,trivia_qa_validation_00707,1,0.724692,2
trivia_qa,qwen3-4b,trivia_qa_validation_10470,0,0.174548,4
trivia_qa,qwen3-4b,trivia_qa_validation_09051,0,0.143967,3
trivia_qa,qwen3-4b,trivia_qa_validation_01134,1,0.826827,5
trivia_qa,qwen3-4b,trivia_qa_validation_07057,0,0.015906,5
trivia_qa,qwen3-4b,trivia_qa_validation_15086,1,0.821808,5
trivia_qa,qwen3-4b,trivia_qa_validation_06856,0,0.022656,2
trivia_qa,qwen3-4b,trivia_qa_validation_00992,1,0.358406,4
trivia_qa,qwen3-4b,trivia_qa_validation_08306,0,0.187432,1
trivia_qa,qwen3-4b,trivia_qa_validation_15787,1,0.885903,2
trivia_qa,qwen3-4b,trivia_qa_validation_08600,1,0.187798,3
trivia_qa,qwen3-4b,trivia_qa_validation_12223,0,0.854325,2
trivia_qa,qwen3-4b,trivia_qa_validation_10288,1,0.570278,3
trivia_qa,qwen3-4b,trivia_qa_validation_04138,1,0.858514,4
trivia_qa,qwen3-4b,trivia_qa_validation_05974,0,0.547009,3
trivia_qa,qwen3-4b,trivia_qa_validation_09595,1,0.818868,4
trivia_qa,qwen3-4b,trivia_qa_validation_14968,1,0.830958,2
trivia_qa,qwen3-4b,trivia_qa_validation_07189,1,0.812578,1
trivia_qa,qwen3-4b,trivia_qa_validation_17148,0,0.687276,2
trivia_qa,qwen3-4b,trivia_qa_validation_08616,1,0.889375,4
trivia_qa,qwen3-4b,trivia_qa_validation_10437,1,0.791993,5
trivia_qa,qwen3-4b,trivia_qa_validation_01348,1,0.789288,5
trivia_qa,qwen3-4b,trivia_qa_validation_05378,0,0.776942,1
trivia_qa,qwen3-4b,trivia_qa_validation_04789,1,0.56837,1
trivia_qa,qwen3-4b,trivia_qa_validation_08505,0,0.21277,4
trivia_qa,qwen3-4b,trivia_qa_validation_14168,0,0.007491,2
trivia_qa,qwen3-4b,trivia_qa_validation_06174,1,0.856319,5
trivia_qa,qwen3-4b,trivia_qa_validation_06963,0,0.243241,1
trivia_qa,qwen3-4b,trivia_qa_validation_03853,1,0.342827,5
trivia_qa,qwen3-4b,trivia_qa_validation_15639,0,0.036401,3
trivia_qa,qwen3-4b,trivia_qa_validation_06651,1,0.013303,2
trivia_qa,qwen3-4b,trivia_qa_validation_13081,0,0.02657,4
trivia_qa,qwen3-4b,trivia_qa_validation_03557,1,0.902881,1
trivia_qa,qwen3-4b,trivia_qa_validation_02866,1,0.82906,3
trivia_qa,qwen3-4b,trivia_qa_validation_01079,0,0.005682,4
trivia_qa,qwen3-4b,trivia_qa_validation_07959,0,0.04863,3
trivia_qa,qwen3-4b,trivia_qa_validation_01227,1,0.82879,5
trivia_qa,qwen3-4b,trivia_qa_validation_09862,0,0.009512,3
trivia_qa,qwen3-4b,trivia_qa_validation_07086,1,0.080827,4
trivia_qa,qwen3-4b,trivia_qa_validation_07099,1,0.828318,3
trivia_qa,qwen3-4b,trivia_qa_validation_03628,0,0.416016,5
trivia_qa,qwen3-4b,trivia_qa_validation_00007,0,0.12843,1
trivia_qa,qwen3-4b,trivia_qa_validation_11597,0,0.094173,1
trivia_qa,qwen3-4b,trivia_qa_validation_17346,1,0.492581,3
trivia_qa,qwen3-4b,trivia_qa_validation_07893,1,0.884935,5
trivia_qa,qwen3-4b,trivia_qa_validation_16320,0,0.219137,2
trivia_qa,qwen3-4b,trivia_qa_validation_07580,0,0.170618,4
trivia_qa,qwen3-4b,trivia_qa_validation_05626,0,0.27629,3
trivia_qa,qwen3-4b,trivia_qa_validation_14109,1,0.845117,1
trivia_qa,qwen3-4b,trivia_qa_validation_13294,0,0.045309,5
trivia_qa,qwen3-4b,trivia_qa_validation_16883,1,0.846481,1
trivia_qa,qwen3-4b,trivia_qa_validation_14588,0,0.024057,5
trivia_qa,qwen3-4b,trivia_qa_validation_00556,0,0.014181,2
trivia_qa,qwen3-4b,trivia_qa_validation_06013,0,0.085065,5
trivia_qa,qwen3-4b,trivia_qa_validation_13577,1,0.747345,3
trivia_qa,qwen3-4b,trivia_qa_validation_17892,1,0.869054,4
trivia_qa,qwen3-4b,trivia_qa_validation_16619,1,0.910043,1
trivia_qa,qwen3-4b,trivia_qa_validation_16346,1,0.815901,4
trivia_qa,qwen3-4b,trivia_qa_validation_17493,0,0.275919,1
trivia_qa,qwen3-4b,trivia_qa_validation_06472,1,0.848899,1
trivia_qa,qwen3-4b,trivia_qa_validation_12409,0,0.158204,2
trivia_qa,qwen3-4b,trivia_qa_validation_13085,1,0.022015,5
trivia_qa,qwen3-4b,trivia_qa_validation_13882,0,0.832678,4
trivia_qa,qwen3-4b,trivia_qa_validation_02030,0,0.320713,1
trivia_qa,qwen3-4b,trivia_qa_validation_02558,0,0.040544,4
trivia_qa,qwen3-4b,trivia_qa_validation_09754,1,0.877525,1
trivia_qa,qwen3-4b,trivia_qa_validation_05365,0,0.008868,4
trivia_qa,qwen3-4b,trivia_qa_validation_03930,0,0.088758,4
trivia_qa,qwen3-4b,trivia_qa_validation_17373,0,0.012473,2
trivia_qa,qwen3-4b,trivia_qa_validation_00354,0,0.386219,3
trivia_qa,qwen3-4b,trivia_qa_validation_14823,1,0.804674,2
trivia_qa,qwen3-4b,trivia_qa_validation_11064,0,0.092412,2
trivia_qa,qwen3-4b,trivia_qa_validation_14595,1,0.77268,3
trivia_qa,qwen3-4b,trivia_qa_validation_00743,1,0.287219,1
trivia_qa,qwen3-4b,trivia_qa_validation_02892,1,0.860659,1
trivia_qa,qwen3-4b,trivia_qa_validation_17899,1,0.836858,4
trivia_qa,qwen3-4b,trivia_qa_validation_10125,1,0.851635,4
trivia_qa,qwen3-4b,trivia_qa_validation_11686,1,0.79624,1
trivia_qa,qwen3-4b,trivia_qa_validation_16317,1,0.902223,4
trivia_qa,qwen3-4b,trivia_qa_validation_12332,0,0.582187,1
trivia_qa,qwen3-4b,trivia_qa_validation_03235,0,0.350954,4
trivia_qa,qwen3-4b,trivia_qa_validation_15146,1,0.830981,5
trivia_qa,qwen3-4b,trivia_qa_validation_07402,1,0.78265,5
trivia_qa,qwen3-4b,trivia_qa_validation_01772,1,0.83458,4
trivia_qa,qwen3-4b,trivia_qa_validation_04069,1,0.735548,2
trivia_qa,qwen3-4b,trivia_qa_validation_11524,0,0.004971,4
trivia_qa,qwen3-4b,trivia_qa_validation_17778,0,0.881771,5
trivia_qa,qwen3-4b,trivia_qa_validation_04834,1,0.861354,5
trivia_qa,qwen3-4b,trivia_qa_validation_03380,1,0.863832,1
trivia_qa,qwen3-4b,trivia_qa_validation_13761,1,0.812889,4
trivia_qa,qwen3-4b,trivia_qa_validation_07059,0,0.005331,4
trivia_qa,qwen3-4b,trivia_qa_validation_00437,1,0.62268,3
trivia_qa,qwen3-4b,trivia_qa_validation_04003,0,0.032184,3
trivia_qa,qwen3-4b,trivia_qa_validation_02667,0,0.443907,1
trivia_qa,qwen3-4b,trivia_qa_validation_04104,1,0.431152,5
trivia_qa,qwen3-4b,trivia_qa_validation_16915,0,0.059931,1
trivia_qa,qwen3-4b,trivia_qa_validation_10323,0,0.783025,2
trivia_qa,qwen3-4b,trivia_qa_validation_12112,0,0.881266,4
trivia_qa,qwen3-4b,trivia_qa_validation_17283,1,0.512475,1
trivia_qa,qwen3-4b,trivia_qa_validation_02696,1,0.448516,2
trivia_qa,qwen3-4b,trivia_qa_validation_01826,0,0.161912,2
trivia_qa,qwen3-4b,trivia_qa_validation_10310,0,0.007072,5
trivia_qa,qwen3-4b,trivia_qa_validation_02645,0,0.02125,2
trivia_qa,qwen3-4b,trivia_qa_validation_11547,1,0.816611,2
trivia_qa,qwen3-4b,trivia_qa_validation_15114,0,0.519326,4
trivia_qa,qwen3-4b,trivia_qa_validation_14340,0,0.67028,3
trivia_qa,qwen3-4b,trivia_qa_validation_00285,0,0.005304,1
trivia_qa,qwen3-4b,trivia_qa_validation_14573,1,0.831278,5
trivia_qa,qwen3-4b,trivia_qa_validation_07158,0,0.857594,1
trivia_qa,qwen3-4b,trivia_qa_validation_07315,1,0.832393,3
trivia_qa,qwen3-4b,trivia_qa_validation_07320,1,0.821522,2
trivia_qa,qwen3-4b,trivia_qa_validation_13922,1,0.421469,4
trivia_qa,qwen3-4b,trivia_qa_validation_11533,1,0.847324,1
trivia_qa,qwen3-4b,trivia_qa_validation_09351,0,0.494868,4
trivia_qa,qwen3-4b,trivia_qa_validation_14521,1,0.816172,1
trivia_qa,qwen3-4b,trivia_qa_validation_05091,1,0.758583,3
trivia_qa,qwen3-4b,trivia_qa_validation_14753,1,0.654195,5
trivia_qa,qwen3-4b,trivia_qa_validation_02624,0,0.022716,2
trivia_qa,qwen3-4b,trivia_qa_validation_01668,1,0.864576,5
trivia_qa,qwen3-4b,trivia_qa_validation_01359,1,0.144569,4
trivia_qa,qwen3-4b,trivia_qa_validation_04596,1,0.442134,1
trivia_qa,qwen3-4b,trivia_qa_validation_17637,1,0.870174,2
trivia_qa,qwen3-4b,trivia_qa_validation_17819,1,0.844899,1
trivia_qa,qwen3-4b,trivia_qa_validation_07547,0,0.024411,2
trivia_qa,qwen3-4b,trivia_qa_validation_08170,1,0.85784,1
trivia_qa,qwen3-4b,trivia_qa_validation_06812,0,0.015512,1
trivia_qa,qwen3-4b,trivia_qa_validation_08506,0,0.056175,5
trivia_qa,qwen3-4b,trivia_qa_validation_11081,1,0.331575,1
trivia_qa,qwen3-4b,trivia_qa_validation_12656,1,0.85758,2
trivia_qa,qwen3-4b,trivia_qa_validation_07327,1,0.453083,3
trivia_qa,qwen3-4b,trivia_qa_validation_17516,0,0.009947,4
trivia_qa,qwen3-4b,trivia_qa_validation_07022,1,0.844085,1
trivia_qa,qwen3-4b,trivia_qa_validation_04357,1,0.865478,1
trivia_qa,qwen3-4b,trivia_qa_validation_14731,0,0.193976,1
trivia_qa,qwen3-4b,trivia_qa_validation_10475,0,0.075458,2
trivia_qa,qwen3-4b,trivia_qa_validation_17744,1,0.219658,4
trivia_qa,qwen3-4b,trivia_qa_validation_01812,1,0.884441,5
trivia_qa,qwen3-4b,trivia_qa_validation_16058,1,0.721521,5
trivia_qa,qwen3-4b,trivia_qa_validation_02111,0,0.011531,3
trivia_qa,qwen3-4b,trivia_qa_validation_00115,0,0.018966,4
trivia_qa,qwen3-4b,trivia_qa_validation_12647,1,0.848437,4
trivia_qa,qwen3-4b,trivia_qa_validation_05643,1,0.444407,2
trivia_qa,qwen3-4b,trivia_qa_validation_16766,1,0.832071,5
trivia_qa,qwen3-4b,trivia_qa_validation_14883,0,0.086666,5
trivia_qa,qwen3-4b,trivia_qa_validation_08242,0,0.036224,1
trivia_qa,qwen3-4b,trivia_qa_validation_13284,0,0.800372,5
trivia_qa,qwen3-4b,trivia_qa_validation_16699,0,0.032262,2
trivia_qa,qwen3-4b,trivia_qa_validation_09986,0,0.485177,3
trivia_qa,qwen3-4b,trivia_qa_validation_01836,1,0.800529,4
trivia_qa,qwen3-4b,trivia_qa_validation_07897,0,0.040404,4
trivia_qa,qwen3-4b,trivia_qa_validation_00593,1,0.77318,2
trivia_qa,qwen3-4b,trivia_qa_validation_02317,1,0.91294,3
trivia_qa,qwen3-4b,trivia_qa_validation_10344,0,0.054412,3
trivia_qa,qwen3-4b,trivia_qa_validation_03416,1,0.756741,3
trivia_qa,qwen3-4b,trivia_qa_validation_16755,0,0.746075,3
trivia_qa,qwen3-4b,trivia_qa_validation_00178,0,0.283419,2
trivia_qa,qwen3-4b,trivia_qa_validation_16919,1,0.782508,2
trivia_qa,qwen3-4b,trivia_qa_validation_03355,0,0.018837,2
trivia_qa,qwen3-4b,trivia_qa_validation_05462,0,0.00621,3
trivia_qa,qwen3-4b,trivia_qa_validation_05589,1,0.204513,5
trivia_qa,qwen3-4b,trivia_qa_validation_05583,0,0.410149,5
trivia_qa,qwen3-4b,trivia_qa_validation_12465,1,0.860416,1
trivia_qa,qwen3-4b,trivia_qa_validation_03861,0,0.011099,3
trivia_qa,qwen3-4b,trivia_qa_validation_15751,1,0.402192,1
trivia_qa,qwen3-4b,trivia_qa_validation_15744,0,0.789744,2
trivia_qa,qwen3-4b,trivia_qa_validation_01891,1,0.040094,4
trivia_qa,qwen3-4b,trivia_qa_validation_15454,0,0.061036,5
trivia_qa,qwen3-4b,trivia_qa_validation_13058,0,0.035431,2
trivia_qa,qwen3-4b,trivia_qa_validation_13834,0,0.389894,1
trivia_qa,qwen3-4b,trivia_qa_validation_10481,0,0.031848,3
trivia_qa,qwen3-4b,trivia_qa_validation_04100,1,0.85549,4
trivia_qa,qwen3-4b,trivia_qa_validation_13536,1,0.777023,5
trivia_qa,qwen3-4b,trivia_qa_validation_04424,1,0.835302,4
trivia_qa,qwen3-4b,trivia_qa_validation_12939,0,0.018664,2
trivia_qa,qwen3-4b,trivia_qa_validation_07416,1,0.836251,1
trivia_qa,qwen3-4b,trivia_qa_validation_02273,0,0.167232,3
trivia_qa,qwen3-4b,trivia_qa_validation_09192,0,0.079207,3
trivia_qa,qwen3-4b,trivia_qa_validation_14424,1,0.836219,5
trivia_qa,qwen3-4b,trivia_qa_validation_04291,0,0.024361,5
trivia_qa,qwen3-4b,trivia_qa_validation_16467,0,0.081018,1
trivia_qa,qwen3-4b,trivia_qa_validation_00715,0,0.186503,4
trivia_qa,qwen3-4b,trivia_qa_validation_00283,1,0.907603,2
trivia_qa,qwen3-4b,trivia_qa_validation_02416,0,0.012094,2
trivia_qa,qwen3-4b,trivia_qa_validation_00270,1,0.870604,4
trivia_qa,qwen3-4b,trivia_qa_validation_12272,0,0.786445,3
trivia_qa,qwen3-4b,trivia_qa_validation_10201,0,0.066432,1
trivia_qa,qwen3-4b,trivia_qa_validation_08707,0,0.419647,5
trivia_qa,qwen3-4b,trivia_qa_validation_10204,0,0.776532,3
trivia_qa,qwen3-4b,trivia_qa_validation_04236,0,0.05342,4
trivia_qa,qwen3-4b,trivia_qa_validation_00545,0,0.775362,4
trivia_qa,qwen3-4b,trivia_qa_validation_13981,1,0.875926,1
trivia_qa,qwen3-4b,trivia_qa_validation_06747,0,0.867357,5
trivia_qa,qwen3-4b,trivia_qa_validation_09686,1,0.101847,1
trivia_qa,qwen3-4b,trivia_qa_validation_11251,1,0.815752,2
trivia_qa,qwen3-4b,trivia_qa_validation_15865,1,0.875249,1
trivia_qa,qwen3-4b,trivia_qa_validation_12733,1,0.808008,3
trivia_qa,qwen3-4b,trivia_qa_validation_16908,0,0.101395,1
trivia_qa,qwen3-4b,trivia_qa_validation_09434,0,0.272971,3
trivia_qa,qwen3-4b,trivia_qa_validation_04837,1,0.777062,3
trivia_qa,qwen3-4b,trivia_qa_validation_15515,1,0.773146,4
trivia_qa,qwen3-4b,trivia_qa_validation_16047,0,0.547068,2
trivia_qa,qwen3-4b,trivia_qa_validation_04863,1,0.867232,1
trivia_qa,qwen3-4b,trivia_qa_validation_14642,0,0.006606,3
trivia_qa,qwen3-4b,trivia_qa_validation_16744,1,0.776687,2
trivia_qa,qwen3-4b,trivia_qa_validation_01288,1,0.566912,4
trivia_qa,qwen3-4b,trivia_qa_validation_15941,1,0.87003,3
trivia_qa,qwen3-4b,trivia_qa_validation_14754,0,0.126481,3
trivia_qa,qwen3-4b,trivia_qa_validation_06632,1,0.893635,1
trivia_qa,qwen3-4b,trivia_qa_validation_09573,1,0.644733,4
trivia_qa,qwen3-4b,trivia_qa_validation_02737,1,0.550893,4
trivia_qa,qwen3-4b,trivia_qa_validation_00636,1,0.800982,1
trivia_qa,qwen3-4b,trivia_qa_validation_02472,0,0.380104,4
trivia_qa,qwen3-4b,trivia_qa_validation_08712,1,0.823598,1
trivia_qa,qwen3-4b,trivia_qa_validation_04202,1,0.395612,5
trivia_qa,qwen3-4b,trivia_qa_validation_12330,1,0.537381,2
trivia_qa,qwen3-4b,trivia_qa_validation_17220,0,0.151946,4
trivia_qa,qwen3-4b,trivia_qa_validation_06955,0,0.016985,4
trivia_qa,qwen3-4b,trivia_qa_validation_15566,0,0.076581,1
trivia_qa,qwen3-4b,trivia_qa_validation_10936,1,0.821136,3
trivia_qa,qwen3-4b,trivia_qa_validation_02186,0,0.002325,4
trivia_qa,qwen3-4b,trivia_qa_validation_10355,0,0.356202,3
trivia_qa,qwen3-4b,trivia_qa_validation_06069,1,0.511486,5
trivia_qa,qwen3-4b,trivia_qa_validation_04587,1,0.839505,2
trivia_qa,qwen3-4b,trivia_qa_validation_11038,1,0.741534,2
trivia_qa,qwen3-4b,trivia_qa_validation_00722,1,0.865785,5
trivia_qa,qwen3-4b,trivia_qa_validation_10575,0,0.167382,2
trivia_qa,qwen3-4b,trivia_qa_validation_14394,1,0.827665,2
trivia_qa,qwen3-4b,trivia_qa_validation_14904,1,0.852456,4
trivia_qa,qwen3-4b,trivia_qa_validation_17874,1,0.757254,4
trivia_qa,qwen3-4b,trivia_qa_validation_04795,0,0.045893,4
trivia_qa,qwen3-4b,trivia_qa_validation_10105,0,0.171978,1
trivia_qa,qwen3-4b,trivia_qa_validation_05520,0,0.280166,2
trivia_qa,qwen3-4b,trivia_qa_validation_03711,0,0.444878,5
trivia_qa,qwen3-4b,trivia_qa_validation_11604,0,0.013627,1
trivia_qa,qwen3-4b,trivia_qa_validation_13932,1,0.087868,2
trivia_qa,qwen3-4b,trivia_qa_validation_04772,0,0.69023,2
trivia_qa,qwen3-4b,trivia_qa_validation_12312,1,0.521399,2
trivia_qa,qwen3-4b,trivia_qa_validation_00143,0,0.475883,4
trivia_qa,qwen3-4b,trivia_qa_validation_05430,1,0.68316,5
trivia_qa,qwen3-4b,trivia_qa_validation_07902,0,0.048748,3
trivia_qa,qwen3-4b,trivia_qa_validation_02704,0,0.291201,2
trivia_qa,qwen3-4b,trivia_qa_validation_03370,1,0.870935,2
trivia_qa,qwen3-4b,trivia_qa_validation_09132,0,0.092951,2
trivia_qa,qwen3-4b,trivia_qa_validation_10486,1,0.808058,5
trivia_qa,qwen3-4b,trivia_qa_validation_05398,0,0.373872,4
trivia_qa,qwen3-4b,trivia_qa_validation_14741,1,0.156561,5
trivia_qa,qwen3-4b,trivia_qa_validation_00484,1,0.502269,2
trivia_qa,qwen3-4b,trivia_qa_validation_02728,0,0.741105,2
trivia_qa,qwen3-4b,trivia_qa_validation_06667,0,0.570626,4
trivia_qa,qwen3-4b,trivia_qa_validation_02265,0,0.68301,5
trivia_qa,qwen3-4b,trivia_qa_validation_00148,1,0.843721,3
trivia_qa,qwen3-4b,trivia_qa_validation_14527,0,0.157488,1
trivia_qa,qwen3-4b,trivia_qa_validation_04829,1,0.629252,2
trivia_qa,qwen3-4b,trivia_qa_validation_14601,0,0.107447,2
trivia_qa,qwen3-4b,trivia_qa_validation_07232,0,0.466507,4
trivia_qa,qwen3-4b,trivia_qa_validation_03932,0,0.033736,3
trivia_qa,qwen3-4b,trivia_qa_validation_05092,0,0.818037,5
trivia_qa,qwen3-4b,trivia_qa_validation_07151,1,0.816033,3
trivia_qa,qwen3-4b,trivia_qa_validation_04086,1,0.164513,2
trivia_qa,qwen3-4b,trivia_qa_validation_15597,0,0.343722,5
trivia_qa,qwen3-4b,trivia_qa_validation_04148,1,0.051425,5
trivia_qa,qwen3-4b,trivia_qa_validation_02766,1,0.253189,2
trivia_qa,qwen3-4b,trivia_qa_validation_07242,1,0.089901,5
trivia_qa,qwen3-4b,trivia_qa_validation_00160,0,0.638653,1
trivia_qa,qwen3-4b,trivia_qa_validation_08757,1,0.828469,3
trivia_qa,qwen3-4b,trivia_qa_validation_15944,1,0.856113,1
trivia_qa,qwen3-4b,trivia_qa_validation_03325,1,0.377628,3
trivia_qa,qwen3-4b,trivia_qa_validation_03466,0,0.926776,5
trivia_qa,qwen3-4b,trivia_qa_validation_04152,0,0.838061,3
trivia_qa,qwen3-4b,trivia_qa_validation_08334,0,0.012589,1
trivia_qa,qwen3-4b,trivia_qa_validation_02300,1,0.78167,3
trivia_qa,qwen3-4b,trivia_qa_validation_08500,0,0.012598,1
trivia_qa,qwen3-4b,trivia_qa_validation_12394,1,0.569079,1
trivia_qa,qwen3-4b,trivia_qa_validation_03713,1,0.367276,5
trivia_qa,qwen3-4b,trivia_qa_validation_11027,0,0.15358,2
trivia_qa,qwen3-4b,trivia_qa_validation_08979,0,0.054274,5
trivia_qa,qwen3-4b,trivia_qa_validation_06209,1,0.592969,4
trivia_qa,qwen3-4b,trivia_qa_validation_16056,0,0.809193,1
trivia_qa,qwen3-4b,trivia_qa_validation_09720,1,0.818134,5
trivia_qa,qwen3-4b,trivia_qa_validation_16784,1,0.783194,2
trivia_qa,qwen3-4b,trivia_qa_validation_03661,0,0.186344,3
trivia_qa,qwen3-4b,trivia_qa_validation_17758,1,0.813903,3
trivia_qa,qwen3-4b,trivia_qa_validation_11813,0,0.012623,2
trivia_qa,qwen3-4b,trivia_qa_validation_11982,1,0.844259,3
trivia_qa,qwen3-4b,trivia_qa_validation_13147,1,0.895513,5
trivia_qa,qwen3-4b,trivia_qa_validation_03883,1,0.863524,4
trivia_qa,qwen3-4b,trivia_qa_validation_00710,1,0.848617,3
trivia_qa,qwen3-4b,trivia_qa_validation_01443,1,0.608874,4
trivia_qa,qwen3-4b,trivia_qa_validation_02550,1,0.878049,5
trivia_qa,qwen3-4b,trivia_qa_validation_00348,0,0.108107,1
trivia_qa,qwen3-4b,trivia_qa_validation_05540,1,0.861372,5
trivia_qa,qwen3-4b,trivia_qa_validation_17936,0,0.218416,4
trivia_qa,qwen3-4b,trivia_qa_validation_04756,1,0.864838,4
trivia_qa,qwen3-4b,trivia_qa_validation_01754,1,0.662137,1
trivia_qa,qwen3-4b,trivia_qa_validation_00420,1,0.667409,2
trivia_qa,qwen3-4b,trivia_qa_validation_01711,1,0.85081,5
trivia_qa,qwen3-4b,trivia_qa_validation_13181,0,0.390874,3
trivia_qa,qwen3-4b,trivia_qa_validation_15521,1,0.80327,3
trivia_qa,qwen3-4b,trivia_qa_validation_11277,0,0.418427,1
trivia_qa,qwen3-4b,trivia_qa_validation_03142,1,0.851942,3
trivia_qa,qwen3-4b,trivia_qa_validation_04364,1,0.859202,5
trivia_qa,qwen3-4b,trivia_qa_validation_03140,1,0.885687,1
trivia_qa,qwen3-4b,trivia_qa_validation_06689,0,0.387405,4
trivia_qa,qwen3-4b,trivia_qa_validation_15502,1,0.796168,2
trivia_qa,qwen3-4b,trivia_qa_validation_14235,1,0.777543,3
trivia_qa,qwen3-4b,trivia_qa_validation_00418,0,0.021631,5
trivia_qa,qwen3-4b,trivia_qa_validation_14036,0,0.649471,5
trivia_qa,qwen3-4b,trivia_qa_validation_12824,0,0.379111,3
trivia_qa,qwen3-4b,trivia_qa_validation_00649,0,0.688466,3
trivia_qa,qwen3-4b,trivia_qa_validation_08477,0,0.023215,5
trivia_qa,qwen3-4b,trivia_qa_validation_05433,0,0.073141,5
trivia_qa,qwen3-4b,trivia_qa_validation_15011,0,0.826077,1
trivia_qa,qwen3-4b,trivia_qa_validation_02765,0,0.357039,1
trivia_qa,qwen3-4b,trivia_qa_validation_11178,0,0.099498,3
trivia_qa,qwen3-4b,trivia_qa_validation_08194,1,0.66804,4
trivia_qa,qwen3-4b,trivia_qa_validation_13169,1,0.68011,1
trivia_qa,qwen3-4b,trivia_qa_validation_12626,0,0.017522,2
trivia_qa,qwen3-4b,trivia_qa_validation_09431,0,0.002808,4
trivia_qa,qwen3-4b,trivia_qa_validation_00109,0,0.793869,5
trivia_qa,qwen3-4b,trivia_qa_validation_08678,1,0.861571,4
trivia_qa,qwen3-4b,trivia_qa_validation_06127,1,0.878815,5
trivia_qa,qwen3-4b,trivia_qa_validation_13219,0,0.036963,2
trivia_qa,qwen3-4b,trivia_qa_validation_04599,0,0.864177,5
trivia_qa,qwen3-4b,trivia_qa_validation_01994,0,0.009304,3
trivia_qa,qwen3-4b,trivia_qa_validation_12224,1,0.61356,2
trivia_qa,qwen3-4b,trivia_qa_validation_15179,0,0.01798,1
trivia_qa,qwen3-4b,trivia_qa_validation_07641,0,0.052568,1
trivia_qa,qwen3-4b,trivia_qa_validation_02282,1,0.846636,2
trivia_qa,qwen3-4b,trivia_qa_validation_04513,1,0.83426,2
trivia_qa,qwen3-4b,trivia_qa_validation_01366,0,0.244343,5
trivia_qa,qwen3-4b,trivia_qa_validation_07458,0,0.471258,1
trivia_qa,qwen3-4b,trivia_qa_validation_01883,1,0.855402,3
trivia_qa,qwen3-4b,trivia_qa_validation_14255,1,0.879745,1
trivia_qa,qwen3-4b,trivia_qa_validation_00591,0,0.810036,1
trivia_qa,qwen3-4b,trivia_qa_validation_10818,1,0.707793,3
trivia_qa,qwen3-4b,trivia_qa_validation_13177,1,0.881566,2
trivia_qa,qwen3-4b,trivia_qa_validation_08933,0,0.034664,1
trivia_qa,qwen3-4b,trivia_qa_validation_16046,1,0.842683,1
trivia_qa,qwen3-4b,trivia_qa_validation_11077,0,0.112873,1
trivia_qa,qwen3-4b,trivia_qa_validation_16190,0,0.145331,4
trivia_qa,qwen3-4b,trivia_qa_validation_16727,1,0.622822,1
trivia_qa,qwen3-4b,trivia_qa_validation_14999,0,0.19718,4
trivia_qa,qwen3-4b,trivia_qa_validation_01906,0,0.421839,5
trivia_qa,qwen3-4b,trivia_qa_validation_14350,1,0.888033,4
trivia_qa,qwen3-4b,trivia_qa_validation_13361,1,0.803734,2
trivia_qa,qwen3-4b,trivia_qa_validation_08206,0,0.196726,3
trivia_qa,qwen3-4b,trivia_qa_validation_06733,1,0.021477,5
trivia_qa,qwen3-4b,trivia_qa_validation_10955,1,0.859273,4
trivia_qa,qwen3-4b,trivia_qa_validation_03780,1,0.8363,3
trivia_qa,qwen3-4b,trivia_qa_validation_03600,1,0.850967,5
trivia_qa,qwen3-4b,trivia_qa_validation_13199,1,0.851134,5
trivia_qa,qwen3-4b,trivia_qa_validation_00375,1,0.785134,3
trivia_qa,qwen3-4b,trivia_qa_validation_03752,1,0.80491,3
trivia_qa,qwen3-4b,trivia_qa_validation_10641,0,0.804995,5
trivia_qa,qwen3-4b,trivia_qa_validation_06744,1,0.818417,1
trivia_qa,qwen3-4b,trivia_qa_validation_01081,1,0.813707,3
trivia_qa,qwen3-4b,trivia_qa_validation_10157,0,0.172795,2
trivia_qa,qwen3-4b,trivia_qa_validation_03172,1,0.799273,2
trivia_qa,qwen3-4b,trivia_qa_validation_17673,1,0.861592,3
trivia_qa,qwen3-4b,trivia_qa_validation_14895,0,0.175293,4
trivia_qa,qwen3-4b,trivia_qa_validation_00064,1,0.664748,2
trivia_qa,qwen3-4b,trivia_qa_validation_00787,1,0.867102,1
trivia_qa,qwen3-4b,trivia_qa_validation_08496,0,0.870944,4
trivia_qa,qwen3-4b,trivia_qa_validation_06234,0,0.249674,1
trivia_qa,qwen3-4b,trivia_qa_validation_00277,1,0.566181,2
trivia_qa,qwen3-4b,trivia_qa_validation_04031,0,0.605125,1
trivia_qa,qwen3-4b,trivia_qa_validation_04619,1,0.467455,5
trivia_qa,qwen3-4b,trivia_qa_validation_09944,0,0.864143,5
trivia_qa,qwen3-4b,trivia_qa_validation_10365,1,0.794571,1
trivia_qa,qwen3-4b,trivia_qa_validation_04211,1,0.829624,3
trivia_qa,qwen3-4b,trivia_qa_validation_01224,1,0.763767,2
trivia_qa,qwen3-4b,trivia_qa_validation_00412,0,0.479191,4
trivia_qa,qwen3-4b,trivia_qa_validation_08936,0,0.284349,2
trivia_qa,qwen3-4b,trivia_qa_validation_12470,1,0.684266,4
trivia_qa,qwen3-4b,trivia_qa_validation_13149,0,0.248006,3
trivia_qa,qwen3-4b,trivia_qa_validation_12901,0,0.623359,3
trivia_qa,qwen3-4b,trivia_qa_validation_00716,1,0.894239,2
trivia_qa,qwen3-4b,trivia_qa_validation_00608,0,0.252758,5
trivia_qa,qwen3-4b,trivia_qa_validation_13701,1,0.863188,2
trivia_qa,qwen3-4b,trivia_qa_validation_08925,0,0.022433,1
trivia_qa,qwen3-4b,trivia_qa_validation_04562,1,0.651039,4
trivia_qa,qwen3-4b,trivia_qa_validation_09516,1,0.747683,4
trivia_qa,qwen3-4b,trivia_qa_validation_02833,1,0.796407,3
trivia_qa,qwen3-4b,trivia_qa_validation_00073,0,0.062643,3
trivia_qa,qwen3-4b,trivia_qa_validation_02820,0,0.010248,5
trivia_qa,qwen3-4b,trivia_qa_validation_07941,1,0.809304,2
trivia_qa,qwen3-4b,trivia_qa_validation_00450,0,0.051692,1
trivia_qa,qwen3-4b,trivia_qa_validation_12257,1,0.003875,4
trivia_qa,qwen3-4b,trivia_qa_validation_11885,0,0.031274,4
trivia_qa,qwen3-4b,trivia_qa_validation_09049,0,0.138327,2
trivia_qa,qwen3-4b,trivia_qa_validation_15912,0,0.430213,3
trivia_qa,qwen3-4b,trivia_qa_validation_05976,0,0.369112,3
trivia_qa,qwen3-4b,trivia_qa_validation_12227,1,0.830908,1
trivia_qa,qwen3-4b,trivia_qa_validation_07174,0,0.438345,2
trivia_qa,qwen3-4b,trivia_qa_validation_15395,1,0.643609,1
trivia_qa,qwen3-4b,trivia_qa_validation_12988,1,0.813923,1
trivia_qa,qwen3-4b,trivia_qa_validation_02995,1,0.862643,2
trivia_qa,qwen3-4b,trivia_qa_validation_00899,0,0.012957,3
trivia_qa,qwen3-4b,trivia_qa_validation_09891,1,0.870047,2
trivia_qa,qwen3-4b,trivia_qa_validation_17099,0,0.009484,4
trivia_qa,qwen3-4b,trivia_qa_validation_16828,1,0.119274,3
trivia_qa,qwen3-4b,trivia_qa_validation_00780,1,0.818088,3
trivia_qa,qwen3-4b,trivia_qa_validation_10939,1,0.790442,3
trivia_qa,qwen3-4b,trivia_qa_validation_00686,1,0.80196,1
trivia_qa,qwen3-4b,trivia_qa_validation_11066,1,0.844963,3
trivia_qa,qwen3-4b,trivia_qa_validation_12757,0,0.854907,3
trivia_qa,qwen3-4b,trivia_qa_validation_12617,1,0.190344,4
trivia_qa,qwen3-4b,trivia_qa_validation_10158,0,0.310728,2
trivia_qa,qwen3-4b,trivia_qa_validation_10368,0,0.006736,5
trivia_qa,qwen3-4b,trivia_qa_validation_13479,1,0.68955,3
trivia_qa,qwen3-4b,trivia_qa_validation_09320,1,0.741224,4
trivia_qa,qwen3-4b,trivia_qa_validation_14646,1,0.335115,4
trivia_qa,qwen3-4b,trivia_qa_validation_01563,1,0.816902,4
trivia_qa,qwen3-4b,trivia_qa_validation_15635,0,0.167117,1
trivia_qa,qwen3-4b,trivia_qa_validation_07741,0,0.247627,5
trivia_qa,qwen3-4b,trivia_qa_validation_16493,0,0.072748,4
trivia_qa,qwen3-4b,trivia_qa_validation_11201,0,0.17319,1
trivia_qa,qwen3-4b,trivia_qa_validation_10438,1,0.842722,5
trivia_qa,qwen3-4b,trivia_qa_validation_05441,1,0.814753,2
trivia_qa,qwen3-4b,trivia_qa_validation_07101,1,0.816322,2
trivia_qa,qwen3-4b,trivia_qa_validation_01851,0,0.499899,5
trivia_qa,qwen3-4b,trivia_qa_validation_09161,0,0.10424,1
trivia_qa,qwen3-4b,trivia_qa_validation_10402,0,0.133605,4
trivia_qa,qwen3-4b,trivia_qa_validation_08645,1,0.795896,4
trivia_qa,qwen3-4b,trivia_qa_validation_12847,0,0.847746,5
trivia_qa,qwen3-4b,trivia_qa_validation_11922,0,0.292359,5
trivia_qa,qwen3-4b,trivia_qa_validation_08999,0,0.004523,5
trivia_qa,qwen3-4b,trivia_qa_validation_03131,0,0.148969,1
trivia_qa,qwen3-4b,trivia_qa_validation_09993,1,0.549829,5
trivia_qa,qwen3-4b,trivia_qa_validation_07344,1,0.82209,3
trivia_qa,qwen3-4b,trivia_qa_validation_08688,0,0.193511,4
trivia_qa,qwen3-4b,trivia_qa_validation_15804,1,0.826855,3
trivia_qa,qwen3-4b,trivia_qa_validation_17889,1,0.880382,1
trivia_qa,qwen3-4b,trivia_qa_validation_06663,0,0.003801,1
trivia_qa,qwen3-4b,trivia_qa_validation_03344,1,0.903706,5
trivia_qa,qwen3-4b,trivia_qa_validation_10198,0,0.020723,5
trivia_qa,qwen3-4b,trivia_qa_validation_06826,1,0.823352,3
trivia_qa,qwen3-4b,trivia_qa_validation_03353,0,0.143767,2
trivia_qa,qwen3-4b,trivia_qa_validation_14067,1,0.650163,2
trivia_qa,qwen3-4b,trivia_qa_validation_10370,0,0.052405,4
trivia_qa,qwen3-4b,trivia_qa_validation_14262,1,0.880889,5
trivia_qa,qwen3-4b,trivia_qa_validation_14825,1,0.908625,5
trivia_qa,qwen3-4b,trivia_qa_validation_05264,0,0.092724,5
trivia_qa,qwen3-4b,trivia_qa_validation_02283,1,0.845025,5
trivia_qa,qwen3-4b,trivia_qa_validation_15256,1,0.836012,5
trivia_qa,qwen3-4b,trivia_qa_validation_06451,1,0.802152,5
trivia_qa,qwen3-4b,trivia_qa_validation_10680,1,0.854308,4
trivia_qa,qwen3-4b,trivia_qa_validation_04779,1,0.811496,3
trivia_qa,qwen3-4b,trivia_qa_validation_06577,0,0.022259,2
trivia_qa,qwen3-4b,trivia_qa_validation_14376,0,0.017233,3
trivia_qa,qwen3-4b,trivia_qa_validation_03459,1,0.844512,4
trivia_qa,qwen3-4b,trivia_qa_validation_05100,0,0.029044,5
trivia_qa,qwen3-4b,trivia_qa_validation_04197,0,0.096272,4
trivia_qa,qwen3-4b,trivia_qa_validation_02484,1,0.87949,2
trivia_qa,qwen3-4b,trivia_qa_validation_00400,0,0.389386,4
trivia_qa,qwen3-4b,trivia_qa_validation_15338,0,0.086582,5
trivia_qa,qwen3-4b,trivia_qa_validation_08919,0,0.125426,3
trivia_qa,qwen3-4b,trivia_qa_validation_03947,0,0.192985,5
trivia_qa,qwen3-4b,trivia_qa_validation_08119,0,0.33365,5
trivia_qa,qwen3-4b,trivia_qa_validation_04464,0,0.832931,4
trivia_qa,qwen3-4b,trivia_qa_validation_09553,1,0.30008,2
trivia_qa,qwen3-4b,trivia_qa_validation_14537,0,0.054701,1
trivia_qa,qwen3-4b,trivia_qa_validation_14480,0,0.005403,2
trivia_qa,qwen3-4b,trivia_qa_validation_14210,0,0.891877,1
trivia_qa,qwen3-4b,trivia_qa_validation_14435,1,0.577529,4
trivia_qa,qwen3-4b,trivia_qa_validation_06231,0,0.012756,5
trivia_qa,qwen3-4b,trivia_qa_validation_01155,1,0.735848,5
trivia_qa,qwen3-4b,trivia_qa_validation_05645,0,0.005218,5
trivia_qa,qwen3-4b,trivia_qa_validation_12517,1,0.853462,4
trivia_qa,qwen3-4b,trivia_qa_validation_00610,0,0.309361,2
trivia_qa,qwen3-4b,trivia_qa_validation_00452,1,0.903133,5
trivia_qa,qwen3-4b,trivia_qa_validation_07470,0,0.55673,2
trivia_qa,qwen3-4b,trivia_qa_validation_16340,0,0.045516,1
trivia_qa,qwen3-4b,trivia_qa_validation_12679,0,0.085757,4
trivia_qa,qwen3-4b,trivia_qa_validation_12764,0,0.006451,5
trivia_qa,qwen3-4b,trivia_qa_validation_04640,1,0.720442,4
trivia_qa,qwen3-4b,trivia_qa_validation_02844,1,0.839459,3
trivia_qa,qwen3-4b,trivia_qa_validation_09230,1,0.837897,4
trivia_qa,qwen3-4b,trivia_qa_validation_06552,0,0.012311,1
trivia_qa,qwen3-4b,trivia_qa_validation_06454,0,0.29715,5
trivia_qa,qwen3-4b,trivia_qa_validation_02183,0,0.006885,5
trivia_qa,qwen3-4b,trivia_qa_validation_14637,1,0.876614,2
trivia_qa,qwen3-4b,trivia_qa_validation_14365,0,0.525024,5
trivia_qa,qwen3-4b,trivia_qa_validation_05184,1,0.770449,2
trivia_qa,qwen3-4b,trivia_qa_validation_03696,1,0.807429,3
trivia_qa,qwen3-4b,trivia_qa_validation_09642,1,0.898997,3
trivia_qa,qwen3-4b,trivia_qa_validation_15552,0,0.022842,3
trivia_qa,qwen3-4b,trivia_qa_validation_17529,0,0.763314,4
trivia_qa,qwen3-4b,trivia_qa_validation_11432,1,0.840449,3
trivia_qa,qwen3-4b,trivia_qa_validation_00088,1,0.762427,2
trivia_qa,qwen3-4b,trivia_qa_validation_05568,0,0.494745,3
trivia_qa,qwen3-4b,trivia_qa_validation_05297,0,0.464928,3
trivia_qa,qwen3-4b,trivia_qa_validation_05647,0,0.101284,1
trivia_qa,qwen3-4b,trivia_qa_validation_04428,0,0.581761,2
trivia_qa,qwen3-4b,trivia_qa_validation_15982,1,0.827578,2
trivia_qa,qwen3-4b,trivia_qa_validation_01628,1,0.757793,3
trivia_qa,qwen3-4b,trivia_qa_validation_06553,0,0.491453,5
trivia_qa,qwen3-4b,trivia_qa_validation_16893,0,0.058458,5
trivia_qa,qwen3-4b,trivia_qa_validation_12938,0,0.025778,4
trivia_qa,qwen3-4b,trivia_qa_validation_12748,1,0.662518,5
trivia_qa,qwen3-4b,trivia_qa_validation_04674,0,0.794141,5
trivia_qa,qwen3-4b,trivia_qa_validation_00758,0,0.751316,4
trivia_qa,qwen3-4b,trivia_qa_validation_06687,1,0.872565,4
trivia_qa,qwen3-4b,trivia_qa_validation_17653,1,0.845378,2
trivia_qa,qwen3-4b,trivia_qa_validation_00839,1,0.862766,5
trivia_qa,qwen3-4b,trivia_qa_validation_15618,1,0.831951,2
trivia_qa,qwen3-4b,trivia_qa_validation_17514,1,0.844253,4
trivia_qa,qwen3-4b,trivia_qa_validation_09712,0,0.007778,2
trivia_qa,qwen3-4b,trivia_qa_validation_06599,0,0.065057,2
trivia_qa,qwen3-4b,trivia_qa_validation_13957,1,0.848379,4
trivia_qa,qwen3-4b,trivia_qa_validation_09104,0,0.038215,3
trivia_qa,qwen3-4b,trivia_qa_validation_15841,1,0.189874,2
trivia_qa,qwen3-4b,trivia_qa_validation_12985,0,0.604165,4
trivia_qa,qwen3-4b,trivia_qa_validation_16562,1,0.848082,4
trivia_qa,qwen3-4b,trivia_qa_validation_12540,0,0.045462,1
trivia_qa,qwen3-4b,trivia_qa_validation_17711,1,0.8633,1
trivia_qa,qwen3-4b,trivia_qa_validation_02769,1,0.851817,5
trivia_qa,qwen3-4b,trivia_qa_validation_03117,0,0.294732,2
trivia_qa,qwen3-4b,trivia_qa_validation_06956,0,0.057808,1
trivia_qa,qwen3-4b,trivia_qa_validation_10036,0,0.496697,4
trivia_qa,qwen3-4b,trivia_qa_validation_17234,1,0.835871,1
trivia_qa,qwen3-4b,trivia_qa_validation_17834,0,0.020894,5
trivia_qa,qwen3-4b,trivia_qa_validation_11451,0,0.040929,5
trivia_qa,qwen3-4b,trivia_qa_validation_07698,0,0.004825,4
trivia_qa,qwen3-4b,trivia_qa_validation_06495,0,0.61028,2
trivia_qa,qwen3-4b,trivia_qa_validation_02834,1,0.817172,4
trivia_qa,qwen3-4b,trivia_qa_validation_13215,1,0.828606,1
trivia_qa,qwen3-4b,trivia_qa_validation_09253,0,0.189384,2
trivia_qa,qwen3-4b,trivia_qa_validation_03995,1,0.596692,3
trivia_qa,qwen3-4b,trivia_qa_validation_06321,0,0.087448,4
trivia_qa,qwen3-4b,trivia_qa_validation_09116,0,0.033142,4
trivia_qa,qwen3-4b,trivia_qa_validation_00264,1,0.60805,3
trivia_qa,qwen3-4b,trivia_qa_validation_07058,0,0.419008,3
trivia_qa,qwen3-4b,trivia_qa_validation_05423,1,0.868991,2
trivia_qa,qwen3-4b,trivia_qa_validation_08007,0,0.372499,1
trivia_qa,qwen3-4b,trivia_qa_validation_17843,1,0.603989,1
trivia_qa,qwen3-4b,trivia_qa_validation_12090,0,0.059731,2
trivia_qa,qwen3-4b,trivia_qa_validation_00957,1,0.800618,1
trivia_qa,qwen3-4b,trivia_qa_validation_05479,0,0.045309,2
trivia_qa,qwen3-4b,trivia_qa_validation_09597,1,0.11547,1
trivia_qa,qwen3-4b,trivia_qa_validation_08330,0,0.050025,3
trivia_qa,qwen3-4b,trivia_qa_validation_14621,0,0.007544,3
trivia_qa,qwen3-4b,trivia_qa_validation_11057,0,0.193965,1
trivia_qa,qwen3-4b,trivia_qa_validation_04630,0,0.019061,4
trivia_qa,qwen3-4b,trivia_qa_validation_12501,1,0.766516,2
trivia_qa,qwen3-4b,trivia_qa_validation_17026,0,0.433555,2
trivia_qa,qwen3-4b,trivia_qa_validation_00046,0,0.523901,4
trivia_qa,qwen3-4b,trivia_qa_validation_04598,1,0.290229,2
trivia_qa,qwen3-4b,trivia_qa_validation_09123,1,0.551164,5
trivia_qa,qwen3-4b,trivia_qa_validation_14269,0,0.03236,2
trivia_qa,qwen3-4b,trivia_qa_validation_16115,0,0.088968,2
trivia_qa,qwen3-4b,trivia_qa_validation_11593,0,0.065866,2
trivia_qa,qwen3-4b,trivia_qa_validation_06890,0,0.169022,1
trivia_qa,qwen3-4b,trivia_qa_validation_16436,0,0.324351,1
trivia_qa,qwen3-4b,trivia_qa_validation_12299,1,0.823341,5
trivia_qa,qwen3-4b,trivia_qa_validation_07338,0,0.333252,3
trivia_qa,qwen3-4b,trivia_qa_validation_17206,0,0.846897,4
trivia_qa,qwen3-4b,trivia_qa_validation_00045,0,0.19701,4
trivia_qa,qwen3-4b,trivia_qa_validation_01317,0,0.012379,2
trivia_qa,qwen3-4b,trivia_qa_validation_16223,1,0.876651,3
trivia_qa,qwen3-4b,trivia_qa_validation_01824,0,0.071588,5
trivia_qa,qwen3-4b,trivia_qa_validation_15704,1,0.628516,2
trivia_qa,qwen3-4b,trivia_qa_validation_04047,0,0.723534,2
trivia_qa,qwen3-4b,trivia_qa_validation_11337,1,0.586209,1
trivia_qa,qwen3-4b,trivia_qa_validation_03987,1,0.814173,3
trivia_qa,qwen3-4b,trivia_qa_validation_07019,1,0.869441,4
trivia_qa,qwen3-4b,trivia_qa_validation_02002,0,0.023435,2
trivia_qa,qwen3-4b,trivia_qa_validation_08224,0,0.799392,1
trivia_qa,qwen3-4b,trivia_qa_validation_13481,1,0.844542,4
trivia_qa,qwen3-4b,trivia_qa_validation_14229,1,0.832498,2
trivia_qa,qwen3-4b,trivia_qa_validation_13625,0,0.805923,3
trivia_qa,qwen3-4b,trivia_qa_validation_03119,0,0.20077,5
trivia_qa,qwen3-4b,trivia_qa_validation_09634,0,0.504368,1
trivia_qa,qwen3-4b,trivia_qa_validation_08915,0,0.039743,1
trivia_qa,qwen3-4b,trivia_qa_validation_10964,1,0.80447,1
trivia_qa,qwen3-4b,trivia_qa_validation_07420,0,0.509096,4
trivia_qa,qwen3-4b,trivia_qa_validation_13542,0,0.320192,3
trivia_qa,qwen3-4b,trivia_qa_validation_11676,1,0.428037,5
trivia_qa,qwen3-4b,trivia_qa_validation_17159,0,0.054575,2
trivia_qa,qwen3-4b,trivia_qa_validation_09638,1,0.861785,3
trivia_qa,qwen3-4b,trivia_qa_validation_07495,1,0.870845,4
trivia_qa,qwen3-4b,trivia_qa_validation_09764,1,0.822199,3
trivia_qa,qwen3-4b,trivia_qa_validation_05874,0,0.284663,3
trivia_qa,qwen3-4b,trivia_qa_validation_11236,0,0.530829,3
trivia_qa,qwen3-4b,trivia_qa_validation_01707,1,0.894178,5
trivia_qa,qwen3-4b,trivia_qa_validation_03326,1,0.800884,1
trivia_qa,qwen3-4b,trivia_qa_validation_02825,1,0.837412,3
trivia_qa,qwen3-4b,trivia_qa_validation_06898,1,0.851506,5
trivia_qa,qwen3-4b,trivia_qa_validation_00574,0,0.051194,5
trivia_qa,qwen3-4b,trivia_qa_validation_08073,0,0.030384,5
trivia_qa,qwen3-4b,trivia_qa_validation_09262,0,0.007837,2
trivia_qa,qwen3-4b,trivia_qa_validation_05567,1,0.839251,2
trivia_qa,qwen3-4b,trivia_qa_validation_03670,1,0.787666,3
trivia_qa,qwen3-4b,trivia_qa_validation_15779,1,0.456469,5
trivia_qa,qwen3-4b,trivia_qa_validation_06876,1,0.791686,3
trivia_qa,qwen3-4b,trivia_qa_validation_13180,1,0.450758,2
trivia_qa,qwen3-4b,trivia_qa_validation_00954,1,0.742049,2
trivia_qa,qwen3-4b,trivia_qa_validation_04642,1,0.803306,4
trivia_qa,qwen3-4b,trivia_qa_validation_11008,0,0.344686,2
trivia_qa,qwen3-4b,trivia_qa_validation_11755,0,0.030449,4
trivia_qa,qwen3-4b,trivia_qa_validation_08976,0,0.018967,2
trivia_qa,qwen3-4b,trivia_qa_validation_05359,1,0.841735,3
trivia_qa,qwen3-4b,trivia_qa_validation_12222,0,0.473721,1
trivia_qa,qwen3-4b,trivia_qa_validation_02413,1,0.836508,1
trivia_qa,qwen3-4b,trivia_qa_validation_00559,1,0.854442,1
trivia_qa,qwen3-4b,trivia_qa_validation_11322,0,0.048925,2
trivia_qa,qwen3-4b,trivia_qa_validation_12263,0,0.015811,2
trivia_qa,qwen3-4b,trivia_qa_validation_11180,1,0.794986,1
trivia_qa,qwen3-4b,trivia_qa_validation_14609,0,0.20321,5
trivia_qa,qwen3-4b,trivia_qa_validation_16983,1,0.575493,3
trivia_qa,qwen3-4b,trivia_qa_validation_03035,0,0.326131,1
trivia_qa,qwen3-4b,trivia_qa_validation_10195,1,0.766426,4
trivia_qa,qwen3-4b,trivia_qa_validation_04029,1,0.81917,3
trivia_qa,qwen3-4b,trivia_qa_validation_04916,1,0.818624,5
trivia_qa,qwen3-4b,trivia_qa_validation_04652,1,0.832892,1
trivia_qa,qwen3-4b,trivia_qa_validation_03007,0,0.126579,5
trivia_qa,qwen3-4b,trivia_qa_validation_00968,1,0.890998,4
trivia_qa,qwen3-4b,trivia_qa_validation_06380,1,0.737751,3
trivia_qa,qwen3-4b,trivia_qa_validation_13769,1,0.840802,3
trivia_qa,qwen3-4b,trivia_qa_validation_07125,1,0.870267,4
trivia_qa,qwen3-4b,trivia_qa_validation_00810,0,0.186174,4
trivia_qa,qwen3-4b,trivia_qa_validation_04212,1,0.516735,2
trivia_qa,qwen3-4b,trivia_qa_validation_02642,1,0.877262,5
trivia_qa,qwen3-4b,trivia_qa_validation_12833,1,0.886919,2
trivia_qa,qwen3-4b,trivia_qa_validation_00192,0,0.008991,1
trivia_qa,qwen3-4b,trivia_qa_validation_16982,0,0.131141,1
trivia_qa,qwen3-4b,trivia_qa_validation_14641,0,0.120846,4
trivia_qa,qwen3-4b,trivia_qa_validation_08669,0,0.341762,5
trivia_qa,qwen3-4b,trivia_qa_validation_06037,0,0.043695,5
trivia_qa,qwen3-4b,trivia_qa_validation_15439,0,0.456681,4
trivia_qa,qwen3-4b,trivia_qa_validation_08560,0,0.170714,1
trivia_qa,qwen3-4b,trivia_qa_validation_14118,1,0.818368,1
trivia_qa,qwen3-4b,trivia_qa_validation_06569,1,0.767587,2
trivia_qa,qwen3-4b,trivia_qa_validation_13554,0,0.060151,5
trivia_qa,qwen3-4b,trivia_qa_validation_13115,1,0.541014,2
trivia_qa,qwen3-4b,trivia_qa_validation_11304,1,0.862547,5
trivia_qa,qwen3-4b,trivia_qa_validation_05519,0,0.349584,3
trivia_qa,qwen3-4b,trivia_qa_validation_03282,1,0.841449,1
trivia_qa,qwen3-4b,trivia_qa_validation_08727,0,0.004104,4
trivia_qa,qwen3-4b,trivia_qa_validation_16377,0,0.033601,3
trivia_qa,qwen3-4b,trivia_qa_validation_07969,0,0.570934,1
trivia_qa,qwen3-4b,trivia_qa_validation_06289,1,0.77502,4
trivia_qa,qwen3-4b,trivia_qa_validation_15611,0,0.244877,3
trivia_qa,qwen3-4b,trivia_qa_validation_07166,1,0.809948,5
trivia_qa,qwen3-4b,trivia_qa_validation_14389,0,0.644861,5
trivia_qa,qwen3-4b,trivia_qa_validation_05321,1,0.823548,1
trivia_qa,qwen3-4b,trivia_qa_validation_17007,1,0.884083,4
trivia_qa,qwen3-4b,trivia_qa_validation_04632,0,0.366468,5
trivia_qa,qwen3-4b,trivia_qa_validation_05991,1,0.780461,1
trivia_qa,qwen3-4b,trivia_qa_validation_00184,0,0.341776,1
trivia_qa,qwen3-4b,trivia_qa_validation_09763,1,0.659619,2
trivia_qa,qwen3-4b,trivia_qa_validation_09518,0,0.019467,3
trivia_qa,qwen3-4b,trivia_qa_validation_16639,0,0.848284,4
trivia_qa,qwen3-4b,trivia_qa_validation_09224,0,0.036291,4
trivia_qa,qwen3-4b,trivia_qa_validation_17608,0,0.236173,1
trivia_qa,qwen3-4b,trivia_qa_validation_15429,0,0.094654,1
trivia_qa,qwen3-4b,trivia_qa_validation_05586,1,0.880495,1
trivia_qa,qwen3-4b,trivia_qa_validation_10691,0,0.807065,3
trivia_qa,qwen3-4b,trivia_qa_validation_15504,1,0.521685,5
trivia_qa,qwen3-4b,trivia_qa_validation_12758,1,0.87744,5
trivia_qa,qwen3-4b,trivia_qa_validation_12705,0,0.253365,4
trivia_qa,qwen3-4b,trivia_qa_validation_03447,0,0.763704,4
trivia_qa,qwen3-4b,trivia_qa_validation_10307,0,0.7682,5
trivia_qa,qwen3-4b,trivia_qa_validation_16861,1,0.274673,3
trivia_qa,qwen3-4b,trivia_qa_validation_04311,0,0.049523,3
trivia_qa,qwen3-4b,trivia_qa_validation_01872,0,0.004011,1
trivia_qa,qwen3-4b,trivia_qa_validation_15578,1,0.863019,4
trivia_qa,qwen3-4b,trivia_qa_validation_12207,1,0.806237,5
trivia_qa,qwen3-4b,trivia_qa_validation_11540,1,0.877351,4
trivia_qa,qwen3-4b,trivia_qa_validation_14213,1,0.541493,3
trivia_qa,qwen3-4b,trivia_qa_validation_02288,0,0.816832,2
trivia_qa,qwen3-4b,trivia_qa_validation_02457,0,0.125805,5
trivia_qa,qwen3-4b,trivia_qa_validation_02449,1,0.735467,3
trivia_qa,qwen3-4b,trivia_qa_validation_10312,1,0.825529,3
trivia_qa,qwen3-4b,trivia_qa_validation_07733,0,0.032935,1
trivia_qa,qwen3-4b,trivia_qa_validation_13133,0,0.074958,3
trivia_qa,qwen3-4b,trivia_qa_validation_13478,1,0.845583,4
trivia_qa,qwen3-4b,trivia_qa_validation_12205,1,0.006758,5
trivia_qa,qwen3-4b,trivia_qa_validation_04417,1,0.827774,3
trivia_qa,qwen3-4b,trivia_qa_validation_04688,1,0.903658,5
trivia_qa,qwen3-4b,trivia_qa_validation_00576,0,0.39271,3
trivia_qa,qwen3-4b,trivia_qa_validation_01269,1,0.893788,5
trivia_qa,qwen3-4b,trivia_qa_validation_12288,0,0.70286,2
trivia_qa,qwen3-4b,trivia_qa_validation_12614,1,0.853708,4
trivia_qa,qwen3-4b,trivia_qa_validation_06335,1,0.265538,4
trivia_qa,qwen3-4b,trivia_qa_validation_09625,1,0.580086,3
trivia_qa,qwen3-4b,trivia_qa_validation_06659,0,0.32039,5
trivia_qa,qwen3-4b,trivia_qa_validation_06410,0,0.640592,5
trivia_qa,qwen3-4b,trivia_qa_validation_08319,1,0.495691,3
trivia_qa,qwen3-4b,trivia_qa_validation_13636,1,0.810061,2
trivia_qa,qwen3-4b,trivia_qa_validation_07588,1,0.731454,1
trivia_qa,qwen3-4b,trivia_qa_validation_00382,0,0.531253,1
trivia_qa,qwen3-4b,trivia_qa_validation_06409,1,0.892767,3
trivia_qa,qwen3-4b,trivia_qa_validation_08139,0,0.462964,2
trivia_qa,qwen3-4b,trivia_qa_validation_16555,1,0.839803,3
trivia_qa,qwen3-4b,trivia_qa_validation_08816,1,0.700948,4
trivia_qa,qwen3-4b,trivia_qa_validation_01660,1,0.129585,3
trivia_qa,qwen3-4b,trivia_qa_validation_06551,0,0.180485,2
trivia_qa,qwen3-4b,trivia_qa_validation_11168,0,0.033085,3
trivia_qa,qwen3-4b,trivia_qa_validation_08325,0,0.035906,3
trivia_qa,qwen3-4b,trivia_qa_validation_11958,0,0.01397,5
trivia_qa,qwen3-4b,trivia_qa_validation_02824,1,0.84903,2
trivia_qa,qwen3-4b,trivia_qa_validation_08656,1,0.067067,1
trivia_qa,qwen3-4b,trivia_qa_validation_10866,1,0.84802,1
trivia_qa,qwen3-4b,trivia_qa_validation_05539,0,0.44897,2
trivia_qa,qwen3-4b,trivia_qa_validation_09236,0,0.302031,3
trivia_qa,qwen3-4b,trivia_qa_validation_10550,0,0.337167,3
trivia_qa,qwen3-4b,trivia_qa_validation_14475,1,0.88294,5
trivia_qa,qwen3-4b,trivia_qa_validation_03911,0,0.263132,3
trivia_qa,qwen3-4b,trivia_qa_validation_01244,1,0.422224,1
trivia_qa,qwen3-4b,trivia_qa_validation_09996,1,0.020356,1
trivia_qa,qwen3-4b,trivia_qa_validation_07510,0,0.76766,5
trivia_qa,qwen3-4b,trivia_qa_validation_11128,0,0.158954,1
trivia_qa,qwen3-4b,trivia_qa_validation_05526,0,0.840881,2
trivia_qa,qwen3-4b,trivia_qa_validation_16310,1,0.830798,3
trivia_qa,qwen3-4b,trivia_qa_validation_17912,0,0.624374,4
trivia_qa,qwen3-4b,trivia_qa_validation_03045,1,0.880397,1
trivia_qa,qwen3-4b,trivia_qa_validation_01048,0,0.036272,3
trivia_qa,qwen3-4b,trivia_qa_validation_16448,0,0.04779,2
trivia_qa,qwen3-4b,trivia_qa_validation_03998,1,0.832747,3
trivia_qa,qwen3-4b,trivia_qa_validation_08162,0,0.02962,2
trivia_qa,qwen3-4b,trivia_qa_validation_01957,0,0.220699,5
trivia_qa,qwen3-4b,trivia_qa_validation_06827,0,0.05513,1
trivia_qa,qwen3-4b,trivia_qa_validation_11844,1,0.523059,5
trivia_qa,qwen3-4b,trivia_qa_validation_09774,1,0.81451,2
trivia_qa,qwen3-4b,trivia_qa_validation_14858,1,0.563125,4
trivia_qa,qwen3-4b,trivia_qa_validation_09881,1,0.884745,5
trivia_qa,qwen3-4b,trivia_qa_validation_01887,0,0.210556,3
trivia_qa,qwen3-4b,trivia_qa_validation_03596,1,0.738299,1
trivia_qa,qwen3-4b,trivia_qa_validation_17095,1,0.143504,4
trivia_qa,qwen3-4b,trivia_qa_validation_04736,1,0.867132,3
trivia_qa,qwen3-4b,trivia_qa_validation_06297,1,0.849357,3
trivia_qa,qwen3-4b,trivia_qa_validation_01243,0,0.033444,1
trivia_qa,qwen3-4b,trivia_qa_validation_03237,0,0.282624,4
trivia_qa,qwen3-4b,trivia_qa_validation_13654,0,0.470474,3
trivia_qa,qwen3-4b,trivia_qa_validation_08293,0,0.860611,1
trivia_qa,qwen3-4b,trivia_qa_validation_03167,1,0.850493,1
trivia_qa,qwen3-4b,trivia_qa_validation_07979,0,0.05641,3
trivia_qa,qwen3-4b,trivia_qa_validation_05256,0,0.497264,3
trivia_qa,qwen3-4b,trivia_qa_validation_16478,0,0.745787,5
trivia_qa,qwen3-4b,trivia_qa_validation_06008,0,0.031369,4
trivia_qa,qwen3-4b,trivia_qa_validation_01757,0,0.034036,2
trivia_qa,qwen3-4b,trivia_qa_validation_00254,0,0.861503,1
trivia_qa,qwen3-4b,trivia_qa_validation_09503,1,0.66967,4
trivia_qa,qwen3-4b,trivia_qa_validation_08256,0,0.068225,5
trivia_qa,qwen3-4b,trivia_qa_validation_00165,0,0.833458,5
trivia_qa,qwen3-4b,trivia_qa_validation_14833,1,0.803603,1
trivia_qa,qwen3-4b,trivia_qa_validation_15305,0,0.013913,1
trivia_qa,qwen3-4b,trivia_qa_validation_11739,1,0.669096,5
trivia_qa,qwen3-4b,trivia_qa_validation_14837,0,0.020546,1
trivia_qa,qwen3-4b,trivia_qa_validation_13216,1,0.88753,4
trivia_qa,qwen3-4b,trivia_qa_validation_06785,0,0.742282,4
trivia_qa,qwen3-4b,trivia_qa_validation_10282,0,0.01268,2
trivia_qa,qwen3-4b,trivia_qa_validation_05089,1,0.395662,2
trivia_qa,qwen3-4b,trivia_qa_validation_06908,0,0.417413,1
trivia_qa,qwen3-4b,trivia_qa_validation_15553,0,0.280279,4
trivia_qa,qwen3-4b,trivia_qa_validation_07316,0,0.182027,3
trivia_qa,qwen3-4b,trivia_qa_validation_09916,0,0.538338,2
trivia_qa,qwen3-4b,trivia_qa_validation_12738,0,0.452305,2
trivia_qa,qwen3-4b,trivia_qa_validation_03099,0,0.198627,1
trivia_qa,qwen3-4b,trivia_qa_validation_15150,1,0.408003,4
trivia_qa,qwen3-4b,trivia_qa_validation_10944,1,0.605433,5
trivia_qa,qwen3-4b,trivia_qa_validation_00552,0,0.221597,5
trivia_qa,qwen3-4b,trivia_qa_validation_02570,1,0.845102,2
trivia_qa,qwen3-4b,trivia_qa_validation_07163,1,0.68538,4
trivia_qa,qwen3-4b,trivia_qa_validation_00416,0,0.022645,2
trivia_qa,qwen3-4b,trivia_qa_validation_06215,1,0.824012,5
trivia_qa,qwen3-4b,trivia_qa_validation_11403,1,0.681276,4
trivia_qa,qwen3-4b,trivia_qa_validation_01583,0,0.180877,2
trivia_qa,qwen3-4b,trivia_qa_validation_07236,1,0.825314,3
trivia_qa,qwen3-4b,trivia_qa_validation_02418,0,0.017284,5
trivia_qa,qwen3-4b,trivia_qa_validation_02307,1,0.848945,1
trivia_qa,qwen3-4b,trivia_qa_validation_17862,1,0.869237,5
trivia_qa,qwen3-4b,trivia_qa_validation_03564,0,0.052494,2
trivia_qa,qwen3-4b,trivia_qa_validation_14532,0,0.013549,4
trivia_qa,qwen3-4b,trivia_qa_validation_15759,1,0.500077,1
trivia_qa,qwen3-4b,trivia_qa_validation_03231,0,0.635726,2
trivia_qa,qwen3-4b,trivia_qa_validation_08321,0,0.45514,5
trivia_qa,qwen3-4b,trivia_qa_validation_11548,0,0.013301,3
trivia_qa,qwen3-4b,trivia_qa_validation_05774,1,0.858591,2
trivia_qa,qwen3-4b,trivia_qa_validation_08244,1,0.79175,3
trivia_qa,qwen3-4b,trivia_qa_validation_05419,1,0.82457,5
trivia_qa,qwen3-4b,trivia_qa_validation_14522,1,0.810633,3
trivia_qa,qwen3-4b,trivia_qa_validation_12553,1,0.778893,2
trivia_qa,qwen3-4b,trivia_qa_validation_08926,1,0.8324,1
trivia_qa,qwen3-4b,trivia_qa_validation_15063,0,0.319304,3
trivia_qa,qwen3-4b,trivia_qa_validation_14942,0,0.220348,4
trivia_qa,qwen3-4b,trivia_qa_validation_09813,1,0.848665,1
trivia_qa,qwen3-4b,trivia_qa_validation_06729,1,0.850389,4
trivia_qa,qwen3-4b,trivia_qa_validation_04822,0,0.706185,4
trivia_qa,qwen3-4b,trivia_qa_validation_02890,1,0.829986,3
trivia_qa,qwen3-4b,trivia_qa_validation_13779,1,0.811612,3
trivia_qa,qwen3-4b,trivia_qa_validation_08187,0,0.033754,1
trivia_qa,qwen3-4b,trivia_qa_validation_14359,1,0.866994,1
trivia_qa,qwen3-4b,trivia_qa_validation_01700,0,0.025199,1
trivia_qa,qwen3-4b,trivia_qa_validation_15638,0,0.019923,5
trivia_qa,qwen3-4b,trivia_qa_validation_03362,0,0.061396,3
trivia_qa,qwen3-4b,trivia_qa_validation_04721,0,0.402399,2
trivia_qa,qwen3-4b,trivia_qa_validation_03303,0,0.292135,2
trivia_qa,qwen3-4b,trivia_qa_validation_16241,1,0.8596,4
trivia_qa,qwen3-4b,trivia_qa_validation_17918,0,0.35353,5
trivia_qa,qwen3-4b,trivia_qa_validation_15357,1,0.746191,2
trivia_qa,qwen3-4b,trivia_qa_validation_05019,0,0.883095,5
trivia_qa,qwen3-4b,trivia_qa_validation_06211,0,0.438402,3
trivia_qa,qwen3-4b,trivia_qa_validation_06435,0,0.031255,2
trivia_qa,qwen3-4b,trivia_qa_validation_11926,1,0.803579,4
trivia_qa,qwen3-4b,trivia_qa_validation_03640,1,0.770778,3
trivia_qa,qwen3-4b,trivia_qa_validation_03927,1,0.892159,5
trivia_qa,qwen3-4b,trivia_qa_validation_14928,0,0.609932,4
trivia_qa,qwen3-4b,trivia_qa_validation_12834,1,0.525671,4
trivia_qa,qwen3-4b,trivia_qa_validation_09497,1,0.839651,5
trivia_qa,qwen3-4b,trivia_qa_validation_02033,1,0.849915,4
trivia_qa,qwen3-4b,trivia_qa_validation_03233,0,0.210664,5
trivia_qa,qwen3-4b,trivia_qa_validation_10014,0,0.53145,4
trivia_qa,qwen3-4b,trivia_qa_validation_15187,0,0.544148,3
trivia_qa,qwen3-4b,trivia_qa_validation_05066,1,0.862737,3
trivia_qa,qwen3-4b,trivia_qa_validation_12559,1,0.890727,4
trivia_qa,qwen3-4b,trivia_qa_validation_06603,0,0.383554,1
trivia_qa,qwen3-4b,trivia_qa_validation_08453,1,0.847611,2
trivia_qa,qwen3-4b,trivia_qa_validation_14931,0,0.078223,3
trivia_qa,qwen3-4b,trivia_qa_validation_15106,0,0.029647,1
trivia_qa,qwen3-4b,trivia_qa_validation_08675,0,0.0096,4
trivia_qa,qwen3-4b,trivia_qa_validation_10591,0,0.207445,3
trivia_qa,qwen3-4b,trivia_qa_validation_05745,0,0.020367,3
trivia_qa,qwen3-4b,trivia_qa_validation_11173,1,0.631494,2
trivia_qa,qwen3-4b,trivia_qa_validation_00846,1,0.708849,2
trivia_qa,qwen3-4b,trivia_qa_validation_03873,1,0.861718,4
trivia_qa,qwen3-4b,trivia_qa_validation_03973,1,0.741215,2
trivia_qa,qwen3-4b,trivia_qa_validation_02775,0,0.051978,4
trivia_qa,qwen3-4b,trivia_qa_validation_05687,0,0.132134,2
trivia_qa,qwen3-4b,trivia_qa_validation_09848,1,0.884917,5
trivia_qa,qwen3-4b,trivia_qa_validation_06820,0,0.040778,1
trivia_qa,qwen3-4b,trivia_qa_validation_14907,0,0.350757,4
trivia_qa,qwen3-4b,trivia_qa_validation_08421,1,0.183499,1
trivia_qa,qwen3-4b,trivia_qa_validation_11989,1,0.10363,4
trivia_qa,qwen3-4b,trivia_qa_validation_07038,0,0.857715,5
trivia_qa,qwen3-4b,trivia_qa_validation_03319,0,0.142762,3
trivia_qa,qwen3-4b,trivia_qa_validation_02548,0,0.102514,5
trivia_qa,qwen3-4b,trivia_qa_validation_04261,1,0.798049,3
trivia_qa,qwen3-4b,trivia_qa_validation_10175,1,0.900146,2
trivia_qa,qwen3-4b,trivia_qa_validation_14853,1,0.848868,5
trivia_qa,qwen3-4b,trivia_qa_validation_07931,0,0.142139,3
trivia_qa,qwen3-4b,trivia_qa_validation_09718,1,0.382068,1
trivia_qa,qwen3-4b,trivia_qa_validation_05292,0,0.013677,5
trivia_qa,qwen3-4b,trivia_qa_validation_13456,0,0.822376,5
trivia_qa,qwen3-4b,trivia_qa_validation_09330,0,0.246331,3
trivia_qa,qwen3-4b,trivia_qa_validation_08852,0,0.065184,2
trivia_qa,qwen3-4b,trivia_qa_validation_07136,0,0.550743,1
trivia_qa,qwen3-4b,trivia_qa_validation_14543,0,0.035727,1
trivia_qa,qwen3-4b,trivia_qa_validation_12564,1,0.832083,3
trivia_qa,qwen3-4b,trivia_qa_validation_02672,1,0.135749,1
trivia_qa,qwen3-4b,trivia_qa_validation_01604,1,0.81616,2
trivia_qa,qwen3-4b,trivia_qa_validation_07684,1,0.864388,4
trivia_qa,qwen3-4b,trivia_qa_validation_01782,0,0.001436,3
trivia_qa,qwen3-4b,trivia_qa_validation_17582,0,0.853432,4
trivia_qa,qwen3-4b,trivia_qa_validation_06312,0,0.011715,2
trivia_qa,qwen3-4b,trivia_qa_validation_15880,0,0.013628,1
trivia_qa,qwen3-4b,trivia_qa_validation_11305,0,0.010907,5
trivia_qa,qwen3-4b,trivia_qa_validation_13979,1,0.849313,4
trivia_qa,qwen3-4b,trivia_qa_validation_13336,1,0.379075,5
trivia_qa,qwen3-4b,trivia_qa_validation_08509,0,0.015053,2
trivia_qa,qwen3-4b,trivia_qa_validation_13845,1,0.808164,2
trivia_qa,qwen3-4b,trivia_qa_validation_13351,0,0.788801,2
medqa,r1-distill-llama-8b,medqa_test_00990,0,0.434133,4
medqa,r1-distill-llama-8b,medqa_test_00202,0,0.62763,4
medqa,r1-distill-llama-8b,medqa_test_01258,1,0.360618,4
medqa,r1-distill-llama-8b,medqa_test_00277,1,0.512288,1
medqa,r1-distill-llama-8b,medqa_test_00015,0,0.199433,5
medqa,r1-distill-llama-8b,medqa_test_01202,1,0.475119,4
medqa,r1-distill-llama-8b,medqa_test_01027,1,0.738006,3
medqa,r1-distill-llama-8b,medqa_test_00827,1,0.688919,5
medqa,r1-distill-llama-8b,medqa_test_00681,1,0.68508,3
medqa,r1-distill-llama-8b,medqa_test_00932,0,0.724945,2
medqa,r1-distill-llama-8b,medqa_test_00387,1,0.451787,2
medqa,r1-distill-llama-8b,medqa_test_00235,1,0.567694,3
medqa,r1-distill-llama-8b,medqa_test_00066,0,0.484217,1
medqa,r1-distill-llama-8b,medqa_test_00347,1,0.797844,2
medqa,r1-distill-llama-8b,medqa_test_01121,0,0.207933,2
medqa,r1-distill-llama-8b,medqa_test_00376,1,0.302204,2
medqa,r1-distill-llama-8b,medqa_test_00035,1,0.551973,2
medqa,r1-distill-llama-8b,medqa_test_01145,1,0.801052,1
medqa,r1-distill-llama-8b,medqa_test_00950,0,0.332679,5
medqa,r1-distill-llama-8b,medqa_test_00825,1,0.392766,3
medqa,r1-distill-llama-8b,medqa_test_01030,0,0.425066,2
medqa,r1-distill-llama-8b,medqa_test_00845,1,0.833065,2
medqa,r1-distill-llama-8b,medqa_test_00802,1,0.43349,3
medqa,r1-distill-llama-8b,medqa_test_00650,1,0.762598,5
medqa,r1-distill-llama-8b,medqa_test_00540,0,0.427141,5
medqa,r1-distill-llama-8b,medqa_test_00796,0,0.630264,2
medqa,r1-distill-llama-8b,medqa_test_00715,0,0.52605,5
medqa,r1-distill-llama-8b,medqa_test_00002,0,0.402118,3
medqa,r1-distill-llama-8b,medqa_test_00395,1,0.590185,1
medqa,r1-distill-llama-8b,medqa_test_00464,1,0.64381,1
medqa,r1-distill-llama-8b,medqa_test_00959,1,0.308597,5
medqa,r1-distill-llama-8b,medqa_test_00761,0,0.409627,1
medqa,r1-distill-llama-8b,medqa_test_00454,0,0.270495,2
medqa,r1-distill-llama-8b,medqa_test_00920,1,0.643952,1
medqa,r1-distill-llama-8b,medqa_test_00528,0,0.445131,5
medqa,r1-distill-llama-8b,medqa_test_01166,1,0.6236,2
medqa,r1-distill-llama-8b,medqa_test_00187,1,0.802216,5
medqa,r1-distill-llama-8b,medqa_test_00997,1,0.548384,2
medqa,r1-distill-llama-8b,medqa_test_00371,1,0.261683,4
medqa,r1-distill-llama-8b,medqa_test_01142,1,0.512745,1
medqa,r1-distill-llama-8b,medqa_test_00586,0,0.356285,5
medqa,r1-distill-llama-8b,medqa_test_01155,0,0.144693,5
medqa,r1-distill-llama-8b,medqa_test_00536,1,0.742342,5
medqa,r1-distill-llama-8b,medqa_test_00510,0,0.566989,2
medqa,r1-distill-llama-8b,medqa_test_00976,1,0.830797,1
medqa,r1-distill-llama-8b,medqa_test_01050,0,0.197067,5
medqa,r1-distill-llama-8b,medqa_test_01263,0,0.731509,2
medqa,r1-distill-llama-8b,medqa_test_00631,1,0.608585,2
medqa,r1-distill-llama-8b,medqa_test_01157,0,0.515046,1
medqa,r1-distill-llama-8b,medqa_test_00473,1,0.454098,3
medqa,r1-distill-llama-8b,medqa_test_00812,1,0.355509,4
medqa,r1-distill-llama-8b,medqa_test_00299,1,0.894121,3
medqa,r1-distill-llama-8b,medqa_test_00850,0,0.559629,2
medqa,r1-distill-llama-8b,medqa_test_00049,1,0.55018,2
medqa,r1-distill-llama-8b,medqa_test_00793,0,0.384198,3
medqa,r1-distill-llama-8b,medqa_test_00662,1,0.691769,4
medqa,r1-distill-llama-8b,medqa_test_01254,1,0.587859,4
medqa,r1-distill-llama-8b,medqa_test_01150,0,0.73987,1
medqa,r1-distill-llama-8b,medqa_test_00044,0,0.172286,2
medqa,r1-distill-llama-8b,medqa_test_01201,1,0.338308,4
medqa,r1-distill-llama-8b,medqa_test_00898,1,0.779488,5
medqa,r1-distill-llama-8b,medqa_test_00328,1,0.587783,5
medqa,r1-distill-llama-8b,medqa_test_01071,0,0.799323,3
medqa,r1-distill-llama-8b,medqa_test_01032,1,0.46431,3
medqa,r1-distill-llama-8b,medqa_test_00892,1,0.605425,1
medqa,r1-distill-llama-8b,medqa_test_00623,1,0.871775,2
medqa,r1-distill-llama-8b,medqa_test_01173,1,0.834982,1
medqa,r1-distill-llama-8b,medqa_test_00246,0,0.379703,1
medqa,r1-distill-llama-8b,medqa_test_00272,1,0.841412,1
medqa,r1-distill-llama-8b,medqa_test_00489,1,0.762537,1
medqa,r1-distill-llama-8b,medqa_test_01185,0,0.572217,5
medqa,r1-distill-llama-8b,medqa_test_01138,0,0.567917,1
medqa,r1-distill-llama-8b,medqa_test_00848,1,0.531766,5
medqa,r1-distill-llama-8b,medqa_test_00455,0,0.343762,2
medqa,r1-distill-llama-8b,medqa_test_00860,1,0.460453,3
medqa,r1-distill-llama-8b,medqa_test_00022,1,0.614633,5
medqa,r1-distill-llama-8b,medqa_test_00603,1,0.498987,2
medqa,r1-distill-llama-8b,medqa_test_00356,0,0.262756,4
medqa,r1-distill-llama-8b,medqa_test_01236,0,0.668701,2
medqa,r1-distill-llama-8b,medqa_test_00185,1,0.271718,4
medqa,r1-distill-llama-8b,medqa_test_00711,0,0.662984,5
medqa,r1-distill-llama-8b,medqa_test_00263,1,0.601833,5
medqa,r1-distill-llama-8b,medqa_test_00667,1,0.846166,3
medqa,r1-distill-llama-8b,medqa_test_01187,1,0.437034,4
medqa,r1-distill-llama-8b,medqa_test_00463,0,0.502342,1
medqa,r1-distill-llama-8b,medqa_test_01238,0,0.39841,2
medqa,r1-distill-llama-8b,medqa_test_00231,0,0.532041,1
medqa,r1-distill-llama-8b,medqa_test_00177,0,0.68021,1
medqa,r1-distill-llama-8b,medqa_test_00296,0,0.261983,5
medqa,r1-distill-llama-8b,medqa_test_00482,1,0.808654,5
medqa,r1-distill-llama-8b,medqa_test_00857,1,0.796705,3
medqa,r1-distill-llama-8b,medqa_test_01251,1,0.680585,3
medqa,r1-distill-llama-8b,medqa_test_00021,1,0.733914,4
medqa,r1-distill-llama-8b,medqa_test_00056,1,0.627205,5
medqa,r1-distill-llama-8b,medqa_test_00485,0,0.741449,2
medqa,r1-distill-llama-8b,medqa_test_00090,1,0.322249,3
medqa,r1-distill-llama-8b,medqa_test_00886,1,0.49113,4
medqa,r1-distill-llama-8b,medqa_test_01026,0,0.534856,2
medqa,r1-distill-llama-8b,medqa_test_00529,0,0.306434,4
medqa,r1-distill-llama-8b,medqa_test_00055,1,0.772878,1
medqa,r1-distill-llama-8b,medqa_test_00658,1,0.741617,5
medqa,r1-distill-llama-8b,medqa_test_00706,0,0.735971,1
medqa,r1-distill-llama-8b,medqa_test_00545,1,0.760114,1
medqa,r1-distill-llama-8b,medqa_test_00878,1,0.456835,1
medqa,r1-distill-llama-8b,medqa_test_00192,1,0.827867,1
medqa,r1-distill-llama-8b,medqa_test_00738,1,0.879514,3
medqa,r1-distill-llama-8b,medqa_test_00531,0,0.850302,1
medqa,r1-distill-llama-8b,medqa_test_00568,1,0.834291,4
medqa,r1-distill-llama-8b,medqa_test_00286,1,0.883155,4
medqa,r1-distill-llama-8b,medqa_test_00757,0,0.335677,1
medqa,r1-distill-llama-8b,medqa_test_00785,0,0.377951,4
medqa,r1-distill-llama-8b,medqa_test_00067,0,0.293477,2
medqa,r1-distill-llama-8b,medqa_test_01108,0,0.154044,1
medqa,r1-distill-llama-8b,medqa_test_00571,0,0.345972,1
medqa,r1-distill-llama-8b,medqa_test_00212,0,0.686752,5
medqa,r1-distill-llama-8b,medqa_test_00220,0,0.444913,1
medqa,r1-distill-llama-8b,medqa_test_01020,0,0.188357,2
medqa,r1-distill-llama-8b,medqa_test_00492,0,0.62201,5
medqa,r1-distill-llama-8b,medqa_test_00978,1,0.603078,5
medqa,r1-distill-llama-8b,medqa_test_00699,1,0.313575,4
medqa,r1-distill-llama-8b,medqa_test_00730,0,0.483164,5
medqa,r1-distill-llama-8b,medqa_test_00969,0,0.536987,4
medqa,r1-distill-llama-8b,medqa_test_00876,1,0.775031,5
medqa,r1-distill-llama-8b,medqa_test_00179,1,0.583781,4
medqa,r1-distill-llama-8b,medqa_test_00367,0,0.5349,1
medqa,r1-distill-llama-8b,medqa_test_00480,0,0.318451,3
medqa,r1-distill-llama-8b,medqa_test_00121,1,0.745644,2
medqa,r1-distill-llama-8b,medqa_test_00011,1,0.558488,5
medqa,r1-distill-llama-8b,medqa_test_00829,0,0.35002,1
medqa,r1-distill-llama-8b,medqa_test_01171,0,0.294845,5
medqa,r1-distill-llama-8b,medqa_test_00820,1,0.631664,3
medqa,r1-distill-llama-8b,medqa_test_01180,1,0.332537,4
medqa,r1-distill-llama-8b,medqa_test_00901,1,0.628766,3
medqa,r1-distill-llama-8b,medqa_test_01163,0,0.526798,1
medqa,r1-distill-llama-8b,medqa_test_01044,1,0.606497,2
medqa,r1-distill-llama-8b,medqa_test_01212,0,0.366931,2
medqa,r1-distill-llama-8b,medqa_test_00813,0,0.476126,4
medqa,r1-distill-llama-8b,medqa_test_00875,1,0.796661,2
medqa,r1-distill-llama-8b,medqa_test_00659,0,0.746451,3
medqa,r1-distill-llama-8b,medqa_test_00125,1,0.872653,2
medqa,r1-distill-llama-8b,medqa_test_00148,1,0.665194,5
medqa,r1-distill-llama-8b,medqa_test_00462,0,0.58767,5
medqa,r1-distill-llama-8b,medqa_test_00960,1,0.583535,1
medqa,r1-distill-llama-8b,medqa_test_00300,0,0.147943,4
medqa,r1-distill-llama-8b,medqa_test_00241,0,0.402182,3
medqa,r1-distill-llama-8b,medqa_test_01031,1,0.417967,1
medqa,r1-distill-llama-8b,medqa_test_00087,1,0.754638,4
medqa,r1-distill-llama-8b,medqa_test_00726,1,0.277823,4
medqa,r1-distill-llama-8b,medqa_test_01041,0,0.361211,1
medqa,r1-distill-llama-8b,medqa_test_01006,1,0.641108,4
medqa,r1-distill-llama-8b,medqa_test_00153,1,0.823475,4
medqa,r1-distill-llama-8b,medqa_test_00298,0,0.622476,4
medqa,r1-distill-llama-8b,medqa_test_00428,1,0.354038,2
medqa,r1-distill-llama-8b,medqa_test_00893,1,0.576539,1
medqa,r1-distill-llama-8b,medqa_test_00294,1,0.704649,3
medqa,r1-distill-llama-8b,medqa_test_00599,0,0.49947,2
medqa,r1-distill-llama-8b,medqa_test_01014,1,0.452582,3
medqa,r1-distill-llama-8b,medqa_test_01033,0,0.489477,3
medqa,r1-distill-llama-8b,medqa_test_00587,0,0.352074,3
medqa,r1-distill-llama-8b,medqa_test_00677,0,0.63036,1
medqa,r1-distill-llama-8b,medqa_test_01037,0,0.701291,4
medqa,r1-distill-llama-8b,medqa_test_00834,1,0.794208,1
medqa,r1-distill-llama-8b,medqa_test_01065,0,0.655432,3
medqa,r1-distill-llama-8b,medqa_test_01058,0,0.176224,5
medqa,r1-distill-llama-8b,medqa_test_00837,1,0.60029,2
medqa,r1-distill-llama-8b,medqa_test_00259,1,0.871014,1
medqa,r1-distill-llama-8b,medqa_test_00714,0,0.208815,2
medqa,r1-distill-llama-8b,medqa_test_00954,0,0.277299,5
medqa,r1-distill-llama-8b,medqa_test_00728,1,0.50697,5
medqa,r1-distill-llama-8b,medqa_test_00057,0,0.471037,2
medqa,r1-distill-llama-8b,medqa_test_00580,0,0.515182,2
medqa,r1-distill-llama-8b,medqa_test_01195,0,0.295448,3
medqa,r1-distill-llama-8b,medqa_test_00605,1,0.345036,1
medqa,r1-distill-llama-8b,medqa_test_00768,0,0.575353,3
medqa,r1-distill-llama-8b,medqa_test_00645,1,0.195324,4
medqa,r1-distill-llama-8b,medqa_test_00858,0,0.266862,3
medqa,r1-distill-llama-8b,medqa_test_01118,1,0.708462,4
medqa,r1-distill-llama-8b,medqa_test_00434,1,0.857846,3
medqa,r1-distill-llama-8b,medqa_test_00562,1,0.653672,1
medqa,r1-distill-llama-8b,medqa_test_01021,0,0.473162,5
medqa,r1-distill-llama-8b,medqa_test_00261,0,0.423955,4
medqa,r1-distill-llama-8b,medqa_test_00410,1,0.768456,5
medqa,r1-distill-llama-8b,medqa_test_00458,1,0.793697,5
medqa,r1-distill-llama-8b,medqa_test_00275,0,0.593558,1
medqa,r1-distill-llama-8b,medqa_test_00575,0,0.481444,3
medqa,r1-distill-llama-8b,medqa_test_00112,0,0.310607,2
medqa,r1-distill-llama-8b,medqa_test_00073,1,0.848923,1
medqa,r1-distill-llama-8b,medqa_test_00383,0,0.338584,1
medqa,r1-distill-llama-8b,medqa_test_00668,0,0.566474,1
medqa,r1-distill-llama-8b,medqa_test_00068,1,0.54978,5
medqa,r1-distill-llama-8b,medqa_test_00396,1,0.251393,5
medqa,r1-distill-llama-8b,medqa_test_01013,1,0.463824,3
medqa,r1-distill-llama-8b,medqa_test_00160,0,0.24126,5
medqa,r1-distill-llama-8b,medqa_test_00423,0,0.300263,1
medqa,r1-distill-llama-8b,medqa_test_01069,1,0.321036,1
medqa,r1-distill-llama-8b,medqa_test_00912,1,0.538839,1
medqa,r1-distill-llama-8b,medqa_test_00280,1,0.735555,4
medqa,r1-distill-llama-8b,medqa_test_00491,1,0.702363,1
medqa,r1-distill-llama-8b,medqa_test_00048,1,0.787959,4
medqa,r1-distill-llama-8b,medqa_test_01172,0,0.613489,3
medqa,r1-distill-llama-8b,medqa_test_00847,1,0.555641,3
medqa,r1-distill-llama-8b,medqa_test_00731,0,0.284624,2
medqa,r1-distill-llama-8b,medqa_test_00745,0,0.403294,5
medqa,r1-distill-llama-8b,medqa_test_01018,1,0.452377,5
medqa,r1-distill-llama-8b,medqa_test_00779,1,0.742114,1
medqa,r1-distill-llama-8b,medqa_test_00386,0,0.56631,5
medqa,r1-distill-llama-8b,medqa_test_00498,1,0.164233,4
medqa,r1-distill-llama-8b,medqa_test_01226,1,0.720358,4
medqa,r1-distill-llama-8b,medqa_test_00640,1,0.637408,1
medqa,r1-distill-llama-8b,medqa_test_00018,0,0.552726,3
medqa,r1-distill-llama-8b,medqa_test_00382,0,0.342504,3
medqa,r1-distill-llama-8b,medqa_test_01016,0,0.506972,5
medqa,r1-distill-llama-8b,medqa_test_00607,1,0.847169,1
medqa,r1-distill-llama-8b,medqa_test_00210,1,0.861483,5
medqa,r1-distill-llama-8b,medqa_test_00168,1,0.807974,3
medqa,r1-distill-llama-8b,medqa_test_01207,1,0.58057,1
medqa,r1-distill-llama-8b,medqa_test_01211,0,0.257476,4
medqa,r1-distill-llama-8b,medqa_test_00164,1,0.200828,4
medqa,r1-distill-llama-8b,medqa_test_00808,1,0.809761,1
medqa,r1-distill-llama-8b,medqa_test_00766,1,0.7675,4
medqa,r1-distill-llama-8b,medqa_test_00474,1,0.582774,2
medqa,r1-distill-llama-8b,medqa_test_00712,0,0.231802,1
medqa,r1-distill-llama-8b,medqa_test_01126,0,0.387533,5
medqa,r1-distill-llama-8b,medqa_test_00092,1,0.734956,3
medqa,r1-distill-llama-8b,medqa_test_01219,1,0.493904,1
medqa,r1-distill-llama-8b,medqa_test_00787,0,0.123703,5
medqa,r1-distill-llama-8b,medqa_test_00655,1,0.349266,5
medqa,r1-distill-llama-8b,medqa_test_01208,1,0.774821,2
medqa,r1-distill-llama-8b,medqa_test_00089,0,0.697069,5
medqa,r1-distill-llama-8b,medqa_test_01248,0,0.358601,5
medqa,r1-distill-llama-8b,medqa_test_00010,1,0.595945,3
medqa,r1-distill-llama-8b,medqa_test_00949,1,0.562364,3
medqa,r1-distill-llama-8b,medqa_test_01245,0,0.267801,5
medqa,r1-distill-llama-8b,medqa_test_00883,1,0.862663,2
medqa,r1-distill-llama-8b,medqa_test_00221,0,0.83006,1
medqa,r1-distill-llama-8b,medqa_test_00962,1,0.663838,5
medqa,r1-distill-llama-8b,medqa_test_01223,1,0.556281,1
medqa,r1-distill-llama-8b,medqa_test_00923,1,0.746045,3
medqa,r1-distill-llama-8b,medqa_test_01036,0,0.251559,3
medqa,r1-distill-llama-8b,medqa_test_01064,1,0.855008,2
medqa,r1-distill-llama-8b,medqa_test_00256,1,0.353238,4
medqa,r1-distill-llama-8b,medqa_test_01213,0,0.552586,1
medqa,r1-distill-llama-8b,medqa_test_00239,0,0.44559,2
medqa,r1-distill-llama-8b,medqa_test_00606,0,0.578524,5
medqa,r1-distill-llama-8b,medqa_test_00459,0,0.628472,2
medqa,r1-distill-llama-8b,medqa_test_00157,1,0.684361,3
medqa,r1-distill-llama-8b,medqa_test_00084,1,0.643077,4
medqa,r1-distill-llama-8b,medqa_test_00612,1,0.323744,1
medqa,r1-distill-llama-8b,medqa_test_00072,0,0.237634,3
medqa,r1-distill-llama-8b,medqa_test_00374,0,0.623055,4
medqa,r1-distill-llama-8b,medqa_test_00363,1,0.533872,4
medqa,r1-distill-llama-8b,medqa_test_01095,0,0.647409,3
medqa,r1-distill-llama-8b,medqa_test_01168,1,0.76066,5
medqa,r1-distill-llama-8b,medqa_test_00101,1,0.587918,2
medqa,r1-distill-llama-8b,medqa_test_00348,0,0.260542,4
medqa,r1-distill-llama-8b,medqa_test_00346,0,0.517636,5
medqa,r1-distill-llama-8b,medqa_test_00119,0,0.532894,4
medqa,r1-distill-llama-8b,medqa_test_00870,1,0.564721,3
medqa,r1-distill-llama-8b,medqa_test_00749,0,0.478852,3
medqa,r1-distill-llama-8b,medqa_test_00147,1,0.79494,1
medqa,r1-distill-llama-8b,medqa_test_00439,1,0.598788,1
medqa,r1-distill-llama-8b,medqa_test_00016,0,0.519904,4
medqa,r1-distill-llama-8b,medqa_test_00402,1,0.471847,4
medqa,r1-distill-llama-8b,medqa_test_00708,1,0.611969,3
medqa,r1-distill-llama-8b,medqa_test_00971,0,0.183016,3
medqa,r1-distill-llama-8b,medqa_test_00772,0,0.434748,5
medqa,r1-distill-llama-8b,medqa_test_00894,1,0.44816,1
medqa,r1-distill-llama-8b,medqa_test_00282,1,0.774674,3
medqa,r1-distill-llama-8b,medqa_test_00512,1,0.593434,5
medqa,r1-distill-llama-8b,medqa_test_00080,1,0.451155,1
medqa,r1-distill-llama-8b,medqa_test_01174,0,0.196201,2
medqa,r1-distill-llama-8b,medqa_test_00628,0,0.431726,4
medqa,r1-distill-llama-8b,medqa_test_00945,0,0.350069,3
medqa,r1-distill-llama-8b,medqa_test_00320,0,0.759356,1
medqa,r1-distill-llama-8b,medqa_test_00921,0,0.557267,4
medqa,r1-distill-llama-8b,medqa_test_00050,1,0.791195,2
medqa,r1-distill-llama-8b,medqa_test_00504,0,0.743238,2
medqa,r1-distill-llama-8b,medqa_test_01042,1,0.341389,4
medqa,r1-distill-llama-8b,medqa_test_01175,0,0.456357,4
medqa,r1-distill-llama-8b,medqa_test_00762,1,0.36078,3
medqa,r1-distill-llama-8b,medqa_test_00632,1,0.386149,4
medqa,r1-distill-llama-8b,medqa_test_00839,1,0.501505,3
medqa,r1-distill-llama-8b,medqa_test_00226,0,0.498625,1
medqa,r1-distill-llama-8b,medqa_test_01056,0,0.480564,2
medqa,r1-distill-llama-8b,medqa_test_00502,1,0.572062,2
medqa,r1-distill-llama-8b,medqa_test_00794,1,0.583538,4
medqa,r1-distill-llama-8b,medqa_test_00115,1,0.592344,1
medqa,r1-distill-llama-8b,medqa_test_00419,1,0.146475,5
medqa,r1-distill-llama-8b,medqa_test_00310,0,0.499045,4
medqa,r1-distill-llama-8b,medqa_test_00213,1,0.747898,2
medqa,r1-distill-llama-8b,medqa_test_00060,0,0.536552,1
medqa,r1-distill-llama-8b,medqa_test_00755,0,0.478651,4
medqa,r1-distill-llama-8b,medqa_test_00479,0,0.448296,4
medqa,r1-distill-llama-8b,medqa_test_00155,0,0.694565,3
medqa,r1-distill-llama-8b,medqa_test_00910,0,0.377156,3
medqa,r1-distill-llama-8b,medqa_test_00076,1,0.816895,5
medqa,r1-distill-llama-8b,medqa_test_01210,0,0.608602,1
medqa,r1-distill-llama-8b,medqa_test_00404,1,0.347778,2
medqa,r1-distill-llama-8b,medqa_test_00906,0,0.410373,2
medqa,r1-distill-llama-8b,medqa_test_00322,0,0.321475,4
medqa,r1-distill-llama-8b,medqa_test_00295,1,0.761074,5
medqa,r1-distill-llama-8b,medqa_test_00037,0,0.623487,1
medqa,r1-distill-llama-8b,medqa_test_00397,0,0.255796,4
medqa,r1-distill-llama-8b,medqa_test_00033,0,0.384885,5
medqa,r1-distill-llama-8b,medqa_test_01002,0,0.298254,1
medqa,r1-distill-llama-8b,medqa_test_00666,0,0.35128,3
medqa,r1-distill-llama-8b,medqa_test_00998,1,0.503208,5
medqa,r1-distill-llama-8b,medqa_test_00595,1,0.69152,5
medqa,r1-distill-llama-8b,medqa_test_01135,0,0.454103,2
medqa,r1-distill-llama-8b,medqa_test_01120,1,0.749479,1
medqa,r1-distill-llama-8b,medqa_test_01001,0,0.620817,2
medqa,r1-distill-llama-8b,medqa_test_00245,1,0.391824,2
medqa,r1-distill-llama-8b,medqa_test_00643,1,0.395676,5
medqa,r1-distill-llama-8b,medqa_test_01081,0,0.417995,5
medqa,r1-distill-llama-8b,medqa_test_00729,0,0.675452,4
medqa,r1-distill-llama-8b,medqa_test_00615,1,0.766156,3
medqa,r1-distill-llama-8b,medqa_test_00896,1,0.743756,3
medqa,r1-distill-llama-8b,medqa_test_00926,1,0.21412,5
medqa,r1-distill-llama-8b,medqa_test_00385,1,0.35789,3
medqa,r1-distill-llama-8b,medqa_test_01244,0,0.733749,5
medqa,r1-distill-llama-8b,medqa_test_00944,0,0.592911,3
medqa,r1-distill-llama-8b,medqa_test_00149,0,0.683288,3
medqa,r1-distill-llama-8b,medqa_test_00933,0,0.318729,3
medqa,r1-distill-llama-8b,medqa_test_00591,1,0.262926,3
medqa,r1-distill-llama-8b,medqa_test_01151,0,0.585422,2
medqa,r1-distill-llama-8b,medqa_test_00140,0,0.749786,3
medqa,r1-distill-llama-8b,medqa_test_01154,1,0.861153,4
medqa,r1-distill-llama-8b,medqa_test_00828,0,0.28285,2
medqa,r1-distill-llama-8b,medqa_test_00851,1,0.140978,2
medqa,r1-distill-llama-8b,medqa_test_00007,1,0.667967,3
medqa,r1-distill-llama-8b,medqa_test_00184,0,0.807432,3
medqa,r1-distill-llama-8b,medqa_test_00116,1,0.340067,5
medqa,r1-distill-llama-8b,medqa_test_00684,0,0.53254,2
medqa,r1-distill-llama-8b,medqa_test_00585,0,0.455027,1
medqa,r1-distill-llama-8b,medqa_test_00144,1,0.522916,4
medqa,r1-distill-llama-8b,medqa_test_01079,1,0.458499,2
medqa,r1-distill-llama-8b,medqa_test_00884,1,0.907641,1
medqa,r1-distill-llama-8b,medqa_test_00617,1,0.71368,4
medqa,r1-distill-llama-8b,medqa_test_00301,0,0.505804,2
medqa,r1-distill-llama-8b,medqa_test_00524,0,0.470386,2
medqa,r1-distill-llama-8b,medqa_test_00557,1,0.407496,2
medqa,r1-distill-llama-8b,medqa_test_01096,1,0.845284,1
medqa,r1-distill-llama-8b,medqa_test_00868,0,0.131412,2
medqa,r1-distill-llama-8b,medqa_test_00547,1,0.554122,1
medqa,r1-distill-llama-8b,medqa_test_00661,0,0.21366,4
medqa,r1-distill-llama-8b,medqa_test_00895,0,0.734873,2
medqa,r1-distill-llama-8b,medqa_test_00818,1,0.77478,3
medqa,r1-distill-llama-8b,medqa_test_00390,0,0.583783,4
medqa,r1-distill-llama-8b,medqa_test_00534,1,0.666837,5
medqa,r1-distill-llama-8b,medqa_test_00098,0,0.565336,1
medqa,r1-distill-llama-8b,medqa_test_00369,1,0.424967,4
medqa,r1-distill-llama-8b,medqa_test_00128,0,0.548139,1
medqa,r1-distill-llama-8b,medqa_test_01268,1,0.639476,5
medqa,r1-distill-llama-8b,medqa_test_00588,1,0.774808,2
medqa,r1-distill-llama-8b,medqa_test_00232,1,0.652681,3
medqa,r1-distill-llama-8b,medqa_test_00657,0,0.644702,1
medqa,r1-distill-llama-8b,medqa_test_01125,0,0.763527,2
medqa,r1-distill-llama-8b,medqa_test_00782,1,0.796138,2
medqa,r1-distill-llama-8b,medqa_test_01136,0,0.466133,2
medqa,r1-distill-llama-8b,medqa_test_00805,0,0.474428,1
medqa,r1-distill-llama-8b,medqa_test_00653,1,0.703973,2
medqa,r1-distill-llama-8b,medqa_test_00844,0,0.219415,4
medqa,r1-distill-llama-8b,medqa_test_00188,1,0.491363,1
medqa,r1-distill-llama-8b,medqa_test_00522,1,0.391227,5
medqa,r1-distill-llama-8b,medqa_test_00508,0,0.619073,3
medqa,r1-distill-llama-8b,medqa_test_00354,1,0.748533,3
medqa,r1-distill-llama-8b,medqa_test_00207,0,0.560842,5
medqa,r1-distill-llama-8b,medqa_test_00113,1,0.36592,3
medqa,r1-distill-llama-8b,medqa_test_00700,0,0.624216,4
medqa,r1-distill-llama-8b,medqa_test_00965,1,0.567752,1
medqa,r1-distill-llama-8b,medqa_test_00744,1,0.66678,4
medqa,r1-distill-llama-8b,medqa_test_00513,0,0.317819,3
medqa,r1-distill-llama-8b,medqa_test_00364,1,0.45406,2
medqa,r1-distill-llama-8b,medqa_test_01007,1,0.53513,5
medqa,r1-distill-llama-8b,medqa_test_00243,0,0.305793,2
medqa,r1-distill-llama-8b,medqa_test_00977,1,0.79653,4
medqa,r1-distill-llama-8b,medqa_test_00984,1,0.289719,5
medqa,r1-distill-llama-8b,medqa_test_00483,0,0.633761,2
medqa,r1-distill-llama-8b,medqa_test_00697,0,0.534876,5
medqa,r1-distill-llama-8b,medqa_test_00905,1,0.501369,3
medqa,r1-distill-llama-8b,medqa_test_00368,0,0.456606,2
medqa,r1-distill-llama-8b,medqa_test_00537,1,0.55307,1
medqa,r1-distill-llama-8b,medqa_test_00097,1,0.698397,5
medqa,r1-distill-llama-8b,medqa_test_00264,0,0.31588,5
medqa,r1-distill-llama-8b,medqa_test_00750,1,0.748645,4
medqa,r1-distill-llama-8b,medqa_test_00952,0,0.380419,5
medqa,r1-distill-llama-8b,medqa_test_00637,0,0.426624,5
medqa,r1-distill-llama-8b,medqa_test_00616,0,0.316331,4
medqa,r1-distill-llama-8b,medqa_test_00803,0,0.472336,4
medqa,r1-distill-llama-8b,medqa_test_01189,1,0.825589,1
medqa,r1-distill-llama-8b,medqa_test_00143,1,0.326538,3
medqa,r1-distill-llama-8b,medqa_test_00174,1,0.750517,3
medqa,r1-distill-llama-8b,medqa_test_00132,1,0.80096,2
medqa,r1-distill-llama-8b,medqa_test_00809,0,0.327551,3
medqa,r1-distill-llama-8b,medqa_test_00840,1,0.743817,4
medqa,r1-distill-llama-8b,medqa_test_00831,0,0.243913,4
medqa,r1-distill-llama-8b,medqa_test_01218,0,0.311772,4
medqa,r1-distill-llama-8b,medqa_test_00843,1,0.784254,4
medqa,r1-distill-llama-8b,medqa_test_01222,0,0.426823,3
medqa,r1-distill-llama-8b,medqa_test_01270,0,0.381762,4
medqa,r1-distill-llama-8b,medqa_test_01088,0,0.390241,2
medqa,r1-distill-llama-8b,medqa_test_00172,0,0.609384,1
medqa,r1-distill-llama-8b,medqa_test_01197,1,0.481467,2
medqa,r1-distill-llama-8b,medqa_test_00342,0,0.293731,1
medqa,r1-distill-llama-8b,medqa_test_00816,0,0.449651,4
medqa,r1-distill-llama-8b,medqa_test_00938,1,0.144213,5
medqa,r1-distill-llama-8b,medqa_test_00237,0,0.499555,3
medqa,r1-distill-llama-8b,medqa_test_00544,1,0.685019,2
medqa,r1-distill-llama-8b,medqa_test_00672,0,0.490087,3
medqa,r1-distill-llama-8b,medqa_test_01089,1,0.163841,3
medqa,r1-distill-llama-8b,medqa_test_00804,1,0.543393,5
medqa,r1-distill-llama-8b,medqa_test_01230,1,0.608733,1
medqa,r1-distill-llama-8b,medqa_test_00251,0,0.561919,2
medqa,r1-distill-llama-8b,medqa_test_01224,0,0.559546,3
medqa,r1-distill-llama-8b,medqa_test_00274,1,0.69963,3
medqa,r1-distill-llama-8b,medqa_test_00604,0,0.09837,4
medqa,r1-distill-llama-8b,medqa_test_00554,0,0.285301,4
medqa,r1-distill-llama-8b,medqa_test_00495,1,0.417713,2
medqa,r1-distill-llama-8b,medqa_test_00678,1,0.695301,4
medqa,r1-distill-llama-8b,medqa_test_00445,0,0.755663,2
medqa,r1-distill-llama-8b,medqa_test_00560,1,0.276482,1
medqa,r1-distill-llama-8b,medqa_test_00470,0,0.270866,5
medqa,r1-distill-llama-8b,medqa_test_00370,1,0.749683,3
medqa,r1-distill-llama-8b,medqa_test_00443,0,0.287823,5
medqa,r1-distill-llama-8b,medqa_test_00108,0,0.795626,4
medqa,r1-distill-llama-8b,medqa_test_01200,1,0.572716,4
medqa,r1-distill-llama-8b,medqa_test_01048,0,0.329522,5
medqa,r1-distill-llama-8b,medqa_test_00913,0,0.64283,3
medqa,r1-distill-llama-8b,medqa_test_00379,1,0.288261,5
medqa,r1-distill-llama-8b,medqa_test_00618,1,0.600338,3
medqa,r1-distill-llama-8b,medqa_test_00355,1,0.369657,2
medqa,r1-distill-llama-8b,medqa_test_00862,0,0.656576,4
medqa,r1-distill-llama-8b,medqa_test_00123,1,0.321868,5
medqa,r1-distill-llama-8b,medqa_test_01045,1,0.659412,1
medqa,r1-distill-llama-8b,medqa_test_00104,0,0.513982,2
medqa,r1-distill-llama-8b,medqa_test_00248,1,0.596851,3
medqa,r1-distill-llama-8b,medqa_test_00874,0,0.690343,3
medqa,r1-distill-llama-8b,medqa_test_00701,0,0.24544,3
medqa,r1-distill-llama-8b,medqa_test_00406,1,0.343069,5
medqa,r1-distill-llama-8b,medqa_test_00319,0,0.624592,3
medqa,r1-distill-llama-8b,medqa_test_00026,0,0.204655,5
medqa,r1-distill-llama-8b,medqa_test_01228,0,0.176509,1
medqa,r1-distill-llama-8b,medqa_test_01240,1,0.749387,5
medqa,r1-distill-llama-8b,medqa_test_00167,1,0.544772,5
medqa,r1-distill-llama-8b,medqa_test_00934,0,0.681807,3
medqa,r1-distill-llama-8b,medqa_test_00171,0,0.21018,2
medqa,r1-distill-llama-8b,medqa_test_00377,1,0.396264,5
medqa,r1-distill-llama-8b,medqa_test_01111,1,0.815899,2
medqa,r1-distill-llama-8b,medqa_test_00879,0,0.429083,3
medqa,r1-distill-llama-8b,medqa_test_01057,1,0.662175,1
medqa,r1-distill-llama-8b,medqa_test_00716,0,0.453071,3
medqa,r1-distill-llama-8b,medqa_test_00709,1,0.35339,1
medqa,r1-distill-llama-8b,medqa_test_00633,0,0.286483,1
medqa,r1-distill-llama-8b,medqa_test_00842,1,0.569423,2
medqa,r1-distill-llama-8b,medqa_test_00031,0,0.202843,2
medqa,r1-distill-llama-8b,medqa_test_00041,1,0.743816,4
medqa,r1-distill-llama-8b,medqa_test_01123,0,0.629633,4
medqa,r1-distill-llama-8b,medqa_test_01101,1,0.835007,3
medqa,r1-distill-llama-8b,medqa_test_00053,0,0.299195,3
medqa,r1-distill-llama-8b,medqa_test_01196,1,0.802277,1
medqa,r1-distill-llama-8b,medqa_test_00019,0,0.631587,4
medqa,r1-distill-llama-8b,medqa_test_00980,0,0.440459,5
medqa,r1-distill-llama-8b,medqa_test_00258,0,0.276101,2
medqa,r1-distill-llama-8b,medqa_test_00431,0,0.449311,1
medqa,r1-distill-llama-8b,medqa_test_00284,0,0.304331,5
medqa,r1-distill-llama-8b,medqa_test_00986,0,0.686181,1
medqa,r1-distill-llama-8b,medqa_test_00345,1,0.556747,3
medqa,r1-distill-llama-8b,medqa_test_00748,1,0.588856,1
medqa,r1-distill-llama-8b,medqa_test_00465,0,0.554672,2
medqa,r1-distill-llama-8b,medqa_test_00216,0,0.246384,5
medqa,r1-distill-llama-8b,medqa_test_00335,0,0.281682,2
medqa,r1-distill-llama-8b,medqa_test_00739,0,0.293594,4
medqa,r1-distill-llama-8b,medqa_test_00266,1,0.579333,5
medqa,r1-distill-llama-8b,medqa_test_00811,1,0.199375,5
medqa,r1-distill-llama-8b,medqa_test_01164,1,0.189434,3
medqa,r1-distill-llama-8b,medqa_test_01084,0,0.153764,4
medqa,r1-distill-llama-8b,medqa_test_01076,0,0.381586,2
medqa,r1-distill-llama-8b,medqa_test_00085,0,0.716194,3
medqa,r1-distill-llama-8b,medqa_test_00792,1,0.268595,5
medqa,r1-distill-llama-8b,medqa_test_00577,0,0.296817,4
medqa,r1-distill-llama-8b,medqa_test_00403,0,0.722411,1
medqa,r1-distill-llama-8b,medqa_test_00027,1,0.735103,2
medqa,r1-distill-llama-8b,medqa_test_01148,1,0.825176,4
medqa,r1-distill-llama-8b,medqa_test_01122,1,0.590213,4
medqa,r1-distill-llama-8b,medqa_test_00169,1,0.794344,1
medqa,r1-distill-llama-8b,medqa_test_00414,1,0.572366,3
medqa,r1-distill-llama-8b,medqa_test_00774,0,0.404479,5
medqa,r1-distill-llama-8b,medqa_test_00029,0,0.689462,1
medqa,r1-distill-llama-8b,medqa_test_00773,0,0.176778,4
medqa,r1-distill-llama-8b,medqa_test_00279,1,0.397997,2
medqa,r1-distill-llama-8b,medqa_test_00710,0,0.439612,2
medqa,r1-distill-llama-8b,medqa_test_00499,0,0.157574,3
medqa,r1-distill-llama-8b,medqa_test_00225,0,0.63852,1
medqa,r1-distill-llama-8b,medqa_test_00559,1,0.567769,5
medqa,r1-distill-llama-8b,medqa_test_00770,1,0.846672,4
medqa,r1-distill-llama-8b,medqa_test_00399,0,0.483852,3
medqa,r1-distill-llama-8b,medqa_test_00305,0,0.279979,1
medqa,r1-distill-llama-8b,medqa_test_00360,0,0.388905,1
medqa,r1-distill-llama-8b,medqa_test_01141,1,0.786172,2
medqa,r1-distill-llama-8b,medqa_test_01008,0,0.566692,1
medqa,r1-distill-llama-8b,medqa_test_01054,0,0.523,3
medqa,r1-distill-llama-8b,medqa_test_00690,1,0.808284,2
medqa,r1-distill-llama-8b,medqa_test_00020,0,0.447033,2
medqa,r1-distill-llama-8b,medqa_test_00398,0,0.528269,4
medqa,r1-distill-llama-8b,medqa_test_00211,0,0.708141,4
medqa,r1-distill-llama-8b,medqa_test_00063,1,0.818852,1
medqa,r1-distill-llama-8b,medqa_test_00425,0,0.569284,2
medqa,r1-distill-llama-8b,medqa_test_00477,0,0.29897,4
medqa,r1-distill-llama-8b,medqa_test_01015,1,0.598174,5
medqa,r1-distill-llama-8b,medqa_test_00846,1,0.44033,1
medqa,r1-distill-llama-8b,medqa_test_00417,0,0.541895,3
medqa,r1-distill-llama-8b,medqa_test_01190,1,0.817022,3
medqa,r1-distill-llama-8b,medqa_test_00219,0,0.640084,2
medqa,r1-distill-llama-8b,medqa_test_00156,1,0.46128,1
medqa,r1-distill-llama-8b,medqa_test_00236,1,0.834357,3
medqa,r1-distill-llama-8b,medqa_test_01114,0,0.663827,2
medqa,r1-distill-llama-8b,medqa_test_00999,1,0.48894,5
medqa,r1-distill-llama-8b,medqa_test_00553,1,0.719507,2
medqa,r1-distill-llama-8b,medqa_test_01160,1,0.661598,4
medqa,r1-distill-llama-8b,medqa_test_00943,1,0.807968,4
medqa,r1-distill-llama-8b,medqa_test_00916,1,0.676327,1
medqa,r1-distill-llama-8b,medqa_test_00705,0,0.375334,5
medqa,r1-distill-llama-8b,medqa_test_01178,1,0.327724,2
medqa,r1-distill-llama-8b,medqa_test_00079,1,0.640291,3
medqa,r1-distill-llama-8b,medqa_test_00281,0,0.522192,1
medqa,r1-distill-llama-8b,medqa_test_00967,1,0.391124,3
medqa,r1-distill-llama-8b,medqa_test_00641,1,0.540406,5
medqa,r1-distill-llama-8b,medqa_test_00533,1,0.583644,2
medqa,r1-distill-llama-8b,medqa_test_00891,0,0.357907,4
medqa,r1-distill-llama-8b,medqa_test_00885,0,0.171361,4
medqa,r1-distill-llama-8b,medqa_test_00253,0,0.416095,4
medqa,r1-distill-llama-8b,medqa_test_01094,0,0.253194,3
medqa,r1-distill-llama-8b,medqa_test_01147,0,0.51054,1
medqa,r1-distill-llama-8b,medqa_test_00162,1,0.787977,4
medqa,r1-distill-llama-8b,medqa_test_00456,1,0.355796,3
medqa,r1-distill-llama-8b,medqa_test_00732,0,0.706353,4
medqa,r1-distill-llama-8b,medqa_test_00436,1,0.618048,1
medqa,r1-distill-llama-8b,medqa_test_00516,1,0.262372,2
medqa,r1-distill-llama-8b,medqa_test_00627,1,0.289465,5
medqa,r1-distill-llama-8b,medqa_test_00453,1,0.586869,2
medqa,r1-distill-llama-8b,medqa_test_00324,1,0.711252,2
medqa,r1-distill-llama-8b,medqa_test_01115,1,0.47199,4
medqa,r1-distill-llama-8b,medqa_test_00572,1,0.332284,2
medqa,r1-distill-llama-8b,medqa_test_01004,1,0.477209,5
medqa,r1-distill-llama-8b,medqa_test_01082,1,0.752354,2
medqa,r1-distill-llama-8b,medqa_test_00136,1,0.711337,5
medqa,r1-distill-llama-8b,medqa_test_01049,0,0.559209,3
medqa,r1-distill-llama-8b,medqa_test_01165,1,0.425658,1
medqa,r1-distill-llama-8b,medqa_test_00530,1,0.382174,3
medqa,r1-distill-llama-8b,medqa_test_01162,0,0.463983,4
medqa,r1-distill-llama-8b,medqa_test_01221,0,0.400962,5
medqa,r1-distill-llama-8b,medqa_test_00671,1,0.647273,4
medqa,r1-distill-llama-8b,medqa_test_01243,0,0.535037,1
medqa,r1-distill-llama-8b,medqa_test_00800,1,0.62174,2
medqa,r1-distill-llama-8b,medqa_test_00506,1,0.455458,1
medqa,r1-distill-llama-8b,medqa_test_01220,0,0.391918,4
medqa,r1-distill-llama-8b,medqa_test_00199,0,0.279641,5
medqa,r1-distill-llama-8b,medqa_test_00589,0,0.257884,2
medqa,r1-distill-llama-8b,medqa_test_01183,0,0.594113,3
medqa,r1-distill-llama-8b,medqa_test_00424,1,0.374645,5
medqa,r1-distill-llama-8b,medqa_test_01217,1,0.308712,1
medqa,r1-distill-llama-8b,medqa_test_01063,1,0.708435,1
medqa,r1-distill-llama-8b,medqa_test_00486,1,0.453569,3
medqa,r1-distill-llama-8b,medqa_test_00047,1,0.647707,1
medqa,r1-distill-llama-8b,medqa_test_00838,1,0.513928,4
medqa,r1-distill-llama-8b,medqa_test_00150,1,0.430957,5
medqa,r1-distill-llama-8b,medqa_test_00203,0,0.437088,5
medqa,r1-distill-llama-8b,medqa_test_00230,1,0.802075,3
medqa,r1-distill-llama-8b,medqa_test_01023,0,0.522239,3
medqa,r1-distill-llama-8b,medqa_test_00343,1,0.212299,1
medqa,r1-distill-llama-8b,medqa_test_00981,0,0.615483,3
medqa,r1-distill-llama-8b,medqa_test_00648,1,0.731902,2
medqa,r1-distill-llama-8b,medqa_test_00756,1,0.647705,3
medqa,r1-distill-llama-8b,medqa_test_00290,0,0.452922,2
medqa,r1-distill-llama-8b,medqa_test_00086,1,0.583434,2
medqa,r1-distill-llama-8b,medqa_test_00674,1,0.872473,2
medqa,r1-distill-llama-8b,medqa_test_01156,0,0.209788,3
medqa,r1-distill-llama-8b,medqa_test_00948,1,0.402094,4
medqa,r1-distill-llama-8b,medqa_test_00993,0,0.376796,1
medqa,r1-distill-llama-8b,medqa_test_00721,1,0.332619,5
medqa,r1-distill-llama-8b,medqa_test_00881,1,0.361665,4
medqa,r1-distill-llama-8b,medqa_test_00329,1,0.52949,1
medqa,r1-distill-llama-8b,medqa_test_00670,1,0.198312,1
medqa,r1-distill-llama-8b,medqa_test_00621,0,0.497852,1
medqa,r1-distill-llama-8b,medqa_test_01017,0,0.428503,1
medqa,r1-distill-llama-8b,medqa_test_00293,0,0.606216,4
medqa,r1-distill-llama-8b,medqa_test_00311,1,0.758525,4
medqa,r1-distill-llama-8b,medqa_test_00561,1,0.735794,5
medqa,r1-distill-llama-8b,medqa_test_00308,1,0.746944,5
medqa,r1-distill-llama-8b,medqa_test_00582,1,0.562165,5
medqa,r1-distill-llama-8b,medqa_test_01264,1,0.134701,3
medqa,r1-distill-llama-8b,medqa_test_00693,0,0.492478,3
medqa,r1-distill-llama-8b,medqa_test_00388,1,0.639359,5
medqa,r1-distill-llama-8b,medqa_test_00430,1,0.797089,5
medqa,r1-distill-llama-8b,medqa_test_01097,1,0.694449,4
medqa,r1-distill-llama-8b,medqa_test_00302,1,0.55804,3
medqa,r1-distill-llama-8b,medqa_test_00713,1,0.869836,1
medqa,r1-distill-llama-8b,medqa_test_00412,1,0.472734,4
medqa,r1-distill-llama-8b,medqa_test_01199,1,0.369102,1
medqa,r1-distill-llama-8b,medqa_test_00418,1,0.750796,3
medqa,r1-distill-llama-8b,medqa_test_00316,0,0.139564,5
medqa,r1-distill-llama-8b,medqa_test_00519,0,0.768592,1
medqa,r1-distill-llama-8b,medqa_test_00961,0,0.4477,4
medqa,r1-distill-llama-8b,medqa_test_00737,0,0.399601,4
medqa,r1-distill-llama-8b,medqa_test_00127,1,0.837918,4
medqa,r1-distill-llama-8b,medqa_test_00922,0,0.361581,4
medqa,r1-distill-llama-8b,medqa_test_00784,1,0.772195,4
medqa,r1-distill-llama-8b,medqa_test_01102,0,0.334465,3
medqa,r1-distill-llama-8b,medqa_test_01109,1,0.645428,2
medqa,r1-distill-llama-8b,medqa_test_00680,1,0.631507,1
medqa,r1-distill-llama-8b,medqa_test_00441,1,0.505309,3
medqa,r1-distill-llama-8b,medqa_test_00372,0,0.542835,5
medqa,r1-distill-llama-8b,medqa_test_01061,1,0.678505,3
medqa,r1-distill-llama-8b,medqa_test_00686,1,0.580286,3
medqa,r1-distill-llama-8b,medqa_test_00925,1,0.431118,2
medqa,r1-distill-llama-8b,medqa_test_00992,1,0.659181,5
medqa,r1-distill-llama-8b,medqa_test_00736,1,0.682993,5
medqa,r1-distill-llama-8b,medqa_test_00904,1,0.373699,3
medqa,r1-distill-llama-8b,medqa_test_01127,1,0.374982,4
medqa,r1-distill-llama-8b,medqa_test_00783,1,0.738751,3
medqa,r1-distill-llama-8b,medqa_test_01066,0,0.180203,2
medqa,r1-distill-llama-8b,medqa_test_01144,0,0.714606,1
medqa,r1-distill-llama-8b,medqa_test_00260,1,0.545458,2
medqa,r1-distill-llama-8b,medqa_test_01181,1,0.305664,5
medqa,r1-distill-llama-8b,medqa_test_00590,1,0.246114,2
medqa,r1-distill-llama-8b,medqa_test_00523,0,0.766204,2
medqa,r1-distill-llama-8b,medqa_test_00446,0,0.684909,2
medqa,r1-distill-llama-8b,medqa_test_01072,1,0.835635,1
medqa,r1-distill-llama-8b,medqa_test_00444,0,0.407341,1
medqa,r1-distill-llama-8b,medqa_test_00111,1,0.346331,3
medqa,r1-distill-llama-8b,medqa_test_01198,0,0.559872,1
medqa,r1-distill-llama-8b,medqa_test_00594,0,0.557924,1
medqa,r1-distill-llama-8b,medqa_test_00182,0,0.465281,3
medqa,r1-distill-llama-8b,medqa_test_00972,0,0.688147,1
medqa,r1-distill-llama-8b,medqa_test_00339,0,0.561123,5
medqa,r1-distill-llama-8b,medqa_test_00549,0,0.330361,5
medqa,r1-distill-llama-8b,medqa_test_00409,1,0.801765,4
medqa,r1-distill-llama-8b,medqa_test_00656,1,0.794411,1
medqa,r1-distill-llama-8b,medqa_test_00359,0,0.563526,3
medqa,r1-distill-llama-8b,medqa_test_00807,1,0.404707,3
medqa,r1-distill-llama-8b,medqa_test_00791,0,0.468163,4
medqa,r1-distill-llama-8b,medqa_test_00071,0,0.37891,5
medqa,r1-distill-llama-8b,medqa_test_01176,0,0.215514,4
medqa,r1-distill-llama-8b,medqa_test_00336,0,0.520178,3
medqa,r1-distill-llama-8b,medqa_test_00408,1,0.822232,3
medqa,r1-distill-llama-8b,medqa_test_00197,1,0.665521,4
medqa,r1-distill-llama-8b,medqa_test_00675,1,0.774994,3
medqa,r1-distill-llama-8b,medqa_test_00024,0,0.395148,3
medqa,r1-distill-llama-8b,medqa_test_01146,1,0.512021,2
medqa,r1-distill-llama-8b,medqa_test_00233,1,0.501123,1
medqa,r1-distill-llama-8b,medqa_test_00814,1,0.555699,2
medqa,r1-distill-llama-8b,medqa_test_00358,0,0.419318,4
medqa,r1-distill-llama-8b,medqa_test_01113,1,0.668715,2
medqa,r1-distill-llama-8b,medqa_test_00204,0,0.348045,5
medqa,r1-distill-llama-8b,medqa_test_00391,0,0.412658,4
medqa,r1-distill-llama-8b,medqa_test_00806,0,0.559356,5
medqa,r1-distill-llama-8b,medqa_test_00273,0,0.255708,5
medqa,r1-distill-llama-8b,medqa_test_00254,1,0.851569,2
medqa,r1-distill-llama-8b,medqa_test_00970,1,0.685977,4
medqa,r1-distill-llama-8b,medqa_test_01256,1,0.696547,3
medqa,r1-distill-llama-8b,medqa_test_00421,0,0.36595,4
medqa,r1-distill-llama-8b,medqa_test_00801,1,0.332511,1
medqa,r1-distill-llama-8b,medqa_test_01134,0,0.377428,4
medqa,r1-distill-llama-8b,medqa_test_00754,1,0.472774,2
medqa,r1-distill-llama-8b,medqa_test_00183,0,0.490361,3
medqa,r1-distill-llama-8b,medqa_test_00025,1,0.683841,5
medqa,r1-distill-llama-8b,medqa_test_00181,1,0.295777,2
medqa,r1-distill-llama-8b,medqa_test_00830,0,0.675227,3
medqa,r1-distill-llama-8b,medqa_test_00819,0,0.756495,1
medqa,r1-distill-llama-8b,medqa_test_00166,1,0.554842,2
medqa,r1-distill-llama-8b,medqa_test_00242,0,0.147523,3
medqa,r1-distill-llama-8b,medqa_test_00158,1,0.258841,4
medqa,r1-distill-llama-8b,medqa_test_00767,1,0.575514,4
medqa,r1-distill-llama-8b,medqa_test_00635,1,0.609372,2
medqa,r1-distill-llama-8b,medqa_test_00573,0,0.374471,3
medqa,r1-distill-llama-8b,medqa_test_00798,0,0.191855,5
medqa,r1-distill-llama-8b,medqa_test_00362,0,0.151309,4
medqa,r1-distill-llama-8b,medqa_test_00105,0,0.638391,2
medqa,r1-distill-llama-8b,medqa_test_00682,0,0.329913,1
medqa,r1-distill-llama-8b,medqa_test_00698,0,0.401882,1
medqa,r1-distill-llama-8b,medqa_test_00908,0,0.700005,1
medqa,r1-distill-llama-8b,medqa_test_00982,1,0.783296,3
medqa,r1-distill-llama-8b,medqa_test_00815,1,0.620749,5
medqa,r1-distill-llama-8b,medqa_test_00373,1,0.602048,5
medqa,r1-distill-llama-8b,medqa_test_00315,0,0.641261,2
medqa,r1-distill-llama-8b,medqa_test_00042,0,0.499653,3
medqa,r1-distill-llama-8b,medqa_test_01158,0,0.253276,1
medqa,r1-distill-llama-8b,medqa_test_01239,0,0.354403,4
medqa,r1-distill-llama-8b,medqa_test_00151,0,0.219218,2
medqa,r1-distill-llama-8b,medqa_test_00565,1,0.591638,5
medqa,r1-distill-llama-8b,medqa_test_01179,0,0.745551,1
medqa,r1-distill-llama-8b,medqa_test_00854,1,0.565713,4
medqa,r1-distill-llama-8b,medqa_test_00036,1,0.403472,4
medqa,r1-distill-llama-8b,medqa_test_00558,1,0.711112,2
medqa,r1-distill-llama-8b,medqa_test_00152,1,0.292305,2
medqa,r1-distill-llama-8b,medqa_test_00707,1,0.424769,2
medqa,r1-distill-llama-8b,medqa_test_01192,0,0.645567,4
medqa,r1-distill-llama-8b,medqa_test_00574,1,0.49172,2
medqa,r1-distill-llama-8b,medqa_test_01035,1,0.539959,2
medqa,r1-distill-llama-8b,medqa_test_00722,1,0.527877,2
medqa,r1-distill-llama-8b,medqa_test_00564,0,0.472795,4
medqa,r1-distill-llama-8b,medqa_test_00452,0,0.298434,1
medqa,r1-distill-llama-8b,medqa_test_00759,0,0.207448,5
medqa,r1-distill-llama-8b,medqa_test_00165,0,0.375523,2
medqa,r1-distill-llama-8b,medqa_test_00652,0,0.495901,4
medqa,r1-distill-llama-8b,medqa_test_00133,1,0.65378,5
medqa,r1-distill-llama-8b,medqa_test_00789,0,0.482517,3
medqa,r1-distill-llama-8b,medqa_test_00341,1,0.720738,4
medqa,r1-distill-llama-8b,medqa_test_00045,1,0.734086,2
medqa,r1-distill-llama-8b,medqa_test_01167,1,0.239588,4
medqa,r1-distill-llama-8b,medqa_test_00849,1,0.618563,4
medqa,r1-distill-llama-8b,medqa_test_01105,1,0.812386,5
medqa,r1-distill-llama-8b,medqa_test_00094,1,0.465287,1
medqa,r1-distill-llama-8b,medqa_test_01139,0,0.482609,5
medqa,r1-distill-llama-8b,medqa_test_01112,0,0.627879,5
medqa,r1-distill-llama-8b,medqa_test_00500,0,0.21637,2
medqa,r1-distill-llama-8b,medqa_test_00517,0,0.484766,5
medqa,r1-distill-llama-8b,medqa_test_01053,1,0.567032,5
medqa,r1-distill-llama-8b,medqa_test_00649,0,0.180536,5
medqa,r1-distill-llama-8b,medqa_test_00208,1,0.6736,5
medqa,r1-distill-llama-8b,medqa_test_00351,0,0.25461,5
medqa,r1-distill-llama-8b,medqa_test_00215,0,0.512853,4
medqa,r1-distill-llama-8b,medqa_test_00619,0,0.207562,1
medqa,r1-distill-llama-8b,medqa_test_00288,0,0.524775,1
medqa,r1-distill-llama-8b,medqa_test_00278,1,0.684624,5
medqa,r1-distill-llama-8b,medqa_test_00566,0,0.416474,3
medqa,r1-distill-llama-8b,medqa_test_00760,1,0.736018,4
medqa,r1-distill-llama-8b,medqa_test_00987,0,0.320565,3
medqa,r1-distill-llama-8b,medqa_test_01119,1,0.470604,3
medqa,r1-distill-llama-8b,medqa_test_01075,0,0.48773,5
medqa,r1-distill-llama-8b,medqa_test_00106,0,0.53028,3
medqa,r1-distill-llama-8b,medqa_test_00679,1,0.445353,2
medqa,r1-distill-llama-8b,medqa_test_00836,1,0.634171,1
medqa,r1-distill-llama-8b,medqa_test_00683,0,0.486498,3
medqa,r1-distill-llama-8b,medqa_test_00008,1,0.339568,2
medqa,r1-distill-llama-8b,medqa_test_01231,1,0.812254,1
medqa,r1-distill-llama-8b,medqa_test_00669,1,0.583204,1
medqa,r1-distill-llama-8b,medqa_test_00826,0,0.420198,1
medqa,r1-distill-llama-8b,medqa_test_00626,1,0.660819,4
medqa,r1-distill-llama-8b,medqa_test_00309,0,0.581385,1
medqa,r1-distill-llama-8b,medqa_test_00556,1,0.268161,2
medqa,r1-distill-llama-8b,medqa_test_00853,0,0.361223,5
medqa,r1-distill-llama-8b,medqa_test_00448,0,0.372287,4
medqa,r1-distill-llama-8b,medqa_test_00291,1,0.645087,1
medqa,r1-distill-llama-8b,medqa_test_00378,0,0.180922,4
medqa,r1-distill-llama-8b,medqa_test_00250,1,0.65874,4
medqa,r1-distill-llama-8b,medqa_test_01024,0,0.417174,1
medqa,r1-distill-llama-8b,medqa_test_00357,0,0.351056,5
medqa,r1-distill-llama-8b,medqa_test_01186,0,0.421397,3
medqa,r1-distill-llama-8b,medqa_test_00966,0,0.868569,4
medqa,r1-distill-llama-8b,medqa_test_00518,0,0.285525,3
medqa,r1-distill-llama-8b,medqa_test_00218,1,0.656125,4
medqa,r1-distill-llama-8b,medqa_test_00550,0,0.494605,4
medqa,r1-distill-llama-8b,medqa_test_00075,0,0.358516,5
medqa,r1-distill-llama-8b,medqa_test_00102,1,0.525476,3
medqa,r1-distill-llama-8b,medqa_test_00576,0,0.223998,4
medqa,r1-distill-llama-8b,medqa_test_00636,1,0.601353,3
medqa,r1-distill-llama-8b,medqa_test_00009,1,0.559677,4
medqa,r1-distill-llama-8b,medqa_test_00074,0,0.370081,5
medqa,r1-distill-llama-8b,medqa_test_00769,0,0.574181,2
medqa,r1-distill-llama-8b,medqa_test_00951,0,0.202289,2
medqa,r1-distill-llama-8b,medqa_test_00307,0,0.360012,2
medqa,r1-distill-llama-8b,medqa_test_00660,1,0.817725,5
medqa,r1-distill-llama-8b,medqa_test_00687,1,0.257512,1
medqa,r1-distill-llama-8b,medqa_test_00134,1,0.736356,4
medqa,r1-distill-llama-8b,medqa_test_00405,0,0.473847,5
medqa,r1-distill-llama-8b,medqa_test_00244,1,0.174823,2
medqa,r1-distill-llama-8b,medqa_test_01012,1,0.583986,2
medqa,r1-distill-llama-8b,medqa_test_00733,0,0.341746,2
medqa,r1-distill-llama-8b,medqa_test_00267,0,0.533101,2
medqa,r1-distill-llama-8b,medqa_test_01143,0,0.546724,5
medqa,r1-distill-llama-8b,medqa_test_00535,1,0.784584,3
medqa,r1-distill-llama-8b,medqa_test_00578,0,0.495077,3
medqa,r1-distill-llama-8b,medqa_test_00597,1,0.495899,1
medqa,r1-distill-llama-8b,medqa_test_01205,0,0.418087,2
medqa,r1-distill-llama-8b,medqa_test_00634,0,0.604155,5
medqa,r1-distill-llama-8b,medqa_test_00040,1,0.805777,3
medqa,r1-distill-llama-8b,medqa_test_00608,1,0.454024,2
medqa,r1-distill-llama-8b,medqa_test_01216,0,0.491152,1
medqa,r1-distill-llama-8b,medqa_test_00583,0,0.313257,3
medqa,r1-distill-llama-8b,medqa_test_00911,0,0.4475,1
medqa,r1-distill-llama-8b,medqa_test_00964,0,0.276799,2
medqa,r1-distill-llama-8b,medqa_test_00122,1,0.798863,1
medqa,r1-distill-llama-8b,medqa_test_00413,1,0.574881,5
medqa,r1-distill-llama-8b,medqa_test_00240,1,0.508365,3
medqa,r1-distill-llama-8b,medqa_test_01067,0,0.448121,4
medqa,r1-distill-llama-8b,medqa_test_00691,1,0.697261,4
medqa,r1-distill-llama-8b,medqa_test_00069,1,0.420185,4
medqa,r1-distill-llama-8b,medqa_test_00609,1,0.664759,5
medqa,r1-distill-llama-8b,medqa_test_00190,0,0.573547,5
medqa,r1-distill-llama-8b,medqa_test_00871,1,0.54869,2
medqa,r1-distill-llama-8b,medqa_test_00082,0,0.39024,2
mmlu_pro,r1-distill-llama-8b,mmlu_pro_test_04946,0,0.194681,3
mmlu_pro,r1-distill-llama-8b,mmlu_pro_test_06900,1,0.722369,2
mmlu_pro,r1-distill-llama-8b,mmlu_pro_test_01405,0,0.15706,4
mmlu_pro,r1-distill-llama-8b,mmlu_pro_test_03199,1,0.780118,4
mmlu_pro,r1-distill-llama-8b,mmlu_pro_test_00399,0,0.436886,2
mmlu_pro,r1-distill-llama-8b,mmlu_pro_test_06405,0,0.16565,5
mmlu_pro,r1-distill-llama-8b,mmlu_pro_test_07379,0,0.752849,1
mmlu_pro,r1-distill-llama-8b,mmlu_pro_test_02736,1,0.810872,1
mmlu_pro,r1-distill-llama-8b,mmlu_pro_test_02400,1,0.636455,2
mmlu_pro,r1-distill-llama-8b,mmlu_pro_test_00612,0,0.537732,1
mmlu_pro,r1-distill-llama-8b,mmlu_pro_test_04994,0,0.380152,2
mmlu_pro,r1-distill-llama-8b,mmlu_pro_test_02961,1,0.503248,5
mmlu_pro,r1-distill-llama-8b,mmlu_pro_test_08614,1,0.857778,3
mmlu_pro,r1-distill-llama-8b,mmlu_pro_test_05716,1,0.663315,1
mmlu_pro,r1-distill-llama-8b,mmlu_pro_test_07328,0,0.49254,4
mmlu_pro,r1-distill-llama-8b,mmlu_pro_test_07664,1,0.741987,4
mmlu_pro,r1-distill-llama-8b,mmlu_pro_test_02354,0,0.521411,5
mmlu_pro,r1-distill-llama-8b,mmlu_pro_test_04767,0,0.690823,1
mmlu_pro,r1-distill-llama-8b,mmlu_pro_test_05252,0,0.531554,1
mmlu_pro,r1-distill-llama-8b,mmlu_pro_test_10247,1,0.756859,1
mmlu_pro,r1-distill-llama-8b,mmlu_pro_test_01449,0,0.160083,2
mmlu_pro,r1-distill-llama-8b,mmlu_pro_test_08489,1,0.814913,5
mmlu_pro,r1-distill-llama-8b,mmlu_pro_test_07315,0,0.433345,1
mmlu_pro,r1-distill-llama-8b,mmlu_pro_test_07308,0,0.209246,3
mmlu_pro,r1-distill-llama-8b,mmlu_pro_test_05875,1,0.762529,5
mmlu_pro,r1-distill-llama-8b,mmlu_pro_test_10639,0,0.474047,2
mmlu_pro,r1-distill-llama-8b,mmlu_pro_test_07624,0,0.746029,1
mmlu_pro,r1-distill-llama-8b,mmlu_pro_test_08841,1,0.731839,5
mmlu_pro,r1-distill-llama-8b,mmlu_pro_test_10104,1,0.609651,4
mmlu_pro,r1-distill-llama-8b,mmlu_pro_test_07610,1,0.460675,4
mmlu_pro,r1-distill-llama-8b,mmlu_pro_test_01518,0,0.651218,3
mmlu_pro,r1-distill-llama-8b,mmlu_pro_test_11897,0,0.316982,4
mmlu_pro,r1-distill-llama-8b,mmlu_pro_test_03821,1,0.821193,5
mmlu_pro,r1-distill-llama-8b,mmlu_pro_test_02666,0,0.313414,5
mmlu_pro,r1-distill-llama-8b,mmlu_pro_test_04762,1,0.683759,2
mmlu_pro,r1-distill-llama-8b,mmlu_pro_test_10305,1,0.699243,4
mmlu_pro,r1-distill-llama-8b,mmlu_pro_test_10990,1,0.595093,3
mmlu_pro,r1-distill-llama-8b,mmlu_pro_test_10376,1,0.262806,1
mmlu_pro,r1-distill-llama-8b,mmlu_pro_test_07465,0,0.281287,5
mmlu_pro,r1-distill-llama-8b,mmlu_pro_test_06478,1,0.327466,1
mmlu_pro,r1-distill-llama-8b,mmlu_pro_test_07227,0,0.85797,3
mmlu_pro,r1-distill-llama-8b,mmlu_pro_test_08081,1,0.292709,4
mmlu_pro,r1-distill-llama-8b,mmlu_pro_test_02006,0,0.16477,5
mmlu_pro,r1-distill-llama-8b,mmlu_pro_test_06169,1,0.743588,4
mmlu_pro,r1-distill-llama-8b,mmlu_pro_test_00777,1,0.71708,5
mmlu_pro,r1-distill-llama-8b,mmlu_pro_test_03086,1,0.908158,3
mmlu_pro,r1-distill-llama-8b,mmlu_pro_test_06764,0,0.347923,5
mmlu_pro,r1-distill-llama-8b,mmlu_pro_test_04577,0,0.483873,1
mmlu_pro,r1-distill-llama-8b,mmlu_pro_test_04648,0,0.131001,3
mmlu_pro,r1-distill-llama-8b,mmlu_pro_test_03333,1,0.400334,3
mmlu_pro,r1-distill-llama-8b,mmlu_pro_test_07073,0,0.591251,5
mmlu_pro,r1-distill-llama-8b,mmlu_pro_test_02543,0,0.375593,5
mmlu_pro,r1-distill-llama-8b,mmlu_pro_test_09545,1,0.824928,4
mmlu_pro,r1-distill-llama-8b,mmlu_pro_test_05814,1,0.663903,4
mmlu_pro,r1-distill-llama-8b,mmlu_pro_test_10619,0,0.248811,2
mmlu_pro,r1-distill-llama-8b,mmlu_pro_test_04531,1,0.604665,3
mmlu_pro,r1-distill-llama-8b,mmlu_pro_test_05901,0,0.155364,4
mmlu_pro,r1-distill-llama-8b,mmlu_pro_test_01520,0,0.364194,2
mmlu_pro,r1-distill-llama-8b,mmlu_pro_test_04600,1,0.373076,1
mmlu_pro,r1-distill-llama-8b,mmlu_pro_test_08707,1,0.872991,5
mmlu_pro,r1-distill-llama-8b,mmlu_pro_test_06047,1,0.559788,2
mmlu_pro,r1-distill-llama-8b,mmlu_pro_test_10314,1,0.602761,4
mmlu_pro,r1-distill-llama-8b,mmlu_pro_test_06344,0,0.064548,3
mmlu_pro,r1-distill-llama-8b,mmlu_pro_test_07841,1,0.820685,2
mmlu_pro,r1-distill-llama-8b,mmlu_pro_test_02367,0,0.276771,5
mmlu_pro,r1-distill-llama-8b,mmlu_pro_test_03243,0,0.27664,4
mmlu_pro,r1-distill-llama-8b,mmlu_pro_test_03551,1,0.473604,4
mmlu_pro,r1-distill-llama-8b,mmlu_pro_test_00105,1,0.770118,1
mmlu_pro,r1-distill-llama-8b,mmlu_pro_test_07621,1,0.402844,4
mmlu_pro,r1-distill-llama-8b,mmlu_pro_test_05290,0,0.646309,1
mmlu_pro,r1-distill-llama-8b,mmlu_pro_test_06374,0,0.229541,1
mmlu_pro,r1-distill-llama-8b,mmlu_pro_test_04854,1,0.821165,4
mmlu_pro,r1-distill-llama-8b,mmlu_pro_test_01994,0,0.420098,3
mmlu_pro,r1-distill-llama-8b,mmlu_pro_test_08531,1,0.505561,4
mmlu_pro,r1-distill-llama-8b,mmlu_pro_test_07336,0,0.279808,2
mmlu_pro,r1-distill-llama-8b,mmlu_pro_test_06826,1,0.695113,3
mmlu_pro,r1-distill-llama-8b,mmlu_pro_test_03296,1,0.317761,1
mmlu_pro,r1-distill-llama-8b,mmlu_pro_test_01155,0,0.242037,2
mmlu_pro,r1-distill-llama-8b,mmlu_pro_test_04641,0,0.403901,1
mmlu_pro,r1-distill-llama-8b,mmlu_pro_test_06440,0,0.117382,1
mmlu_pro,r1-distill-llama-8b,mmlu_pro_test_04810,0,0.251012,2
mmlu_pro,r1-distill-llama-8b,mmlu_pro_test_06683,0,0.610589,2
mmlu_pro,r1-distill-llama-8b,mmlu_pro_test_10242,1,0.651361,1
mmlu_pro,r1-distill-llama-8b,mmlu_pro_test_06474,0,0.498105,3
mmlu_pro,r1-distill-llama-8b,mmlu_pro_test_01722,0,0.187628,2
mmlu_pro,r1-distill-llama-8b,mmlu_pro_test_01510,0,0.567938,1
mmlu_pro,r1-distill-llama-8b,mmlu_pro_test_07068,0,0.67228,5
mmlu_pro,r1-distill-llama-8b,mmlu_pro_test_01471,1,0.316226,1
mmlu_pro,r1-distill-llama-8b,mmlu_pro_test_04667,0,0.69792,5
mmlu_pro,r1-distill-llama-8b,mmlu_pro_test_04596,1,0.316029,5
mmlu_pro,r1-distill-llama-8b,mmlu_pro_test_11048,0,0.740375,2
mmlu_pro,r1-distill-llama-8b,mmlu_pro_test_08599,1,0.798197,1
mmlu_pro,r1-distill-llama-8b,mmlu_pro_test_06330,0,0.443024,5
mmlu_pro,r1-distill-llama-8b,mmlu_pro_test_09589,1,0.819239,2
mmlu_pro,r1-distill-llama-8b,mmlu_pro_test_01851,0,0.727591,4
mmlu_pro,r1-distill-llama-8b,mmlu_pro_test_04323,1,0.571545,2
mmlu_pro,r1-distill-llama-8b,mmlu_pro_test_03177,0,0.491945,4
mmlu_pro,r1-distill-llama-8b,mmlu_pro_test_02899,1,0.736778,4
mmlu_pro,r1-distill-llama-8b,mmlu_pro_test_06094,0,0.522358,5
mmlu_pro,r1-distill-llama-8b,mmlu_pro_test_10249,0,0.259687,2
mmlu_pro,r1-distill-llama-8b,mmlu_pro_test_10777,0,0.253851,2
mmlu_pro,r1-distill-llama-8b,mmlu_pro_test_00193,0,0.597216,4
mmlu_pro,r1-distill-llama-8b,mmlu_pro_test_06476,0,0.709507,4
mmlu_pro,r1-distill-llama-8b,mmlu_pro_test_03128,1,0.762307,5
mmlu_pro,r1-distill-llama-8b,mmlu_pro_test_06423,0,0.30115,5
mmlu_pro,r1-distill-llama-8b,mmlu_pro_test_02619,0,0.278281,2
mmlu_pro,r1-distill-llama-8b,mmlu_pro_test_07547,0,0.629528,5
mmlu_pro,r1-distill-llama-8b,mmlu_pro_test_03546,1,0.429036,2
mmlu_pro,r1-distill-llama-8b,mmlu_pro_test_05346,0,0.195041,4
mmlu_pro,r1-distill-llama-8b,mmlu_pro_test_02989,1,0.250825,4
mmlu_pro,r1-distill-llama-8b,mmlu_pro_test_01054,0,0.21619,4
mmlu_pro,r1-distill-llama-8b,mmlu_pro_test_07105,0,0.530356,3
mmlu_pro,r1-distill-llama-8b,mmlu_pro_test_03107,1,0.52492,5
mmlu_pro,r1-distill-llama-8b,mmlu_pro_test_10696,0,0.315015,4
mmlu_pro,r1-distill-llama-8b,mmlu_pro_test_02622,1,0.145424,3
mmlu_pro,r1-distill-llama-8b,mmlu_pro_test_02098,1,0.75362,3
mmlu_pro,r1-distill-llama-8b,mmlu_pro_test_01873,0,0.386137,4
mmlu_pro,r1-distill-llama-8b,mmlu_pro_test_02310,1,0.390123,2
mmlu_pro,r1-distill-llama-8b,mmlu_pro_test_04768,0,0.283532,2
mmlu_pro,r1-distill-llama-8b,mmlu_pro_test_00538,1,0.663506,5
mmlu_pro,r1-distill-llama-8b,mmlu_pro_test_08558,1,0.723967,4
mmlu_pro,r1-distill-llama-8b,mmlu_pro_test_02212,1,0.714339,2
mmlu_pro,r1-distill-llama-8b,mmlu_pro_test_00294,0,0.287964,3
mmlu_pro,r1-distill-llama-8b,mmlu_pro_test_01352,0,0.125884,1
mmlu_pro,r1-distill-llama-8b,mmlu_pro_test_10274,0,0.264932,2
mmlu_pro,r1-distill-llama-8b,mmlu_pro_test_00677,1,0.580689,5
mmlu_pro,r1-distill-llama-8b,mmlu_pro_test_06106,1,0.644927,1
mmlu_pro,r1-distill-llama-8b,mmlu_pro_test_01153,0,0.430304,1
mmlu_pro,r1-distill-llama-8b,mmlu_pro_test_10822,0,0.238406,3
mmlu_pro,r1-distill-llama-8b,mmlu_pro_test_00244,0,0.188775,1
mmlu_pro,r1-distill-llama-8b,mmlu_pro_test_05645,1,0.502246,1
mmlu_pro,r1-distill-llama-8b,mmlu_pro_test_01750,0,0.197566,1
mmlu_pro,r1-distill-llama-8b,mmlu_pro_test_01875,0,0.048532,5
mmlu_pro,r1-distill-llama-8b,mmlu_pro_test_01105,0,0.263135,1
mmlu_pro,r1-distill-llama-8b,mmlu_pro_test_03360,1,0.787371,4
mmlu_pro,r1-distill-llama-8b,mmlu_pro_test_01281,0,0.465259,5
mmlu_pro,r1-distill-llama-8b,mmlu_pro_test_06933,1,0.39692,1
mmlu_pro,r1-distill-llama-8b,mmlu_pro_test_01741,0,0.056262,2
mmlu_pro,r1-distill-llama-8b,mmlu_pro_test_07745,0,0.233221,5
mmlu_pro,r1-distill-llama-8b,mmlu_pro_test_05863,0,0.371153,5
mmlu_pro,r1-distill-llama-8b,mmlu_pro_test_00578,0,0.464612,4
mmlu_pro,r1-distill-llama-8b,mmlu_pro_test_01634,0,0.294441,3
mmlu_pro,r1-distill-llama-8b,mmlu_pro_test_01115,0,0.756341,3
mmlu_pro,r1-distill-llama-8b,mmlu_pro_test_01088,0,0.182472,5
mmlu_pro,r1-distill-llama-8b,mmlu_pro_test_09247,1,0.563421,3
mmlu_pro,r1-distill-llama-8b,mmlu_pro_test_00943,0,0.489227,2
mmlu_pro,r1-distill-llama-8b,mmlu_pro_test_05483,1,0.217226,5
mmlu_pro,r1-distill-llama-8b,mmlu_pro_test_00881,1,0.698078,4
mmlu_pro,r1-distill-llama-8b,mmlu_pro_test_06356,0,0.179862,2
mmlu_pro,r1-distill-llama-8b,mmlu_pro_test_05571,0,0.383401,2
mmlu_pro,r1-distill-llama-8b,mmlu_pro_test_05042,0,0.76617,3
mmlu_pro,r1-distill-llama-8b,mmlu_pro_test_06964,1,0.55489,3
mmlu_pro,r1-distill-llama-8b,mmlu_pro_test_06324,0,0.692999,5
mmlu_pro,r1-distill-llama-8b,mmlu_pro_test_11328,1,0.70431,5
mmlu_pro,r1-distill-llama-8b,mmlu_pro_test_10848,0,0.211246,1
mmlu_pro,r1-distill-llama-8b,mmlu_pro_test_09027,0,0.248772,3
mmlu_pro,r1-distill-llama-8b,mmlu_pro_test_06780,1,0.202416,4
mmlu_pro,r1-distill-llama-8b,mmlu_pro_test_06430,0,0.273786,2
mmlu_pro,r1-distill-llama-8b,mmlu_pro_test_09215,1,0.534372,4
mmlu_pro,r1-distill-llama-8b,mmlu_pro_test_08916,0,0.898201,3
mmlu_pro,r1-distill-llama-8b,mmlu_pro_test_03285,1,0.745022,5
mmlu_pro,r1-distill-llama-8b,mmlu_pro_test_07952,0,0.706898,3
mmlu_pro,r1-distill-llama-8b,mmlu_pro_test_02613,1,0.443519,2
mmlu_pro,r1-distill-llama-8b,mmlu_pro_test_07051,1,0.298999,4
mmlu_pro,r1-distill-llama-8b,mmlu_pro_test_06654,1,0.346355,2
mmlu_pro,r1-distill-llama-8b,mmlu_pro_test_08077,1,0.761422,5
mmlu_pro,r1-distill-llama-8b,mmlu_pro_test_02376,0,0.335214,2
mmlu_pro,r1-distill-llama-8b,mmlu_pro_test_10943,0,0.607355,1
mmlu_pro,r1-distill-llama-8b,mmlu_pro_test_01822,0,0.109957,1
mmlu_pro,r1-distill-llama-8b,mmlu_pro_test_08513,1,0.812109,2
mmlu_pro,r1-distill-llama-8b,mmlu_pro_test_06409,1,0.556425,3
mmlu_pro,r1-distill-llama-8b,mmlu_pro_test_05509,1,0.503271,2
mmlu_pro,r1-distill-llama-8b,mmlu_pro_test_07012,0,0.669906,3
mmlu_pro,r1-distill-llama-8b,mmlu_pro_test_07233,1,0.793827,1
mmlu_pro,r1-distill-llama-8b,mmlu_pro_test_04296,1,0.772778,5
mmlu_pro,r1-distill-llama-8b,mmlu_pro_test_02676,1,0.354286,5
mmlu_pro,r1-distill-llama-8b,mmlu_pro_test_07131,0,0.819434,3
mmlu_pro,r1-distill-llama-8b,mmlu_pro_test_03420,0,0.23855,2
mmlu_pro,r1-distill-llama-8b,mmlu_pro_test_07275,1,0.687848,2
mmlu_pro,r1-distill-llama-8b,mmlu_pro_test_10194,0,0.41323,2
mmlu_pro,r1-distill-llama-8b,mmlu_pro_test_07176,1,0.504823,3
mmlu_pro,r1-distill-llama-8b,mmlu_pro_test_00102,1,0.523407,2
mmlu_pro,r1-distill-llama-8b,mmlu_pro_test_01799,1,0.191186,1
mmlu_pro,r1-distill-llama-8b,mmlu_pro_test_06147,0,0.403761,4
mmlu_pro,r1-distill-llama-8b,mmlu_pro_test_02443,1,0.839351,3
mmlu_pro,r1-distill-llama-8b,mmlu_pro_test_05266,0,0.68186,1
mmlu_pro,r1-distill-llama-8b,mmlu_pro_test_05079,1,0.489015,4
mmlu_pro,r1-distill-llama-8b,mmlu_pro_test_07712,1,0.715105,5
mmlu_pro,r1-distill-llama-8b,mmlu_pro_test_07938,0,0.324541,1
mmlu_pro,r1-distill-llama-8b,mmlu_pro_test_10854,1,0.594414,4
mmlu_pro,r1-distill-llama-8b,mmlu_pro_test_02199,0,0.61294,3
mmlu_pro,r1-distill-llama-8b,mmlu_pro_test_00801,0,0.037179,5
mmlu_pro,r1-distill-llama-8b,mmlu_pro_test_04601,0,0.164282,5
mmlu_pro,r1-distill-llama-8b,mmlu_pro_test_06758,1,0.757414,2
mmlu_pro,r1-distill-llama-8b,mmlu_pro_test_05350,0,0.279178,2
mmlu_pro,r1-distill-llama-8b,mmlu_pro_test_02247,1,0.728839,2
mmlu_pro,r1-distill-llama-8b,mmlu_pro_test_01490,0,0.276685,2
mmlu_pro,r1-distill-llama-8b,mmlu_pro_test_00144,1,0.807124,2
mmlu_pro,r1-distill-llama-8b,mmlu_pro_test_03337,0,0.764037,2
mmlu_pro,r1-distill-llama-8b,mmlu_pro_test_05298,0,0.2541,1
mmlu_pro,r1-distill-llama-8b,mmlu_pro_test_02279,1,0.462642,5
mmlu_pro,r1-distill-llama-8b,mmlu_pro_test_06777,1,0.491285,5
mmlu_pro,r1-distill-llama-8b,mmlu_pro_test_03188,0,0.809358,3
mmlu_pro,r1-distill-llama-8b,mmlu_pro_test_04250,1,0.746746,5
mmlu_pro,r1-distill-llama-8b,mmlu_pro_test_01250,0,0.346131,3
mmlu_pro,r1-distill-llama-8b,mmlu_pro_test_02173,0,0.633629,4
mmlu_pro,r1-distill-llama-8b,mmlu_pro_test_00728,1,0.480108,4
mmlu_pro,r1-distill-llama-8b,mmlu_pro_test_01919,0,0.360271,5
mmlu_pro,r1-distill-llama-8b,mmlu_pro_test_05840,0,0.575919,1
mmlu_pro,r1-distill-llama-8b,mmlu_pro_test_10423,1,0.364442,3
mmlu_pro,r1-distill-llama-8b,mmlu_pro_test_05818,0,0.566344,4
mmlu_pro,r1-distill-llama-8b,mmlu_pro_test_10067,1,0.738565,1
mmlu_pro,r1-distill-llama-8b,mmlu_pro_test_08111,1,0.819579,4
mmlu_pro,r1-distill-llama-8b,mmlu_pro_test_05926,0,0.219392,2
mmlu_pro,r1-distill-llama-8b,mmlu_pro_test_00751,0,0.581183,4
mmlu_pro,r1-distill-llama-8b,mmlu_pro_test_10827,1,0.742278,2
mmlu_pro,r1-distill-llama-8b,mmlu_pro_test_08788,0,0.259101,3
mmlu_pro,r1-distill-llama-8b,mmlu_pro_test_00644,1,0.738705,1
mmlu_pro,r1-distill-llama-8b,mmlu_pro_test_01205,1,0.752947,3
mmlu_pro,r1-distill-llama-8b,mmlu_pro_test_05689,0,0.396024,2
mmlu_pro,r1-distill-llama-8b,mmlu_pro_test_05010,0,0.458572,5
mmlu_pro,r1-distill-llama-8b,mmlu_pro_test_05512,0,0.248664,5
mmlu_pro,r1-distill-llama-8b,mmlu_pro_test_06901,1,0.567287,4
mmlu_pro,r1-distill-llama-8b,mmlu_pro_test_04665,1,0.797578,2
mmlu_pro,r1-distill-llama-8b,mmlu_pro_test_06854,0,0.207002,4
mmlu_pro,r1-distill-llama-8b,mmlu_pro_test_02874,0,0.279998,5
mmlu_pro,r1-distill-llama-8b,mmlu_pro_test_11021,1,0.176392,3
mmlu_pro,r1-distill-llama-8b,mmlu_pro_test_06497,1,0.65426,3
mmlu_pro,r1-distill-llama-8b,mmlu_pro_test_08694,1,0.627358,5
mmlu_pro,r1-distill-llama-8b,mmlu_pro_test_05696,0,0.74551,3
mmlu_pro,r1-distill-llama-8b,mmlu_pro_test_07437,1,0.625635,4
mmlu_pro,r1-distill-llama-8b,mmlu_pro_test_01831,0,0.601768,4
mmlu_pro,r1-distill-llama-8b,mmlu_pro_test_02148,1,0.707704,2
mmlu_pro,r1-distill-llama-8b,mmlu_pro_test_00219,1,0.466212,2
mmlu_pro,r1-distill-llama-8b,mmlu_pro_test_01532,1,0.428644,3
mmlu_pro,r1-distill-llama-8b,mmlu_pro_test_03087,1,0.37947,5
mmlu_pro,r1-distill-llama-8b,mmlu_pro_test_07100,1,0.65424,5
mmlu_pro,r1-distill-llama-8b,mmlu_pro_test_09170,1,0.676581,1
mmlu_pro,r1-distill-llama-8b,mmlu_pro_test_04309,1,0.631546,3
mmlu_pro,r1-distill-llama-8b,mmlu_pro_test_08993,1,0.785391,2
mmlu_pro,r1-distill-llama-8b,mmlu_pro_test_10113,1,0.571071,2
mmlu_pro,r1-distill-llama-8b,mmlu_pro_test_08399,1,0.844536,5
mmlu_pro,r1-distill-llama-8b,mmlu_pro_test_01252,0,0.207841,4
mmlu_pro,r1-distill-llama-8b,mmlu_pro_test_02171,0,0.633125,1
mmlu_pro,r1-distill-llama-8b,mmlu_pro_test_07031,1,0.681213,5
mmlu_pro,r1-distill-llama-8b,mmlu_pro_test_11015,0,0.333846,4
mmlu_pro,r1-distill-llama-8b,mmlu_pro_test_06831,1,0.562197,2
mmlu_pro,r1-distill-llama-8b,mmlu_pro_test_09713,1,0.741052,1
mmlu_pro,r1-distill-llama-8b,mmlu_pro_test_05195,1,0.070553,3
mmlu_pro,r1-distill-llama-8b,mmlu_pro_test_08685,0,0.677686,5
mmlu_pro,r1-distill-llama-8b,mmlu_pro_test_04928,1,0.503446,2
mmlu_pro,r1-distill-llama-8b,mmlu_pro_test_01141,0,0.367567,4
mmlu_pro,r1-distill-llama-8b,mmlu_pro_test_06313,1,0.804595,1
mmlu_pro,r1-distill-llama-8b,mmlu_pro_test_06295,0,0.221698,3
mmlu_pro,r1-distill-llama-8b,mmlu_pro_test_08122,1,0.838722,5
mmlu_pro,r1-distill-llama-8b,mmlu_pro_test_00811,1,0.438625,5
mmlu_pro,r1-distill-llama-8b,mmlu_pro_test_06830,1,0.856753,5
mmlu_pro,r1-distill-llama-8b,mmlu_pro_test_02011,0,0.643178,1
mmlu_pro,r1-distill-llama-8b,mmlu_pro_test_01134,0,0.142071,4
mmlu_pro,r1-distill-llama-8b,mmlu_pro_test_01760,0,0.468284,3
mmlu_pro,r1-distill-llama-8b,mmlu_pro_test_09123,0,0.75593,3
mmlu_pro,r1-distill-llama-8b,mmlu_pro_test_04867,0,0.545078,2
mmlu_pro,r1-distill-llama-8b,mmlu_pro_test_00329,1,0.529067,3
mmlu_pro,r1-distill-llama-8b,mmlu_pro_test_01736,1,0.579062,3
mmlu_pro,r1-distill-llama-8b,mmlu_pro_test_04974,1,0.575577,3
mmlu_pro,r1-distill-llama-8b,mmlu_pro_test_04929,1,0.774235,3
mmlu_pro,r1-distill-llama-8b,mmlu_pro_test_00906,0,0.244987,3
mmlu_pro,r1-distill-llama-8b,mmlu_pro_test_04603,0,0.495518,2
mmlu_pro,r1-distill-llama-8b,mmlu_pro_test_06663,0,0.23407,5
mmlu_pro,r1-distill-llama-8b,mmlu_pro_test_05202,1,0.313547,3
mmlu_pro,r1-distill-llama-8b,mmlu_pro_test_07832,1,0.364557,3
mmlu_pro,r1-distill-llama-8b,mmlu_pro_test_06787,1,0.587473,4
mmlu_pro,r1-distill-llama-8b,mmlu_pro_test_03436,1,0.742191,1
mmlu_pro,r1-distill-llama-8b,mmlu_pro_test_05678,0,0.746176,5
mmlu_pro,r1-distill-llama-8b,mmlu_pro_test_11904,0,0.197573,3
mmlu_pro,r1-distill-llama-8b,mmlu_pro_test_06424,0,0.143046,3
mmlu_pro,r1-distill-llama-8b,mmlu_pro_test_02283,0,0.376504,4
mmlu_pro,r1-distill-llama-8b,mmlu_pro_test_01003,0,0.03554,1
mmlu_pro,r1-distill-llama-8b,mmlu_pro_test_10324,0,0.567033,2
mmlu_pro,r1-distill-llama-8b,mmlu_pro_test_11346,1,0.629904,3
mmlu_pro,r1-distill-llama-8b,mmlu_pro_test_03182,1,0.818604,4
mmlu_pro,r1-distill-llama-8b,mmlu_pro_test_08688,0,0.769103,3
mmlu_pro,r1-distill-llama-8b,mmlu_pro_test_05109,0,0.443964,3
mmlu_pro,r1-distill-llama-8b,mmlu_pro_test_10163,0,0.516802,2
mmlu_pro,r1-distill-llama-8b,mmlu_pro_test_11639,1,0.801393,1
mmlu_pro,r1-distill-llama-8b,mmlu_pro_test_06451,0,0.240806,4
mmlu_pro,r1-distill-llama-8b,mmlu_pro_test_00836,0,0.377203,5
mmlu_pro,r1-distill-llama-8b,mmlu_pro_test_08372,1,0.586092,2
mmlu_pro,r1-distill-llama-8b,mmlu_pro_test_01355,0,0.394941,3
mmlu_pro,r1-distill-llama-8b,mmlu_pro_test_10802,0,0.165836,2
mmlu_pro,r1-distill-llama-8b,mmlu_pro_test_00880,0,0.340209,1
mmlu_pro,r1-distill-llama-8b,mmlu_pro_test_03601,1,0.530145,5
mmlu_pro,r1-distill-llama-8b,mmlu_pro_test_09942,0,0.736885,2
mmlu_pro,r1-distill-llama-8b,mmlu_pro_test_06822,0,0.748065,5
mmlu_pro,r1-distill-llama-8b,mmlu_pro_test_05452,0,0.560684,2
mmlu_pro,r1-distill-llama-8b,mmlu_pro_test_09544,1,0.661557,2
mmlu_pro,r1-distill-llama-8b,mmlu_pro_test_00425,1,0.471902,4
mmlu_pro,r1-distill-llama-8b,mmlu_pro_test_02544,1,0.692167,4
mmlu_pro,r1-distill-llama-8b,mmlu_pro_test_08699,1,0.6487,4
mmlu_pro,r1-distill-llama-8b,mmlu_pro_test_03795,1,0.832061,1
mmlu_pro,r1-distill-llama-8b,mmlu_pro_test_06341,1,0.510354,4
mmlu_pro,r1-distill-llama-8b,mmlu_pro_test_06977,0,0.179202,3
mmlu_pro,r1-distill-llama-8b,mmlu_pro_test_06331,1,0.671254,4
mmlu_pro,r1-distill-llama-8b,mmlu_pro_test_06905,0,0.264898,4
mmlu_pro,r1-distill-llama-8b,mmlu_pro_test_02285,0,0.696378,3
mmlu_pro,r1-distill-llama-8b,mmlu_pro_test_11020,0,0.333444,4
mmlu_pro,r1-distill-llama-8b,mmlu_pro_test_05679,0,0.544313,4
mmlu_pro,r1-distill-llama-8b,mmlu_pro_test_06517,0,0.589666,2
mmlu_pro,r1-distill-llama-8b,mmlu_pro_test_03061,1,0.609997,2
mmlu_pro,r1-distill-llama-8b,mmlu_pro_test_10973,0,0.713617,4
mmlu_pro,r1-distill-llama-8b,mmlu_pro_test_09801,1,0.684525,2
mmlu_pro,r1-distill-llama-8b,mmlu_pro_test_02225,1,0.73556,1
mmlu_pro,r1-distill-llama-8b,mmlu_pro_test_00940,0,0.191221,2
mmlu_pro,r1-distill-llama-8b,mmlu_pro_test_06579,0,0.453062,4
mmlu_pro,r1-distill-llama-8b,mmlu_pro_test_08275,1,0.657276,2
mmlu_pro,r1-distill-llama-8b,mmlu_pro_test_09550,0,0.663878,3
mmlu_pro,r1-distill-llama-8b,mmlu_pro_test_02498,1,0.715773,1
mmlu_pro,r1-distill-llama-8b,mmlu_pro_test_09911,1,0.475215,3
mmlu_pro,r1-distill-llama-8b,mmlu_pro_test_01960,1,0.190245,3
mmlu_pro,r1-distill-llama-8b,mmlu_pro_test_10708,1,0.29366,2
mmlu_pro,r1-distill-llama-8b,mmlu_pro_test_02841,0,0.583381,1
mmlu_pro,r1-distill-llama-8b,mmlu_pro_test_11547,0,0.69691,1
mmlu_pro,r1-distill-llama-8b,mmlu_pro_test_07857,1,0.864805,1
mmlu_pro,r1-distill-llama-8b,mmlu_pro_test_06513,1,0.202468,2
mmlu_pro,r1-distill-llama-8b,mmlu_pro_test_07069,1,0.698382,3
mmlu_pro,r1-distill-llama-8b,mmlu_pro_test_00479,0,0.468158,1
mmlu_pro,r1-distill-llama-8b,mmlu_pro_test_03955,1,0.783272,2
mmlu_pro,r1-distill-llama-8b,mmlu_pro_test_05605,0,0.205441,3
mmlu_pro,r1-distill-llama-8b,mmlu_pro_test_07246,1,0.368013,1
mmlu_pro,r1-distill-llama-8b,mmlu_pro_test_02726,0,0.465548,4
mmlu_pro,r1-distill-llama-8b,mmlu_pro_test_03025,1,0.780906,1
mmlu_pro,r1-distill-llama-8b,mmlu_pro_test_04032,0,0.228163,3
mmlu_pro,r1-distill-llama-8b,mmlu_pro_test_04556,0,0.368643,4
mmlu_pro,r1-distill-llama-8b,mmlu_pro_test_00159,0,0.551868,1
mmlu_pro,r1-distill-llama-8b,mmlu_pro_test_10348,0,0.439826,2
mmlu_pro,r1-distill-llama-8b,mmlu_pro_test_01626,1,0.166129,3
mmlu_pro,r1-distill-llama-8b,mmlu_pro_test_10350,0,0.741141,4
mmlu_pro,r1-distill-llama-8b,mmlu_pro_test_03055,1,0.704823,3
mmlu_pro,r1-distill-llama-8b,mmlu_pro_test_00636,1,0.563251,3
mmlu_pro,r1-distill-llama-8b,mmlu_pro_test_00277,1,0.683794,3
mmlu_pro,r1-distill-llama-8b,mmlu_pro_test_00288,1,0.454604,5
mmlu_pro,r1-distill-llama-8b,mmlu_pro_test_11665,0,0.380883,4
mmlu_pro,r1-distill-llama-8b,mmlu_pro_test_06037,0,0.565024,1
mmlu_pro,r1-distill-llama-8b,mmlu_pro_test_10887,0,0.171957,2
mmlu_pro,r1-distill-llama-8b,mmlu_pro_test_07156,0,0.412028,4
mmlu_pro,r1-distill-llama-8b,mmlu_pro_test_02540,1,0.618789,5
mmlu_pro,r1-distill-llama-8b,mmlu_pro_test_06076,1,0.364914,1
mmlu_pro,r1-distill-llama-8b,mmlu_pro_test_00886,0,0.239659,3
mmlu_pro,r1-distill-llama-8b,mmlu_pro_test_01537,0,0.28922,1
mmlu_pro,r1-distill-llama-8b,mmlu_pro_test_09637,0,0.65259,5
mmlu_pro,r1-distill-llama-8b,mmlu_pro_test_00900,0,0.682352,3
mmlu_pro,r1-distill-llama-8b,mmlu_pro_test_10222,1,0.475334,2
mmlu_pro,r1-distill-llama-8b,mmlu_pro_test_08932,0,0.296714,4
mmlu_pro,r1-distill-llama-8b,mmlu_pro_test_01482,0,0.21302,1
mmlu_pro,r1-distill-llama-8b,mmlu_pro_test_05997,0,0.599221,5
mmlu_pro,r1-distill-llama-8b,mmlu_pro_test_03206,1,0.812962,2
mmlu_pro,r1-distill-llama-8b,mmlu_pro_test_03219,1,0.804776,2
mmlu_pro,r1-distill-llama-8b,mmlu_pro_test_06239,1,0.610273,4
mmlu_pro,r1-distill-llama-8b,mmlu_pro_test_11431,1,0.8434,5
mmlu_pro,r1-distill-llama-8b,mmlu_pro_test_01772,1,0.172993,1
mmlu_pro,r1-distill-llama-8b,mmlu_pro_test_04910,0,0.678386,5
mmlu_pro,r1-distill-llama-8b,mmlu_pro_test_04765,1,0.815306,4
mmlu_pro,r1-distill-llama-8b,mmlu_pro_test_03207,1,0.467765,3
mmlu_pro,r1-distill-llama-8b,mmlu_pro_test_05102,1,0.735893,3
mmlu_pro,r1-distill-llama-8b,mmlu_pro_test_08269,0,0.704219,2
mmlu_pro,r1-distill-llama-8b,mmlu_pro_test_09488,0,0.17918,5
mmlu_pro,r1-distill-llama-8b,mmlu_pro_test_01019,0,0.150984,2
mmlu_pro,r1-distill-llama-8b,mmlu_pro_test_06772,1,0.681202,5
mmlu_pro,r1-distill-llama-8b,mmlu_pro_test_09129,0,0.173272,3
mmlu_pro,r1-distill-llama-8b,mmlu_pro_test_05528,1,0.354145,5
mmlu_pro,r1-distill-llama-8b,mmlu_pro_test_00467,0,0.513748,2
mmlu_pro,r1-distill-llama-8b,mmlu_pro_test_01400,1,0.709463,2
mmlu_pro,r1-distill-llama-8b,mmlu_pro_test_00792,0,0.340346,1
mmlu_pro,r1-distill-llama-8b,mmlu_pro_test_09177,1,0.490783,3
mmlu_pro,r1-distill-llama-8b,mmlu_pro_test_08481,0,0.146415,2
mmlu_pro,r1-distill-llama-8b,mmlu_pro_test_06546,1,0.603444,5
mmlu_pro,r1-distill-llama-8b,mmlu_pro_test_05897,1,0.638181,5
mmlu_pro,r1-distill-llama-8b,mmlu_pro_test_11008,0,0.618293,3
mmlu_pro,r1-distill-llama-8b,mmlu_pro_test_03402,0,0.720287,5
mmlu_pro,r1-distill-llama-8b,mmlu_pro_test_09827,1,0.606846,4
mmlu_pro,r1-distill-llama-8b,mmlu_pro_test_04611,1,0.375435,1
mmlu_pro,r1-distill-llama-8b,mmlu_pro_test_00045,0,0.594416,4
mmlu_pro,r1-distill-llama-8b,mmlu_pro_test_07164,1,0.696993,3
mmlu_pro,r1-distill-llama-8b,mmlu_pro_test_02203,1,0.669272,1
mmlu_pro,r1-distill-llama-8b,mmlu_pro_test_09735,1,0.444465,5
mmlu_pro,r1-distill-llama-8b,mmlu_pro_test_03172,1,0.680222,1
mmlu_pro,r1-distill-llama-8b,mmlu_pro_test_05757,1,0.335819,2
mmlu_pro,r1-distill-llama-8b,mmlu_pro_test_06448,1,0.177402,5
mmlu_pro,r1-distill-llama-8b,mmlu_pro_test_07928,0,0.08683,5
mmlu_pro,r1-distill-llama-8b,mmlu_pro_test_10412,1,0.541789,2
mmlu_pro,r1-distill-llama-8b,mmlu_pro_test_06074,0,0.419415,1
mmlu_pro,r1-distill-llama-8b,mmlu_pro_test_05699,0,0.735889,5
mmlu_pro,r1-distill-llama-8b,mmlu_pro_test_02130,0,0.417645,4
mmlu_pro,r1-distill-llama-8b,mmlu_pro_test_02136,1,0.179182,5
mmlu_pro,r1-distill-llama-8b,mmlu_pro_test_02648,1,0.495693,2
mmlu_pro,r1-distill-llama-8b,mmlu_pro_test_11234,1,0.798754,1
mmlu_pro,r1-distill-llama-8b,mmlu_pro_test_05457,0,0.394052,5
mmlu_pro,r1-distill-llama-8b,mmlu_pro_test_08440,1,0.589055,2
mmlu_pro,r1-distill-llama-8b,mmlu_pro_test_02528,1,0.788431,4
mmlu_pro,r1-distill-llama-8b,mmlu_pro_test_07942,0,0.512894,1
mmlu_pro,r1-distill-llama-8b,mmlu_pro_test_03933,1,0.558414,1
mmlu_pro,r1-distill-llama-8b,mmlu_pro_test_10752,1,0.410656,4
mmlu_pro,r1-distill-llama-8b,mmlu_pro_test_05534,0,0.364026,4
mmlu_pro,r1-distill-llama-8b,mmlu_pro_test_01966,0,0.288103,1
mmlu_pro,r1-distill-llama-8b,mmlu_pro_test_10184,1,0.754465,2
mmlu_pro,r1-distill-llama-8b,mmlu_pro_test_05853,0,0.311194,3
mmlu_pro,r1-distill-llama-8b,mmlu_pro_test_08957,1,0.717919,5
mmlu_pro,r1-distill-llama-8b,mmlu_pro_test_08140,1,0.780315,5
mmlu_pro,r1-distill-llama-8b,mmlu_pro_test_01495,0,0.313365,1
mmlu_pro,r1-distill-llama-8b,mmlu_pro_test_00127,1,0.679169,1
mmlu_pro,r1-distill-llama-8b,mmlu_pro_test_06648,0,0.04356,4
mmlu_pro,r1-distill-llama-8b,mmlu_pro_test_01340,1,0.371275,2
mmlu_pro,r1-distill-llama-8b,mmlu_pro_test_07044,1,0.622045,5
mmlu_pro,r1-distill-llama-8b,mmlu_pro_test_04858,1,0.586717,4
mmlu_pro,r1-distill-llama-8b,mmlu_pro_test_05115,0,0.651322,3
mmlu_pro,r1-distill-llama-8b,mmlu_pro_test_04473,1,0.836794,5
mmlu_pro,r1-distill-llama-8b,mmlu_pro_test_05391,1,0.312849,4
mmlu_pro,r1-distill-llama-8b,mmlu_pro_test_08620,1,0.786195,4
mmlu_pro,r1-distill-llama-8b,mmlu_pro_test_06792,1,0.781442,5
mmlu_pro,r1-distill-llama-8b,mmlu_pro_test_05086,1,0.159274,3
mmlu_pro,r1-distill-llama-8b,mmlu_pro_test_02357,1,0.525753,3
mmlu_pro,r1-distill-llama-8b,mmlu_pro_test_09754,0,0.750808,4
mmlu_pro,r1-distill-llama-8b,mmlu_pro_test_05867,0,0.259587,5
mmlu_pro,r1-distill-llama-8b,mmlu_pro_test_07850,0,0.532125,3
mmlu_pro,r1-distill-llama-8b,mmlu_pro_test_04159,1,0.81003,4
mmlu_pro,r1-distill-llama-8b,mmlu_pro_test_02630,0,0.288399,2
mmlu_pro,r1-distill-llama-8b,mmlu_pro_test_08607,1,0.299442,2
mmlu_pro,r1-distill-llama-8b,mmlu_pro_test_06300,1,0.696897,4
mmlu_pro,r1-distill-llama-8b,mmlu_pro_test_10202,1,0.720488,5
mmlu_pro,r1-distill-llama-8b,mmlu_pro_test_01890,0,0.285096,3
mmlu_pro,r1-distill-llama-8b,mmlu_pro_test_05206,0,0.559941,3
mmlu_pro,r1-distill-llama-8b,mmlu_pro_test_00914,0,0.438161,5
mmlu_pro,r1-distill-llama-8b,mmlu_pro_test_07132,1,0.248224,1
mmlu_pro,r1-distill-llama-8b,mmlu_pro_test_07394,0,0.083904,1
mmlu_pro,r1-distill-llama-8b,mmlu_pro_test_10683,0,0.448657,2
mmlu_pro,r1-distill-llama-8b,mmlu_pro_test_02152,1,0.75899,2
mmlu_pro,r1-distill-llama-8b,mmlu_pro_test_07211,1,0.757001,5
mmlu_pro,r1-distill-llama-8b,mmlu_pro_test_10517,1,0.697668,4
mmlu_pro,r1-distill-llama-8b,mmlu_pro_test_06614,0,0.15319,5
mmlu_pro,r1-distill-llama-8b,mmlu_pro_test_02366,1,0.362409,1
mmlu_pro,r1-distill-llama-8b,mmlu_pro_test_02737,1,0.720537,2
mmlu_pro,r1-distill-llama-8b,mmlu_pro_test_07567,1,0.846208,2
mmlu_pro,r1-distill-llama-8b,mmlu_pro_test_05495,0,0.268176,2
mmlu_pro,r1-distill-llama-8b,mmlu_pro_test_02371,1,0.7033,2
mmlu_pro,r1-distill-llama-8b,mmlu_pro_test_02003,1,0.17445,3
mmlu_pro,r1-distill-llama-8b,mmlu_pro_test_04589,0,0.614225,1
mmlu_pro,r1-distill-llama-8b,mmlu_pro_test_01861,0,0.342496,4
mmlu_pro,r1-distill-llama-8b,mmlu_pro_test_00991,0,0.420279,3
mmlu_pro,r1-distill-llama-8b,mmlu_pro_test_06894,1,0.750039,4
mmlu_pro,r1-distill-llama-8b,mmlu_pro_test_10841,0,0.334045,1
mmlu_pro,r1-distill-llama-8b,mmlu_pro_test_06000,0,0.455324,3
mmlu_pro,r1-distill-llama-8b,mmlu_pro_test_07453,1,0.439597,2
mmlu_pro,r1-distill-llama-8b,mmlu_pro_test_06357,1,0.517452,4
mmlu_pro,r1-distill-llama-8b,mmlu_pro_test_10158,0,0.150051,5
mmlu_pro,r1-distill-llama-8b,mmlu_pro_test_02333,1,0.285772,3
mmlu_pro,r1-distill-llama-8b,mmlu_pro_test_02232,0,0.197583,4
mmlu_pro,r1-distill-llama-8b,mmlu_pro_test_07000,0,0.321993,3
mmlu_pro,r1-distill-llama-8b,mmlu_pro_test_03907,0,0.658082,1
mmlu_pro,r1-distill-llama-8b,mmlu_pro_test_02107,0,0.683905,5
mmlu_pro,r1-distill-llama-8b,mmlu_pro_test_08787,0,0.108328,2
mmlu_pro,r1-distill-llama-8b,mmlu_pro_test_07805,1,0.732676,3
mmlu_pro,r1-distill-llama-8b,mmlu_pro_test_05034,0,0.241254,2
mmlu_pro,r1-distill-llama-8b,mmlu_pro_test_08825,1,0.636574,1
mmlu_pro,r1-distill-llama-8b,mmlu_pro_test_07283,1,0.713216,2
mmlu_pro,r1-distill-llama-8b,mmlu_pro_test_02395,1,0.306409,1
mmlu_pro,r1-distill-llama-8b,mmlu_pro_test_05937,1,0.705248,3
mmlu_pro,r1-distill-llama-8b,mmlu_pro_test_04859,1,0.57129,1
mmlu_pro,r1-distill-llama-8b,mmlu_pro_test_08852,1,0.683483,1
mmlu_pro,r1-distill-llama-8b,mmlu_pro_test_01974,1,0.247974,3
mmlu_pro,r1-distill-llama-8b,mmlu_pro_test_01952,1,0.737183,2
mmlu_pro,r1-distill-llama-8b,mmlu_pro_test_00712,1,0.672236,1
mmlu_pro,r1-distill-llama-8b,mmlu_pro_test_10743,0,0.156487,4
mmlu_pro,r1-distill-llama-8b,mmlu_pro_test_08477,1,0.873261,3
mmlu_pro,r1-distill-llama-8b,mmlu_pro_test_02993,1,0.432917,3
mmlu_pro,r1-distill-llama-8b,mmlu_pro_test_01650,0,0.423696,4
mmlu_pro,r1-distill-llama-8b,mmlu_pro_test_00055,0,0.161729,1
mmlu_pro,r1-distill-llama-8b,mmlu_pro_test_02795,0,0.508369,5
mmlu_pro,r1-distill-llama-8b,mmlu_pro_test_06138,0,0.685415,5
mmlu_pro,r1-distill-llama-8b,mmlu_pro_test_10870,0,0.152863,5
mmlu_pro,r1-distill-llama-8b,mmlu_pro_test_04614,0,0.835456,4
mmlu_pro,r1-distill-llama-8b,mmlu_pro_test_04206,0,0.222308,1
mmlu_pro,r1-distill-llama-8b,mmlu_pro_test_05338,0,0.258703,1
mmlu_pro,r1-distill-llama-8b,mmlu_pro_test_05627,0,0.334524,2
mmlu_pro,r1-distill-llama-8b,mmlu_pro_test_04829,0,0.185563,5
mmlu_pro,r1-distill-llama-8b,mmlu_pro_test_11045,0,0.658585,4
mmlu_pro,r1-distill-llama-8b,mmlu_pro_test_01830,0,0.123245,5
mmlu_pro,r1-distill-llama-8b,mmlu_pro_test_10060,0,0.359294,4
mmlu_pro,r1-distill-llama-8b,mmlu_pro_test_00929,0,0.231361,3
mmlu_pro,r1-distill-llama-8b,mmlu_pro_test_02272,1,0.41832,1
mmlu_pro,r1-distill-llama-8b,mmlu_pro_test_01432,0,0.030016,1
mmlu_pro,r1-distill-llama-8b,mmlu_pro_test_08065,1,0.552667,5
mmlu_pro,r1-distill-llama-8b,mmlu_pro_test_08178,0,0.143458,4
mmlu_pro,r1-distill-llama-8b,mmlu_pro_test_01910,0,0.169609,3
mmlu_pro,r1-distill-llama-8b,mmlu_pro_test_10255,0,0.239346,4
mmlu_pro,r1-distill-llama-8b,mmlu_pro_test_10867,0,0.430179,4
mmlu_pro,r1-distill-llama-8b,mmlu_pro_test_05244,0,0.660457,5
mmlu_pro,r1-distill-llama-8b,mmlu_pro_test_03299,1,0.592688,1
mmlu_pro,r1-distill-llama-8b,mmlu_pro_test_06282,0,0.470863,1
mmlu_pro,r1-distill-llama-8b,mmlu_pro_test_11014,1,0.768847,3
mmlu_pro,r1-distill-llama-8b,mmlu_pro_test_03154,1,0.842495,4
mmlu_pro,r1-distill-llama-8b,mmlu_pro_test_04277,1,0.796788,1
mmlu_pro,r1-distill-llama-8b,mmlu_pro_test_06896,1,0.222596,3
mmlu_pro,r1-distill-llama-8b,mmlu_pro_test_02667,0,0.241109,2
mmlu_pro,r1-distill-llama-8b,mmlu_pro_test_05954,0,0.255469,1
mmlu_pro,r1-distill-llama-8b,mmlu_pro_test_01957,1,0.210654,5
mmlu_pro,r1-distill-llama-8b,mmlu_pro_test_00723,1,0.82115,1
mmlu_pro,r1-distill-llama-8b,mmlu_pro_test_05089,0,0.200543,1
mmlu_pro,r1-distill-llama-8b,mmlu_pro_test_05701,1,0.640969,3
mmlu_pro,r1-distill-llama-8b,mmlu_pro_test_01840,0,0.198597,1
mmlu_pro,r1-distill-llama-8b,mmlu_pro_test_01016,1,0.3355,5
mmlu_pro,r1-distill-llama-8b,mmlu_pro_test_04162,1,0.760972,2
mmlu_pro,r1-distill-llama-8b,mmlu_pro_test_10643,1,0.043033,5
mmlu_pro,r1-distill-llama-8b,mmlu_pro_test_00847,0,0.294674,2
mmlu_pro,r1-distill-llama-8b,mmlu_pro_test_06902,0,0.236782,4
mmlu_pro,r1-distill-llama-8b,mmlu_pro_test_06564,0,0.471826,1
mmlu_pro,r1-distill-llama-8b,mmlu_pro_test_00290,1,0.147628,4
mmlu_pro,r1-distill-llama-8b,mmlu_pro_test_05652,0,0.327414,2
mmlu_pro,r1-distill-llama-8b,mmlu_pro_test_03553,1,0.891879,3
mmlu_pro,r1-distill-llama-8b,mmlu_pro_test_07409,0,0.229957,1
mmlu_pro,r1-distill-llama-8b,mmlu_pro_test_02082,0,0.642416,4
mmlu_pro,r1-distill-llama-8b,mmlu_pro_test_00835,0,0.681636,1
mmlu_pro,r1-distill-llama-8b,mmlu_pro_test_01955,1,0.785023,4
mmlu_pro,r1-distill-llama-8b,mmlu_pro_test_02680,1,0.801219,3
mmlu_pro,r1-distill-llama-8b,mmlu_pro_test_05719,1,0.517,3
mmlu_pro,r1-distill-llama-8b,mmlu_pro_test_05964,0,0.527178,2
mmlu_pro,r1-distill-llama-8b,mmlu_pro_test_03334,1,0.841165,3
mmlu_pro,r1-distill-llama-8b,mmlu_pro_test_09455,1,0.821514,2
mmlu_pro,r1-distill-llama-8b,mmlu_pro_test_02685,1,0.325867,3
mmlu_pro,r1-distill-llama-8b,mmlu_pro_test_00679,0,0.278886,3
mmlu_pro,r1-distill-llama-8b,mmlu_pro_test_03095,1,0.325639,1
mmlu_pro,r1-distill-llama-8b,mmlu_pro_test_01253,0,0.120236,5
mmlu_pro,r1-distill-llama-8b,mmlu_pro_test_04551,0,0.818102,3
mmlu_pro,r1-distill-llama-8b,mmlu_pro_test_04484,1,0.549127,1
mmlu_pro,r1-distill-llama-8b,mmlu_pro_test_06597,1,0.563309,4
mmlu_pro,r1-distill-llama-8b,mmlu_pro_test_07171,0,0.120594,5
mmlu_pro,r1-distill-llama-8b,mmlu_pro_test_10561,1,0.594219,1
mmlu_pro,r1-distill-llama-8b,mmlu_pro_test_10161,1,0.857219,3
mmlu_pro,r1-distill-llama-8b,mmlu_pro_test_10710,0,0.3849,5
mmlu_pro,r1-distill-llama-8b,mmlu_pro_test_10933,0,0.186506,1
mmlu_pro,r1-distill-llama-8b,mmlu_pro_test_02554,1,0.372952,5
mmlu_pro,r1-distill-llama-8b,mmlu_pro_test_00063,1,0.491433,3
mmlu_pro,r1-distill-llama-8b,mmlu_pro_test_05917,0,0.352471,1
mmlu_pro,r1-distill-llama-8b,mmlu_pro_test_04862,1,0.18553,5
mmlu_pro,r1-distill-llama-8b,mmlu_pro_test_02974,1,0.705014,4
mmlu_pro,r1-distill-llama-8b,mmlu_pro_test_08290,1,0.802174,2
mmlu_pro,r1-distill-llama-8b,mmlu_pro_test_10405,1,0.733727,4
mmlu_pro,r1-distill-llama-8b,mmlu_pro_test_06039,0,0.717011,3
mmlu_pro,r1-distill-llama-8b,mmlu_pro_test_05836,0,0.794594,4
mmlu_pro,r1-distill-llama-8b,mmlu_pro_test_02519,0,0.504066,5
mmlu_pro,r1-distill-llama-8b,mmlu_pro_test_05468,0,0.307003,4
mmlu_pro,r1-distill-llama-8b,mmlu_pro_test_02351,0,0.288997,3
mmlu_pro,r1-distill-llama-8b,mmlu_pro_test_05903,0,0.547395,1
mmlu_pro,r1-distill-llama-8b,mmlu_pro_test_08359,1,0.509664,5
mmlu_pro,r1-distill-llama-8b,mmlu_pro_test_06017,0,0.032076,1
mmlu_pro,r1-distill-llama-8b,mmlu_pro_test_02611,1,0.243832,2
mmlu_pro,r1-distill-llama-8b,mmlu_pro_test_05402,1,0.333391,4
mmlu_pro,r1-distill-llama-8b,mmlu_pro_test_08635,0,0.461602,4
mmlu_pro,r1-distill-llama-8b,mmlu_pro_test_03332,1,0.726339,1
mmlu_pro,r1-distill-llama-8b,mmlu_pro_test_02894,0,0.595993,5
mmlu_pro,r1-distill-llama-8b,mmlu_pro_test_05078,0,0.146314,1
mmlu_pro,r1-distill-llama-8b,mmlu_pro_test_03599,0,0.43113,3
mmlu_pro,r1-distill-llama-8b,mmlu_pro_test_00760,1,0.723945,4
mmlu_pro,r1-distill-llama-8b,mmlu_pro_test_08495,0,0.551082,5
mmlu_pro,r1-distill-llama-8b,mmlu_pro_test_03209,1,0.592921,2
mmlu_pro,r1-distill-llama-8b,mmlu_pro_test_05705,0,0.40817,4
mmlu_pro,r1-distill-llama-8b,mmlu_pro_test_06998,0,0.597829,5
mmlu_pro,r1-distill-llama-8b,mmlu_pro_test_01148,1,0.247294,1
mmlu_pro,r1-distill-llama-8b,mmlu_pro_test_07474,0,0.485008,3
mmlu_pro,r1-distill-llama-8b,mmlu_pro_test_06040,0,0.162272,3
mmlu_pro,r1-distill-llama-8b,mmlu_pro_test_07001,0,0.179174,3
mmlu_pro,r1-distill-llama-8b,mmlu_pro_test_02051,0,0.232429,2
mmlu_pro,r1-distill-llama-8b,mmlu_pro_test_09610,1,0.828484,1
mmlu_pro,r1-distill-llama-8b,mmlu_pro_test_05537,1,0.509127,3
mmlu_pro,r1-distill-llama-8b,mmlu_pro_test_01333,0,0.258146,2
mmlu_pro,r1-distill-llama-8b,mmlu_pro_test_06133,0,0.507297,4
mmlu_pro,r1-distill-llama-8b,mmlu_pro_test_03392,1,0.821562,4
mmlu_pro,r1-distill-llama-8b,mmlu_pro_test_05891,0,0.332454,2
mmlu_pro,r1-distill-llama-8b,mmlu_pro_test_09680,0,0.503895,5
mmlu_pro,r1-distill-llama-8b,mmlu_pro_test_07864,1,0.593243,3
mmlu_pro,r1-distill-llama-8b,mmlu_pro_test_10359,0,0.083198,1
mmlu_pro,r1-distill-llama-8b,mmlu_pro_test_09116,1,0.618508,1
mmlu_pro,r1-distill-llama-8b,mmlu_pro_test_03160,1,0.414902,1
mmlu_pro,r1-distill-llama-8b,mmlu_pro_test_05953,1,0.357953,4
mmlu_pro,r1-distill-llama-8b,mmlu_pro_test_06665,1,0.502522,1
mmlu_pro,r1-distill-llama-8b,mmlu_pro_test_00951,0,0.506314,4
mmlu_pro,r1-distill-llama-8b,mmlu_pro_test_01147,1,0.316396,1
mmlu_pro,r1-distill-llama-8b,mmlu_pro_test_02100,1,0.717233,3
mmlu_pro,r1-distill-llama-8b,mmlu_pro_test_09289,1,0.132411,5
mmlu_pro,r1-distill-llama-8b,mmlu_pro_test_08358,1,0.511801,2
mmlu_pro,r1-distill-llama-8b,mmlu_pro_test_03016,1,0.155192,5
mmlu_pro,r1-distill-llama-8b,mmlu_pro_test_10309,1,0.883218,5
mmlu_pro,r1-distill-llama-8b,mmlu_pro_test_03865,0,0.538485,2
mmlu_pro,r1-distill-llama-8b,mmlu_pro_test_02632,1,0.256217,4
mmlu_pro,r1-distill-llama-8b,mmlu_pro_test_05955,0,0.255955,2
mmlu_pro,r1-distill-llama-8b,mmlu_pro_test_10219,0,0.29653,5
mmlu_pro,r1-distill-llama-8b,mmlu_pro_test_06629,0,0.715472,2
mmlu_pro,r1-distill-llama-8b,mmlu_pro_test_01963,1,0.501329,1
mmlu_pro,r1-distill-llama-8b,mmlu_pro_test_02633,1,0.662286,5
trivia_qa,r1-distill-llama-8b,trivia_qa_validation_01109,0,0.803066,4
trivia_qa,r1-distill-llama-8b,trivia_qa_validation_01470,0,0.089708,4
trivia_qa,r1-distill-llama-8b,trivia_qa_validation_03794,1,0.145802,3
trivia_qa,r1-distill-llama-8b,trivia_qa_validation_17430,0,0.313779,1
trivia_qa,r1-distill-llama-8b,trivia_qa_validation_04391,0,0.148415,5
trivia_qa,r1-distill-llama-8b,trivia_qa_validation_02655,0,0.109401,5
trivia_qa,r1-distill-llama-8b,trivia_qa_validation_00167,0,0.096283,3
trivia_qa,r1-distill-llama-8b,trivia_qa_validation_13407,0,0.025393,1
trivia_qa,r1-distill-llama-8b,trivia_qa_validation_07784,1,0.411222,4
trivia_qa,r1-distill-llama-8b,trivia_qa_validation_02331,0,0.343348,3
trivia_qa,r1-distill-llama-8b,trivia_qa_validation_12374,0,0.057548,2
trivia_qa,r1-distill-llama-8b,trivia_qa_validation_04621,0,0.049164,4
trivia_qa,r1-distill-llama-8b,trivia_qa_validation_08546,0,0.080665,5
trivia_qa,r1-distill-llama-8b,trivia_qa_validation_14149,0,0.742675,1
trivia_qa,r1-distill-llama-8b,trivia_qa_validation_13242,0,0.158493,5
trivia_qa,r1-distill-llama-8b,trivia_qa_validation_16107,0,0.088786,2
trivia_qa,r1-distill-llama-8b,trivia_qa_validation_15389,0,0.209145,4
trivia_qa,r1-distill-llama-8b,trivia_qa_validation_04524,0,0.070245,2
trivia_qa,r1-distill-llama-8b,trivia_qa_validation_07587,0,0.03847,2
trivia_qa,r1-distill-llama-8b,trivia_qa_validation_17249,1,0.775848,3
trivia_qa,r1-distill-llama-8b,trivia_qa_validation_03990,1,0.696919,4
trivia_qa,r1-distill-llama-8b,trivia_qa_validation_03732,1,0.404406,4
trivia_qa,r1-distill-llama-8b,trivia_qa_validation_11906,1,0.37894,2
trivia_qa,r1-distill-llama-8b,trivia_qa_validation_17663,1,0.543623,2
trivia_qa,r1-distill-llama-8b,trivia_qa_validation_14175,0,0.189467,1
trivia_qa,r1-distill-llama-8b,trivia_qa_validation_11569,0,0.038005,5
trivia_qa,r1-distill-llama-8b,trivia_qa_validation_11279,1,0.798955,4
trivia_qa,r1-distill-llama-8b,trivia_qa_validation_07694,1,0.805295,2
trivia_qa,r1-distill-llama-8b,trivia_qa_validation_10119,1,0.830151,3
trivia_qa,r1-distill-llama-8b,trivia_qa_validation_13020,1,0.839738,3
trivia_qa,r1-distill-llama-8b,trivia_qa_validation_07528,0,0.701983,2
trivia_qa,r1-distill-llama-8b,trivia_qa_validation_06018,1,0.653918,5
trivia_qa,r1-distill-llama-8b,trivia_qa_validation_09962,0,0.123692,4
trivia_qa,r1-distill-llama-8b,trivia_qa_validation_14924,0,0.203154,2
trivia_qa,r1-distill-llama-8b,trivia_qa_validation_07120,0,0.804192,1
trivia_qa,r1-distill-llama-8b,trivia_qa_validation_02562,0,0.537116,5
trivia_qa,r1-distill-llama-8b,trivia_qa_validation_03667,1,0.048311,1
trivia_qa,r1-distill-llama-8b,trivia_qa_validation_04299,0,0.081526,5
trivia_qa,r1-distill-llama-8b,trivia_qa_validation_11200,0,0.350122,1
trivia_qa,r1-distill-llama-8b,trivia_qa_validation_12688,1,0.814476,4
trivia_qa,r1-distill-llama-8b,trivia_qa_validation_09855,1,0.239547,2
trivia_qa,r1-distill-llama-8b,trivia_qa_validation_05061,1,0.739133,2
trivia_qa,r1-distill-llama-8b,trivia_qa_validation_12868,1,0.645243,5
trivia_qa,r1-distill-llama-8b,trivia_qa_validation_05181,0,0.174213,1
trivia_qa,r1-distill-llama-8b,trivia_qa_validation_11411,0,0.287407,5
trivia_qa,r1-distill-llama-8b,trivia_qa_validation_16167,0,0.104518,4
trivia_qa,r1-distill-llama-8b,trivia_qa_validation_07276,1,0.853571,5
trivia_qa,r1-distill-llama-8b,trivia_qa_validation_06309,1,0.812891,2
trivia_qa,r1-distill-llama-8b,trivia_qa_validation_02388,0,0.042415,1
trivia_qa,r1-distill-llama-8b,trivia_qa_validation_11514,0,0.051257,2
trivia_qa,r1-distill-llama-8b,trivia_qa_validation_17551,1,0.779224,2
trivia_qa,r1-distill-llama-8b,trivia_qa_validation_06082,0,0.107383,4
trivia_qa,r1-distill-llama-8b,trivia_qa_validation_06331,0,0.05897,1
trivia_qa,r1-distill-llama-8b,trivia_qa_validation_01768,1,0.816044,4
trivia_qa,r1-distill-llama-8b,trivia_qa_validation_07828,0,0.358544,3
trivia_qa,r1-distill-llama-8b,trivia_qa_validation_05245,0,0.598892,1
trivia_qa,r1-distill-llama-8b,trivia_qa_validation_00707,1,0.709452,4
trivia_qa,r1-distill-llama-8b,trivia_qa_validation_10470,0,0.161128,3
trivia_qa,r1-distill-llama-8b,trivia_qa_validation_09051,0,0.093125,4
trivia_qa,r1-distill-llama-8b,trivia_qa_validation_01134,1,0.805753,5
trivia_qa,r1-distill-llama-8b,trivia_qa_validation_07057,0,0.028792,4
trivia_qa,r1-distill-llama-8b,trivia_qa_validation_15086,1,0.657558,4
trivia_qa,r1-distill-llama-8b,trivia_qa_validation_06856,0,0.081221,4
trivia_qa,r1-distill-llama-8b,trivia_qa_validation_00992,0,0.102104,5
trivia_qa,r1-distill-llama-8b,trivia_qa_validation_08306,0,0.139689,3
trivia_qa,r1-distill-llama-8b,trivia_qa_validation_15787,1,0.805664,1
trivia_qa,r1-distill-llama-8b,trivia_qa_validation_10288,1,0.441126,4
trivia_qa,r1-distill-llama-8b,trivia_qa_validation_04138,1,0.701719,2
trivia_qa,r1-distill-llama-8b,trivia_qa_validation_05974,0,0.129152,2
trivia_qa,r1-distill-llama-8b,trivia_qa_validation_09595,1,0.85339,1
trivia_qa,r1-distill-llama-8b,trivia_qa_validation_14968,0,0.344884,2
trivia_qa,r1-distill-llama-8b,trivia_qa_validation_07189,0,0.084508,1
trivia_qa,r1-distill-llama-8b,trivia_qa_validation_17148,0,0.118822,4
trivia_qa,r1-distill-llama-8b,trivia_qa_validation_08616,0,0.240718,4
trivia_qa,r1-distill-llama-8b,trivia_qa_validation_10437,0,0.825893,1
trivia_qa,r1-distill-llama-8b,trivia_qa_validation_01348,1,0.261567,3
trivia_qa,r1-distill-llama-8b,trivia_qa_validation_05378,0,0.329289,5
trivia_qa,r1-distill-llama-8b,trivia_qa_validation_04789,1,0.627114,1
trivia_qa,r1-distill-llama-8b,trivia_qa_validation_07367,1,0.582944,4
trivia_qa,r1-distill-llama-8b,trivia_qa_validation_08505,0,0.401899,5
trivia_qa,r1-distill-llama-8b,trivia_qa_validation_14168,0,0.053258,5
trivia_qa,r1-distill-llama-8b,trivia_qa_validation_06174,0,0.10416,1
trivia_qa,r1-distill-llama-8b,trivia_qa_validation_06963,1,0.596765,2
trivia_qa,r1-distill-llama-8b,trivia_qa_validation_03853,1,0.652569,1
trivia_qa,r1-distill-llama-8b,trivia_qa_validation_15639,0,0.089734,2
trivia_qa,r1-distill-llama-8b,trivia_qa_validation_06651,0,0.318247,1
trivia_qa,r1-distill-llama-8b,trivia_qa_validation_13081,0,0.068086,2
trivia_qa,r1-distill-llama-8b,trivia_qa_validation_03557,1,0.80706,4
trivia_qa,r1-distill-llama-8b,trivia_qa_validation_02866,1,0.631907,1
trivia_qa,r1-distill-llama-8b,trivia_qa_validation_01079,0,0.077752,2
trivia_qa,r1-distill-llama-8b,trivia_qa_validation_07959,0,0.038003,2
trivia_qa,r1-distill-llama-8b,trivia_qa_validation_01227,1,0.425661,2
trivia_qa,r1-distill-llama-8b,trivia_qa_validation_09862,0,0.160347,5
trivia_qa,r1-distill-llama-8b,trivia_qa_validation_07086,0,0.790404,4
trivia_qa,r1-distill-llama-8b,trivia_qa_validation_07099,1,0.795527,5
trivia_qa,r1-distill-llama-8b,trivia_qa_validation_03628,0,0.260574,4
trivia_qa,r1-distill-llama-8b,trivia_qa_validation_00007,0,0.052531,4
trivia_qa,r1-distill-llama-8b,trivia_qa_validation_17346,0,0.439057,1
trivia_qa,r1-distill-llama-8b,trivia_qa_validation_07893,1,0.891713,2
trivia_qa,r1-distill-llama-8b,trivia_qa_validation_16320,1,0.409941,1
trivia_qa,r1-distill-llama-8b,trivia_qa_validation_07580,1,0.393647,4
trivia_qa,r1-distill-llama-8b,trivia_qa_validation_05626,0,0.503353,2
trivia_qa,r1-distill-llama-8b,trivia_qa_validation_14109,0,0.311167,3
trivia_qa,r1-distill-llama-8b,trivia_qa_validation_13294,0,0.072283,1
trivia_qa,r1-distill-llama-8b,trivia_qa_validation_16883,1,0.819466,1
trivia_qa,r1-distill-llama-8b,trivia_qa_validation_14588,0,0.071453,1
trivia_qa,r1-distill-llama-8b,trivia_qa_validation_06845,0,0.305204,3
trivia_qa,r1-distill-llama-8b,trivia_qa_validation_00556,1,0.296632,5
trivia_qa,r1-distill-llama-8b,trivia_qa_validation_06013,0,0.068419,3
trivia_qa,r1-distill-llama-8b,trivia_qa_validation_13577,0,0.130378,4
trivia_qa,r1-distill-llama-8b,trivia_qa_validation_17892,1,0.718515,4
trivia_qa,r1-distill-llama-8b,trivia_qa_validation_16619,1,0.735181,5
trivia_qa,r1-distill-llama-8b,trivia_qa_validation_16346,1,0.343521,2
trivia_qa,r1-distill-llama-8b,trivia_qa_validation_17493,0,0.048799,3
trivia_qa,r1-distill-llama-8b,trivia_qa_validation_06472,1,0.797576,5
trivia_qa,r1-distill-llama-8b,trivia_qa_validation_12409,0,0.115529,1
trivia_qa,r1-distill-llama-8b,trivia_qa_validation_13085,0,0.085265,2
trivia_qa,r1-distill-llama-8b,trivia_qa_validation_13882,0,0.675439,3
trivia_qa,r1-distill-llama-8b,trivia_qa_validation_02030,0,0.650287,2
trivia_qa,r1-distill-llama-8b,trivia_qa_validation_02558,0,0.387525,1
trivia_qa,r1-distill-llama-8b,trivia_qa_validation_09754,1,0.497598,3
trivia_qa,r1-distill-llama-8b,trivia_qa_validation_05365,0,0.11369,4
trivia_qa,r1-distill-llama-8b,trivia_qa_validation_03930,0,0.061156,4
trivia_qa,r1-distill-llama-8b,trivia_qa_validation_17373,0,0.0939,1
trivia_qa,r1-distill-llama-8b,trivia_qa_validation_00354,0,0.676817,1
trivia_qa,r1-distill-llama-8b,trivia_qa_validation_14823,1,0.421594,4
trivia_qa,r1-distill-llama-8b,trivia_qa_validation_11064,0,0.02707,2
trivia_qa,r1-distill-llama-8b,trivia_qa_validation_14595,1,0.807371,1
trivia_qa,r1-distill-llama-8b,trivia_qa_validation_00743,1,0.21177,3
trivia_qa,r1-distill-llama-8b,trivia_qa_validation_02892,0,0.658407,5
trivia_qa,r1-distill-llama-8b,trivia_qa_validation_17899,1,0.465282,5
trivia_qa,r1-distill-llama-8b,trivia_qa_validation_10125,1,0.883311,2
trivia_qa,r1-distill-llama-8b,trivia_qa_validation_11686,1,0.591889,4
trivia_qa,r1-distill-llama-8b,trivia_qa_validation_16317,0,0.854095,4
trivia_qa,r1-distill-llama-8b,trivia_qa_validation_12332,0,0.159294,1
trivia_qa,r1-distill-llama-8b,trivia_qa_validation_03235,0,0.052999,1
trivia_qa,r1-distill-llama-8b,trivia_qa_validation_15146,1,0.788409,1
trivia_qa,r1-distill-llama-8b,trivia_qa_validation_07402,0,0.531469,4
trivia_qa,r1-distill-llama-8b,trivia_qa_validation_01772,0,0.534645,4
trivia_qa,r1-distill-llama-8b,trivia_qa_validation_04069,1,0.39596,2
trivia_qa,r1-distill-llama-8b,trivia_qa_validation_11524,1,0.379706,5
trivia_qa,r1-distill-llama-8b,trivia_qa_validation_17778,0,0.782552,1
trivia_qa,r1-distill-llama-8b,trivia_qa_validation_04834,1,0.535289,5
trivia_qa,r1-distill-llama-8b,trivia_qa_validation_03380,1,0.482691,5
trivia_qa,r1-distill-llama-8b,trivia_qa_validation_13761,1,0.809022,3
trivia_qa,r1-distill-llama-8b,trivia_qa_validation_07059,0,0.073271,5
trivia_qa,r1-distill-llama-8b,trivia_qa_validation_00437,1,0.684878,4
trivia_qa,r1-distill-llama-8b,trivia_qa_validation_02667,0,0.13277,4
trivia_qa,r1-distill-llama-8b,trivia_qa_validation_04104,0,0.135975,3
trivia_qa,r1-distill-llama-8b,trivia_qa_validation_16915,1,0.85617,4
trivia_qa,r1-distill-llama-8b,trivia_qa_validation_10323,0,0.370814,3
trivia_qa,r1-distill-llama-8b,trivia_qa_validation_12112,0,0.750711,2
trivia_qa,r1-distill-llama-8b,trivia_qa_validation_17283,0,0.168555,5
trivia_qa,r1-distill-llama-8b,trivia_qa_validation_02696,1,0.199169,5
trivia_qa,r1-distill-llama-8b,trivia_qa_validation_01826,0,0.045896,2
trivia_qa,r1-distill-llama-8b,trivia_qa_validation_10310,0,0.085281,2
trivia_qa,r1-distill-llama-8b,trivia_qa_validation_02645,0,0.048048,4
trivia_qa,r1-distill-llama-8b,trivia_qa_validation_11547,1,0.825809,3
trivia_qa,r1-distill-llama-8b,trivia_qa_validation_14340,0,0.066908,5
trivia_qa,r1-distill-llama-8b,trivia_qa_validation_00285,0,0.037499,3
trivia_qa,r1-distill-llama-8b,trivia_qa_validation_14573,1,0.818657,5
trivia_qa,r1-distill-llama-8b,trivia_qa_validation_07158,0,0.078911,1
trivia_qa,r1-distill-llama-8b,trivia_qa_validation_07315,1,0.742409,3
trivia_qa,r1-distill-llama-8b,trivia_qa_validation_07320,1,0.839096,1
trivia_qa,r1-distill-llama-8b,trivia_qa_validation_13922,0,0.074541,3
trivia_qa,r1-distill-llama-8b,trivia_qa_validation_11533,1,0.417352,1
trivia_qa,r1-distill-llama-8b,trivia_qa_validation_09351,0,0.274426,5
trivia_qa,r1-distill-llama-8b,trivia_qa_validation_00248,0,0.553891,4
trivia_qa,r1-distill-llama-8b,trivia_qa_validation_10030,0,0.076509,5
trivia_qa,r1-distill-llama-8b,trivia_qa_validation_14521,1,0.3025,5
trivia_qa,r1-distill-llama-8b,trivia_qa_validation_05091,0,0.230936,3
trivia_qa,r1-distill-llama-8b,trivia_qa_validation_14753,1,0.467329,1
trivia_qa,r1-distill-llama-8b,trivia_qa_validation_02624,0,0.330121,1
trivia_qa,r1-distill-llama-8b,trivia_qa_validation_01668,1,0.625958,5
trivia_qa,r1-distill-llama-8b,trivia_qa_validation_01359,1,0.11908,3
trivia_qa,r1-distill-llama-8b,trivia_qa_validation_04596,1,0.575379,5
trivia_qa,r1-distill-llama-8b,trivia_qa_validation_17637,1,0.563608,2
trivia_qa,r1-distill-llama-8b,trivia_qa_validation_17819,1,0.650113,5
trivia_qa,r1-distill-llama-8b,trivia_qa_validation_07547,0,0.115389,5
trivia_qa,r1-distill-llama-8b,trivia_qa_validation_08170,0,0.538636,5
trivia_qa,r1-distill-llama-8b,trivia_qa_validation_06812,0,0.044917,3
trivia_qa,r1-distill-llama-8b,trivia_qa_validation_08506,0,0.165393,5
trivia_qa,r1-distill-llama-8b,trivia_qa_validation_07645,0,0.132627,2
trivia_qa,r1-distill-llama-8b,trivia_qa_validation_11081,1,0.227915,4
trivia_qa,r1-distill-llama-8b,trivia_qa_validation_12656,0,0.234667,2
trivia_qa,r1-distill-llama-8b,trivia_qa_validation_07327,0,0.257681,2
trivia_qa,r1-distill-llama-8b,trivia_qa_validation_17516,0,0.048013,1
trivia_qa,r1-distill-llama-8b,trivia_qa_validation_07022,0,0.494617,3
trivia_qa,r1-distill-llama-8b,trivia_qa_validation_04357,1,0.812185,2
trivia_qa,r1-distill-llama-8b,trivia_qa_validation_14731,1,0.740392,1
trivia_qa,r1-distill-llama-8b,trivia_qa_validation_10475,1,0.114777,2
trivia_qa,r1-distill-llama-8b,trivia_qa_validation_17744,1,0.724852,4
trivia_qa,r1-distill-llama-8b,trivia_qa_validation_01812,1,0.844319,4
trivia_qa,r1-distill-llama-8b,trivia_qa_validation_16058,1,0.865018,2
trivia_qa,r1-distill-llama-8b,trivia_qa_validation_02111,0,0.586171,5
trivia_qa,r1-distill-llama-8b,trivia_qa_validation_12647,1,0.102082,3
trivia_qa,r1-distill-llama-8b,trivia_qa_validation_05643,1,0.197006,3
trivia_qa,r1-distill-llama-8b,trivia_qa_validation_16766,0,0.75251,2
trivia_qa,r1-distill-llama-8b,trivia_qa_validation_14883,0,0.143571,5
trivia_qa,r1-distill-llama-8b,trivia_qa_validation_08242,0,0.061072,4
trivia_qa,r1-distill-llama-8b,trivia_qa_validation_13284,0,0.598451,1
trivia_qa,r1-distill-llama-8b,trivia_qa_validation_10004,0,0.141963,4
trivia_qa,r1-distill-llama-8b,trivia_qa_validation_16699,0,0.329139,2
trivia_qa,r1-distill-llama-8b,trivia_qa_validation_09986,0,0.390683,2
trivia_qa,r1-distill-llama-8b,trivia_qa_validation_17420,0,0.084592,4
trivia_qa,r1-distill-llama-8b,trivia_qa_validation_01836,0,0.267536,3
trivia_qa,r1-distill-llama-8b,trivia_qa_validation_07897,0,0.058238,2
trivia_qa,r1-distill-llama-8b,trivia_qa_validation_16863,0,0.018677,3
trivia_qa,r1-distill-llama-8b,trivia_qa_validation_12602,0,0.101252,1
trivia_qa,r1-distill-llama-8b,trivia_qa_validation_00593,0,0.788848,5
trivia_qa,r1-distill-llama-8b,trivia_qa_validation_02317,0,0.576812,2
trivia_qa,r1-distill-llama-8b,trivia_qa_validation_10344,0,0.047581,1
trivia_qa,r1-distill-llama-8b,trivia_qa_validation_03416,0,0.045551,3
trivia_qa,r1-distill-llama-8b,trivia_qa_validation_16755,0,0.395185,1
trivia_qa,r1-distill-llama-8b,trivia_qa_validation_16919,1,0.228027,4
trivia_qa,r1-distill-llama-8b,trivia_qa_validation_06491,0,0.044105,1
trivia_qa,r1-distill-llama-8b,trivia_qa_validation_03355,0,0.193383,2
trivia_qa,r1-distill-llama-8b,trivia_qa_validation_05462,0,0.039468,2
trivia_qa,r1-distill-llama-8b,trivia_qa_validation_05589,0,0.328922,1
trivia_qa,r1-distill-llama-8b,trivia_qa_validation_05583,0,0.341362,5
trivia_qa,r1-distill-llama-8b,trivia_qa_validation_12465,1,0.630289,2
trivia_qa,r1-distill-llama-8b,trivia_qa_validation_03861,0,0.148791,2
trivia_qa,r1-distill-llama-8b,trivia_qa_validation_15744,0,0.804617,4
trivia_qa,r1-distill-llama-8b,trivia_qa_validation_01891,0,0.060612,4
trivia_qa,r1-distill-llama-8b,trivia_qa_validation_15454,1,0.2986,4
trivia_qa,r1-distill-llama-8b,trivia_qa_validation_13058,0,0.09153,1
trivia_qa,r1-distill-llama-8b,trivia_qa_validation_02379,1,0.571603,1
trivia_qa,r1-distill-llama-8b,trivia_qa_validation_13834,1,0.212573,2
trivia_qa,r1-distill-llama-8b,trivia_qa_validation_04100,0,0.593014,1
trivia_qa,r1-distill-llama-8b,trivia_qa_validation_13536,1,0.689625,3
trivia_qa,r1-distill-llama-8b,trivia_qa_validation_04424,1,0.788712,3
trivia_qa,r1-distill-llama-8b,trivia_qa_validation_12939,0,0.040602,5
trivia_qa,r1-distill-llama-8b,trivia_qa_validation_07416,1,0.777908,1
trivia_qa,r1-distill-llama-8b,trivia_qa_validation_02273,1,0.543497,4
trivia_qa,r1-distill-llama-8b,trivia_qa_validation_01170,1,0.818872,4
trivia_qa,r1-distill-llama-8b,trivia_qa_validation_14424,1,0.499146,4
trivia_qa,r1-distill-llama-8b,trivia_qa_validation_04291,1,0.132553,5
trivia_qa,r1-distill-llama-8b,trivia_qa_validation_16467,0,0.287486,5
trivia_qa,r1-distill-llama-8b,trivia_qa_validation_00715,1,0.323524,4
trivia_qa,r1-distill-llama-8b,trivia_qa_validation_00283,1,0.35355,2
trivia_qa,r1-distill-llama-8b,trivia_qa_validation_02416,0,0.149336,3
trivia_qa,r1-distill-llama-8b,trivia_qa_validation_00270,1,0.514329,2
trivia_qa,r1-distill-llama-8b,trivia_qa_validation_12272,0,0.678382,3
trivia_qa,r1-distill-llama-8b,trivia_qa_validation_10201,0,0.208711,3
trivia_qa,r1-distill-llama-8b,trivia_qa_validation_08707,0,0.328914,3
trivia_qa,r1-distill-llama-8b,trivia_qa_validation_00545,1,0.537686,1
trivia_qa,r1-distill-llama-8b,trivia_qa_validation_13981,1,0.826935,2
trivia_qa,r1-distill-llama-8b,trivia_qa_validation_06747,0,0.431322,1
trivia_qa,r1-distill-llama-8b,trivia_qa_validation_09686,1,0.461281,3
trivia_qa,r1-distill-llama-8b,trivia_qa_validation_11251,0,0.813211,4
trivia_qa,r1-distill-llama-8b,trivia_qa_validation_15865,0,0.390643,1
trivia_qa,r1-distill-llama-8b,trivia_qa_validation_12733,1,0.681921,1
trivia_qa,r1-distill-llama-8b,trivia_qa_validation_16908,1,0.196511,4
trivia_qa,r1-distill-llama-8b,trivia_qa_validation_09434,0,0.065065,1
trivia_qa,r1-distill-llama-8b,trivia_qa_validation_04837,1,0.377825,4
trivia_qa,r1-distill-llama-8b,trivia_qa_validation_16047,0,0.778705,3
trivia_qa,r1-distill-llama-8b,trivia_qa_validation_04863,0,0.073727,3
trivia_qa,r1-distill-llama-8b,trivia_qa_validation_16744,0,0.30662,1
trivia_qa,r1-distill-llama-8b,trivia_qa_validation_01288,0,0.035726,3
trivia_qa,r1-distill-llama-8b,trivia_qa_validation_15941,1,0.824948,4
trivia_qa,r1-distill-llama-8b,trivia_qa_validation_14754,1,0.227684,3
trivia_qa,r1-distill-llama-8b,trivia_qa_validation_06632,0,0.344602,3
trivia_qa,r1-distill-llama-8b,trivia_qa_validation_02737,0,0.253131,2
trivia_qa,r1-distill-llama-8b,trivia_qa_validation_00636,0,0.202782,3
trivia_qa,r1-distill-llama-8b,trivia_qa_validation_02472,0,0.544759,4
trivia_qa,r1-distill-llama-8b,trivia_qa_validation_08712,0,0.514928,5
trivia_qa,r1-distill-llama-8b,trivia_qa_validation_04202,0,0.408427,4
trivia_qa,r1-distill-llama-8b,trivia_qa_validation_13742,0,0.060928,3
trivia_qa,r1-distill-llama-8b,trivia_qa_validation_12330,1,0.656572,5
trivia_qa,r1-distill-llama-8b,trivia_qa_validation_17220,0,0.048835,3
trivia_qa,r1-distill-llama-8b,trivia_qa_validation_06955,0,0.065462,5
trivia_qa,r1-distill-llama-8b,trivia_qa_validation_15566,0,0.220434,5
trivia_qa,r1-distill-llama-8b,trivia_qa_validation_10936,1,0.818489,5
trivia_qa,r1-distill-llama-8b,trivia_qa_validation_02186,1,0.12578,4
trivia_qa,r1-distill-llama-8b,trivia_qa_validation_10355,1,0.308823,5
trivia_qa,r1-distill-llama-8b,trivia_qa_validation_06069,1,0.701768,5
trivia_qa,r1-distill-llama-8b,trivia_qa_validation_04587,0,0.584558,1
trivia_qa,r1-distill-llama-8b,trivia_qa_validation_11038,1,0.669352,1
trivia_qa,r1-distill-llama-8b,trivia_qa_validation_00722,1,0.840387,2
trivia_qa,r1-distill-llama-8b,trivia_qa_validation_10575,0,0.096454,2
trivia_qa,r1-distill-llama-8b,trivia_qa_validation_14394,1,0.84627,5
trivia_qa,r1-distill-llama-8b,trivia_qa_validation_14904,1,0.726719,4
trivia_qa,r1-distill-llama-8b,trivia_qa_validation_17874,1,0.756564,5
trivia_qa,r1-distill-llama-8b,trivia_qa_validation_04795,0,0.069944,1
trivia_qa,r1-distill-llama-8b,trivia_qa_validation_10105,0,0.534935,1
trivia_qa,r1-distill-llama-8b,trivia_qa_validation_05520,0,0.254825,3
trivia_qa,r1-distill-llama-8b,trivia_qa_validation_03711,0,0.400636,1
trivia_qa,r1-distill-llama-8b,trivia_qa_validation_11604,0,0.048144,3
trivia_qa,r1-distill-llama-8b,trivia_qa_validation_13932,1,0.510958,5
trivia_qa,r1-distill-llama-8b,trivia_qa_validation_04772,0,0.357182,5
trivia_qa,r1-distill-llama-8b,trivia_qa_validation_12312,0,0.83433,4
trivia_qa,r1-distill-llama-8b,trivia_qa_validation_00143,0,0.042548,4
trivia_qa,r1-distill-llama-8b,trivia_qa_validation_05430,0,0.113737,5
trivia_qa,r1-distill-llama-8b,trivia_qa_validation_07902,0,0.127535,4
trivia_qa,r1-distill-llama-8b,trivia_qa_validation_02704,0,0.286497,5
trivia_qa,r1-distill-llama-8b,trivia_qa_validation_03370,1,0.828083,1
trivia_qa,r1-distill-llama-8b,trivia_qa_validation_09132,0,0.044508,4
trivia_qa,r1-distill-llama-8b,trivia_qa_validation_10486,1,0.797698,5
trivia_qa,r1-distill-llama-8b,trivia_qa_validation_05398,0,0.163693,3
trivia_qa,r1-distill-llama-8b,trivia_qa_validation_14741,0,0.349572,5
trivia_qa,r1-distill-llama-8b,trivia_qa_validation_00484,1,0.318868,3
trivia_qa,r1-distill-llama-8b,trivia_qa_validation_02728,1,0.619902,1
trivia_qa,r1-distill-llama-8b,trivia_qa_validation_06667,1,0.566688,4
trivia_qa,r1-distill-llama-8b,trivia_qa_validation_02265,1,0.2842,3
trivia_qa,r1-distill-llama-8b,trivia_qa_validation_10405,1,0.478448,2
trivia_qa,r1-distill-llama-8b,trivia_qa_validation_00148,1,0.71118,4
trivia_qa,r1-distill-llama-8b,trivia_qa_validation_14527,1,0.1211,2
trivia_qa,r1-distill-llama-8b,trivia_qa_validation_04829,0,0.098868,1
trivia_qa,r1-distill-llama-8b,trivia_qa_validation_14601,0,0.062592,4
trivia_qa,r1-distill-llama-8b,trivia_qa_validation_07232,0,0.567062,4
trivia_qa,r1-distill-llama-8b,trivia_qa_validation_14234,0,0.561073,3
trivia_qa,r1-distill-llama-8b,trivia_qa_validation_03932,1,0.043679,2
trivia_qa,r1-distill-llama-8b,trivia_qa_validation_05020,0,0.062895,2
trivia_qa,r1-distill-llama-8b,trivia_qa_validation_05092,0,0.518021,5
trivia_qa,r1-distill-llama-8b,trivia_qa_validation_07151,0,0.828947,5
trivia_qa,r1-distill-llama-8b,trivia_qa_validation_04086,1,0.10306,1
trivia_qa,r1-distill-llama-8b,trivia_qa_validation_15597,1,0.231283,1
trivia_qa,r1-distill-llama-8b,trivia_qa_validation_02766,0,0.248717,2
trivia_qa,r1-distill-llama-8b,trivia_qa_validation_07242,1,0.845926,2
trivia_qa,r1-distill-llama-8b,trivia_qa_validation_00160,0,0.407262,2
trivia_qa,r1-distill-llama-8b,trivia_qa_validation_08757,1,0.693275,4
trivia_qa,r1-distill-llama-8b,trivia_qa_validation_15944,1,0.840229,3
trivia_qa,r1-distill-llama-8b,trivia_qa_validation_03325,0,0.331623,4
trivia_qa,r1-distill-llama-8b,trivia_qa_validation_03466,0,0.484661,4
trivia_qa,r1-distill-llama-8b,trivia_qa_validation_04152,0,0.061328,2
trivia_qa,r1-distill-llama-8b,trivia_qa_validation_08334,0,0.059755,5
trivia_qa,r1-distill-llama-8b,trivia_qa_validation_12413,0,0.164729,3
trivia_qa,r1-distill-llama-8b,trivia_qa_validation_02300,0,0.043071,3
trivia_qa,r1-distill-llama-8b,trivia_qa_validation_08500,0,0.072396,4
trivia_qa,r1-distill-llama-8b,trivia_qa_validation_10340,0,0.119522,5
trivia_qa,r1-distill-llama-8b,trivia_qa_validation_12394,0,0.350919,5
trivia_qa,r1-distill-llama-8b,trivia_qa_validation_03713,0,0.097514,4
trivia_qa,r1-distill-llama-8b,trivia_qa_validation_11027,0,0.457923,5
trivia_qa,r1-distill-llama-8b,trivia_qa_validation_08979,1,0.294442,3
trivia_qa,r1-distill-llama-8b,trivia_qa_validation_06209,1,0.257691,5
trivia_qa,r1-distill-llama-8b,trivia_qa_validation_01498,0,0.033583,4
trivia_qa,r1-distill-llama-8b,trivia_qa_validation_16056,0,0.130806,1
trivia_qa,r1-distill-llama-8b,trivia_qa_validation_09720,0,0.433235,2
trivia_qa,r1-distill-llama-8b,trivia_qa_validation_16784,0,0.827307,2
trivia_qa,r1-distill-llama-8b,trivia_qa_validation_03661,0,0.199095,3
trivia_qa,r1-distill-llama-8b,trivia_qa_validation_17758,0,0.524106,1
trivia_qa,r1-distill-llama-8b,trivia_qa_validation_11813,0,0.097487,5
trivia_qa,r1-distill-llama-8b,trivia_qa_validation_11982,1,0.065621,2
trivia_qa,r1-distill-llama-8b,trivia_qa_validation_13147,1,0.858523,4
trivia_qa,r1-distill-llama-8b,trivia_qa_validation_03883,0,0.831241,1
trivia_qa,r1-distill-llama-8b,trivia_qa_validation_00710,0,0.227443,2
trivia_qa,r1-distill-llama-8b,trivia_qa_validation_01443,1,0.09353,1
trivia_qa,r1-distill-llama-8b,trivia_qa_validation_02550,1,0.838049,5
trivia_qa,r1-distill-llama-8b,trivia_qa_validation_00348,1,0.569531,4
trivia_qa,r1-distill-llama-8b,trivia_qa_validation_05540,1,0.797673,3
trivia_qa,r1-distill-llama-8b,trivia_qa_validation_17936,0,0.065612,5
trivia_qa,r1-distill-llama-8b,trivia_qa_validation_04756,0,0.424676,1
trivia_qa,r1-distill-llama-8b,trivia_qa_validation_01754,1,0.26808,3
trivia_qa,r1-distill-llama-8b,trivia_qa_validation_01899,0,0.252307,3
trivia_qa,r1-distill-llama-8b,trivia_qa_validation_00420,0,0.055836,4
trivia_qa,r1-distill-llama-8b,trivia_qa_validation_01711,0,0.81257,4
trivia_qa,r1-distill-llama-8b,trivia_qa_validation_13181,1,0.378819,1
trivia_qa,r1-distill-llama-8b,trivia_qa_validation_15521,1,0.607409,2
trivia_qa,r1-distill-llama-8b,trivia_qa_validation_11277,0,0.318552,3
trivia_qa,r1-distill-llama-8b,trivia_qa_validation_03142,1,0.843307,1
trivia_qa,r1-distill-llama-8b,trivia_qa_validation_17657,1,0.500238,5
trivia_qa,r1-distill-llama-8b,trivia_qa_validation_04364,0,0.060021,5
trivia_qa,r1-distill-llama-8b,trivia_qa_validation_03140,1,0.615246,3
trivia_qa,r1-distill-llama-8b,trivia_qa_validation_06689,0,0.468414,1
trivia_qa,r1-distill-llama-8b,trivia_qa_validation_15502,1,0.347568,2
trivia_qa,r1-distill-llama-8b,trivia_qa_validation_14235,0,0.82889,3
trivia_qa,r1-distill-llama-8b,trivia_qa_validation_14036,0,0.07198,1
trivia_qa,r1-distill-llama-8b,trivia_qa_validation_12824,0,0.214918,4
trivia_qa,r1-distill-llama-8b,trivia_qa_validation_00649,0,0.154166,2
trivia_qa,r1-distill-llama-8b,trivia_qa_validation_08477,0,0.128171,3
trivia_qa,r1-distill-llama-8b,trivia_qa_validation_05433,0,0.145515,3
trivia_qa,r1-distill-llama-8b,trivia_qa_validation_15011,1,0.266944,5
trivia_qa,r1-distill-llama-8b,trivia_qa_validation_02765,0,0.060909,1
trivia_qa,r1-distill-llama-8b,trivia_qa_validation_11178,0,0.261364,5
trivia_qa,r1-distill-llama-8b,trivia_qa_validation_08194,1,0.784655,5
trivia_qa,r1-distill-llama-8b,trivia_qa_validation_13169,1,0.735314,5
trivia_qa,r1-distill-llama-8b,trivia_qa_validation_12626,0,0.187612,3
trivia_qa,r1-distill-llama-8b,trivia_qa_validation_09431,0,0.087577,5
trivia_qa,r1-distill-llama-8b,trivia_qa_validation_00109,0,0.281459,5
trivia_qa,r1-distill-llama-8b,trivia_qa_validation_08678,1,0.843497,2
trivia_qa,r1-distill-llama-8b,trivia_qa_validation_06127,1,0.848728,3
trivia_qa,r1-distill-llama-8b,trivia_qa_validation_13219,0,0.037822,4
trivia_qa,r1-distill-llama-8b,trivia_qa_validation_04599,0,0.473324,4
trivia_qa,r1-distill-llama-8b,trivia_qa_validation_01994,0,0.050023,2
trivia_qa,r1-distill-llama-8b,trivia_qa_validation_12224,0,0.158718,2
trivia_qa,r1-distill-llama-8b,trivia_qa_validation_15179,0,0.176171,3
trivia_qa,r1-distill-llama-8b,trivia_qa_validation_07641,1,0.335938,2
trivia_qa,r1-distill-llama-8b,trivia_qa_validation_02282,1,0.681308,3
trivia_qa,r1-distill-llama-8b,trivia_qa_validation_04513,0,0.299225,3
trivia_qa,r1-distill-llama-8b,trivia_qa_validation_01366,0,0.093204,4
trivia_qa,r1-distill-llama-8b,trivia_qa_validation_07458,0,0.419257,2
trivia_qa,r1-distill-llama-8b,trivia_qa_validation_01883,1,0.834004,3
trivia_qa,r1-distill-llama-8b,trivia_qa_validation_14255,0,0.071475,1
trivia_qa,r1-distill-llama-8b,trivia_qa_validation_00591,0,0.699215,1
trivia_qa,r1-distill-llama-8b,trivia_qa_validation_10818,0,0.045406,1
trivia_qa,r1-distill-llama-8b,trivia_qa_validation_13177,0,0.295598,2
trivia_qa,r1-distill-llama-8b,trivia_qa_validation_08933,0,0.055898,3
trivia_qa,r1-distill-llama-8b,trivia_qa_validation_16046,1,0.459088,1
trivia_qa,r1-distill-llama-8b,trivia_qa_validation_11077,0,0.316874,3
trivia_qa,r1-distill-llama-8b,trivia_qa_validation_16190,0,0.451981,1
trivia_qa,r1-distill-llama-8b,trivia_qa_validation_16727,1,0.529268,5
trivia_qa,r1-distill-llama-8b,trivia_qa_validation_14999,0,0.293593,3
trivia_qa,r1-distill-llama-8b,trivia_qa_validation_01906,0,0.51379,2
trivia_qa,r1-distill-llama-8b,trivia_qa_validation_14350,1,0.670111,2
trivia_qa,r1-distill-llama-8b,trivia_qa_validation_13361,0,0.134322,4
trivia_qa,r1-distill-llama-8b,trivia_qa_validation_08206,0,0.059935,1
trivia_qa,r1-distill-llama-8b,trivia_qa_validation_10955,1,0.757572,4
trivia_qa,r1-distill-llama-8b,trivia_qa_validation_03780,0,0.565881,1
trivia_qa,r1-distill-llama-8b,trivia_qa_validation_03600,0,0.173992,3
trivia_qa,r1-distill-llama-8b,trivia_qa_validation_13199,0,0.337563,1
trivia_qa,r1-distill-llama-8b,trivia_qa_validation_00375,1,0.652387,4
trivia_qa,r1-distill-llama-8b,trivia_qa_validation_03752,1,0.517649,3
trivia_qa,r1-distill-llama-8b,trivia_qa_validation_10641,0,0.254773,5
trivia_qa,r1-distill-llama-8b,trivia_qa_validation_06744,1,0.78857,4
trivia_qa,r1-distill-llama-8b,trivia_qa_validation_01081,1,0.850833,1
trivia_qa,r1-distill-llama-8b,trivia_qa_validation_10157,1,0.212938,2
trivia_qa,r1-distill-llama-8b,trivia_qa_validation_03172,1,0.321842,2
trivia_qa,r1-distill-llama-8b,trivia_qa_validation_17673,1,0.860658,1
trivia_qa,r1-distill-llama-8b,trivia_qa_validation_14895,0,0.060487,5
trivia_qa,r1-distill-llama-8b,trivia_qa_validation_00064,1,0.172885,2
trivia_qa,r1-distill-llama-8b,trivia_qa_validation_00787,1,0.26811,3
trivia_qa,r1-distill-llama-8b,trivia_qa_validation_08496,0,0.764549,3
trivia_qa,r1-distill-llama-8b,trivia_qa_validation_06234,0,0.059239,2
trivia_qa,r1-distill-llama-8b,trivia_qa_validation_00277,0,0.659357,5
trivia_qa,r1-distill-llama-8b,trivia_qa_validation_04031,1,0.502677,5
trivia_qa,r1-distill-llama-8b,trivia_qa_validation_04619,0,0.02619,2
trivia_qa,r1-distill-llama-8b,trivia_qa_validation_09944,0,0.465301,5
trivia_qa,r1-distill-llama-8b,trivia_qa_validation_10365,1,0.787086,5
trivia_qa,r1-distill-llama-8b,trivia_qa_validation_04211,1,0.879978,2
trivia_qa,r1-distill-llama-8b,trivia_qa_validation_01224,1,0.805455,3
trivia_qa,r1-distill-llama-8b,trivia_qa_validation_00412,0,0.200223,5
trivia_qa,r1-distill-llama-8b,trivia_qa_validation_08936,0,0.09501,3
trivia_qa,r1-distill-llama-8b,trivia_qa_validation_06107,1,0.130044,5
trivia_qa,r1-distill-llama-8b,trivia_qa_validation_12470,0,0.176038,1
trivia_qa,r1-distill-llama-8b,trivia_qa_validation_13149,0,0.723108,2
trivia_qa,r1-distill-llama-8b,trivia_qa_validation_12901,0,0.165262,3
trivia_qa,r1-distill-llama-8b,trivia_qa_validation_00716,0,0.535793,3
trivia_qa,r1-distill-llama-8b,trivia_qa_validation_00608,0,0.071833,3
trivia_qa,r1-distill-llama-8b,trivia_qa_validation_13701,1,0.41346,3
trivia_qa,r1-distill-llama-8b,trivia_qa_validation_08925,0,0.103257,1
trivia_qa,r1-distill-llama-8b,trivia_qa_validation_04562,1,0.558066,4
trivia_qa,r1-distill-llama-8b,trivia_qa_validation_09516,1,0.341572,4
trivia_qa,r1-distill-llama-8b,trivia_qa_validation_02833,0,0.443649,1
trivia_qa,r1-distill-llama-8b,trivia_qa_validation_00073,0,0.088201,3
trivia_qa,r1-distill-llama-8b,trivia_qa_validation_02820,0,0.072364,4
trivia_qa,r1-distill-llama-8b,trivia_qa_validation_07941,1,0.701442,1
trivia_qa,r1-distill-llama-8b,trivia_qa_validation_00450,0,0.068733,5
trivia_qa,r1-distill-llama-8b,trivia_qa_validation_12257,0,0.250039,1
trivia_qa,r1-distill-llama-8b,trivia_qa_validation_11885,0,0.165475,1
trivia_qa,r1-distill-llama-8b,trivia_qa_validation_09049,0,0.115229,5
trivia_qa,r1-distill-llama-8b,trivia_qa_validation_15912,0,0.281196,5
trivia_qa,r1-distill-llama-8b,trivia_qa_validation_12227,0,0.061484,1
trivia_qa,r1-distill-llama-8b,trivia_qa_validation_07174,0,0.639636,3
trivia_qa,r1-distill-llama-8b,trivia_qa_validation_15395,1,0.45633,2
trivia_qa,r1-distill-llama-8b,trivia_qa_validation_12988,0,0.790602,3
trivia_qa,r1-distill-llama-8b,trivia_qa_validation_02995,0,0.157201,5
trivia_qa,r1-distill-llama-8b,trivia_qa_validation_00899,0,0.10497,2
trivia_qa,r1-distill-llama-8b,trivia_qa_validation_09891,1,0.741679,3
trivia_qa,r1-distill-llama-8b,trivia_qa_validation_17099,0,0.153575,1
trivia_qa,r1-distill-llama-8b,trivia_qa_validation_16828,1,0.585899,4
trivia_qa,r1-distill-llama-8b,trivia_qa_validation_00780,1,0.624246,3
trivia_qa,r1-distill-llama-8b,trivia_qa_validation_10939,1,0.526829,3
trivia_qa,r1-distill-llama-8b,trivia_qa_validation_00686,1,0.80773,5
trivia_qa,r1-distill-llama-8b,trivia_qa_validation_11066,1,0.28547,1
trivia_qa,r1-distill-llama-8b,trivia_qa_validation_00315,0,0.059746,3
trivia_qa,r1-distill-llama-8b,trivia_qa_validation_12757,0,0.335002,1
trivia_qa,r1-distill-llama-8b,trivia_qa_validation_12617,1,0.834802,3
trivia_qa,r1-distill-llama-8b,trivia_qa_validation_10158,1,0.064355,2
trivia_qa,r1-distill-llama-8b,trivia_qa_validation_10368,0,0.051306,2
trivia_qa,r1-distill-llama-8b,trivia_qa_validation_13479,1,0.082736,1
trivia_qa,r1-distill-llama-8b,trivia_qa_validation_09320,0,0.216044,1
trivia_qa,r1-distill-llama-8b,trivia_qa_validation_01563,0,0.365776,2
trivia_qa,r1-distill-llama-8b,trivia_qa_validation_15635,0,0.057924,3
trivia_qa,r1-distill-llama-8b,trivia_qa_validation_13342,0,0.045068,5
trivia_qa,r1-distill-llama-8b,trivia_qa_validation_07741,0,0.036921,2
trivia_qa,r1-distill-llama-8b,trivia_qa_validation_16493,0,0.174992,5
trivia_qa,r1-distill-llama-8b,trivia_qa_validation_11201,0,0.376874,5
trivia_qa,r1-distill-llama-8b,trivia_qa_validation_10438,1,0.720563,1
trivia_qa,r1-distill-llama-8b,trivia_qa_validation_05441,1,0.758241,2
trivia_qa,r1-distill-llama-8b,trivia_qa_validation_07101,1,0.451164,5
trivia_qa,r1-distill-llama-8b,trivia_qa_validation_01851,0,0.437245,2
trivia_qa,r1-distill-llama-8b,trivia_qa_validation_09161,0,0.061103,5
trivia_qa,r1-distill-llama-8b,trivia_qa_validation_10402,0,0.482794,5
trivia_qa,r1-distill-llama-8b,trivia_qa_validation_08645,1,0.113746,1
trivia_qa,r1-distill-llama-8b,trivia_qa_validation_12847,0,0.389251,5
trivia_qa,r1-distill-llama-8b,trivia_qa_validation_11922,0,0.515258,1
trivia_qa,r1-distill-llama-8b,trivia_qa_validation_08999,0,0.049279,3
trivia_qa,r1-distill-llama-8b,trivia_qa_validation_03131,0,0.177687,2
trivia_qa,r1-distill-llama-8b,trivia_qa_validation_09993,0,0.344149,4
trivia_qa,r1-distill-llama-8b,trivia_qa_validation_11766,0,0.314407,5
trivia_qa,r1-distill-llama-8b,trivia_qa_validation_07344,0,0.053037,2
trivia_qa,r1-distill-llama-8b,trivia_qa_validation_08688,1,0.113882,5
trivia_qa,r1-distill-llama-8b,trivia_qa_validation_15804,0,0.655824,2
trivia_qa,r1-distill-llama-8b,trivia_qa_validation_17889,1,0.816206,1
trivia_qa,r1-distill-llama-8b,trivia_qa_validation_07199,1,0.568215,4
trivia_qa,r1-distill-llama-8b,trivia_qa_validation_06663,0,0.075628,4
trivia_qa,r1-distill-llama-8b,trivia_qa_validation_03344,1,0.853223,2
trivia_qa,r1-distill-llama-8b,trivia_qa_validation_07867,0,0.043983,5
trivia_qa,r1-distill-llama-8b,trivia_qa_validation_10198,0,0.096554,5
trivia_qa,r1-distill-llama-8b,trivia_qa_validation_06826,1,0.748556,2
trivia_qa,r1-distill-llama-8b,trivia_qa_validation_03353,0,0.056012,4
trivia_qa,r1-distill-llama-8b,trivia_qa_validation_14067,0,0.571135,1
trivia_qa,r1-distill-llama-8b,trivia_qa_validation_10370,0,0.118607,4
trivia_qa,r1-distill-llama-8b,trivia_qa_validation_14262,0,0.543893,1
trivia_qa,r1-distill-llama-8b,trivia_qa_validation_14825,1,0.090571,4
trivia_qa,r1-distill-llama-8b,trivia_qa_validation_05264,0,0.063034,4
trivia_qa,r1-distill-llama-8b,trivia_qa_validation_15216,0,0.079209,5
trivia_qa,r1-distill-llama-8b,trivia_qa_validation_02283,1,0.820376,4
trivia_qa,r1-distill-llama-8b,trivia_qa_validation_15256,0,0.39454,2
trivia_qa,r1-distill-llama-8b,trivia_qa_validation_06451,1,0.675607,2
trivia_qa,r1-distill-llama-8b,trivia_qa_validation_10292,0,0.283378,4
trivia_qa,r1-distill-llama-8b,trivia_qa_validation_10680,1,0.454253,5
trivia_qa,r1-distill-llama-8b,trivia_qa_validation_04779,1,0.661766,5
trivia_qa,r1-distill-llama-8b,trivia_qa_validation_06577,0,0.083658,4
trivia_qa,r1-distill-llama-8b,trivia_qa_validation_14376,0,0.035726,4
trivia_qa,r1-distill-llama-8b,trivia_qa_validation_03459,0,0.475934,2
trivia_qa,r1-distill-llama-8b,trivia_qa_validation_05100,0,0.029235,4
trivia_qa,r1-distill-llama-8b,trivia_qa_validation_04197,0,0.053947,3
trivia_qa,r1-distill-llama-8b,trivia_qa_validation_02484,1,0.835512,1
trivia_qa,r1-distill-llama-8b,trivia_qa_validation_00400,0,0.105554,3
trivia_qa,r1-distill-llama-8b,trivia_qa_validation_08919,0,0.369238,5
trivia_qa,r1-distill-llama-8b,trivia_qa_validation_03947,0,0.150432,5
trivia_qa,r1-distill-llama-8b,trivia_qa_validation_08119,0,0.234025,4
trivia_qa,r1-distill-llama-8b,trivia_qa_validation_04464,0,0.201252,1
trivia_qa,r1-distill-llama-8b,trivia_qa_validation_09553,0,0.506762,2
trivia_qa,r1-distill-llama-8b,trivia_qa_validation_14537,0,0.077899,3
trivia_qa,r1-distill-llama-8b,trivia_qa_validation_14480,0,0.050157,3
trivia_qa,r1-distill-llama-8b,trivia_qa_validation_14210,0,0.533849,4
trivia_qa,r1-distill-llama-8b,trivia_qa_validation_14435,0,0.301908,1
trivia_qa,r1-distill-llama-8b,trivia_qa_validation_06231,0,0.04902,1
trivia_qa,r1-distill-llama-8b,trivia_qa_validation_01155,0,0.101811,3
trivia_qa,r1-distill-llama-8b,trivia_qa_validation_05645,0,0.1622,5
trivia_qa,r1-distill-llama-8b,trivia_qa_validation_12517,1,0.812662,5
trivia_qa,r1-distill-llama-8b,trivia_qa_validation_00452,0,0.208164,3
trivia_qa,r1-distill-llama-8b,trivia_qa_validation_07470,0,0.395291,5
trivia_qa,r1-distill-llama-8b,trivia_qa_validation_08144,0,0.039173,3
trivia_qa,r1-distill-llama-8b,trivia_qa_validation_16340,0,0.058982,2
trivia_qa,r1-distill-llama-8b,trivia_qa_validation_12679,0,0.133283,3
trivia_qa,r1-distill-llama-8b,trivia_qa_validation_12764,0,0.516822,5
trivia_qa,r1-distill-llama-8b,trivia_qa_validation_04640,0,0.088414,1
trivia_qa,r1-distill-llama-8b,trivia_qa_validation_02844,1,0.740469,1
trivia_qa,r1-distill-llama-8b,trivia_qa_validation_09230,1,0.696126,2
trivia_qa,r1-distill-llama-8b,trivia_qa_validation_06552,0,0.048727,4
trivia_qa,r1-distill-llama-8b,trivia_qa_validation_06454,0,0.071603,3
trivia_qa,r1-distill-llama-8b,trivia_qa_validation_14637,1,0.842419,5
trivia_qa,r1-distill-llama-8b,trivia_qa_validation_14365,0,0.16269,2
trivia_qa,r1-distill-llama-8b,trivia_qa_validation_05184,1,0.585439,2
trivia_qa,r1-distill-llama-8b,trivia_qa_validation_03696,1,0.793361,4
trivia_qa,r1-distill-llama-8b,trivia_qa_validation_09642,1,0.620072,3
trivia_qa,r1-distill-llama-8b,trivia_qa_validation_15552,0,0.126269,5
trivia_qa,r1-distill-llama-8b,trivia_qa_validation_17529,0,0.76718,2
trivia_qa,r1-distill-llama-8b,trivia_qa_validation_15824,0,0.076435,5
trivia_qa,r1-distill-llama-8b,trivia_qa_validation_11432,1,0.377789,1
trivia_qa,r1-distill-llama-8b,trivia_qa_validation_00088,1,0.550983,1
trivia_qa,r1-distill-llama-8b,trivia_qa_validation_05568,0,0.029194,2
trivia_qa,r1-distill-llama-8b,trivia_qa_validation_05297,0,0.684481,4
trivia_qa,r1-distill-llama-8b,trivia_qa_validation_05647,0,0.49139,3
trivia_qa,r1-distill-llama-8b,trivia_qa_validation_04428,0,0.529627,5
trivia_qa,r1-distill-llama-8b,trivia_qa_validation_15982,1,0.842736,5
trivia_qa,r1-distill-llama-8b,trivia_qa_validation_01628,1,0.40284,2
trivia_qa,r1-distill-llama-8b,trivia_qa_validation_06553,1,0.536401,2
trivia_qa,r1-distill-llama-8b,trivia_qa_validation_16893,0,0.099087,2
trivia_qa,r1-distill-llama-8b,trivia_qa_validation_12938,0,0.047313,5
trivia_qa,r1-distill-llama-8b,trivia_qa_validation_12748,1,0.437725,2
trivia_qa,r1-distill-llama-8b,trivia_qa_validation_04674,0,0.090555,1
trivia_qa,r1-distill-llama-8b,trivia_qa_validation_00758,1,0.084403,2
trivia_qa,r1-distill-llama-8b,trivia_qa_validation_06687,1,0.795541,4
trivia_qa,r1-distill-llama-8b,trivia_qa_validation_17653,0,0.414398,2
trivia_qa,r1-distill-llama-8b,trivia_qa_validation_00839,1,0.806168,5
trivia_qa,r1-distill-llama-8b,trivia_qa_validation_15618,0,0.06438,3
trivia_qa,r1-distill-llama-8b,trivia_qa_validation_17514,1,0.588046,4
trivia_qa,r1-distill-llama-8b,trivia_qa_validation_09712,1,0.715639,1
trivia_qa,r1-distill-llama-8b,trivia_qa_validation_06599,0,0.048874,4
trivia_qa,r1-distill-llama-8b,trivia_qa_validation_13957,1,0.693114,1
trivia_qa,r1-distill-llama-8b,trivia_qa_validation_09104,0,0.132125,1
trivia_qa,r1-distill-llama-8b,trivia_qa_validation_15841,0,0.107128,3
trivia_qa,r1-distill-llama-8b,trivia_qa_validation_12985,0,0.057537,3
trivia_qa,r1-distill-llama-8b,trivia_qa_validation_16562,0,0.437922,3
trivia_qa,r1-distill-llama-8b,trivia_qa_validation_12540,0,0.112752,4
trivia_qa,r1-distill-llama-8b,trivia_qa_validation_17711,1,0.721602,2
trivia_qa,r1-distill-llama-8b,trivia_qa_validation_02769,1,0.83154,5
trivia_qa,r1-distill-llama-8b,trivia_qa_validation_03117,0,0.267295,2
trivia_qa,r1-distill-llama-8b,trivia_qa_validation_06956,0,0.438032,2
trivia_qa,r1-distill-llama-8b,trivia_qa_validation_10036,1,0.152511,1
trivia_qa,r1-distill-llama-8b,trivia_qa_validation_17234,1,0.831974,1
trivia_qa,r1-distill-llama-8b,trivia_qa_validation_17834,1,0.437616,2
trivia_qa,r1-distill-llama-8b,trivia_qa_validation_11451,0,0.051997,2
trivia_qa,r1-distill-llama-8b,trivia_qa_validation_07698,0,0.041764,3
trivia_qa,r1-distill-llama-8b,trivia_qa_validation_06495,0,0.517933,3
trivia_qa,r1-distill-llama-8b,trivia_qa_validation_02834,0,0.188102,4
trivia_qa,r1-distill-llama-8b,trivia_qa_validation_13215,1,0.598033,1
trivia_qa,r1-distill-llama-8b,trivia_qa_validation_09253,0,0.173943,5
trivia_qa,r1-distill-llama-8b,trivia_qa_validation_03995,1,0.429067,3
trivia_qa,r1-distill-llama-8b,trivia_qa_validation_06321,0,0.138172,4
trivia_qa,r1-distill-llama-8b,trivia_qa_validation_09116,0,0.193138,4
trivia_qa,r1-distill-llama-8b,trivia_qa_validation_00264,0,0.234382,5
trivia_qa,r1-distill-llama-8b,trivia_qa_validation_07058,0,0.411431,4
trivia_qa,r1-distill-llama-8b,trivia_qa_validation_03040,1,0.714033,4
trivia_qa,r1-distill-llama-8b,trivia_qa_validation_05423,1,0.81,5
trivia_qa,r1-distill-llama-8b,trivia_qa_validation_08007,0,0.131807,2
trivia_qa,r1-distill-llama-8b,trivia_qa_validation_17843,1,0.820693,1
trivia_qa,r1-distill-llama-8b,trivia_qa_validation_12090,0,0.129647,4
trivia_qa,r1-distill-llama-8b,trivia_qa_validation_02437,1,0.439084,2
trivia_qa,r1-distill-llama-8b,trivia_qa_validation_00957,0,0.7313,2
trivia_qa,r1-distill-llama-8b,trivia_qa_validation_05479,1,0.459146,1
trivia_qa,r1-distill-llama-8b,trivia_qa_validation_09597,0,0.078318,3
trivia_qa,r1-distill-llama-8b,trivia_qa_validation_07565,0,0.110779,1
trivia_qa,r1-distill-llama-8b,trivia_qa_validation_08330,1,0.499167,2
trivia_qa,r1-distill-llama-8b,trivia_qa_validation_12501,1,0.79625,5
trivia_qa,r1-distill-llama-8b,trivia_qa_validation_17026,0,0.052354,2
trivia_qa,r1-distill-llama-8b,trivia_qa_validation_00046,0,0.171702,2
trivia_qa,r1-distill-llama-8b,trivia_qa_validation_00015,0,0.764467,5
trivia_qa,r1-distill-llama-8b,trivia_qa_validation_04598,1,0.426416,5
trivia_qa,r1-distill-llama-8b,trivia_qa_validation_09123,1,0.653148,1
trivia_qa,r1-distill-llama-8b,trivia_qa_validation_14269,0,0.043333,4
trivia_qa,r1-distill-llama-8b,trivia_qa_validation_16115,0,0.545462,4
trivia_qa,r1-distill-llama-8b,trivia_qa_validation_11593,0,0.267356,5
trivia_qa,r1-distill-llama-8b,trivia_qa_validation_06890,0,0.23957,4
trivia_qa,r1-distill-llama-8b,trivia_qa_validation_16436,0,0.23683,4
trivia_qa,r1-distill-llama-8b,trivia_qa_validation_12960,1,0.414558,1
trivia_qa,r1-distill-llama-8b,trivia_qa_validation_12299,1,0.801898,1
trivia_qa,r1-distill-llama-8b,trivia_qa_validation_07338,1,0.40711,5
trivia_qa,r1-distill-llama-8b,trivia_qa_validation_17206,0,0.856517,4
trivia_qa,r1-distill-llama-8b,trivia_qa_validation_00045,0,0.059362,3
trivia_qa,r1-distill-llama-8b,trivia_qa_validation_01317,0,0.142275,5
trivia_qa,r1-distill-llama-8b,trivia_qa_validation_16223,1,0.789608,3
trivia_qa,r1-distill-llama-8b,trivia_qa_validation_01824,0,0.245018,4
trivia_qa,r1-distill-llama-8b,trivia_qa_validation_15704,1,0.108405,4
trivia_qa,r1-distill-llama-8b,trivia_qa_validation_02305,0,0.509142,4
trivia_qa,r1-distill-llama-8b,trivia_qa_validation_04047,1,0.730308,3
trivia_qa,r1-distill-llama-8b,trivia_qa_validation_11337,0,0.529863,1
trivia_qa,r1-distill-llama-8b,trivia_qa_validation_03987,1,0.827235,2
trivia_qa,r1-distill-llama-8b,trivia_qa_validation_07019,0,0.062535,2
trivia_qa,r1-distill-llama-8b,trivia_qa_validation_02002,0,0.156824,4
trivia_qa,r1-distill-llama-8b,trivia_qa_validation_08224,1,0.645336,2
trivia_qa,r1-distill-llama-8b,trivia_qa_validation_13481,1,0.403601,5
trivia_qa,r1-distill-llama-8b,trivia_qa_validation_14457,0,0.032269,4
trivia_qa,r1-distill-llama-8b,trivia_qa_validation_14229,1,0.291068,1
trivia_qa,r1-distill-llama-8b,trivia_qa_validation_13625,0,0.650015,4
trivia_qa,r1-distill-llama-8b,trivia_qa_validation_12554,1,0.859143,1
trivia_qa,r1-distill-llama-8b,trivia_qa_validation_03119,0,0.334827,4
trivia_qa,r1-distill-llama-8b,trivia_qa_validation_09634,1,0.726391,5
trivia_qa,r1-distill-llama-8b,trivia_qa_validation_08915,0,0.051827,3
trivia_qa,r1-distill-llama-8b,trivia_qa_validation_07420,0,0.036225,2
trivia_qa,r1-distill-llama-8b,trivia_qa_validation_13542,0,0.070766,5
trivia_qa,r1-distill-llama-8b,trivia_qa_validation_11676,0,0.116711,2
trivia_qa,r1-distill-llama-8b,trivia_qa_validation_17159,0,0.100813,3
trivia_qa,r1-distill-llama-8b,trivia_qa_validation_09638,1,0.551267,3
trivia_qa,r1-distill-llama-8b,trivia_qa_validation_07495,0,0.059077,4
trivia_qa,r1-distill-llama-8b,trivia_qa_validation_09764,0,0.07009,2
trivia_qa,r1-distill-llama-8b,trivia_qa_validation_05874,0,0.099949,3
trivia_qa,r1-distill-llama-8b,trivia_qa_validation_11236,0,0.064124,2
trivia_qa,r1-distill-llama-8b,trivia_qa_validation_01707,1,0.649186,4
trivia_qa,r1-distill-llama-8b,trivia_qa_validation_03326,0,0.861752,2
trivia_qa,r1-distill-llama-8b,trivia_qa_validation_02825,1,0.238199,4
trivia_qa,r1-distill-llama-8b,trivia_qa_validation_06898,1,0.732211,3
trivia_qa,r1-distill-llama-8b,trivia_qa_validation_03363,0,0.206293,5
trivia_qa,r1-distill-llama-8b,trivia_qa_validation_00574,0,0.540163,3
trivia_qa,r1-distill-llama-8b,trivia_qa_validation_08073,0,0.048758,2
trivia_qa,r1-distill-llama-8b,trivia_qa_validation_09262,0,0.058787,1
trivia_qa,r1-distill-llama-8b,trivia_qa_validation_08944,0,0.061413,2
trivia_qa,r1-distill-llama-8b,trivia_qa_validation_05567,0,0.128866,4
trivia_qa,r1-distill-llama-8b,trivia_qa_validation_03670,1,0.794225,3
trivia_qa,r1-distill-llama-8b,trivia_qa_validation_15779,1,0.428125,4
trivia_qa,r1-distill-llama-8b,trivia_qa_validation_06876,0,0.353509,4
trivia_qa,r1-distill-llama-8b,trivia_qa_validation_13180,1,0.684551,3
trivia_qa,r1-distill-llama-8b,trivia_qa_validation_00954,1,0.721887,3
trivia_qa,r1-distill-llama-8b,trivia_qa_validation_04642,1,0.737523,5
trivia_qa,r1-distill-llama-8b,trivia_qa_validation_11008,0,0.396492,4
trivia_qa,r1-distill-llama-8b,trivia_qa_validation_11755,0,0.058792,2
trivia_qa,r1-distill-llama-8b,trivia_qa_validation_08976,0,0.653707,5
trivia_qa,r1-distill-llama-8b,trivia_qa_validation_03526,0,0.106249,4
trivia_qa,r1-distill-llama-8b,trivia_qa_validation_05359,0,0.505537,3
trivia_qa,r1-distill-llama-8b,trivia_qa_validation_05831,0,0.094208,2
trivia_qa,r1-distill-llama-8b,trivia_qa_validation_12222,0,0.065078,5
trivia_qa,r1-distill-llama-8b,trivia_qa_validation_02413,0,0.82076,3
trivia_qa,r1-distill-llama-8b,trivia_qa_validation_00559,1,0.205965,3
trivia_qa,r1-distill-llama-8b,trivia_qa_validation_11322,0,0.137224,5
trivia_qa,r1-distill-llama-8b,trivia_qa_validation_12263,0,0.336907,1
trivia_qa,r1-distill-llama-8b,trivia_qa_validation_07375,0,0.550921,1
trivia_qa,r1-distill-llama-8b,trivia_qa_validation_11180,0,0.25522,5
trivia_qa,r1-distill-llama-8b,trivia_qa_validation_14609,0,0.703874,4
trivia_qa,r1-distill-llama-8b,trivia_qa_validation_16983,1,0.824553,4
trivia_qa,r1-distill-llama-8b,trivia_qa_validation_03035,0,0.045347,2
trivia_qa,r1-distill-llama-8b,trivia_qa_validation_10195,1,0.500606,1
trivia_qa,r1-distill-llama-8b,trivia_qa_validation_04029,1,0.820993,5
trivia_qa,r1-distill-llama-8b,trivia_qa_validation_04916,1,0.810715,1
trivia_qa,r1-distill-llama-8b,trivia_qa_validation_04652,0,0.426764,5
trivia_qa,r1-distill-llama-8b,trivia_qa_validation_03007,1,0.827823,3
trivia_qa,r1-distill-llama-8b,trivia_qa_validation_00968,1,0.799823,5
trivia_qa,r1-distill-llama-8b,trivia_qa_validation_06380,0,0.245534,1
trivia_qa,r1-distill-llama-8b,trivia_qa_validation_13769,0,0.848065,2
trivia_qa,r1-distill-llama-8b,trivia_qa_validation_07125,1,0.82673,5
trivia_qa,r1-distill-llama-8b,trivia_qa_validation_00810,0,0.07718,1
trivia_qa,r1-distill-llama-8b,trivia_qa_validation_04212,1,0.384022,2
trivia_qa,r1-distill-llama-8b,trivia_qa_validation_02642,0,0.073699,3
trivia_qa,r1-distill-llama-8b,trivia_qa_validation_12833,1,0.832032,4
trivia_qa,r1-distill-llama-8b,trivia_qa_validation_00192,0,0.076555,1
trivia_qa,r1-distill-llama-8b,trivia_qa_validation_16982,0,0.626123,3
trivia_qa,r1-distill-llama-8b,trivia_qa_validation_14641,1,0.477576,5
trivia_qa,r1-distill-llama-8b,trivia_qa_validation_08669,0,0.024261,2
trivia_qa,r1-distill-llama-8b,trivia_qa_validation_06037,0,0.138073,5
trivia_qa,r1-distill-llama-8b,trivia_qa_validation_15439,0,0.497539,2
trivia_qa,r1-distill-llama-8b,trivia_qa_validation_08560,1,0.645512,1
trivia_qa,r1-distill-llama-8b,trivia_qa_validation_14118,1,0.843809,3
trivia_qa,r1-distill-llama-8b,trivia_qa_validation_06569,1,0.181466,4
trivia_qa,r1-distill-llama-8b,trivia_qa_validation_13554,0,0.263321,1
trivia_qa,r1-distill-llama-8b,trivia_qa_validation_13115,1,0.723526,1
trivia_qa,r1-distill-llama-8b,trivia_qa_validation_11304,1,0.6392,5
trivia_qa,r1-distill-llama-8b,trivia_qa_validation_05519,0,0.144168,1
trivia_qa,r1-distill-llama-8b,trivia_qa_validation_03282,1,0.808061,4
trivia_qa,r1-distill-llama-8b,trivia_qa_validation_08727,0,0.061342,1
trivia_qa,r1-distill-llama-8b,trivia_qa_validation_16377,0,0.256354,2
trivia_qa,r1-distill-llama-8b,trivia_qa_validation_07969,0,0.169836,2
trivia_qa,r1-distill-llama-8b,trivia_qa_validation_06289,1,0.45441,1
trivia_qa,r1-distill-llama-8b,trivia_qa_validation_15611,0,0.294587,3
trivia_qa,r1-distill-llama-8b,trivia_qa_validation_07166,0,0.287971,4
trivia_qa,r1-distill-llama-8b,trivia_qa_validation_14389,1,0.665648,5
trivia_qa,r1-distill-llama-8b,trivia_qa_validation_05321,1,0.138203,2
trivia_qa,r1-distill-llama-8b,trivia_qa_validation_17007,1,0.853075,1
trivia_qa,r1-distill-llama-8b,trivia_qa_validation_04632,0,0.077916,5
trivia_qa,r1-distill-llama-8b,trivia_qa_validation_05991,0,0.269014,2
trivia_qa,r1-distill-llama-8b,trivia_qa_validation_00184,0,0.065938,5
trivia_qa,r1-distill-llama-8b,trivia_qa_validation_09763,0,0.455699,1
trivia_qa,r1-distill-llama-8b,trivia_qa_validation_09518,0,0.066045,1
trivia_qa,r1-distill-llama-8b,trivia_qa_validation_16639,1,0.469177,4
trivia_qa,r1-distill-llama-8b,trivia_qa_validation_09224,0,0.049751,3
trivia_qa,r1-distill-llama-8b,trivia_qa_validation_17608,0,0.815029,5
trivia_qa,r1-distill-llama-8b,trivia_qa_validation_06330,0,0.075719,4
trivia_qa,r1-distill-llama-8b,trivia_qa_validation_15429,0,0.139245,5
trivia_qa,r1-distill-llama-8b,trivia_qa_validation_05586,1,0.823269,1
trivia_qa,r1-distill-llama-8b,trivia_qa_validation_10691,0,0.148932,2
trivia_qa,r1-distill-llama-8b,trivia_qa_validation_15504,1,0.638239,1
trivia_qa,r1-distill-llama-8b,trivia_qa_validation_12758,1,0.809948,3
trivia_qa,r1-distill-llama-8b,trivia_qa_validation_04935,0,0.155303,5
trivia_qa,r1-distill-llama-8b,trivia_qa_validation_12705,0,0.488022,1
trivia_qa,r1-distill-llama-8b,trivia_qa_validation_10307,0,0.106796,5
trivia_qa,r1-distill-llama-8b,trivia_qa_validation_16861,0,0.08863,5
trivia_qa,r1-distill-llama-8b,trivia_qa_validation_04311,0,0.063985,2
trivia_qa,r1-distill-llama-8b,trivia_qa_validation_01872,0,0.052422,4
trivia_qa,r1-distill-llama-8b,trivia_qa_validation_15578,0,0.708436,3
trivia_qa,r1-distill-llama-8b,trivia_qa_validation_05318,0,0.379325,4
trivia_qa,r1-distill-llama-8b,trivia_qa_validation_12207,1,0.477146,4
trivia_qa,r1-distill-llama-8b,trivia_qa_validation_11540,1,0.485345,3
trivia_qa,r1-distill-llama-8b,trivia_qa_validation_14213,1,0.570798,4
trivia_qa,r1-distill-llama-8b,trivia_qa_validation_02288,0,0.580161,4
trivia_qa,r1-distill-llama-8b,trivia_qa_validation_02457,0,0.281788,3
trivia_qa,r1-distill-llama-8b,trivia_qa_validation_02449,1,0.538268,5
trivia_qa,r1-distill-llama-8b,trivia_qa_validation_03143,0,0.410004,2
trivia_qa,r1-distill-llama-8b,trivia_qa_validation_10312,1,0.56124,3
trivia_qa,r1-distill-llama-8b,trivia_qa_validation_07733,1,0.838561,3
trivia_qa,r1-distill-llama-8b,trivia_qa_validation_13133,0,0.408014,1
trivia_qa,r1-distill-llama-8b,trivia_qa_validation_13478,0,0.095113,3
trivia_qa,r1-distill-llama-8b,trivia_qa_validation_04417,1,0.618359,2
trivia_qa,r1-distill-llama-8b,trivia_qa_validation_04688,1,0.217228,3
trivia_qa,r1-distill-llama-8b,trivia_qa_validation_00576,0,0.690776,5
trivia_qa,r1-distill-llama-8b,trivia_qa_validation_01269,1,0.797302,5
trivia_qa,r1-distill-llama-8b,trivia_qa_validation_12288,0,0.381013,5
trivia_qa,r1-distill-llama-8b,trivia_qa_validation_12614,0,0.518839,4
trivia_qa,r1-distill-llama-8b,trivia_qa_validation_06335,0,0.093139,1
trivia_qa,r1-distill-llama-8b,trivia_qa_validation_09625,1,0.355685,3
trivia_qa,r1-distill-llama-8b,trivia_qa_validation_06659,0,0.26387,2
trivia_qa,r1-distill-llama-8b,trivia_qa_validation_06410,0,0.042029,4
trivia_qa,r1-distill-llama-8b,trivia_qa_validation_08319,0,0.347754,5
trivia_qa,r1-distill-llama-8b,trivia_qa_validation_13636,0,0.829005,2
trivia_qa,r1-distill-llama-8b,trivia_qa_validation_07588,1,0.805888,5
trivia_qa,r1-distill-llama-8b,trivia_qa_validation_00382,0,0.556208,4
trivia_qa,r1-distill-llama-8b,trivia_qa_validation_06409,1,0.716292,1
trivia_qa,r1-distill-llama-8b,trivia_qa_validation_08139,0,0.118093,2
trivia_qa,r1-distill-llama-8b,trivia_qa_validation_16555,1,0.840135,5
trivia_qa,r1-distill-llama-8b,trivia_qa_validation_08816,0,0.643872,1
trivia_qa,r1-distill-llama-8b,trivia_qa_validation_01660,0,0.228199,3
trivia_qa,r1-distill-llama-8b,trivia_qa_validation_06551,1,0.85897,2
trivia_qa,r1-distill-llama-8b,trivia_qa_validation_11168,0,0.044565,2
trivia_qa,r1-distill-llama-8b,trivia_qa_validation_08325,0,0.070666,1
trivia_qa,r1-distill-llama-8b,trivia_qa_validation_11958,0,0.417851,4
trivia_qa,r1-distill-llama-8b,trivia_qa_validation_02824,1,0.470099,2
trivia_qa,r1-distill-llama-8b,trivia_qa_validation_08656,0,0.055465,1
trivia_qa,r1-distill-llama-8b,trivia_qa_validation_10866,1,0.816385,3
trivia_qa,r1-distill-llama-8b,trivia_qa_validation_05539,0,0.053855,1
trivia_qa,r1-distill-llama-8b,trivia_qa_validation_09236,1,0.363703,3
trivia_qa,r1-distill-llama-8b,trivia_qa_validation_10550,0,0.08086,4
trivia_qa,r1-distill-llama-8b,trivia_qa_validation_14475,1,0.799456,1
trivia_qa,r1-distill-llama-8b,trivia_qa_validation_03911,0,0.219334,3
trivia_qa,r1-distill-llama-8b,trivia_qa_validation_01244,1,0.29345,3
trivia_qa,r1-distill-llama-8b,trivia_qa_validation_09996,0,0.475918,3
trivia_qa,r1-distill-llama-8b,trivia_qa_validation_07510,0,0.475496,2
trivia_qa,r1-distill-llama-8b,trivia_qa_validation_11128,0,0.093824,2
trivia_qa,r1-distill-llama-8b,trivia_qa_validation_05526,0,0.77169,1
trivia_qa,r1-distill-llama-8b,trivia_qa_validation_16310,1,0.830966,1
trivia_qa,r1-distill-llama-8b,trivia_qa_validation_17912,0,0.238243,5
trivia_qa,r1-distill-llama-8b,trivia_qa_validation_03045,1,0.313978,5
trivia_qa,r1-distill-llama-8b,trivia_qa_validation_01048,0,0.046331,2
trivia_qa,r1-distill-llama-8b,trivia_qa_validation_16448,0,0.096309,3
trivia_qa,r1-distill-llama-8b,trivia_qa_validation_03998,0,0.393997,4
trivia_qa,r1-distill-llama-8b,trivia_qa_validation_08162,0,0.094994,3
trivia_qa,r1-distill-llama-8b,trivia_qa_validation_01957,0,0.061299,4
trivia_qa,r1-distill-llama-8b,trivia_qa_validation_01813,0,0.460162,2
trivia_qa,r1-distill-llama-8b,trivia_qa_validation_06827,0,0.11164,4
trivia_qa,r1-distill-llama-8b,trivia_qa_validation_11844,0,0.37453,5
trivia_qa,r1-distill-llama-8b,trivia_qa_validation_01305,0,0.299919,2
trivia_qa,r1-distill-llama-8b,trivia_qa_validation_09774,1,0.834281,4
trivia_qa,r1-distill-llama-8b,trivia_qa_validation_14858,0,0.085825,1
trivia_qa,r1-distill-llama-8b,trivia_qa_validation_15970,0,0.039723,5
trivia_qa,r1-distill-llama-8b,trivia_qa_validation_09881,1,0.675955,4
trivia_qa,r1-distill-llama-8b,trivia_qa_validation_01887,0,0.050356,2
trivia_qa,r1-distill-llama-8b,trivia_qa_validation_03596,1,0.629316,5
trivia_qa,r1-distill-llama-8b,trivia_qa_validation_17095,0,0.467859,5
trivia_qa,r1-distill-llama-8b,trivia_qa_validation_04736,1,0.828527,3
trivia_qa,r1-distill-llama-8b,trivia_qa_validation_09426,0,0.05363,2
trivia_qa,r1-distill-llama-8b,trivia_qa_validation_06297,1,0.77172,2
trivia_qa,r1-distill-llama-8b,trivia_qa_validation_01243,0,0.059794,5
trivia_qa,r1-distill-llama-8b,trivia_qa_validation_03237,0,0.07826,1
trivia_qa,r1-distill-llama-8b,trivia_qa_validation_13654,0,0.125151,3
trivia_qa,r1-distill-llama-8b,trivia_qa_validation_08293,1,0.807421,5
trivia_qa,r1-distill-llama-8b,trivia_qa_validation_03167,1,0.627106,1
trivia_qa,r1-distill-llama-8b,trivia_qa_validation_07979,1,0.709767,3
trivia_qa,r1-distill-llama-8b,trivia_qa_validation_04874,0,0.134367,3
trivia_qa,r1-distill-llama-8b,trivia_qa_validation_05256,1,0.604281,2
trivia_qa,r1-distill-llama-8b,trivia_qa_validation_16478,1,0.514431,3
trivia_qa,r1-distill-llama-8b,trivia_qa_validation_06008,1,0.516894,3
trivia_qa,r1-distill-llama-8b,trivia_qa_validation_07853,0,0.447406,1
trivia_qa,r1-distill-llama-8b,trivia_qa_validation_01757,0,0.06367,3
trivia_qa,r1-distill-llama-8b,trivia_qa_validation_00254,0,0.593829,1
trivia_qa,r1-distill-llama-8b,trivia_qa_validation_09503,1,0.648632,4
trivia_qa,r1-distill-llama-8b,trivia_qa_validation_08256,0,0.032015,2
trivia_qa,r1-distill-llama-8b,trivia_qa_validation_00165,0,0.600321,1
trivia_qa,r1-distill-llama-8b,trivia_qa_validation_14833,0,0.462253,5
trivia_qa,r1-distill-llama-8b,trivia_qa_validation_11739,1,0.49916,4
trivia_qa,r1-distill-llama-8b,trivia_qa_validation_14837,0,0.068018,4
trivia_qa,r1-distill-llama-8b,trivia_qa_validation_13216,0,0.011412,2
trivia_qa,r1-distill-llama-8b,trivia_qa_validation_06785,0,0.036734,2
trivia_qa,r1-distill-llama-8b,trivia_qa_validation_10282,0,0.055853,1
trivia_qa,r1-distill-llama-8b,trivia_qa_validation_05089,0,0.42277,3
trivia_qa,r1-distill-llama-8b,trivia_qa_validation_06908,1,0.222519,1
trivia_qa,r1-distill-llama-8b,trivia_qa_validation_15553,0,0.425362,3
trivia_qa,r1-distill-llama-8b,trivia_qa_validation_07316,1,0.557303,5
trivia_qa,r1-distill-llama-8b,trivia_qa_validation_03888,1,0.84368,2
trivia_qa,r1-distill-llama-8b,trivia_qa_validation_09916,1,0.270237,5
trivia_qa,r1-distill-llama-8b,trivia_qa_validation_12738,0,0.135874,3
trivia_qa,r1-distill-llama-8b,trivia_qa_validation_03099,0,0.149202,4
trivia_qa,r1-distill-llama-8b,trivia_qa_validation_15150,0,0.326191,4
trivia_qa,r1-distill-llama-8b,trivia_qa_validation_10944,1,0.263422,4
trivia_qa,r1-distill-llama-8b,trivia_qa_validation_04194,0,0.042342,5
trivia_qa,r1-distill-llama-8b,trivia_qa_validation_00552,0,0.062459,3
trivia_qa,r1-distill-llama-8b,trivia_qa_validation_02570,0,0.552994,2
trivia_qa,r1-distill-llama-8b,trivia_qa_validation_07163,0,0.077164,2
trivia_qa,r1-distill-llama-8b,trivia_qa_validation_06215,0,0.252215,4
trivia_qa,r1-distill-llama-8b,trivia_qa_validation_11403,1,0.251777,3
trivia_qa,r1-distill-llama-8b,trivia_qa_validation_01583,0,0.518015,5
trivia_qa,r1-distill-llama-8b,trivia_qa_validation_07236,1,0.820897,5
trivia_qa,r1-distill-llama-8b,trivia_qa_validation_02418,0,0.656134,1
trivia_qa,r1-distill-llama-8b,trivia_qa_validation_02307,1,0.866325,2
trivia_qa,r1-distill-llama-8b,trivia_qa_validation_17862,1,0.829032,3
trivia_qa,r1-distill-llama-8b,trivia_qa_validation_03564,0,0.239498,4
trivia_qa,r1-distill-llama-8b,trivia_qa_validation_14532,0,0.318858,1
trivia_qa,r1-distill-llama-8b,trivia_qa_validation_15759,0,0.338719,5
trivia_qa,r1-distill-llama-8b,trivia_qa_validation_02898,0,0.008767,1
trivia_qa,r1-distill-llama-8b,trivia_qa_validation_03231,1,0.202617,1
trivia_qa,r1-distill-llama-8b,trivia_qa_validation_08321,0,0.174773,2
trivia_qa,r1-distill-llama-8b,trivia_qa_validation_05774,0,0.226894,1
trivia_qa,r1-distill-llama-8b,trivia_qa_validation_11957,0,0.345485,5
trivia_qa,r1-distill-llama-8b,trivia_qa_validation_08244,1,0.783344,1
trivia_qa,r1-distill-llama-8b,trivia_qa_validation_05419,1,0.791033,3
trivia_qa,r1-distill-llama-8b,trivia_qa_validation_14522,1,0.826661,5
trivia_qa,r1-distill-llama-8b,trivia_qa_validation_02106,0,0.051621,4
trivia_qa,r1-distill-llama-8b,trivia_qa_validation_12553,1,0.228459,4
trivia_qa,r1-distill-llama-8b,trivia_qa_validation_08926,0,0.140812,4
trivia_qa,r1-distill-llama-8b,trivia_qa_validation_15063,1,0.711005,3
trivia_qa,r1-distill-llama-8b,trivia_qa_validation_14942,0,0.193874,4
trivia_qa,r1-distill-llama-8b,trivia_qa_validation_09813,0,0.647077,1
trivia_qa,r1-distill-llama-8b,trivia_qa_validation_06729,1,0.793742,3
trivia_qa,r1-distill-llama-8b,trivia_qa_validation_04822,0,0.585777,3
trivia_qa,r1-distill-llama-8b,trivia_qa_validation_02890,1,0.876657,2
trivia_qa,r1-distill-llama-8b,trivia_qa_validation_13779,1,0.848477,3
trivia_qa,r1-distill-llama-8b,trivia_qa_validation_14359,0,0.579168,3
trivia_qa,r1-distill-llama-8b,trivia_qa_validation_01700,0,0.161679,3
trivia_qa,r1-distill-llama-8b,trivia_qa_validation_15638,0,0.085405,1
trivia_qa,r1-distill-llama-8b,trivia_qa_validation_03362,0,0.370456,3
trivia_qa,r1-distill-llama-8b,trivia_qa_validation_04721,0,0.065508,4
trivia_qa,r1-distill-llama-8b,trivia_qa_validation_03303,0,0.207868,3
trivia_qa,r1-distill-llama-8b,trivia_qa_validation_06978,0,0.104216,2
trivia_qa,r1-distill-llama-8b,trivia_qa_validation_16241,1,0.369593,1
trivia_qa,r1-distill-llama-8b,trivia_qa_validation_17918,0,0.129195,5
trivia_qa,r1-distill-llama-8b,trivia_qa_validation_15357,1,0.817453,4
trivia_qa,r1-distill-llama-8b,trivia_qa_validation_05019,0,0.757163,5
trivia_qa,r1-distill-llama-8b,trivia_qa_validation_06211,0,0.180816,5
trivia_qa,r1-distill-llama-8b,trivia_qa_validation_11926,1,0.538699,4
trivia_qa,r1-distill-llama-8b,trivia_qa_validation_03640,1,0.86582,2
trivia_qa,r1-distill-llama-8b,trivia_qa_validation_03927,1,0.709659,1
trivia_qa,r1-distill-llama-8b,trivia_qa_validation_14928,0,0.122522,5
trivia_qa,r1-distill-llama-8b,trivia_qa_validation_12834,1,0.46635,2
trivia_qa,r1-distill-llama-8b,trivia_qa_validation_09497,0,0.574861,3
trivia_qa,r1-distill-llama-8b,trivia_qa_validation_02033,0,0.825113,2
trivia_qa,r1-distill-llama-8b,trivia_qa_validation_03233,0,0.144316,5
trivia_qa,r1-distill-llama-8b,trivia_qa_validation_10014,0,0.586981,5
trivia_qa,r1-distill-llama-8b,trivia_qa_validation_15187,1,0.796623,4
trivia_qa,r1-distill-llama-8b,trivia_qa_validation_08965,1,0.39507,3
trivia_qa,r1-distill-llama-8b,trivia_qa_validation_05066,1,0.593694,5
trivia_qa,r1-distill-llama-8b,trivia_qa_validation_12559,0,0.829789,1
trivia_qa,r1-distill-llama-8b,trivia_qa_validation_06603,1,0.549084,4
trivia_qa,r1-distill-llama-8b,trivia_qa_validation_08453,1,0.829611,4
trivia_qa,r1-distill-llama-8b,trivia_qa_validation_14931,0,0.143966,5
trivia_qa,r1-distill-llama-8b,trivia_qa_validation_15106,0,0.046284,3
trivia_qa,r1-distill-llama-8b,trivia_qa_validation_10591,0,0.054961,1
trivia_qa,r1-distill-llama-8b,trivia_qa_validation_03936,0,0.03223,3
trivia_qa,r1-distill-llama-8b,trivia_qa_validation_11173,0,0.167325,4
trivia_qa,r1-distill-llama-8b,trivia_qa_validation_00846,1,0.700767,3
trivia_qa,r1-distill-llama-8b,trivia_qa_validation_03873,0,0.055726,2
trivia_qa,r1-distill-llama-8b,trivia_qa_validation_03973,0,0.046346,3
trivia_qa,r1-distill-llama-8b,trivia_qa_validation_02775,0,0.048808,2
trivia_qa,r1-distill-llama-8b,trivia_qa_validation_05687,1,0.078341,3
trivia_qa,r1-distill-llama-8b,trivia_qa_validation_09848,1,0.521482,2
trivia_qa,r1-distill-llama-8b,trivia_qa_validation_06820,0,0.092475,4
trivia_qa,r1-distill-llama-8b,trivia_qa_validation_14907,1,0.792937,2
trivia_qa,r1-distill-llama-8b,trivia_qa_validation_11989,1,0.350598,4
trivia_qa,r1-distill-llama-8b,trivia_qa_validation_07038,0,0.823319,4
trivia_qa,r1-distill-llama-8b,trivia_qa_validation_03319,0,0.677648,5
trivia_qa,r1-distill-llama-8b,trivia_qa_validation_02548,0,0.536249,3
trivia_qa,r1-distill-llama-8b,trivia_qa_validation_04261,1,0.112427,3
trivia_qa,r1-distill-llama-8b,trivia_qa_validation_14853,1,0.833519,1
trivia_qa,r1-distill-llama-8b,trivia_qa_validation_07931,0,0.040855,3
trivia_qa,r1-distill-llama-8b,trivia_qa_validation_09718,0,0.438607,2
trivia_qa,r1-distill-llama-8b,trivia_qa_validation_05292,0,0.082178,1
trivia_qa,r1-distill-llama-8b,trivia_qa_validation_13456,0,0.092742,4
trivia_qa,r1-distill-llama-8b,trivia_qa_validation_09330,0,0.09073,1
trivia_qa,r1-distill-llama-8b,trivia_qa_validation_07136,0,0.144387,4
trivia_qa,r1-distill-llama-8b,trivia_qa_validation_14543,0,0.131245,3
trivia_qa,r1-distill-llama-8b,trivia_qa_validation_12564,1,0.815284,3
trivia_qa,r1-distill-llama-8b,trivia_qa_validation_02672,0,0.036473,2
trivia_qa,r1-distill-llama-8b,trivia_qa_validation_01604,1,0.178937,2
trivia_qa,r1-distill-llama-8b,trivia_qa_validation_07684,1,0.826106,1
trivia_qa,r1-distill-llama-8b,trivia_qa_validation_01782,0,0.095212,4
trivia_qa,r1-distill-llama-8b,trivia_qa_validation_17582,0,0.277908,2
trivia_qa,r1-distill-llama-8b,trivia_qa_validation_16071,0,0.053251,1
trivia_qa,r1-distill-llama-8b,trivia_qa_validation_02529,0,0.412977,1
trivia_qa,r1-distill-llama-8b,trivia_qa_validation_06312,0,0.149741,1
trivia_qa,r1-distill-llama-8b,trivia_qa_validation_15880,0,0.038702,3
trivia_qa,r1-distill-llama-8b,trivia_qa_validation_11305,0,0.046152,4
trivia_qa,r1-distill-llama-8b,trivia_qa_validation_13979,1,0.835486,1
trivia_qa,r1-distill-llama-8b,trivia_qa_validation_13336,1,0.051539,2
trivia_qa,r1-distill-llama-8b,trivia_qa_validation_08509,1,0.121924,3
trivia_qa,r1-distill-llama-8b,trivia_qa_validation_13845,1,0.804348,1
trivia_qa,r1-distill-llama-8b,trivia_qa_validation_13351,0,0.158207,1
mmlu_pro,qwq-32b,mmlu_pro_test_04946,0,0.613177,5
mmlu_pro,qwq-32b,mmlu_pro_test_06900,1,0.94048,1
mmlu_pro,qwq-32b,mmlu_pro_test_03199,1,0.956617,2
mmlu_pro,qwq-32b,mmlu_pro_test_00399,0,0.975161,5
mmlu_pro,qwq-32b,mmlu_pro_test_06405,1,0.966592,4
mmlu_pro,qwq-32b,mmlu_pro_test_02736,1,0.961203,3
mmlu_pro,qwq-32b,mmlu_pro_test_08299,1,0.942611,1
mmlu_pro,qwq-32b,mmlu_pro_test_11265,1,0.955234,5
mmlu_pro,qwq-32b,mmlu_pro_test_02400,1,0.92838,2
mmlu_pro,qwq-32b,mmlu_pro_test_00612,0,0.836675,1
mmlu_pro,qwq-32b,mmlu_pro_test_02961,1,0.945187,2
mmlu_pro,qwq-32b,mmlu_pro_test_08614,1,0.966447,2
mmlu_pro,qwq-32b,mmlu_pro_test_00706,0,0.963659,4
mmlu_pro,qwq-32b,mmlu_pro_test_05716,1,0.8297,3
mmlu_pro,qwq-32b,mmlu_pro_test_11338,1,0.926984,3
mmlu_pro,qwq-32b,mmlu_pro_test_07664,1,0.984738,3
mmlu_pro,qwq-32b,mmlu_pro_test_09605,1,0.960182,3
mmlu_pro,qwq-32b,mmlu_pro_test_02354,1,0.906353,1
mmlu_pro,qwq-32b,mmlu_pro_test_05252,1,0.898075,5
mmlu_pro,qwq-32b,mmlu_pro_test_01206,1,0.933036,3
mmlu_pro,qwq-32b,mmlu_pro_test_10247,1,0.883354,4
mmlu_pro,qwq-32b,mmlu_pro_test_07963,1,0.959856,5
mmlu_pro,qwq-32b,mmlu_pro_test_08489,1,0.948987,1
mmlu_pro,qwq-32b,mmlu_pro_test_07315,1,0.778747,1
mmlu_pro,qwq-32b,mmlu_pro_test_03640,1,0.972833,3
mmlu_pro,qwq-32b,mmlu_pro_test_05875,1,0.929902,1
mmlu_pro,qwq-32b,mmlu_pro_test_00209,1,0.971315,4
mmlu_pro,qwq-32b,mmlu_pro_test_10639,0,0.755934,1
mmlu_pro,qwq-32b,mmlu_pro_test_07624,1,0.958208,1
mmlu_pro,qwq-32b,mmlu_pro_test_08841,1,0.970962,5
mmlu_pro,qwq-32b,mmlu_pro_test_10104,1,0.965464,5
mmlu_pro,qwq-32b,mmlu_pro_test_00714,1,0.959619,2
mmlu_pro,qwq-32b,mmlu_pro_test_08182,1,0.912361,3
mmlu_pro,qwq-32b,mmlu_pro_test_07610,1,0.779519,5
mmlu_pro,qwq-32b,mmlu_pro_test_03821,1,0.977314,1
mmlu_pro,qwq-32b,mmlu_pro_test_02666,1,0.918469,5
mmlu_pro,qwq-32b,mmlu_pro_test_00552,1,0.947927,1
mmlu_pro,qwq-32b,mmlu_pro_test_04762,1,0.888564,2
mmlu_pro,qwq-32b,mmlu_pro_test_10305,1,0.958292,5
mmlu_pro,qwq-32b,mmlu_pro_test_10990,1,0.91113,5
mmlu_pro,qwq-32b,mmlu_pro_test_10273,1,0.9363,2
mmlu_pro,qwq-32b,mmlu_pro_test_07465,1,0.957774,1
mmlu_pro,qwq-32b,mmlu_pro_test_07227,1,0.944448,5
mmlu_pro,qwq-32b,mmlu_pro_test_08081,1,0.951526,2
mmlu_pro,qwq-32b,mmlu_pro_test_02006,1,0.940587,2
mmlu_pro,qwq-32b,mmlu_pro_test_06169,1,0.980079,2
mmlu_pro,qwq-32b,mmlu_pro_test_00777,1,0.964557,4
mmlu_pro,qwq-32b,mmlu_pro_test_03086,1,0.932445,5
mmlu_pro,qwq-32b,mmlu_pro_test_06764,0,0.910925,3
mmlu_pro,qwq-32b,mmlu_pro_test_04577,1,0.865252,1
mmlu_pro,qwq-32b,mmlu_pro_test_07588,1,0.955891,4
mmlu_pro,qwq-32b,mmlu_pro_test_04648,1,0.9056,1
mmlu_pro,qwq-32b,mmlu_pro_test_07073,1,0.957815,4
mmlu_pro,qwq-32b,mmlu_pro_test_02543,1,0.879479,3
mmlu_pro,qwq-32b,mmlu_pro_test_09545,1,0.982236,3
mmlu_pro,qwq-32b,mmlu_pro_test_05814,1,0.967857,4
mmlu_pro,qwq-32b,mmlu_pro_test_02239,1,0.834487,1
mmlu_pro,qwq-32b,mmlu_pro_test_04600,1,0.943667,1
mmlu_pro,qwq-32b,mmlu_pro_test_03938,1,0.972148,5
mmlu_pro,qwq-32b,mmlu_pro_test_08707,1,0.980941,3
mmlu_pro,qwq-32b,mmlu_pro_test_06047,1,0.927548,1
mmlu_pro,qwq-32b,mmlu_pro_test_10314,1,0.639583,3
mmlu_pro,qwq-32b,mmlu_pro_test_07781,1,0.935155,2
mmlu_pro,qwq-32b,mmlu_pro_test_01909,1,0.44933,4
mmlu_pro,qwq-32b,mmlu_pro_test_07841,1,0.969655,1
mmlu_pro,qwq-32b,mmlu_pro_test_02367,1,0.855057,3
mmlu_pro,qwq-32b,mmlu_pro_test_03243,1,0.848733,1
mmlu_pro,qwq-32b,mmlu_pro_test_03551,1,0.952811,4
mmlu_pro,qwq-32b,mmlu_pro_test_00105,1,0.882544,1
mmlu_pro,qwq-32b,mmlu_pro_test_10480,1,0.923951,3
mmlu_pro,qwq-32b,mmlu_pro_test_07621,1,0.940972,4
mmlu_pro,qwq-32b,mmlu_pro_test_06374,1,0.912816,4
mmlu_pro,qwq-32b,mmlu_pro_test_04854,1,0.927916,4
mmlu_pro,qwq-32b,mmlu_pro_test_01994,1,0.928231,5
mmlu_pro,qwq-32b,mmlu_pro_test_08531,1,0.542541,2
mmlu_pro,qwq-32b,mmlu_pro_test_07336,1,0.926551,5
mmlu_pro,qwq-32b,mmlu_pro_test_06826,1,0.944927,1
mmlu_pro,qwq-32b,mmlu_pro_test_03296,1,0.816296,3
mmlu_pro,qwq-32b,mmlu_pro_test_04641,1,0.943138,1
mmlu_pro,qwq-32b,mmlu_pro_test_06683,1,0.915926,4
mmlu_pro,qwq-32b,mmlu_pro_test_10242,1,0.951293,2
mmlu_pro,qwq-32b,mmlu_pro_test_06474,1,0.935756,1
mmlu_pro,qwq-32b,mmlu_pro_test_00075,1,0.972166,2
mmlu_pro,qwq-32b,mmlu_pro_test_01510,1,0.94177,3
mmlu_pro,qwq-32b,mmlu_pro_test_07068,1,0.899879,1
mmlu_pro,qwq-32b,mmlu_pro_test_04667,0,0.697858,2
mmlu_pro,qwq-32b,mmlu_pro_test_04596,1,0.790442,5
mmlu_pro,qwq-32b,mmlu_pro_test_11048,0,0.942395,1
mmlu_pro,qwq-32b,mmlu_pro_test_08599,1,0.970446,5
mmlu_pro,qwq-32b,mmlu_pro_test_06330,1,0.913786,2
mmlu_pro,qwq-32b,mmlu_pro_test_09589,1,0.980812,4
mmlu_pro,qwq-32b,mmlu_pro_test_10859,1,0.931712,5
mmlu_pro,qwq-32b,mmlu_pro_test_05334,1,0.899819,3
mmlu_pro,qwq-32b,mmlu_pro_test_02899,1,0.968333,4
mmlu_pro,qwq-32b,mmlu_pro_test_06094,1,0.935558,1
mmlu_pro,qwq-32b,mmlu_pro_test_10249,1,0.912475,3
mmlu_pro,qwq-32b,mmlu_pro_test_03186,1,0.955419,3
mmlu_pro,qwq-32b,mmlu_pro_test_00193,1,0.890166,1
mmlu_pro,qwq-32b,mmlu_pro_test_03128,1,0.927246,1
mmlu_pro,qwq-32b,mmlu_pro_test_06423,1,0.940032,2
mmlu_pro,qwq-32b,mmlu_pro_test_04220,1,0.959903,1
mmlu_pro,qwq-32b,mmlu_pro_test_07547,1,0.967707,3
mmlu_pro,qwq-32b,mmlu_pro_test_03546,1,0.966133,4
mmlu_pro,qwq-32b,mmlu_pro_test_05346,1,0.382189,1
mmlu_pro,qwq-32b,mmlu_pro_test_07670,1,0.967432,1
mmlu_pro,qwq-32b,mmlu_pro_test_01054,1,0.935526,3
mmlu_pro,qwq-32b,mmlu_pro_test_09458,1,0.938636,3
mmlu_pro,qwq-32b,mmlu_pro_test_07105,1,0.931945,2
mmlu_pro,qwq-32b,mmlu_pro_test_03107,1,0.888095,5
mmlu_pro,qwq-32b,mmlu_pro_test_10196,1,0.972989,1
mmlu_pro,qwq-32b,mmlu_pro_test_10696,0,0.462014,2
mmlu_pro,qwq-32b,mmlu_pro_test_02622,1,0.9524,1
mmlu_pro,qwq-32b,mmlu_pro_test_02098,1,0.954732,1
mmlu_pro,qwq-32b,mmlu_pro_test_02310,1,0.894861,2
mmlu_pro,qwq-32b,mmlu_pro_test_04768,1,0.959807,3
mmlu_pro,qwq-32b,mmlu_pro_test_00538,1,0.986709,5
mmlu_pro,qwq-32b,mmlu_pro_test_08558,1,0.901706,1
mmlu_pro,qwq-32b,mmlu_pro_test_02212,1,0.919239,5
mmlu_pro,qwq-32b,mmlu_pro_test_00294,1,0.906586,2
mmlu_pro,qwq-32b,mmlu_pro_test_01352,0,0.897418,5
mmlu_pro,qwq-32b,mmlu_pro_test_00677,1,0.955772,1
mmlu_pro,qwq-32b,mmlu_pro_test_06106,1,0.661057,5
mmlu_pro,qwq-32b,mmlu_pro_test_01153,1,0.959674,1
mmlu_pro,qwq-32b,mmlu_pro_test_05645,1,0.936064,4
mmlu_pro,qwq-32b,mmlu_pro_test_01105,0,0.771775,5
mmlu_pro,qwq-32b,mmlu_pro_test_06414,1,0.9478,3
mmlu_pro,qwq-32b,mmlu_pro_test_03360,1,0.858587,3
mmlu_pro,qwq-32b,mmlu_pro_test_01281,0,0.812128,1
mmlu_pro,qwq-32b,mmlu_pro_test_06933,1,0.965477,2
mmlu_pro,qwq-32b,mmlu_pro_test_01741,1,0.867059,1
mmlu_pro,qwq-32b,mmlu_pro_test_07300,1,0.933952,2
mmlu_pro,qwq-32b,mmlu_pro_test_10821,0,0.857197,4
mmlu_pro,qwq-32b,mmlu_pro_test_00578,1,0.983297,5
mmlu_pro,qwq-32b,mmlu_pro_test_01115,1,0.736102,3
mmlu_pro,qwq-32b,mmlu_pro_test_09552,1,0.962069,3
mmlu_pro,qwq-32b,mmlu_pro_test_06472,1,0.889554,1
mmlu_pro,qwq-32b,mmlu_pro_test_00233,1,0.942978,2
mmlu_pro,qwq-32b,mmlu_pro_test_00881,1,0.889781,2
mmlu_pro,qwq-32b,mmlu_pro_test_06356,1,0.874649,5
mmlu_pro,qwq-32b,mmlu_pro_test_05571,0,0.862203,2
mmlu_pro,qwq-32b,mmlu_pro_test_05042,1,0.980823,4
mmlu_pro,qwq-32b,mmlu_pro_test_12001,1,0.972892,4
mmlu_pro,qwq-32b,mmlu_pro_test_09661,1,0.972043,3
mmlu_pro,qwq-32b,mmlu_pro_test_08046,1,0.934539,3
mmlu_pro,qwq-32b,mmlu_pro_test_11328,1,0.979384,3
mmlu_pro,qwq-32b,mmlu_pro_test_09027,1,0.927671,1
mmlu_pro,qwq-32b,mmlu_pro_test_06430,1,0.901567,5
mmlu_pro,qwq-32b,mmlu_pro_test_09215,1,0.975165,3
mmlu_pro,qwq-32b,mmlu_pro_test_08916,0,0.96995,3
mmlu_pro,qwq-32b,mmlu_pro_test_03285,1,0.931045,4
mmlu_pro,qwq-32b,mmlu_pro_test_00232,1,0.983829,3
mmlu_pro,qwq-32b,mmlu_pro_test_07952,1,0.985067,4
mmlu_pro,qwq-32b,mmlu_pro_test_02613,1,0.940031,5
mmlu_pro,qwq-32b,mmlu_pro_test_07051,0,0.967786,4
mmlu_pro,qwq-32b,mmlu_pro_test_06654,1,0.823417,4
mmlu_pro,qwq-32b,mmlu_pro_test_08077,1,0.875463,2
mmlu_pro,qwq-32b,mmlu_pro_test_00654,1,0.984897,3
mmlu_pro,qwq-32b,mmlu_pro_test_01114,1,0.894031,3
mmlu_pro,qwq-32b,mmlu_pro_test_02376,1,0.448584,3
mmlu_pro,qwq-32b,mmlu_pro_test_10943,1,0.799316,2
mmlu_pro,qwq-32b,mmlu_pro_test_01822,0,0.824593,1
mmlu_pro,qwq-32b,mmlu_pro_test_08513,1,0.965563,1
mmlu_pro,qwq-32b,mmlu_pro_test_06409,1,0.704406,4
mmlu_pro,qwq-32b,mmlu_pro_test_05509,1,0.864058,4
mmlu_pro,qwq-32b,mmlu_pro_test_07012,1,0.865251,3
mmlu_pro,qwq-32b,mmlu_pro_test_07233,1,0.96054,3
mmlu_pro,qwq-32b,mmlu_pro_test_04296,1,0.923233,4
mmlu_pro,qwq-32b,mmlu_pro_test_06365,1,0.938107,1
mmlu_pro,qwq-32b,mmlu_pro_test_00031,1,0.971324,1
mmlu_pro,qwq-32b,mmlu_pro_test_09953,1,0.973755,2
mmlu_pro,qwq-32b,mmlu_pro_test_02676,1,0.706008,2
mmlu_pro,qwq-32b,mmlu_pro_test_07131,0,0.95841,2
mmlu_pro,qwq-32b,mmlu_pro_test_07275,1,0.937984,1
mmlu_pro,qwq-32b,mmlu_pro_test_09210,1,0.969797,3
mmlu_pro,qwq-32b,mmlu_pro_test_01748,1,0.957433,5
mmlu_pro,qwq-32b,mmlu_pro_test_10194,1,0.850095,3
mmlu_pro,qwq-32b,mmlu_pro_test_07176,1,0.887666,4
mmlu_pro,qwq-32b,mmlu_pro_test_00102,1,0.985316,3
mmlu_pro,qwq-32b,mmlu_pro_test_01799,0,0.639649,4
mmlu_pro,qwq-32b,mmlu_pro_test_05306,1,0.974034,3
mmlu_pro,qwq-32b,mmlu_pro_test_02443,1,0.929894,3
mmlu_pro,qwq-32b,mmlu_pro_test_05266,1,0.94431,2
mmlu_pro,qwq-32b,mmlu_pro_test_05079,1,0.920105,2
mmlu_pro,qwq-32b,mmlu_pro_test_07938,1,0.955465,1
mmlu_pro,qwq-32b,mmlu_pro_test_02199,1,0.776609,1
mmlu_pro,qwq-32b,mmlu_pro_test_00801,1,0.057368,1
mmlu_pro,qwq-32b,mmlu_pro_test_06048,1,0.976463,5
mmlu_pro,qwq-32b,mmlu_pro_test_04601,1,0.835721,5
mmlu_pro,qwq-32b,mmlu_pro_test_08357,1,0.888373,1
mmlu_pro,qwq-32b,mmlu_pro_test_06758,1,0.930187,1
mmlu_pro,qwq-32b,mmlu_pro_test_05350,1,0.898552,2
mmlu_pro,qwq-32b,mmlu_pro_test_00692,1,0.971477,5
mmlu_pro,qwq-32b,mmlu_pro_test_07604,1,0.977114,3
mmlu_pro,qwq-32b,mmlu_pro_test_02247,1,0.46177,4
mmlu_pro,qwq-32b,mmlu_pro_test_00144,1,0.973886,3
mmlu_pro,qwq-32b,mmlu_pro_test_08773,1,0.93898,4
mmlu_pro,qwq-32b,mmlu_pro_test_03337,1,0.833776,5
mmlu_pro,qwq-32b,mmlu_pro_test_05298,0,0.426583,1
mmlu_pro,qwq-32b,mmlu_pro_test_02279,1,0.923916,5
mmlu_pro,qwq-32b,mmlu_pro_test_06777,1,0.961696,1
mmlu_pro,qwq-32b,mmlu_pro_test_03188,1,0.966595,4
mmlu_pro,qwq-32b,mmlu_pro_test_04250,1,0.95356,3
mmlu_pro,qwq-32b,mmlu_pro_test_02173,1,0.903115,5
mmlu_pro,qwq-32b,mmlu_pro_test_05556,1,0.952067,1
mmlu_pro,qwq-32b,mmlu_pro_test_00728,1,0.972929,1
mmlu_pro,qwq-32b,mmlu_pro_test_10423,1,0.951555,2
mmlu_pro,qwq-32b,mmlu_pro_test_05818,1,0.947135,4
mmlu_pro,qwq-32b,mmlu_pro_test_09505,1,0.984608,4
mmlu_pro,qwq-32b,mmlu_pro_test_10067,1,0.954745,2
mmlu_pro,qwq-32b,mmlu_pro_test_08111,1,0.971753,2
mmlu_pro,qwq-32b,mmlu_pro_test_11294,1,0.972007,3
mmlu_pro,qwq-32b,mmlu_pro_test_00751,0,0.89876,1
mmlu_pro,qwq-32b,mmlu_pro_test_10827,1,0.944888,3
mmlu_pro,qwq-32b,mmlu_pro_test_06328,1,0.918521,2
mmlu_pro,qwq-32b,mmlu_pro_test_02897,1,0.984319,3
mmlu_pro,qwq-32b,mmlu_pro_test_00644,1,0.979647,2
mmlu_pro,qwq-32b,mmlu_pro_test_09957,1,0.965498,5
mmlu_pro,qwq-32b,mmlu_pro_test_01205,1,0.952564,2
mmlu_pro,qwq-32b,mmlu_pro_test_09535,1,0.953123,1
mmlu_pro,qwq-32b,mmlu_pro_test_05010,1,0.734362,3
mmlu_pro,qwq-32b,mmlu_pro_test_06901,1,0.986643,3
mmlu_pro,qwq-32b,mmlu_pro_test_04665,1,0.945062,4
mmlu_pro,qwq-32b,mmlu_pro_test_07268,1,0.947722,1
mmlu_pro,qwq-32b,mmlu_pro_test_11797,1,0.918515,5
mmlu_pro,qwq-32b,mmlu_pro_test_06854,1,0.862431,1
mmlu_pro,qwq-32b,mmlu_pro_test_11021,1,0.565106,3
mmlu_pro,qwq-32b,mmlu_pro_test_06497,1,0.91796,4
mmlu_pro,qwq-32b,mmlu_pro_test_00082,1,0.976415,2
mmlu_pro,qwq-32b,mmlu_pro_test_05696,1,0.542261,2
mmlu_pro,qwq-32b,mmlu_pro_test_07437,1,0.806178,3
mmlu_pro,qwq-32b,mmlu_pro_test_08183,1,0.933032,1
mmlu_pro,qwq-32b,mmlu_pro_test_01831,0,0.92242,3
mmlu_pro,qwq-32b,mmlu_pro_test_03615,1,0.85618,4
mmlu_pro,qwq-32b,mmlu_pro_test_02148,1,0.839173,4
mmlu_pro,qwq-32b,mmlu_pro_test_00219,1,0.977751,5
mmlu_pro,qwq-32b,mmlu_pro_test_01532,1,0.900729,1
mmlu_pro,qwq-32b,mmlu_pro_test_08350,1,0.970104,2
mmlu_pro,qwq-32b,mmlu_pro_test_03087,1,0.892035,5
mmlu_pro,qwq-32b,mmlu_pro_test_07100,1,0.933221,2
mmlu_pro,qwq-32b,mmlu_pro_test_09170,1,0.981532,3
mmlu_pro,qwq-32b,mmlu_pro_test_02905,1,0.974385,2
mmlu_pro,qwq-32b,mmlu_pro_test_04309,1,0.949928,1
mmlu_pro,qwq-32b,mmlu_pro_test_08993,1,0.974176,5
mmlu_pro,qwq-32b,mmlu_pro_test_10113,1,0.956828,1
mmlu_pro,qwq-32b,mmlu_pro_test_08399,1,0.978755,3
mmlu_pro,qwq-32b,mmlu_pro_test_01252,1,0.911088,1
mmlu_pro,qwq-32b,mmlu_pro_test_02171,1,0.838496,5
mmlu_pro,qwq-32b,mmlu_pro_test_07031,1,0.941605,3
mmlu_pro,qwq-32b,mmlu_pro_test_11015,0,0.548824,1
mmlu_pro,qwq-32b,mmlu_pro_test_06831,1,0.944889,2
mmlu_pro,qwq-32b,mmlu_pro_test_09713,1,0.973101,1
mmlu_pro,qwq-32b,mmlu_pro_test_09094,1,0.967296,4
mmlu_pro,qwq-32b,mmlu_pro_test_05195,1,0.843902,4
mmlu_pro,qwq-32b,mmlu_pro_test_08685,1,0.938568,1
mmlu_pro,qwq-32b,mmlu_pro_test_04928,1,0.870022,5
mmlu_pro,qwq-32b,mmlu_pro_test_01141,1,0.925596,1
mmlu_pro,qwq-32b,mmlu_pro_test_06313,1,0.955616,4
mmlu_pro,qwq-32b,mmlu_pro_test_06295,1,0.881655,5
mmlu_pro,qwq-32b,mmlu_pro_test_08122,1,0.974001,1
mmlu_pro,qwq-32b,mmlu_pro_test_06830,1,0.97083,1
mmlu_pro,qwq-32b,mmlu_pro_test_08247,1,0.937759,2
mmlu_pro,qwq-32b,mmlu_pro_test_08198,1,0.987116,3
mmlu_pro,qwq-32b,mmlu_pro_test_02011,1,0.800446,4
mmlu_pro,qwq-32b,mmlu_pro_test_01134,1,0.954674,4
mmlu_pro,qwq-32b,mmlu_pro_test_08457,1,0.973428,5
mmlu_pro,qwq-32b,mmlu_pro_test_01760,0,0.822255,4
mmlu_pro,qwq-32b,mmlu_pro_test_10970,1,0.951264,3
mmlu_pro,qwq-32b,mmlu_pro_test_01568,1,0.902602,1
mmlu_pro,qwq-32b,mmlu_pro_test_04867,0,0.690461,2
mmlu_pro,qwq-32b,mmlu_pro_test_00329,1,0.975288,1
mmlu_pro,qwq-32b,mmlu_pro_test_11567,1,0.975917,1
mmlu_pro,qwq-32b,mmlu_pro_test_02438,1,0.863047,5
mmlu_pro,qwq-32b,mmlu_pro_test_01736,1,0.905687,2
mmlu_pro,qwq-32b,mmlu_pro_test_04974,1,0.868656,1
mmlu_pro,qwq-32b,mmlu_pro_test_04929,1,0.902243,2
mmlu_pro,qwq-32b,mmlu_pro_test_10032,1,0.984145,3
mmlu_pro,qwq-32b,mmlu_pro_test_04603,1,0.788392,3
mmlu_pro,qwq-32b,mmlu_pro_test_05202,1,0.924428,1
mmlu_pro,qwq-32b,mmlu_pro_test_06787,1,0.949517,5
mmlu_pro,qwq-32b,mmlu_pro_test_08872,1,0.960166,4
mmlu_pro,qwq-32b,mmlu_pro_test_03436,1,0.964989,2
mmlu_pro,qwq-32b,mmlu_pro_test_05678,1,0.944254,3
mmlu_pro,qwq-32b,mmlu_pro_test_09300,1,0.97904,5
mmlu_pro,qwq-32b,mmlu_pro_test_06424,1,0.974332,5
mmlu_pro,qwq-32b,mmlu_pro_test_02283,1,0.887531,4
mmlu_pro,qwq-32b,mmlu_pro_test_04727,1,0.864354,4
mmlu_pro,qwq-32b,mmlu_pro_test_01003,1,0.879451,1
mmlu_pro,qwq-32b,mmlu_pro_test_10324,1,0.885195,3
mmlu_pro,qwq-32b,mmlu_pro_test_11346,1,0.845611,2
mmlu_pro,qwq-32b,mmlu_pro_test_10124,1,0.972635,1
mmlu_pro,qwq-32b,mmlu_pro_test_03182,1,0.957782,5
mmlu_pro,qwq-32b,mmlu_pro_test_08688,0,0.85614,5
mmlu_pro,qwq-32b,mmlu_pro_test_05109,1,0.920462,1
mmlu_pro,qwq-32b,mmlu_pro_test_10163,0,0.94353,4
mmlu_pro,qwq-32b,mmlu_pro_test_03959,1,0.96654,4
mmlu_pro,qwq-32b,mmlu_pro_test_11639,1,0.945754,4
mmlu_pro,qwq-32b,mmlu_pro_test_03992,1,0.958344,3
mmlu_pro,qwq-32b,mmlu_pro_test_06451,1,0.616466,4
mmlu_pro,qwq-32b,mmlu_pro_test_08372,1,0.963663,5
mmlu_pro,qwq-32b,mmlu_pro_test_01355,1,0.942896,5
mmlu_pro,qwq-32b,mmlu_pro_test_03601,1,0.935093,5
mmlu_pro,qwq-32b,mmlu_pro_test_09942,1,0.98015,5
mmlu_pro,qwq-32b,mmlu_pro_test_06822,1,0.920129,3
mmlu_pro,qwq-32b,mmlu_pro_test_08667,1,0.955247,2
mmlu_pro,qwq-32b,mmlu_pro_test_08552,1,0.956295,2
mmlu_pro,qwq-32b,mmlu_pro_test_05452,0,0.707822,5
mmlu_pro,qwq-32b,mmlu_pro_test_09544,1,0.959715,5
mmlu_pro,qwq-32b,mmlu_pro_test_00425,1,0.766336,5
mmlu_pro,qwq-32b,mmlu_pro_test_02544,1,0.925745,2
mmlu_pro,qwq-32b,mmlu_pro_test_01550,0,0.848201,3
mmlu_pro,qwq-32b,mmlu_pro_test_08699,1,0.979222,5
mmlu_pro,qwq-32b,mmlu_pro_test_03795,1,0.977575,3
mmlu_pro,qwq-32b,mmlu_pro_test_06341,1,0.890127,2
mmlu_pro,qwq-32b,mmlu_pro_test_06977,1,0.849392,1
mmlu_pro,qwq-32b,mmlu_pro_test_06331,1,0.779198,2
mmlu_pro,qwq-32b,mmlu_pro_test_06905,0,0.94917,3
mmlu_pro,qwq-32b,mmlu_pro_test_06884,1,0.972906,2
mmlu_pro,qwq-32b,mmlu_pro_test_02285,1,0.916905,4
mmlu_pro,qwq-32b,mmlu_pro_test_11020,1,0.945698,1
mmlu_pro,qwq-32b,mmlu_pro_test_01721,1,0.855311,2
mmlu_pro,qwq-32b,mmlu_pro_test_05679,1,0.948218,5
mmlu_pro,qwq-32b,mmlu_pro_test_03061,1,0.927129,1
mmlu_pro,qwq-32b,mmlu_pro_test_08203,1,0.969774,1
mmlu_pro,qwq-32b,mmlu_pro_test_09801,1,0.972434,4
mmlu_pro,qwq-32b,mmlu_pro_test_02225,1,0.952891,2
mmlu_pro,qwq-32b,mmlu_pro_test_07284,1,0.954559,4
mmlu_pro,qwq-32b,mmlu_pro_test_00940,0,0.882079,5
mmlu_pro,qwq-32b,mmlu_pro_test_07930,1,0.938224,3
mmlu_pro,qwq-32b,mmlu_pro_test_06579,1,0.918386,3
mmlu_pro,qwq-32b,mmlu_pro_test_08275,1,0.968625,3
mmlu_pro,qwq-32b,mmlu_pro_test_09550,1,0.969271,5
mmlu_pro,qwq-32b,mmlu_pro_test_02498,1,0.710391,3
mmlu_pro,qwq-32b,mmlu_pro_test_09911,1,0.8999,2
mmlu_pro,qwq-32b,mmlu_pro_test_01960,1,0.892704,2
mmlu_pro,qwq-32b,mmlu_pro_test_11222,1,0.94514,5
mmlu_pro,qwq-32b,mmlu_pro_test_10708,1,0.905265,3
mmlu_pro,qwq-32b,mmlu_pro_test_02841,1,0.957266,1
mmlu_pro,qwq-32b,mmlu_pro_test_05560,1,0.972023,5
mmlu_pro,qwq-32b,mmlu_pro_test_11547,1,0.962589,2
mmlu_pro,qwq-32b,mmlu_pro_test_07857,1,0.968727,1
mmlu_pro,qwq-32b,mmlu_pro_test_06513,1,0.937069,5
mmlu_pro,qwq-32b,mmlu_pro_test_07069,1,0.944609,2
mmlu_pro,qwq-32b,mmlu_pro_test_00479,0,0.793623,5
mmlu_pro,qwq-32b,mmlu_pro_test_03955,1,0.966186,3
mmlu_pro,qwq-32b,mmlu_pro_test_05605,1,0.867179,1
mmlu_pro,qwq-32b,mmlu_pro_test_07246,1,0.963083,4
mmlu_pro,qwq-32b,mmlu_pro_test_03025,1,0.955038,3
mmlu_pro,qwq-32b,mmlu_pro_test_04032,1,0.956902,4
mmlu_pro,qwq-32b,mmlu_pro_test_05857,1,0.776451,3
mmlu_pro,qwq-32b,mmlu_pro_test_07599,1,0.932492,2
mmlu_pro,qwq-32b,mmlu_pro_test_10348,1,0.937733,4
mmlu_pro,qwq-32b,mmlu_pro_test_03896,1,0.967843,5
mmlu_pro,qwq-32b,mmlu_pro_test_01626,1,0.867104,3
mmlu_pro,qwq-32b,mmlu_pro_test_10350,0,0.911738,2
mmlu_pro,qwq-32b,mmlu_pro_test_03055,1,0.958375,1
mmlu_pro,qwq-32b,mmlu_pro_test_11366,1,0.839139,2
mmlu_pro,qwq-32b,mmlu_pro_test_09504,1,0.764337,3
mmlu_pro,qwq-32b,mmlu_pro_test_00636,1,0.959042,4
mmlu_pro,qwq-32b,mmlu_pro_test_00277,1,0.970889,4
mmlu_pro,qwq-32b,mmlu_pro_test_00288,1,0.79133,5
mmlu_pro,qwq-32b,mmlu_pro_test_11665,1,0.965254,4
mmlu_pro,qwq-32b,mmlu_pro_test_09600,1,0.964679,1
mmlu_pro,qwq-32b,mmlu_pro_test_06037,0,0.958379,3
mmlu_pro,qwq-32b,mmlu_pro_test_10887,1,0.834314,1
mmlu_pro,qwq-32b,mmlu_pro_test_07156,1,0.962216,3
mmlu_pro,qwq-32b,mmlu_pro_test_08774,1,0.90573,4
mmlu_pro,qwq-32b,mmlu_pro_test_02540,1,0.88793,4
mmlu_pro,qwq-32b,mmlu_pro_test_06076,1,0.960167,1
mmlu_pro,qwq-32b,mmlu_pro_test_01537,1,0.922208,1
mmlu_pro,qwq-32b,mmlu_pro_test_09637,1,0.936474,2
mmlu_pro,qwq-32b,mmlu_pro_test_03543,1,0.970647,5
mmlu_pro,qwq-32b,mmlu_pro_test_00900,1,0.931468,1
mmlu_pro,qwq-32b,mmlu_pro_test_04439,1,0.981461,4
mmlu_pro,qwq-32b,mmlu_pro_test_04870,1,0.944593,4
mmlu_pro,qwq-32b,mmlu_pro_test_08932,1,0.569597,3
mmlu_pro,qwq-32b,mmlu_pro_test_03864,1,0.982127,3
mmlu_pro,qwq-32b,mmlu_pro_test_03206,1,0.955291,4
mmlu_pro,qwq-32b,mmlu_pro_test_03219,1,0.982807,3
mmlu_pro,qwq-32b,mmlu_pro_test_08616,1,0.962675,4
mmlu_pro,qwq-32b,mmlu_pro_test_06239,1,0.954748,2
mmlu_pro,qwq-32b,mmlu_pro_test_11218,0,0.967077,3
mmlu_pro,qwq-32b,mmlu_pro_test_11431,1,0.976674,1
mmlu_pro,qwq-32b,mmlu_pro_test_10608,1,0.961524,5
mmlu_pro,qwq-32b,mmlu_pro_test_04765,1,0.945414,3
mmlu_pro,qwq-32b,mmlu_pro_test_03207,1,0.952066,1
mmlu_pro,qwq-32b,mmlu_pro_test_05102,1,0.900441,2
mmlu_pro,qwq-32b,mmlu_pro_test_08269,1,0.961224,1
mmlu_pro,qwq-32b,mmlu_pro_test_06772,1,0.93553,2
mmlu_pro,qwq-32b,mmlu_pro_test_09129,1,0.889348,2
mmlu_pro,qwq-32b,mmlu_pro_test_05528,1,0.909801,1
mmlu_pro,qwq-32b,mmlu_pro_test_01400,1,0.935709,2
mmlu_pro,qwq-32b,mmlu_pro_test_09177,1,0.707076,5
mmlu_pro,qwq-32b,mmlu_pro_test_08496,1,0.97805,4
mmlu_pro,qwq-32b,mmlu_pro_test_06546,1,0.697205,2
mmlu_pro,qwq-32b,mmlu_pro_test_05897,1,0.941187,5
mmlu_pro,qwq-32b,mmlu_pro_test_11008,0,0.914545,2
mmlu_pro,qwq-32b,mmlu_pro_test_03402,1,0.895958,5
mmlu_pro,qwq-32b,mmlu_pro_test_03979,1,0.982247,3
mmlu_pro,qwq-32b,mmlu_pro_test_09827,1,0.94935,5
mmlu_pro,qwq-32b,mmlu_pro_test_01377,1,0.90443,1
mmlu_pro,qwq-32b,mmlu_pro_test_04611,1,0.89545,4
mmlu_pro,qwq-32b,mmlu_pro_test_04003,1,0.966131,2
mmlu_pro,qwq-32b,mmlu_pro_test_04069,1,0.979648,4
mmlu_pro,qwq-32b,mmlu_pro_test_00045,1,0.724882,2
mmlu_pro,qwq-32b,mmlu_pro_test_09773,1,0.953347,3
mmlu_pro,qwq-32b,mmlu_pro_test_07783,1,0.700482,2
mmlu_pro,qwq-32b,mmlu_pro_test_09053,1,0.979433,4
mmlu_pro,qwq-32b,mmlu_pro_test_02203,1,0.893081,4
mmlu_pro,qwq-32b,mmlu_pro_test_09735,1,0.963156,4
mmlu_pro,qwq-32b,mmlu_pro_test_03701,1,0.972185,2
mmlu_pro,qwq-32b,mmlu_pro_test_05405,1,0.968603,5
mmlu_pro,qwq-32b,mmlu_pro_test_08569,1,0.954133,4
mmlu_pro,qwq-32b,mmlu_pro_test_03172,1,0.909151,2
mmlu_pro,qwq-32b,mmlu_pro_test_06448,1,0.926498,5
mmlu_pro,qwq-32b,mmlu_pro_test_10412,1,0.844984,5
mmlu_pro,qwq-32b,mmlu_pro_test_06074,1,0.962345,1
mmlu_pro,qwq-32b,mmlu_pro_test_05699,1,0.904291,4
mmlu_pro,qwq-32b,mmlu_pro_test_02130,1,0.904438,1
mmlu_pro,qwq-32b,mmlu_pro_test_03197,1,0.946413,5
mmlu_pro,qwq-32b,mmlu_pro_test_02136,1,0.937782,2
mmlu_pro,qwq-32b,mmlu_pro_test_02648,1,0.945554,2
mmlu_pro,qwq-32b,mmlu_pro_test_05842,1,0.952003,4
mmlu_pro,qwq-32b,mmlu_pro_test_11234,1,0.951603,5
mmlu_pro,qwq-32b,mmlu_pro_test_05457,1,0.92295,2
mmlu_pro,qwq-32b,mmlu_pro_test_08440,1,0.892127,2
mmlu_pro,qwq-32b,mmlu_pro_test_02528,1,0.920447,4
mmlu_pro,qwq-32b,mmlu_pro_test_03004,1,0.930815,4
mmlu_pro,qwq-32b,mmlu_pro_test_07942,1,0.974923,4
mmlu_pro,qwq-32b,mmlu_pro_test_03933,1,0.978861,5
mmlu_pro,qwq-32b,mmlu_pro_test_00211,1,0.968415,1
mmlu_pro,qwq-32b,mmlu_pro_test_10752,1,0.842595,4
mmlu_pro,qwq-32b,mmlu_pro_test_05534,1,0.916247,1
mmlu_pro,qwq-32b,mmlu_pro_test_07919,1,0.898405,2
mmlu_pro,qwq-32b,mmlu_pro_test_01966,1,0.932044,3
mmlu_pro,qwq-32b,mmlu_pro_test_11143,1,0.983323,3
mmlu_pro,qwq-32b,mmlu_pro_test_10184,1,0.9205,5
mmlu_pro,qwq-32b,mmlu_pro_test_05853,0,0.901623,4
mmlu_pro,qwq-32b,mmlu_pro_test_08957,1,0.984233,4
mmlu_pro,qwq-32b,mmlu_pro_test_08140,1,0.959964,4
mmlu_pro,qwq-32b,mmlu_pro_test_01495,0,0.892268,1
mmlu_pro,qwq-32b,mmlu_pro_test_11666,0,0.878847,3
mmlu_pro,qwq-32b,mmlu_pro_test_00127,1,0.924313,1
mmlu_pro,qwq-32b,mmlu_pro_test_05823,1,0.951864,1
mmlu_pro,qwq-32b,mmlu_pro_test_06648,0,0.912059,5
mmlu_pro,qwq-32b,mmlu_pro_test_04513,1,0.960051,4
mmlu_pro,qwq-32b,mmlu_pro_test_02537,1,0.921534,4
mmlu_pro,qwq-32b,mmlu_pro_test_07044,1,0.976031,4
mmlu_pro,qwq-32b,mmlu_pro_test_05115,1,0.669343,3
mmlu_pro,qwq-32b,mmlu_pro_test_04473,1,0.931349,5
mmlu_pro,qwq-32b,mmlu_pro_test_05391,1,0.777702,3
mmlu_pro,qwq-32b,mmlu_pro_test_08620,1,0.964836,2
mmlu_pro,qwq-32b,mmlu_pro_test_06792,1,0.936926,3
mmlu_pro,qwq-32b,mmlu_pro_test_05086,1,0.883787,5
mmlu_pro,qwq-32b,mmlu_pro_test_08058,1,0.981829,4
mmlu_pro,qwq-32b,mmlu_pro_test_02357,0,0.930332,4
mmlu_pro,qwq-32b,mmlu_pro_test_04466,1,0.959649,5
mmlu_pro,qwq-32b,mmlu_pro_test_09754,1,0.944734,1
mmlu_pro,qwq-32b,mmlu_pro_test_07850,1,0.956301,2
mmlu_pro,qwq-32b,mmlu_pro_test_02630,1,0.942844,4
mmlu_pro,qwq-32b,mmlu_pro_test_08607,1,0.975334,3
mmlu_pro,qwq-32b,mmlu_pro_test_08650,1,0.919163,2
mmlu_pro,qwq-32b,mmlu_pro_test_06300,1,0.907647,3
mmlu_pro,qwq-32b,mmlu_pro_test_07786,1,0.959665,4
mmlu_pro,qwq-32b,mmlu_pro_test_10202,1,0.965344,2
mmlu_pro,qwq-32b,mmlu_pro_test_05206,0,0.70093,3
mmlu_pro,qwq-32b,mmlu_pro_test_00914,1,0.882372,3
mmlu_pro,qwq-32b,mmlu_pro_test_03518,1,0.961761,5
mmlu_pro,qwq-32b,mmlu_pro_test_07132,1,0.970773,4
mmlu_pro,qwq-32b,mmlu_pro_test_07394,1,0.897893,5
mmlu_pro,qwq-32b,mmlu_pro_test_11930,1,0.955311,2
mmlu_pro,qwq-32b,mmlu_pro_test_09182,1,0.946747,5
mmlu_pro,qwq-32b,mmlu_pro_test_02152,1,0.923722,3
mmlu_pro,qwq-32b,mmlu_pro_test_10045,1,0.968105,3
mmlu_pro,qwq-32b,mmlu_pro_test_07211,1,0.916616,4
mmlu_pro,qwq-32b,mmlu_pro_test_09839,1,0.914683,2
mmlu_pro,qwq-32b,mmlu_pro_test_02080,1,0.745365,5
mmlu_pro,qwq-32b,mmlu_pro_test_10517,1,0.920393,1
mmlu_pro,qwq-32b,mmlu_pro_test_04284,1,0.965546,2
mmlu_pro,qwq-32b,mmlu_pro_test_06404,1,0.976719,3
mmlu_pro,qwq-32b,mmlu_pro_test_02366,1,0.834539,4
mmlu_pro,qwq-32b,mmlu_pro_test_02737,1,0.904789,4
mmlu_pro,qwq-32b,mmlu_pro_test_07567,1,0.962762,1
mmlu_pro,qwq-32b,mmlu_pro_test_05495,1,0.391436,4
mmlu_pro,qwq-32b,mmlu_pro_test_02371,1,0.873171,3
mmlu_pro,qwq-32b,mmlu_pro_test_04589,1,0.94249,3
mmlu_pro,qwq-32b,mmlu_pro_test_11005,1,0.889881,3
mmlu_pro,qwq-32b,mmlu_pro_test_06894,1,0.923096,3
mmlu_pro,qwq-32b,mmlu_pro_test_06000,1,0.960309,4
mmlu_pro,qwq-32b,mmlu_pro_test_07453,1,0.970831,2
mmlu_pro,qwq-32b,mmlu_pro_test_06357,1,0.903047,2
mmlu_pro,qwq-32b,mmlu_pro_test_10158,1,0.940512,2
mmlu_pro,qwq-32b,mmlu_pro_test_02333,1,0.919211,4
mmlu_pro,qwq-32b,mmlu_pro_test_09772,1,0.980654,3
mmlu_pro,qwq-32b,mmlu_pro_test_02232,0,0.761572,3
mmlu_pro,qwq-32b,mmlu_pro_test_08057,1,0.979477,3
mmlu_pro,qwq-32b,mmlu_pro_test_03907,1,0.962986,4
mmlu_pro,qwq-32b,mmlu_pro_test_02107,0,0.895662,4
mmlu_pro,qwq-32b,mmlu_pro_test_08787,1,0.783003,5
mmlu_pro,qwq-32b,mmlu_pro_test_07903,1,0.872216,5
mmlu_pro,qwq-32b,mmlu_pro_test_07805,1,0.954194,5
mmlu_pro,qwq-32b,mmlu_pro_test_05034,1,0.768646,5
mmlu_pro,qwq-32b,mmlu_pro_test_08825,1,0.952487,5
mmlu_pro,qwq-32b,mmlu_pro_test_02887,1,0.841018,4
mmlu_pro,qwq-32b,mmlu_pro_test_07283,1,0.921823,2
mmlu_pro,qwq-32b,mmlu_pro_test_10531,1,0.967876,4
mmlu_pro,qwq-32b,mmlu_pro_test_02395,1,0.799497,5
mmlu_pro,qwq-32b,mmlu_pro_test_05937,1,0.890245,5
mmlu_pro,qwq-32b,mmlu_pro_test_04859,1,0.880665,2
mmlu_pro,qwq-32b,mmlu_pro_test_08852,1,0.94225,3
mmlu_pro,qwq-32b,mmlu_pro_test_06011,1,0.954956,1
mmlu_pro,qwq-32b,mmlu_pro_test_01974,1,0.91796,2
mmlu_pro,qwq-32b,mmlu_pro_test_01952,1,0.937957,2
mmlu_pro,qwq-32b,mmlu_pro_test_02635,1,0.968019,5
mmlu_pro,qwq-32b,mmlu_pro_test_00712,1,0.964259,4
mmlu_pro,qwq-32b,mmlu_pro_test_10743,1,0.864573,2
mmlu_pro,qwq-32b,mmlu_pro_test_08477,1,0.962432,5
mmlu_pro,qwq-32b,mmlu_pro_test_02993,1,0.890145,4
mmlu_pro,qwq-32b,mmlu_pro_test_00670,1,0.977746,5
mmlu_pro,qwq-32b,mmlu_pro_test_07469,1,0.94934,1
mmlu_pro,qwq-32b,mmlu_pro_test_10157,1,0.66355,5
mmlu_pro,qwq-32b,mmlu_pro_test_02795,1,0.918411,4
mmlu_pro,qwq-32b,mmlu_pro_test_04614,0,0.73422,1
mmlu_pro,qwq-32b,mmlu_pro_test_05338,1,0.80954,4
mmlu_pro,qwq-32b,mmlu_pro_test_05627,1,0.92123,3
mmlu_pro,qwq-32b,mmlu_pro_test_11045,0,0.914289,2
mmlu_pro,qwq-32b,mmlu_pro_test_07607,1,0.911052,3
mmlu_pro,qwq-32b,mmlu_pro_test_08245,1,0.961013,1
mmlu_pro,qwq-32b,mmlu_pro_test_06946,1,0.963582,4
mmlu_pro,qwq-32b,mmlu_pro_test_03633,1,0.962371,5
mmlu_pro,qwq-32b,mmlu_pro_test_10060,1,0.934682,1
mmlu_pro,qwq-32b,mmlu_pro_test_02272,1,0.935768,2
mmlu_pro,qwq-32b,mmlu_pro_test_08065,1,0.931573,5
mmlu_pro,qwq-32b,mmlu_pro_test_07856,1,0.95546,5
mmlu_pro,qwq-32b,mmlu_pro_test_08178,1,0.932571,5
mmlu_pro,qwq-32b,mmlu_pro_test_01910,1,0.865686,5
mmlu_pro,qwq-32b,mmlu_pro_test_07470,0,0.893262,1
mmlu_pro,qwq-32b,mmlu_pro_test_10255,1,0.917324,4
mmlu_pro,qwq-32b,mmlu_pro_test_10867,0,0.753577,4
mmlu_pro,qwq-32b,mmlu_pro_test_05244,1,0.842174,3
mmlu_pro,qwq-32b,mmlu_pro_test_03299,1,0.941025,4
mmlu_pro,qwq-32b,mmlu_pro_test_06282,1,0.833189,2
mmlu_pro,qwq-32b,mmlu_pro_test_07764,1,0.884048,2
mmlu_pro,qwq-32b,mmlu_pro_test_11014,1,0.917208,2
mmlu_pro,qwq-32b,mmlu_pro_test_04212,1,0.922978,3
mmlu_pro,qwq-32b,mmlu_pro_test_03338,1,0.957547,5
mmlu_pro,qwq-32b,mmlu_pro_test_03154,1,0.976169,2
mmlu_pro,qwq-32b,mmlu_pro_test_09253,1,0.979385,3
mmlu_pro,qwq-32b,mmlu_pro_test_03542,1,0.962097,2
mmlu_pro,qwq-32b,mmlu_pro_test_07578,1,0.944866,4
mmlu_pro,qwq-32b,mmlu_pro_test_04277,1,0.982886,5
mmlu_pro,qwq-32b,mmlu_pro_test_06896,1,0.937126,2
mmlu_pro,qwq-32b,mmlu_pro_test_02667,1,0.917217,4
mmlu_pro,qwq-32b,mmlu_pro_test_01957,1,0.870498,3
mmlu_pro,qwq-32b,mmlu_pro_test_00723,1,0.94194,2
mmlu_pro,qwq-32b,mmlu_pro_test_05089,1,0.905802,5
mmlu_pro,qwq-32b,mmlu_pro_test_05701,1,0.880298,1
mmlu_pro,qwq-32b,mmlu_pro_test_11924,0,0.910951,4
mmlu_pro,qwq-32b,mmlu_pro_test_10643,1,0.791601,2
mmlu_pro,qwq-32b,mmlu_pro_test_00847,1,0.831663,4
mmlu_pro,qwq-32b,mmlu_pro_test_06902,1,0.969236,3
mmlu_pro,qwq-32b,mmlu_pro_test_06564,0,0.937378,3
mmlu_pro,qwq-32b,mmlu_pro_test_00290,0,0.78118,2
mmlu_pro,qwq-32b,mmlu_pro_test_07407,1,0.912894,4
mmlu_pro,qwq-32b,mmlu_pro_test_05652,0,0.41283,5
mmlu_pro,qwq-32b,mmlu_pro_test_03553,1,0.980971,4
mmlu_pro,qwq-32b,mmlu_pro_test_02082,1,0.934007,2
mmlu_pro,qwq-32b,mmlu_pro_test_04529,1,0.96902,2
mmlu_pro,qwq-32b,mmlu_pro_test_00835,0,0.954991,1
mmlu_pro,qwq-32b,mmlu_pro_test_00148,1,0.972868,5
mmlu_pro,qwq-32b,mmlu_pro_test_01955,1,0.939959,4
mmlu_pro,qwq-32b,mmlu_pro_test_07553,1,0.978168,3
mmlu_pro,qwq-32b,mmlu_pro_test_02680,1,0.970609,5
mmlu_pro,qwq-32b,mmlu_pro_test_05719,1,0.532714,3
mmlu_pro,qwq-32b,mmlu_pro_test_05964,1,0.958439,3
mmlu_pro,qwq-32b,mmlu_pro_test_03334,1,0.965833,5
mmlu_pro,qwq-32b,mmlu_pro_test_09455,1,0.973347,1
mmlu_pro,qwq-32b,mmlu_pro_test_02685,1,0.940264,3
mmlu_pro,qwq-32b,mmlu_pro_test_03660,1,0.927748,2
mmlu_pro,qwq-32b,mmlu_pro_test_00679,1,0.900483,5
mmlu_pro,qwq-32b,mmlu_pro_test_03095,1,0.938842,1
mmlu_pro,qwq-32b,mmlu_pro_test_03614,1,0.952805,2
mmlu_pro,qwq-32b,mmlu_pro_test_01253,1,0.848296,5
mmlu_pro,qwq-32b,mmlu_pro_test_04551,0,0.954654,2
mmlu_pro,qwq-32b,mmlu_pro_test_03358,1,0.947362,5
mmlu_pro,qwq-32b,mmlu_pro_test_04484,1,0.981029,5
mmlu_pro,qwq-32b,mmlu_pro_test_06597,1,0.870391,1
mmlu_pro,qwq-32b,mmlu_pro_test_07171,1,0.951064,3
mmlu_pro,qwq-32b,mmlu_pro_test_10561,1,0.974591,4
mmlu_pro,qwq-32b,mmlu_pro_test_10161,1,0.90616,5
mmlu_pro,qwq-32b,mmlu_pro_test_10710,0,0.331477,2
mmlu_pro,qwq-32b,mmlu_pro_test_02554,1,0.913803,2
mmlu_pro,qwq-32b,mmlu_pro_test_00063,0,0.864162,5
mmlu_pro,qwq-32b,mmlu_pro_test_05917,1,0.774082,4
mmlu_pro,qwq-32b,mmlu_pro_test_04862,1,0.872647,4
mmlu_pro,qwq-32b,mmlu_pro_test_02974,1,0.802392,5
mmlu_pro,qwq-32b,mmlu_pro_test_00389,1,0.963633,2
mmlu_pro,qwq-32b,mmlu_pro_test_08290,1,0.966393,1
mmlu_pro,qwq-32b,mmlu_pro_test_10405,1,0.950894,5
mmlu_pro,qwq-32b,mmlu_pro_test_06039,0,0.893709,2
mmlu_pro,qwq-32b,mmlu_pro_test_03468,1,0.945638,1
mmlu_pro,qwq-32b,mmlu_pro_test_05836,0,0.838309,1
mmlu_pro,qwq-32b,mmlu_pro_test_01171,0,0.799837,4
mmlu_pro,qwq-32b,mmlu_pro_test_03828,1,0.952563,4
mmlu_pro,qwq-32b,mmlu_pro_test_02519,1,0.874085,5
mmlu_pro,qwq-32b,mmlu_pro_test_05468,1,0.940068,1
mmlu_pro,qwq-32b,mmlu_pro_test_02351,0,0.804465,2
mmlu_pro,qwq-32b,mmlu_pro_test_05903,0,0.347915,3
mmlu_pro,qwq-32b,mmlu_pro_test_08359,1,0.955832,1
mmlu_pro,qwq-32b,mmlu_pro_test_07824,1,0.90011,2
mmlu_pro,qwq-32b,mmlu_pro_test_06017,1,0.870892,2
mmlu_pro,qwq-32b,mmlu_pro_test_02611,1,0.812475,1
mmlu_pro,qwq-32b,mmlu_pro_test_04404,1,0.924517,5
mmlu_pro,qwq-32b,mmlu_pro_test_05402,1,0.900116,2
mmlu_pro,qwq-32b,mmlu_pro_test_10603,1,0.920131,5
mmlu_pro,qwq-32b,mmlu_pro_test_08635,1,0.981659,4
mmlu_pro,qwq-32b,mmlu_pro_test_03332,1,0.971857,3
mmlu_pro,qwq-32b,mmlu_pro_test_02894,1,0.884218,4
mmlu_pro,qwq-32b,mmlu_pro_test_05078,0,0.667874,5
mmlu_pro,qwq-32b,mmlu_pro_test_03599,1,0.967508,4
mmlu_pro,qwq-32b,mmlu_pro_test_06148,1,0.894571,5
mmlu_pro,qwq-32b,mmlu_pro_test_00760,1,0.92933,2
mmlu_pro,qwq-32b,mmlu_pro_test_04202,1,0.9623,1
mmlu_pro,qwq-32b,mmlu_pro_test_08495,1,0.98438,4
mmlu_pro,qwq-32b,mmlu_pro_test_03209,1,0.967775,2
mmlu_pro,qwq-32b,mmlu_pro_test_05705,0,0.951499,3
mmlu_pro,qwq-32b,mmlu_pro_test_06998,1,0.941463,3
mmlu_pro,qwq-32b,mmlu_pro_test_08469,1,0.559437,5
mmlu_pro,qwq-32b,mmlu_pro_test_01148,1,0.849256,1
mmlu_pro,qwq-32b,mmlu_pro_test_05569,1,0.933684,1
mmlu_pro,qwq-32b,mmlu_pro_test_02051,1,0.733283,2
mmlu_pro,qwq-32b,mmlu_pro_test_08106,1,0.976712,1
mmlu_pro,qwq-32b,mmlu_pro_test_09610,1,0.959046,5
mmlu_pro,qwq-32b,mmlu_pro_test_05537,1,0.85971,4
mmlu_pro,qwq-32b,mmlu_pro_test_01333,1,0.814619,2
mmlu_pro,qwq-32b,mmlu_pro_test_03392,1,0.945394,2
mmlu_pro,qwq-32b,mmlu_pro_test_09680,1,0.94617,1
mmlu_pro,qwq-32b,mmlu_pro_test_07864,1,0.973234,3
mmlu_pro,qwq-32b,mmlu_pro_test_09116,1,0.951574,3
mmlu_pro,qwq-32b,mmlu_pro_test_03160,1,0.970614,3
mmlu_pro,qwq-32b,mmlu_pro_test_05953,1,0.946207,4
mmlu_pro,qwq-32b,mmlu_pro_test_06665,1,0.976564,4
mmlu_pro,qwq-32b,mmlu_pro_test_02100,1,0.923189,3
mmlu_pro,qwq-32b,mmlu_pro_test_03168,1,0.952131,3
mmlu_pro,qwq-32b,mmlu_pro_test_07754,1,0.866204,2
mmlu_pro,qwq-32b,mmlu_pro_test_08419,1,0.948598,2
mmlu_pro,qwq-32b,mmlu_pro_test_08358,1,0.988932,5
mmlu_pro,qwq-32b,mmlu_pro_test_03016,1,0.794616,4
mmlu_pro,qwq-32b,mmlu_pro_test_10309,1,0.968311,5
mmlu_pro,qwq-32b,mmlu_pro_test_03934,1,0.972702,1
mmlu_pro,qwq-32b,mmlu_pro_test_03865,1,0.949839,5
mmlu_pro,qwq-32b,mmlu_pro_test_02632,1,0.829849,4
mmlu_pro,qwq-32b,mmlu_pro_test_00249,1,0.968315,1
mmlu_pro,qwq-32b,mmlu_pro_test_10219,1,0.958391,4
mmlu_pro,qwq-32b,mmlu_pro_test_06629,1,0.914382,5
mmlu_pro,qwq-32b,mmlu_pro_test_01963,1,0.9098,1
mmlu_pro,qwq-32b,mmlu_pro_test_02633,1,0.923389,2
mmlu_pro,qwq-32b,mmlu_pro_test_02873,1,0.938593,1
trivia_qa,qwq-32b,trivia_qa_validation_01109,1,0.891693,3
trivia_qa,qwq-32b,trivia_qa_validation_01470,1,0.870793,2
trivia_qa,qwq-32b,trivia_qa_validation_03794,1,0.852069,2
trivia_qa,qwq-32b,trivia_qa_validation_17430,1,0.891816,1
trivia_qa,qwq-32b,trivia_qa_validation_02655,1,0.874601,3
trivia_qa,qwq-32b,trivia_qa_validation_00167,0,0.826051,1
trivia_qa,qwq-32b,trivia_qa_validation_13407,0,0.021653,2
trivia_qa,qwq-32b,trivia_qa_validation_07784,1,0.84026,3
trivia_qa,qwq-32b,trivia_qa_validation_02331,0,0.87817,5
trivia_qa,qwq-32b,trivia_qa_validation_12374,0,0.389898,1
trivia_qa,qwq-32b,trivia_qa_validation_04621,0,0.307591,3
trivia_qa,qwq-32b,trivia_qa_validation_08546,0,0.271107,3
trivia_qa,qwq-32b,trivia_qa_validation_14149,1,0.926495,3
trivia_qa,qwq-32b,trivia_qa_validation_13242,0,0.092645,5
trivia_qa,qwq-32b,trivia_qa_validation_16107,0,0.279906,2
trivia_qa,qwq-32b,trivia_qa_validation_04524,0,0.023427,5
trivia_qa,qwq-32b,trivia_qa_validation_07587,1,0.875064,2
trivia_qa,qwq-32b,trivia_qa_validation_17249,1,0.819286,3
trivia_qa,qwq-32b,trivia_qa_validation_03990,1,0.561287,5
trivia_qa,qwq-32b,trivia_qa_validation_03732,1,0.872373,3
trivia_qa,qwq-32b,trivia_qa_validation_11906,1,0.910649,4
trivia_qa,qwq-32b,trivia_qa_validation_17663,1,0.902954,2
trivia_qa,qwq-32b,trivia_qa_validation_14175,0,0.504464,4
trivia_qa,qwq-32b,trivia_qa_validation_11569,1,0.635302,2
trivia_qa,qwq-32b,trivia_qa_validation_11279,1,0.896673,2
trivia_qa,qwq-32b,trivia_qa_validation_07694,1,0.888507,2
trivia_qa,qwq-32b,trivia_qa_validation_10119,1,0.915787,1
trivia_qa,qwq-32b,trivia_qa_validation_13020,1,0.906424,1
trivia_qa,qwq-32b,trivia_qa_validation_07528,0,0.900838,4
trivia_qa,qwq-32b,trivia_qa_validation_06018,1,0.85568,3
trivia_qa,qwq-32b,trivia_qa_validation_09962,0,0.074016,3
trivia_qa,qwq-32b,trivia_qa_validation_14924,1,0.907125,2
trivia_qa,qwq-32b,trivia_qa_validation_07120,1,0.850353,2
trivia_qa,qwq-32b,trivia_qa_validation_02562,1,0.887966,5
trivia_qa,qwq-32b,trivia_qa_validation_03667,0,0.063055,5
trivia_qa,qwq-32b,trivia_qa_validation_04299,0,0.082212,2
trivia_qa,qwq-32b,trivia_qa_validation_11200,1,0.91743,3
trivia_qa,qwq-32b,trivia_qa_validation_12688,1,0.879096,3
trivia_qa,qwq-32b,trivia_qa_validation_09855,1,0.895053,3
trivia_qa,qwq-32b,trivia_qa_validation_05061,1,0.868923,5
trivia_qa,qwq-32b,trivia_qa_validation_12868,1,0.885823,2
trivia_qa,qwq-32b,trivia_qa_validation_05181,0,0.424252,2
trivia_qa,qwq-32b,trivia_qa_validation_11411,0,0.769119,4
trivia_qa,qwq-32b,trivia_qa_validation_16167,1,0.8915,5
trivia_qa,qwq-32b,trivia_qa_validation_07276,1,0.897448,1
trivia_qa,qwq-32b,trivia_qa_validation_06309,1,0.898665,4
trivia_qa,qwq-32b,trivia_qa_validation_02388,1,0.90001,3
trivia_qa,qwq-32b,trivia_qa_validation_11514,1,0.552784,4
trivia_qa,qwq-32b,trivia_qa_validation_17551,1,0.849192,3
trivia_qa,qwq-32b,trivia_qa_validation_06331,1,0.178981,1
trivia_qa,qwq-32b,trivia_qa_validation_01768,1,0.857658,1
trivia_qa,qwq-32b,trivia_qa_validation_07828,1,0.850994,5
trivia_qa,qwq-32b,trivia_qa_validation_05245,0,0.806443,3
trivia_qa,qwq-32b,trivia_qa_validation_00707,1,0.834619,4
trivia_qa,qwq-32b,trivia_qa_validation_10470,1,0.835417,3
trivia_qa,qwq-32b,trivia_qa_validation_09051,1,0.157164,1
trivia_qa,qwq-32b,trivia_qa_validation_01134,1,0.846676,1
trivia_qa,qwq-32b,trivia_qa_validation_15086,1,0.77968,1
trivia_qa,qwq-32b,trivia_qa_validation_06856,0,0.139347,2
trivia_qa,qwq-32b,trivia_qa_validation_00992,1,0.85475,2
trivia_qa,qwq-32b,trivia_qa_validation_08306,1,0.863831,4
trivia_qa,qwq-32b,trivia_qa_validation_15787,1,0.89727,1
trivia_qa,qwq-32b,trivia_qa_validation_08600,1,0.856849,3
trivia_qa,qwq-32b,trivia_qa_validation_12223,1,0.865146,5
trivia_qa,qwq-32b,trivia_qa_validation_10288,1,0.564603,2
trivia_qa,qwq-32b,trivia_qa_validation_04138,1,0.889036,3
trivia_qa,qwq-32b,trivia_qa_validation_05974,0,0.810245,4
trivia_qa,qwq-32b,trivia_qa_validation_09595,1,0.883702,5
trivia_qa,qwq-32b,trivia_qa_validation_14968,1,0.591865,1
trivia_qa,qwq-32b,trivia_qa_validation_07189,1,0.878576,1
trivia_qa,qwq-32b,trivia_qa_validation_17148,1,0.641259,5
trivia_qa,qwq-32b,trivia_qa_validation_08616,1,0.899877,3
trivia_qa,qwq-32b,trivia_qa_validation_10437,1,0.855244,2
trivia_qa,qwq-32b,trivia_qa_validation_01348,1,0.83143,5
trivia_qa,qwq-32b,trivia_qa_validation_05378,0,0.357451,3
trivia_qa,qwq-32b,trivia_qa_validation_04789,1,0.675495,4
trivia_qa,qwq-32b,trivia_qa_validation_07367,1,0.879506,1
trivia_qa,qwq-32b,trivia_qa_validation_08505,0,0.855239,5
trivia_qa,qwq-32b,trivia_qa_validation_14168,1,0.887817,2
trivia_qa,qwq-32b,trivia_qa_validation_06174,1,0.913669,4
trivia_qa,qwq-32b,trivia_qa_validation_06963,1,0.91204,1
trivia_qa,qwq-32b,trivia_qa_validation_03853,1,0.855795,1
trivia_qa,qwq-32b,trivia_qa_validation_15639,0,0.331117,5
trivia_qa,qwq-32b,trivia_qa_validation_16501,0,0.44487,1
trivia_qa,qwq-32b,trivia_qa_validation_06651,1,0.876601,4
trivia_qa,qwq-32b,trivia_qa_validation_13081,0,0.107418,4
trivia_qa,qwq-32b,trivia_qa_validation_03557,1,0.947639,1
trivia_qa,qwq-32b,trivia_qa_validation_02866,1,0.883469,4
trivia_qa,qwq-32b,trivia_qa_validation_01079,0,0.204879,4
trivia_qa,qwq-32b,trivia_qa_validation_07959,0,0.028225,3
trivia_qa,qwq-32b,trivia_qa_validation_01227,1,0.872947,5
trivia_qa,qwq-32b,trivia_qa_validation_09862,1,0.047996,3
trivia_qa,qwq-32b,trivia_qa_validation_07086,1,0.709381,3
trivia_qa,qwq-32b,trivia_qa_validation_07099,1,0.855754,1
trivia_qa,qwq-32b,trivia_qa_validation_03628,0,0.453098,4
trivia_qa,qwq-32b,trivia_qa_validation_00007,0,0.042423,1
trivia_qa,qwq-32b,trivia_qa_validation_11597,1,0.822445,5
trivia_qa,qwq-32b,trivia_qa_validation_17346,1,0.880122,1
trivia_qa,qwq-32b,trivia_qa_validation_07893,1,0.940406,4
trivia_qa,qwq-32b,trivia_qa_validation_16320,0,0.846712,2
trivia_qa,qwq-32b,trivia_qa_validation_07580,1,0.889914,3
trivia_qa,qwq-32b,trivia_qa_validation_05626,1,0.888917,1
trivia_qa,qwq-32b,trivia_qa_validation_14109,0,0.710953,1
trivia_qa,qwq-32b,trivia_qa_validation_13294,0,0.061153,2
trivia_qa,qwq-32b,trivia_qa_validation_16883,1,0.886746,2
trivia_qa,qwq-32b,trivia_qa_validation_14588,0,0.094441,5
trivia_qa,qwq-32b,trivia_qa_validation_06845,1,0.871619,3
trivia_qa,qwq-32b,trivia_qa_validation_00556,1,0.241316,1
trivia_qa,qwq-32b,trivia_qa_validation_06013,0,0.135418,1
trivia_qa,qwq-32b,trivia_qa_validation_13577,1,0.895018,4
trivia_qa,qwq-32b,trivia_qa_validation_17892,1,0.855186,1
trivia_qa,qwq-32b,trivia_qa_validation_16619,1,0.915773,1
trivia_qa,qwq-32b,trivia_qa_validation_16346,1,0.881844,2
trivia_qa,qwq-32b,trivia_qa_validation_17493,1,0.84996,2
trivia_qa,qwq-32b,trivia_qa_validation_06472,0,0.883522,4
trivia_qa,qwq-32b,trivia_qa_validation_12409,1,0.890372,1
trivia_qa,qwq-32b,trivia_qa_validation_13085,1,0.882467,1
trivia_qa,qwq-32b,trivia_qa_validation_13882,0,0.587067,4
trivia_qa,qwq-32b,trivia_qa_validation_02030,1,0.828419,2
trivia_qa,qwq-32b,trivia_qa_validation_02558,1,0.685389,4
trivia_qa,qwq-32b,trivia_qa_validation_09754,1,0.864317,2
trivia_qa,qwq-32b,trivia_qa_validation_05365,0,0.79915,4
trivia_qa,qwq-32b,trivia_qa_validation_03930,0,0.042691,4
trivia_qa,qwq-32b,trivia_qa_validation_17373,0,0.156291,3
trivia_qa,qwq-32b,trivia_qa_validation_00354,1,0.793879,1
trivia_qa,qwq-32b,trivia_qa_validation_14823,1,0.878203,4
trivia_qa,qwq-32b,trivia_qa_validation_11064,1,0.558916,2
trivia_qa,qwq-32b,trivia_qa_validation_14595,1,0.878418,5
trivia_qa,qwq-32b,trivia_qa_validation_00743,1,0.83686,4
trivia_qa,qwq-32b,trivia_qa_validation_02892,1,0.522801,1
trivia_qa,qwq-32b,trivia_qa_validation_17899,1,0.927544,5
trivia_qa,qwq-32b,trivia_qa_validation_10125,1,0.910763,1
trivia_qa,qwq-32b,trivia_qa_validation_11686,1,0.869279,3
trivia_qa,qwq-32b,trivia_qa_validation_16317,1,0.907972,1
trivia_qa,qwq-32b,trivia_qa_validation_12332,1,0.891236,1
trivia_qa,qwq-32b,trivia_qa_validation_03235,0,0.854862,2
trivia_qa,qwq-32b,trivia_qa_validation_15146,0,0.865636,2
trivia_qa,qwq-32b,trivia_qa_validation_07402,1,0.858439,3
trivia_qa,qwq-32b,trivia_qa_validation_01772,1,0.862578,2
trivia_qa,qwq-32b,trivia_qa_validation_04069,1,0.882854,1
trivia_qa,qwq-32b,trivia_qa_validation_11524,0,0.026948,2
trivia_qa,qwq-32b,trivia_qa_validation_17778,0,0.9003,3
trivia_qa,qwq-32b,trivia_qa_validation_04834,1,0.844648,5
trivia_qa,qwq-32b,trivia_qa_validation_03380,1,0.898762,3
trivia_qa,qwq-32b,trivia_qa_validation_13761,1,0.844443,2
trivia_qa,qwq-32b,trivia_qa_validation_07059,0,0.036756,1
trivia_qa,qwq-32b,trivia_qa_validation_00437,1,0.501249,2
trivia_qa,qwq-32b,trivia_qa_validation_04003,1,0.776094,5
trivia_qa,qwq-32b,trivia_qa_validation_02667,0,0.871614,1
trivia_qa,qwq-32b,trivia_qa_validation_04104,1,0.882117,3
trivia_qa,qwq-32b,trivia_qa_validation_16915,1,0.915017,3
trivia_qa,qwq-32b,trivia_qa_validation_10323,1,0.687629,5
trivia_qa,qwq-32b,trivia_qa_validation_12112,1,0.856845,2
trivia_qa,qwq-32b,trivia_qa_validation_17283,1,0.880182,1
trivia_qa,qwq-32b,trivia_qa_validation_02696,0,0.474745,1
trivia_qa,qwq-32b,trivia_qa_validation_01826,1,0.867801,2
trivia_qa,qwq-32b,trivia_qa_validation_10310,0,0.053684,4
trivia_qa,qwq-32b,trivia_qa_validation_02645,0,0.574464,1
trivia_qa,qwq-32b,trivia_qa_validation_11547,1,0.881355,3
trivia_qa,qwq-32b,trivia_qa_validation_14340,0,0.614882,4
trivia_qa,qwq-32b,trivia_qa_validation_00285,1,0.78749,2
trivia_qa,qwq-32b,trivia_qa_validation_14573,1,0.910999,5
trivia_qa,qwq-32b,trivia_qa_validation_07158,0,0.575647,5
trivia_qa,qwq-32b,trivia_qa_validation_07315,1,0.881014,2
trivia_qa,qwq-32b,trivia_qa_validation_07320,1,0.867088,4
trivia_qa,qwq-32b,trivia_qa_validation_13922,1,0.882761,1
trivia_qa,qwq-32b,trivia_qa_validation_11533,1,0.866116,4
trivia_qa,qwq-32b,trivia_qa_validation_09351,1,0.922386,1
trivia_qa,qwq-32b,trivia_qa_validation_00248,0,0.879619,3
trivia_qa,qwq-32b,trivia_qa_validation_14521,1,0.874191,4
trivia_qa,qwq-32b,trivia_qa_validation_05091,1,0.813903,1
trivia_qa,qwq-32b,trivia_qa_validation_14753,1,0.399975,5
trivia_qa,qwq-32b,trivia_qa_validation_01668,1,0.85259,3
trivia_qa,qwq-32b,trivia_qa_validation_01359,1,0.903607,4
trivia_qa,qwq-32b,trivia_qa_validation_04596,1,0.89647,5
trivia_qa,qwq-32b,trivia_qa_validation_17637,1,0.897528,2
trivia_qa,qwq-32b,trivia_qa_validation_17819,1,0.919013,5
trivia_qa,qwq-32b,trivia_qa_validation_07547,0,0.599479,4
trivia_qa,qwq-32b,trivia_qa_validation_08170,1,0.898001,3
trivia_qa,qwq-32b,trivia_qa_validation_06812,1,0.021458,1
trivia_qa,qwq-32b,trivia_qa_validation_08506,0,0.463825,3
trivia_qa,qwq-32b,trivia_qa_validation_07645,0,0.289466,3
trivia_qa,qwq-32b,trivia_qa_validation_11081,1,0.8059,3
trivia_qa,qwq-32b,trivia_qa_validation_12656,1,0.889005,5
trivia_qa,qwq-32b,trivia_qa_validation_07327,1,0.865122,5
trivia_qa,qwq-32b,trivia_qa_validation_17516,0,0.043209,3
trivia_qa,qwq-32b,trivia_qa_validation_07022,1,0.871295,1
trivia_qa,qwq-32b,trivia_qa_validation_04357,1,0.920548,1
trivia_qa,qwq-32b,trivia_qa_validation_14731,1,0.793958,1
trivia_qa,qwq-32b,trivia_qa_validation_10475,1,0.89468,2
trivia_qa,qwq-32b,trivia_qa_validation_17744,1,0.893578,5
trivia_qa,qwq-32b,trivia_qa_validation_01812,1,0.889156,4
trivia_qa,qwq-32b,trivia_qa_validation_16058,1,0.852786,2
trivia_qa,qwq-32b,trivia_qa_validation_02111,0,0.849118,3
trivia_qa,qwq-32b,trivia_qa_validation_00115,0,0.071711,1
trivia_qa,qwq-32b,trivia_qa_validation_12647,1,0.903064,5
trivia_qa,qwq-32b,trivia_qa_validation_05643,1,0.868166,1
trivia_qa,qwq-32b,trivia_qa_validation_16766,1,0.907089,3
trivia_qa,qwq-32b,trivia_qa_validation_14883,1,0.820107,4
trivia_qa,qwq-32b,trivia_qa_validation_08242,0,0.699586,4
trivia_qa,qwq-32b,trivia_qa_validation_13284,0,0.806232,1
trivia_qa,qwq-32b,trivia_qa_validation_16621,1,0.678726,4
trivia_qa,qwq-32b,trivia_qa_validation_10004,1,0.910181,2
trivia_qa,qwq-32b,trivia_qa_validation_16699,1,0.851133,1
trivia_qa,qwq-32b,trivia_qa_validation_09986,1,0.863828,2
trivia_qa,qwq-32b,trivia_qa_validation_01836,1,0.426891,4
trivia_qa,qwq-32b,trivia_qa_validation_07897,1,0.21805,1
trivia_qa,qwq-32b,trivia_qa_validation_16863,1,0.84579,3
trivia_qa,qwq-32b,trivia_qa_validation_00593,1,0.857175,3
trivia_qa,qwq-32b,trivia_qa_validation_02317,1,0.910708,4
trivia_qa,qwq-32b,trivia_qa_validation_10344,0,0.031987,2
trivia_qa,qwq-32b,trivia_qa_validation_03416,1,0.864041,3
trivia_qa,qwq-32b,trivia_qa_validation_16755,1,0.828166,4
trivia_qa,qwq-32b,trivia_qa_validation_00178,1,0.833572,4
trivia_qa,qwq-32b,trivia_qa_validation_16919,1,0.81468,3
trivia_qa,qwq-32b,trivia_qa_validation_06491,1,0.887565,3
trivia_qa,qwq-32b,trivia_qa_validation_03355,0,0.008157,3
trivia_qa,qwq-32b,trivia_qa_validation_05462,0,0.160092,5
trivia_qa,qwq-32b,trivia_qa_validation_05589,1,0.862724,2
trivia_qa,qwq-32b,trivia_qa_validation_05583,1,0.524948,2
trivia_qa,qwq-32b,trivia_qa_validation_12465,1,0.879531,5
trivia_qa,qwq-32b,trivia_qa_validation_03861,0,0.165132,3
trivia_qa,qwq-32b,trivia_qa_validation_15751,1,0.860335,4
trivia_qa,qwq-32b,trivia_qa_validation_15744,0,0.871723,3
trivia_qa,qwq-32b,trivia_qa_validation_01891,1,0.697098,3
trivia_qa,qwq-32b,trivia_qa_validation_15454,1,0.919279,4
trivia_qa,qwq-32b,trivia_qa_validation_13058,1,0.870035,4
trivia_qa,qwq-32b,trivia_qa_validation_02379,1,0.392587,5
trivia_qa,qwq-32b,trivia_qa_validation_13834,1,0.719403,5
trivia_qa,qwq-32b,trivia_qa_validation_10481,0,0.156846,5
trivia_qa,qwq-32b,trivia_qa_validation_04100,1,0.900295,2
trivia_qa,qwq-32b,trivia_qa_validation_13536,1,0.817377,3
trivia_qa,qwq-32b,trivia_qa_validation_04424,1,0.845082,5
trivia_qa,qwq-32b,trivia_qa_validation_07416,1,0.866904,4
trivia_qa,qwq-32b,trivia_qa_validation_02273,0,0.863741,2
trivia_qa,qwq-32b,trivia_qa_validation_09192,1,0.839447,3
trivia_qa,qwq-32b,trivia_qa_validation_01170,1,0.908583,4
trivia_qa,qwq-32b,trivia_qa_validation_14424,1,0.863781,3
trivia_qa,qwq-32b,trivia_qa_validation_04291,0,0.511318,4
trivia_qa,qwq-32b,trivia_qa_validation_16467,0,0.772166,5
trivia_qa,qwq-32b,trivia_qa_validation_00715,0,0.833921,4
trivia_qa,qwq-32b,trivia_qa_validation_00283,1,0.932092,1
trivia_qa,qwq-32b,trivia_qa_validation_02416,1,0.59,1
trivia_qa,qwq-32b,trivia_qa_validation_00270,1,0.784726,5
trivia_qa,qwq-32b,trivia_qa_validation_12272,0,0.740715,1
trivia_qa,qwq-32b,trivia_qa_validation_10201,0,0.629947,1
trivia_qa,qwq-32b,trivia_qa_validation_08707,1,0.526151,3
trivia_qa,qwq-32b,trivia_qa_validation_10204,0,0.42937,1
trivia_qa,qwq-32b,trivia_qa_validation_04236,0,0.135079,4
trivia_qa,qwq-32b,trivia_qa_validation_00545,1,0.76567,4
trivia_qa,qwq-32b,trivia_qa_validation_13981,1,0.896293,1
trivia_qa,qwq-32b,trivia_qa_validation_06747,1,0.901333,1
trivia_qa,qwq-32b,trivia_qa_validation_09686,1,0.902021,1
trivia_qa,qwq-32b,trivia_qa_validation_11251,1,0.881859,4
trivia_qa,qwq-32b,trivia_qa_validation_15865,1,0.871025,4
trivia_qa,qwq-32b,trivia_qa_validation_12733,1,0.903617,5
trivia_qa,qwq-32b,trivia_qa_validation_16908,1,0.599893,3
trivia_qa,qwq-32b,trivia_qa_validation_09434,1,0.553682,3
trivia_qa,qwq-32b,trivia_qa_validation_04837,1,0.856717,2
trivia_qa,qwq-32b,trivia_qa_validation_15515,1,0.864619,2
trivia_qa,qwq-32b,trivia_qa_validation_16047,0,0.738764,3
trivia_qa,qwq-32b,trivia_qa_validation_04863,1,0.883628,2
trivia_qa,qwq-32b,trivia_qa_validation_14642,1,0.6618,1
trivia_qa,qwq-32b,trivia_qa_validation_16744,1,0.799679,1
trivia_qa,qwq-32b,trivia_qa_validation_01288,0,0.803851,4
trivia_qa,qwq-32b,trivia_qa_validation_15941,1,0.911822,1
trivia_qa,qwq-32b,trivia_qa_validation_14754,1,0.7753,2
trivia_qa,qwq-32b,trivia_qa_validation_06632,1,0.902796,5
trivia_qa,qwq-32b,trivia_qa_validation_09573,1,0.908681,5
trivia_qa,qwq-32b,trivia_qa_validation_02737,1,0.893876,1
trivia_qa,qwq-32b,trivia_qa_validation_00636,1,0.882525,1
trivia_qa,qwq-32b,trivia_qa_validation_02472,0,0.886416,2
trivia_qa,qwq-32b,trivia_qa_validation_08712,1,0.882798,4
trivia_qa,qwq-32b,trivia_qa_validation_04202,1,0.668196,5
trivia_qa,qwq-32b,trivia_qa_validation_13742,0,0.501913,5
trivia_qa,qwq-32b,trivia_qa_validation_12330,1,0.885997,5
trivia_qa,qwq-32b,trivia_qa_validation_17220,1,0.112731,2
trivia_qa,qwq-32b,trivia_qa_validation_06955,0,0.111048,2
trivia_qa,qwq-32b,trivia_qa_validation_15566,1,0.694569,3
trivia_qa,qwq-32b,trivia_qa_validation_10936,1,0.882666,2
trivia_qa,qwq-32b,trivia_qa_validation_02186,1,0.883541,5
trivia_qa,qwq-32b,trivia_qa_validation_10355,1,0.915401,5
trivia_qa,qwq-32b,trivia_qa_validation_06069,1,0.874725,2
trivia_qa,qwq-32b,trivia_qa_validation_04587,1,0.854427,4
trivia_qa,qwq-32b,trivia_qa_validation_11038,1,0.847182,4
trivia_qa,qwq-32b,trivia_qa_validation_00722,1,0.883556,1
trivia_qa,qwq-32b,trivia_qa_validation_10575,1,0.900778,4
trivia_qa,qwq-32b,trivia_qa_validation_14394,1,0.884577,5
trivia_qa,qwq-32b,trivia_qa_validation_14904,1,0.922391,4
trivia_qa,qwq-32b,trivia_qa_validation_17874,1,0.900168,1
trivia_qa,qwq-32b,trivia_qa_validation_04795,0,0.203949,3
trivia_qa,qwq-32b,trivia_qa_validation_10105,0,0.607756,1
trivia_qa,qwq-32b,trivia_qa_validation_05520,1,0.914751,1
trivia_qa,qwq-32b,trivia_qa_validation_03711,1,0.902909,1
trivia_qa,qwq-32b,trivia_qa_validation_11604,0,0.776721,5
trivia_qa,qwq-32b,trivia_qa_validation_13932,0,0.648157,5
trivia_qa,qwq-32b,trivia_qa_validation_04772,0,0.753187,1
trivia_qa,qwq-32b,trivia_qa_validation_12312,0,0.878246,4
trivia_qa,qwq-32b,trivia_qa_validation_00143,0,0.075652,5
trivia_qa,qwq-32b,trivia_qa_validation_05430,1,0.750515,3
trivia_qa,qwq-32b,trivia_qa_validation_07902,0,0.113733,4
trivia_qa,qwq-32b,trivia_qa_validation_02704,0,0.191944,4
trivia_qa,qwq-32b,trivia_qa_validation_03370,1,0.878262,4
trivia_qa,qwq-32b,trivia_qa_validation_09132,0,0.109891,4
trivia_qa,qwq-32b,trivia_qa_validation_10486,1,0.865495,3
trivia_qa,qwq-32b,trivia_qa_validation_05398,0,0.032816,2
trivia_qa,qwq-32b,trivia_qa_validation_14741,1,0.813802,5
trivia_qa,qwq-32b,trivia_qa_validation_00484,1,0.820272,3
trivia_qa,qwq-32b,trivia_qa_validation_02728,0,0.87114,1
trivia_qa,qwq-32b,trivia_qa_validation_06667,0,0.311904,4
trivia_qa,qwq-32b,trivia_qa_validation_02265,1,0.839309,3
trivia_qa,qwq-32b,trivia_qa_validation_00148,1,0.902712,2
trivia_qa,qwq-32b,trivia_qa_validation_14527,1,0.920203,3
trivia_qa,qwq-32b,trivia_qa_validation_04829,1,0.861266,3
trivia_qa,qwq-32b,trivia_qa_validation_14601,0,0.166124,1
trivia_qa,qwq-32b,trivia_qa_validation_07232,1,0.84232,1
trivia_qa,qwq-32b,trivia_qa_validation_14234,1,0.85201,4
trivia_qa,qwq-32b,trivia_qa_validation_03932,1,0.852531,2
trivia_qa,qwq-32b,trivia_qa_validation_05020,1,0.872577,1
trivia_qa,qwq-32b,trivia_qa_validation_05092,0,0.877578,5
trivia_qa,qwq-32b,trivia_qa_validation_07151,1,0.840791,1
trivia_qa,qwq-32b,trivia_qa_validation_04086,1,0.866385,5
trivia_qa,qwq-32b,trivia_qa_validation_15597,1,0.269698,2
trivia_qa,qwq-32b,trivia_qa_validation_04148,0,0.133167,4
trivia_qa,qwq-32b,trivia_qa_validation_02766,1,0.71131,5
trivia_qa,qwq-32b,trivia_qa_validation_07242,1,0.888546,5
trivia_qa,qwq-32b,trivia_qa_validation_00160,0,0.514595,1
trivia_qa,qwq-32b,trivia_qa_validation_08757,1,0.887068,4
trivia_qa,qwq-32b,trivia_qa_validation_15944,1,0.930486,1
trivia_qa,qwq-32b,trivia_qa_validation_03325,1,0.576534,4
trivia_qa,qwq-32b,trivia_qa_validation_03466,0,0.917142,3
trivia_qa,qwq-32b,trivia_qa_validation_04152,0,0.836247,2
trivia_qa,qwq-32b,trivia_qa_validation_08334,1,0.834406,5
trivia_qa,qwq-32b,trivia_qa_validation_12413,1,0.859323,4
trivia_qa,qwq-32b,trivia_qa_validation_02300,1,0.894294,4
trivia_qa,qwq-32b,trivia_qa_validation_08500,0,0.189751,5
trivia_qa,qwq-32b,trivia_qa_validation_10340,0,0.102577,3
trivia_qa,qwq-32b,trivia_qa_validation_12394,1,0.863795,2
trivia_qa,qwq-32b,trivia_qa_validation_03713,1,0.879077,2
trivia_qa,qwq-32b,trivia_qa_validation_11027,1,0.817245,5
trivia_qa,qwq-32b,trivia_qa_validation_08979,1,0.29442,5
trivia_qa,qwq-32b,trivia_qa_validation_06209,1,0.381867,1
trivia_qa,qwq-32b,trivia_qa_validation_01498,1,0.777704,5
trivia_qa,qwq-32b,trivia_qa_validation_16056,0,0.845164,1
trivia_qa,qwq-32b,trivia_qa_validation_09720,1,0.886812,3
trivia_qa,qwq-32b,trivia_qa_validation_16784,1,0.857852,4
trivia_qa,qwq-32b,trivia_qa_validation_17758,1,0.85148,3
trivia_qa,qwq-32b,trivia_qa_validation_11813,0,0.731433,2
trivia_qa,qwq-32b,trivia_qa_validation_11982,1,0.777145,5
trivia_qa,qwq-32b,trivia_qa_validation_13147,1,0.942255,1
trivia_qa,qwq-32b,trivia_qa_validation_03883,1,0.875613,2
trivia_qa,qwq-32b,trivia_qa_validation_00710,1,0.892813,5
trivia_qa,qwq-32b,trivia_qa_validation_01443,1,0.877115,3
trivia_qa,qwq-32b,trivia_qa_validation_02550,1,0.903617,2
trivia_qa,qwq-32b,trivia_qa_validation_00348,0,0.281834,3
trivia_qa,qwq-32b,trivia_qa_validation_05540,1,0.907459,4
trivia_qa,qwq-32b,trivia_qa_validation_17936,1,0.817936,2
trivia_qa,qwq-32b,trivia_qa_validation_04756,1,0.899784,1
trivia_qa,qwq-32b,trivia_qa_validation_01754,0,0.890921,2
trivia_qa,qwq-32b,trivia_qa_validation_01899,1,0.855451,3
trivia_qa,qwq-32b,trivia_qa_validation_00420,1,0.5676,1
trivia_qa,qwq-32b,trivia_qa_validation_01711,1,0.83404,3
trivia_qa,qwq-32b,trivia_qa_validation_13181,1,0.803342,2
trivia_qa,qwq-32b,trivia_qa_validation_15521,1,0.890393,2
trivia_qa,qwq-32b,trivia_qa_validation_11277,1,0.896112,1
trivia_qa,qwq-32b,trivia_qa_validation_03142,1,0.895101,5
trivia_qa,qwq-32b,trivia_qa_validation_17657,1,0.777311,1
trivia_qa,qwq-32b,trivia_qa_validation_04364,1,0.856653,4
trivia_qa,qwq-32b,trivia_qa_validation_03140,1,0.902264,5
trivia_qa,qwq-32b,trivia_qa_validation_06689,1,0.913752,2
trivia_qa,qwq-32b,trivia_qa_validation_15502,1,0.819068,1
trivia_qa,qwq-32b,trivia_qa_validation_14235,1,0.829786,5
trivia_qa,qwq-32b,trivia_qa_validation_00418,1,0.876649,3
trivia_qa,qwq-32b,trivia_qa_validation_14036,0,0.468293,1
trivia_qa,qwq-32b,trivia_qa_validation_12824,0,0.850642,3
trivia_qa,qwq-32b,trivia_qa_validation_00649,0,0.617962,1
trivia_qa,qwq-32b,trivia_qa_validation_08477,1,0.686918,5
trivia_qa,qwq-32b,trivia_qa_validation_05433,1,0.312541,3
trivia_qa,qwq-32b,trivia_qa_validation_15011,0,0.539639,3
trivia_qa,qwq-32b,trivia_qa_validation_02765,1,0.884345,1
trivia_qa,qwq-32b,trivia_qa_validation_11178,0,0.065755,4
trivia_qa,qwq-32b,trivia_qa_validation_08194,1,0.832526,2
trivia_qa,qwq-32b,trivia_qa_validation_13169,1,0.895782,3
trivia_qa,qwq-32b,trivia_qa_validation_12626,0,0.118514,4
trivia_qa,qwq-32b,trivia_qa_validation_09431,0,0.347145,4
trivia_qa,qwq-32b,trivia_qa_validation_00109,0,0.867403,5
trivia_qa,qwq-32b,trivia_qa_validation_08678,1,0.888784,3
trivia_qa,qwq-32b,trivia_qa_validation_06127,1,0.901887,3
trivia_qa,qwq-32b,trivia_qa_validation_13219,0,0.062102,5
trivia_qa,qwq-32b,trivia_qa_validation_04599,1,0.367574,5
trivia_qa,qwq-32b,trivia_qa_validation_12224,1,0.852803,2
trivia_qa,qwq-32b,trivia_qa_validation_15179,0,0.019362,3
trivia_qa,qwq-32b,trivia_qa_validation_07641,0,0.131273,3
trivia_qa,qwq-32b,trivia_qa_validation_02282,1,0.921971,3
trivia_qa,qwq-32b,trivia_qa_validation_04513,1,0.890551,3
trivia_qa,qwq-32b,trivia_qa_validation_01366,1,0.797925,5
trivia_qa,qwq-32b,trivia_qa_validation_07458,0,0.908487,1
trivia_qa,qwq-32b,trivia_qa_validation_01883,1,0.927384,4
trivia_qa,qwq-32b,trivia_qa_validation_14255,1,0.902219,2
trivia_qa,qwq-32b,trivia_qa_validation_00591,0,0.802694,3
trivia_qa,qwq-32b,trivia_qa_validation_10818,1,0.566354,4
trivia_qa,qwq-32b,trivia_qa_validation_13177,1,0.812726,1
trivia_qa,qwq-32b,trivia_qa_validation_08933,0,0.07756,4
trivia_qa,qwq-32b,trivia_qa_validation_16046,1,0.868887,2
trivia_qa,qwq-32b,trivia_qa_validation_11077,1,0.566815,2
trivia_qa,qwq-32b,trivia_qa_validation_16190,0,0.909424,3
trivia_qa,qwq-32b,trivia_qa_validation_14999,1,0.87891,5
trivia_qa,qwq-32b,trivia_qa_validation_01906,0,0.672806,1
trivia_qa,qwq-32b,trivia_qa_validation_14350,1,0.911247,5
trivia_qa,qwq-32b,trivia_qa_validation_13361,0,0.097302,5
trivia_qa,qwq-32b,trivia_qa_validation_08206,0,0.112206,2
trivia_qa,qwq-32b,trivia_qa_validation_06733,1,0.659725,1
trivia_qa,qwq-32b,trivia_qa_validation_10955,1,0.823931,4
trivia_qa,qwq-32b,trivia_qa_validation_03780,1,0.891725,4
trivia_qa,qwq-32b,trivia_qa_validation_03600,1,0.880986,5
trivia_qa,qwq-32b,trivia_qa_validation_13199,1,0.910975,1
trivia_qa,qwq-32b,trivia_qa_validation_00375,1,0.782153,4
trivia_qa,qwq-32b,trivia_qa_validation_03752,1,0.879115,5
trivia_qa,qwq-32b,trivia_qa_validation_10641,0,0.816042,2
trivia_qa,qwq-32b,trivia_qa_validation_06744,1,0.794426,5
trivia_qa,qwq-32b,trivia_qa_validation_01081,1,0.865296,2
trivia_qa,qwq-32b,trivia_qa_validation_10157,0,0.518343,2
trivia_qa,qwq-32b,trivia_qa_validation_03172,1,0.841623,3
trivia_qa,qwq-32b,trivia_qa_validation_17673,1,0.902436,2
trivia_qa,qwq-32b,trivia_qa_validation_14895,1,0.802881,1
trivia_qa,qwq-32b,trivia_qa_validation_00064,0,0.070185,3
trivia_qa,qwq-32b,trivia_qa_validation_00787,1,0.876283,4
trivia_qa,qwq-32b,trivia_qa_validation_08496,0,0.90263,2
trivia_qa,qwq-32b,trivia_qa_validation_06234,1,0.829956,5
trivia_qa,qwq-32b,trivia_qa_validation_00277,1,0.690465,2
trivia_qa,qwq-32b,trivia_qa_validation_04031,1,0.859144,5
trivia_qa,qwq-32b,trivia_qa_validation_04619,0,0.075051,3
trivia_qa,qwq-32b,trivia_qa_validation_09944,0,0.922546,4
trivia_qa,qwq-32b,trivia_qa_validation_10365,1,0.888816,3
trivia_qa,qwq-32b,trivia_qa_validation_04211,1,0.918001,5
trivia_qa,qwq-32b,trivia_qa_validation_01224,1,0.863912,3
trivia_qa,qwq-32b,trivia_qa_validation_00412,0,0.559114,3
trivia_qa,qwq-32b,trivia_qa_validation_08936,1,0.551255,5
trivia_qa,qwq-32b,trivia_qa_validation_06107,1,0.861752,2
trivia_qa,qwq-32b,trivia_qa_validation_12470,1,0.884411,2
trivia_qa,qwq-32b,trivia_qa_validation_13149,1,0.855126,3
trivia_qa,qwq-32b,trivia_qa_validation_12901,0,0.925813,1
trivia_qa,qwq-32b,trivia_qa_validation_00716,1,0.901091,1
trivia_qa,qwq-32b,trivia_qa_validation_00608,0,0.025464,2
trivia_qa,qwq-32b,trivia_qa_validation_13701,1,0.636149,2
trivia_qa,qwq-32b,trivia_qa_validation_08925,0,0.734733,1
trivia_qa,qwq-32b,trivia_qa_validation_04562,1,0.844806,5
trivia_qa,qwq-32b,trivia_qa_validation_09516,1,0.779233,3
trivia_qa,qwq-32b,trivia_qa_validation_02833,1,0.780328,5
trivia_qa,qwq-32b,trivia_qa_validation_00073,0,0.290856,5
trivia_qa,qwq-32b,trivia_qa_validation_02820,1,0.101917,1
trivia_qa,qwq-32b,trivia_qa_validation_07941,1,0.841836,3
trivia_qa,qwq-32b,trivia_qa_validation_00450,0,0.817763,5
trivia_qa,qwq-32b,trivia_qa_validation_12257,1,0.856967,1
trivia_qa,qwq-32b,trivia_qa_validation_11885,0,0.37123,1
trivia_qa,qwq-32b,trivia_qa_validation_09049,1,0.788063,4
trivia_qa,qwq-32b,trivia_qa_validation_15912,1,0.888949,2
trivia_qa,qwq-32b,trivia_qa_validation_05976,0,0.882482,2
trivia_qa,qwq-32b,trivia_qa_validation_12227,1,0.763404,4
trivia_qa,qwq-32b,trivia_qa_validation_07174,1,0.79257,3
trivia_qa,qwq-32b,trivia_qa_validation_15395,1,0.918495,2
trivia_qa,qwq-32b,trivia_qa_validation_12988,1,0.873349,3
trivia_qa,qwq-32b,trivia_qa_validation_02995,1,0.749652,4
trivia_qa,qwq-32b,trivia_qa_validation_00899,1,0.875883,2
trivia_qa,qwq-32b,trivia_qa_validation_09891,1,0.901611,2
trivia_qa,qwq-32b,trivia_qa_validation_17099,1,0.545043,1
trivia_qa,qwq-32b,trivia_qa_validation_16828,1,0.910896,4
trivia_qa,qwq-32b,trivia_qa_validation_00780,1,0.86814,3
trivia_qa,qwq-32b,trivia_qa_validation_10939,1,0.840014,1
trivia_qa,qwq-32b,trivia_qa_validation_00686,1,0.848701,3
trivia_qa,qwq-32b,trivia_qa_validation_11066,1,0.885934,2
trivia_qa,qwq-32b,trivia_qa_validation_00315,1,0.894153,3
trivia_qa,qwq-32b,trivia_qa_validation_12757,0,0.856462,5
trivia_qa,qwq-32b,trivia_qa_validation_12617,1,0.917021,1
trivia_qa,qwq-32b,trivia_qa_validation_10158,1,0.854847,4
trivia_qa,qwq-32b,trivia_qa_validation_10368,1,0.258734,2
trivia_qa,qwq-32b,trivia_qa_validation_13479,1,0.851904,3
trivia_qa,qwq-32b,trivia_qa_validation_09320,1,0.896438,1
trivia_qa,qwq-32b,trivia_qa_validation_14646,0,0.370493,4
trivia_qa,qwq-32b,trivia_qa_validation_01563,1,0.858198,3
trivia_qa,qwq-32b,trivia_qa_validation_15635,0,0.040044,5
trivia_qa,qwq-32b,trivia_qa_validation_07741,1,0.926051,3
trivia_qa,qwq-32b,trivia_qa_validation_16493,0,0.877285,2
trivia_qa,qwq-32b,trivia_qa_validation_11201,0,0.461682,1
trivia_qa,qwq-32b,trivia_qa_validation_10438,1,0.895893,2
trivia_qa,qwq-32b,trivia_qa_validation_05441,1,0.864295,4
trivia_qa,qwq-32b,trivia_qa_validation_07101,1,0.890362,5
trivia_qa,qwq-32b,trivia_qa_validation_01851,1,0.877207,2
trivia_qa,qwq-32b,trivia_qa_validation_09161,0,0.749181,5
trivia_qa,qwq-32b,trivia_qa_validation_10402,1,0.465434,4
trivia_qa,qwq-32b,trivia_qa_validation_08645,1,0.838874,5
trivia_qa,qwq-32b,trivia_qa_validation_12847,0,0.450301,4
trivia_qa,qwq-32b,trivia_qa_validation_11922,0,0.887822,5
trivia_qa,qwq-32b,trivia_qa_validation_08999,0,0.007056,1
trivia_qa,qwq-32b,trivia_qa_validation_03131,1,0.882715,5
trivia_qa,qwq-32b,trivia_qa_validation_09993,1,0.814624,1
trivia_qa,qwq-32b,trivia_qa_validation_11766,1,0.42785,2
trivia_qa,qwq-32b,trivia_qa_validation_07344,1,0.896798,3
trivia_qa,qwq-32b,trivia_qa_validation_08688,1,0.139204,5
trivia_qa,qwq-32b,trivia_qa_validation_15804,1,0.904222,4
trivia_qa,qwq-32b,trivia_qa_validation_17889,1,0.89406,4
trivia_qa,qwq-32b,trivia_qa_validation_07199,1,0.901233,4
trivia_qa,qwq-32b,trivia_qa_validation_06663,1,0.903121,5
trivia_qa,qwq-32b,trivia_qa_validation_03344,1,0.926683,1
trivia_qa,qwq-32b,trivia_qa_validation_10198,0,0.037278,4
trivia_qa,qwq-32b,trivia_qa_validation_06826,1,0.867444,1
trivia_qa,qwq-32b,trivia_qa_validation_03353,1,0.914116,5
trivia_qa,qwq-32b,trivia_qa_validation_14067,1,0.925151,4
trivia_qa,qwq-32b,trivia_qa_validation_10370,1,0.741983,5
trivia_qa,qwq-32b,trivia_qa_validation_14262,1,0.893303,1
trivia_qa,qwq-32b,trivia_qa_validation_14825,1,0.903657,1
trivia_qa,qwq-32b,trivia_qa_validation_05264,0,0.667895,3
trivia_qa,qwq-32b,trivia_qa_validation_15216,1,0.893591,5
trivia_qa,qwq-32b,trivia_qa_validation_02283,1,0.837256,5
trivia_qa,qwq-32b,trivia_qa_validation_15256,1,0.84904,1
trivia_qa,qwq-32b,trivia_qa_validation_06451,1,0.799604,4
trivia_qa,qwq-32b,trivia_qa_validation_10680,1,0.916521,3
trivia_qa,qwq-32b,trivia_qa_validation_04779,1,0.846472,3
trivia_qa,qwq-32b,trivia_qa_validation_06577,1,0.786488,5
trivia_qa,qwq-32b,trivia_qa_validation_14376,0,0.095121,2
trivia_qa,qwq-32b,trivia_qa_validation_03459,0,0.84719,2
trivia_qa,qwq-32b,trivia_qa_validation_05100,0,0.808437,2
trivia_qa,qwq-32b,trivia_qa_validation_04197,0,0.106681,1
trivia_qa,qwq-32b,trivia_qa_validation_02484,1,0.914005,3
trivia_qa,qwq-32b,trivia_qa_validation_00400,1,0.879369,4
trivia_qa,qwq-32b,trivia_qa_validation_15338,1,0.443395,3
trivia_qa,qwq-32b,trivia_qa_validation_08919,0,0.070288,3
trivia_qa,qwq-32b,trivia_qa_validation_03947,0,0.867556,2
trivia_qa,qwq-32b,trivia_qa_validation_08119,1,0.853776,3
trivia_qa,qwq-32b,trivia_qa_validation_04464,1,0.855431,2
trivia_qa,qwq-32b,trivia_qa_validation_09553,1,0.676329,1
trivia_qa,qwq-32b,trivia_qa_validation_14537,0,0.538083,4
trivia_qa,qwq-32b,trivia_qa_validation_14480,0,0.251239,1
trivia_qa,qwq-32b,trivia_qa_validation_14210,1,0.887416,4
trivia_qa,qwq-32b,trivia_qa_validation_14435,1,0.841068,2
trivia_qa,qwq-32b,trivia_qa_validation_01155,1,0.848304,1
trivia_qa,qwq-32b,trivia_qa_validation_05645,0,0.182075,3
trivia_qa,qwq-32b,trivia_qa_validation_12517,1,0.861666,3
trivia_qa,qwq-32b,trivia_qa_validation_00610,1,0.533205,2
trivia_qa,qwq-32b,trivia_qa_validation_00452,1,0.914107,1
trivia_qa,qwq-32b,trivia_qa_validation_07470,1,0.886198,2
trivia_qa,qwq-32b,trivia_qa_validation_08144,1,0.9151,2
trivia_qa,qwq-32b,trivia_qa_validation_16340,0,0.487492,5
trivia_qa,qwq-32b,trivia_qa_validation_12679,0,0.114305,4
trivia_qa,qwq-32b,trivia_qa_validation_12764,1,0.810886,5
trivia_qa,qwq-32b,trivia_qa_validation_04640,0,0.212987,2
trivia_qa,qwq-32b,trivia_qa_validation_02844,1,0.885448,3
trivia_qa,qwq-32b,trivia_qa_validation_09230,1,0.854125,3
trivia_qa,qwq-32b,trivia_qa_validation_06552,1,0.745541,2
trivia_qa,qwq-32b,trivia_qa_validation_06454,1,0.80139,5
trivia_qa,qwq-32b,trivia_qa_validation_14637,1,0.901552,4
trivia_qa,qwq-32b,trivia_qa_validation_14365,1,0.902914,2
trivia_qa,qwq-32b,trivia_qa_validation_05184,1,0.890417,5
trivia_qa,qwq-32b,trivia_qa_validation_03696,1,0.854084,5
trivia_qa,qwq-32b,trivia_qa_validation_09642,1,0.931183,4
trivia_qa,qwq-32b,trivia_qa_validation_15552,1,0.681146,4
trivia_qa,qwq-32b,trivia_qa_validation_17529,0,0.835236,5
trivia_qa,qwq-32b,trivia_qa_validation_15824,1,0.868884,5
trivia_qa,qwq-32b,trivia_qa_validation_11432,1,0.888538,5
trivia_qa,qwq-32b,trivia_qa_validation_00088,1,0.840484,5
trivia_qa,qwq-32b,trivia_qa_validation_05568,0,0.564,3
trivia_qa,qwq-32b,trivia_qa_validation_05297,1,0.818345,1
trivia_qa,qwq-32b,trivia_qa_validation_05647,0,0.184899,3
trivia_qa,qwq-32b,trivia_qa_validation_04428,0,0.733524,1
trivia_qa,qwq-32b,trivia_qa_validation_15982,1,0.897859,4
trivia_qa,qwq-32b,trivia_qa_validation_01628,1,0.895811,2
trivia_qa,qwq-32b,trivia_qa_validation_06553,1,0.866915,4
trivia_qa,qwq-32b,trivia_qa_validation_02460,1,0.842026,2
trivia_qa,qwq-32b,trivia_qa_validation_16893,0,0.831801,3
trivia_qa,qwq-32b,trivia_qa_validation_12938,0,0.89761,5
trivia_qa,qwq-32b,trivia_qa_validation_12748,1,0.891996,3
trivia_qa,qwq-32b,trivia_qa_validation_04674,1,0.878388,2
trivia_qa,qwq-32b,trivia_qa_validation_00758,1,0.832354,5
trivia_qa,qwq-32b,trivia_qa_validation_06687,1,0.864431,3
trivia_qa,qwq-32b,trivia_qa_validation_17653,1,0.856786,3
trivia_qa,qwq-32b,trivia_qa_validation_00839,1,0.848181,5
trivia_qa,qwq-32b,trivia_qa_validation_15618,1,0.741131,4
trivia_qa,qwq-32b,trivia_qa_validation_17514,1,0.874636,2
trivia_qa,qwq-32b,trivia_qa_validation_09712,1,0.886082,5
trivia_qa,qwq-32b,trivia_qa_validation_06599,1,0.906944,4
trivia_qa,qwq-32b,trivia_qa_validation_13957,1,0.853263,2
trivia_qa,qwq-32b,trivia_qa_validation_09104,0,0.234295,5
trivia_qa,qwq-32b,trivia_qa_validation_15841,1,0.879924,5
trivia_qa,qwq-32b,trivia_qa_validation_12985,0,0.736296,5
trivia_qa,qwq-32b,trivia_qa_validation_16562,1,0.868093,5
trivia_qa,qwq-32b,trivia_qa_validation_12540,1,0.910915,1
trivia_qa,qwq-32b,trivia_qa_validation_17711,1,0.853836,5
trivia_qa,qwq-32b,trivia_qa_validation_02769,1,0.863756,4
trivia_qa,qwq-32b,trivia_qa_validation_03117,1,0.907522,1
trivia_qa,qwq-32b,trivia_qa_validation_06956,1,0.877438,1
trivia_qa,qwq-32b,trivia_qa_validation_17234,1,0.852258,3
trivia_qa,qwq-32b,trivia_qa_validation_17834,1,0.905661,5
trivia_qa,qwq-32b,trivia_qa_validation_11451,0,0.017044,2
trivia_qa,qwq-32b,trivia_qa_validation_07698,0,0.445428,2
trivia_qa,qwq-32b,trivia_qa_validation_06495,1,0.869871,1
trivia_qa,qwq-32b,trivia_qa_validation_02834,1,0.872487,1
trivia_qa,qwq-32b,trivia_qa_validation_13215,1,0.903725,2
trivia_qa,qwq-32b,trivia_qa_validation_09253,0,0.129836,1
trivia_qa,qwq-32b,trivia_qa_validation_03995,0,0.878794,2
trivia_qa,qwq-32b,trivia_qa_validation_06321,0,0.849876,4
trivia_qa,qwq-32b,trivia_qa_validation_09116,0,0.311508,3
trivia_qa,qwq-32b,trivia_qa_validation_00264,1,0.868274,3
trivia_qa,qwq-32b,trivia_qa_validation_07058,1,0.893123,5
trivia_qa,qwq-32b,trivia_qa_validation_03040,1,0.902551,2
trivia_qa,qwq-32b,trivia_qa_validation_05423,1,0.890531,5
trivia_qa,qwq-32b,trivia_qa_validation_08007,0,0.716231,3
trivia_qa,qwq-32b,trivia_qa_validation_17843,1,0.867666,4
trivia_qa,qwq-32b,trivia_qa_validation_12090,0,0.11526,1
trivia_qa,qwq-32b,trivia_qa_validation_02437,1,0.921227,4
trivia_qa,qwq-32b,trivia_qa_validation_00957,0,0.463113,5
trivia_qa,qwq-32b,trivia_qa_validation_05479,0,0.777281,2
trivia_qa,qwq-32b,trivia_qa_validation_09597,1,0.597032,4
trivia_qa,qwq-32b,trivia_qa_validation_07565,1,0.485633,1
trivia_qa,qwq-32b,trivia_qa_validation_08330,1,0.903835,4
trivia_qa,qwq-32b,trivia_qa_validation_14621,0,0.09818,5
trivia_qa,qwq-32b,trivia_qa_validation_11057,0,0.611206,2
trivia_qa,qwq-32b,trivia_qa_validation_04630,0,0.043087,4
trivia_qa,qwq-32b,trivia_qa_validation_12501,1,0.849753,1
trivia_qa,qwq-32b,trivia_qa_validation_17026,0,0.598475,4
trivia_qa,qwq-32b,trivia_qa_validation_00046,1,0.87869,2
trivia_qa,qwq-32b,trivia_qa_validation_00015,0,0.846014,5
trivia_qa,qwq-32b,trivia_qa_validation_04598,1,0.906995,2
trivia_qa,qwq-32b,trivia_qa_validation_09123,1,0.779678,3
trivia_qa,qwq-32b,trivia_qa_validation_14269,1,0.79317,4
trivia_qa,qwq-32b,trivia_qa_validation_16115,1,0.918197,4
trivia_qa,qwq-32b,trivia_qa_validation_11593,0,0.873659,1
trivia_qa,qwq-32b,trivia_qa_validation_16436,1,0.872301,3
trivia_qa,qwq-32b,trivia_qa_validation_12960,1,0.912975,1
trivia_qa,qwq-32b,trivia_qa_validation_12299,1,0.754753,1
trivia_qa,qwq-32b,trivia_qa_validation_07338,1,0.865845,4
trivia_qa,qwq-32b,trivia_qa_validation_17206,0,0.889958,4
trivia_qa,qwq-32b,trivia_qa_validation_00045,1,0.895659,4
trivia_qa,qwq-32b,trivia_qa_validation_01317,1,0.874073,5
trivia_qa,qwq-32b,trivia_qa_validation_16223,1,0.934311,2
trivia_qa,qwq-32b,trivia_qa_validation_01824,0,0.849299,2
trivia_qa,qwq-32b,trivia_qa_validation_15704,0,0.889073,2
trivia_qa,qwq-32b,trivia_qa_validation_02305,1,0.866376,5
trivia_qa,qwq-32b,trivia_qa_validation_04047,1,0.557014,3
trivia_qa,qwq-32b,trivia_qa_validation_11337,1,0.827595,4
trivia_qa,qwq-32b,trivia_qa_validation_03987,1,0.90347,2
trivia_qa,qwq-32b,trivia_qa_validation_07019,1,0.859376,4
trivia_qa,qwq-32b,trivia_qa_validation_02002,0,0.013856,1
trivia_qa,qwq-32b,trivia_qa_validation_08224,0,0.610798,5
trivia_qa,qwq-32b,trivia_qa_validation_13481,1,0.836896,4
trivia_qa,qwq-32b,trivia_qa_validation_14229,1,0.861074,2
trivia_qa,qwq-32b,trivia_qa_validation_13625,0,0.801608,5
trivia_qa,qwq-32b,trivia_qa_validation_12554,1,0.89736,5
trivia_qa,qwq-32b,trivia_qa_validation_03119,0,0.870825,4
trivia_qa,qwq-32b,trivia_qa_validation_09634,1,0.873439,3
trivia_qa,qwq-32b,trivia_qa_validation_08915,0,0.117025,1
trivia_qa,qwq-32b,trivia_qa_validation_10964,1,0.843126,5
trivia_qa,qwq-32b,trivia_qa_validation_07420,0,0.545797,4
trivia_qa,qwq-32b,trivia_qa_validation_13542,0,0.487138,2
trivia_qa,qwq-32b,trivia_qa_validation_11676,1,0.882364,1
trivia_qa,qwq-32b,trivia_qa_validation_17159,0,0.294549,4
trivia_qa,qwq-32b,trivia_qa_validation_09638,1,0.917813,1
trivia_qa,qwq-32b,trivia_qa_validation_07495,1,0.925453,4
trivia_qa,qwq-32b,trivia_qa_validation_09764,1,0.827218,4
trivia_qa,qwq-32b,trivia_qa_validation_05874,0,0.10039,2
trivia_qa,qwq-32b,trivia_qa_validation_01707,1,0.856757,3
trivia_qa,qwq-32b,trivia_qa_validation_03326,1,0.843569,2
trivia_qa,qwq-32b,trivia_qa_validation_02825,1,0.88294,3
trivia_qa,qwq-32b,trivia_qa_validation_06898,1,0.857261,4
trivia_qa,qwq-32b,trivia_qa_validation_03363,1,0.907902,2
trivia_qa,qwq-32b,trivia_qa_validation_00574,1,0.704594,4
trivia_qa,qwq-32b,trivia_qa_validation_09262,0,0.018854,2
trivia_qa,qwq-32b,trivia_qa_validation_08944,1,0.845556,5
trivia_qa,qwq-32b,trivia_qa_validation_05567,1,0.873887,4
trivia_qa,qwq-32b,trivia_qa_validation_03670,1,0.805218,4
trivia_qa,qwq-32b,trivia_qa_validation_15779,1,0.860208,4
trivia_qa,qwq-32b,trivia_qa_validation_06876,0,0.845646,3
trivia_qa,qwq-32b,trivia_qa_validation_13180,1,0.858073,5
trivia_qa,qwq-32b,trivia_qa_validation_00954,1,0.872505,2
trivia_qa,qwq-32b,trivia_qa_validation_04642,1,0.696934,4
trivia_qa,qwq-32b,trivia_qa_validation_11008,1,0.296506,3
trivia_qa,qwq-32b,trivia_qa_validation_11755,0,0.111348,5
trivia_qa,qwq-32b,trivia_qa_validation_08976,1,0.468998,4
trivia_qa,qwq-32b,trivia_qa_validation_03526,1,0.894135,3
trivia_qa,qwq-32b,trivia_qa_validation_05359,1,0.915002,2
trivia_qa,qwq-32b,trivia_qa_validation_05831,0,0.015685,3
trivia_qa,qwq-32b,trivia_qa_validation_12222,1,0.741115,1
trivia_qa,qwq-32b,trivia_qa_validation_02413,1,0.865027,5
trivia_qa,qwq-32b,trivia_qa_validation_00559,1,0.841788,1
trivia_qa,qwq-32b,trivia_qa_validation_11322,0,0.060694,1
trivia_qa,qwq-32b,trivia_qa_validation_12263,0,0.175878,3
trivia_qa,qwq-32b,trivia_qa_validation_07375,1,0.905812,2
trivia_qa,qwq-32b,trivia_qa_validation_11180,1,0.152915,2
trivia_qa,qwq-32b,trivia_qa_validation_14609,0,0.83882,5
trivia_qa,qwq-32b,trivia_qa_validation_16983,1,0.832335,3
trivia_qa,qwq-32b,trivia_qa_validation_03035,0,0.836445,2
trivia_qa,qwq-32b,trivia_qa_validation_10195,1,0.82573,4
trivia_qa,qwq-32b,trivia_qa_validation_04029,1,0.855396,4
trivia_qa,qwq-32b,trivia_qa_validation_04916,1,0.856801,1
trivia_qa,qwq-32b,trivia_qa_validation_04652,1,0.890541,3
trivia_qa,qwq-32b,trivia_qa_validation_03007,1,0.841308,3
trivia_qa,qwq-32b,trivia_qa_validation_00968,1,0.844301,3
trivia_qa,qwq-32b,trivia_qa_validation_06380,1,0.81453,3
trivia_qa,qwq-32b,trivia_qa_validation_13769,1,0.885855,2
trivia_qa,qwq-32b,trivia_qa_validation_07125,1,0.915835,3
trivia_qa,qwq-32b,trivia_qa_validation_00810,1,0.455208,1
trivia_qa,qwq-32b,trivia_qa_validation_04212,1,0.362004,2
trivia_qa,qwq-32b,trivia_qa_validation_02642,1,0.902401,2
trivia_qa,qwq-32b,trivia_qa_validation_12833,1,0.864444,4
trivia_qa,qwq-32b,trivia_qa_validation_00192,0,0.177594,5
trivia_qa,qwq-32b,trivia_qa_validation_16982,1,0.876662,3
trivia_qa,qwq-32b,trivia_qa_validation_14641,1,0.878594,2
trivia_qa,qwq-32b,trivia_qa_validation_08669,1,0.907526,4
trivia_qa,qwq-32b,trivia_qa_validation_06037,0,0.063954,1
trivia_qa,qwq-32b,trivia_qa_validation_15439,1,0.834425,2
trivia_qa,qwq-32b,trivia_qa_validation_08560,1,0.820861,5
trivia_qa,qwq-32b,trivia_qa_validation_14118,1,0.850678,5
trivia_qa,qwq-32b,trivia_qa_validation_06569,1,0.799995,2
trivia_qa,qwq-32b,trivia_qa_validation_13554,0,0.552446,5
trivia_qa,qwq-32b,trivia_qa_validation_11304,1,0.834995,5
trivia_qa,qwq-32b,trivia_qa_validation_14620,1,0.874446,1
trivia_qa,qwq-32b,trivia_qa_validation_05519,1,0.922358,1
trivia_qa,qwq-32b,trivia_qa_validation_03282,1,0.846979,3
trivia_qa,qwq-32b,trivia_qa_validation_08727,1,0.916965,4
trivia_qa,qwq-32b,trivia_qa_validation_16377,0,0.63993,1
trivia_qa,qwq-32b,trivia_qa_validation_07969,0,0.899329,1
trivia_qa,qwq-32b,trivia_qa_validation_06289,1,0.857175,4
trivia_qa,qwq-32b,trivia_qa_validation_15611,0,0.589567,3
trivia_qa,qwq-32b,trivia_qa_validation_07166,0,0.883581,5
trivia_qa,qwq-32b,trivia_qa_validation_14389,1,0.884062,2
trivia_qa,qwq-32b,trivia_qa_validation_05321,1,0.817683,5
trivia_qa,qwq-32b,trivia_qa_validation_17007,1,0.904375,4
trivia_qa,qwq-32b,trivia_qa_validation_04632,1,0.902641,5
trivia_qa,qwq-32b,trivia_qa_validation_05991,1,0.838691,4
trivia_qa,qwq-32b,trivia_qa_validation_00184,0,0.553557,3
trivia_qa,qwq-32b,trivia_qa_validation_09763,1,0.8352,3
trivia_qa,qwq-32b,trivia_qa_validation_09518,0,0.041663,4
trivia_qa,qwq-32b,trivia_qa_validation_16639,1,0.901625,5
trivia_qa,qwq-32b,trivia_qa_validation_09224,0,0.017357,3
trivia_qa,qwq-32b,trivia_qa_validation_17608,1,0.644053,4
trivia_qa,qwq-32b,trivia_qa_validation_06330,1,0.896208,2
trivia_qa,qwq-32b,trivia_qa_validation_15429,1,0.831177,4
trivia_qa,qwq-32b,trivia_qa_validation_05586,1,0.838468,4
trivia_qa,qwq-32b,trivia_qa_validation_10691,0,0.82148,3
trivia_qa,qwq-32b,trivia_qa_validation_15504,1,0.889084,1
trivia_qa,qwq-32b,trivia_qa_validation_12758,1,0.905635,2
trivia_qa,qwq-32b,trivia_qa_validation_04935,0,0.235338,1
trivia_qa,qwq-32b,trivia_qa_validation_12705,0,0.242633,2
trivia_qa,qwq-32b,trivia_qa_validation_10307,1,0.874817,5
trivia_qa,qwq-32b,trivia_qa_validation_16861,1,0.499918,3
trivia_qa,qwq-32b,trivia_qa_validation_04311,1,0.617878,2
trivia_qa,qwq-32b,trivia_qa_validation_01872,0,0.015288,5
trivia_qa,qwq-32b,trivia_qa_validation_15578,1,0.860593,5
trivia_qa,qwq-32b,trivia_qa_validation_05318,1,0.910071,3
trivia_qa,qwq-32b,trivia_qa_validation_12207,1,0.893676,3
trivia_qa,qwq-32b,trivia_qa_validation_11540,1,0.864831,5
trivia_qa,qwq-32b,trivia_qa_validation_14213,1,0.884887,3
trivia_qa,qwq-32b,trivia_qa_validation_02288,0,0.872179,2
trivia_qa,qwq-32b,trivia_qa_validation_02457,0,0.320314,1
trivia_qa,qwq-32b,trivia_qa_validation_02449,1,0.896827,2
trivia_qa,qwq-32b,trivia_qa_validation_03143,0,0.848939,1
trivia_qa,qwq-32b,trivia_qa_validation_10312,1,0.913276,3
trivia_qa,qwq-32b,trivia_qa_validation_07733,1,0.913348,3
trivia_qa,qwq-32b,trivia_qa_validation_13133,1,0.523435,3
trivia_qa,qwq-32b,trivia_qa_validation_12205,0,0.587251,3
trivia_qa,qwq-32b,trivia_qa_validation_04417,1,0.485144,2
trivia_qa,qwq-32b,trivia_qa_validation_04688,1,0.893441,5
trivia_qa,qwq-32b,trivia_qa_validation_00576,1,0.90693,5
trivia_qa,qwq-32b,trivia_qa_validation_01269,1,0.907653,4
trivia_qa,qwq-32b,trivia_qa_validation_12288,0,0.747279,4
trivia_qa,qwq-32b,trivia_qa_validation_12614,0,0.666654,4
trivia_qa,qwq-32b,trivia_qa_validation_06335,1,0.298949,3
trivia_qa,qwq-32b,trivia_qa_validation_09625,1,0.893668,4
trivia_qa,qwq-32b,trivia_qa_validation_05731,1,0.141513,5
trivia_qa,qwq-32b,trivia_qa_validation_06659,0,0.900147,1
trivia_qa,qwq-32b,trivia_qa_validation_06410,0,0.042805,5
trivia_qa,qwq-32b,trivia_qa_validation_08319,0,0.492307,4
trivia_qa,qwq-32b,trivia_qa_validation_13636,1,0.845231,5
trivia_qa,qwq-32b,trivia_qa_validation_07588,1,0.848263,5
trivia_qa,qwq-32b,trivia_qa_validation_00382,0,0.768529,1
trivia_qa,qwq-32b,trivia_qa_validation_06409,1,0.87779,1
trivia_qa,qwq-32b,trivia_qa_validation_08139,1,0.892247,2
trivia_qa,qwq-32b,trivia_qa_validation_16555,1,0.876544,2
trivia_qa,qwq-32b,trivia_qa_validation_08816,1,0.753771,4
trivia_qa,qwq-32b,trivia_qa_validation_01660,1,0.871147,1
trivia_qa,qwq-32b,trivia_qa_validation_06551,1,0.887319,4
trivia_qa,qwq-32b,trivia_qa_validation_11168,0,0.433849,1
trivia_qa,qwq-32b,trivia_qa_validation_08325,1,0.87423,2
trivia_qa,qwq-32b,trivia_qa_validation_11958,0,0.727867,3
trivia_qa,qwq-32b,trivia_qa_validation_02824,1,0.862297,5
trivia_qa,qwq-32b,trivia_qa_validation_08656,0,0.573074,4
trivia_qa,qwq-32b,trivia_qa_validation_10866,1,0.899028,5
trivia_qa,qwq-32b,trivia_qa_validation_05539,0,0.200778,2
trivia_qa,qwq-32b,trivia_qa_validation_09236,1,0.876168,5
trivia_qa,qwq-32b,trivia_qa_validation_10550,1,0.807232,1
trivia_qa,qwq-32b,trivia_qa_validation_14475,1,0.90802,2
trivia_qa,qwq-32b,trivia_qa_validation_03911,0,0.131148,2
trivia_qa,qwq-32b,trivia_qa_validation_01244,1,0.89347,4
trivia_qa,qwq-32b,trivia_qa_validation_09996,1,0.85284,5
trivia_qa,qwq-32b,trivia_qa_validation_07510,1,0.778145,5
trivia_qa,qwq-32b,trivia_qa_validation_11128,0,0.107241,3
trivia_qa,qwq-32b,trivia_qa_validation_05526,1,0.876955,2
trivia_qa,qwq-32b,trivia_qa_validation_16310,1,0.868444,3
trivia_qa,qwq-32b,trivia_qa_validation_17912,1,0.882922,3
trivia_qa,qwq-32b,trivia_qa_validation_03045,1,0.848755,5
trivia_qa,qwq-32b,trivia_qa_validation_01048,0,0.05314,2
trivia_qa,qwq-32b,trivia_qa_validation_17468,0,0.161372,5
trivia_qa,qwq-32b,trivia_qa_validation_16448,1,0.617864,2
trivia_qa,qwq-32b,trivia_qa_validation_03998,1,0.895049,1
trivia_qa,qwq-32b,trivia_qa_validation_08162,1,0.522961,5
trivia_qa,qwq-32b,trivia_qa_validation_01813,1,0.884712,4
trivia_qa,qwq-32b,trivia_qa_validation_06827,0,0.880757,4
trivia_qa,qwq-32b,trivia_qa_validation_11844,1,0.872944,1
trivia_qa,qwq-32b,trivia_qa_validation_01305,0,0.047671,4
trivia_qa,qwq-32b,trivia_qa_validation_09774,1,0.901892,5
trivia_qa,qwq-32b,trivia_qa_validation_14858,1,0.859155,3
trivia_qa,qwq-32b,trivia_qa_validation_15970,1,0.865268,4
trivia_qa,qwq-32b,trivia_qa_validation_09881,1,0.916142,1
trivia_qa,qwq-32b,trivia_qa_validation_01887,0,0.700448,1
trivia_qa,qwq-32b,trivia_qa_validation_03596,1,0.874068,1
trivia_qa,qwq-32b,trivia_qa_validation_17095,1,0.876085,2
trivia_qa,qwq-32b,trivia_qa_validation_04736,1,0.919234,1
trivia_qa,qwq-32b,trivia_qa_validation_09426,0,0.414024,5
trivia_qa,qwq-32b,trivia_qa_validation_06297,1,0.917975,1
trivia_qa,qwq-32b,trivia_qa_validation_01243,0,0.097779,1
trivia_qa,qwq-32b,trivia_qa_validation_13654,0,0.841737,4
trivia_qa,qwq-32b,trivia_qa_validation_08293,0,0.890896,1
trivia_qa,qwq-32b,trivia_qa_validation_03167,1,0.920118,5
trivia_qa,qwq-32b,trivia_qa_validation_07979,1,0.882949,2
trivia_qa,qwq-32b,trivia_qa_validation_04874,1,0.88684,4
trivia_qa,qwq-32b,trivia_qa_validation_05256,1,0.864692,3
trivia_qa,qwq-32b,trivia_qa_validation_16478,1,0.901978,3
trivia_qa,qwq-32b,trivia_qa_validation_06008,0,0.635629,2
trivia_qa,qwq-32b,trivia_qa_validation_07853,1,0.513081,4
trivia_qa,qwq-32b,trivia_qa_validation_01757,1,0.591565,3
trivia_qa,qwq-32b,trivia_qa_validation_00254,0,0.916374,3
trivia_qa,qwq-32b,trivia_qa_validation_09503,1,0.641999,4
trivia_qa,qwq-32b,trivia_qa_validation_08256,0,0.136698,2
trivia_qa,qwq-32b,trivia_qa_validation_00165,1,0.851177,2
trivia_qa,qwq-32b,trivia_qa_validation_05923,0,0.184254,5
trivia_qa,qwq-32b,trivia_qa_validation_14833,1,0.885152,1
trivia_qa,qwq-32b,trivia_qa_validation_11739,1,0.894318,4
trivia_qa,qwq-32b,trivia_qa_validation_14837,1,0.798955,1
trivia_qa,qwq-32b,trivia_qa_validation_13216,1,0.881159,5
trivia_qa,qwq-32b,trivia_qa_validation_06785,1,0.325918,4
trivia_qa,qwq-32b,trivia_qa_validation_10282,1,0.101242,1
trivia_qa,qwq-32b,trivia_qa_validation_05089,0,0.901856,4
trivia_qa,qwq-32b,trivia_qa_validation_06908,1,0.670938,1
trivia_qa,qwq-32b,trivia_qa_validation_15553,1,0.883462,2
trivia_qa,qwq-32b,trivia_qa_validation_07316,1,0.81446,1
trivia_qa,qwq-32b,trivia_qa_validation_03888,1,0.923245,4
trivia_qa,qwq-32b,trivia_qa_validation_09916,1,0.8802,3
trivia_qa,qwq-32b,trivia_qa_validation_12738,0,0.771215,5
trivia_qa,qwq-32b,trivia_qa_validation_03099,0,0.606899,1
trivia_qa,qwq-32b,trivia_qa_validation_15150,0,0.125464,1
trivia_qa,qwq-32b,trivia_qa_validation_10944,1,0.526064,2
trivia_qa,qwq-32b,trivia_qa_validation_04194,1,0.607697,2
trivia_qa,qwq-32b,trivia_qa_validation_00552,1,0.878195,1
trivia_qa,qwq-32b,trivia_qa_validation_02570,1,0.814783,3
trivia_qa,qwq-32b,trivia_qa_validation_07163,0,0.856666,5
trivia_qa,qwq-32b,trivia_qa_validation_00416,1,0.307856,3
trivia_qa,qwq-32b,trivia_qa_validation_06215,1,0.805281,2
trivia_qa,qwq-32b,trivia_qa_validation_11403,1,0.913367,4
trivia_qa,qwq-32b,trivia_qa_validation_01583,1,0.813991,4
trivia_qa,qwq-32b,trivia_qa_validation_07236,1,0.865484,5
trivia_qa,qwq-32b,trivia_qa_validation_02418,1,0.873627,2
trivia_qa,qwq-32b,trivia_qa_validation_02307,1,0.899513,2
trivia_qa,qwq-32b,trivia_qa_validation_17862,1,0.897929,2
trivia_qa,qwq-32b,trivia_qa_validation_03564,1,0.886538,5
trivia_qa,qwq-32b,trivia_qa_validation_14532,0,0.141333,3
trivia_qa,qwq-32b,trivia_qa_validation_15759,1,0.714688,3
trivia_qa,qwq-32b,trivia_qa_validation_03231,1,0.912791,4
trivia_qa,qwq-32b,trivia_qa_validation_08321,1,0.856255,1
trivia_qa,qwq-32b,trivia_qa_validation_11548,0,0.021171,3
trivia_qa,qwq-32b,trivia_qa_validation_05774,1,0.872607,5
trivia_qa,qwq-32b,trivia_qa_validation_11957,1,0.920632,3
trivia_qa,qwq-32b,trivia_qa_validation_08244,1,0.85566,1
trivia_qa,qwq-32b,trivia_qa_validation_05419,1,0.878798,5
trivia_qa,qwq-32b,trivia_qa_validation_14522,1,0.864685,5
trivia_qa,qwq-32b,trivia_qa_validation_02106,0,0.175123,2
trivia_qa,qwq-32b,trivia_qa_validation_12553,1,0.851359,1
trivia_qa,qwq-32b,trivia_qa_validation_08926,1,0.85265,2
trivia_qa,qwq-32b,trivia_qa_validation_15063,1,0.756262,1
trivia_qa,qwq-32b,trivia_qa_validation_14942,0,0.849963,2
trivia_qa,qwq-32b,trivia_qa_validation_06729,1,0.832646,4
trivia_qa,qwq-32b,trivia_qa_validation_04822,0,0.880229,2
trivia_qa,qwq-32b,trivia_qa_validation_02890,1,0.911967,4
trivia_qa,qwq-32b,trivia_qa_validation_13779,1,0.883659,4
trivia_qa,qwq-32b,trivia_qa_validation_08187,0,0.077986,3
trivia_qa,qwq-32b,trivia_qa_validation_14359,1,0.87856,3
trivia_qa,qwq-32b,trivia_qa_validation_01700,1,0.63558,1
trivia_qa,qwq-32b,trivia_qa_validation_15638,1,0.852057,3
trivia_qa,qwq-32b,trivia_qa_validation_03362,0,0.074281,4
trivia_qa,qwq-32b,trivia_qa_validation_04721,1,0.606472,5
trivia_qa,qwq-32b,trivia_qa_validation_03303,1,0.894955,3
trivia_qa,qwq-32b,trivia_qa_validation_06978,1,0.504824,2
trivia_qa,qwq-32b,trivia_qa_validation_16241,1,0.909733,1
trivia_qa,qwq-32b,trivia_qa_validation_17918,1,0.651022,3
trivia_qa,qwq-32b,trivia_qa_validation_15357,1,0.906101,5
trivia_qa,qwq-32b,trivia_qa_validation_06211,1,0.888912,3
trivia_qa,qwq-32b,trivia_qa_validation_11926,1,0.83042,2
trivia_qa,qwq-32b,trivia_qa_validation_03640,1,0.871005,2
trivia_qa,qwq-32b,trivia_qa_validation_03927,1,0.902547,5
trivia_qa,qwq-32b,trivia_qa_validation_14928,0,0.357422,5
trivia_qa,qwq-32b,trivia_qa_validation_12834,1,0.912582,4
trivia_qa,qwq-32b,trivia_qa_validation_09497,0,0.686322,4
trivia_qa,qwq-32b,trivia_qa_validation_02033,1,0.866414,5
trivia_qa,qwq-32b,trivia_qa_validation_03233,1,0.273105,4
trivia_qa,qwq-32b,trivia_qa_validation_10014,1,0.843006,2
trivia_qa,qwq-32b,trivia_qa_validation_15187,1,0.867513,5
trivia_qa,qwq-32b,trivia_qa_validation_08965,0,0.841295,2
trivia_qa,qwq-32b,trivia_qa_validation_01385,1,0.781552,5
trivia_qa,qwq-32b,trivia_qa_validation_05066,1,0.886469,2
trivia_qa,qwq-32b,trivia_qa_validation_12559,1,0.850689,4
trivia_qa,qwq-32b,trivia_qa_validation_06603,1,0.912034,4
trivia_qa,qwq-32b,trivia_qa_validation_08453,1,0.90467,1
trivia_qa,qwq-32b,trivia_qa_validation_14931,1,0.781734,4
trivia_qa,qwq-32b,trivia_qa_validation_15106,1,0.88629,5
trivia_qa,qwq-32b,trivia_qa_validation_08675,1,0.855944,2
trivia_qa,qwq-32b,trivia_qa_validation_10591,0,0.033167,4
trivia_qa,qwq-32b,trivia_qa_validation_03936,1,0.928236,1
trivia_qa,qwq-32b,trivia_qa_validation_11173,1,0.82273,3
trivia_qa,qwq-32b,trivia_qa_validation_00846,1,0.746734,4
trivia_qa,qwq-32b,trivia_qa_validation_03873,1,0.892374,2
trivia_qa,qwq-32b,trivia_qa_validation_03973,1,0.919159,3
trivia_qa,qwq-32b,trivia_qa_validation_02775,0,0.175317,5
trivia_qa,qwq-32b,trivia_qa_validation_10251,1,0.874871,2
trivia_qa,qwq-32b,trivia_qa_validation_05687,0,0.491466,5
trivia_qa,qwq-32b,trivia_qa_validation_09848,1,0.907662,3
trivia_qa,qwq-32b,trivia_qa_validation_06820,1,0.839109,4
trivia_qa,qwq-32b,trivia_qa_validation_14907,0,0.853283,3
trivia_qa,qwq-32b,trivia_qa_validation_08421,1,0.889136,4
trivia_qa,qwq-32b,trivia_qa_validation_11989,1,0.916533,3
trivia_qa,qwq-32b,trivia_qa_validation_07038,0,0.872727,2
trivia_qa,qwq-32b,trivia_qa_validation_03319,1,0.89903,3
trivia_qa,qwq-32b,trivia_qa_validation_02548,1,0.319444,5
trivia_qa,qwq-32b,trivia_qa_validation_04261,0,0.55354,3
trivia_qa,qwq-32b,trivia_qa_validation_10175,1,0.9128,1
trivia_qa,qwq-32b,trivia_qa_validation_14853,1,0.869856,5
trivia_qa,qwq-32b,trivia_qa_validation_07931,1,0.416605,1
trivia_qa,qwq-32b,trivia_qa_validation_09718,1,0.768615,3
trivia_qa,qwq-32b,trivia_qa_validation_05292,0,0.019299,1
trivia_qa,qwq-32b,trivia_qa_validation_13456,1,0.928213,1
trivia_qa,qwq-32b,trivia_qa_validation_09330,1,0.455734,4
trivia_qa,qwq-32b,trivia_qa_validation_08852,0,0.177517,5
trivia_qa,qwq-32b,trivia_qa_validation_07136,0,0.375443,5
trivia_qa,qwq-32b,trivia_qa_validation_14543,1,0.206584,3
trivia_qa,qwq-32b,trivia_qa_validation_12564,1,0.878508,2
trivia_qa,qwq-32b,trivia_qa_validation_02672,1,0.825542,4
trivia_qa,qwq-32b,trivia_qa_validation_01604,1,0.915707,1
trivia_qa,qwq-32b,trivia_qa_validation_07684,1,0.877426,5
trivia_qa,qwq-32b,trivia_qa_validation_01782,0,0.336605,1
trivia_qa,qwq-32b,trivia_qa_validation_17582,1,0.90216,1
trivia_qa,qwq-32b,trivia_qa_validation_16071,0,0.242944,4
trivia_qa,qwq-32b,trivia_qa_validation_02529,1,0.587046,1
trivia_qa,qwq-32b,trivia_qa_validation_06312,0,0.142596,5
trivia_qa,qwq-32b,trivia_qa_validation_15880,0,0.033091,2
trivia_qa,qwq-32b,trivia_qa_validation_11305,0,0.041612,5
trivia_qa,qwq-32b,trivia_qa_validation_13979,1,0.857883,1
trivia_qa,qwq-32b,trivia_qa_validation_13336,1,0.888245,2
trivia_qa,qwq-32b,trivia_qa_validation_08509,1,0.890487,4
trivia_qa,qwq-32b,trivia_qa_validation_13845,1,0.883868,1
medqa,qwen3-4b-nothink,medqa_test_00990,0,0.821961,1
medqa,qwen3-4b-nothink,medqa_test_00202,0,0.549957,5
medqa,qwen3-4b-nothink,medqa_test_01258,1,0.385565,5
medqa,qwen3-4b-nothink,medqa_test_00277,1,0.779022,2
medqa,qwen3-4b-nothink,medqa_test_00427,1,0.778871,4
medqa,qwen3-4b-nothink,medqa_test_00015,0,0.605863,2
medqa,qwen3-4b-nothink,medqa_test_01202,1,0.826863,2
medqa,qwen3-4b-nothink,medqa_test_01027,1,0.922103,4
medqa,qwen3-4b-nothink,medqa_test_00827,1,0.779867,2
medqa,qwen3-4b-nothink,medqa_test_00503,1,0.418255,1
medqa,qwen3-4b-nothink,medqa_test_00325,1,0.790368,5
medqa,qwen3-4b-nothink,medqa_test_00681,1,0.767755,3
medqa,qwen3-4b-nothink,medqa_test_00932,0,0.588437,3
medqa,qwen3-4b-nothink,medqa_test_00387,1,0.773746,2
medqa,qwen3-4b-nothink,medqa_test_00235,1,0.782009,2
medqa,qwen3-4b-nothink,medqa_test_00066,1,0.782026,1
medqa,qwen3-4b-nothink,medqa_test_00347,1,0.724462,1
medqa,qwen3-4b-nothink,medqa_test_00442,0,0.480005,1
medqa,qwen3-4b-nothink,medqa_test_01121,1,0.685839,3
medqa,qwen3-4b-nothink,medqa_test_00376,1,0.438278,3
medqa,qwen3-4b-nothink,medqa_test_00035,1,0.803164,3
medqa,qwen3-4b-nothink,medqa_test_00332,1,0.790184,3
medqa,qwen3-4b-nothink,medqa_test_00400,1,0.497836,2
medqa,qwen3-4b-nothink,medqa_test_01145,1,0.805619,5
medqa,qwen3-4b-nothink,medqa_test_00975,1,0.854574,3
medqa,qwen3-4b-nothink,medqa_test_00950,1,0.609886,5
medqa,qwen3-4b-nothink,medqa_test_00825,0,0.684915,3
medqa,qwen3-4b-nothink,medqa_test_00845,1,0.76751,2
medqa,qwen3-4b-nothink,medqa_test_00802,0,0.510503,5
medqa,qwen3-4b-nothink,medqa_test_00650,1,0.78191,4
medqa,qwen3-4b-nothink,medqa_test_00540,0,0.638624,3
medqa,qwen3-4b-nothink,medqa_test_00796,1,0.660928,5
medqa,qwen3-4b-nothink,medqa_test_00002,1,0.747235,2
medqa,qwen3-4b-nothink,medqa_test_00395,1,0.818119,2
medqa,qwen3-4b-nothink,medqa_test_00464,1,0.711589,1
medqa,qwen3-4b-nothink,medqa_test_00331,1,0.777325,4
medqa,qwen3-4b-nothink,medqa_test_00959,1,0.758252,3
medqa,qwen3-4b-nothink,medqa_test_00761,0,0.254841,4
medqa,qwen3-4b-nothink,medqa_test_00454,0,0.462154,3
medqa,qwen3-4b-nothink,medqa_test_00107,1,0.533488,4
medqa,qwen3-4b-nothink,medqa_test_00920,1,0.776742,3
medqa,qwen3-4b-nothink,medqa_test_00528,0,0.470248,2
medqa,qwen3-4b-nothink,medqa_test_01166,1,0.824639,2
medqa,qwen3-4b-nothink,medqa_test_00187,1,0.834641,2
medqa,qwen3-4b-nothink,medqa_test_00997,1,0.756148,5
medqa,qwen3-4b-nothink,medqa_test_00371,0,0.601,1
medqa,qwen3-4b-nothink,medqa_test_01142,0,0.691996,5
medqa,qwen3-4b-nothink,medqa_test_00586,1,0.569272,4
medqa,qwen3-4b-nothink,medqa_test_00195,1,0.739688,2
medqa,qwen3-4b-nothink,medqa_test_01155,1,0.59031,2
medqa,qwen3-4b-nothink,medqa_test_00536,1,0.29188,5
medqa,qwen3-4b-nothink,medqa_test_00510,1,0.719454,4
medqa,qwen3-4b-nothink,medqa_test_00976,1,0.651777,1
medqa,qwen3-4b-nothink,medqa_test_01050,1,0.622079,3
medqa,qwen3-4b-nothink,medqa_test_00742,0,0.795406,2
medqa,qwen3-4b-nothink,medqa_test_01263,0,0.793327,5
medqa,qwen3-4b-nothink,medqa_test_00631,1,0.82216,1
medqa,qwen3-4b-nothink,medqa_test_01157,1,0.743197,3
medqa,qwen3-4b-nothink,medqa_test_00473,1,0.752753,4
medqa,qwen3-4b-nothink,medqa_test_00812,1,0.688792,3
medqa,qwen3-4b-nothink,medqa_test_00299,1,0.764467,3
medqa,qwen3-4b-nothink,medqa_test_00717,0,0.494043,2
medqa,qwen3-4b-nothink,medqa_test_00850,0,0.589097,2
medqa,qwen3-4b-nothink,medqa_test_00049,1,0.686273,4
medqa,qwen3-4b-nothink,medqa_test_00793,0,0.601111,3
medqa,qwen3-4b-nothink,medqa_test_00100,1,0.550071,2
medqa,qwen3-4b-nothink,medqa_test_00662,1,0.75228,4
medqa,qwen3-4b-nothink,medqa_test_01254,1,0.564164,4
medqa,qwen3-4b-nothink,medqa_test_01150,0,0.555639,2
medqa,qwen3-4b-nothink,medqa_test_00044,0,0.293636,3
medqa,qwen3-4b-nothink,medqa_test_00289,1,0.695599,5
medqa,qwen3-4b-nothink,medqa_test_01201,1,0.387774,2
medqa,qwen3-4b-nothink,medqa_test_00861,0,0.778719,2
medqa,qwen3-4b-nothink,medqa_test_00898,1,0.796713,3
medqa,qwen3-4b-nothink,medqa_test_00328,1,0.791528,5
medqa,qwen3-4b-nothink,medqa_test_01071,1,0.799097,1
medqa,qwen3-4b-nothink,medqa_test_01032,1,0.795205,1
medqa,qwen3-4b-nothink,medqa_test_00892,1,0.787784,5
medqa,qwen3-4b-nothink,medqa_test_00623,1,0.870423,1
medqa,qwen3-4b-nothink,medqa_test_01173,1,0.824453,2
medqa,qwen3-4b-nothink,medqa_test_00246,0,0.518975,3
medqa,qwen3-4b-nothink,medqa_test_00272,1,0.83971,3
medqa,qwen3-4b-nothink,medqa_test_00489,1,0.777595,3
medqa,qwen3-4b-nothink,medqa_test_01185,1,0.829828,1
medqa,qwen3-4b-nothink,medqa_test_01138,0,0.272156,5
medqa,qwen3-4b-nothink,medqa_test_00848,1,0.813271,5
medqa,qwen3-4b-nothink,medqa_test_00455,1,0.764322,2
medqa,qwen3-4b-nothink,medqa_test_00835,1,0.768209,2
medqa,qwen3-4b-nothink,medqa_test_00078,0,0.676112,3
medqa,qwen3-4b-nothink,medqa_test_00860,1,0.661357,2
medqa,qwen3-4b-nothink,medqa_test_00022,1,0.755937,4
medqa,qwen3-4b-nothink,medqa_test_00603,1,0.769957,5
medqa,qwen3-4b-nothink,medqa_test_00356,0,0.538713,1
medqa,qwen3-4b-nothink,medqa_test_01236,0,0.508541,2
medqa,qwen3-4b-nothink,medqa_test_00185,0,0.709303,4
medqa,qwen3-4b-nothink,medqa_test_01193,0,0.722514,5
medqa,qwen3-4b-nothink,medqa_test_00711,1,0.771475,1
medqa,qwen3-4b-nothink,medqa_test_00263,1,0.84698,5
medqa,qwen3-4b-nothink,medqa_test_00667,1,0.87217,1
medqa,qwen3-4b-nothink,medqa_test_01187,1,0.438098,5
medqa,qwen3-4b-nothink,medqa_test_00463,1,0.497895,5
medqa,qwen3-4b-nothink,medqa_test_00639,0,0.409573,3
medqa,qwen3-4b-nothink,medqa_test_00231,0,0.570516,5
medqa,qwen3-4b-nothink,medqa_test_00177,0,0.667443,3
medqa,qwen3-4b-nothink,medqa_test_00296,1,0.74764,2
medqa,qwen3-4b-nothink,medqa_test_00482,1,0.846614,3
medqa,qwen3-4b-nothink,medqa_test_01255,0,0.203255,5
medqa,qwen3-4b-nothink,medqa_test_00857,1,0.841426,3
medqa,qwen3-4b-nothink,medqa_test_01251,1,0.80173,4
medqa,qwen3-4b-nothink,medqa_test_00021,1,0.718224,1
medqa,qwen3-4b-nothink,medqa_test_00485,0,0.752173,1
medqa,qwen3-4b-nothink,medqa_test_00887,0,0.338302,2
medqa,qwen3-4b-nothink,medqa_test_00090,1,0.854813,5
medqa,qwen3-4b-nothink,medqa_test_00886,0,0.569132,4
medqa,qwen3-4b-nothink,medqa_test_01026,0,0.645042,3
medqa,qwen3-4b-nothink,medqa_test_00529,1,0.360249,3
medqa,qwen3-4b-nothink,medqa_test_00055,1,0.830514,2
medqa,qwen3-4b-nothink,medqa_test_00658,1,0.694655,1
medqa,qwen3-4b-nothink,medqa_test_00706,0,0.643899,3
medqa,qwen3-4b-nothink,medqa_test_00545,1,0.813273,3
medqa,qwen3-4b-nothink,medqa_test_00878,1,0.645773,1
medqa,qwen3-4b-nothink,medqa_test_00192,1,0.849791,3
medqa,qwen3-4b-nothink,medqa_test_00738,1,0.907066,5
medqa,qwen3-4b-nothink,medqa_test_01250,0,0.566114,5
medqa,qwen3-4b-nothink,medqa_test_01233,1,0.417493,4
medqa,qwen3-4b-nothink,medqa_test_00531,0,0.823427,1
medqa,qwen3-4b-nothink,medqa_test_00568,1,0.836205,3
medqa,qwen3-4b-nothink,medqa_test_00286,1,0.880977,4
medqa,qwen3-4b-nothink,medqa_test_00785,0,0.75648,2
medqa,qwen3-4b-nothink,medqa_test_00067,1,0.62697,3
medqa,qwen3-4b-nothink,medqa_test_01108,0,0.217425,1
medqa,qwen3-4b-nothink,medqa_test_00571,1,0.603562,4
medqa,qwen3-4b-nothink,medqa_test_00212,0,0.82678,1
medqa,qwen3-4b-nothink,medqa_test_00220,1,0.743355,4
medqa,qwen3-4b-nothink,medqa_test_01132,0,0.687438,4
medqa,qwen3-4b-nothink,medqa_test_01020,0,0.29511,3
medqa,qwen3-4b-nothink,medqa_test_00492,1,0.794576,5
medqa,qwen3-4b-nothink,medqa_test_00420,0,0.713003,2
medqa,qwen3-4b-nothink,medqa_test_00978,1,0.75355,2
medqa,qwen3-4b-nothink,medqa_test_00699,1,0.692612,2
medqa,qwen3-4b-nothink,medqa_test_00730,1,0.301373,4
medqa,qwen3-4b-nothink,medqa_test_00969,1,0.565464,1
medqa,qwen3-4b-nothink,medqa_test_00719,0,0.197863,2
medqa,qwen3-4b-nothink,medqa_test_00032,0,0.626855,3
medqa,qwen3-4b-nothink,medqa_test_00876,1,0.722196,1
medqa,qwen3-4b-nothink,medqa_test_00126,1,0.539269,1
medqa,qwen3-4b-nothink,medqa_test_00179,1,0.591041,1
medqa,qwen3-4b-nothink,medqa_test_00367,0,0.333834,1
medqa,qwen3-4b-nothink,medqa_test_00121,1,0.780561,2
medqa,qwen3-4b-nothink,medqa_test_00081,0,0.469091,2
medqa,qwen3-4b-nothink,medqa_test_00011,1,0.770226,3
medqa,qwen3-4b-nothink,medqa_test_00829,0,0.733557,5
medqa,qwen3-4b-nothink,medqa_test_01171,0,0.463801,2
medqa,qwen3-4b-nothink,medqa_test_01068,1,0.525941,1
medqa,qwen3-4b-nothink,medqa_test_01203,1,0.551418,3
medqa,qwen3-4b-nothink,medqa_test_00820,1,0.795122,2
medqa,qwen3-4b-nothink,medqa_test_01180,1,0.553128,4
medqa,qwen3-4b-nothink,medqa_test_00901,0,0.365932,4
medqa,qwen3-4b-nothink,medqa_test_01163,0,0.554377,4
medqa,qwen3-4b-nothink,medqa_test_00426,0,0.372619,1
medqa,qwen3-4b-nothink,medqa_test_01044,1,0.805604,5
medqa,qwen3-4b-nothink,medqa_test_01212,1,0.79163,1
medqa,qwen3-4b-nothink,medqa_test_00888,0,0.517393,2
medqa,qwen3-4b-nothink,medqa_test_00813,0,0.772614,4
medqa,qwen3-4b-nothink,medqa_test_01107,0,0.090062,1
medqa,qwen3-4b-nothink,medqa_test_00875,1,0.706021,2
medqa,qwen3-4b-nothink,medqa_test_00659,0,0.461682,1
medqa,qwen3-4b-nothink,medqa_test_00125,1,0.550194,2
medqa,qwen3-4b-nothink,medqa_test_00269,1,0.698332,5
medqa,qwen3-4b-nothink,medqa_test_00148,1,0.801418,1
medqa,qwen3-4b-nothink,medqa_test_00462,1,0.58065,1
medqa,qwen3-4b-nothink,medqa_test_00314,0,0.444647,3
medqa,qwen3-4b-nothink,medqa_test_00300,0,0.224179,4
medqa,qwen3-4b-nothink,medqa_test_01031,1,0.551369,5
medqa,qwen3-4b-nothink,medqa_test_00087,0,0.513798,5
medqa,qwen3-4b-nothink,medqa_test_00726,1,0.597654,1
medqa,qwen3-4b-nothink,medqa_test_00771,0,0.277792,5
medqa,qwen3-4b-nothink,medqa_test_00017,1,0.860672,4
medqa,qwen3-4b-nothink,medqa_test_00034,0,0.647316,4
medqa,qwen3-4b-nothink,medqa_test_01006,1,0.7741,2
medqa,qwen3-4b-nothink,medqa_test_00153,1,0.851562,3
medqa,qwen3-4b-nothink,medqa_test_00298,1,0.598291,5
medqa,qwen3-4b-nothink,medqa_test_00428,1,0.627395,3
medqa,qwen3-4b-nothink,medqa_test_00893,1,0.730489,3
medqa,qwen3-4b-nothink,medqa_test_00294,1,0.602514,4
medqa,qwen3-4b-nothink,medqa_test_00599,1,0.777342,4
medqa,qwen3-4b-nothink,medqa_test_01014,1,0.813383,3
medqa,qwen3-4b-nothink,medqa_test_01033,0,0.827756,1
medqa,qwen3-4b-nothink,medqa_test_00587,0,0.529878,2
medqa,qwen3-4b-nothink,medqa_test_00677,0,0.644683,4
medqa,qwen3-4b-nothink,medqa_test_01037,0,0.701428,1
medqa,qwen3-4b-nothink,medqa_test_00834,1,0.689934,3
medqa,qwen3-4b-nothink,medqa_test_01065,1,0.476106,5
medqa,qwen3-4b-nothink,medqa_test_00837,1,0.782042,5
medqa,qwen3-4b-nothink,medqa_test_01029,1,0.71463,4
medqa,qwen3-4b-nothink,medqa_test_00259,1,0.805328,2
medqa,qwen3-4b-nothink,medqa_test_00714,0,0.569941,4
medqa,qwen3-4b-nothink,medqa_test_00954,1,0.413471,5
medqa,qwen3-4b-nothink,medqa_test_00602,1,0.658269,5
medqa,qwen3-4b-nothink,medqa_test_00728,1,0.711034,1
medqa,qwen3-4b-nothink,medqa_test_00057,0,0.479921,2
medqa,qwen3-4b-nothink,medqa_test_00580,1,0.67925,3
medqa,qwen3-4b-nothink,medqa_test_01195,1,0.622823,1
medqa,qwen3-4b-nothink,medqa_test_00605,0,0.612691,4
medqa,qwen3-4b-nothink,medqa_test_00889,1,0.448083,5
medqa,qwen3-4b-nothink,medqa_test_00768,1,0.826342,1
medqa,qwen3-4b-nothink,medqa_test_00645,0,0.459485,1
medqa,qwen3-4b-nothink,medqa_test_00858,0,0.33943,1
medqa,qwen3-4b-nothink,medqa_test_01118,1,0.821228,2
medqa,qwen3-4b-nothink,medqa_test_00434,1,0.818099,2
medqa,qwen3-4b-nothink,medqa_test_00562,1,0.82578,1
medqa,qwen3-4b-nothink,medqa_test_01021,0,0.471436,4
medqa,qwen3-4b-nothink,medqa_test_00261,1,0.768457,1
medqa,qwen3-4b-nothink,medqa_test_00410,1,0.409923,1
medqa,qwen3-4b-nothink,medqa_test_00880,0,0.793591,5
medqa,qwen3-4b-nothink,medqa_test_00458,1,0.805168,3
medqa,qwen3-4b-nothink,medqa_test_00275,1,0.831015,2
medqa,qwen3-4b-nothink,medqa_test_00575,0,0.440526,5
medqa,qwen3-4b-nothink,medqa_test_00112,0,0.722841,3
medqa,qwen3-4b-nothink,medqa_test_00073,1,0.792296,3
medqa,qwen3-4b-nothink,medqa_test_00963,0,0.331853,2
medqa,qwen3-4b-nothink,medqa_test_00383,1,0.742209,3
medqa,qwen3-4b-nothink,medqa_test_00668,1,0.671356,4
medqa,qwen3-4b-nothink,medqa_test_00068,1,0.26169,5
medqa,qwen3-4b-nothink,medqa_test_00396,1,0.722184,3
medqa,qwen3-4b-nothink,medqa_test_01013,1,0.870887,5
medqa,qwen3-4b-nothink,medqa_test_00361,1,0.735032,3
medqa,qwen3-4b-nothink,medqa_test_00461,1,0.739794,1
medqa,qwen3-4b-nothink,medqa_test_00160,0,0.340714,2
medqa,qwen3-4b-nothink,medqa_test_01069,1,0.532086,2
medqa,qwen3-4b-nothink,medqa_test_00912,0,0.394878,3
medqa,qwen3-4b-nothink,medqa_test_00280,1,0.807346,2
medqa,qwen3-4b-nothink,medqa_test_00491,1,0.586997,4
medqa,qwen3-4b-nothink,medqa_test_00048,1,0.768768,1
medqa,qwen3-4b-nothink,medqa_test_01172,0,0.75869,4
medqa,qwen3-4b-nothink,medqa_test_00852,1,0.640855,4
medqa,qwen3-4b-nothink,medqa_test_00847,1,0.84147,3
medqa,qwen3-4b-nothink,medqa_test_00731,1,0.71536,3
medqa,qwen3-4b-nothink,medqa_test_01018,0,0.284298,2
medqa,qwen3-4b-nothink,medqa_test_00386,0,0.650386,3
medqa,qwen3-4b-nothink,medqa_test_00498,1,0.148005,1
medqa,qwen3-4b-nothink,medqa_test_01226,0,0.829479,3
medqa,qwen3-4b-nothink,medqa_test_00640,1,0.655412,4
medqa,qwen3-4b-nothink,medqa_test_00018,1,0.701898,2
medqa,qwen3-4b-nothink,medqa_test_00382,1,0.214346,5
medqa,qwen3-4b-nothink,medqa_test_01016,1,0.793204,4
medqa,qwen3-4b-nothink,medqa_test_00607,1,0.816111,2
medqa,qwen3-4b-nothink,medqa_test_00210,1,0.687113,5
medqa,qwen3-4b-nothink,medqa_test_00168,1,0.858301,4
medqa,qwen3-4b-nothink,medqa_test_01207,1,0.693279,3
medqa,qwen3-4b-nothink,medqa_test_01211,0,0.373161,2
medqa,qwen3-4b-nothink,medqa_test_00164,1,0.805713,3
medqa,qwen3-4b-nothink,medqa_test_00170,1,0.751305,3
medqa,qwen3-4b-nothink,medqa_test_00808,1,0.831741,3
medqa,qwen3-4b-nothink,medqa_test_00766,0,0.691037,5
medqa,qwen3-4b-nothink,medqa_test_00474,1,0.851314,4
medqa,qwen3-4b-nothink,medqa_test_00712,1,0.221977,5
medqa,qwen3-4b-nothink,medqa_test_00936,0,0.42086,5
medqa,qwen3-4b-nothink,medqa_test_01126,0,0.570255,1
medqa,qwen3-4b-nothink,medqa_test_00092,1,0.703956,1
medqa,qwen3-4b-nothink,medqa_test_01219,1,0.767223,4
medqa,qwen3-4b-nothink,medqa_test_01208,0,0.560474,4
medqa,qwen3-4b-nothink,medqa_test_00089,0,0.757038,3
medqa,qwen3-4b-nothink,medqa_test_00651,0,0.585606,5
medqa,qwen3-4b-nothink,medqa_test_01248,1,0.528309,5
medqa,qwen3-4b-nothink,medqa_test_00010,0,0.465168,4
medqa,qwen3-4b-nothink,medqa_test_00949,1,0.854423,4
medqa,qwen3-4b-nothink,medqa_test_00046,1,0.881778,3
medqa,qwen3-4b-nothink,medqa_test_01245,1,0.437232,3
medqa,qwen3-4b-nothink,medqa_test_01247,0,0.681147,5
medqa,qwen3-4b-nothink,medqa_test_00883,1,0.854676,5
medqa,qwen3-4b-nothink,medqa_test_00221,0,0.384614,3
medqa,qwen3-4b-nothink,medqa_test_00962,1,0.802848,4
medqa,qwen3-4b-nothink,medqa_test_01223,1,0.573229,5
medqa,qwen3-4b-nothink,medqa_test_00923,1,0.835795,1
medqa,qwen3-4b-nothink,medqa_test_01036,1,0.482761,4
medqa,qwen3-4b-nothink,medqa_test_01064,1,0.851506,5
medqa,qwen3-4b-nothink,medqa_test_00256,0,0.41419,1
medqa,qwen3-4b-nothink,medqa_test_00139,0,0.578828,2
medqa,qwen3-4b-nothink,medqa_test_01213,1,0.47034,2
medqa,qwen3-4b-nothink,medqa_test_00239,0,0.737728,1
medqa,qwen3-4b-nothink,medqa_test_00624,0,0.566132,1
medqa,qwen3-4b-nothink,medqa_test_00606,0,0.591851,5
medqa,qwen3-4b-nothink,medqa_test_00723,0,0.55946,2
medqa,qwen3-4b-nothink,medqa_test_00459,0,0.791471,1
medqa,qwen3-4b-nothink,medqa_test_00579,1,0.438489,2
medqa,qwen3-4b-nothink,medqa_test_00157,1,0.831261,3
medqa,qwen3-4b-nothink,medqa_test_00084,1,0.770812,4
medqa,qwen3-4b-nothink,medqa_test_00352,0,0.701116,1
medqa,qwen3-4b-nothink,medqa_test_00612,0,0.378025,5
medqa,qwen3-4b-nothink,medqa_test_00072,1,0.621786,4
medqa,qwen3-4b-nothink,medqa_test_00724,0,0.522904,5
medqa,qwen3-4b-nothink,medqa_test_00374,0,0.533144,1
medqa,qwen3-4b-nothink,medqa_test_00363,1,0.402343,1
medqa,qwen3-4b-nothink,medqa_test_00642,1,0.716242,3
medqa,qwen3-4b-nothink,medqa_test_01095,0,0.434344,4
medqa,qwen3-4b-nothink,medqa_test_01168,1,0.859539,5
medqa,qwen3-4b-nothink,medqa_test_00101,1,0.841739,5
medqa,qwen3-4b-nothink,medqa_test_00401,0,0.392603,1
medqa,qwen3-4b-nothink,medqa_test_00348,1,0.581285,2
medqa,qwen3-4b-nothink,medqa_test_00346,0,0.825273,5
medqa,qwen3-4b-nothink,medqa_test_00119,1,0.767826,2
medqa,qwen3-4b-nothink,medqa_test_00870,1,0.799126,4
medqa,qwen3-4b-nothink,medqa_test_00749,1,0.386719,3
medqa,qwen3-4b-nothink,medqa_test_00147,1,0.785655,2
medqa,qwen3-4b-nothink,medqa_test_00439,1,0.752969,3
medqa,qwen3-4b-nothink,medqa_test_00016,1,0.736732,1
medqa,qwen3-4b-nothink,medqa_test_00402,1,0.51114,1
medqa,qwen3-4b-nothink,medqa_test_00708,0,0.626016,4
medqa,qwen3-4b-nothink,medqa_test_00304,1,0.783614,5
medqa,qwen3-4b-nothink,medqa_test_00614,1,0.740202,3
medqa,qwen3-4b-nothink,medqa_test_00971,1,0.550931,5
medqa,qwen3-4b-nothink,medqa_test_00772,1,0.870878,1
medqa,qwen3-4b-nothink,medqa_test_00894,1,0.814103,3
medqa,qwen3-4b-nothink,medqa_test_00282,1,0.770534,2
medqa,qwen3-4b-nothink,medqa_test_00512,0,0.806397,2
medqa,qwen3-4b-nothink,medqa_test_00989,0,0.517971,3
medqa,qwen3-4b-nothink,medqa_test_00080,1,0.191374,5
medqa,qwen3-4b-nothink,medqa_test_01174,1,0.71316,5
medqa,qwen3-4b-nothink,medqa_test_00628,1,0.737412,4
medqa,qwen3-4b-nothink,medqa_test_00945,1,0.23604,1
medqa,qwen3-4b-nothink,medqa_test_00494,0,0.567672,1
medqa,qwen3-4b-nothink,medqa_test_00320,0,0.807578,4
medqa,qwen3-4b-nothink,medqa_test_00921,0,0.832811,2
medqa,qwen3-4b-nothink,medqa_test_00050,1,0.813604,2
medqa,qwen3-4b-nothink,medqa_test_00504,1,0.805227,4
medqa,qwen3-4b-nothink,medqa_test_01042,1,0.623573,2
medqa,qwen3-4b-nothink,medqa_test_01110,1,0.264686,4
medqa,qwen3-4b-nothink,medqa_test_01175,1,0.716918,3
medqa,qwen3-4b-nothink,medqa_test_00762,0,0.580052,3
medqa,qwen3-4b-nothink,medqa_test_00632,1,0.775061,1
medqa,qwen3-4b-nothink,medqa_test_00839,1,0.783726,3
medqa,qwen3-4b-nothink,medqa_test_00872,0,0.546185,5
medqa,qwen3-4b-nothink,medqa_test_00226,1,0.747133,4
medqa,qwen3-4b-nothink,medqa_test_01056,1,0.725245,5
medqa,qwen3-4b-nothink,medqa_test_00502,1,0.875575,3
medqa,qwen3-4b-nothink,medqa_test_00794,1,0.731268,4
medqa,qwen3-4b-nothink,medqa_test_00115,1,0.643086,5
medqa,qwen3-4b-nothink,medqa_test_00751,0,0.527931,3
medqa,qwen3-4b-nothink,medqa_test_00419,1,0.749885,1
medqa,qwen3-4b-nothink,medqa_test_00310,0,0.7985,2
medqa,qwen3-4b-nothink,medqa_test_00213,1,0.801524,2
medqa,qwen3-4b-nothink,medqa_test_01047,1,0.436545,1
medqa,qwen3-4b-nothink,medqa_test_00060,1,0.81592,5
medqa,qwen3-4b-nothink,medqa_test_00755,1,0.452025,3
medqa,qwen3-4b-nothink,medqa_test_00479,1,0.783481,2
medqa,qwen3-4b-nothink,medqa_test_00155,0,0.746113,3
medqa,qwen3-4b-nothink,medqa_test_00910,0,0.455248,1
medqa,qwen3-4b-nothink,medqa_test_00076,1,0.83066,5
medqa,qwen3-4b-nothink,medqa_test_01210,1,0.538217,3
medqa,qwen3-4b-nothink,medqa_test_00404,0,0.556883,4
medqa,qwen3-4b-nothink,medqa_test_00322,1,0.820667,1
medqa,qwen3-4b-nothink,medqa_test_00295,1,0.868971,5
medqa,qwen3-4b-nothink,medqa_test_00037,0,0.399009,1
medqa,qwen3-4b-nothink,medqa_test_00397,1,0.765689,5
medqa,qwen3-4b-nothink,medqa_test_00205,1,0.684464,1
medqa,qwen3-4b-nothink,medqa_test_01002,1,0.409479,1
medqa,qwen3-4b-nothink,medqa_test_00666,1,0.593308,2
medqa,qwen3-4b-nothink,medqa_test_00998,1,0.76822,1
medqa,qwen3-4b-nothink,medqa_test_00595,1,0.616777,2
medqa,qwen3-4b-nothink,medqa_test_01120,1,0.862079,3
medqa,qwen3-4b-nothink,medqa_test_01001,1,0.81669,1
medqa,qwen3-4b-nothink,medqa_test_00245,1,0.765908,2
medqa,qwen3-4b-nothink,medqa_test_00643,0,0.545275,3
medqa,qwen3-4b-nothink,medqa_test_01081,1,0.47518,5
medqa,qwen3-4b-nothink,medqa_test_00729,0,0.49847,4
medqa,qwen3-4b-nothink,medqa_test_00615,1,0.624282,5
medqa,qwen3-4b-nothink,medqa_test_00896,1,0.582131,3
medqa,qwen3-4b-nothink,medqa_test_00926,1,0.820151,1
medqa,qwen3-4b-nothink,medqa_test_00385,0,0.81244,3
medqa,qwen3-4b-nothink,medqa_test_01244,0,0.760075,1
medqa,qwen3-4b-nothink,medqa_test_01152,0,0.432802,3
medqa,qwen3-4b-nothink,medqa_test_00944,0,0.610399,2
medqa,qwen3-4b-nothink,medqa_test_00149,1,0.518232,4
medqa,qwen3-4b-nothink,medqa_test_00933,0,0.739876,2
medqa,qwen3-4b-nothink,medqa_test_00591,0,0.509225,2
medqa,qwen3-4b-nothink,medqa_test_01151,1,0.669249,1
medqa,qwen3-4b-nothink,medqa_test_00140,1,0.723452,1
medqa,qwen3-4b-nothink,medqa_test_01154,1,0.781945,3
medqa,qwen3-4b-nothink,medqa_test_00828,1,0.756238,1
medqa,qwen3-4b-nothink,medqa_test_00851,0,0.597314,4
medqa,qwen3-4b-nothink,medqa_test_00007,1,0.695559,3
medqa,qwen3-4b-nothink,medqa_test_00953,0,0.817667,2
medqa,qwen3-4b-nothink,medqa_test_00091,1,0.780374,3
medqa,qwen3-4b-nothink,medqa_test_00184,0,0.824849,2
medqa,qwen3-4b-nothink,medqa_test_00116,1,0.767959,4
medqa,qwen3-4b-nothink,medqa_test_00684,1,0.339756,4
medqa,qwen3-4b-nothink,medqa_test_00099,0,0.552751,5
medqa,qwen3-4b-nothink,medqa_test_00585,1,0.663778,3
medqa,qwen3-4b-nothink,medqa_test_01079,1,0.80949,5
medqa,qwen3-4b-nothink,medqa_test_00884,1,0.868967,4
medqa,qwen3-4b-nothink,medqa_test_00617,1,0.779694,4
medqa,qwen3-4b-nothink,medqa_test_00524,0,0.765102,2
medqa,qwen3-4b-nothink,medqa_test_00557,1,0.736104,1
medqa,qwen3-4b-nothink,medqa_test_01096,1,0.829955,4
medqa,qwen3-4b-nothink,medqa_test_00868,1,0.552631,4
medqa,qwen3-4b-nothink,medqa_test_00547,1,0.795088,1
medqa,qwen3-4b-nothink,medqa_test_00661,1,0.59866,3
medqa,qwen3-4b-nothink,medqa_test_00895,0,0.555478,1
medqa,qwen3-4b-nothink,medqa_test_00818,1,0.843255,4
medqa,qwen3-4b-nothink,medqa_test_00390,1,0.588841,1
medqa,qwen3-4b-nothink,medqa_test_00515,0,0.779304,1
medqa,qwen3-4b-nothink,medqa_test_00380,0,0.692851,4
medqa,qwen3-4b-nothink,medqa_test_00534,1,0.72683,4
medqa,qwen3-4b-nothink,medqa_test_00937,0,0.558475,2
medqa,qwen3-4b-nothink,medqa_test_00098,0,0.329346,4
medqa,qwen3-4b-nothink,medqa_test_00369,0,0.470088,3
medqa,qwen3-4b-nothink,medqa_test_01260,1,0.427975,4
medqa,qwen3-4b-nothink,medqa_test_00780,1,0.480301,5
medqa,qwen3-4b-nothink,medqa_test_00128,0,0.560701,2
medqa,qwen3-4b-nothink,medqa_test_01268,1,0.818594,4
medqa,qwen3-4b-nothink,medqa_test_00588,1,0.754885,5
medqa,qwen3-4b-nothink,medqa_test_00232,0,0.499104,3
medqa,qwen3-4b-nothink,medqa_test_00657,0,0.764158,2
medqa,qwen3-4b-nothink,medqa_test_01125,1,0.628841,1
medqa,qwen3-4b-nothink,medqa_test_00782,1,0.786922,4
medqa,qwen3-4b-nothink,medqa_test_00647,0,0.637651,5
medqa,qwen3-4b-nothink,medqa_test_01136,0,0.627464,3
medqa,qwen3-4b-nothink,medqa_test_00176,1,0.811985,3
medqa,qwen3-4b-nothink,medqa_test_00805,1,0.830465,5
medqa,qwen3-4b-nothink,medqa_test_00653,1,0.791895,1
medqa,qwen3-4b-nothink,medqa_test_00188,0,0.599094,5
medqa,qwen3-4b-nothink,medqa_test_00297,0,0.666364,3
medqa,qwen3-4b-nothink,medqa_test_00797,1,0.793108,2
medqa,qwen3-4b-nothink,medqa_test_00522,1,0.556215,3
medqa,qwen3-4b-nothink,medqa_test_00508,0,0.709328,4
medqa,qwen3-4b-nothink,medqa_test_00354,1,0.791151,1
medqa,qwen3-4b-nothink,medqa_test_00207,1,0.806924,4
medqa,qwen3-4b-nothink,medqa_test_00113,1,0.543802,5
medqa,qwen3-4b-nothink,medqa_test_00700,1,0.850088,1
medqa,qwen3-4b-nothink,medqa_test_00855,0,0.784183,3
medqa,qwen3-4b-nothink,medqa_test_00927,1,0.783701,3
medqa,qwen3-4b-nothink,medqa_test_00965,1,0.732636,3
medqa,qwen3-4b-nothink,medqa_test_00744,1,0.800169,2
medqa,qwen3-4b-nothink,medqa_test_00513,1,0.772876,2
medqa,qwen3-4b-nothink,medqa_test_00364,0,0.684599,4
medqa,qwen3-4b-nothink,medqa_test_01007,1,0.384821,4
medqa,qwen3-4b-nothink,medqa_test_00243,1,0.40123,4
medqa,qwen3-4b-nothink,medqa_test_00786,1,0.755662,2
medqa,qwen3-4b-nothink,medqa_test_00977,1,0.739309,1
medqa,qwen3-4b-nothink,medqa_test_00984,1,0.548664,5
medqa,qwen3-4b-nothink,medqa_test_00483,0,0.658678,3
medqa,qwen3-4b-nothink,medqa_test_00697,1,0.823299,1
medqa,qwen3-4b-nothink,medqa_test_00905,0,0.794458,5
medqa,qwen3-4b-nothink,medqa_test_00368,1,0.786378,5
medqa,qwen3-4b-nothink,medqa_test_00537,0,0.572006,2
medqa,qwen3-4b-nothink,medqa_test_01091,0,0.693168,1
medqa,qwen3-4b-nothink,medqa_test_00097,1,0.840075,4
medqa,qwen3-4b-nothink,medqa_test_00264,0,0.455421,4
medqa,qwen3-4b-nothink,medqa_test_00750,1,0.770522,4
medqa,qwen3-4b-nothink,medqa_test_00616,0,0.250538,5
medqa,qwen3-4b-nothink,medqa_test_00803,0,0.4972,3
medqa,qwen3-4b-nothink,medqa_test_00613,1,0.511187,4
medqa,qwen3-4b-nothink,medqa_test_01189,1,0.795354,3
medqa,qwen3-4b-nothink,medqa_test_00143,1,0.677509,4
medqa,qwen3-4b-nothink,medqa_test_00174,1,0.763864,1
medqa,qwen3-4b-nothink,medqa_test_00132,1,0.797258,2
medqa,qwen3-4b-nothink,medqa_test_00809,1,0.811615,5
medqa,qwen3-4b-nothink,medqa_test_00840,1,0.876471,4
medqa,qwen3-4b-nothink,medqa_test_00526,1,0.197373,5
medqa,qwen3-4b-nothink,medqa_test_00831,1,0.174869,4
medqa,qwen3-4b-nothink,medqa_test_01218,0,0.577355,2
medqa,qwen3-4b-nothink,medqa_test_00843,0,0.840047,4
medqa,qwen3-4b-nothink,medqa_test_01222,0,0.784134,4
medqa,qwen3-4b-nothink,medqa_test_01270,0,0.767004,2
medqa,qwen3-4b-nothink,medqa_test_01088,1,0.710059,3
medqa,qwen3-4b-nothink,medqa_test_00172,1,0.475314,5
medqa,qwen3-4b-nothink,medqa_test_01197,1,0.501166,3
medqa,qwen3-4b-nothink,medqa_test_00342,1,0.8142,5
medqa,qwen3-4b-nothink,medqa_test_00816,0,0.867321,5
medqa,qwen3-4b-nothink,medqa_test_00938,1,0.228685,1
medqa,qwen3-4b-nothink,medqa_test_00237,0,0.778611,5
medqa,qwen3-4b-nothink,medqa_test_00544,1,0.494212,5
medqa,qwen3-4b-nothink,medqa_test_00672,1,0.88498,5
medqa,qwen3-4b-nothink,medqa_test_01089,1,0.696027,5
medqa,qwen3-4b-nothink,medqa_test_00804,1,0.609338,5
medqa,qwen3-4b-nothink,medqa_test_01230,1,0.562827,2
medqa,qwen3-4b-nothink,medqa_test_00251,1,0.819969,4
medqa,qwen3-4b-nothink,medqa_test_00274,1,0.748143,4
medqa,qwen3-4b-nothink,medqa_test_00604,1,0.765156,2
medqa,qwen3-4b-nothink,medqa_test_00554,0,0.403501,5
medqa,qwen3-4b-nothink,medqa_test_00495,0,0.829485,3
medqa,qwen3-4b-nothink,medqa_test_00276,0,0.69101,4
medqa,qwen3-4b-nothink,medqa_test_00678,0,0.634263,3
medqa,qwen3-4b-nothink,medqa_test_00445,0,0.53951,4
medqa,qwen3-4b-nothink,medqa_test_00560,1,0.366049,3
medqa,qwen3-4b-nothink,medqa_test_00470,1,0.549249,2
medqa,qwen3-4b-nothink,medqa_test_00370,1,0.793525,2
medqa,qwen3-4b-nothink,medqa_test_00443,0,0.294116,1
medqa,qwen3-4b-nothink,medqa_test_00108,1,0.756107,1
medqa,qwen3-4b-nothink,medqa_test_01200,1,0.78443,2
medqa,qwen3-4b-nothink,medqa_test_00622,1,0.684404,3
medqa,qwen3-4b-nothink,medqa_test_00349,1,0.794625,5
medqa,qwen3-4b-nothink,medqa_test_01048,0,0.274754,2
medqa,qwen3-4b-nothink,medqa_test_00913,0,0.652359,3
medqa,qwen3-4b-nothink,medqa_test_00379,1,0.673923,4
medqa,qwen3-4b-nothink,medqa_test_00618,1,0.735595,5
medqa,qwen3-4b-nothink,medqa_test_00355,0,0.68531,5
medqa,qwen3-4b-nothink,medqa_test_00862,0,0.7569,2
medqa,qwen3-4b-nothink,medqa_test_00123,0,0.26551,4
medqa,qwen3-4b-nothink,medqa_test_01045,1,0.602954,3
medqa,qwen3-4b-nothink,medqa_test_00104,1,0.748117,5
medqa,qwen3-4b-nothink,medqa_test_00248,1,0.624434,3
medqa,qwen3-4b-nothink,medqa_test_00874,1,0.513957,2
medqa,qwen3-4b-nothink,medqa_test_00701,0,0.241191,5
medqa,qwen3-4b-nothink,medqa_test_00384,1,0.538803,5
medqa,qwen3-4b-nothink,medqa_test_00319,0,0.588558,2
medqa,qwen3-4b-nothink,medqa_test_00026,1,0.738897,3
medqa,qwen3-4b-nothink,medqa_test_01228,0,0.523771,2
medqa,qwen3-4b-nothink,medqa_test_01240,1,0.802902,2
medqa,qwen3-4b-nothink,medqa_test_00167,1,0.743563,5
medqa,qwen3-4b-nothink,medqa_test_00934,0,0.795138,1
medqa,qwen3-4b-nothink,medqa_test_00377,1,0.389357,1
medqa,qwen3-4b-nothink,medqa_test_01111,1,0.825105,3
medqa,qwen3-4b-nothink,medqa_test_00879,1,0.389168,2
medqa,qwen3-4b-nothink,medqa_test_00117,0,0.748591,2
medqa,qwen3-4b-nothink,medqa_test_00716,0,0.789562,5
medqa,qwen3-4b-nothink,medqa_test_00129,1,0.336814,5
medqa,qwen3-4b-nothink,medqa_test_00709,0,0.336465,2
medqa,qwen3-4b-nothink,medqa_test_00633,0,0.572264,3
medqa,qwen3-4b-nothink,medqa_test_00842,1,0.711083,3
medqa,qwen3-4b-nothink,medqa_test_00654,1,0.479777,5
medqa,qwen3-4b-nothink,medqa_test_00031,0,0.686523,5
medqa,qwen3-4b-nothink,medqa_test_00041,1,0.835155,5
medqa,qwen3-4b-nothink,medqa_test_00942,0,0.562254,2
medqa,qwen3-4b-nothink,medqa_test_01123,1,0.72142,4
medqa,qwen3-4b-nothink,medqa_test_01101,1,0.811338,2
medqa,qwen3-4b-nothink,medqa_test_00053,1,0.61241,2
medqa,qwen3-4b-nothink,medqa_test_01196,1,0.803138,4
medqa,qwen3-4b-nothink,medqa_test_00019,0,0.804547,5
medqa,qwen3-4b-nothink,medqa_test_01038,1,0.104822,4
medqa,qwen3-4b-nothink,medqa_test_00980,1,0.307071,5
medqa,qwen3-4b-nothink,medqa_test_00431,0,0.794306,1
medqa,qwen3-4b-nothink,medqa_test_00986,0,0.754895,5
medqa,qwen3-4b-nothink,medqa_test_00345,1,0.784725,2
medqa,qwen3-4b-nothink,medqa_test_00748,1,0.829681,1
medqa,qwen3-4b-nothink,medqa_test_00465,1,0.591884,2
medqa,qwen3-4b-nothink,medqa_test_00335,1,0.6191,2
medqa,qwen3-4b-nothink,medqa_test_00739,1,0.42454,3
medqa,qwen3-4b-nothink,medqa_test_00266,1,0.592404,3
medqa,qwen3-4b-nothink,medqa_test_00811,1,0.57849,1
medqa,qwen3-4b-nothink,medqa_test_01164,0,0.536663,1
medqa,qwen3-4b-nothink,medqa_test_00472,0,0.51507,4
medqa,qwen3-4b-nothink,medqa_test_01076,0,0.697945,2
medqa,qwen3-4b-nothink,medqa_test_00085,0,0.680073,3
medqa,qwen3-4b-nothink,medqa_test_00792,0,0.534813,2
medqa,qwen3-4b-nothink,medqa_test_00577,1,0.529354,3
medqa,qwen3-4b-nothink,medqa_test_00403,0,0.401891,3
medqa,qwen3-4b-nothink,medqa_test_00027,1,0.802141,2
medqa,qwen3-4b-nothink,medqa_test_01148,1,0.823674,3
medqa,qwen3-4b-nothink,medqa_test_01122,1,0.766764,4
medqa,qwen3-4b-nothink,medqa_test_00478,1,0.496058,3
medqa,qwen3-4b-nothink,medqa_test_00169,1,0.837283,2
medqa,qwen3-4b-nothink,medqa_test_00414,1,0.736821,4
medqa,qwen3-4b-nothink,medqa_test_00344,0,0.628718,1
medqa,qwen3-4b-nothink,medqa_test_00774,0,0.562679,1
medqa,qwen3-4b-nothink,medqa_test_01073,0,0.345028,1
medqa,qwen3-4b-nothink,medqa_test_00773,1,0.616638,5
medqa,qwen3-4b-nothink,medqa_test_00279,1,0.78079,2
medqa,qwen3-4b-nothink,medqa_test_00710,1,0.714113,4
medqa,qwen3-4b-nothink,medqa_test_00499,0,0.193505,3
medqa,qwen3-4b-nothink,medqa_test_00225,1,0.576677,2
medqa,qwen3-4b-nothink,medqa_test_00559,1,0.857009,1
medqa,qwen3-4b-nothink,medqa_test_00770,1,0.83157,5
medqa,qwen3-4b-nothink,medqa_test_00979,1,0.425185,2
medqa,qwen3-4b-nothink,medqa_test_00399,1,0.43789,4
medqa,qwen3-4b-nothink,medqa_test_00305,1,0.659861,3
medqa,qwen3-4b-nothink,medqa_test_00360,1,0.365691,2
medqa,qwen3-4b-nothink,medqa_test_01141,1,0.798176,5
medqa,qwen3-4b-nothink,medqa_test_01008,0,0.327938,3
medqa,qwen3-4b-nothink,medqa_test_01054,1,0.814514,2
medqa,qwen3-4b-nothink,medqa_test_00690,0,0.66714,4
medqa,qwen3-4b-nothink,medqa_test_00020,1,0.673917,2
medqa,qwen3-4b-nothink,medqa_test_01009,1,0.655826,1
medqa,qwen3-4b-nothink,medqa_test_00398,1,0.697501,2
medqa,qwen3-4b-nothink,medqa_test_01169,1,0.729825,5
medqa,qwen3-4b-nothink,medqa_test_00211,0,0.662732,2
medqa,qwen3-4b-nothink,medqa_test_00063,0,0.499563,4
medqa,qwen3-4b-nothink,medqa_test_00425,0,0.380086,1
medqa,qwen3-4b-nothink,medqa_test_00477,0,0.411105,2
medqa,qwen3-4b-nothink,medqa_test_01015,1,0.80532,1
medqa,qwen3-4b-nothink,medqa_test_00846,1,0.792029,1
medqa,qwen3-4b-nothink,medqa_test_00417,1,0.779377,4
medqa,qwen3-4b-nothink,medqa_test_01092,0,0.375248,5
medqa,qwen3-4b-nothink,medqa_test_01190,1,0.822912,3
medqa,qwen3-4b-nothink,medqa_test_00219,0,0.568886,3
medqa,qwen3-4b-nothink,medqa_test_00156,1,0.605774,2
medqa,qwen3-4b-nothink,medqa_test_00236,1,0.830671,3
medqa,qwen3-4b-nothink,medqa_test_01046,0,0.736082,4
medqa,qwen3-4b-nothink,medqa_test_01114,0,0.730865,2
medqa,qwen3-4b-nothink,medqa_test_00999,1,0.802883,2
medqa,qwen3-4b-nothink,medqa_test_00553,1,0.814305,2
medqa,qwen3-4b-nothink,medqa_test_01160,1,0.765232,5
medqa,qwen3-4b-nothink,medqa_test_00943,1,0.85516,5
medqa,qwen3-4b-nothink,medqa_test_00916,0,0.683852,1
medqa,qwen3-4b-nothink,medqa_test_00705,1,0.805506,2
medqa,qwen3-4b-nothink,medqa_test_01178,1,0.826288,2
medqa,qwen3-4b-nothink,medqa_test_00079,1,0.571344,4
medqa,qwen3-4b-nothink,medqa_test_00450,1,0.624164,2
medqa,qwen3-4b-nothink,medqa_test_00281,1,0.831905,1
medqa,qwen3-4b-nothink,medqa_test_00967,0,0.478958,2
medqa,qwen3-4b-nothink,medqa_test_00641,1,0.832224,2
medqa,qwen3-4b-nothink,medqa_test_00496,0,0.607488,5
medqa,qwen3-4b-nothink,medqa_test_00533,1,0.607006,1
medqa,qwen3-4b-nothink,medqa_test_00885,1,0.553736,5
medqa,qwen3-4b-nothink,medqa_test_00253,0,0.507299,4
medqa,qwen3-4b-nothink,medqa_test_00265,0,0.660505,3
medqa,qwen3-4b-nothink,medqa_test_01094,0,0.414099,1
medqa,qwen3-4b-nothink,medqa_test_01147,1,0.800854,1
medqa,qwen3-4b-nothink,medqa_test_00162,1,0.88282,4
medqa,qwen3-4b-nothink,medqa_test_00456,0,0.510966,5
medqa,qwen3-4b-nothink,medqa_test_00732,1,0.728285,4
medqa,qwen3-4b-nothink,medqa_test_00436,1,0.696778,5
medqa,qwen3-4b-nothink,medqa_test_00516,1,0.624894,4
medqa,qwen3-4b-nothink,medqa_test_00627,1,0.330826,1
medqa,qwen3-4b-nothink,medqa_test_00453,0,0.510017,3
medqa,qwen3-4b-nothink,medqa_test_00324,1,0.781375,4
medqa,qwen3-4b-nothink,medqa_test_01115,1,0.574694,5
medqa,qwen3-4b-nothink,medqa_test_00572,0,0.277021,5
medqa,qwen3-4b-nothink,medqa_test_01004,1,0.774378,5
medqa,qwen3-4b-nothink,medqa_test_01082,1,0.766467,4
medqa,qwen3-4b-nothink,medqa_test_00136,1,0.772889,2
medqa,qwen3-4b-nothink,medqa_test_00467,0,0.501623,1
medqa,qwen3-4b-nothink,medqa_test_01060,0,0.484639,5
medqa,qwen3-4b-nothink,medqa_test_00869,0,0.181348,5
medqa,qwen3-4b-nothink,medqa_test_01049,1,0.859987,4
medqa,qwen3-4b-nothink,medqa_test_01165,1,0.803307,3
medqa,qwen3-4b-nothink,medqa_test_00475,1,0.694228,1
medqa,qwen3-4b-nothink,medqa_test_00530,0,0.372903,5
medqa,qwen3-4b-nothink,medqa_test_00180,0,0.453505,2
medqa,qwen3-4b-nothink,medqa_test_01162,0,0.221733,3
medqa,qwen3-4b-nothink,medqa_test_01221,1,0.345621,5
medqa,qwen3-4b-nothink,medqa_test_00915,0,0.822973,5
medqa,qwen3-4b-nothink,medqa_test_00005,0,0.737133,4
medqa,qwen3-4b-nothink,medqa_test_00671,1,0.791616,5
medqa,qwen3-4b-nothink,medqa_test_01243,0,0.794302,4
medqa,qwen3-4b-nothink,medqa_test_00249,1,0.534745,2
medqa,qwen3-4b-nothink,medqa_test_00800,1,0.684158,3
medqa,qwen3-4b-nothink,medqa_test_00506,1,0.655972,3
medqa,qwen3-4b-nothink,medqa_test_01220,1,0.418629,5
medqa,qwen3-4b-nothink,medqa_test_00199,1,0.594948,4
medqa,qwen3-4b-nothink,medqa_test_00589,1,0.748132,2
medqa,qwen3-4b-nothink,medqa_test_00424,1,0.850738,5
medqa,qwen3-4b-nothink,medqa_test_01217,1,0.816388,5
medqa,qwen3-4b-nothink,medqa_test_01063,1,0.812939,4
medqa,qwen3-4b-nothink,medqa_test_00625,1,0.536497,1
medqa,qwen3-4b-nothink,medqa_test_00486,0,0.528274,2
medqa,qwen3-4b-nothink,medqa_test_00838,1,0.820018,2
medqa,qwen3-4b-nothink,medqa_test_00150,0,0.235842,3
medqa,qwen3-4b-nothink,medqa_test_00203,0,0.477384,2
medqa,qwen3-4b-nothink,medqa_test_00230,1,0.782856,5
medqa,qwen3-4b-nothink,medqa_test_01023,0,0.773441,1
medqa,qwen3-4b-nothink,medqa_test_00688,0,0.334293,4
medqa,qwen3-4b-nothink,medqa_test_01019,1,0.81109,5
medqa,qwen3-4b-nothink,medqa_test_00343,1,0.450779,4
medqa,qwen3-4b-nothink,medqa_test_00981,1,0.710272,4
medqa,qwen3-4b-nothink,medqa_test_00648,1,0.802711,1
medqa,qwen3-4b-nothink,medqa_test_00756,0,0.663953,1
medqa,qwen3-4b-nothink,medqa_test_00527,1,0.751209,1
medqa,qwen3-4b-nothink,medqa_test_00290,0,0.523761,3
medqa,qwen3-4b-nothink,medqa_test_00086,1,0.815498,4
medqa,qwen3-4b-nothink,medqa_test_00674,1,0.774842,3
medqa,qwen3-4b-nothink,medqa_test_00173,1,0.162598,3
medqa,qwen3-4b-nothink,medqa_test_01040,0,0.779347,1
medqa,qwen3-4b-nothink,medqa_test_01156,1,0.320129,4
medqa,qwen3-4b-nothink,medqa_test_00948,0,0.555829,4
medqa,qwen3-4b-nothink,medqa_test_00993,0,0.291715,5
medqa,qwen3-4b-nothink,medqa_test_00721,1,0.590911,3
medqa,qwen3-4b-nothink,medqa_test_00881,1,0.765422,4
medqa,qwen3-4b-nothink,medqa_test_01214,1,0.457295,3
medqa,qwen3-4b-nothink,medqa_test_00329,0,0.815234,1
medqa,qwen3-4b-nothink,medqa_test_00670,0,0.823894,5
medqa,qwen3-4b-nothink,medqa_test_00621,0,0.516165,4
medqa,qwen3-4b-nothink,medqa_test_01017,1,0.778184,1
medqa,qwen3-4b-nothink,medqa_test_01051,0,0.417263,5
medqa,qwen3-4b-nothink,medqa_test_00293,0,0.761708,1
medqa,qwen3-4b-nothink,medqa_test_00311,1,0.743652,2
medqa,qwen3-4b-nothink,medqa_test_00000,0,0.803145,4
medqa,qwen3-4b-nothink,medqa_test_00561,1,0.724523,4
medqa,qwen3-4b-nothink,medqa_test_00415,1,0.651591,5
medqa,qwen3-4b-nothink,medqa_test_00308,1,0.845256,1
medqa,qwen3-4b-nothink,medqa_test_00582,0,0.773714,4
medqa,qwen3-4b-nothink,medqa_test_00630,1,0.220078,2
medqa,qwen3-4b-nothink,medqa_test_01264,0,0.410909,4
medqa,qwen3-4b-nothink,medqa_test_00693,1,0.415137,5
medqa,qwen3-4b-nothink,medqa_test_00388,1,0.785487,2
medqa,qwen3-4b-nothink,medqa_test_00914,1,0.825975,5
medqa,qwen3-4b-nothink,medqa_test_00430,1,0.804511,5
medqa,qwen3-4b-nothink,medqa_test_00196,0,0.187794,1
medqa,qwen3-4b-nothink,medqa_test_00863,1,0.530422,5
medqa,qwen3-4b-nothink,medqa_test_01097,1,0.795355,1
medqa,qwen3-4b-nothink,medqa_test_00302,1,0.727995,2
medqa,qwen3-4b-nothink,medqa_test_00713,1,0.821346,2
medqa,qwen3-4b-nothink,medqa_test_00412,1,0.755699,2
medqa,qwen3-4b-nothink,medqa_test_00418,1,0.793342,5
medqa,qwen3-4b-nothink,medqa_test_00935,0,0.26556,2
medqa,qwen3-4b-nothink,medqa_test_00316,0,0.257437,1
medqa,qwen3-4b-nothink,medqa_test_00519,0,0.559854,4
medqa,qwen3-4b-nothink,medqa_test_00961,0,0.56274,3
medqa,qwen3-4b-nothink,medqa_test_00737,0,0.869151,4
medqa,qwen3-4b-nothink,medqa_test_00127,1,0.83383,5
medqa,qwen3-4b-nothink,medqa_test_00922,0,0.450926,5
medqa,qwen3-4b-nothink,medqa_test_00784,1,0.697668,4
medqa,qwen3-4b-nothink,medqa_test_01102,1,0.774518,2
medqa,qwen3-4b-nothink,medqa_test_01109,1,0.792286,3
medqa,qwen3-4b-nothink,medqa_test_00680,1,0.840897,3
medqa,qwen3-4b-nothink,medqa_test_00930,1,0.751215,2
medqa,qwen3-4b-nothink,medqa_test_00441,1,0.739212,4
medqa,qwen3-4b-nothink,medqa_test_00372,0,0.574678,4
medqa,qwen3-4b-nothink,medqa_test_01061,1,0.786295,4
medqa,qwen3-4b-nothink,medqa_test_00686,0,0.484914,3
medqa,qwen3-4b-nothink,medqa_test_00925,1,0.853012,4
medqa,qwen3-4b-nothink,medqa_test_00992,1,0.736463,1
medqa,qwen3-4b-nothink,medqa_test_00736,0,0.597729,1
medqa,qwen3-4b-nothink,medqa_test_00904,0,0.683296,4
medqa,qwen3-4b-nothink,medqa_test_00551,1,0.383274,1
medqa,qwen3-4b-nothink,medqa_test_01127,1,0.853747,5
medqa,qwen3-4b-nothink,medqa_test_00783,1,0.769653,5
medqa,qwen3-4b-nothink,medqa_test_01066,0,0.28997,3
medqa,qwen3-4b-nothink,medqa_test_01144,1,0.634341,4
medqa,qwen3-4b-nothink,medqa_test_00260,1,0.765322,1
medqa,qwen3-4b-nothink,medqa_test_01181,1,0.791804,1
medqa,qwen3-4b-nothink,medqa_test_00590,1,0.280419,4
medqa,qwen3-4b-nothink,medqa_test_00394,1,0.700643,5
medqa,qwen3-4b-nothink,medqa_test_00523,1,0.832789,4
medqa,qwen3-4b-nothink,medqa_test_00620,1,0.787771,4
medqa,qwen3-4b-nothink,medqa_test_00446,0,0.208608,5
medqa,qwen3-4b-nothink,medqa_test_01072,1,0.841268,1
medqa,qwen3-4b-nothink,medqa_test_00746,1,0.696221,5
medqa,qwen3-4b-nothink,medqa_test_00353,1,0.756538,1
medqa,qwen3-4b-nothink,medqa_test_00444,1,0.704456,3
medqa,qwen3-4b-nothink,medqa_test_00610,1,0.444076,2
medqa,qwen3-4b-nothink,medqa_test_00111,1,0.781753,1
medqa,qwen3-4b-nothink,medqa_test_00822,0,0.433196,2
medqa,qwen3-4b-nothink,medqa_test_01198,0,0.764785,1
medqa,qwen3-4b-nothink,medqa_test_00594,0,0.776349,1
medqa,qwen3-4b-nothink,medqa_test_00182,1,0.730983,3
medqa,qwen3-4b-nothink,medqa_test_00972,0,0.746155,1
medqa,qwen3-4b-nothink,medqa_test_00028,1,0.666653,3
medqa,qwen3-4b-nothink,medqa_test_00339,1,0.841737,5
medqa,qwen3-4b-nothink,medqa_test_00549,0,0.522351,3
medqa,qwen3-4b-nothink,medqa_test_00695,1,0.420854,3
medqa,qwen3-4b-nothink,medqa_test_00409,1,0.851294,1
medqa,qwen3-4b-nothink,medqa_test_00521,1,0.815135,1
medqa,qwen3-4b-nothink,medqa_test_00656,1,0.796635,4
medqa,qwen3-4b-nothink,medqa_test_00359,1,0.834498,5
medqa,qwen3-4b-nothink,medqa_test_00807,0,0.672542,1
medqa,qwen3-4b-nothink,medqa_test_00791,1,0.681038,1
medqa,qwen3-4b-nothink,medqa_test_00071,1,0.786673,1
medqa,qwen3-4b-nothink,medqa_test_01176,1,0.393619,3
medqa,qwen3-4b-nothink,medqa_test_00336,0,0.470789,5
medqa,qwen3-4b-nothink,medqa_test_00408,1,0.612116,2
medqa,qwen3-4b-nothink,medqa_test_00197,1,0.788828,5
medqa,qwen3-4b-nothink,medqa_test_00675,0,0.546836,5
medqa,qwen3-4b-nothink,medqa_test_00024,0,0.484761,4
medqa,qwen3-4b-nothink,medqa_test_01146,1,0.825642,1
medqa,qwen3-4b-nothink,medqa_test_00233,1,0.789817,3
medqa,qwen3-4b-nothink,medqa_test_00814,1,0.539909,3
medqa,qwen3-4b-nothink,medqa_test_00312,1,0.259766,1
medqa,qwen3-4b-nothink,medqa_test_00358,0,0.785958,5
medqa,qwen3-4b-nothink,medqa_test_01113,0,0.546571,4
medqa,qwen3-4b-nothink,medqa_test_00204,0,0.675009,4
medqa,qwen3-4b-nothink,medqa_test_00227,0,0.745866,4
medqa,qwen3-4b-nothink,medqa_test_00481,1,0.456371,4
medqa,qwen3-4b-nothink,medqa_test_01124,0,0.544814,5
medqa,qwen3-4b-nothink,medqa_test_00391,1,0.817054,2
medqa,qwen3-4b-nothink,medqa_test_01062,0,0.110165,4
medqa,qwen3-4b-nothink,medqa_test_00718,0,0.524566,5
medqa,qwen3-4b-nothink,medqa_test_00806,0,0.800818,5
medqa,qwen3-4b-nothink,medqa_test_01215,1,0.620764,4
medqa,qwen3-4b-nothink,medqa_test_00273,0,0.795756,5
medqa,qwen3-4b-nothink,medqa_test_00254,1,0.858294,4
medqa,qwen3-4b-nothink,medqa_test_00752,0,0.228965,4
medqa,qwen3-4b-nothink,medqa_test_00970,1,0.807533,1
medqa,qwen3-4b-nothink,medqa_test_01256,1,0.825177,4
medqa,qwen3-4b-nothink,medqa_test_00421,1,0.546417,2
medqa,qwen3-4b-nothink,medqa_test_00801,1,0.609925,2
medqa,qwen3-4b-nothink,medqa_test_01134,0,0.631935,3
medqa,qwen3-4b-nothink,medqa_test_00754,1,0.723653,4
medqa,qwen3-4b-nothink,medqa_test_00183,0,0.693413,1
medqa,qwen3-4b-nothink,medqa_test_00025,1,0.802263,2
medqa,qwen3-4b-nothink,medqa_test_00422,0,0.476627,4
medqa,qwen3-4b-nothink,medqa_test_00181,1,0.41391,3
medqa,qwen3-4b-nothink,medqa_test_00830,0,0.785444,3
medqa,qwen3-4b-nothink,medqa_test_00819,1,0.312038,4
medqa,qwen3-4b-nothink,medqa_test_00166,1,0.828809,2
medqa,qwen3-4b-nothink,medqa_test_00158,1,0.595193,4
medqa,qwen3-4b-nothink,medqa_test_00767,1,0.725781,5
medqa,qwen3-4b-nothink,medqa_test_00635,1,0.852119,5
medqa,qwen3-4b-nothink,medqa_test_00416,0,0.569043,4
medqa,qwen3-4b-nothink,medqa_test_00573,0,0.564944,2
medqa,qwen3-4b-nothink,medqa_test_00798,0,0.352996,1
medqa,qwen3-4b-nothink,medqa_test_00362,1,0.521191,3
medqa,qwen3-4b-nothink,medqa_test_00105,1,0.786437,5
medqa,qwen3-4b-nothink,medqa_test_00682,0,0.328618,1
medqa,qwen3-4b-nothink,medqa_test_01227,1,0.418359,3
medqa,qwen3-4b-nothink,medqa_test_00698,1,0.757329,1
medqa,qwen3-4b-nothink,medqa_test_00908,0,0.456633,1
medqa,qwen3-4b-nothink,medqa_test_00366,0,0.439241,2
medqa,qwen3-4b-nothink,medqa_test_00982,1,0.833619,3
medqa,qwen3-4b-nothink,medqa_test_00815,1,0.779541,4
medqa,qwen3-4b-nothink,medqa_test_00373,1,0.549495,2
medqa,qwen3-4b-nothink,medqa_test_00315,1,0.590026,2
medqa,qwen3-4b-nothink,medqa_test_00042,1,0.759342,1
medqa,qwen3-4b-nothink,medqa_test_01158,0,0.166964,4
medqa,qwen3-4b-nothink,medqa_test_01239,1,0.237996,1
medqa,qwen3-4b-nothink,medqa_test_00151,1,0.795189,4
medqa,qwen3-4b-nothink,medqa_test_00565,1,0.753955,3
medqa,qwen3-4b-nothink,medqa_test_00596,0,0.653541,1
medqa,qwen3-4b-nothink,medqa_test_01179,1,0.641969,3
medqa,qwen3-4b-nothink,medqa_test_00854,1,0.448465,3
medqa,qwen3-4b-nothink,medqa_test_00036,0,0.532942,4
medqa,qwen3-4b-nothink,medqa_test_00558,1,0.709589,4
medqa,qwen3-4b-nothink,medqa_test_00707,1,0.824372,5
medqa,qwen3-4b-nothink,medqa_test_01192,0,0.54952,2
medqa,qwen3-4b-nothink,medqa_test_00955,0,0.814077,1
medqa,qwen3-4b-nothink,medqa_test_00574,1,0.790623,2
medqa,qwen3-4b-nothink,medqa_test_01035,0,0.399882,4
medqa,qwen3-4b-nothink,medqa_test_00722,1,0.783322,2
medqa,qwen3-4b-nothink,medqa_test_00564,1,0.732226,4
medqa,qwen3-4b-nothink,medqa_test_00759,1,0.385372,1
medqa,qwen3-4b-nothink,medqa_test_00165,0,0.738112,4
medqa,qwen3-4b-nothink,medqa_test_00268,1,0.785842,5
medqa,qwen3-4b-nothink,medqa_test_00652,0,0.757582,1
medqa,qwen3-4b-nothink,medqa_test_00133,1,0.697621,1
medqa,qwen3-4b-nothink,medqa_test_00789,1,0.602579,2
medqa,qwen3-4b-nothink,medqa_test_00341,1,0.548736,3
medqa,qwen3-4b-nothink,medqa_test_00003,0,0.4429,2
medqa,qwen3-4b-nothink,medqa_test_01167,1,0.712384,1
medqa,qwen3-4b-nothink,medqa_test_00849,1,0.82672,4
medqa,qwen3-4b-nothink,medqa_test_01105,1,0.782296,2
medqa,qwen3-4b-nothink,medqa_test_00903,1,0.465315,1
medqa,qwen3-4b-nothink,medqa_test_00094,1,0.594728,3
medqa,qwen3-4b-nothink,medqa_test_00052,0,0.451937,5
medqa,qwen3-4b-nothink,medqa_test_01112,1,0.743295,4
medqa,qwen3-4b-nothink,medqa_test_00500,0,0.439177,3
medqa,qwen3-4b-nothink,medqa_test_00517,0,0.788753,5
medqa,qwen3-4b-nothink,medqa_test_01053,1,0.66579,2
medqa,qwen3-4b-nothink,medqa_test_01005,1,0.758557,3
medqa,qwen3-4b-nothink,medqa_test_00649,0,0.272296,3
medqa,qwen3-4b-nothink,medqa_test_00703,1,0.781905,2
medqa,qwen3-4b-nothink,medqa_test_00208,0,0.512509,5
medqa,qwen3-4b-nothink,medqa_test_00734,1,0.725324,5
medqa,qwen3-4b-nothink,medqa_test_00215,1,0.80443,1
medqa,qwen3-4b-nothink,medqa_test_00619,1,0.713394,1
medqa,qwen3-4b-nothink,medqa_test_00288,1,0.423571,5
medqa,qwen3-4b-nothink,medqa_test_00278,0,0.580808,4
medqa,qwen3-4b-nothink,medqa_test_00159,1,0.459364,5
medqa,qwen3-4b-nothink,medqa_test_00566,1,0.506961,5
medqa,qwen3-4b-nothink,medqa_test_00760,1,0.762858,2
medqa,qwen3-4b-nothink,medqa_test_00987,1,0.809219,1
medqa,qwen3-4b-nothink,medqa_test_01119,0,0.582094,1
medqa,qwen3-4b-nothink,medqa_test_01075,0,0.496294,1
medqa,qwen3-4b-nothink,medqa_test_00137,0,0.405931,3
medqa,qwen3-4b-nothink,medqa_test_00899,0,0.297866,3
medqa,qwen3-4b-nothink,medqa_test_00106,0,0.807555,5
medqa,qwen3-4b-nothink,medqa_test_00679,1,0.814773,4
medqa,qwen3-4b-nothink,medqa_test_00567,0,0.585062,3
medqa,qwen3-4b-nothink,medqa_test_00836,1,0.827301,3
medqa,qwen3-4b-nothink,medqa_test_00683,0,0.724154,3
medqa,qwen3-4b-nothink,medqa_test_00008,1,0.711311,1
medqa,qwen3-4b-nothink,medqa_test_01231,1,0.750985,2
medqa,qwen3-4b-nothink,medqa_test_00669,1,0.685839,1
medqa,qwen3-4b-nothink,medqa_test_00626,1,0.63081,4
medqa,qwen3-4b-nothink,medqa_test_00309,1,0.800696,3
medqa,qwen3-4b-nothink,medqa_test_00720,0,0.3772,1
medqa,qwen3-4b-nothink,medqa_test_00853,0,0.6116,1
medqa,qwen3-4b-nothink,medqa_test_00448,0,0.365335,4
medqa,qwen3-4b-nothink,medqa_test_00291,0,0.539411,4
medqa,qwen3-4b-nothink,medqa_test_00378,0,0.712163,1
medqa,qwen3-4b-nothink,medqa_test_00250,0,0.652507,3
medqa,qwen3-4b-nothink,medqa_test_00900,1,0.679487,1
medqa,qwen3-4b-nothink,medqa_test_01024,1,0.808602,3
medqa,qwen3-4b-nothink,medqa_test_00357,1,0.457065,2
medqa,qwen3-4b-nothink,medqa_test_01186,0,0.496401,5
medqa,qwen3-4b-nothink,medqa_test_00966,0,0.748369,3
medqa,qwen3-4b-nothink,medqa_test_00518,0,0.699258,5
medqa,qwen3-4b-nothink,medqa_test_00218,1,0.804169,1
medqa,qwen3-4b-nothink,medqa_test_00550,0,0.753046,4
medqa,qwen3-4b-nothink,medqa_test_00075,0,0.847856,5
medqa,qwen3-4b-nothink,medqa_test_00102,1,0.857165,1
medqa,qwen3-4b-nothink,medqa_test_00576,0,0.682419,3
medqa,qwen3-4b-nothink,medqa_test_00636,1,0.852421,1
medqa,qwen3-4b-nothink,medqa_test_01191,1,0.397893,3
medqa,qwen3-4b-nothink,medqa_test_00009,0,0.454479,2
medqa,qwen3-4b-nothink,medqa_test_00074,0,0.484307,3
medqa,qwen3-4b-nothink,medqa_test_00769,1,0.645419,4
medqa,qwen3-4b-nothink,medqa_test_00951,1,0.617076,1
medqa,qwen3-4b-nothink,medqa_test_00974,1,0.85521,3
medqa,qwen3-4b-nothink,medqa_test_00307,0,0.489894,2
medqa,qwen3-4b-nothink,medqa_test_00660,0,0.466003,2
medqa,qwen3-4b-nothink,medqa_test_00687,1,0.563227,3
medqa,qwen3-4b-nothink,medqa_test_00134,1,0.818209,3
medqa,qwen3-4b-nothink,medqa_test_00405,1,0.660148,2
medqa,qwen3-4b-nothink,medqa_test_00271,0,0.488416,4
medqa,qwen3-4b-nothink,medqa_test_00244,0,0.449339,2
medqa,qwen3-4b-nothink,medqa_test_01012,1,0.614119,2
medqa,qwen3-4b-nothink,medqa_test_00733,1,0.691951,2
medqa,qwen3-4b-nothink,medqa_test_00685,0,0.819951,5
medqa,qwen3-4b-nothink,medqa_test_01237,1,0.652976,1
medqa,qwen3-4b-nothink,medqa_test_00267,0,0.42905,1
medqa,qwen3-4b-nothink,medqa_test_00957,1,0.71698,3
medqa,qwen3-4b-nothink,medqa_test_01143,0,0.552921,3
medqa,qwen3-4b-nothink,medqa_test_00535,1,0.824798,1
medqa,qwen3-4b-nothink,medqa_test_00578,1,0.816565,2
medqa,qwen3-4b-nothink,medqa_test_00597,1,0.526942,4
medqa,qwen3-4b-nothink,medqa_test_00673,0,0.457942,2
medqa,qwen3-4b-nothink,medqa_test_01205,1,0.75881,4
medqa,qwen3-4b-nothink,medqa_test_00083,1,0.545438,5
medqa,qwen3-4b-nothink,medqa_test_00634,0,0.668573,2
medqa,qwen3-4b-nothink,medqa_test_00040,1,0.760418,3
medqa,qwen3-4b-nothink,medqa_test_00608,1,0.698901,1
medqa,qwen3-4b-nothink,medqa_test_00252,1,0.390903,1
medqa,qwen3-4b-nothink,medqa_test_00583,1,0.157427,5
medqa,qwen3-4b-nothink,medqa_test_00911,1,0.382323,5
medqa,qwen3-4b-nothink,medqa_test_00964,0,0.44927,5
medqa,qwen3-4b-nothink,medqa_test_00122,1,0.774706,4
medqa,qwen3-4b-nothink,medqa_test_00413,1,0.431031,5
medqa,qwen3-4b-nothink,medqa_test_00240,1,0.819691,5
medqa,qwen3-4b-nothink,medqa_test_01067,1,0.369318,1
medqa,qwen3-4b-nothink,medqa_test_00691,1,0.803123,2
medqa,qwen3-4b-nothink,medqa_test_00069,0,0.499479,2
medqa,qwen3-4b-nothink,medqa_test_00609,1,0.809636,3
medqa,qwen3-4b-nothink,medqa_test_00190,1,0.762673,4
medqa,qwen3-4b-nothink,medqa_test_00871,1,0.806074,1
medqa,qwen3-4b-nothink,medqa_test_00082,1,0.477335,4
mmlu_pro,qwen3-4b-nothink,mmlu_pro_test_09830,1,0.870119,1
mmlu_pro,qwen3-4b-nothink,mmlu_pro_test_04946,0,0.824425,2
mmlu_pro,qwen3-4b-nothink,mmlu_pro_test_06900,1,0.880462,3
mmlu_pro,qwen3-4b-nothink,mmlu_pro_test_00481,1,0.341893,5
mmlu_pro,qwen3-4b-nothink,mmlu_pro_test_01405,0,0.663768,4
mmlu_pro,qwen3-4b-nothink,mmlu_pro_test_03199,1,0.894319,1
mmlu_pro,qwen3-4b-nothink,mmlu_pro_test_00399,0,0.864135,5
mmlu_pro,qwen3-4b-nothink,mmlu_pro_test_06405,1,0.898566,2
mmlu_pro,qwen3-4b-nothink,mmlu_pro_test_07379,0,0.740861,1
mmlu_pro,qwen3-4b-nothink,mmlu_pro_test_02736,1,0.869912,3
mmlu_pro,qwen3-4b-nothink,mmlu_pro_test_08299,1,0.898765,1
mmlu_pro,qwen3-4b-nothink,mmlu_pro_test_11265,0,0.457834,2
mmlu_pro,qwen3-4b-nothink,mmlu_pro_test_02400,1,0.837335,4
mmlu_pro,qwen3-4b-nothink,mmlu_pro_test_00612,0,0.31272,4
mmlu_pro,qwen3-4b-nothink,mmlu_pro_test_04994,0,0.5002,4
mmlu_pro,qwen3-4b-nothink,mmlu_pro_test_08741,1,0.72387,1
mmlu_pro,qwen3-4b-nothink,mmlu_pro_test_02961,1,0.887158,4
mmlu_pro,qwen3-4b-nothink,mmlu_pro_test_08614,1,0.813097,1
mmlu_pro,qwen3-4b-nothink,mmlu_pro_test_00706,0,0.676322,4
mmlu_pro,qwen3-4b-nothink,mmlu_pro_test_05716,1,0.85638,1
mmlu_pro,qwen3-4b-nothink,mmlu_pro_test_07328,0,0.660342,5
mmlu_pro,qwen3-4b-nothink,mmlu_pro_test_03794,0,0.871494,1
mmlu_pro,qwen3-4b-nothink,mmlu_pro_test_11338,1,0.880647,1
mmlu_pro,qwen3-4b-nothink,mmlu_pro_test_07664,1,0.879638,5
mmlu_pro,qwen3-4b-nothink,mmlu_pro_test_03616,1,0.741403,5
mmlu_pro,qwen3-4b-nothink,mmlu_pro_test_09605,1,0.795838,2
mmlu_pro,qwen3-4b-nothink,mmlu_pro_test_02354,1,0.292391,1
mmlu_pro,qwen3-4b-nothink,mmlu_pro_test_04767,0,0.598239,2
mmlu_pro,qwen3-4b-nothink,mmlu_pro_test_11661,0,0.696697,3
mmlu_pro,qwen3-4b-nothink,mmlu_pro_test_05252,1,0.745503,2
mmlu_pro,qwen3-4b-nothink,mmlu_pro_test_10247,1,0.838623,2
mmlu_pro,qwen3-4b-nothink,mmlu_pro_test_07963,1,0.860808,1
mmlu_pro,qwen3-4b-nothink,mmlu_pro_test_01449,0,0.522652,5
mmlu_pro,qwen3-4b-nothink,mmlu_pro_test_11509,0,0.224795,2
mmlu_pro,qwen3-4b-nothink,mmlu_pro_test_08489,1,0.87585,1
mmlu_pro,qwen3-4b-nothink,mmlu_pro_test_07308,0,0.279317,5
mmlu_pro,qwen3-4b-nothink,mmlu_pro_test_03640,1,0.909443,4
mmlu_pro,qwen3-4b-nothink,mmlu_pro_test_05875,1,0.774128,5
mmlu_pro,qwen3-4b-nothink,mmlu_pro_test_00209,1,0.727701,5
mmlu_pro,qwen3-4b-nothink,mmlu_pro_test_10639,0,0.856317,1
mmlu_pro,qwen3-4b-nothink,mmlu_pro_test_07624,1,0.855152,4
mmlu_pro,qwen3-4b-nothink,mmlu_pro_test_08841,1,0.882114,3
mmlu_pro,qwen3-4b-nothink,mmlu_pro_test_10104,1,0.859892,1
mmlu_pro,qwen3-4b-nothink,mmlu_pro_test_03755,0,0.807098,4
mmlu_pro,qwen3-4b-nothink,mmlu_pro_test_00714,0,0.875025,1
mmlu_pro,qwen3-4b-nothink,mmlu_pro_test_08182,1,0.607914,2
mmlu_pro,qwen3-4b-nothink,mmlu_pro_test_07610,0,0.760261,3
mmlu_pro,qwen3-4b-nothink,mmlu_pro_test_01518,1,0.734368,5
mmlu_pro,qwen3-4b-nothink,mmlu_pro_test_11897,0,0.22836,2
mmlu_pro,qwen3-4b-nothink,mmlu_pro_test_03821,1,0.860211,4
mmlu_pro,qwen3-4b-nothink,mmlu_pro_test_02666,0,0.38023,2
mmlu_pro,qwen3-4b-nothink,mmlu_pro_test_00552,1,0.712854,5
mmlu_pro,qwen3-4b-nothink,mmlu_pro_test_04762,1,0.735319,2
mmlu_pro,qwen3-4b-nothink,mmlu_pro_test_11654,1,0.086706,1
mmlu_pro,qwen3-4b-nothink,mmlu_pro_test_10305,1,0.722227,3
mmlu_pro,qwen3-4b-nothink,mmlu_pro_test_11121,0,0.808261,5
mmlu_pro,qwen3-4b-nothink,mmlu_pro_test_10990,0,0.830854,2
mmlu_pro,qwen3-4b-nothink,mmlu_pro_test_07554,1,0.767702,2
mmlu_pro,qwen3-4b-nothink,mmlu_pro_test_10376,1,0.755093,4
mmlu_pro,qwen3-4b-nothink,mmlu_pro_test_07465,1,0.819418,2
mmlu_pro,qwen3-4b-nothink,mmlu_pro_test_06478,1,0.612625,5
mmlu_pro,qwen3-4b-nothink,mmlu_pro_test_07227,1,0.842583,4
mmlu_pro,qwen3-4b-nothink,mmlu_pro_test_08081,1,0.897065,3
mmlu_pro,qwen3-4b-nothink,mmlu_pro_test_02006,0,0.28066,4
mmlu_pro,qwen3-4b-nothink,mmlu_pro_test_06169,1,0.920707,4
mmlu_pro,qwen3-4b-nothink,mmlu_pro_test_00777,1,0.881007,1
mmlu_pro,qwen3-4b-nothink,mmlu_pro_test_01947,0,0.158793,2
mmlu_pro,qwen3-4b-nothink,mmlu_pro_test_03086,1,0.854387,5
mmlu_pro,qwen3-4b-nothink,mmlu_pro_test_06764,0,0.891866,2
mmlu_pro,qwen3-4b-nothink,mmlu_pro_test_04577,0,0.7845,5
mmlu_pro,qwen3-4b-nothink,mmlu_pro_test_07588,1,0.688254,5
mmlu_pro,qwen3-4b-nothink,mmlu_pro_test_04648,0,0.401107,5
mmlu_pro,qwen3-4b-nothink,mmlu_pro_test_11162,0,0.439637,5
mmlu_pro,qwen3-4b-nothink,mmlu_pro_test_03333,0,0.744129,4
mmlu_pro,qwen3-4b-nothink,mmlu_pro_test_07086,0,0.43732,4
mmlu_pro,qwen3-4b-nothink,mmlu_pro_test_07073,1,0.799055,1
mmlu_pro,qwen3-4b-nothink,mmlu_pro_test_02543,1,0.832452,2
mmlu_pro,qwen3-4b-nothink,mmlu_pro_test_09545,1,0.894019,5
mmlu_pro,qwen3-4b-nothink,mmlu_pro_test_09161,0,0.367991,5
mmlu_pro,qwen3-4b-nothink,mmlu_pro_test_05814,1,0.877701,1
mmlu_pro,qwen3-4b-nothink,mmlu_pro_test_10619,0,0.255673,1
mmlu_pro,qwen3-4b-nothink,mmlu_pro_test_02239,0,0.051189,2
mmlu_pro,qwen3-4b-nothink,mmlu_pro_test_05901,1,0.844528,1
mmlu_pro,qwen3-4b-nothink,mmlu_pro_test_01520,0,0.539271,5
mmlu_pro,qwen3-4b-nothink,mmlu_pro_test_04600,0,0.297004,5
mmlu_pro,qwen3-4b-nothink,mmlu_pro_test_03938,1,0.879684,5
mmlu_pro,qwen3-4b-nothink,mmlu_pro_test_04737,0,0.564531,4
mmlu_pro,qwen3-4b-nothink,mmlu_pro_test_11958,1,0.596462,3
mmlu_pro,qwen3-4b-nothink,mmlu_pro_test_08707,1,0.831675,3
mmlu_pro,qwen3-4b-nothink,mmlu_pro_test_06047,1,0.883103,1
mmlu_pro,qwen3-4b-nothink,mmlu_pro_test_10314,1,0.575096,5
mmlu_pro,qwen3-4b-nothink,mmlu_pro_test_06344,0,0.758111,5
mmlu_pro,qwen3-4b-nothink,mmlu_pro_test_07781,1,0.874554,5
mmlu_pro,qwen3-4b-nothink,mmlu_pro_test_11956,1,0.596308,3
mmlu_pro,qwen3-4b-nothink,mmlu_pro_test_11674,1,0.144806,2
mmlu_pro,qwen3-4b-nothink,mmlu_pro_test_01686,0,0.462625,1
mmlu_pro,qwen3-4b-nothink,mmlu_pro_test_01909,1,0.815315,2
mmlu_pro,qwen3-4b-nothink,mmlu_pro_test_07841,1,0.798691,2
mmlu_pro,qwen3-4b-nothink,mmlu_pro_test_02367,0,0.433218,1
mmlu_pro,qwen3-4b-nothink,mmlu_pro_test_03243,1,0.728123,2
mmlu_pro,qwen3-4b-nothink,mmlu_pro_test_03551,1,0.880639,1
mmlu_pro,qwen3-4b-nothink,mmlu_pro_test_00105,1,0.781172,2
mmlu_pro,qwen3-4b-nothink,mmlu_pro_test_10480,1,0.828835,3
mmlu_pro,qwen3-4b-nothink,mmlu_pro_test_07621,1,0.84503,5
mmlu_pro,qwen3-4b-nothink,mmlu_pro_test_05290,0,0.484079,5
mmlu_pro,qwen3-4b-nothink,mmlu_pro_test_06374,1,0.0929,5
mmlu_pro,qwen3-4b-nothink,mmlu_pro_test_03852,0,0.354087,4
mmlu_pro,qwen3-4b-nothink,mmlu_pro_test_04854,1,0.709347,1
mmlu_pro,qwen3-4b-nothink,mmlu_pro_test_01994,1,0.779935,5
mmlu_pro,qwen3-4b-nothink,mmlu_pro_test_08531,1,0.767113,4
mmlu_pro,qwen3-4b-nothink,mmlu_pro_test_03296,1,0.844933,1
mmlu_pro,qwen3-4b-nothink,mmlu_pro_test_11343,0,0.78604,4
mmlu_pro,qwen3-4b-nothink,mmlu_pro_test_01155,0,0.565446,3
mmlu_pro,qwen3-4b-nothink,mmlu_pro_test_04641,0,0.507359,5
mmlu_pro,qwen3-4b-nothink,mmlu_pro_test_06440,0,0.393618,3
mmlu_pro,qwen3-4b-nothink,mmlu_pro_test_04810,0,0.572661,1
mmlu_pro,qwen3-4b-nothink,mmlu_pro_test_06683,1,0.812699,5
mmlu_pro,qwen3-4b-nothink,mmlu_pro_test_10242,1,0.719441,5
mmlu_pro,qwen3-4b-nothink,mmlu_pro_test_04337,1,0.717783,1
mmlu_pro,qwen3-4b-nothink,mmlu_pro_test_06474,1,0.695543,4
mmlu_pro,qwen3-4b-nothink,mmlu_pro_test_01722,1,0.757267,3
mmlu_pro,qwen3-4b-nothink,mmlu_pro_test_00075,1,0.899979,4
mmlu_pro,qwen3-4b-nothink,mmlu_pro_test_01510,1,0.486473,5
mmlu_pro,qwen3-4b-nothink,mmlu_pro_test_07068,1,0.881178,3
mmlu_pro,qwen3-4b-nothink,mmlu_pro_test_01471,0,0.421793,4
mmlu_pro,qwen3-4b-nothink,mmlu_pro_test_04667,0,0.812237,4
mmlu_pro,qwen3-4b-nothink,mmlu_pro_test_04596,1,0.538678,2
mmlu_pro,qwen3-4b-nothink,mmlu_pro_test_11591,0,0.111156,3
mmlu_pro,qwen3-4b-nothink,mmlu_pro_test_11048,0,0.404389,1
mmlu_pro,qwen3-4b-nothink,mmlu_pro_test_09382,1,0.466883,5
mmlu_pro,qwen3-4b-nothink,mmlu_pro_test_08599,1,0.718613,3
mmlu_pro,qwen3-4b-nothink,mmlu_pro_test_06330,1,0.825679,4
mmlu_pro,qwen3-4b-nothink,mmlu_pro_test_09589,1,0.895144,4
mmlu_pro,qwen3-4b-nothink,mmlu_pro_test_10859,1,0.817448,4
mmlu_pro,qwen3-4b-nothink,mmlu_pro_test_01851,0,0.392816,3
mmlu_pro,qwen3-4b-nothink,mmlu_pro_test_05334,1,0.441934,4
mmlu_pro,qwen3-4b-nothink,mmlu_pro_test_03495,1,0.751748,1
mmlu_pro,qwen3-4b-nothink,mmlu_pro_test_04323,1,0.167786,1
mmlu_pro,qwen3-4b-nothink,mmlu_pro_test_03177,0,0.698587,2
mmlu_pro,qwen3-4b-nothink,mmlu_pro_test_02899,1,0.882771,2
mmlu_pro,qwen3-4b-nothink,mmlu_pro_test_06094,1,0.739776,2
mmlu_pro,qwen3-4b-nothink,mmlu_pro_test_10249,1,0.844322,4
mmlu_pro,qwen3-4b-nothink,mmlu_pro_test_01216,0,0.848047,1
mmlu_pro,qwen3-4b-nothink,mmlu_pro_test_10777,0,0.310755,3
mmlu_pro,qwen3-4b-nothink,mmlu_pro_test_03186,1,0.81348,2
mmlu_pro,qwen3-4b-nothink,mmlu_pro_test_00193,1,0.836192,2
mmlu_pro,qwen3-4b-nothink,mmlu_pro_test_06476,0,0.713329,4
mmlu_pro,qwen3-4b-nothink,mmlu_pro_test_03128,1,0.607012,5
mmlu_pro,qwen3-4b-nothink,mmlu_pro_test_06423,1,0.70114,1
mmlu_pro,qwen3-4b-nothink,mmlu_pro_test_04220,0,0.521675,2
mmlu_pro,qwen3-4b-nothink,mmlu_pro_test_02619,1,0.86975,3
mmlu_pro,qwen3-4b-nothink,mmlu_pro_test_07547,1,0.86872,3
mmlu_pro,qwen3-4b-nothink,mmlu_pro_test_03546,1,0.835783,3
mmlu_pro,qwen3-4b-nothink,mmlu_pro_test_04153,1,0.740321,2
mmlu_pro,qwen3-4b-nothink,mmlu_pro_test_05346,0,0.295315,2
mmlu_pro,qwen3-4b-nothink,mmlu_pro_test_02989,0,0.298077,2
mmlu_pro,qwen3-4b-nothink,mmlu_pro_test_09458,1,0.701025,1
mmlu_pro,qwen3-4b-nothink,mmlu_pro_test_07105,1,0.830983,3
mmlu_pro,qwen3-4b-nothink,mmlu_pro_test_03107,0,0.456207,1
mmlu_pro,qwen3-4b-nothink,mmlu_pro_test_10196,1,0.884794,1
mmlu_pro,qwen3-4b-nothink,mmlu_pro_test_10696,0,0.763733,3
mmlu_pro,qwen3-4b-nothink,mmlu_pro_test_02622,1,0.581024,1
mmlu_pro,qwen3-4b-nothink,mmlu_pro_test_02098,1,0.81649,2
mmlu_pro,qwen3-4b-nothink,mmlu_pro_test_01873,0,0.414787,3
mmlu_pro,qwen3-4b-nothink,mmlu_pro_test_03484,1,0.866337,5
mmlu_pro,qwen3-4b-nothink,mmlu_pro_test_02310,1,0.631003,3
mmlu_pro,qwen3-4b-nothink,mmlu_pro_test_04768,1,0.836172,1
mmlu_pro,qwen3-4b-nothink,mmlu_pro_test_00538,1,0.908393,3
mmlu_pro,qwen3-4b-nothink,mmlu_pro_test_08558,1,0.852021,2
mmlu_pro,qwen3-4b-nothink,mmlu_pro_test_02212,1,0.850585,3
mmlu_pro,qwen3-4b-nothink,mmlu_pro_test_00294,1,0.377368,3
mmlu_pro,qwen3-4b-nothink,mmlu_pro_test_01352,1,0.322575,5
mmlu_pro,qwen3-4b-nothink,mmlu_pro_test_04227,1,0.665268,2
mmlu_pro,qwen3-4b-nothink,mmlu_pro_test_04192,0,0.122677,3
mmlu_pro,qwen3-4b-nothink,mmlu_pro_test_11507,0,0.292164,5
mmlu_pro,qwen3-4b-nothink,mmlu_pro_test_10274,0,0.802252,3
mmlu_pro,qwen3-4b-nothink,mmlu_pro_test_00677,1,0.811848,3
mmlu_pro,qwen3-4b-nothink,mmlu_pro_test_01804,0,0.120305,1
mmlu_pro,qwen3-4b-nothink,mmlu_pro_test_06106,1,0.568409,3
mmlu_pro,qwen3-4b-nothink,mmlu_pro_test_01153,0,0.546399,5
mmlu_pro,qwen3-4b-nothink,mmlu_pro_test_10822,0,0.099686,2
mmlu_pro,qwen3-4b-nothink,mmlu_pro_test_00244,0,0.5828,4
mmlu_pro,qwen3-4b-nothink,mmlu_pro_test_05645,1,0.526337,3
mmlu_pro,qwen3-4b-nothink,mmlu_pro_test_01750,0,0.413479,3
mmlu_pro,qwen3-4b-nothink,mmlu_pro_test_01875,0,0.8801,4
mmlu_pro,qwen3-4b-nothink,mmlu_pro_test_01105,1,0.706424,4
mmlu_pro,qwen3-4b-nothink,mmlu_pro_test_06414,1,0.848277,4
mmlu_pro,qwen3-4b-nothink,mmlu_pro_test_03360,1,0.661303,4
mmlu_pro,qwen3-4b-nothink,mmlu_pro_test_01281,0,0.1761,4
mmlu_pro,qwen3-4b-nothink,mmlu_pro_test_06933,1,0.831318,2
mmlu_pro,qwen3-4b-nothink,mmlu_pro_test_01741,0,0.23565,5
mmlu_pro,qwen3-4b-nothink,mmlu_pro_test_09180,1,0.574835,5
mmlu_pro,qwen3-4b-nothink,mmlu_pro_test_10463,0,0.290196,2
mmlu_pro,qwen3-4b-nothink,mmlu_pro_test_07300,0,0.451956,1
mmlu_pro,qwen3-4b-nothink,mmlu_pro_test_07745,0,0.485332,5
mmlu_pro,qwen3-4b-nothink,mmlu_pro_test_03602,0,0.261819,1
mmlu_pro,qwen3-4b-nothink,mmlu_pro_test_05863,0,0.473072,5
mmlu_pro,qwen3-4b-nothink,mmlu_pro_test_11918,0,0.246011,1
mmlu_pro,qwen3-4b-nothink,mmlu_pro_test_10821,0,0.734372,5
mmlu_pro,qwen3-4b-nothink,mmlu_pro_test_00578,1,0.903383,4
mmlu_pro,qwen3-4b-nothink,mmlu_pro_test_01634,0,0.230563,4
mmlu_pro,qwen3-4b-nothink,mmlu_pro_test_04443,0,0.640386,1
mmlu_pro,qwen3-4b-nothink,mmlu_pro_test_01115,1,0.372199,2
mmlu_pro,qwen3-4b-nothink,mmlu_pro_test_01088,0,0.381994,4
mmlu_pro,qwen3-4b-nothink,mmlu_pro_test_09247,1,0.861801,1
mmlu_pro,qwen3-4b-nothink,mmlu_pro_test_09552,0,0.360555,4
mmlu_pro,qwen3-4b-nothink,mmlu_pro_test_06472,1,0.709115,4
mmlu_pro,qwen3-4b-nothink,mmlu_pro_test_00943,0,0.537874,3
mmlu_pro,qwen3-4b-nothink,mmlu_pro_test_05483,1,0.574589,5
mmlu_pro,qwen3-4b-nothink,mmlu_pro_test_00233,1,0.827709,2
mmlu_pro,qwen3-4b-nothink,mmlu_pro_test_00994,0,0.374531,2
mmlu_pro,qwen3-4b-nothink,mmlu_pro_test_00881,1,0.776495,2
mmlu_pro,qwen3-4b-nothink,mmlu_pro_test_06356,0,0.700029,2
mmlu_pro,qwen3-4b-nothink,mmlu_pro_test_05571,0,0.73586,1
mmlu_pro,qwen3-4b-nothink,mmlu_pro_test_05042,1,0.876766,5
mmlu_pro,qwen3-4b-nothink,mmlu_pro_test_03165,0,0.792485,2
mmlu_pro,qwen3-4b-nothink,mmlu_pro_test_06964,1,0.724956,3
mmlu_pro,qwen3-4b-nothink,mmlu_pro_test_00141,0,0.693727,5
mmlu_pro,qwen3-4b-nothink,mmlu_pro_test_11124,1,0.171737,5
mmlu_pro,qwen3-4b-nothink,mmlu_pro_test_12001,1,0.842409,4
mmlu_pro,qwen3-4b-nothink,mmlu_pro_test_09661,1,0.888768,1
mmlu_pro,qwen3-4b-nothink,mmlu_pro_test_06324,1,0.8151,4
mmlu_pro,qwen3-4b-nothink,mmlu_pro_test_08046,1,0.808232,2
mmlu_pro,qwen3-4b-nothink,mmlu_pro_test_11328,1,0.889813,2
mmlu_pro,qwen3-4b-nothink,mmlu_pro_test_10848,1,0.392874,4
mmlu_pro,qwen3-4b-nothink,mmlu_pro_test_11737,0,0.859827,5
mmlu_pro,qwen3-4b-nothink,mmlu_pro_test_09027,1,0.877943,2
mmlu_pro,qwen3-4b-nothink,mmlu_pro_test_06780,0,0.533111,5
mmlu_pro,qwen3-4b-nothink,mmlu_pro_test_06430,1,0.760249,1
mmlu_pro,qwen3-4b-nothink,mmlu_pro_test_09215,1,0.832185,1
mmlu_pro,qwen3-4b-nothink,mmlu_pro_test_08916,0,0.863239,4
mmlu_pro,qwen3-4b-nothink,mmlu_pro_test_03285,1,0.835656,5
mmlu_pro,qwen3-4b-nothink,mmlu_pro_test_04457,0,0.788491,5
mmlu_pro,qwen3-4b-nothink,mmlu_pro_test_00232,1,0.883986,1
mmlu_pro,qwen3-4b-nothink,mmlu_pro_test_07952,1,0.860954,1
mmlu_pro,qwen3-4b-nothink,mmlu_pro_test_02613,1,0.81863,2
mmlu_pro,qwen3-4b-nothink,mmlu_pro_test_07051,0,0.513146,5
mmlu_pro,qwen3-4b-nothink,mmlu_pro_test_06654,1,0.715867,2
mmlu_pro,qwen3-4b-nothink,mmlu_pro_test_08077,1,0.845197,1
mmlu_pro,qwen3-4b-nothink,mmlu_pro_test_00654,1,0.845935,5
mmlu_pro,qwen3-4b-nothink,mmlu_pro_test_01114,0,0.464303,3
mmlu_pro,qwen3-4b-nothink,mmlu_pro_test_02376,1,0.815013,1
mmlu_pro,qwen3-4b-nothink,mmlu_pro_test_10943,1,0.535595,4
mmlu_pro,qwen3-4b-nothink,mmlu_pro_test_03849,1,0.418765,4
mmlu_pro,qwen3-4b-nothink,mmlu_pro_test_01822,0,0.209012,3
mmlu_pro,qwen3-4b-nothink,mmlu_pro_test_01322,0,0.091093,3
mmlu_pro,qwen3-4b-nothink,mmlu_pro_test_08750,0,0.557069,1
mmlu_pro,qwen3-4b-nothink,mmlu_pro_test_08513,1,0.842202,1
mmlu_pro,qwen3-4b-nothink,mmlu_pro_test_06409,0,0.621607,2
mmlu_pro,qwen3-4b-nothink,mmlu_pro_test_05509,1,0.455388,1
mmlu_pro,qwen3-4b-nothink,mmlu_pro_test_05177,1,0.218594,5
mmlu_pro,qwen3-4b-nothink,mmlu_pro_test_07012,1,0.837441,5
mmlu_pro,qwen3-4b-nothink,mmlu_pro_test_07233,1,0.906475,3
mmlu_pro,qwen3-4b-nothink,mmlu_pro_test_04296,1,0.660444,3
mmlu_pro,qwen3-4b-nothink,mmlu_pro_test_06365,1,0.617838,5
mmlu_pro,qwen3-4b-nothink,mmlu_pro_test_00031,1,0.862764,3
mmlu_pro,qwen3-4b-nothink,mmlu_pro_test_02676,0,0.671193,3
mmlu_pro,qwen3-4b-nothink,mmlu_pro_test_07131,0,0.784829,5
mmlu_pro,qwen3-4b-nothink,mmlu_pro_test_03420,0,0.686783,3
mmlu_pro,qwen3-4b-nothink,mmlu_pro_test_00915,0,0.592352,3
mmlu_pro,qwen3-4b-nothink,mmlu_pro_test_08230,0,0.210413,2
mmlu_pro,qwen3-4b-nothink,mmlu_pro_test_07275,1,0.832558,1
mmlu_pro,qwen3-4b-nothink,mmlu_pro_test_09210,0,0.42629,2
mmlu_pro,qwen3-4b-nothink,mmlu_pro_test_10194,1,0.834033,4
mmlu_pro,qwen3-4b-nothink,mmlu_pro_test_07176,1,0.846001,1
mmlu_pro,qwen3-4b-nothink,mmlu_pro_test_00102,1,0.888688,1
mmlu_pro,qwen3-4b-nothink,mmlu_pro_test_01799,0,0.255337,2
mmlu_pro,qwen3-4b-nothink,mmlu_pro_test_06147,0,0.136991,5
mmlu_pro,qwen3-4b-nothink,mmlu_pro_test_05306,1,0.882631,4
mmlu_pro,qwen3-4b-nothink,mmlu_pro_test_02443,1,0.8576,2
mmlu_pro,qwen3-4b-nothink,mmlu_pro_test_01516,0,0.713025,4
mmlu_pro,qwen3-4b-nothink,mmlu_pro_test_05266,1,0.87676,1
mmlu_pro,qwen3-4b-nothink,mmlu_pro_test_11131,0,0.238757,1
mmlu_pro,qwen3-4b-nothink,mmlu_pro_test_08036,0,0.533714,4
mmlu_pro,qwen3-4b-nothink,mmlu_pro_test_05079,1,0.621113,5
mmlu_pro,qwen3-4b-nothink,mmlu_pro_test_11996,1,0.869018,3
mmlu_pro,qwen3-4b-nothink,mmlu_pro_test_07712,1,0.631356,2
mmlu_pro,qwen3-4b-nothink,mmlu_pro_test_07938,1,0.550227,3
mmlu_pro,qwen3-4b-nothink,mmlu_pro_test_08574,0,0.139572,4
mmlu_pro,qwen3-4b-nothink,mmlu_pro_test_10854,1,0.18677,3
mmlu_pro,qwen3-4b-nothink,mmlu_pro_test_03452,1,0.819582,5
mmlu_pro,qwen3-4b-nothink,mmlu_pro_test_02199,0,0.796468,4
mmlu_pro,qwen3-4b-nothink,mmlu_pro_test_00801,0,0.297072,5
mmlu_pro,qwen3-4b-nothink,mmlu_pro_test_06048,1,0.850557,5
mmlu_pro,qwen3-4b-nothink,mmlu_pro_test_04601,0,0.464213,4
mmlu_pro,qwen3-4b-nothink,mmlu_pro_test_09142,1,0.847763,3
mmlu_pro,qwen3-4b-nothink,mmlu_pro_test_08357,0,0.634694,2
mmlu_pro,qwen3-4b-nothink,mmlu_pro_test_06758,1,0.759795,3
mmlu_pro,qwen3-4b-nothink,mmlu_pro_test_05350,1,0.839606,5
mmlu_pro,qwen3-4b-nothink,mmlu_pro_test_03940,1,0.699853,4
mmlu_pro,qwen3-4b-nothink,mmlu_pro_test_00692,1,0.902243,2
mmlu_pro,qwen3-4b-nothink,mmlu_pro_test_07604,1,0.405685,1
mmlu_pro,qwen3-4b-nothink,mmlu_pro_test_02247,1,0.460005,3
mmlu_pro,qwen3-4b-nothink,mmlu_pro_test_01490,0,0.688227,3
mmlu_pro,qwen3-4b-nothink,mmlu_pro_test_00144,1,0.866404,1
mmlu_pro,qwen3-4b-nothink,mmlu_pro_test_03337,1,0.884576,1
mmlu_pro,qwen3-4b-nothink,mmlu_pro_test_05298,0,0.308259,2
mmlu_pro,qwen3-4b-nothink,mmlu_pro_test_04256,1,0.720398,3
mmlu_pro,qwen3-4b-nothink,mmlu_pro_test_11726,0,0.227033,3
mmlu_pro,qwen3-4b-nothink,mmlu_pro_test_02279,1,0.763987,1
mmlu_pro,qwen3-4b-nothink,mmlu_pro_test_06777,1,0.852349,3
mmlu_pro,qwen3-4b-nothink,mmlu_pro_test_03188,1,0.836544,5
mmlu_pro,qwen3-4b-nothink,mmlu_pro_test_04250,1,0.842358,4
mmlu_pro,qwen3-4b-nothink,mmlu_pro_test_01250,1,0.71267,5
mmlu_pro,qwen3-4b-nothink,mmlu_pro_test_08345,1,0.276786,4
mmlu_pro,qwen3-4b-nothink,mmlu_pro_test_11923,1,0.720184,4
mmlu_pro,qwen3-4b-nothink,mmlu_pro_test_02173,0,0.279563,3
mmlu_pro,qwen3-4b-nothink,mmlu_pro_test_00064,1,0.472302,5
mmlu_pro,qwen3-4b-nothink,mmlu_pro_test_05556,1,0.863144,4
mmlu_pro,qwen3-4b-nothink,mmlu_pro_test_00728,1,0.870709,3
mmlu_pro,qwen3-4b-nothink,mmlu_pro_test_01919,0,0.745738,2
mmlu_pro,qwen3-4b-nothink,mmlu_pro_test_05840,0,0.625812,2
mmlu_pro,qwen3-4b-nothink,mmlu_pro_test_10423,1,0.492036,5
mmlu_pro,qwen3-4b-nothink,mmlu_pro_test_05818,0,0.592982,3
mmlu_pro,qwen3-4b-nothink,mmlu_pro_test_09505,1,0.881167,4
mmlu_pro,qwen3-4b-nothink,mmlu_pro_test_10067,1,0.819339,1
mmlu_pro,qwen3-4b-nothink,mmlu_pro_test_08111,1,0.878248,2
mmlu_pro,qwen3-4b-nothink,mmlu_pro_test_11294,1,0.792746,4
mmlu_pro,qwen3-4b-nothink,mmlu_pro_test_05926,0,0.354252,2
mmlu_pro,qwen3-4b-nothink,mmlu_pro_test_00751,0,0.81806,1
mmlu_pro,qwen3-4b-nothink,mmlu_pro_test_10827,1,0.860781,3
mmlu_pro,qwen3-4b-nothink,mmlu_pro_test_08788,1,0.654865,5
mmlu_pro,qwen3-4b-nothink,mmlu_pro_test_06328,1,0.792393,3
mmlu_pro,qwen3-4b-nothink,mmlu_pro_test_02897,1,0.856768,5
mmlu_pro,qwen3-4b-nothink,mmlu_pro_test_00644,1,0.845336,2
mmlu_pro,qwen3-4b-nothink,mmlu_pro_test_09957,1,0.82079,2
mmlu_pro,qwen3-4b-nothink,mmlu_pro_test_01205,1,0.814271,5
mmlu_pro,qwen3-4b-nothink,mmlu_pro_test_05689,0,0.368107,4
mmlu_pro,qwen3-4b-nothink,mmlu_pro_test_05010,1,0.286694,4
mmlu_pro,qwen3-4b-nothink,mmlu_pro_test_05512,0,0.783528,3
mmlu_pro,qwen3-4b-nothink,mmlu_pro_test_06901,0,0.687723,3
mmlu_pro,qwen3-4b-nothink,mmlu_pro_test_04665,1,0.830992,2
mmlu_pro,qwen3-4b-nothink,mmlu_pro_test_01601,0,0.468458,5
mmlu_pro,qwen3-4b-nothink,mmlu_pro_test_07268,1,0.393697,2
mmlu_pro,qwen3-4b-nothink,mmlu_pro_test_11797,0,0.408339,2
mmlu_pro,qwen3-4b-nothink,mmlu_pro_test_09724,0,0.687023,4
mmlu_pro,qwen3-4b-nothink,mmlu_pro_test_06854,1,0.681582,3
mmlu_pro,qwen3-4b-nothink,mmlu_pro_test_02874,1,0.851099,3
mmlu_pro,qwen3-4b-nothink,mmlu_pro_test_00408,1,0.86398,3
mmlu_pro,qwen3-4b-nothink,mmlu_pro_test_11021,0,0.323269,4
mmlu_pro,qwen3-4b-nothink,mmlu_pro_test_06497,1,0.851275,3
mmlu_pro,qwen3-4b-nothink,mmlu_pro_test_08694,1,0.720368,4
mmlu_pro,qwen3-4b-nothink,mmlu_pro_test_00082,0,0.699394,3
mmlu_pro,qwen3-4b-nothink,mmlu_pro_test_05696,0,0.80518,4
mmlu_pro,qwen3-4b-nothink,mmlu_pro_test_07437,1,0.79828,4
mmlu_pro,qwen3-4b-nothink,mmlu_pro_test_08183,1,0.818413,5
mmlu_pro,qwen3-4b-nothink,mmlu_pro_test_01831,0,0.474503,1
mmlu_pro,qwen3-4b-nothink,mmlu_pro_test_03615,0,0.878418,2
mmlu_pro,qwen3-4b-nothink,mmlu_pro_test_02148,1,0.833901,4
mmlu_pro,qwen3-4b-nothink,mmlu_pro_test_00219,1,0.837231,1
mmlu_pro,qwen3-4b-nothink,mmlu_pro_test_08350,1,0.858773,2
mmlu_pro,qwen3-4b-nothink,mmlu_pro_test_03087,0,0.561714,2
mmlu_pro,qwen3-4b-nothink,mmlu_pro_test_07100,1,0.742087,2
mmlu_pro,qwen3-4b-nothink,mmlu_pro_test_09170,1,0.833936,3
mmlu_pro,qwen3-4b-nothink,mmlu_pro_test_02905,1,0.863941,1
mmlu_pro,qwen3-4b-nothink,mmlu_pro_test_04309,1,0.879454,5
mmlu_pro,qwen3-4b-nothink,mmlu_pro_test_08993,1,0.874223,1
mmlu_pro,qwen3-4b-nothink,mmlu_pro_test_10113,1,0.687157,2
mmlu_pro,qwen3-4b-nothink,mmlu_pro_test_08399,1,0.87902,4
mmlu_pro,qwen3-4b-nothink,mmlu_pro_test_01252,0,0.590122,2
mmlu_pro,qwen3-4b-nothink,mmlu_pro_test_02171,0,0.392185,3
mmlu_pro,qwen3-4b-nothink,mmlu_pro_test_07031,1,0.860791,1
mmlu_pro,qwen3-4b-nothink,mmlu_pro_test_11015,0,0.662312,5
mmlu_pro,qwen3-4b-nothink,mmlu_pro_test_04358,1,0.826204,3
mmlu_pro,qwen3-4b-nothink,mmlu_pro_test_06831,1,0.860314,3
mmlu_pro,qwen3-4b-nothink,mmlu_pro_test_09713,1,0.9125,4
mmlu_pro,qwen3-4b-nothink,mmlu_pro_test_11462,1,0.516363,3
mmlu_pro,qwen3-4b-nothink,mmlu_pro_test_09094,1,0.856998,3
mmlu_pro,qwen3-4b-nothink,mmlu_pro_test_05195,0,0.841239,2
mmlu_pro,qwen3-4b-nothink,mmlu_pro_test_08685,1,0.875605,1
mmlu_pro,qwen3-4b-nothink,mmlu_pro_test_04928,1,0.837962,5
mmlu_pro,qwen3-4b-nothink,mmlu_pro_test_01141,0,0.403806,1
mmlu_pro,qwen3-4b-nothink,mmlu_pro_test_06313,1,0.890645,1
mmlu_pro,qwen3-4b-nothink,mmlu_pro_test_06295,1,0.595611,4
mmlu_pro,qwen3-4b-nothink,mmlu_pro_test_08122,1,0.569073,2
mmlu_pro,qwen3-4b-nothink,mmlu_pro_test_00811,0,0.84784,3
mmlu_pro,qwen3-4b-nothink,mmlu_pro_test_06830,1,0.885173,3
mmlu_pro,qwen3-4b-nothink,mmlu_pro_test_08247,1,0.565861,3
mmlu_pro,qwen3-4b-nothink,mmlu_pro_test_11219,0,0.162683,4
mmlu_pro,qwen3-4b-nothink,mmlu_pro_test_09566,0,0.123351,4
mmlu_pro,qwen3-4b-nothink,mmlu_pro_test_08198,1,0.882421,1
mmlu_pro,qwen3-4b-nothink,mmlu_pro_test_02011,1,0.88293,4
mmlu_pro,qwen3-4b-nothink,mmlu_pro_test_01134,1,0.544691,3
mmlu_pro,qwen3-4b-nothink,mmlu_pro_test_09123,0,0.824295,1
mmlu_pro,qwen3-4b-nothink,mmlu_pro_test_10970,0,0.234106,2
mmlu_pro,qwen3-4b-nothink,mmlu_pro_test_04867,0,0.724661,5
mmlu_pro,qwen3-4b-nothink,mmlu_pro_test_00329,1,0.852926,5
mmlu_pro,qwen3-4b-nothink,mmlu_pro_test_11567,0,0.429071,5
mmlu_pro,qwen3-4b-nothink,mmlu_pro_test_02438,0,0.517361,5
mmlu_pro,qwen3-4b-nothink,mmlu_pro_test_01736,1,0.831324,3
mmlu_pro,qwen3-4b-nothink,mmlu_pro_test_04974,1,0.46469,4
mmlu_pro,qwen3-4b-nothink,mmlu_pro_test_04929,1,0.852949,4
mmlu_pro,qwen3-4b-nothink,mmlu_pro_test_00906,0,0.225853,2
mmlu_pro,qwen3-4b-nothink,mmlu_pro_test_10032,1,0.934955,4
mmlu_pro,qwen3-4b-nothink,mmlu_pro_test_10120,0,0.265158,5
mmlu_pro,qwen3-4b-nothink,mmlu_pro_test_04603,0,0.825574,4
mmlu_pro,qwen3-4b-nothink,mmlu_pro_test_09313,0,0.410927,1
mmlu_pro,qwen3-4b-nothink,mmlu_pro_test_03525,0,0.866567,1
mmlu_pro,qwen3-4b-nothink,mmlu_pro_test_06663,0,0.27166,2
mmlu_pro,qwen3-4b-nothink,mmlu_pro_test_05202,0,0.693339,1
mmlu_pro,qwen3-4b-nothink,mmlu_pro_test_07832,1,0.922324,2
mmlu_pro,qwen3-4b-nothink,mmlu_pro_test_06713,1,0.789794,2
mmlu_pro,qwen3-4b-nothink,mmlu_pro_test_06787,1,0.81699,5
mmlu_pro,qwen3-4b-nothink,mmlu_pro_test_08872,1,0.867799,4
mmlu_pro,qwen3-4b-nothink,mmlu_pro_test_08430,0,0.278654,1
mmlu_pro,qwen3-4b-nothink,mmlu_pro_test_08156,0,0.377207,4
mmlu_pro,qwen3-4b-nothink,mmlu_pro_test_03436,1,0.900702,4
mmlu_pro,qwen3-4b-nothink,mmlu_pro_test_05678,1,0.825196,2
mmlu_pro,qwen3-4b-nothink,mmlu_pro_test_09300,1,0.877949,1
mmlu_pro,qwen3-4b-nothink,mmlu_pro_test_11904,0,0.462345,2
mmlu_pro,qwen3-4b-nothink,mmlu_pro_test_08861,1,0.71849,1
mmlu_pro,qwen3-4b-nothink,mmlu_pro_test_11232,1,0.850589,1
mmlu_pro,qwen3-4b-nothink,mmlu_pro_test_06424,1,0.861648,2
mmlu_pro,qwen3-4b-nothink,mmlu_pro_test_02283,1,0.757986,4
mmlu_pro,qwen3-4b-nothink,mmlu_pro_test_04727,1,0.567876,1
mmlu_pro,qwen3-4b-nothink,mmlu_pro_test_01003,0,0.195976,2
mmlu_pro,qwen3-4b-nothink,mmlu_pro_test_10324,1,0.847802,1
mmlu_pro,qwen3-4b-nothink,mmlu_pro_test_11346,1,0.720147,3
mmlu_pro,qwen3-4b-nothink,mmlu_pro_test_10124,1,0.800743,2
mmlu_pro,qwen3-4b-nothink,mmlu_pro_test_03182,1,0.856944,1
mmlu_pro,qwen3-4b-nothink,mmlu_pro_test_08688,1,0.614681,3
mmlu_pro,qwen3-4b-nothink,mmlu_pro_test_03564,1,0.422385,3
mmlu_pro,qwen3-4b-nothink,mmlu_pro_test_05109,0,0.605704,4
mmlu_pro,qwen3-4b-nothink,mmlu_pro_test_10163,0,0.853281,4
mmlu_pro,qwen3-4b-nothink,mmlu_pro_test_03959,1,0.669776,3
mmlu_pro,qwen3-4b-nothink,mmlu_pro_test_09807,1,0.249922,5
mmlu_pro,qwen3-4b-nothink,mmlu_pro_test_11639,1,0.801059,2
mmlu_pro,qwen3-4b-nothink,mmlu_pro_test_11419,1,0.379629,4
mmlu_pro,qwen3-4b-nothink,mmlu_pro_test_03992,0,0.409709,2
mmlu_pro,qwen3-4b-nothink,mmlu_pro_test_06451,0,0.724624,1
mmlu_pro,qwen3-4b-nothink,mmlu_pro_test_03581,0,0.471978,1
mmlu_pro,qwen3-4b-nothink,mmlu_pro_test_00836,0,0.315555,5
mmlu_pro,qwen3-4b-nothink,mmlu_pro_test_08372,1,0.867321,5
mmlu_pro,qwen3-4b-nothink,mmlu_pro_test_01355,0,0.827314,4
mmlu_pro,qwen3-4b-nothink,mmlu_pro_test_10802,1,0.661173,3
mmlu_pro,qwen3-4b-nothink,mmlu_pro_test_00880,0,0.483232,3
mmlu_pro,qwen3-4b-nothink,mmlu_pro_test_00338,0,0.249605,2
mmlu_pro,qwen3-4b-nothink,mmlu_pro_test_00378,0,0.618508,1
mmlu_pro,qwen3-4b-nothink,mmlu_pro_test_03601,0,0.824029,1
mmlu_pro,qwen3-4b-nothink,mmlu_pro_test_09942,1,0.873978,1
mmlu_pro,qwen3-4b-nothink,mmlu_pro_test_06822,1,0.517586,2
mmlu_pro,qwen3-4b-nothink,mmlu_pro_test_08667,1,0.8321,4
mmlu_pro,qwen3-4b-nothink,mmlu_pro_test_08552,0,0.276211,5
mmlu_pro,qwen3-4b-nothink,mmlu_pro_test_05452,0,0.430419,3
mmlu_pro,qwen3-4b-nothink,mmlu_pro_test_09544,1,0.754648,5
mmlu_pro,qwen3-4b-nothink,mmlu_pro_test_11926,0,0.274863,2
mmlu_pro,qwen3-4b-nothink,mmlu_pro_test_04109,0,0.532135,2
mmlu_pro,qwen3-4b-nothink,mmlu_pro_test_00425,1,0.861427,3
mmlu_pro,qwen3-4b-nothink,mmlu_pro_test_02544,1,0.868961,1
mmlu_pro,qwen3-4b-nothink,mmlu_pro_test_01550,0,0.754159,2
mmlu_pro,qwen3-4b-nothink,mmlu_pro_test_08699,1,0.884271,1
mmlu_pro,qwen3-4b-nothink,mmlu_pro_test_11756,0,0.639328,4
mmlu_pro,qwen3-4b-nothink,mmlu_pro_test_03795,1,0.92725,4
mmlu_pro,qwen3-4b-nothink,mmlu_pro_test_06341,1,0.296846,4
mmlu_pro,qwen3-4b-nothink,mmlu_pro_test_06977,1,0.701064,5
mmlu_pro,qwen3-4b-nothink,mmlu_pro_test_06331,0,0.690252,4
mmlu_pro,qwen3-4b-nothink,mmlu_pro_test_06884,1,0.827686,1
mmlu_pro,qwen3-4b-nothink,mmlu_pro_test_02285,0,0.844647,1
mmlu_pro,qwen3-4b-nothink,mmlu_pro_test_11020,0,0.382814,1
mmlu_pro,qwen3-4b-nothink,mmlu_pro_test_01721,1,0.830976,1
mmlu_pro,qwen3-4b-nothink,mmlu_pro_test_05679,1,0.829132,5
mmlu_pro,qwen3-4b-nothink,mmlu_pro_test_06517,0,0.714635,2
mmlu_pro,qwen3-4b-nothink,mmlu_pro_test_03061,1,0.852019,5
mmlu_pro,qwen3-4b-nothink,mmlu_pro_test_10973,0,0.507025,2
mmlu_pro,qwen3-4b-nothink,mmlu_pro_test_08203,1,0.876953,1
mmlu_pro,qwen3-4b-nothink,mmlu_pro_test_09801,1,0.818012,3
mmlu_pro,qwen3-4b-nothink,mmlu_pro_test_02225,1,0.893,4
mmlu_pro,qwen3-4b-nothink,mmlu_pro_test_00940,0,0.310215,1
mmlu_pro,qwen3-4b-nothink,mmlu_pro_test_00504,1,0.235233,4
mmlu_pro,qwen3-4b-nothink,mmlu_pro_test_12024,0,0.325572,2
mmlu_pro,qwen3-4b-nothink,mmlu_pro_test_07930,1,0.704865,3
mmlu_pro,qwen3-4b-nothink,mmlu_pro_test_06579,1,0.564178,2
mmlu_pro,qwen3-4b-nothink,mmlu_pro_test_08275,1,0.871807,1
mmlu_pro,qwen3-4b-nothink,mmlu_pro_test_09550,1,0.895097,4
mmlu_pro,qwen3-4b-nothink,mmlu_pro_test_02498,1,0.72731,3
mmlu_pro,qwen3-4b-nothink,mmlu_pro_test_04021,0,0.294633,1
mmlu_pro,qwen3-4b-nothink,mmlu_pro_test_01960,0,0.562926,3
mmlu_pro,qwen3-4b-nothink,mmlu_pro_test_11222,1,0.867195,1
mmlu_pro,qwen3-4b-nothink,mmlu_pro_test_10708,1,0.509046,2
mmlu_pro,qwen3-4b-nothink,mmlu_pro_test_02841,1,0.877529,1
mmlu_pro,qwen3-4b-nothink,mmlu_pro_test_05560,1,0.583406,2
mmlu_pro,qwen3-4b-nothink,mmlu_pro_test_11547,1,0.837993,2
mmlu_pro,qwen3-4b-nothink,mmlu_pro_test_00438,1,0.55321,5
mmlu_pro,qwen3-4b-nothink,mmlu_pro_test_07857,1,0.610637,2
mmlu_pro,qwen3-4b-nothink,mmlu_pro_test_06513,1,0.820539,5
mmlu_pro,qwen3-4b-nothink,mmlu_pro_test_07069,1,0.661733,4
mmlu_pro,qwen3-4b-nothink,mmlu_pro_test_00479,0,0.840183,5
mmlu_pro,qwen3-4b-nothink,mmlu_pro_test_03955,1,0.873903,2
mmlu_pro,qwen3-4b-nothink,mmlu_pro_test_05605,1,0.34704,5
mmlu_pro,qwen3-4b-nothink,mmlu_pro_test_11413,1,0.472008,5
mmlu_pro,qwen3-4b-nothink,mmlu_pro_test_07246,0,0.677327,2
mmlu_pro,qwen3-4b-nothink,mmlu_pro_test_02726,0,0.566904,4
mmlu_pro,qwen3-4b-nothink,mmlu_pro_test_12013,0,0.120936,1
mmlu_pro,qwen3-4b-nothink,mmlu_pro_test_03025,1,0.82878,5
mmlu_pro,qwen3-4b-nothink,mmlu_pro_test_04032,1,0.814798,1
mmlu_pro,qwen3-4b-nothink,mmlu_pro_test_04556,1,0.625492,3
mmlu_pro,qwen3-4b-nothink,mmlu_pro_test_08846,1,0.279296,2
mmlu_pro,qwen3-4b-nothink,mmlu_pro_test_00159,0,0.353112,2
mmlu_pro,qwen3-4b-nothink,mmlu_pro_test_05857,1,0.779429,4
mmlu_pro,qwen3-4b-nothink,mmlu_pro_test_11777,1,0.867101,5
mmlu_pro,qwen3-4b-nothink,mmlu_pro_test_07599,0,0.142982,5
mmlu_pro,qwen3-4b-nothink,mmlu_pro_test_10348,0,0.696557,2
mmlu_pro,qwen3-4b-nothink,mmlu_pro_test_03896,1,0.862931,2
mmlu_pro,qwen3-4b-nothink,mmlu_pro_test_01626,0,0.153372,1
mmlu_pro,qwen3-4b-nothink,mmlu_pro_test_10350,0,0.804539,1
mmlu_pro,qwen3-4b-nothink,mmlu_pro_test_11151,0,0.469981,1
mmlu_pro,qwen3-4b-nothink,mmlu_pro_test_09877,1,0.504372,2
mmlu_pro,qwen3-4b-nothink,mmlu_pro_test_01553,1,0.434873,4
mmlu_pro,qwen3-4b-nothink,mmlu_pro_test_03055,1,0.844429,3
mmlu_pro,qwen3-4b-nothink,mmlu_pro_test_11366,1,0.422032,5
mmlu_pro,qwen3-4b-nothink,mmlu_pro_test_09504,1,0.339596,3
mmlu_pro,qwen3-4b-nothink,mmlu_pro_test_00636,1,0.49377,1
mmlu_pro,qwen3-4b-nothink,mmlu_pro_test_00277,1,0.849251,5
mmlu_pro,qwen3-4b-nothink,mmlu_pro_test_00288,0,0.486614,5
mmlu_pro,qwen3-4b-nothink,mmlu_pro_test_11665,1,0.85752,1
mmlu_pro,qwen3-4b-nothink,mmlu_pro_test_09600,1,0.65275,4
mmlu_pro,qwen3-4b-nothink,mmlu_pro_test_06037,0,0.887622,3
mmlu_pro,qwen3-4b-nothink,mmlu_pro_test_10887,1,0.700521,5
mmlu_pro,qwen3-4b-nothink,mmlu_pro_test_09230,1,0.330039,1
mmlu_pro,qwen3-4b-nothink,mmlu_pro_test_07156,1,0.884295,4
mmlu_pro,qwen3-4b-nothink,mmlu_pro_test_08774,1,0.838061,4
mmlu_pro,qwen3-4b-nothink,mmlu_pro_test_02540,1,0.855104,5
mmlu_pro,qwen3-4b-nothink,mmlu_pro_test_06076,1,0.812236,2
mmlu_pro,qwen3-4b-nothink,mmlu_pro_test_00886,0,0.672048,5
mmlu_pro,qwen3-4b-nothink,mmlu_pro_test_01537,1,0.274541,3
mmlu_pro,qwen3-4b-nothink,mmlu_pro_test_09637,0,0.689893,4
mmlu_pro,qwen3-4b-nothink,mmlu_pro_test_10013,1,0.454557,4
mmlu_pro,qwen3-4b-nothink,mmlu_pro_test_03543,1,0.878158,3
mmlu_pro,qwen3-4b-nothink,mmlu_pro_test_00900,1,0.342607,4
mmlu_pro,qwen3-4b-nothink,mmlu_pro_test_04439,1,0.306758,1
mmlu_pro,qwen3-4b-nothink,mmlu_pro_test_04870,1,0.866193,4
mmlu_pro,qwen3-4b-nothink,mmlu_pro_test_10222,1,0.432607,1
mmlu_pro,qwen3-4b-nothink,mmlu_pro_test_08932,0,0.338762,2
mmlu_pro,qwen3-4b-nothink,mmlu_pro_test_01482,0,0.103748,2
mmlu_pro,qwen3-4b-nothink,mmlu_pro_test_05997,0,0.755096,5
mmlu_pro,qwen3-4b-nothink,mmlu_pro_test_07383,1,0.117914,2
mmlu_pro,qwen3-4b-nothink,mmlu_pro_test_03864,1,0.459888,3
mmlu_pro,qwen3-4b-nothink,mmlu_pro_test_03206,1,0.882441,3
mmlu_pro,qwen3-4b-nothink,mmlu_pro_test_03219,1,0.866923,4
mmlu_pro,qwen3-4b-nothink,mmlu_pro_test_08616,1,0.877114,1
mmlu_pro,qwen3-4b-nothink,mmlu_pro_test_06239,1,0.854464,1
mmlu_pro,qwen3-4b-nothink,mmlu_pro_test_11218,0,0.765238,1
mmlu_pro,qwen3-4b-nothink,mmlu_pro_test_11431,1,0.894898,4
mmlu_pro,qwen3-4b-nothink,mmlu_pro_test_01772,1,0.352654,3
mmlu_pro,qwen3-4b-nothink,mmlu_pro_test_09875,0,0.787955,1
mmlu_pro,qwen3-4b-nothink,mmlu_pro_test_04910,0,0.65903,5
mmlu_pro,qwen3-4b-nothink,mmlu_pro_test_11144,1,0.400662,3
mmlu_pro,qwen3-4b-nothink,mmlu_pro_test_10608,1,0.836716,5
mmlu_pro,qwen3-4b-nothink,mmlu_pro_test_04765,1,0.844351,3
mmlu_pro,qwen3-4b-nothink,mmlu_pro_test_03207,1,0.848242,2
mmlu_pro,qwen3-4b-nothink,mmlu_pro_test_05102,1,0.718227,3
mmlu_pro,qwen3-4b-nothink,mmlu_pro_test_01711,0,0.382677,3
mmlu_pro,qwen3-4b-nothink,mmlu_pro_test_11092,1,0.861726,5
mmlu_pro,qwen3-4b-nothink,mmlu_pro_test_08269,1,0.770951,5
mmlu_pro,qwen3-4b-nothink,mmlu_pro_test_09488,0,0.033098,4
mmlu_pro,qwen3-4b-nothink,mmlu_pro_test_01019,1,0.160562,1
mmlu_pro,qwen3-4b-nothink,mmlu_pro_test_06772,1,0.809718,5
mmlu_pro,qwen3-4b-nothink,mmlu_pro_test_09129,0,0.279019,3
mmlu_pro,qwen3-4b-nothink,mmlu_pro_test_05528,1,0.736183,3
mmlu_pro,qwen3-4b-nothink,mmlu_pro_test_00467,1,0.300528,2
mmlu_pro,qwen3-4b-nothink,mmlu_pro_test_01400,1,0.849579,3
mmlu_pro,qwen3-4b-nothink,mmlu_pro_test_00792,0,0.363362,4
mmlu_pro,qwen3-4b-nothink,mmlu_pro_test_09177,1,0.864241,2
mmlu_pro,qwen3-4b-nothink,mmlu_pro_test_08481,0,0.419036,5
mmlu_pro,qwen3-4b-nothink,mmlu_pro_test_08496,1,0.816155,4
mmlu_pro,qwen3-4b-nothink,mmlu_pro_test_11186,0,0.39232,5
mmlu_pro,qwen3-4b-nothink,mmlu_pro_test_05897,1,0.816696,5
mmlu_pro,qwen3-4b-nothink,mmlu_pro_test_02054,1,0.824141,2
mmlu_pro,qwen3-4b-nothink,mmlu_pro_test_11008,0,0.278664,3
mmlu_pro,qwen3-4b-nothink,mmlu_pro_test_08110,1,0.250139,4
mmlu_pro,qwen3-4b-nothink,mmlu_pro_test_03402,1,0.837941,3
mmlu_pro,qwen3-4b-nothink,mmlu_pro_test_00221,0,0.454392,4
mmlu_pro,qwen3-4b-nothink,mmlu_pro_test_03979,0,0.300981,1
mmlu_pro,qwen3-4b-nothink,mmlu_pro_test_11046,0,0.666057,2
mmlu_pro,qwen3-4b-nothink,mmlu_pro_test_09827,1,0.893494,3
mmlu_pro,qwen3-4b-nothink,mmlu_pro_test_01377,1,0.37037,4
mmlu_pro,qwen3-4b-nothink,mmlu_pro_test_04611,1,0.645331,2
mmlu_pro,qwen3-4b-nothink,mmlu_pro_test_04003,1,0.826517,5
mmlu_pro,qwen3-4b-nothink,mmlu_pro_test_09422,1,0.870397,1
mmlu_pro,qwen3-4b-nothink,mmlu_pro_test_04440,0,0.274991,1
mmlu_pro,qwen3-4b-nothink,mmlu_pro_test_04069,1,0.887398,2
mmlu_pro,qwen3-4b-nothink,mmlu_pro_test_00045,0,0.865018,3
mmlu_pro,qwen3-4b-nothink,mmlu_pro_test_03477,0,0.406938,1
mmlu_pro,qwen3-4b-nothink,mmlu_pro_test_07164,0,0.407648,3
mmlu_pro,qwen3-4b-nothink,mmlu_pro_test_09773,1,0.740782,2
mmlu_pro,qwen3-4b-nothink,mmlu_pro_test_09053,1,0.884104,4
mmlu_pro,qwen3-4b-nothink,mmlu_pro_test_02203,1,0.855626,1
mmlu_pro,qwen3-4b-nothink,mmlu_pro_test_09735,1,0.714863,3
mmlu_pro,qwen3-4b-nothink,mmlu_pro_test_03701,1,0.875338,3
mmlu_pro,qwen3-4b-nothink,mmlu_pro_test_05405,1,0.879655,3
mmlu_pro,qwen3-4b-nothink,mmlu_pro_test_08569,1,0.898662,5
mmlu_pro,qwen3-4b-nothink,mmlu_pro_test_03172,1,0.883312,2
mmlu_pro,qwen3-4b-nothink,mmlu_pro_test_05757,0,0.582336,5
mmlu_pro,qwen3-4b-nothink,mmlu_pro_test_06448,0,0.833461,2
mmlu_pro,qwen3-4b-nothink,mmlu_pro_test_07928,1,0.819759,2
mmlu_pro,qwen3-4b-nothink,mmlu_pro_test_10412,1,0.825373,2
mmlu_pro,qwen3-4b-nothink,mmlu_pro_test_05561,1,0.282551,3
mmlu_pro,qwen3-4b-nothink,mmlu_pro_test_05699,1,0.726042,3
mmlu_pro,qwen3-4b-nothink,mmlu_pro_test_02130,1,0.197296,5
mmlu_pro,qwen3-4b-nothink,mmlu_pro_test_03197,1,0.835612,4
mmlu_pro,qwen3-4b-nothink,mmlu_pro_test_02136,1,0.483605,4
mmlu_pro,qwen3-4b-nothink,mmlu_pro_test_02648,1,0.882316,4
mmlu_pro,qwen3-4b-nothink,mmlu_pro_test_05842,1,0.843972,5
mmlu_pro,qwen3-4b-nothink,mmlu_pro_test_11234,1,0.864047,5
mmlu_pro,qwen3-4b-nothink,mmlu_pro_test_05457,0,0.738617,5
mmlu_pro,qwen3-4b-nothink,mmlu_pro_test_08440,1,0.826182,2
mmlu_pro,qwen3-4b-nothink,mmlu_pro_test_02528,1,0.891253,4
mmlu_pro,qwen3-4b-nothink,mmlu_pro_test_03004,1,0.861872,2
mmlu_pro,qwen3-4b-nothink,mmlu_pro_test_07942,1,0.874335,3
mmlu_pro,qwen3-4b-nothink,mmlu_pro_test_03933,1,0.888125,1
mmlu_pro,qwen3-4b-nothink,mmlu_pro_test_00211,1,0.827387,2
mmlu_pro,qwen3-4b-nothink,mmlu_pro_test_10752,1,0.872298,2
mmlu_pro,qwen3-4b-nothink,mmlu_pro_test_05534,1,0.490305,5
mmlu_pro,qwen3-4b-nothink,mmlu_pro_test_07919,1,0.324141,4
mmlu_pro,qwen3-4b-nothink,mmlu_pro_test_01966,0,0.26143,2
mmlu_pro,qwen3-4b-nothink,mmlu_pro_test_11143,1,0.902691,4
mmlu_pro,qwen3-4b-nothink,mmlu_pro_test_11733,0,0.554048,5
mmlu_pro,qwen3-4b-nothink,mmlu_pro_test_10184,1,0.690682,5
mmlu_pro,qwen3-4b-nothink,mmlu_pro_test_05853,0,0.832753,1
mmlu_pro,qwen3-4b-nothink,mmlu_pro_test_04197,1,0.644238,4
mmlu_pro,qwen3-4b-nothink,mmlu_pro_test_09652,0,0.671711,4
mmlu_pro,qwen3-4b-nothink,mmlu_pro_test_08957,0,0.310293,3
mmlu_pro,qwen3-4b-nothink,mmlu_pro_test_08140,1,0.853797,5
mmlu_pro,qwen3-4b-nothink,mmlu_pro_test_01495,1,0.221724,5
mmlu_pro,qwen3-4b-nothink,mmlu_pro_test_11666,0,0.554098,3
mmlu_pro,qwen3-4b-nothink,mmlu_pro_test_00127,1,0.830377,4
mmlu_pro,qwen3-4b-nothink,mmlu_pro_test_05823,1,0.870779,5
mmlu_pro,qwen3-4b-nothink,mmlu_pro_test_06648,1,0.827323,3
mmlu_pro,qwen3-4b-nothink,mmlu_pro_test_04513,0,0.729287,4
mmlu_pro,qwen3-4b-nothink,mmlu_pro_test_01340,1,0.102778,5
mmlu_pro,qwen3-4b-nothink,mmlu_pro_test_07044,1,0.877923,5
mmlu_pro,qwen3-4b-nothink,mmlu_pro_test_05098,1,0.836827,4
mmlu_pro,qwen3-4b-nothink,mmlu_pro_test_04858,1,0.860843,1
mmlu_pro,qwen3-4b-nothink,mmlu_pro_test_05115,0,0.831461,2
mmlu_pro,qwen3-4b-nothink,mmlu_pro_test_04473,1,0.770404,2
mmlu_pro,qwen3-4b-nothink,mmlu_pro_test_05391,1,0.321175,4
mmlu_pro,qwen3-4b-nothink,mmlu_pro_test_08620,1,0.876693,5
mmlu_pro,qwen3-4b-nothink,mmlu_pro_test_06792,1,0.583175,5
mmlu_pro,qwen3-4b-nothink,mmlu_pro_test_10355,1,0.482136,4
mmlu_pro,qwen3-4b-nothink,mmlu_pro_test_05086,1,0.824465,3
mmlu_pro,qwen3-4b-nothink,mmlu_pro_test_08058,1,0.864345,2
mmlu_pro,qwen3-4b-nothink,mmlu_pro_test_02357,0,0.633038,4
mmlu_pro,qwen3-4b-nothink,mmlu_pro_test_04466,1,0.795305,5
mmlu_pro,qwen3-4b-nothink,mmlu_pro_test_11658,1,0.36657,2
mmlu_pro,qwen3-4b-nothink,mmlu_pro_test_09754,1,0.86771,3
mmlu_pro,qwen3-4b-nothink,mmlu_pro_test_05867,0,0.859114,1
mmlu_pro,qwen3-4b-nothink,mmlu_pro_test_07850,1,0.875044,4
mmlu_pro,qwen3-4b-nothink,mmlu_pro_test_04159,1,0.850941,2
mmlu_pro,qwen3-4b-nothink,mmlu_pro_test_02630,1,0.84437,3
mmlu_pro,qwen3-4b-nothink,mmlu_pro_test_08607,1,0.894125,2
mmlu_pro,qwen3-4b-nothink,mmlu_pro_test_08650,1,0.869556,4
mmlu_pro,qwen3-4b-nothink,mmlu_pro_test_06300,1,0.726369,2
mmlu_pro,qwen3-4b-nothink,mmlu_pro_test_07786,1,0.801932,5
mmlu_pro,qwen3-4b-nothink,mmlu_pro_test_10202,1,0.878214,3
mmlu_pro,qwen3-4b-nothink,mmlu_pro_test_01890,0,0.841711,4
mmlu_pro,qwen3-4b-nothink,mmlu_pro_test_05206,0,0.385344,5
mmlu_pro,qwen3-4b-nothink,mmlu_pro_test_03518,1,0.684233,2
mmlu_pro,qwen3-4b-nothink,mmlu_pro_test_07132,1,0.851301,1
mmlu_pro,qwen3-4b-nothink,mmlu_pro_test_06601,1,0.667854,2
mmlu_pro,qwen3-4b-nothink,mmlu_pro_test_07394,1,0.708015,4
mmlu_pro,qwen3-4b-nothink,mmlu_pro_test_11930,1,0.711344,4
mmlu_pro,qwen3-4b-nothink,mmlu_pro_test_09182,1,0.830784,4
mmlu_pro,qwen3-4b-nothink,mmlu_pro_test_02152,1,0.784093,2
mmlu_pro,qwen3-4b-nothink,mmlu_pro_test_11478,1,0.856719,5
mmlu_pro,qwen3-4b-nothink,mmlu_pro_test_10045,1,0.834464,5
mmlu_pro,qwen3-4b-nothink,mmlu_pro_test_07211,1,0.899303,3
mmlu_pro,qwen3-4b-nothink,mmlu_pro_test_02080,1,0.851598,2
mmlu_pro,qwen3-4b-nothink,mmlu_pro_test_10517,1,0.878675,5
mmlu_pro,qwen3-4b-nothink,mmlu_pro_test_04284,1,0.830886,3
mmlu_pro,qwen3-4b-nothink,mmlu_pro_test_03677,1,0.873449,5
mmlu_pro,qwen3-4b-nothink,mmlu_pro_test_04387,0,0.873496,1
mmlu_pro,qwen3-4b-nothink,mmlu_pro_test_06802,0,0.555178,5
mmlu_pro,qwen3-4b-nothink,mmlu_pro_test_06404,1,0.906329,1
mmlu_pro,qwen3-4b-nothink,mmlu_pro_test_02366,1,0.823986,1
mmlu_pro,qwen3-4b-nothink,mmlu_pro_test_02737,1,0.680019,5
mmlu_pro,qwen3-4b-nothink,mmlu_pro_test_05495,0,0.49372,5
mmlu_pro,qwen3-4b-nothink,mmlu_pro_test_02371,1,0.651415,4
mmlu_pro,qwen3-4b-nothink,mmlu_pro_test_02003,1,0.57994,2
mmlu_pro,qwen3-4b-nothink,mmlu_pro_test_04589,1,0.802918,5
mmlu_pro,qwen3-4b-nothink,mmlu_pro_test_01861,1,0.721935,1
mmlu_pro,qwen3-4b-nothink,mmlu_pro_test_00991,0,0.267011,4
mmlu_pro,qwen3-4b-nothink,mmlu_pro_test_06894,1,0.870111,2
mmlu_pro,qwen3-4b-nothink,mmlu_pro_test_10841,0,0.564006,3
mmlu_pro,qwen3-4b-nothink,mmlu_pro_test_08112,1,0.861162,1
mmlu_pro,qwen3-4b-nothink,mmlu_pro_test_11190,0,0.335692,1
mmlu_pro,qwen3-4b-nothink,mmlu_pro_test_06000,1,0.680013,3
mmlu_pro,qwen3-4b-nothink,mmlu_pro_test_07453,1,0.80658,1
mmlu_pro,qwen3-4b-nothink,mmlu_pro_test_06357,1,0.826195,3
mmlu_pro,qwen3-4b-nothink,mmlu_pro_test_10158,0,0.210457,2
mmlu_pro,qwen3-4b-nothink,mmlu_pro_test_02333,1,0.86899,2
mmlu_pro,qwen3-4b-nothink,mmlu_pro_test_00665,1,0.8508,3
mmlu_pro,qwen3-4b-nothink,mmlu_pro_test_09772,1,0.870408,2
mmlu_pro,qwen3-4b-nothink,mmlu_pro_test_02232,0,0.82535,1
mmlu_pro,qwen3-4b-nothink,mmlu_pro_test_08057,1,0.88501,1
mmlu_pro,qwen3-4b-nothink,mmlu_pro_test_07686,0,0.794718,5
mmlu_pro,qwen3-4b-nothink,mmlu_pro_test_07000,0,0.362845,5
mmlu_pro,qwen3-4b-nothink,mmlu_pro_test_03907,1,0.852196,1
mmlu_pro,qwen3-4b-nothink,mmlu_pro_test_02107,0,0.538623,3
mmlu_pro,qwen3-4b-nothink,mmlu_pro_test_08787,1,0.586066,1
mmlu_pro,qwen3-4b-nothink,mmlu_pro_test_07903,1,0.497512,2
mmlu_pro,qwen3-4b-nothink,mmlu_pro_test_11322,1,0.226679,2
mmlu_pro,qwen3-4b-nothink,mmlu_pro_test_08825,1,0.87027,2
mmlu_pro,qwen3-4b-nothink,mmlu_pro_test_02887,1,0.878559,4
mmlu_pro,qwen3-4b-nothink,mmlu_pro_test_07283,1,0.55559,5
mmlu_pro,qwen3-4b-nothink,mmlu_pro_test_09937,1,0.693914,2
mmlu_pro,qwen3-4b-nothink,mmlu_pro_test_10531,1,0.641106,5
mmlu_pro,qwen3-4b-nothink,mmlu_pro_test_02395,1,0.83293,1
mmlu_pro,qwen3-4b-nothink,mmlu_pro_test_05937,1,0.900831,1
mmlu_pro,qwen3-4b-nothink,mmlu_pro_test_04859,1,0.734907,3
mmlu_pro,qwen3-4b-nothink,mmlu_pro_test_11122,0,0.203117,3
mmlu_pro,qwen3-4b-nothink,mmlu_pro_test_08852,1,0.808764,5
mmlu_pro,qwen3-4b-nothink,mmlu_pro_test_06011,1,0.89223,3
mmlu_pro,qwen3-4b-nothink,mmlu_pro_test_01974,1,0.831061,5
mmlu_pro,qwen3-4b-nothink,mmlu_pro_test_01952,1,0.811023,2
mmlu_pro,qwen3-4b-nothink,mmlu_pro_test_06332,0,0.37021,1
mmlu_pro,qwen3-4b-nothink,mmlu_pro_test_02635,1,0.829129,4
mmlu_pro,qwen3-4b-nothink,mmlu_pro_test_00712,1,0.854022,5
mmlu_pro,qwen3-4b-nothink,mmlu_pro_test_10743,1,0.472024,1
mmlu_pro,qwen3-4b-nothink,mmlu_pro_test_08477,1,0.843873,5
mmlu_pro,qwen3-4b-nothink,mmlu_pro_test_02993,1,0.454436,5
mmlu_pro,qwen3-4b-nothink,mmlu_pro_test_00670,1,0.881994,2
mmlu_pro,qwen3-4b-nothink,mmlu_pro_test_07469,0,0.795827,1
mmlu_pro,qwen3-4b-nothink,mmlu_pro_test_10157,0,0.843646,4
mmlu_pro,qwen3-4b-nothink,mmlu_pro_test_01650,1,0.621453,4
mmlu_pro,qwen3-4b-nothink,mmlu_pro_test_00055,0,0.282437,1
mmlu_pro,qwen3-4b-nothink,mmlu_pro_test_02795,1,0.446233,3
mmlu_pro,qwen3-4b-nothink,mmlu_pro_test_06138,0,0.838443,3
mmlu_pro,qwen3-4b-nothink,mmlu_pro_test_10870,0,0.589377,3
mmlu_pro,qwen3-4b-nothink,mmlu_pro_test_04614,0,0.824972,1
mmlu_pro,qwen3-4b-nothink,mmlu_pro_test_04206,0,0.714467,3
mmlu_pro,qwen3-4b-nothink,mmlu_pro_test_05338,1,0.61218,3
mmlu_pro,qwen3-4b-nothink,mmlu_pro_test_05627,1,0.489316,4
mmlu_pro,qwen3-4b-nothink,mmlu_pro_test_11201,0,0.204692,4
mmlu_pro,qwen3-4b-nothink,mmlu_pro_test_04829,1,0.276966,3
mmlu_pro,qwen3-4b-nothink,mmlu_pro_test_11045,0,0.862634,3
mmlu_pro,qwen3-4b-nothink,mmlu_pro_test_01830,1,0.801047,2
mmlu_pro,qwen3-4b-nothink,mmlu_pro_test_07607,1,0.487559,1
mmlu_pro,qwen3-4b-nothink,mmlu_pro_test_04024,0,0.472564,4
mmlu_pro,qwen3-4b-nothink,mmlu_pro_test_08245,1,0.878871,3
mmlu_pro,qwen3-4b-nothink,mmlu_pro_test_06946,1,0.656639,5
mmlu_pro,qwen3-4b-nothink,mmlu_pro_test_03633,1,0.869972,5
mmlu_pro,qwen3-4b-nothink,mmlu_pro_test_01057,1,0.309934,4
mmlu_pro,qwen3-4b-nothink,mmlu_pro_test_08964,0,0.146473,5
mmlu_pro,qwen3-4b-nothink,mmlu_pro_test_11962,1,0.585181,1
mmlu_pro,qwen3-4b-nothink,mmlu_pro_test_00694,1,0.875811,2
mmlu_pro,qwen3-4b-nothink,mmlu_pro_test_10060,1,0.761711,4
mmlu_pro,qwen3-4b-nothink,mmlu_pro_test_00929,0,0.804989,4
mmlu_pro,qwen3-4b-nothink,mmlu_pro_test_02272,1,0.801641,5
mmlu_pro,qwen3-4b-nothink,mmlu_pro_test_01432,0,0.094207,4
mmlu_pro,qwen3-4b-nothink,mmlu_pro_test_08065,1,0.857524,5
mmlu_pro,qwen3-4b-nothink,mmlu_pro_test_07856,1,0.7787,2
mmlu_pro,qwen3-4b-nothink,mmlu_pro_test_08178,1,0.689296,3
mmlu_pro,qwen3-4b-nothink,mmlu_pro_test_01910,1,0.725703,2
mmlu_pro,qwen3-4b-nothink,mmlu_pro_test_07470,0,0.521668,2
mmlu_pro,qwen3-4b-nothink,mmlu_pro_test_10867,0,0.729099,3
mmlu_pro,qwen3-4b-nothink,mmlu_pro_test_10259,0,0.286491,5
mmlu_pro,qwen3-4b-nothink,mmlu_pro_test_05244,1,0.453198,1
mmlu_pro,qwen3-4b-nothink,mmlu_pro_test_06944,0,0.680193,3
mmlu_pro,qwen3-4b-nothink,mmlu_pro_test_03299,1,0.865973,3
mmlu_pro,qwen3-4b-nothink,mmlu_pro_test_09599,1,0.8853,2
mmlu_pro,qwen3-4b-nothink,mmlu_pro_test_06282,1,0.282061,1
mmlu_pro,qwen3-4b-nothink,mmlu_pro_test_07764,1,0.743105,4
mmlu_pro,qwen3-4b-nothink,mmlu_pro_test_11014,0,0.31614,5
mmlu_pro,qwen3-4b-nothink,mmlu_pro_test_04212,0,0.6537,1
mmlu_pro,qwen3-4b-nothink,mmlu_pro_test_03338,1,0.618615,1
mmlu_pro,qwen3-4b-nothink,mmlu_pro_test_09467,0,0.217443,5
mmlu_pro,qwen3-4b-nothink,mmlu_pro_test_03154,1,0.890356,1
mmlu_pro,qwen3-4b-nothink,mmlu_pro_test_09253,1,0.839899,4
mmlu_pro,qwen3-4b-nothink,mmlu_pro_test_03542,1,0.868864,3
mmlu_pro,qwen3-4b-nothink,mmlu_pro_test_04277,1,0.850929,3
mmlu_pro,qwen3-4b-nothink,mmlu_pro_test_04168,1,0.812312,2
mmlu_pro,qwen3-4b-nothink,mmlu_pro_test_06896,1,0.830978,2
mmlu_pro,qwen3-4b-nothink,mmlu_pro_test_02667,1,0.61514,1
mmlu_pro,qwen3-4b-nothink,mmlu_pro_test_05954,0,0.433426,3
mmlu_pro,qwen3-4b-nothink,mmlu_pro_test_01957,1,0.299761,5
mmlu_pro,qwen3-4b-nothink,mmlu_pro_test_03718,1,0.696103,2
mmlu_pro,qwen3-4b-nothink,mmlu_pro_test_00723,1,0.846572,5
mmlu_pro,qwen3-4b-nothink,mmlu_pro_test_05089,1,0.754824,3
mmlu_pro,qwen3-4b-nothink,mmlu_pro_test_05701,1,0.798969,4
mmlu_pro,qwen3-4b-nothink,mmlu_pro_test_01840,0,0.664052,2
mmlu_pro,qwen3-4b-nothink,mmlu_pro_test_01016,1,0.726784,3
mmlu_pro,qwen3-4b-nothink,mmlu_pro_test_11924,1,0.221963,4
mmlu_pro,qwen3-4b-nothink,mmlu_pro_test_04162,1,0.85394,2
mmlu_pro,qwen3-4b-nothink,mmlu_pro_test_10643,1,0.09449,4
mmlu_pro,qwen3-4b-nothink,mmlu_pro_test_00847,1,0.836493,5
mmlu_pro,qwen3-4b-nothink,mmlu_pro_test_11874,0,0.321931,4
mmlu_pro,qwen3-4b-nothink,mmlu_pro_test_06902,1,0.597968,2
mmlu_pro,qwen3-4b-nothink,mmlu_pro_test_06564,1,0.704273,1
mmlu_pro,qwen3-4b-nothink,mmlu_pro_test_00290,0,0.406911,4
mmlu_pro,qwen3-4b-nothink,mmlu_pro_test_03035,1,0.313599,4
mmlu_pro,qwen3-4b-nothink,mmlu_pro_test_05652,0,0.181642,1
mmlu_pro,qwen3-4b-nothink,mmlu_pro_test_03553,1,0.885779,2
mmlu_pro,qwen3-4b-nothink,mmlu_pro_test_07409,0,0.665806,3
mmlu_pro,qwen3-4b-nothink,mmlu_pro_test_02082,0,0.249836,1
mmlu_pro,qwen3-4b-nothink,mmlu_pro_test_11244,0,0.139338,5
mmlu_pro,qwen3-4b-nothink,mmlu_pro_test_04529,1,0.870922,5
mmlu_pro,qwen3-4b-nothink,mmlu_pro_test_00835,0,0.642861,4
mmlu_pro,qwen3-4b-nothink,mmlu_pro_test_00148,1,0.778025,1
mmlu_pro,qwen3-4b-nothink,mmlu_pro_test_01955,1,0.775887,1
mmlu_pro,qwen3-4b-nothink,mmlu_pro_test_07553,1,0.858636,2
mmlu_pro,qwen3-4b-nothink,mmlu_pro_test_02680,1,0.82168,1
mmlu_pro,qwen3-4b-nothink,mmlu_pro_test_05719,1,0.797944,5
mmlu_pro,qwen3-4b-nothink,mmlu_pro_test_05964,1,0.755513,4
mmlu_pro,qwen3-4b-nothink,mmlu_pro_test_03334,1,0.883195,2
mmlu_pro,qwen3-4b-nothink,mmlu_pro_test_09455,1,0.861702,2
mmlu_pro,qwen3-4b-nothink,mmlu_pro_test_07687,1,0.760913,1
mmlu_pro,qwen3-4b-nothink,mmlu_pro_test_02685,1,0.713508,3
mmlu_pro,qwen3-4b-nothink,mmlu_pro_test_03660,1,0.844536,3
mmlu_pro,qwen3-4b-nothink,mmlu_pro_test_00679,1,0.812827,3
mmlu_pro,qwen3-4b-nothink,mmlu_pro_test_03095,1,0.843707,4
mmlu_pro,qwen3-4b-nothink,mmlu_pro_test_03614,1,0.670077,4
mmlu_pro,qwen3-4b-nothink,mmlu_pro_test_01253,1,0.408726,5
mmlu_pro,qwen3-4b-nothink,mmlu_pro_test_04551,0,0.883938,4
mmlu_pro,qwen3-4b-nothink,mmlu_pro_test_03358,1,0.672551,3
mmlu_pro,qwen3-4b-nothink,mmlu_pro_test_06597,1,0.663945,2
mmlu_pro,qwen3-4b-nothink,mmlu_pro_test_07171,1,0.674868,2
mmlu_pro,qwen3-4b-nothink,mmlu_pro_test_12009,1,0.814068,4
mmlu_pro,qwen3-4b-nothink,mmlu_pro_test_10561,1,0.863482,4
mmlu_pro,qwen3-4b-nothink,mmlu_pro_test_10161,1,0.820959,1
mmlu_pro,qwen3-4b-nothink,mmlu_pro_test_10710,0,0.298374,5
mmlu_pro,qwen3-4b-nothink,mmlu_pro_test_10933,0,0.162905,3
mmlu_pro,qwen3-4b-nothink,mmlu_pro_test_02554,1,0.706755,4
mmlu_pro,qwen3-4b-nothink,mmlu_pro_test_00063,1,0.656703,1
mmlu_pro,qwen3-4b-nothink,mmlu_pro_test_09568,1,0.668043,5
mmlu_pro,qwen3-4b-nothink,mmlu_pro_test_05917,1,0.826493,1
mmlu_pro,qwen3-4b-nothink,mmlu_pro_test_04862,1,0.889881,2
mmlu_pro,qwen3-4b-nothink,mmlu_pro_test_02974,1,0.811653,1
mmlu_pro,qwen3-4b-nothink,mmlu_pro_test_00389,1,0.587503,5
mmlu_pro,qwen3-4b-nothink,mmlu_pro_test_10405,1,0.807509,4
mmlu_pro,qwen3-4b-nothink,mmlu_pro_test_06039,0,0.238013,3
mmlu_pro,qwen3-4b-nothink,mmlu_pro_test_05836,0,0.857096,1
mmlu_pro,qwen3-4b-nothink,mmlu_pro_test_01171,0,0.341584,1
mmlu_pro,qwen3-4b-nothink,mmlu_pro_test_03828,1,0.588403,4
mmlu_pro,qwen3-4b-nothink,mmlu_pro_test_02519,0,0.636718,4
mmlu_pro,qwen3-4b-nothink,mmlu_pro_test_04482,0,0.143615,2
mmlu_pro,qwen3-4b-nothink,mmlu_pro_test_05468,1,0.158931,4
mmlu_pro,qwen3-4b-nothink,mmlu_pro_test_02351,0,0.376497,3
mmlu_pro,qwen3-4b-nothink,mmlu_pro_test_05903,0,0.7729,3
mmlu_pro,qwen3-4b-nothink,mmlu_pro_test_08359,1,0.668692,1
mmlu_pro,qwen3-4b-nothink,mmlu_pro_test_07824,1,0.806365,3
mmlu_pro,qwen3-4b-nothink,mmlu_pro_test_00297,0,0.122116,5
mmlu_pro,qwen3-4b-nothink,mmlu_pro_test_06017,0,0.608521,5
mmlu_pro,qwen3-4b-nothink,mmlu_pro_test_02611,0,0.519714,2
mmlu_pro,qwen3-4b-nothink,mmlu_pro_test_04404,1,0.792744,3
mmlu_pro,qwen3-4b-nothink,mmlu_pro_test_05402,0,0.61312,3
mmlu_pro,qwen3-4b-nothink,mmlu_pro_test_10603,1,0.572117,3
mmlu_pro,qwen3-4b-nothink,mmlu_pro_test_08635,1,0.821804,1
mmlu_pro,qwen3-4b-nothink,mmlu_pro_test_03332,1,0.859378,3
mmlu_pro,qwen3-4b-nothink,mmlu_pro_test_02894,1,0.694451,4
mmlu_pro,qwen3-4b-nothink,mmlu_pro_test_05078,0,0.441643,4
mmlu_pro,qwen3-4b-nothink,mmlu_pro_test_08752,1,0.848634,3
mmlu_pro,qwen3-4b-nothink,mmlu_pro_test_03599,1,0.829886,2
mmlu_pro,qwen3-4b-nothink,mmlu_pro_test_06148,1,0.804936,5
mmlu_pro,qwen3-4b-nothink,mmlu_pro_test_00760,1,0.882586,5
mmlu_pro,qwen3-4b-nothink,mmlu_pro_test_04202,1,0.848647,5
mmlu_pro,qwen3-4b-nothink,mmlu_pro_test_09857,1,0.84691,5
mmlu_pro,qwen3-4b-nothink,mmlu_pro_test_08495,1,0.729863,3
mmlu_pro,qwen3-4b-nothink,mmlu_pro_test_03209,1,0.854261,5
mmlu_pro,qwen3-4b-nothink,mmlu_pro_test_11189,0,0.112834,3
mmlu_pro,qwen3-4b-nothink,mmlu_pro_test_10063,1,0.559711,2
mmlu_pro,qwen3-4b-nothink,mmlu_pro_test_00615,0,0.548667,3
mmlu_pro,qwen3-4b-nothink,mmlu_pro_test_05705,0,0.887244,3
mmlu_pro,qwen3-4b-nothink,mmlu_pro_test_07399,1,0.837486,4
mmlu_pro,qwen3-4b-nothink,mmlu_pro_test_06998,1,0.839476,5
mmlu_pro,qwen3-4b-nothink,mmlu_pro_test_09958,0,0.407715,1
mmlu_pro,qwen3-4b-nothink,mmlu_pro_test_08469,0,0.825752,1
mmlu_pro,qwen3-4b-nothink,mmlu_pro_test_01148,0,0.129572,4
mmlu_pro,qwen3-4b-nothink,mmlu_pro_test_11493,0,0.347705,2
mmlu_pro,qwen3-4b-nothink,mmlu_pro_test_05569,1,0.818478,1
mmlu_pro,qwen3-4b-nothink,mmlu_pro_test_07474,0,0.331866,5
mmlu_pro,qwen3-4b-nothink,mmlu_pro_test_07001,0,0.627855,3
mmlu_pro,qwen3-4b-nothink,mmlu_pro_test_02051,1,0.515135,4
mmlu_pro,qwen3-4b-nothink,mmlu_pro_test_08106,1,0.891605,5
mmlu_pro,qwen3-4b-nothink,mmlu_pro_test_04100,1,0.765976,3
mmlu_pro,qwen3-4b-nothink,mmlu_pro_test_09610,1,0.83948,1
mmlu_pro,qwen3-4b-nothink,mmlu_pro_test_05537,1,0.700909,3
mmlu_pro,qwen3-4b-nothink,mmlu_pro_test_11239,1,0.850295,4
mmlu_pro,qwen3-4b-nothink,mmlu_pro_test_01333,0,0.79839,3
mmlu_pro,qwen3-4b-nothink,mmlu_pro_test_06133,1,0.671181,2
mmlu_pro,qwen3-4b-nothink,mmlu_pro_test_03392,1,0.882363,3
mmlu_pro,qwen3-4b-nothink,mmlu_pro_test_05891,1,0.853904,2
mmlu_pro,qwen3-4b-nothink,mmlu_pro_test_09680,1,0.852758,4
mmlu_pro,qwen3-4b-nothink,mmlu_pro_test_07864,1,0.901077,4
mmlu_pro,qwen3-4b-nothink,mmlu_pro_test_10359,0,0.173063,3
mmlu_pro,qwen3-4b-nothink,mmlu_pro_test_09116,1,0.85462,5
mmlu_pro,qwen3-4b-nothink,mmlu_pro_test_03160,1,0.736478,3
mmlu_pro,qwen3-4b-nothink,mmlu_pro_test_05953,0,0.244527,3
mmlu_pro,qwen3-4b-nothink,mmlu_pro_test_06665,1,0.878937,3
mmlu_pro,qwen3-4b-nothink,mmlu_pro_test_01147,1,0.617479,2
mmlu_pro,qwen3-4b-nothink,mmlu_pro_test_02100,0,0.826806,1
mmlu_pro,qwen3-4b-nothink,mmlu_pro_test_03168,1,0.76564,1
mmlu_pro,qwen3-4b-nothink,mmlu_pro_test_07754,0,0.695864,4
mmlu_pro,qwen3-4b-nothink,mmlu_pro_test_09289,1,0.856315,4
mmlu_pro,qwen3-4b-nothink,mmlu_pro_test_08419,1,0.724038,1
mmlu_pro,qwen3-4b-nothink,mmlu_pro_test_08358,1,0.910928,4
mmlu_pro,qwen3-4b-nothink,mmlu_pro_test_03016,1,0.852072,3
mmlu_pro,qwen3-4b-nothink,mmlu_pro_test_10309,1,0.817274,2
mmlu_pro,qwen3-4b-nothink,mmlu_pro_test_03934,1,0.621392,4
mmlu_pro,qwen3-4b-nothink,mmlu_pro_test_03865,1,0.587312,2
mmlu_pro,qwen3-4b-nothink,mmlu_pro_test_02632,1,0.830221,1
mmlu_pro,qwen3-4b-nothink,mmlu_pro_test_00249,1,0.419005,1
mmlu_pro,qwen3-4b-nothink,mmlu_pro_test_11347,1,0.665885,1
mmlu_pro,qwen3-4b-nothink,mmlu_pro_test_11564,0,0.096307,5
mmlu_pro,qwen3-4b-nothink,mmlu_pro_test_06629,0,0.341839,2
mmlu_pro,qwen3-4b-nothink,mmlu_pro_test_07287,0,0.360623,1
mmlu_pro,qwen3-4b-nothink,mmlu_pro_test_01963,1,0.719321,3
mmlu_pro,qwen3-4b-nothink,mmlu_pro_test_02633,1,0.726739,4
mmlu_pro,qwen3-4b-nothink,mmlu_pro_test_02873,1,0.85128,1
trivia_qa,qwen3-4b-nothink,trivia_qa_validation_01109,1,0.70974,5
trivia_qa,qwen3-4b-nothink,trivia_qa_validation_01470,0,0.099787,5
trivia_qa,qwen3-4b-nothink,trivia_qa_validation_03794,1,0.297054,5
trivia_qa,qwen3-4b-nothink,trivia_qa_validation_17430,1,0.695556,5
trivia_qa,qwen3-4b-nothink,trivia_qa_validation_04391,0,0.194084,4
trivia_qa,qwen3-4b-nothink,trivia_qa_validation_02655,0,0.01273,4
trivia_qa,qwen3-4b-nothink,trivia_qa_validation_00167,0,0.717063,1
trivia_qa,qwen3-4b-nothink,trivia_qa_validation_13407,0,0.01786,2
trivia_qa,qwen3-4b-nothink,trivia_qa_validation_07784,0,0.010629,2
trivia_qa,qwen3-4b-nothink,trivia_qa_validation_02331,0,0.717941,2
trivia_qa,qwen3-4b-nothink,trivia_qa_validation_12374,1,0.186133,5
trivia_qa,qwen3-4b-nothink,trivia_qa_validation_04621,0,0.025441,2
trivia_qa,qwen3-4b-nothink,trivia_qa_validation_08546,0,0.006577,1
trivia_qa,qwen3-4b-nothink,trivia_qa_validation_14149,1,0.717083,5
trivia_qa,qwen3-4b-nothink,trivia_qa_validation_13242,0,0.27843,3
trivia_qa,qwen3-4b-nothink,trivia_qa_validation_16107,0,0.008467,4
trivia_qa,qwen3-4b-nothink,trivia_qa_validation_15389,0,0.767989,1
trivia_qa,qwen3-4b-nothink,trivia_qa_validation_04524,0,0.011244,2
trivia_qa,qwen3-4b-nothink,trivia_qa_validation_07587,0,0.012316,1
trivia_qa,qwen3-4b-nothink,trivia_qa_validation_17249,1,0.611211,1
trivia_qa,qwen3-4b-nothink,trivia_qa_validation_03990,1,0.065498,4
trivia_qa,qwen3-4b-nothink,trivia_qa_validation_07948,0,0.379017,2
trivia_qa,qwen3-4b-nothink,trivia_qa_validation_03732,1,0.709159,2
trivia_qa,qwen3-4b-nothink,trivia_qa_validation_11906,1,0.312017,2
trivia_qa,qwen3-4b-nothink,trivia_qa_validation_17663,1,0.656671,1
trivia_qa,qwen3-4b-nothink,trivia_qa_validation_14175,0,0.496748,1
trivia_qa,qwen3-4b-nothink,trivia_qa_validation_11569,0,0.316576,4
trivia_qa,qwen3-4b-nothink,trivia_qa_validation_11279,1,0.729613,2
trivia_qa,qwen3-4b-nothink,trivia_qa_validation_07694,1,0.751494,2
trivia_qa,qwen3-4b-nothink,trivia_qa_validation_10119,1,0.721839,5
trivia_qa,qwen3-4b-nothink,trivia_qa_validation_13020,1,0.642813,1
trivia_qa,qwen3-4b-nothink,trivia_qa_validation_07528,0,0.153705,3
trivia_qa,qwen3-4b-nothink,trivia_qa_validation_06018,1,0.730604,2
trivia_qa,qwen3-4b-nothink,trivia_qa_validation_09962,0,0.045728,4
trivia_qa,qwen3-4b-nothink,trivia_qa_validation_14924,0,0.014693,2
trivia_qa,qwen3-4b-nothink,trivia_qa_validation_07120,1,0.697442,5
trivia_qa,qwen3-4b-nothink,trivia_qa_validation_02562,1,0.722687,1
trivia_qa,qwen3-4b-nothink,trivia_qa_validation_03667,0,0.431482,1
trivia_qa,qwen3-4b-nothink,trivia_qa_validation_04299,0,0.357355,5
trivia_qa,qwen3-4b-nothink,trivia_qa_validation_11200,0,0.09914,4
trivia_qa,qwen3-4b-nothink,trivia_qa_validation_12688,1,0.736019,4
trivia_qa,qwen3-4b-nothink,trivia_qa_validation_09855,0,0.12023,2
trivia_qa,qwen3-4b-nothink,trivia_qa_validation_05061,1,0.694498,5
trivia_qa,qwen3-4b-nothink,trivia_qa_validation_12868,0,0.748655,4
trivia_qa,qwen3-4b-nothink,trivia_qa_validation_05181,0,0.751757,2
trivia_qa,qwen3-4b-nothink,trivia_qa_validation_11411,1,0.738559,2
trivia_qa,qwen3-4b-nothink,trivia_qa_validation_16167,0,0.091214,4
trivia_qa,qwen3-4b-nothink,trivia_qa_validation_07276,0,0.377362,4
trivia_qa,qwen3-4b-nothink,trivia_qa_validation_06309,1,0.731472,2
trivia_qa,qwen3-4b-nothink,trivia_qa_validation_02388,0,0.006272,2
trivia_qa,qwen3-4b-nothink,trivia_qa_validation_11514,0,0.018388,2
trivia_qa,qwen3-4b-nothink,trivia_qa_validation_17551,1,0.777561,1
trivia_qa,qwen3-4b-nothink,trivia_qa_validation_06082,0,0.077873,5
trivia_qa,qwen3-4b-nothink,trivia_qa_validation_06331,0,0.005224,2
trivia_qa,qwen3-4b-nothink,trivia_qa_validation_01768,1,0.730036,5
trivia_qa,qwen3-4b-nothink,trivia_qa_validation_07828,0,0.544327,1
trivia_qa,qwen3-4b-nothink,trivia_qa_validation_05245,0,0.412678,3
trivia_qa,qwen3-4b-nothink,trivia_qa_validation_00707,1,0.750669,2
trivia_qa,qwen3-4b-nothink,trivia_qa_validation_10470,0,0.00704,4
trivia_qa,qwen3-4b-nothink,trivia_qa_validation_09051,0,0.35743,2
trivia_qa,qwen3-4b-nothink,trivia_qa_validation_01134,1,0.440368,4
trivia_qa,qwen3-4b-nothink,trivia_qa_validation_07057,0,0.013279,4
trivia_qa,qwen3-4b-nothink,trivia_qa_validation_15086,1,0.714805,5
trivia_qa,qwen3-4b-nothink,trivia_qa_validation_06856,0,0.013336,4
trivia_qa,qwen3-4b-nothink,trivia_qa_validation_00992,1,0.747125,3
trivia_qa,qwen3-4b-nothink,trivia_qa_validation_08306,1,0.217197,2
trivia_qa,qwen3-4b-nothink,trivia_qa_validation_15787,1,0.266517,2
trivia_qa,qwen3-4b-nothink,trivia_qa_validation_08600,1,0.745673,3
trivia_qa,qwen3-4b-nothink,trivia_qa_validation_12223,0,0.797932,4
trivia_qa,qwen3-4b-nothink,trivia_qa_validation_10288,0,0.768948,3
trivia_qa,qwen3-4b-nothink,trivia_qa_validation_04138,1,0.692682,1
trivia_qa,qwen3-4b-nothink,trivia_qa_validation_05974,0,0.7521,2
trivia_qa,qwen3-4b-nothink,trivia_qa_validation_09595,1,0.748399,2
trivia_qa,qwen3-4b-nothink,trivia_qa_validation_14968,1,0.723675,2
trivia_qa,qwen3-4b-nothink,trivia_qa_validation_07189,1,0.74505,1
trivia_qa,qwen3-4b-nothink,trivia_qa_validation_17148,0,0.229577,4
trivia_qa,qwen3-4b-nothink,trivia_qa_validation_08616,0,0.43057,2
trivia_qa,qwen3-4b-nothink,trivia_qa_validation_10437,1,0.780146,1
trivia_qa,qwen3-4b-nothink,trivia_qa_validation_01348,1,0.37907,4
trivia_qa,qwen3-4b-nothink,trivia_qa_validation_05378,0,0.336492,5
trivia_qa,qwen3-4b-nothink,trivia_qa_validation_04789,1,0.49132,4
trivia_qa,qwen3-4b-nothink,trivia_qa_validation_07367,0,0.731762,5
trivia_qa,qwen3-4b-nothink,trivia_qa_validation_08505,0,0.019446,2
trivia_qa,qwen3-4b-nothink,trivia_qa_validation_14168,0,0.008119,4
trivia_qa,qwen3-4b-nothink,trivia_qa_validation_06174,0,0.020456,5
trivia_qa,qwen3-4b-nothink,trivia_qa_validation_06963,1,0.142027,5
trivia_qa,qwen3-4b-nothink,trivia_qa_validation_03853,0,0.012776,3
trivia_qa,qwen3-4b-nothink,trivia_qa_validation_15639,0,0.037633,3
trivia_qa,qwen3-4b-nothink,trivia_qa_validation_16501,0,0.042678,2
trivia_qa,qwen3-4b-nothink,trivia_qa_validation_06651,1,0.648992,3
trivia_qa,qwen3-4b-nothink,trivia_qa_validation_13081,0,0.747067,1
trivia_qa,qwen3-4b-nothink,trivia_qa_validation_03557,1,0.670151,5
trivia_qa,qwen3-4b-nothink,trivia_qa_validation_02866,1,0.755095,1
trivia_qa,qwen3-4b-nothink,trivia_qa_validation_01079,0,0.009276,1
trivia_qa,qwen3-4b-nothink,trivia_qa_validation_07959,0,0.751705,2
trivia_qa,qwen3-4b-nothink,trivia_qa_validation_01227,1,0.738327,4
trivia_qa,qwen3-4b-nothink,trivia_qa_validation_09862,0,0.027729,3
trivia_qa,qwen3-4b-nothink,trivia_qa_validation_07086,0,0.681964,1
trivia_qa,qwen3-4b-nothink,trivia_qa_validation_07099,1,0.739628,1
trivia_qa,qwen3-4b-nothink,trivia_qa_validation_03628,0,0.747135,3
trivia_qa,qwen3-4b-nothink,trivia_qa_validation_00007,0,0.083058,5
trivia_qa,qwen3-4b-nothink,trivia_qa_validation_11597,1,0.756496,4
trivia_qa,qwen3-4b-nothink,trivia_qa_validation_17346,0,0.711663,1
trivia_qa,qwen3-4b-nothink,trivia_qa_validation_07893,1,0.768079,4
trivia_qa,qwen3-4b-nothink,trivia_qa_validation_16320,0,0.087415,1
trivia_qa,qwen3-4b-nothink,trivia_qa_validation_07580,0,0.393927,3
trivia_qa,qwen3-4b-nothink,trivia_qa_validation_05626,0,0.234362,2
trivia_qa,qwen3-4b-nothink,trivia_qa_validation_14109,0,0.21215,5
trivia_qa,qwen3-4b-nothink,trivia_qa_validation_13294,0,0.731821,5
trivia_qa,qwen3-4b-nothink,trivia_qa_validation_16883,1,0.751388,2
trivia_qa,qwen3-4b-nothink,trivia_qa_validation_14588,0,0.037032,3
trivia_qa,qwen3-4b-nothink,trivia_qa_validation_06845,1,0.75544,4
trivia_qa,qwen3-4b-nothink,trivia_qa_validation_00556,0,0.013344,1
trivia_qa,qwen3-4b-nothink,trivia_qa_validation_06013,0,0.301623,5
trivia_qa,qwen3-4b-nothink,trivia_qa_validation_13577,1,0.760409,3
trivia_qa,qwen3-4b-nothink,trivia_qa_validation_17892,1,0.749726,4
trivia_qa,qwen3-4b-nothink,trivia_qa_validation_16619,1,0.690713,5
trivia_qa,qwen3-4b-nothink,trivia_qa_validation_16346,1,0.742808,3
trivia_qa,qwen3-4b-nothink,trivia_qa_validation_17493,1,0.071705,5
trivia_qa,qwen3-4b-nothink,trivia_qa_validation_06472,1,0.731752,5
trivia_qa,qwen3-4b-nothink,trivia_qa_validation_12409,0,0.207261,5
trivia_qa,qwen3-4b-nothink,trivia_qa_validation_13085,0,0.032018,1
trivia_qa,qwen3-4b-nothink,trivia_qa_validation_13882,0,0.778209,1
trivia_qa,qwen3-4b-nothink,trivia_qa_validation_02030,0,0.793098,4
trivia_qa,qwen3-4b-nothink,trivia_qa_validation_02558,0,0.756157,4
trivia_qa,qwen3-4b-nothink,trivia_qa_validation_09754,1,0.751424,4
trivia_qa,qwen3-4b-nothink,trivia_qa_validation_05365,0,0.019164,1
trivia_qa,qwen3-4b-nothink,trivia_qa_validation_03930,0,0.006798,3
trivia_qa,qwen3-4b-nothink,trivia_qa_validation_17373,0,0.345972,4
trivia_qa,qwen3-4b-nothink,trivia_qa_validation_00354,0,0.659716,5
trivia_qa,qwen3-4b-nothink,trivia_qa_validation_14823,1,0.771421,3
trivia_qa,qwen3-4b-nothink,trivia_qa_validation_11064,0,0.124448,4
trivia_qa,qwen3-4b-nothink,trivia_qa_validation_14595,1,0.740641,1
trivia_qa,qwen3-4b-nothink,trivia_qa_validation_00743,1,0.546936,1
trivia_qa,qwen3-4b-nothink,trivia_qa_validation_02892,1,0.745689,2
trivia_qa,qwen3-4b-nothink,trivia_qa_validation_17899,0,0.714572,2
trivia_qa,qwen3-4b-nothink,trivia_qa_validation_10125,1,0.73737,1
trivia_qa,qwen3-4b-nothink,trivia_qa_validation_11686,1,0.772324,1
trivia_qa,qwen3-4b-nothink,trivia_qa_validation_16317,1,0.731495,5
trivia_qa,qwen3-4b-nothink,trivia_qa_validation_12332,1,0.6073,1
trivia_qa,qwen3-4b-nothink,trivia_qa_validation_03235,0,0.273343,1
trivia_qa,qwen3-4b-nothink,trivia_qa_validation_15146,1,0.751336,2
trivia_qa,qwen3-4b-nothink,trivia_qa_validation_07402,1,0.769315,3
trivia_qa,qwen3-4b-nothink,trivia_qa_validation_01772,1,0.707394,5
trivia_qa,qwen3-4b-nothink,trivia_qa_validation_04069,1,0.059929,4
trivia_qa,qwen3-4b-nothink,trivia_qa_validation_11524,0,0.011425,2
trivia_qa,qwen3-4b-nothink,trivia_qa_validation_17778,0,0.710209,3
trivia_qa,qwen3-4b-nothink,trivia_qa_validation_04834,1,0.467194,1
trivia_qa,qwen3-4b-nothink,trivia_qa_validation_03380,1,0.534158,1
trivia_qa,qwen3-4b-nothink,trivia_qa_validation_13761,1,0.688941,1
trivia_qa,qwen3-4b-nothink,trivia_qa_validation_07059,0,0.004075,4
trivia_qa,qwen3-4b-nothink,trivia_qa_validation_00437,0,0.775607,1
trivia_qa,qwen3-4b-nothink,trivia_qa_validation_04003,0,0.040926,5
trivia_qa,qwen3-4b-nothink,trivia_qa_validation_02667,0,0.463972,3
trivia_qa,qwen3-4b-nothink,trivia_qa_validation_04104,0,0.703634,4
trivia_qa,qwen3-4b-nothink,trivia_qa_validation_16915,0,0.024958,2
trivia_qa,qwen3-4b-nothink,trivia_qa_validation_10323,0,0.721427,3
trivia_qa,qwen3-4b-nothink,trivia_qa_validation_12112,0,0.620882,4
trivia_qa,qwen3-4b-nothink,trivia_qa_validation_17283,0,0.740751,3
trivia_qa,qwen3-4b-nothink,trivia_qa_validation_02696,1,0.672975,2
trivia_qa,qwen3-4b-nothink,trivia_qa_validation_01826,1,0.575709,1
trivia_qa,qwen3-4b-nothink,trivia_qa_validation_10310,0,0.004941,1
trivia_qa,qwen3-4b-nothink,trivia_qa_validation_02645,0,0.047926,3
trivia_qa,qwen3-4b-nothink,trivia_qa_validation_11547,0,0.20837,4
trivia_qa,qwen3-4b-nothink,trivia_qa_validation_15114,0,0.013931,3
trivia_qa,qwen3-4b-nothink,trivia_qa_validation_14340,0,0.639347,5
trivia_qa,qwen3-4b-nothink,trivia_qa_validation_00285,0,0.026279,1
trivia_qa,qwen3-4b-nothink,trivia_qa_validation_14573,1,0.747958,1
trivia_qa,qwen3-4b-nothink,trivia_qa_validation_07158,0,0.76711,3
trivia_qa,qwen3-4b-nothink,trivia_qa_validation_07315,1,0.774298,1
trivia_qa,qwen3-4b-nothink,trivia_qa_validation_07320,1,0.712755,2
trivia_qa,qwen3-4b-nothink,trivia_qa_validation_13922,0,0.726132,1
trivia_qa,qwen3-4b-nothink,trivia_qa_validation_11533,1,0.49305,1
trivia_qa,qwen3-4b-nothink,trivia_qa_validation_00248,1,0.719325,1
trivia_qa,qwen3-4b-nothink,trivia_qa_validation_10030,0,0.71693,3
trivia_qa,qwen3-4b-nothink,trivia_qa_validation_14521,1,0.484031,3
trivia_qa,qwen3-4b-nothink,trivia_qa_validation_05091,1,0.689995,5
trivia_qa,qwen3-4b-nothink,trivia_qa_validation_14753,0,0.035768,3
trivia_qa,qwen3-4b-nothink,trivia_qa_validation_02624,0,0.005594,5
trivia_qa,qwen3-4b-nothink,trivia_qa_validation_01668,1,0.762801,1
trivia_qa,qwen3-4b-nothink,trivia_qa_validation_01359,1,0.713717,4
trivia_qa,qwen3-4b-nothink,trivia_qa_validation_04596,1,0.742691,2
trivia_qa,qwen3-4b-nothink,trivia_qa_validation_17637,1,0.425746,3
trivia_qa,qwen3-4b-nothink,trivia_qa_validation_17819,1,0.753284,3
trivia_qa,qwen3-4b-nothink,trivia_qa_validation_07547,0,0.063887,1
trivia_qa,qwen3-4b-nothink,trivia_qa_validation_08170,1,0.761432,3
trivia_qa,qwen3-4b-nothink,trivia_qa_validation_06812,0,0.014721,5
trivia_qa,qwen3-4b-nothink,trivia_qa_validation_08506,0,0.076025,4
trivia_qa,qwen3-4b-nothink,trivia_qa_validation_07645,0,0.006401,3
trivia_qa,qwen3-4b-nothink,trivia_qa_validation_11081,0,0.076314,5
trivia_qa,qwen3-4b-nothink,trivia_qa_validation_12656,1,0.71256,3
trivia_qa,qwen3-4b-nothink,trivia_qa_validation_07327,1,0.557845,1
trivia_qa,qwen3-4b-nothink,trivia_qa_validation_17516,0,0.317111,4
trivia_qa,qwen3-4b-nothink,trivia_qa_validation_07022,1,0.725206,1
trivia_qa,qwen3-4b-nothink,trivia_qa_validation_04357,1,0.704005,3
trivia_qa,qwen3-4b-nothink,trivia_qa_validation_14731,0,0.537059,3
trivia_qa,qwen3-4b-nothink,trivia_qa_validation_10475,0,0.035432,3
trivia_qa,qwen3-4b-nothink,trivia_qa_validation_17744,0,0.04087,5
trivia_qa,qwen3-4b-nothink,trivia_qa_validation_01812,1,0.718787,5
trivia_qa,qwen3-4b-nothink,trivia_qa_validation_16058,1,0.771868,3
trivia_qa,qwen3-4b-nothink,trivia_qa_validation_02111,0,0.510932,5
trivia_qa,qwen3-4b-nothink,trivia_qa_validation_00115,0,0.019183,2
trivia_qa,qwen3-4b-nothink,trivia_qa_validation_12647,1,0.731762,5
trivia_qa,qwen3-4b-nothink,trivia_qa_validation_05643,0,0.120059,1
trivia_qa,qwen3-4b-nothink,trivia_qa_validation_16766,0,0.250656,1
trivia_qa,qwen3-4b-nothink,trivia_qa_validation_14883,0,0.111326,1
trivia_qa,qwen3-4b-nothink,trivia_qa_validation_08242,0,0.019681,1
trivia_qa,qwen3-4b-nothink,trivia_qa_validation_13284,0,0.341086,2
trivia_qa,qwen3-4b-nothink,trivia_qa_validation_16621,0,0.011792,2
trivia_qa,qwen3-4b-nothink,trivia_qa_validation_10004,0,0.007477,5
trivia_qa,qwen3-4b-nothink,trivia_qa_validation_16699,0,0.019604,1
trivia_qa,qwen3-4b-nothink,trivia_qa_validation_09986,1,0.719993,5
trivia_qa,qwen3-4b-nothink,trivia_qa_validation_17420,0,0.700166,5
trivia_qa,qwen3-4b-nothink,trivia_qa_validation_01836,0,0.337217,5
trivia_qa,qwen3-4b-nothink,trivia_qa_validation_07897,0,0.174801,2
trivia_qa,qwen3-4b-nothink,trivia_qa_validation_16863,0,0.040744,1
trivia_qa,qwen3-4b-nothink,trivia_qa_validation_12602,0,0.064243,3
trivia_qa,qwen3-4b-nothink,trivia_qa_validation_00593,1,0.738351,4
trivia_qa,qwen3-4b-nothink,trivia_qa_validation_02317,1,0.220526,1
trivia_qa,qwen3-4b-nothink,trivia_qa_validation_10344,0,0.018978,3
trivia_qa,qwen3-4b-nothink,trivia_qa_validation_03416,1,0.706917,1
trivia_qa,qwen3-4b-nothink,trivia_qa_validation_16755,0,0.378411,4
trivia_qa,qwen3-4b-nothink,trivia_qa_validation_16919,0,0.72063,4
trivia_qa,qwen3-4b-nothink,trivia_qa_validation_06491,0,0.065308,5
trivia_qa,qwen3-4b-nothink,trivia_qa_validation_03355,0,0.039356,2
trivia_qa,qwen3-4b-nothink,trivia_qa_validation_05462,0,0.068726,3
trivia_qa,qwen3-4b-nothink,trivia_qa_validation_05589,0,0.138101,4
trivia_qa,qwen3-4b-nothink,trivia_qa_validation_05583,0,0.104246,2
trivia_qa,qwen3-4b-nothink,trivia_qa_validation_12465,1,0.737236,4
trivia_qa,qwen3-4b-nothink,trivia_qa_validation_03861,0,0.201747,2
trivia_qa,qwen3-4b-nothink,trivia_qa_validation_15751,1,0.756127,1
trivia_qa,qwen3-4b-nothink,trivia_qa_validation_15744,0,0.760584,3
trivia_qa,qwen3-4b-nothink,trivia_qa_validation_01891,0,0.311681,3
trivia_qa,qwen3-4b-nothink,trivia_qa_validation_15454,0,0.042996,5
trivia_qa,qwen3-4b-nothink,trivia_qa_validation_13058,0,0.65701,5
trivia_qa,qwen3-4b-nothink,trivia_qa_validation_02379,0,0.073094,3
trivia_qa,qwen3-4b-nothink,trivia_qa_validation_13834,0,0.340982,5
trivia_qa,qwen3-4b-nothink,trivia_qa_validation_10481,0,0.017451,1
trivia_qa,qwen3-4b-nothink,trivia_qa_validation_04100,1,0.73059,5
trivia_qa,qwen3-4b-nothink,trivia_qa_validation_13536,1,0.75144,5
trivia_qa,qwen3-4b-nothink,trivia_qa_validation_04424,1,0.746838,1
trivia_qa,qwen3-4b-nothink,trivia_qa_validation_12939,0,0.047597,3
trivia_qa,qwen3-4b-nothink,trivia_qa_validation_07416,1,0.730207,4
trivia_qa,qwen3-4b-nothink,trivia_qa_validation_02273,0,0.051294,5
trivia_qa,qwen3-4b-nothink,trivia_qa_validation_09192,1,0.543274,4
trivia_qa,qwen3-4b-nothink,trivia_qa_validation_01170,1,0.397647,2
trivia_qa,qwen3-4b-nothink,trivia_qa_validation_14424,1,0.107585,3
trivia_qa,qwen3-4b-nothink,trivia_qa_validation_04291,0,0.011937,5
trivia_qa,qwen3-4b-nothink,trivia_qa_validation_16467,0,0.385734,2
trivia_qa,qwen3-4b-nothink,trivia_qa_validation_00715,0,0.434683,2
trivia_qa,qwen3-4b-nothink,trivia_qa_validation_00283,1,0.736202,4
trivia_qa,qwen3-4b-nothink,trivia_qa_validation_02416,0,0.030779,2
trivia_qa,qwen3-4b-nothink,trivia_qa_validation_00270,1,0.706111,5
trivia_qa,qwen3-4b-nothink,trivia_qa_validation_12272,0,0.759802,1
trivia_qa,qwen3-4b-nothink,trivia_qa_validation_10201,0,0.189019,5
trivia_qa,qwen3-4b-nothink,trivia_qa_validation_08707,1,0.728586,5
trivia_qa,qwen3-4b-nothink,trivia_qa_validation_10204,0,0.793887,1
trivia_qa,qwen3-4b-nothink,trivia_qa_validation_04236,0,0.493859,5
trivia_qa,qwen3-4b-nothink,trivia_qa_validation_00545,0,0.284749,1
trivia_qa,qwen3-4b-nothink,trivia_qa_validation_13981,1,0.573243,5
trivia_qa,qwen3-4b-nothink,trivia_qa_validation_06747,1,0.663273,2
trivia_qa,qwen3-4b-nothink,trivia_qa_validation_09686,0,0.550656,2
trivia_qa,qwen3-4b-nothink,trivia_qa_validation_11251,1,0.766174,3
trivia_qa,qwen3-4b-nothink,trivia_qa_validation_15865,1,0.709854,2
trivia_qa,qwen3-4b-nothink,trivia_qa_validation_12733,1,0.741956,2
trivia_qa,qwen3-4b-nothink,trivia_qa_validation_16908,0,0.259895,3
trivia_qa,qwen3-4b-nothink,trivia_qa_validation_09434,0,0.134445,1
trivia_qa,qwen3-4b-nothink,trivia_qa_validation_04837,1,0.731178,3
trivia_qa,qwen3-4b-nothink,trivia_qa_validation_15515,1,0.722608,1
trivia_qa,qwen3-4b-nothink,trivia_qa_validation_16047,0,0.441649,1
trivia_qa,qwen3-4b-nothink,trivia_qa_validation_04863,1,0.726046,4
trivia_qa,qwen3-4b-nothink,trivia_qa_validation_14642,0,0.117218,5
trivia_qa,qwen3-4b-nothink,trivia_qa_validation_16744,0,0.723725,1
trivia_qa,qwen3-4b-nothink,trivia_qa_validation_01288,0,0.284872,3
trivia_qa,qwen3-4b-nothink,trivia_qa_validation_15941,1,0.683876,5
trivia_qa,qwen3-4b-nothink,trivia_qa_validation_14754,0,0.043564,2
trivia_qa,qwen3-4b-nothink,trivia_qa_validation_06632,1,0.393628,4
trivia_qa,qwen3-4b-nothink,trivia_qa_validation_02737,0,0.76431,3
trivia_qa,qwen3-4b-nothink,trivia_qa_validation_00636,1,0.341151,2
trivia_qa,qwen3-4b-nothink,trivia_qa_validation_02472,1,0.732471,3
trivia_qa,qwen3-4b-nothink,trivia_qa_validation_08712,1,0.759543,1
trivia_qa,qwen3-4b-nothink,trivia_qa_validation_04202,1,0.697292,4
trivia_qa,qwen3-4b-nothink,trivia_qa_validation_12330,1,0.718575,2
trivia_qa,qwen3-4b-nothink,trivia_qa_validation_17220,0,0.130255,3
trivia_qa,qwen3-4b-nothink,trivia_qa_validation_06955,0,0.059035,5
trivia_qa,qwen3-4b-nothink,trivia_qa_validation_15566,0,0.039306,2
trivia_qa,qwen3-4b-nothink,trivia_qa_validation_10936,1,0.730288,1
trivia_qa,qwen3-4b-nothink,trivia_qa_validation_02186,0,0.008459,3
trivia_qa,qwen3-4b-nothink,trivia_qa_validation_10355,0,0.287547,5
trivia_qa,qwen3-4b-nothink,trivia_qa_validation_06069,0,0.321804,4
trivia_qa,qwen3-4b-nothink,trivia_qa_validation_04587,0,0.717497,1
trivia_qa,qwen3-4b-nothink,trivia_qa_validation_11038,1,0.344134,1
trivia_qa,qwen3-4b-nothink,trivia_qa_validation_00722,1,0.282373,5
trivia_qa,qwen3-4b-nothink,trivia_qa_validation_10575,1,0.222521,1
trivia_qa,qwen3-4b-nothink,trivia_qa_validation_14394,0,0.749736,3
trivia_qa,qwen3-4b-nothink,trivia_qa_validation_14904,1,0.155201,3
trivia_qa,qwen3-4b-nothink,trivia_qa_validation_17874,1,0.733009,1
trivia_qa,qwen3-4b-nothink,trivia_qa_validation_04795,0,0.009681,4
trivia_qa,qwen3-4b-nothink,trivia_qa_validation_10105,0,0.028193,1
trivia_qa,qwen3-4b-nothink,trivia_qa_validation_05520,0,0.694985,3
trivia_qa,qwen3-4b-nothink,trivia_qa_validation_13652,1,0.011168,3
trivia_qa,qwen3-4b-nothink,trivia_qa_validation_03711,0,0.521789,1
trivia_qa,qwen3-4b-nothink,trivia_qa_validation_11604,0,0.005314,3
trivia_qa,qwen3-4b-nothink,trivia_qa_validation_13932,0,0.019266,3
trivia_qa,qwen3-4b-nothink,trivia_qa_validation_04772,0,0.309453,3
trivia_qa,qwen3-4b-nothink,trivia_qa_validation_12312,1,0.535487,5
trivia_qa,qwen3-4b-nothink,trivia_qa_validation_00143,0,0.032206,1
trivia_qa,qwen3-4b-nothink,trivia_qa_validation_05430,0,0.048808,4
trivia_qa,qwen3-4b-nothink,trivia_qa_validation_07902,0,0.008347,5
trivia_qa,qwen3-4b-nothink,trivia_qa_validation_02704,0,0.361441,2
trivia_qa,qwen3-4b-nothink,trivia_qa_validation_03370,1,0.756873,4
trivia_qa,qwen3-4b-nothink,trivia_qa_validation_09132,0,0.011606,5
trivia_qa,qwen3-4b-nothink,trivia_qa_validation_10486,0,0.126435,4
trivia_qa,qwen3-4b-nothink,trivia_qa_validation_05398,0,0.060023,2
trivia_qa,qwen3-4b-nothink,trivia_qa_validation_14741,0,0.705002,1
trivia_qa,qwen3-4b-nothink,trivia_qa_validation_00484,0,0.066571,2
trivia_qa,qwen3-4b-nothink,trivia_qa_validation_02728,1,0.725942,3
trivia_qa,qwen3-4b-nothink,trivia_qa_validation_06667,0,0.513102,3
trivia_qa,qwen3-4b-nothink,trivia_qa_validation_02265,0,0.553731,3
trivia_qa,qwen3-4b-nothink,trivia_qa_validation_10405,0,0.044009,4
trivia_qa,qwen3-4b-nothink,trivia_qa_validation_00148,1,0.71878,2
trivia_qa,qwen3-4b-nothink,trivia_qa_validation_14527,0,0.205966,3
trivia_qa,qwen3-4b-nothink,trivia_qa_validation_04829,1,0.703821,4
trivia_qa,qwen3-4b-nothink,trivia_qa_validation_14601,0,0.280905,3
trivia_qa,qwen3-4b-nothink,trivia_qa_validation_07232,1,0.741954,2
trivia_qa,qwen3-4b-nothink,trivia_qa_validation_14234,1,0.77114,3
trivia_qa,qwen3-4b-nothink,trivia_qa_validation_03932,0,0.046776,5
trivia_qa,qwen3-4b-nothink,trivia_qa_validation_05020,1,0.079348,3
trivia_qa,qwen3-4b-nothink,trivia_qa_validation_05092,0,0.701807,3
trivia_qa,qwen3-4b-nothink,trivia_qa_validation_07151,1,0.717034,5
trivia_qa,qwen3-4b-nothink,trivia_qa_validation_04086,0,0.171024,1
trivia_qa,qwen3-4b-nothink,trivia_qa_validation_15597,0,0.057569,5
trivia_qa,qwen3-4b-nothink,trivia_qa_validation_04148,1,0.254555,3
trivia_qa,qwen3-4b-nothink,trivia_qa_validation_02766,1,0.678153,2
trivia_qa,qwen3-4b-nothink,trivia_qa_validation_07242,0,0.032312,5
trivia_qa,qwen3-4b-nothink,trivia_qa_validation_00160,0,0.623847,4
trivia_qa,qwen3-4b-nothink,trivia_qa_validation_08757,1,0.762854,3
trivia_qa,qwen3-4b-nothink,trivia_qa_validation_15944,1,0.7252,4
trivia_qa,qwen3-4b-nothink,trivia_qa_validation_03325,0,0.764823,4
trivia_qa,qwen3-4b-nothink,trivia_qa_validation_03466,0,0.721271,5
trivia_qa,qwen3-4b-nothink,trivia_qa_validation_04152,0,0.695777,3
trivia_qa,qwen3-4b-nothink,trivia_qa_validation_08334,0,0.56918,3
trivia_qa,qwen3-4b-nothink,trivia_qa_validation_12413,0,0.208447,4
trivia_qa,qwen3-4b-nothink,trivia_qa_validation_02300,1,0.766331,1
trivia_qa,qwen3-4b-nothink,trivia_qa_validation_08500,0,0.014489,5
trivia_qa,qwen3-4b-nothink,trivia_qa_validation_10340,0,0.091348,1
trivia_qa,qwen3-4b-nothink,trivia_qa_validation_12394,0,0.106755,4
trivia_qa,qwen3-4b-nothink,trivia_qa_validation_03713,0,0.109672,3
trivia_qa,qwen3-4b-nothink,trivia_qa_validation_11027,1,0.727321,5
trivia_qa,qwen3-4b-nothink,trivia_qa_validation_08979,0,0.007241,2
trivia_qa,qwen3-4b-nothink,trivia_qa_validation_06209,1,0.751547,2
trivia_qa,qwen3-4b-nothink,trivia_qa_validation_01498,0,0.029938,2
trivia_qa,qwen3-4b-nothink,trivia_qa_validation_16056,0,0.733878,4
trivia_qa,qwen3-4b-nothink,trivia_qa_validation_09720,1,0.755171,3
trivia_qa,qwen3-4b-nothink,trivia_qa_validation_16784,1,0.7527,3
trivia_qa,qwen3-4b-nothink,trivia_qa_validation_03661,0,0.050714,5
trivia_qa,qwen3-4b-nothink,trivia_qa_validation_17758,1,0.727986,2
trivia_qa,qwen3-4b-nothink,trivia_qa_validation_11813,1,0.359571,3
trivia_qa,qwen3-4b-nothink,trivia_qa_validation_11982,0,0.245704,3
trivia_qa,qwen3-4b-nothink,trivia_qa_validation_13147,1,0.716874,5
trivia_qa,qwen3-4b-nothink,trivia_qa_validation_03883,1,0.680124,5
trivia_qa,qwen3-4b-nothink,trivia_qa_validation_00710,1,0.272338,1
trivia_qa,qwen3-4b-nothink,trivia_qa_validation_01443,0,0.403506,1
trivia_qa,qwen3-4b-nothink,trivia_qa_validation_02550,1,0.739595,2
trivia_qa,qwen3-4b-nothink,trivia_qa_validation_00348,0,0.228031,4
trivia_qa,qwen3-4b-nothink,trivia_qa_validation_05540,1,0.708594,5
trivia_qa,qwen3-4b-nothink,trivia_qa_validation_17936,0,0.717655,5
trivia_qa,qwen3-4b-nothink,trivia_qa_validation_04756,1,0.743633,3
trivia_qa,qwen3-4b-nothink,trivia_qa_validation_01754,0,0.351361,3
trivia_qa,qwen3-4b-nothink,trivia_qa_validation_01899,0,0.178624,4
trivia_qa,qwen3-4b-nothink,trivia_qa_validation_00420,0,0.266765,3
trivia_qa,qwen3-4b-nothink,trivia_qa_validation_01711,1,0.752501,3
trivia_qa,qwen3-4b-nothink,trivia_qa_validation_13181,1,0.444407,5
trivia_qa,qwen3-4b-nothink,trivia_qa_validation_15521,1,0.717133,1
trivia_qa,qwen3-4b-nothink,trivia_qa_validation_11277,1,0.709442,2
trivia_qa,qwen3-4b-nothink,trivia_qa_validation_03142,1,0.73426,4
trivia_qa,qwen3-4b-nothink,trivia_qa_validation_17657,0,0.775027,4
trivia_qa,qwen3-4b-nothink,trivia_qa_validation_04364,1,0.661697,4
trivia_qa,qwen3-4b-nothink,trivia_qa_validation_03140,1,0.664895,1
trivia_qa,qwen3-4b-nothink,trivia_qa_validation_06689,0,0.058702,5
trivia_qa,qwen3-4b-nothink,trivia_qa_validation_15502,1,0.756567,4
trivia_qa,qwen3-4b-nothink,trivia_qa_validation_14235,1,0.75441,4
trivia_qa,qwen3-4b-nothink,trivia_qa_validation_00418,0,0.012784,3
trivia_qa,qwen3-4b-nothink,trivia_qa_validation_14036,0,0.080999,4
trivia_qa,qwen3-4b-nothink,trivia_qa_validation_12824,0,0.297591,1
trivia_qa,qwen3-4b-nothink,trivia_qa_validation_00649,0,0.503017,1
trivia_qa,qwen3-4b-nothink,trivia_qa_validation_08477,0,0.019449,5
trivia_qa,qwen3-4b-nothink,trivia_qa_validation_05433,0,0.297731,3
trivia_qa,qwen3-4b-nothink,trivia_qa_validation_15011,0,0.769379,4
trivia_qa,qwen3-4b-nothink,trivia_qa_validation_02765,0,0.06718,1
trivia_qa,qwen3-4b-nothink,trivia_qa_validation_11178,0,0.006678,2
trivia_qa,qwen3-4b-nothink,trivia_qa_validation_08194,1,0.728266,2
trivia_qa,qwen3-4b-nothink,trivia_qa_validation_13169,0,0.475985,3
trivia_qa,qwen3-4b-nothink,trivia_qa_validation_12626,0,0.008954,2
trivia_qa,qwen3-4b-nothink,trivia_qa_validation_09431,0,0.009967,1
trivia_qa,qwen3-4b-nothink,trivia_qa_validation_00109,0,0.693519,2
trivia_qa,qwen3-4b-nothink,trivia_qa_validation_08678,1,0.743916,2
trivia_qa,qwen3-4b-nothink,trivia_qa_validation_06127,1,0.689838,1
trivia_qa,qwen3-4b-nothink,trivia_qa_validation_13219,0,0.310465,5
trivia_qa,qwen3-4b-nothink,trivia_qa_validation_04599,0,0.765658,1
trivia_qa,qwen3-4b-nothink,trivia_qa_validation_01994,0,0.02536,2
trivia_qa,qwen3-4b-nothink,trivia_qa_validation_12224,1,0.470962,4
trivia_qa,qwen3-4b-nothink,trivia_qa_validation_15179,0,0.008576,5
trivia_qa,qwen3-4b-nothink,trivia_qa_validation_07641,1,0.363391,2
trivia_qa,qwen3-4b-nothink,trivia_qa_validation_02282,1,0.705243,1
trivia_qa,qwen3-4b-nothink,trivia_qa_validation_04513,1,0.753898,4
trivia_qa,qwen3-4b-nothink,trivia_qa_validation_01366,0,0.037427,5
trivia_qa,qwen3-4b-nothink,trivia_qa_validation_07458,0,0.714459,2
trivia_qa,qwen3-4b-nothink,trivia_qa_validation_01883,1,0.66204,4
trivia_qa,qwen3-4b-nothink,trivia_qa_validation_14255,1,0.770411,3
trivia_qa,qwen3-4b-nothink,trivia_qa_validation_00591,0,0.741013,4
trivia_qa,qwen3-4b-nothink,trivia_qa_validation_10818,0,0.082161,5
trivia_qa,qwen3-4b-nothink,trivia_qa_validation_13177,0,0.698578,1
trivia_qa,qwen3-4b-nothink,trivia_qa_validation_08933,0,0.002619,3
trivia_qa,qwen3-4b-nothink,trivia_qa_validation_16046,1,0.679022,5
trivia_qa,qwen3-4b-nothink,trivia_qa_validation_11077,0,0.159774,4
trivia_qa,qwen3-4b-nothink,trivia_qa_validation_16190,0,0.71888,3
trivia_qa,qwen3-4b-nothink,trivia_qa_validation_14999,1,0.277523,3
trivia_qa,qwen3-4b-nothink,trivia_qa_validation_01906,0,0.109655,2
trivia_qa,qwen3-4b-nothink,trivia_qa_validation_14350,1,0.680696,3
trivia_qa,qwen3-4b-nothink,trivia_qa_validation_13361,1,0.343082,3
trivia_qa,qwen3-4b-nothink,trivia_qa_validation_08206,0,0.516103,3
trivia_qa,qwen3-4b-nothink,trivia_qa_validation_06733,0,0.063668,3
trivia_qa,qwen3-4b-nothink,trivia_qa_validation_10955,1,0.770046,3
trivia_qa,qwen3-4b-nothink,trivia_qa_validation_03780,1,0.678134,2
trivia_qa,qwen3-4b-nothink,trivia_qa_validation_03600,1,0.698398,5
trivia_qa,qwen3-4b-nothink,trivia_qa_validation_13199,1,0.684575,2
trivia_qa,qwen3-4b-nothink,trivia_qa_validation_00375,1,0.668155,2
trivia_qa,qwen3-4b-nothink,trivia_qa_validation_03752,1,0.731597,3
trivia_qa,qwen3-4b-nothink,trivia_qa_validation_10641,1,0.75123,2
trivia_qa,qwen3-4b-nothink,trivia_qa_validation_06744,1,0.683977,1
trivia_qa,qwen3-4b-nothink,trivia_qa_validation_01081,1,0.674648,2
trivia_qa,qwen3-4b-nothink,trivia_qa_validation_10157,0,0.388534,3
trivia_qa,qwen3-4b-nothink,trivia_qa_validation_03172,0,0.161467,2
trivia_qa,qwen3-4b-nothink,trivia_qa_validation_17673,1,0.697465,2
trivia_qa,qwen3-4b-nothink,trivia_qa_validation_14895,0,0.130158,4
trivia_qa,qwen3-4b-nothink,trivia_qa_validation_00064,0,0.258191,1
trivia_qa,qwen3-4b-nothink,trivia_qa_validation_00787,0,0.328075,2
trivia_qa,qwen3-4b-nothink,trivia_qa_validation_08496,1,0.682865,2
trivia_qa,qwen3-4b-nothink,trivia_qa_validation_06234,1,0.133003,5
trivia_qa,qwen3-4b-nothink,trivia_qa_validation_00277,1,0.746497,2
trivia_qa,qwen3-4b-nothink,trivia_qa_validation_04031,1,0.698334,4
trivia_qa,qwen3-4b-nothink,trivia_qa_validation_04619,1,0.737258,1
trivia_qa,qwen3-4b-nothink,trivia_qa_validation_09944,0,0.559362,1
trivia_qa,qwen3-4b-nothink,trivia_qa_validation_10365,1,0.678658,1
trivia_qa,qwen3-4b-nothink,trivia_qa_validation_04211,1,0.773641,1
trivia_qa,qwen3-4b-nothink,trivia_qa_validation_01224,1,0.751336,2
trivia_qa,qwen3-4b-nothink,trivia_qa_validation_00412,1,0.251323,2
trivia_qa,qwen3-4b-nothink,trivia_qa_validation_08936,0,0.096607,5
trivia_qa,qwen3-4b-nothink,trivia_qa_validation_06107,0,0.36715,5
trivia_qa,qwen3-4b-nothink,trivia_qa_validation_12470,1,0.264236,3
trivia_qa,qwen3-4b-nothink,trivia_qa_validation_13149,0,0.532931,2
trivia_qa,qwen3-4b-nothink,trivia_qa_validation_12901,0,0.718667,3
trivia_qa,qwen3-4b-nothink,trivia_qa_validation_00716,1,0.72699,3
trivia_qa,qwen3-4b-nothink,trivia_qa_validation_00608,0,0.672364,5
trivia_qa,qwen3-4b-nothink,trivia_qa_validation_13701,1,0.717704,1
trivia_qa,qwen3-4b-nothink,trivia_qa_validation_08925,0,0.08663,4
trivia_qa,qwen3-4b-nothink,trivia_qa_validation_04562,0,0.698729,1
trivia_qa,qwen3-4b-nothink,trivia_qa_validation_09516,1,0.080753,5
trivia_qa,qwen3-4b-nothink,trivia_qa_validation_02833,1,0.742144,3
trivia_qa,qwen3-4b-nothink,trivia_qa_validation_00073,0,0.006547,1
trivia_qa,qwen3-4b-nothink,trivia_qa_validation_02820,0,0.069785,1
trivia_qa,qwen3-4b-nothink,trivia_qa_validation_07941,1,0.706919,5
trivia_qa,qwen3-4b-nothink,trivia_qa_validation_00450,0,0.022821,3
trivia_qa,qwen3-4b-nothink,trivia_qa_validation_12257,0,0.048742,2
trivia_qa,qwen3-4b-nothink,trivia_qa_validation_11885,0,0.004862,4
trivia_qa,qwen3-4b-nothink,trivia_qa_validation_09049,0,0.259492,1
trivia_qa,qwen3-4b-nothink,trivia_qa_validation_15912,0,0.022381,4
trivia_qa,qwen3-4b-nothink,trivia_qa_validation_05976,0,0.682741,1
trivia_qa,qwen3-4b-nothink,trivia_qa_validation_12227,1,0.733588,5
trivia_qa,qwen3-4b-nothink,trivia_qa_validation_07174,1,0.706018,4
trivia_qa,qwen3-4b-nothink,trivia_qa_validation_15395,0,0.679934,1
trivia_qa,qwen3-4b-nothink,trivia_qa_validation_12988,1,0.77114,3
trivia_qa,qwen3-4b-nothink,trivia_qa_validation_02995,1,0.665046,2
trivia_qa,qwen3-4b-nothink,trivia_qa_validation_00899,0,0.006029,3
trivia_qa,qwen3-4b-nothink,trivia_qa_validation_09891,1,0.683344,2
trivia_qa,qwen3-4b-nothink,trivia_qa_validation_17099,0,0.099984,1
trivia_qa,qwen3-4b-nothink,trivia_qa_validation_16828,0,0.719283,5
trivia_qa,qwen3-4b-nothink,trivia_qa_validation_00780,1,0.741622,4
trivia_qa,qwen3-4b-nothink,trivia_qa_validation_10939,1,0.751336,2
trivia_qa,qwen3-4b-nothink,trivia_qa_validation_00686,1,0.696085,5
trivia_qa,qwen3-4b-nothink,trivia_qa_validation_11066,0,0.541101,4
trivia_qa,qwen3-4b-nothink,trivia_qa_validation_00315,0,0.004898,4
trivia_qa,qwen3-4b-nothink,trivia_qa_validation_12757,1,0.69227,3
trivia_qa,qwen3-4b-nothink,trivia_qa_validation_12617,0,0.294764,5
trivia_qa,qwen3-4b-nothink,trivia_qa_validation_10158,0,0.212305,3
trivia_qa,qwen3-4b-nothink,trivia_qa_validation_10368,0,0.259732,5
trivia_qa,qwen3-4b-nothink,trivia_qa_validation_13479,1,0.611882,5
trivia_qa,qwen3-4b-nothink,trivia_qa_validation_09320,0,0.651489,3
trivia_qa,qwen3-4b-nothink,trivia_qa_validation_08733,0,0.04729,1
trivia_qa,qwen3-4b-nothink,trivia_qa_validation_14646,0,0.027611,4
trivia_qa,qwen3-4b-nothink,trivia_qa_validation_01563,1,0.727203,4
trivia_qa,qwen3-4b-nothink,trivia_qa_validation_15635,0,0.033152,5
trivia_qa,qwen3-4b-nothink,trivia_qa_validation_13342,0,0.061483,1
trivia_qa,qwen3-4b-nothink,trivia_qa_validation_07741,0,0.042367,3
trivia_qa,qwen3-4b-nothink,trivia_qa_validation_16493,0,0.101639,4
trivia_qa,qwen3-4b-nothink,trivia_qa_validation_11201,0,0.689191,4
trivia_qa,qwen3-4b-nothink,trivia_qa_validation_10438,1,0.533329,5
trivia_qa,qwen3-4b-nothink,trivia_qa_validation_05441,1,0.781403,4
trivia_qa,qwen3-4b-nothink,trivia_qa_validation_07101,0,0.730905,1
trivia_qa,qwen3-4b-nothink,trivia_qa_validation_01851,0,0.730262,3
trivia_qa,qwen3-4b-nothink,trivia_qa_validation_09161,0,0.146735,3
trivia_qa,qwen3-4b-nothink,trivia_qa_validation_10402,0,0.053559,4
trivia_qa,qwen3-4b-nothink,trivia_qa_validation_08645,0,0.505138,5
trivia_qa,qwen3-4b-nothink,trivia_qa_validation_12847,0,0.727058,3
trivia_qa,qwen3-4b-nothink,trivia_qa_validation_11922,1,0.712143,3
trivia_qa,qwen3-4b-nothink,trivia_qa_validation_08999,0,0.011129,4
trivia_qa,qwen3-4b-nothink,trivia_qa_validation_03131,0,0.067484,1
trivia_qa,qwen3-4b-nothink,trivia_qa_validation_09993,1,0.439111,3
trivia_qa,qwen3-4b-nothink,trivia_qa_validation_11766,0,0.007933,5
trivia_qa,qwen3-4b-nothink,trivia_qa_validation_07344,1,0.708001,4
trivia_qa,qwen3-4b-nothink,trivia_qa_validation_08688,0,0.052641,2
trivia_qa,qwen3-4b-nothink,trivia_qa_validation_15804,1,0.509252,5
trivia_qa,qwen3-4b-nothink,trivia_qa_validation_17889,1,0.72569,5
trivia_qa,qwen3-4b-nothink,trivia_qa_validation_07199,1,0.137742,2
trivia_qa,qwen3-4b-nothink,trivia_qa_validation_06663,0,0.005412,5
trivia_qa,qwen3-4b-nothink,trivia_qa_validation_03344,0,0.167019,3
trivia_qa,qwen3-4b-nothink,trivia_qa_validation_07867,0,0.012656,4
trivia_qa,qwen3-4b-nothink,trivia_qa_validation_09206,0,0.011041,5
trivia_qa,qwen3-4b-nothink,trivia_qa_validation_10198,0,0.020516,1
trivia_qa,qwen3-4b-nothink,trivia_qa_validation_06826,1,0.735324,1
trivia_qa,qwen3-4b-nothink,trivia_qa_validation_03353,0,0.011238,2
trivia_qa,qwen3-4b-nothink,trivia_qa_validation_14067,0,0.740929,3
trivia_qa,qwen3-4b-nothink,trivia_qa_validation_10370,0,0.034942,1
trivia_qa,qwen3-4b-nothink,trivia_qa_validation_14262,1,0.701769,1
trivia_qa,qwen3-4b-nothink,trivia_qa_validation_14825,1,0.686629,4
trivia_qa,qwen3-4b-nothink,trivia_qa_validation_05264,0,0.682316,4
trivia_qa,qwen3-4b-nothink,trivia_qa_validation_15216,0,0.006796,5
trivia_qa,qwen3-4b-nothink,trivia_qa_validation_02283,1,0.731285,3
trivia_qa,qwen3-4b-nothink,trivia_qa_validation_15256,1,0.730861,4
trivia_qa,qwen3-4b-nothink,trivia_qa_validation_06451,1,0.171714,2
trivia_qa,qwen3-4b-nothink,trivia_qa_validation_10292,0,0.098057,1
trivia_qa,qwen3-4b-nothink,trivia_qa_validation_10680,1,0.768948,3
trivia_qa,qwen3-4b-nothink,trivia_qa_validation_04779,1,0.723288,4
trivia_qa,qwen3-4b-nothink,trivia_qa_validation_06577,0,0.014234,3
trivia_qa,qwen3-4b-nothink,trivia_qa_validation_14376,0,0.019582,5
trivia_qa,qwen3-4b-nothink,trivia_qa_validation_03459,1,0.731735,5
trivia_qa,qwen3-4b-nothink,trivia_qa_validation_05100,0,0.323335,2
trivia_qa,qwen3-4b-nothink,trivia_qa_validation_04197,0,0.013139,2
trivia_qa,qwen3-4b-nothink,trivia_qa_validation_02484,1,0.731804,5
trivia_qa,qwen3-4b-nothink,trivia_qa_validation_00400,0,0.738112,4
trivia_qa,qwen3-4b-nothink,trivia_qa_validation_15338,0,0.072224,5
trivia_qa,qwen3-4b-nothink,trivia_qa_validation_08919,0,0.029383,2
trivia_qa,qwen3-4b-nothink,trivia_qa_validation_03947,0,0.481569,1
trivia_qa,qwen3-4b-nothink,trivia_qa_validation_08119,0,0.305255,4
trivia_qa,qwen3-4b-nothink,trivia_qa_validation_04464,0,0.198509,1
trivia_qa,qwen3-4b-nothink,trivia_qa_validation_09553,1,0.752074,2
trivia_qa,qwen3-4b-nothink,trivia_qa_validation_14537,0,0.189381,2
trivia_qa,qwen3-4b-nothink,trivia_qa_validation_14480,0,0.042233,3
trivia_qa,qwen3-4b-nothink,trivia_qa_validation_14210,0,0.525768,4
trivia_qa,qwen3-4b-nothink,trivia_qa_validation_14435,1,0.722386,5
trivia_qa,qwen3-4b-nothink,trivia_qa_validation_06231,0,0.036237,4
trivia_qa,qwen3-4b-nothink,trivia_qa_validation_01155,1,0.755543,4
trivia_qa,qwen3-4b-nothink,trivia_qa_validation_05645,0,0.024084,5
trivia_qa,qwen3-4b-nothink,trivia_qa_validation_12517,1,0.721834,5
trivia_qa,qwen3-4b-nothink,trivia_qa_validation_00610,0,0.071233,3
trivia_qa,qwen3-4b-nothink,trivia_qa_validation_00452,0,0.285035,5
trivia_qa,qwen3-4b-nothink,trivia_qa_validation_07470,1,0.322633,4
trivia_qa,qwen3-4b-nothink,trivia_qa_validation_08144,0,0.082074,1
trivia_qa,qwen3-4b-nothink,trivia_qa_validation_16340,0,0.022021,2
trivia_qa,qwen3-4b-nothink,trivia_qa_validation_01096,0,0.019807,5
trivia_qa,qwen3-4b-nothink,trivia_qa_validation_12679,0,0.731814,5
trivia_qa,qwen3-4b-nothink,trivia_qa_validation_12764,0,0.264223,5
trivia_qa,qwen3-4b-nothink,trivia_qa_validation_04640,1,0.641742,3
trivia_qa,qwen3-4b-nothink,trivia_qa_validation_02844,1,0.719608,5
trivia_qa,qwen3-4b-nothink,trivia_qa_validation_06552,0,0.032062,5
trivia_qa,qwen3-4b-nothink,trivia_qa_validation_06454,1,0.75626,4
trivia_qa,qwen3-4b-nothink,trivia_qa_validation_02183,0,0.028043,3
trivia_qa,qwen3-4b-nothink,trivia_qa_validation_14637,1,0.685404,2
trivia_qa,qwen3-4b-nothink,trivia_qa_validation_14365,0,0.325182,1
trivia_qa,qwen3-4b-nothink,trivia_qa_validation_05184,1,0.720055,5
trivia_qa,qwen3-4b-nothink,trivia_qa_validation_03696,1,0.747469,2
trivia_qa,qwen3-4b-nothink,trivia_qa_validation_09642,1,0.69578,2
trivia_qa,qwen3-4b-nothink,trivia_qa_validation_15552,0,0.192464,4
trivia_qa,qwen3-4b-nothink,trivia_qa_validation_17529,0,0.292002,2
trivia_qa,qwen3-4b-nothink,trivia_qa_validation_15824,0,0.137795,1
trivia_qa,qwen3-4b-nothink,trivia_qa_validation_11432,1,0.653634,3
trivia_qa,qwen3-4b-nothink,trivia_qa_validation_00088,1,0.68427,3
trivia_qa,qwen3-4b-nothink,trivia_qa_validation_05568,0,0.006461,3
trivia_qa,qwen3-4b-nothink,trivia_qa_validation_05297,1,0.731752,5
trivia_qa,qwen3-4b-nothink,trivia_qa_validation_05647,0,0.105521,5
trivia_qa,qwen3-4b-nothink,trivia_qa_validation_04428,1,0.725733,1
trivia_qa,qwen3-4b-nothink,trivia_qa_validation_15982,1,0.741973,3
trivia_qa,qwen3-4b-nothink,trivia_qa_validation_01628,1,0.217757,3
trivia_qa,qwen3-4b-nothink,trivia_qa_validation_06553,1,0.675851,2
trivia_qa,qwen3-4b-nothink,trivia_qa_validation_02460,0,0.028834,5
trivia_qa,qwen3-4b-nothink,trivia_qa_validation_16893,0,0.773642,1
trivia_qa,qwen3-4b-nothink,trivia_qa_validation_12938,0,0.044522,2
trivia_qa,qwen3-4b-nothink,trivia_qa_validation_12748,1,0.525629,4
trivia_qa,qwen3-4b-nothink,trivia_qa_validation_04674,1,0.678333,4
trivia_qa,qwen3-4b-nothink,trivia_qa_validation_00758,0,0.717754,5
trivia_qa,qwen3-4b-nothink,trivia_qa_validation_06687,1,0.63617,1
trivia_qa,qwen3-4b-nothink,trivia_qa_validation_17653,1,0.738679,2
trivia_qa,qwen3-4b-nothink,trivia_qa_validation_00839,1,0.558953,4
trivia_qa,qwen3-4b-nothink,trivia_qa_validation_15618,1,0.740773,3
trivia_qa,qwen3-4b-nothink,trivia_qa_validation_17514,1,0.731749,5
trivia_qa,qwen3-4b-nothink,trivia_qa_validation_09712,0,0.022979,5
trivia_qa,qwen3-4b-nothink,trivia_qa_validation_06599,1,0.094685,4
trivia_qa,qwen3-4b-nothink,trivia_qa_validation_13957,1,0.725457,2
trivia_qa,qwen3-4b-nothink,trivia_qa_validation_09104,0,0.008172,2
trivia_qa,qwen3-4b-nothink,trivia_qa_validation_15841,1,0.710761,5
trivia_qa,qwen3-4b-nothink,trivia_qa_validation_12985,0,0.119194,4
trivia_qa,qwen3-4b-nothink,trivia_qa_validation_16562,1,0.741567,2
trivia_qa,qwen3-4b-nothink,trivia_qa_validation_12540,1,0.253463,5
trivia_qa,qwen3-4b-nothink,trivia_qa_validation_17711,1,0.743578,2
trivia_qa,qwen3-4b-nothink,trivia_qa_validation_02769,1,0.751689,4
trivia_qa,qwen3-4b-nothink,trivia_qa_validation_03117,0,0.051791,2
trivia_qa,qwen3-4b-nothink,trivia_qa_validation_06956,0,0.165432,2
trivia_qa,qwen3-4b-nothink,trivia_qa_validation_10036,1,0.25957,1
trivia_qa,qwen3-4b-nothink,trivia_qa_validation_17234,1,0.693397,5
trivia_qa,qwen3-4b-nothink,trivia_qa_validation_17834,0,0.067094,1
trivia_qa,qwen3-4b-nothink,trivia_qa_validation_11451,0,0.011764,2
trivia_qa,qwen3-4b-nothink,trivia_qa_validation_07698,0,0.00611,3
trivia_qa,qwen3-4b-nothink,trivia_qa_validation_06495,1,0.722054,1
trivia_qa,qwen3-4b-nothink,trivia_qa_validation_02834,1,0.492401,2
trivia_qa,qwen3-4b-nothink,trivia_qa_validation_13215,1,0.670061,3
trivia_qa,qwen3-4b-nothink,trivia_qa_validation_09253,0,0.724711,5
trivia_qa,qwen3-4b-nothink,trivia_qa_validation_03995,0,0.013172,4
trivia_qa,qwen3-4b-nothink,trivia_qa_validation_06321,0,0.198404,5
trivia_qa,qwen3-4b-nothink,trivia_qa_validation_09116,0,0.530639,5
trivia_qa,qwen3-4b-nothink,trivia_qa_validation_00264,1,0.768998,3
trivia_qa,qwen3-4b-nothink,trivia_qa_validation_07058,0,0.010865,1
trivia_qa,qwen3-4b-nothink,trivia_qa_validation_03040,0,0.025497,4
trivia_qa,qwen3-4b-nothink,trivia_qa_validation_05423,1,0.751468,2
trivia_qa,qwen3-4b-nothink,trivia_qa_validation_08007,0,0.304562,2
trivia_qa,qwen3-4b-nothink,trivia_qa_validation_17843,1,0.162499,1
trivia_qa,qwen3-4b-nothink,trivia_qa_validation_12090,0,0.042345,5
trivia_qa,qwen3-4b-nothink,trivia_qa_validation_02437,0,0.020423,3
trivia_qa,qwen3-4b-nothink,trivia_qa_validation_00957,1,0.775607,1
trivia_qa,qwen3-4b-nothink,trivia_qa_validation_05479,0,0.031889,2
trivia_qa,qwen3-4b-nothink,trivia_qa_validation_09597,0,0.705825,5
trivia_qa,qwen3-4b-nothink,trivia_qa_validation_07565,0,0.02239,4
trivia_qa,qwen3-4b-nothink,trivia_qa_validation_08330,0,0.066047,1
trivia_qa,qwen3-4b-nothink,trivia_qa_validation_14621,0,0.007738,3
trivia_qa,qwen3-4b-nothink,trivia_qa_validation_11057,0,0.713395,2
trivia_qa,qwen3-4b-nothink,trivia_qa_validation_04630,0,0.031103,5
trivia_qa,qwen3-4b-nothink,trivia_qa_validation_12501,1,0.772324,1
trivia_qa,qwen3-4b-nothink,trivia_qa_validation_17026,0,0.755337,4
trivia_qa,qwen3-4b-nothink,trivia_qa_validation_00046,1,0.706495,3
trivia_qa,qwen3-4b-nothink,trivia_qa_validation_00015,0,0.148107,5
trivia_qa,qwen3-4b-nothink,trivia_qa_validation_04598,0,0.152225,5
trivia_qa,qwen3-4b-nothink,trivia_qa_validation_09123,0,0.321336,4
trivia_qa,qwen3-4b-nothink,trivia_qa_validation_14269,0,0.06411,2
trivia_qa,qwen3-4b-nothink,trivia_qa_validation_16115,0,0.24428,2
trivia_qa,qwen3-4b-nothink,trivia_qa_validation_12972,0,0.741567,4
trivia_qa,qwen3-4b-nothink,trivia_qa_validation_11593,0,0.389388,4
trivia_qa,qwen3-4b-nothink,trivia_qa_validation_06890,0,0.066261,5
trivia_qa,qwen3-4b-nothink,trivia_qa_validation_16436,0,0.340677,2
trivia_qa,qwen3-4b-nothink,trivia_qa_validation_12960,0,0.484292,1
trivia_qa,qwen3-4b-nothink,trivia_qa_validation_12299,1,0.732146,2
trivia_qa,qwen3-4b-nothink,trivia_qa_validation_07338,0,0.304199,2
trivia_qa,qwen3-4b-nothink,trivia_qa_validation_17206,0,0.751389,2
trivia_qa,qwen3-4b-nothink,trivia_qa_validation_00045,1,0.66955,5
trivia_qa,qwen3-4b-nothink,trivia_qa_validation_01317,0,0.003782,4
trivia_qa,qwen3-4b-nothink,trivia_qa_validation_16223,1,0.749934,4
trivia_qa,qwen3-4b-nothink,trivia_qa_validation_01824,0,0.006857,3
trivia_qa,qwen3-4b-nothink,trivia_qa_validation_15704,0,0.034969,3
trivia_qa,qwen3-4b-nothink,trivia_qa_validation_02305,0,0.067001,1
trivia_qa,qwen3-4b-nothink,trivia_qa_validation_04047,0,0.323435,3
trivia_qa,qwen3-4b-nothink,trivia_qa_validation_11337,0,0.697765,2
trivia_qa,qwen3-4b-nothink,trivia_qa_validation_07019,1,0.468371,3
trivia_qa,qwen3-4b-nothink,trivia_qa_validation_02002,0,0.039289,3
trivia_qa,qwen3-4b-nothink,trivia_qa_validation_08224,0,0.751074,4
trivia_qa,qwen3-4b-nothink,trivia_qa_validation_13481,1,0.72175,2
trivia_qa,qwen3-4b-nothink,trivia_qa_validation_14457,0,0.083234,3
trivia_qa,qwen3-4b-nothink,trivia_qa_validation_14229,1,0.771549,1
trivia_qa,qwen3-4b-nothink,trivia_qa_validation_13625,0,0.744903,2
trivia_qa,qwen3-4b-nothink,trivia_qa_validation_12554,0,0.386253,4
trivia_qa,qwen3-4b-nothink,trivia_qa_validation_03119,0,0.189512,3
trivia_qa,qwen3-4b-nothink,trivia_qa_validation_09634,1,0.492695,3
trivia_qa,qwen3-4b-nothink,trivia_qa_validation_08915,0,0.008844,4
trivia_qa,qwen3-4b-nothink,trivia_qa_validation_10964,1,0.696761,4
trivia_qa,qwen3-4b-nothink,trivia_qa_validation_07420,0,0.082943,2
trivia_qa,qwen3-4b-nothink,trivia_qa_validation_13542,0,0.54122,4
trivia_qa,qwen3-4b-nothink,trivia_qa_validation_11676,0,0.007007,2
trivia_qa,qwen3-4b-nothink,trivia_qa_validation_17159,0,0.006866,1
trivia_qa,qwen3-4b-nothink,trivia_qa_validation_09638,1,0.755132,4
trivia_qa,qwen3-4b-nothink,trivia_qa_validation_07495,1,0.732147,3
trivia_qa,qwen3-4b-nothink,trivia_qa_validation_09764,1,0.714771,1
trivia_qa,qwen3-4b-nothink,trivia_qa_validation_05874,0,0.768042,1
trivia_qa,qwen3-4b-nothink,trivia_qa_validation_11236,0,0.328314,2
trivia_qa,qwen3-4b-nothink,trivia_qa_validation_01707,1,0.706803,4
trivia_qa,qwen3-4b-nothink,trivia_qa_validation_03326,1,0.748456,3
trivia_qa,qwen3-4b-nothink,trivia_qa_validation_02825,1,0.748663,4
trivia_qa,qwen3-4b-nothink,trivia_qa_validation_06898,1,0.531498,4
trivia_qa,qwen3-4b-nothink,trivia_qa_validation_03363,0,0.133996,5
trivia_qa,qwen3-4b-nothink,trivia_qa_validation_00574,0,0.003329,3
trivia_qa,qwen3-4b-nothink,trivia_qa_validation_08073,0,0.019733,5
trivia_qa,qwen3-4b-nothink,trivia_qa_validation_09262,0,0.011461,2
trivia_qa,qwen3-4b-nothink,trivia_qa_validation_08944,0,0.018213,5
trivia_qa,qwen3-4b-nothink,trivia_qa_validation_05567,1,0.211778,5
trivia_qa,qwen3-4b-nothink,trivia_qa_validation_03670,1,0.659275,1
trivia_qa,qwen3-4b-nothink,trivia_qa_validation_15779,0,0.443394,2
trivia_qa,qwen3-4b-nothink,trivia_qa_validation_06876,1,0.718303,4
trivia_qa,qwen3-4b-nothink,trivia_qa_validation_13180,1,0.680251,5
trivia_qa,qwen3-4b-nothink,trivia_qa_validation_00954,1,0.749674,2
trivia_qa,qwen3-4b-nothink,trivia_qa_validation_04642,1,0.690678,3
trivia_qa,qwen3-4b-nothink,trivia_qa_validation_11008,0,0.109647,2
trivia_qa,qwen3-4b-nothink,trivia_qa_validation_11755,0,0.005294,1
trivia_qa,qwen3-4b-nothink,trivia_qa_validation_08976,0,0.004023,2
trivia_qa,qwen3-4b-nothink,trivia_qa_validation_03526,0,0.087479,5
trivia_qa,qwen3-4b-nothink,trivia_qa_validation_05359,0,0.181842,4
trivia_qa,qwen3-4b-nothink,trivia_qa_validation_05831,0,0.018539,1
trivia_qa,qwen3-4b-nothink,trivia_qa_validation_12222,0,0.064624,1
trivia_qa,qwen3-4b-nothink,trivia_qa_validation_02413,1,0.700643,5
trivia_qa,qwen3-4b-nothink,trivia_qa_validation_00559,1,0.732427,3
trivia_qa,qwen3-4b-nothink,trivia_qa_validation_11322,0,0.080844,4
trivia_qa,qwen3-4b-nothink,trivia_qa_validation_12263,0,0.015328,3
trivia_qa,qwen3-4b-nothink,trivia_qa_validation_07375,0,0.473483,2
trivia_qa,qwen3-4b-nothink,trivia_qa_validation_11180,0,0.089133,3
trivia_qa,qwen3-4b-nothink,trivia_qa_validation_14609,0,0.551013,3
trivia_qa,qwen3-4b-nothink,trivia_qa_validation_16983,1,0.722092,3
trivia_qa,qwen3-4b-nothink,trivia_qa_validation_03035,0,0.738028,2
trivia_qa,qwen3-4b-nothink,trivia_qa_validation_10195,1,0.721398,2
trivia_qa,qwen3-4b-nothink,trivia_qa_validation_04029,1,0.610601,4
trivia_qa,qwen3-4b-nothink,trivia_qa_validation_04916,1,0.724665,3
trivia_qa,qwen3-4b-nothink,trivia_qa_validation_04652,1,0.72959,1
trivia_qa,qwen3-4b-nothink,trivia_qa_validation_03007,0,0.530315,5
trivia_qa,qwen3-4b-nothink,trivia_qa_validation_00968,1,0.707496,1
trivia_qa,qwen3-4b-nothink,trivia_qa_validation_06380,0,0.696127,2
trivia_qa,qwen3-4b-nothink,trivia_qa_validation_13769,1,0.757539,1
trivia_qa,qwen3-4b-nothink,trivia_qa_validation_07125,1,0.750839,4
trivia_qa,qwen3-4b-nothink,trivia_qa_validation_00810,0,0.097592,2
trivia_qa,qwen3-4b-nothink,trivia_qa_validation_04212,1,0.536014,3
trivia_qa,qwen3-4b-nothink,trivia_qa_validation_02642,1,0.710427,5
trivia_qa,qwen3-4b-nothink,trivia_qa_validation_12833,1,0.733845,1
trivia_qa,qwen3-4b-nothink,trivia_qa_validation_00192,0,0.007485,2
trivia_qa,qwen3-4b-nothink,trivia_qa_validation_16982,0,0.099192,4
trivia_qa,qwen3-4b-nothink,trivia_qa_validation_14641,0,0.087534,4
trivia_qa,qwen3-4b-nothink,trivia_qa_validation_08669,0,0.005993,2
trivia_qa,qwen3-4b-nothink,trivia_qa_validation_06037,0,0.350418,1
trivia_qa,qwen3-4b-nothink,trivia_qa_validation_15439,0,0.248841,2
trivia_qa,qwen3-4b-nothink,trivia_qa_validation_08560,0,0.104976,1
trivia_qa,qwen3-4b-nothink,trivia_qa_validation_14118,1,0.756873,4
trivia_qa,qwen3-4b-nothink,trivia_qa_validation_06569,1,0.74178,3
trivia_qa,qwen3-4b-nothink,trivia_qa_validation_13554,0,0.571072,1
trivia_qa,qwen3-4b-nothink,trivia_qa_validation_13115,1,0.567978,4
trivia_qa,qwen3-4b-nothink,trivia_qa_validation_11304,1,0.755337,4
trivia_qa,qwen3-4b-nothink,trivia_qa_validation_14620,0,0.405095,1
trivia_qa,qwen3-4b-nothink,trivia_qa_validation_05519,1,0.173433,2
trivia_qa,qwen3-4b-nothink,trivia_qa_validation_03282,1,0.532798,5
trivia_qa,qwen3-4b-nothink,trivia_qa_validation_08727,0,0.021728,4
trivia_qa,qwen3-4b-nothink,trivia_qa_validation_16377,0,0.520567,5
trivia_qa,qwen3-4b-nothink,trivia_qa_validation_07969,0,0.165942,1
trivia_qa,qwen3-4b-nothink,trivia_qa_validation_06289,1,0.355586,2
trivia_qa,qwen3-4b-nothink,trivia_qa_validation_15611,0,0.71423,4
trivia_qa,qwen3-4b-nothink,trivia_qa_validation_07166,1,0.302541,1
trivia_qa,qwen3-4b-nothink,trivia_qa_validation_14389,0,0.047017,1
trivia_qa,qwen3-4b-nothink,trivia_qa_validation_05321,1,0.572411,2
trivia_qa,qwen3-4b-nothink,trivia_qa_validation_17007,1,0.751547,2
trivia_qa,qwen3-4b-nothink,trivia_qa_validation_04632,0,0.036828,4
trivia_qa,qwen3-4b-nothink,trivia_qa_validation_05991,0,0.038601,5
trivia_qa,qwen3-4b-nothink,trivia_qa_validation_00184,0,0.031458,5
trivia_qa,qwen3-4b-nothink,trivia_qa_validation_09763,1,0.725094,1
trivia_qa,qwen3-4b-nothink,trivia_qa_validation_09518,0,0.025977,4
trivia_qa,qwen3-4b-nothink,trivia_qa_validation_16639,1,0.774953,1
trivia_qa,qwen3-4b-nothink,trivia_qa_validation_09224,0,0.016578,2
trivia_qa,qwen3-4b-nothink,trivia_qa_validation_17608,1,0.753691,4
trivia_qa,qwen3-4b-nothink,trivia_qa_validation_15429,0,0.168408,4
trivia_qa,qwen3-4b-nothink,trivia_qa_validation_05586,1,0.624419,1
trivia_qa,qwen3-4b-nothink,trivia_qa_validation_10691,1,0.727662,2
trivia_qa,qwen3-4b-nothink,trivia_qa_validation_15504,1,0.774066,1
trivia_qa,qwen3-4b-nothink,trivia_qa_validation_12758,1,0.71293,5
trivia_qa,qwen3-4b-nothink,trivia_qa_validation_04935,0,0.004397,3
trivia_qa,qwen3-4b-nothink,trivia_qa_validation_12705,1,0.327648,5
trivia_qa,qwen3-4b-nothink,trivia_qa_validation_03447,0,0.050375,1
trivia_qa,qwen3-4b-nothink,trivia_qa_validation_10307,0,0.728978,4
trivia_qa,qwen3-4b-nothink,trivia_qa_validation_16861,1,0.060476,3
trivia_qa,qwen3-4b-nothink,trivia_qa_validation_04311,0,0.047772,5
trivia_qa,qwen3-4b-nothink,trivia_qa_validation_01872,0,0.009266,2
trivia_qa,qwen3-4b-nothink,trivia_qa_validation_15578,1,0.740946,4
trivia_qa,qwen3-4b-nothink,trivia_qa_validation_05318,0,0.010721,3
trivia_qa,qwen3-4b-nothink,trivia_qa_validation_12207,1,0.07872,5
trivia_qa,qwen3-4b-nothink,trivia_qa_validation_11540,1,0.65124,3
trivia_qa,qwen3-4b-nothink,trivia_qa_validation_14213,1,0.740572,3
trivia_qa,qwen3-4b-nothink,trivia_qa_validation_02288,0,0.739091,3
trivia_qa,qwen3-4b-nothink,trivia_qa_validation_02457,0,0.136479,5
trivia_qa,qwen3-4b-nothink,trivia_qa_validation_02449,0,0.528707,4
trivia_qa,qwen3-4b-nothink,trivia_qa_validation_03143,1,0.344325,3
trivia_qa,qwen3-4b-nothink,trivia_qa_validation_10312,0,0.707599,3
trivia_qa,qwen3-4b-nothink,trivia_qa_validation_07733,0,0.065039,4
trivia_qa,qwen3-4b-nothink,trivia_qa_validation_13133,1,0.732543,4
trivia_qa,qwen3-4b-nothink,trivia_qa_validation_13478,0,0.172468,4
trivia_qa,qwen3-4b-nothink,trivia_qa_validation_12205,0,0.039103,5
trivia_qa,qwen3-4b-nothink,trivia_qa_validation_04417,1,0.746243,5
trivia_qa,qwen3-4b-nothink,trivia_qa_validation_04688,1,0.068182,4
trivia_qa,qwen3-4b-nothink,trivia_qa_validation_00576,0,0.322239,5
trivia_qa,qwen3-4b-nothink,trivia_qa_validation_01269,1,0.731793,5
trivia_qa,qwen3-4b-nothink,trivia_qa_validation_12288,0,0.070101,1
trivia_qa,qwen3-4b-nothink,trivia_qa_validation_12614,0,0.656927,2
trivia_qa,qwen3-4b-nothink,trivia_qa_validation_06335,1,0.524344,5
trivia_qa,qwen3-4b-nothink,trivia_qa_validation_09625,1,0.793606,4
trivia_qa,qwen3-4b-nothink,trivia_qa_validation_05731,0,0.062667,5
trivia_qa,qwen3-4b-nothink,trivia_qa_validation_06659,0,0.715855,3
trivia_qa,qwen3-4b-nothink,trivia_qa_validation_06410,0,0.280849,5
trivia_qa,qwen3-4b-nothink,trivia_qa_validation_08319,0,0.15525,4
trivia_qa,qwen3-4b-nothink,trivia_qa_validation_13636,0,0.706805,1
trivia_qa,qwen3-4b-nothink,trivia_qa_validation_07588,1,0.757078,4
trivia_qa,qwen3-4b-nothink,trivia_qa_validation_00382,0,0.503325,1
trivia_qa,qwen3-4b-nothink,trivia_qa_validation_06409,1,0.716175,3
trivia_qa,qwen3-4b-nothink,trivia_qa_validation_08139,0,0.731769,5
trivia_qa,qwen3-4b-nothink,trivia_qa_validation_16555,1,0.69162,2
trivia_qa,qwen3-4b-nothink,trivia_qa_validation_08816,0,0.274882,3
trivia_qa,qwen3-4b-nothink,trivia_qa_validation_01660,0,0.461495,3
trivia_qa,qwen3-4b-nothink,trivia_qa_validation_06551,1,0.523305,1
trivia_qa,qwen3-4b-nothink,trivia_qa_validation_11168,0,0.020763,4
trivia_qa,qwen3-4b-nothink,trivia_qa_validation_08325,0,0.239601,4
trivia_qa,qwen3-4b-nothink,trivia_qa_validation_11958,0,0.009203,5
trivia_qa,qwen3-4b-nothink,trivia_qa_validation_02824,1,0.74651,3
trivia_qa,qwen3-4b-nothink,trivia_qa_validation_08656,1,0.763235,3
trivia_qa,qwen3-4b-nothink,trivia_qa_validation_10866,1,0.755337,4
trivia_qa,qwen3-4b-nothink,trivia_qa_validation_05539,0,0.037701,3
trivia_qa,qwen3-4b-nothink,trivia_qa_validation_09236,1,0.750361,4
trivia_qa,qwen3-4b-nothink,trivia_qa_validation_10550,0,0.222038,1
trivia_qa,qwen3-4b-nothink,trivia_qa_validation_14475,1,0.718472,2
trivia_qa,qwen3-4b-nothink,trivia_qa_validation_03911,0,0.722187,2
trivia_qa,qwen3-4b-nothink,trivia_qa_validation_01244,0,0.332751,4
trivia_qa,qwen3-4b-nothink,trivia_qa_validation_09996,0,0.048936,5
trivia_qa,qwen3-4b-nothink,trivia_qa_validation_07510,0,0.547807,1
trivia_qa,qwen3-4b-nothink,trivia_qa_validation_11128,0,0.02327,2
trivia_qa,qwen3-4b-nothink,trivia_qa_validation_05526,1,0.718458,1
trivia_qa,qwen3-4b-nothink,trivia_qa_validation_16310,1,0.770339,1
trivia_qa,qwen3-4b-nothink,trivia_qa_validation_17912,0,0.751916,2
trivia_qa,qwen3-4b-nothink,trivia_qa_validation_03045,1,0.736301,1
trivia_qa,qwen3-4b-nothink,trivia_qa_validation_01048,0,0.019943,2
trivia_qa,qwen3-4b-nothink,trivia_qa_validation_17468,0,0.088591,2
trivia_qa,qwen3-4b-nothink,trivia_qa_validation_16448,0,0.270919,5
trivia_qa,qwen3-4b-nothink,trivia_qa_validation_03998,1,0.718367,1
trivia_qa,qwen3-4b-nothink,trivia_qa_validation_08162,0,0.185488,5
trivia_qa,qwen3-4b-nothink,trivia_qa_validation_01957,0,0.248605,1
trivia_qa,qwen3-4b-nothink,trivia_qa_validation_01813,0,0.746245,1
trivia_qa,qwen3-4b-nothink,trivia_qa_validation_06827,0,0.711117,2
trivia_qa,qwen3-4b-nothink,trivia_qa_validation_11844,0,0.036971,2
trivia_qa,qwen3-4b-nothink,trivia_qa_validation_01305,0,0.103055,2
trivia_qa,qwen3-4b-nothink,trivia_qa_validation_09774,1,0.760063,3
trivia_qa,qwen3-4b-nothink,trivia_qa_validation_14858,1,0.550308,1
trivia_qa,qwen3-4b-nothink,trivia_qa_validation_15970,0,0.01573,4
trivia_qa,qwen3-4b-nothink,trivia_qa_validation_09881,1,0.802477,4
trivia_qa,qwen3-4b-nothink,trivia_qa_validation_01887,0,0.44538,4
trivia_qa,qwen3-4b-nothink,trivia_qa_validation_03596,1,0.447262,2
trivia_qa,qwen3-4b-nothink,trivia_qa_validation_17095,0,0.274087,5
trivia_qa,qwen3-4b-nothink,trivia_qa_validation_04736,0,0.726784,4
trivia_qa,qwen3-4b-nothink,trivia_qa_validation_09426,0,0.242918,2
trivia_qa,qwen3-4b-nothink,trivia_qa_validation_06297,1,0.699892,5
trivia_qa,qwen3-4b-nothink,trivia_qa_validation_01243,0,0.038876,3
trivia_qa,qwen3-4b-nothink,trivia_qa_validation_03237,1,0.483601,1
trivia_qa,qwen3-4b-nothink,trivia_qa_validation_13654,0,0.687391,3
trivia_qa,qwen3-4b-nothink,trivia_qa_validation_08293,0,0.724539,2
trivia_qa,qwen3-4b-nothink,trivia_qa_validation_03167,1,0.707332,5
trivia_qa,qwen3-4b-nothink,trivia_qa_validation_07979,0,0.006752,4
trivia_qa,qwen3-4b-nothink,trivia_qa_validation_04874,0,0.008549,4
trivia_qa,qwen3-4b-nothink,trivia_qa_validation_05256,1,0.344051,4
trivia_qa,qwen3-4b-nothink,trivia_qa_validation_16478,1,0.722765,3
trivia_qa,qwen3-4b-nothink,trivia_qa_validation_06008,0,0.012203,4
trivia_qa,qwen3-4b-nothink,trivia_qa_validation_07853,0,0.041166,1
trivia_qa,qwen3-4b-nothink,trivia_qa_validation_01757,0,0.030913,5
trivia_qa,qwen3-4b-nothink,trivia_qa_validation_00254,0,0.445566,1
trivia_qa,qwen3-4b-nothink,trivia_qa_validation_09503,1,0.701359,1
trivia_qa,qwen3-4b-nothink,trivia_qa_validation_08256,0,0.049053,3
trivia_qa,qwen3-4b-nothink,trivia_qa_validation_00165,0,0.054589,2
trivia_qa,qwen3-4b-nothink,trivia_qa_validation_05923,0,0.429269,4
trivia_qa,qwen3-4b-nothink,trivia_qa_validation_14833,1,0.690096,4
trivia_qa,qwen3-4b-nothink,trivia_qa_validation_15305,0,0.08963,1
trivia_qa,qwen3-4b-nothink,trivia_qa_validation_11739,1,0.289622,2
trivia_qa,qwen3-4b-nothink,trivia_qa_validation_14837,0,0.105263,1
trivia_qa,qwen3-4b-nothink,trivia_qa_validation_13216,1,0.607736,4
trivia_qa,qwen3-4b-nothink,trivia_qa_validation_06785,0,0.06461,4
trivia_qa,qwen3-4b-nothink,trivia_qa_validation_10282,0,0.360999,5
trivia_qa,qwen3-4b-nothink,trivia_qa_validation_05089,0,0.681645,4
trivia_qa,qwen3-4b-nothink,trivia_qa_validation_06908,1,0.768214,3
trivia_qa,qwen3-4b-nothink,trivia_qa_validation_15553,0,0.734086,4
trivia_qa,qwen3-4b-nothink,trivia_qa_validation_07316,0,0.591042,1
trivia_qa,qwen3-4b-nothink,trivia_qa_validation_03888,1,0.013269,4
trivia_qa,qwen3-4b-nothink,trivia_qa_validation_09916,0,0.350119,3
trivia_qa,qwen3-4b-nothink,trivia_qa_validation_12738,0,0.756976,1
trivia_qa,qwen3-4b-nothink,trivia_qa_validation_03099,0,0.048629,3
trivia_qa,qwen3-4b-nothink,trivia_qa_validation_15150,0,0.711114,2
trivia_qa,qwen3-4b-nothink,trivia_qa_validation_10944,1,0.719773,5
trivia_qa,qwen3-4b-nothink,trivia_qa_validation_04194,0,0.045584,1
trivia_qa,qwen3-4b-nothink,trivia_qa_validation_00552,0,0.230235,3
trivia_qa,qwen3-4b-nothink,trivia_qa_validation_02570,1,0.70937,2
trivia_qa,qwen3-4b-nothink,trivia_qa_validation_07163,0,0.171824,5
trivia_qa,qwen3-4b-nothink,trivia_qa_validation_00416,0,0.053825,3
trivia_qa,qwen3-4b-nothink,trivia_qa_validation_06215,1,0.14116,4
trivia_qa,qwen3-4b-nothink,trivia_qa_validation_11403,0,0.064352,3
trivia_qa,qwen3-4b-nothink,trivia_qa_validation_01583,0,0.280701,1
trivia_qa,qwen3-4b-nothink,trivia_qa_validation_07236,1,0.713433,5
trivia_qa,qwen3-4b-nothink,trivia_qa_validation_02418,0,0.310001,4
trivia_qa,qwen3-4b-nothink,trivia_qa_validation_02307,1,0.475257,4
trivia_qa,qwen3-4b-nothink,trivia_qa_validation_17862,0,0.33284,5
trivia_qa,qwen3-4b-nothink,trivia_qa_validation_03564,0,0.451614,1
trivia_qa,qwen3-4b-nothink,trivia_qa_validation_14532,0,0.033536,2
trivia_qa,qwen3-4b-nothink,trivia_qa_validation_15759,1,0.745565,3
trivia_qa,qwen3-4b-nothink,trivia_qa_validation_03231,1,0.181027,1
trivia_qa,qwen3-4b-nothink,trivia_qa_validation_08321,0,0.010035,4
trivia_qa,qwen3-4b-nothink,trivia_qa_validation_11548,0,0.011093,3
trivia_qa,qwen3-4b-nothink,trivia_qa_validation_05774,1,0.455176,5
trivia_qa,qwen3-4b-nothink,trivia_qa_validation_11957,0,0.027969,4
trivia_qa,qwen3-4b-nothink,trivia_qa_validation_08244,1,0.743368,1
trivia_qa,qwen3-4b-nothink,trivia_qa_validation_05419,1,0.75327,3
trivia_qa,qwen3-4b-nothink,trivia_qa_validation_14522,1,0.728296,3
trivia_qa,qwen3-4b-nothink,trivia_qa_validation_02106,0,0.013658,4
trivia_qa,qwen3-4b-nothink,trivia_qa_validation_12553,1,0.731739,5
trivia_qa,qwen3-4b-nothink,trivia_qa_validation_08926,0,0.706174,5
trivia_qa,qwen3-4b-nothink,trivia_qa_validation_15063,0,0.556104,2
trivia_qa,qwen3-4b-nothink,trivia_qa_validation_14942,0,0.014866,5
trivia_qa,qwen3-4b-nothink,trivia_qa_validation_09813,1,0.741576,3
trivia_qa,qwen3-4b-nothink,trivia_qa_validation_06729,1,0.740311,3
trivia_qa,qwen3-4b-nothink,trivia_qa_validation_04822,0,0.425723,3
trivia_qa,qwen3-4b-nothink,trivia_qa_validation_02890,1,0.766182,1
trivia_qa,qwen3-4b-nothink,trivia_qa_validation_13779,1,0.72674,1
trivia_qa,qwen3-4b-nothink,trivia_qa_validation_08187,0,0.007389,3
trivia_qa,qwen3-4b-nothink,trivia_qa_validation_14359,1,0.701624,5
trivia_qa,qwen3-4b-nothink,trivia_qa_validation_01700,0,0.008837,1
trivia_qa,qwen3-4b-nothink,trivia_qa_validation_15638,0,0.038803,5
trivia_qa,qwen3-4b-nothink,trivia_qa_validation_03362,0,0.098697,3
trivia_qa,qwen3-4b-nothink,trivia_qa_validation_04721,0,0.525042,4
trivia_qa,qwen3-4b-nothink,trivia_qa_validation_03303,0,0.12182,2
trivia_qa,qwen3-4b-nothink,trivia_qa_validation_06978,0,0.112166,2
trivia_qa,qwen3-4b-nothink,trivia_qa_validation_16241,1,0.750656,3
trivia_qa,qwen3-4b-nothink,trivia_qa_validation_17918,0,0.522375,1
trivia_qa,qwen3-4b-nothink,trivia_qa_validation_15357,1,0.755645,4
trivia_qa,qwen3-4b-nothink,trivia_qa_validation_05019,0,0.627399,5
trivia_qa,qwen3-4b-nothink,trivia_qa_validation_06211,0,0.660767,1
trivia_qa,qwen3-4b-nothink,trivia_qa_validation_06435,0,0.015673,4
trivia_qa,qwen3-4b-nothink,trivia_qa_validation_11926,1,0.742508,1
trivia_qa,qwen3-4b-nothink,trivia_qa_validation_03640,1,0.739322,4
trivia_qa,qwen3-4b-nothink,trivia_qa_validation_03927,1,0.70258,2
trivia_qa,qwen3-4b-nothink,trivia_qa_validation_14928,0,0.400655,3
trivia_qa,qwen3-4b-nothink,trivia_qa_validation_12834,1,0.030821,4
trivia_qa,qwen3-4b-nothink,trivia_qa_validation_09497,1,0.45863,3
trivia_qa,qwen3-4b-nothink,trivia_qa_validation_02033,1,0.736131,5
trivia_qa,qwen3-4b-nothink,trivia_qa_validation_03233,1,0.756055,4
trivia_qa,qwen3-4b-nothink,trivia_qa_validation_10014,0,0.261581,3
trivia_qa,qwen3-4b-nothink,trivia_qa_validation_15187,0,0.735691,3
trivia_qa,qwen3-4b-nothink,trivia_qa_validation_08965,1,0.515931,5
trivia_qa,qwen3-4b-nothink,trivia_qa_validation_01385,0,0.113465,4
trivia_qa,qwen3-4b-nothink,trivia_qa_validation_05066,1,0.694921,4
trivia_qa,qwen3-4b-nothink,trivia_qa_validation_12559,1,0.731372,4
trivia_qa,qwen3-4b-nothink,trivia_qa_validation_06603,0,0.0057,5
trivia_qa,qwen3-4b-nothink,trivia_qa_validation_08453,1,0.750315,2
trivia_qa,qwen3-4b-nothink,trivia_qa_validation_14931,0,0.019345,2
trivia_qa,qwen3-4b-nothink,trivia_qa_validation_15106,0,0.017003,2
trivia_qa,qwen3-4b-nothink,trivia_qa_validation_08675,0,0.079749,4
trivia_qa,qwen3-4b-nothink,trivia_qa_validation_10591,0,0.028317,1
trivia_qa,qwen3-4b-nothink,trivia_qa_validation_05745,0,0.02007,1
trivia_qa,qwen3-4b-nothink,trivia_qa_validation_03936,0,0.050382,1
trivia_qa,qwen3-4b-nothink,trivia_qa_validation_11173,1,0.75131,2
trivia_qa,qwen3-4b-nothink,trivia_qa_validation_00846,1,0.74005,2
trivia_qa,qwen3-4b-nothink,trivia_qa_validation_03873,1,0.426847,5
trivia_qa,qwen3-4b-nothink,trivia_qa_validation_03973,1,0.719905,2
trivia_qa,qwen3-4b-nothink,trivia_qa_validation_02775,0,0.310166,2
trivia_qa,qwen3-4b-nothink,trivia_qa_validation_10251,0,0.18205,3
trivia_qa,qwen3-4b-nothink,trivia_qa_validation_05687,0,0.642541,1
trivia_qa,qwen3-4b-nothink,trivia_qa_validation_09848,1,0.719421,5
trivia_qa,qwen3-4b-nothink,trivia_qa_validation_06820,0,0.166956,4
trivia_qa,qwen3-4b-nothink,trivia_qa_validation_14907,0,0.541422,2
trivia_qa,qwen3-4b-nothink,trivia_qa_validation_08421,1,0.744934,2
trivia_qa,qwen3-4b-nothink,trivia_qa_validation_11989,1,0.018861,4
trivia_qa,qwen3-4b-nothink,trivia_qa_validation_07038,0,0.767243,1
trivia_qa,qwen3-4b-nothink,trivia_qa_validation_03319,0,0.258293,3
trivia_qa,qwen3-4b-nothink,trivia_qa_validation_02548,0,0.736154,4
trivia_qa,qwen3-4b-nothink,trivia_qa_validation_04261,1,0.699348,3
trivia_qa,qwen3-4b-nothink,trivia_qa_validation_10175,1,0.611861,2
trivia_qa,qwen3-4b-nothink,trivia_qa_validation_14853,1,0.72295,5
trivia_qa,qwen3-4b-nothink,trivia_qa_validation_07931,0,0.046431,2
trivia_qa,qwen3-4b-nothink,trivia_qa_validation_09718,0,0.005561,3
trivia_qa,qwen3-4b-nothink,trivia_qa_validation_05292,0,0.254844,3
trivia_qa,qwen3-4b-nothink,trivia_qa_validation_13456,0,0.511926,5
trivia_qa,qwen3-4b-nothink,trivia_qa_validation_09330,0,0.224249,5
trivia_qa,qwen3-4b-nothink,trivia_qa_validation_08852,0,0.083618,2
trivia_qa,qwen3-4b-nothink,trivia_qa_validation_07136,0,0.027853,1
trivia_qa,qwen3-4b-nothink,trivia_qa_validation_14543,0,0.171174,5
trivia_qa,qwen3-4b-nothink,trivia_qa_validation_12564,1,0.520905,1
trivia_qa,qwen3-4b-nothink,trivia_qa_validation_02672,1,0.739104,3
trivia_qa,qwen3-4b-nothink,trivia_qa_validation_01604,1,0.724172,1
trivia_qa,qwen3-4b-nothink,trivia_qa_validation_07684,1,0.705116,2
trivia_qa,qwen3-4b-nothink,trivia_qa_validation_01782,0,0.038533,5
trivia_qa,qwen3-4b-nothink,trivia_qa_validation_17582,0,0.20937,4
trivia_qa,qwen3-4b-nothink,trivia_qa_validation_16071,0,0.027917,2
trivia_qa,qwen3-4b-nothink,trivia_qa_validation_02529,0,0.211962,2
trivia_qa,qwen3-4b-nothink,trivia_qa_validation_06312,0,0.010783,5
trivia_qa,qwen3-4b-nothink,trivia_qa_validation_15880,0,0.005992,4
trivia_qa,qwen3-4b-nothink,trivia_qa_validation_11305,0,0.046354,1
trivia_qa,qwen3-4b-nothink,trivia_qa_validation_13979,1,0.755747,4
trivia_qa,qwen3-4b-nothink,trivia_qa_validation_13336,1,0.720827,5
trivia_qa,qwen3-4b-nothink,trivia_qa_validation_08509,0,0.010078,2
trivia_qa,qwen3-4b-nothink,trivia_qa_validation_13845,1,0.668025,2
trivia_qa,qwen3-4b-nothink,trivia_qa_validation_13351,0,0.186867,1
medqa,llama-3.1-8b-instruct,medqa_test_00990,1,0.610978,4
medqa,llama-3.1-8b-instruct,medqa_test_00202,0,0.885468,4
medqa,llama-3.1-8b-instruct,medqa_test_01258,1,0.841083,2
medqa,llama-3.1-8b-instruct,medqa_test_00277,1,0.887629,2
medqa,llama-3.1-8b-instruct,medqa_test_00427,1,0.926401,3
medqa,llama-3.1-8b-instruct,medqa_test_00015,0,0.595127,4
medqa,llama-3.1-8b-instruct,medqa_test_01202,1,0.800519,5
medqa,llama-3.1-8b-instruct,medqa_test_01027,1,0.382211,4
medqa,llama-3.1-8b-instruct,medqa_test_00827,1,0.857793,5
medqa,llama-3.1-8b-instruct,medqa_test_00503,0,0.330965,5
medqa,llama-3.1-8b-instruct,medqa_test_00325,1,0.804195,2
medqa,llama-3.1-8b-instruct,medqa_test_00681,1,0.872107,1
medqa,llama-3.1-8b-instruct,medqa_test_00932,1,0.562421,2
medqa,llama-3.1-8b-instruct,medqa_test_00387,1,0.801723,3
medqa,llama-3.1-8b-instruct,medqa_test_00235,1,0.949467,1
medqa,llama-3.1-8b-instruct,medqa_test_00066,1,0.88254,2
medqa,llama-3.1-8b-instruct,medqa_test_00347,1,0.52214,1
medqa,llama-3.1-8b-instruct,medqa_test_00442,1,0.882033,2
medqa,llama-3.1-8b-instruct,medqa_test_01121,1,0.614587,3
medqa,llama-3.1-8b-instruct,medqa_test_00376,0,0.462003,1
medqa,llama-3.1-8b-instruct,medqa_test_00035,1,0.886747,1
medqa,llama-3.1-8b-instruct,medqa_test_00332,0,0.699854,3
medqa,llama-3.1-8b-instruct,medqa_test_00400,1,0.126218,4
medqa,llama-3.1-8b-instruct,medqa_test_01145,1,0.875888,2
medqa,llama-3.1-8b-instruct,medqa_test_00975,1,0.908655,1
medqa,llama-3.1-8b-instruct,medqa_test_00950,1,0.692426,2
medqa,llama-3.1-8b-instruct,medqa_test_00825,1,0.331972,4
medqa,llama-3.1-8b-instruct,medqa_test_00845,1,0.82007,2
medqa,llama-3.1-8b-instruct,medqa_test_00802,0,0.27401,2
medqa,llama-3.1-8b-instruct,medqa_test_00650,1,0.930164,1
medqa,llama-3.1-8b-instruct,medqa_test_00540,1,0.628747,5
medqa,llama-3.1-8b-instruct,medqa_test_00796,0,0.655482,4
medqa,llama-3.1-8b-instruct,medqa_test_00715,1,0.419098,5
medqa,llama-3.1-8b-instruct,medqa_test_00002,1,0.870219,4
medqa,llama-3.1-8b-instruct,medqa_test_00395,1,0.882184,4
medqa,llama-3.1-8b-instruct,medqa_test_00464,1,0.862184,2
medqa,llama-3.1-8b-instruct,medqa_test_00331,1,0.889976,5
medqa,llama-3.1-8b-instruct,medqa_test_00959,1,0.854221,4
medqa,llama-3.1-8b-instruct,medqa_test_00761,0,0.804979,2
medqa,llama-3.1-8b-instruct,medqa_test_00454,0,0.432494,5
medqa,llama-3.1-8b-instruct,medqa_test_00107,0,0.483673,2
medqa,llama-3.1-8b-instruct,medqa_test_00920,1,0.897846,3
medqa,llama-3.1-8b-instruct,medqa_test_00528,1,0.616417,5
medqa,llama-3.1-8b-instruct,medqa_test_01166,1,0.89578,3
medqa,llama-3.1-8b-instruct,medqa_test_00187,1,0.90572,4
medqa,llama-3.1-8b-instruct,medqa_test_00823,1,0.802593,2
medqa,llama-3.1-8b-instruct,medqa_test_00997,1,0.886389,1
medqa,llama-3.1-8b-instruct,medqa_test_00371,1,0.760055,1
medqa,llama-3.1-8b-instruct,medqa_test_01142,0,0.252865,4
medqa,llama-3.1-8b-instruct,medqa_test_00586,1,0.598104,5
medqa,llama-3.1-8b-instruct,medqa_test_00195,1,0.830866,5
medqa,llama-3.1-8b-instruct,medqa_test_01155,1,0.662827,4
medqa,llama-3.1-8b-instruct,medqa_test_00536,0,0.739131,4
medqa,llama-3.1-8b-instruct,medqa_test_00510,1,0.877307,4
medqa,llama-3.1-8b-instruct,medqa_test_00976,0,0.601504,4
medqa,llama-3.1-8b-instruct,medqa_test_01050,0,0.702285,2
medqa,llama-3.1-8b-instruct,medqa_test_00742,1,0.562298,5
medqa,llama-3.1-8b-instruct,medqa_test_01263,1,0.529578,1
medqa,llama-3.1-8b-instruct,medqa_test_00631,1,0.761781,2
medqa,llama-3.1-8b-instruct,medqa_test_01157,1,0.877294,1
medqa,llama-3.1-8b-instruct,medqa_test_00473,1,0.903707,3
medqa,llama-3.1-8b-instruct,medqa_test_00812,1,0.875449,3
medqa,llama-3.1-8b-instruct,medqa_test_00299,1,0.736381,2
medqa,llama-3.1-8b-instruct,medqa_test_00717,1,0.652812,2
medqa,llama-3.1-8b-instruct,medqa_test_00850,0,0.486818,2
medqa,llama-3.1-8b-instruct,medqa_test_00049,1,0.739827,4
medqa,llama-3.1-8b-instruct,medqa_test_00793,1,0.673464,3
medqa,llama-3.1-8b-instruct,medqa_test_00100,1,0.385371,4
medqa,llama-3.1-8b-instruct,medqa_test_00662,1,0.866337,3
medqa,llama-3.1-8b-instruct,medqa_test_01254,1,0.563104,1
medqa,llama-3.1-8b-instruct,medqa_test_01150,1,0.606443,5
medqa,llama-3.1-8b-instruct,medqa_test_00044,1,0.222721,3
medqa,llama-3.1-8b-instruct,medqa_test_00289,1,0.581781,2
medqa,llama-3.1-8b-instruct,medqa_test_01201,1,0.868753,5
medqa,llama-3.1-8b-instruct,medqa_test_00861,0,0.506117,3
medqa,llama-3.1-8b-instruct,medqa_test_00898,1,0.892036,3
medqa,llama-3.1-8b-instruct,medqa_test_00328,1,0.886351,4
medqa,llama-3.1-8b-instruct,medqa_test_01071,0,0.749576,2
medqa,llama-3.1-8b-instruct,medqa_test_01032,1,0.618684,1
medqa,llama-3.1-8b-instruct,medqa_test_00892,0,0.548509,3
medqa,llama-3.1-8b-instruct,medqa_test_00623,1,0.88683,5
medqa,llama-3.1-8b-instruct,medqa_test_01173,1,0.893549,3
medqa,llama-3.1-8b-instruct,medqa_test_00246,0,0.150407,4
medqa,llama-3.1-8b-instruct,medqa_test_00272,1,0.917497,2
medqa,llama-3.1-8b-instruct,medqa_test_00581,1,0.184875,1
medqa,llama-3.1-8b-instruct,medqa_test_00489,1,0.910914,5
medqa,llama-3.1-8b-instruct,medqa_test_01185,1,0.873597,2
medqa,llama-3.1-8b-instruct,medqa_test_01138,1,0.669672,1
medqa,llama-3.1-8b-instruct,medqa_test_00214,1,0.769473,1
medqa,llama-3.1-8b-instruct,medqa_test_00848,1,0.888377,4
medqa,llama-3.1-8b-instruct,medqa_test_00455,0,0.894777,2
medqa,llama-3.1-8b-instruct,medqa_test_00835,0,0.480408,4
medqa,llama-3.1-8b-instruct,medqa_test_00860,1,0.506538,5
medqa,llama-3.1-8b-instruct,medqa_test_00022,1,0.884994,1
medqa,llama-3.1-8b-instruct,medqa_test_00603,1,0.735096,1
medqa,llama-3.1-8b-instruct,medqa_test_00356,0,0.814996,1
medqa,llama-3.1-8b-instruct,medqa_test_01236,1,0.871085,1
medqa,llama-3.1-8b-instruct,medqa_test_00185,1,0.834797,5
medqa,llama-3.1-8b-instruct,medqa_test_01193,0,0.704866,5
medqa,llama-3.1-8b-instruct,medqa_test_00711,1,0.786896,5
medqa,llama-3.1-8b-instruct,medqa_test_00263,1,0.786801,4
medqa,llama-3.1-8b-instruct,medqa_test_00667,1,0.900696,1
medqa,llama-3.1-8b-instruct,medqa_test_01187,1,0.81532,4
medqa,llama-3.1-8b-instruct,medqa_test_00463,0,0.637017,3
medqa,llama-3.1-8b-instruct,medqa_test_00639,0,0.701972,3
medqa,llama-3.1-8b-instruct,medqa_test_01238,1,0.222148,1
medqa,llama-3.1-8b-instruct,medqa_test_00231,0,0.622985,3
medqa,llama-3.1-8b-instruct,medqa_test_00177,1,0.888736,3
medqa,llama-3.1-8b-instruct,medqa_test_00296,1,0.597566,4
medqa,llama-3.1-8b-instruct,medqa_test_00482,1,0.931105,5
medqa,llama-3.1-8b-instruct,medqa_test_01255,0,0.366283,2
medqa,llama-3.1-8b-instruct,medqa_test_00857,1,0.925367,1
medqa,llama-3.1-8b-instruct,medqa_test_01251,1,0.903527,2
medqa,llama-3.1-8b-instruct,medqa_test_00021,0,0.203656,2
medqa,llama-3.1-8b-instruct,medqa_test_00056,1,0.92448,3
medqa,llama-3.1-8b-instruct,medqa_test_00485,0,0.884273,1
medqa,llama-3.1-8b-instruct,medqa_test_00887,0,0.327566,4
medqa,llama-3.1-8b-instruct,medqa_test_00090,1,0.878982,4
medqa,llama-3.1-8b-instruct,medqa_test_00886,1,0.416239,5
medqa,llama-3.1-8b-instruct,medqa_test_01026,1,0.672897,1
medqa,llama-3.1-8b-instruct,medqa_test_00529,1,0.903955,2
medqa,llama-3.1-8b-instruct,medqa_test_00055,1,0.911341,3
medqa,llama-3.1-8b-instruct,medqa_test_00658,1,0.799872,3
medqa,llama-3.1-8b-instruct,medqa_test_00706,0,0.730135,3
medqa,llama-3.1-8b-instruct,medqa_test_00545,1,0.882848,3
medqa,llama-3.1-8b-instruct,medqa_test_00238,0,0.180173,5
medqa,llama-3.1-8b-instruct,medqa_test_00878,1,0.92276,3
medqa,llama-3.1-8b-instruct,medqa_test_00192,1,0.933712,1
medqa,llama-3.1-8b-instruct,medqa_test_00738,1,0.905653,4
medqa,llama-3.1-8b-instruct,medqa_test_01250,0,0.924625,3
medqa,llama-3.1-8b-instruct,medqa_test_01233,0,0.16032,3
medqa,llama-3.1-8b-instruct,medqa_test_00531,0,0.327158,2
medqa,llama-3.1-8b-instruct,medqa_test_00568,1,0.864407,2
medqa,llama-3.1-8b-instruct,medqa_test_00286,1,0.923805,3
medqa,llama-3.1-8b-instruct,medqa_test_00757,0,0.231137,4
medqa,llama-3.1-8b-instruct,medqa_test_00785,0,0.599982,3
medqa,llama-3.1-8b-instruct,medqa_test_00067,1,0.745204,2
medqa,llama-3.1-8b-instruct,medqa_test_01108,1,0.530294,5
medqa,llama-3.1-8b-instruct,medqa_test_00571,1,0.808602,5
medqa,llama-3.1-8b-instruct,medqa_test_00212,0,0.611842,3
medqa,llama-3.1-8b-instruct,medqa_test_00220,1,0.518507,5
medqa,llama-3.1-8b-instruct,medqa_test_01132,1,0.71434,2
medqa,llama-3.1-8b-instruct,medqa_test_01020,0,0.131101,5
medqa,llama-3.1-8b-instruct,medqa_test_00492,1,0.345959,5
medqa,llama-3.1-8b-instruct,medqa_test_00988,0,0.844166,4
medqa,llama-3.1-8b-instruct,medqa_test_00420,1,0.916139,3
medqa,llama-3.1-8b-instruct,medqa_test_00978,1,0.919943,2
medqa,llama-3.1-8b-instruct,medqa_test_00699,1,0.811125,2
medqa,llama-3.1-8b-instruct,medqa_test_00730,1,0.874825,1
medqa,llama-3.1-8b-instruct,medqa_test_00969,1,0.89033,1
medqa,llama-3.1-8b-instruct,medqa_test_00719,1,0.383037,3
medqa,llama-3.1-8b-instruct,medqa_test_00032,0,0.327871,3
medqa,llama-3.1-8b-instruct,medqa_test_00876,1,0.91103,4
medqa,llama-3.1-8b-instruct,medqa_test_00126,1,0.424725,2
medqa,llama-3.1-8b-instruct,medqa_test_00179,1,0.895195,1
medqa,llama-3.1-8b-instruct,medqa_test_00367,0,0.379634,1
medqa,llama-3.1-8b-instruct,medqa_test_00480,0,0.269165,5
medqa,llama-3.1-8b-instruct,medqa_test_00121,1,0.932021,2
medqa,llama-3.1-8b-instruct,medqa_test_00081,0,0.240526,4
medqa,llama-3.1-8b-instruct,medqa_test_00011,1,0.846838,1
medqa,llama-3.1-8b-instruct,medqa_test_00829,0,0.3359,1
medqa,llama-3.1-8b-instruct,medqa_test_01171,1,0.759177,3
medqa,llama-3.1-8b-instruct,medqa_test_01068,1,0.775052,2
medqa,llama-3.1-8b-instruct,medqa_test_01203,1,0.592206,5
medqa,llama-3.1-8b-instruct,medqa_test_00820,1,0.872391,5
medqa,llama-3.1-8b-instruct,medqa_test_01180,1,0.811252,3
medqa,llama-3.1-8b-instruct,medqa_test_00901,1,0.812308,5
medqa,llama-3.1-8b-instruct,medqa_test_01100,0,0.426568,2
medqa,llama-3.1-8b-instruct,medqa_test_01163,1,0.227812,5
medqa,llama-3.1-8b-instruct,medqa_test_01044,1,0.89889,3
medqa,llama-3.1-8b-instruct,medqa_test_01212,1,0.525801,4
medqa,llama-3.1-8b-instruct,medqa_test_00888,0,0.505202,5
medqa,llama-3.1-8b-instruct,medqa_test_00813,0,0.705254,5
medqa,llama-3.1-8b-instruct,medqa_test_01107,1,0.179627,4
medqa,llama-3.1-8b-instruct,medqa_test_00875,1,0.910639,3
medqa,llama-3.1-8b-instruct,medqa_test_00659,0,0.109571,5
medqa,llama-3.1-8b-instruct,medqa_test_00125,1,0.611603,4
medqa,llama-3.1-8b-instruct,medqa_test_00269,1,0.329465,4
medqa,llama-3.1-8b-instruct,medqa_test_00148,1,0.895328,1
medqa,llama-3.1-8b-instruct,medqa_test_00462,1,0.862132,1
medqa,llama-3.1-8b-instruct,medqa_test_00960,0,0.33789,5
medqa,llama-3.1-8b-instruct,medqa_test_00314,0,0.78172,2
medqa,llama-3.1-8b-instruct,medqa_test_00300,0,0.196695,3
medqa,llama-3.1-8b-instruct,medqa_test_00241,0,0.627745,1
medqa,llama-3.1-8b-instruct,medqa_test_01031,1,0.895639,3
medqa,llama-3.1-8b-instruct,medqa_test_00087,0,0.776255,5
medqa,llama-3.1-8b-instruct,medqa_test_00726,1,0.634303,3
medqa,llama-3.1-8b-instruct,medqa_test_00771,0,0.380313,4
medqa,llama-3.1-8b-instruct,medqa_test_00017,1,0.932565,4
medqa,llama-3.1-8b-instruct,medqa_test_00034,0,0.515678,3
medqa,llama-3.1-8b-instruct,medqa_test_01041,0,0.284567,2
medqa,llama-3.1-8b-instruct,medqa_test_01006,1,0.802912,2
medqa,llama-3.1-8b-instruct,medqa_test_00153,1,0.954909,4
medqa,llama-3.1-8b-instruct,medqa_test_00298,0,0.573105,1
medqa,llama-3.1-8b-instruct,medqa_test_00428,1,0.438533,5
medqa,llama-3.1-8b-instruct,medqa_test_00893,1,0.726319,4
medqa,llama-3.1-8b-instruct,medqa_test_00294,0,0.504469,1
medqa,llama-3.1-8b-instruct,medqa_test_00599,1,0.878693,4
medqa,llama-3.1-8b-instruct,medqa_test_01014,0,0.639404,1
medqa,llama-3.1-8b-instruct,medqa_test_00587,0,0.322752,1
medqa,llama-3.1-8b-instruct,medqa_test_00677,0,0.583824,1
medqa,llama-3.1-8b-instruct,medqa_test_01037,0,0.763086,3
medqa,llama-3.1-8b-instruct,medqa_test_00834,1,0.901555,3
medqa,llama-3.1-8b-instruct,medqa_test_01065,0,0.405046,5
medqa,llama-3.1-8b-instruct,medqa_test_01058,1,0.606444,2
medqa,llama-3.1-8b-instruct,medqa_test_00837,1,0.859803,2
medqa,llama-3.1-8b-instruct,medqa_test_01029,0,0.671869,1
medqa,llama-3.1-8b-instruct,medqa_test_00259,1,0.962556,2
medqa,llama-3.1-8b-instruct,medqa_test_00714,0,0.305863,4
medqa,llama-3.1-8b-instruct,medqa_test_00954,1,0.161927,4
medqa,llama-3.1-8b-instruct,medqa_test_00728,1,0.944406,1
medqa,llama-3.1-8b-instruct,medqa_test_00057,1,0.707232,1
medqa,llama-3.1-8b-instruct,medqa_test_00580,1,0.538224,5
medqa,llama-3.1-8b-instruct,medqa_test_01195,1,0.763811,1
medqa,llama-3.1-8b-instruct,medqa_test_00605,0,0.597886,3
medqa,llama-3.1-8b-instruct,medqa_test_00889,1,0.756827,1
medqa,llama-3.1-8b-instruct,medqa_test_00768,1,0.679358,3
medqa,llama-3.1-8b-instruct,medqa_test_00645,1,0.314129,5
medqa,llama-3.1-8b-instruct,medqa_test_00858,0,0.891548,3
medqa,llama-3.1-8b-instruct,medqa_test_01118,1,0.90631,2
medqa,llama-3.1-8b-instruct,medqa_test_00434,1,0.927005,2
medqa,llama-3.1-8b-instruct,medqa_test_00562,1,0.927649,3
medqa,llama-3.1-8b-instruct,medqa_test_01021,0,0.507382,4
medqa,llama-3.1-8b-instruct,medqa_test_00261,1,0.877564,1
medqa,llama-3.1-8b-instruct,medqa_test_00410,1,0.614612,3
medqa,llama-3.1-8b-instruct,medqa_test_00880,0,0.523672,1
medqa,llama-3.1-8b-instruct,medqa_test_00458,1,0.532471,4
medqa,llama-3.1-8b-instruct,medqa_test_00275,1,0.717061,1
medqa,llama-3.1-8b-instruct,medqa_test_00575,1,0.298062,1
medqa,llama-3.1-8b-instruct,medqa_test_00112,0,0.586079,3
medqa,llama-3.1-8b-instruct,medqa_test_00073,1,0.644696,5
medqa,llama-3.1-8b-instruct,medqa_test_00383,1,0.69816,5
medqa,llama-3.1-8b-instruct,medqa_test_00668,1,0.863011,5
medqa,llama-3.1-8b-instruct,medqa_test_00068,0,0.56711,3
medqa,llama-3.1-8b-instruct,medqa_test_00396,1,0.846218,5
medqa,llama-3.1-8b-instruct,medqa_test_01013,1,0.855197,4
medqa,llama-3.1-8b-instruct,medqa_test_00361,0,0.670596,5
medqa,llama-3.1-8b-instruct,medqa_test_00461,0,0.52056,5
medqa,llama-3.1-8b-instruct,medqa_test_00160,0,0.48444,2
medqa,llama-3.1-8b-instruct,medqa_test_00423,0,0.319117,2
medqa,llama-3.1-8b-instruct,medqa_test_01069,1,0.881733,2
medqa,llama-3.1-8b-instruct,medqa_test_00280,1,0.903164,2
medqa,llama-3.1-8b-instruct,medqa_test_00491,1,0.758396,2
medqa,llama-3.1-8b-instruct,medqa_test_00048,1,0.861999,3
medqa,llama-3.1-8b-instruct,medqa_test_01172,1,0.310419,3
medqa,llama-3.1-8b-instruct,medqa_test_00852,1,0.877207,1
medqa,llama-3.1-8b-instruct,medqa_test_00847,1,0.893194,3
medqa,llama-3.1-8b-instruct,medqa_test_00731,1,0.745598,2
medqa,llama-3.1-8b-instruct,medqa_test_00745,1,0.537893,3
medqa,llama-3.1-8b-instruct,medqa_test_01018,1,0.832997,5
medqa,llama-3.1-8b-instruct,medqa_test_00779,1,0.384406,3
medqa,llama-3.1-8b-instruct,medqa_test_00386,0,0.288789,3
medqa,llama-3.1-8b-instruct,medqa_test_00498,0,0.257347,3
medqa,llama-3.1-8b-instruct,medqa_test_01226,1,0.886235,1
medqa,llama-3.1-8b-instruct,medqa_test_00640,0,0.722611,5
medqa,llama-3.1-8b-instruct,medqa_test_00018,0,0.565728,1
medqa,llama-3.1-8b-instruct,medqa_test_00382,1,0.179552,3
medqa,llama-3.1-8b-instruct,medqa_test_01016,0,0.52003,1
medqa,llama-3.1-8b-instruct,medqa_test_00607,1,0.95663,2
medqa,llama-3.1-8b-instruct,medqa_test_00210,1,0.776074,4
medqa,llama-3.1-8b-instruct,medqa_test_00168,1,0.885507,3
medqa,llama-3.1-8b-instruct,medqa_test_01207,1,0.675746,5
medqa,llama-3.1-8b-instruct,medqa_test_01211,1,0.439402,5
medqa,llama-3.1-8b-instruct,medqa_test_00164,1,0.658326,3
medqa,llama-3.1-8b-instruct,medqa_test_00170,0,0.527747,2
medqa,llama-3.1-8b-instruct,medqa_test_00808,1,0.906155,2
medqa,llama-3.1-8b-instruct,medqa_test_00766,1,0.700386,5
medqa,llama-3.1-8b-instruct,medqa_test_00474,1,0.943983,2
medqa,llama-3.1-8b-instruct,medqa_test_00712,1,0.58562,1
medqa,llama-3.1-8b-instruct,medqa_test_00936,0,0.614063,5
medqa,llama-3.1-8b-instruct,medqa_test_01126,0,0.797501,4
medqa,llama-3.1-8b-instruct,medqa_test_00092,1,0.86792,1
medqa,llama-3.1-8b-instruct,medqa_test_01219,1,0.896924,3
medqa,llama-3.1-8b-instruct,medqa_test_01208,1,0.395883,1
medqa,llama-3.1-8b-instruct,medqa_test_00089,1,0.65187,2
medqa,llama-3.1-8b-instruct,medqa_test_00651,0,0.593474,1
medqa,llama-3.1-8b-instruct,medqa_test_01248,1,0.533824,1
medqa,llama-3.1-8b-instruct,medqa_test_00010,1,0.700197,2
medqa,llama-3.1-8b-instruct,medqa_test_00949,1,0.783814,2
medqa,llama-3.1-8b-instruct,medqa_test_00046,1,0.941594,1
medqa,llama-3.1-8b-instruct,medqa_test_01245,0,0.527097,5
medqa,llama-3.1-8b-instruct,medqa_test_00883,1,0.924472,5
medqa,llama-3.1-8b-instruct,medqa_test_00221,0,0.635027,1
medqa,llama-3.1-8b-instruct,medqa_test_00962,1,0.762265,1
medqa,llama-3.1-8b-instruct,medqa_test_01223,0,0.402973,3
medqa,llama-3.1-8b-instruct,medqa_test_00923,1,0.915106,4
medqa,llama-3.1-8b-instruct,medqa_test_01036,1,0.63483,5
medqa,llama-3.1-8b-instruct,medqa_test_01064,1,0.902938,1
medqa,llama-3.1-8b-instruct,medqa_test_00256,0,0.649264,5
medqa,llama-3.1-8b-instruct,medqa_test_00139,0,0.106559,1
medqa,llama-3.1-8b-instruct,medqa_test_01213,1,0.686791,1
medqa,llama-3.1-8b-instruct,medqa_test_00763,1,0.824233,5
medqa,llama-3.1-8b-instruct,medqa_test_00239,1,0.408108,2
medqa,llama-3.1-8b-instruct,medqa_test_00624,1,0.888026,4
medqa,llama-3.1-8b-instruct,medqa_test_00606,1,0.765316,5
medqa,llama-3.1-8b-instruct,medqa_test_00723,1,0.620941,4
medqa,llama-3.1-8b-instruct,medqa_test_00459,1,0.810475,3
medqa,llama-3.1-8b-instruct,medqa_test_00579,1,0.098051,1
medqa,llama-3.1-8b-instruct,medqa_test_00157,1,0.876592,4
medqa,llama-3.1-8b-instruct,medqa_test_00084,1,0.889726,1
medqa,llama-3.1-8b-instruct,medqa_test_00352,0,0.750036,3
medqa,llama-3.1-8b-instruct,medqa_test_00612,1,0.361714,1
medqa,llama-3.1-8b-instruct,medqa_test_00072,1,0.474128,2
medqa,llama-3.1-8b-instruct,medqa_test_00724,0,0.439425,3
medqa,llama-3.1-8b-instruct,medqa_test_00374,1,0.852142,4
medqa,llama-3.1-8b-instruct,medqa_test_00363,1,0.879774,3
medqa,llama-3.1-8b-instruct,medqa_test_00642,0,0.88556,5
medqa,llama-3.1-8b-instruct,medqa_test_01095,0,0.318708,2
medqa,llama-3.1-8b-instruct,medqa_test_01168,1,0.906447,1
medqa,llama-3.1-8b-instruct,medqa_test_00101,1,0.825706,3
medqa,llama-3.1-8b-instruct,medqa_test_00401,1,0.544349,3
medqa,llama-3.1-8b-instruct,medqa_test_00348,0,0.143962,4
medqa,llama-3.1-8b-instruct,medqa_test_00346,0,0.672736,3
medqa,llama-3.1-8b-instruct,medqa_test_00119,1,0.834541,2
medqa,llama-3.1-8b-instruct,medqa_test_00870,1,0.35679,3
medqa,llama-3.1-8b-instruct,medqa_test_00525,0,0.345217,5
medqa,llama-3.1-8b-instruct,medqa_test_00749,1,0.883781,5
medqa,llama-3.1-8b-instruct,medqa_test_00147,1,0.829997,5
medqa,llama-3.1-8b-instruct,medqa_test_00439,1,0.866039,4
medqa,llama-3.1-8b-instruct,medqa_test_00016,0,0.714579,4
medqa,llama-3.1-8b-instruct,medqa_test_00402,1,0.89142,3
medqa,llama-3.1-8b-instruct,medqa_test_00708,0,0.55794,3
medqa,llama-3.1-8b-instruct,medqa_test_00304,0,0.502651,5
medqa,llama-3.1-8b-instruct,medqa_test_00614,1,0.697609,3
medqa,llama-3.1-8b-instruct,medqa_test_00971,1,0.547674,4
medqa,llama-3.1-8b-instruct,medqa_test_00772,0,0.911894,2
medqa,llama-3.1-8b-instruct,medqa_test_00894,1,0.602163,4
medqa,llama-3.1-8b-instruct,medqa_test_00282,1,0.878552,2
medqa,llama-3.1-8b-instruct,medqa_test_00512,0,0.665499,1
medqa,llama-3.1-8b-instruct,medqa_test_00989,0,0.491345,1
medqa,llama-3.1-8b-instruct,medqa_test_00080,1,0.877228,1
medqa,llama-3.1-8b-instruct,medqa_test_01174,0,0.49505,2
medqa,llama-3.1-8b-instruct,medqa_test_00628,1,0.889048,3
medqa,llama-3.1-8b-instruct,medqa_test_00945,0,0.217497,4
medqa,llama-3.1-8b-instruct,medqa_test_00494,1,0.322965,1
medqa,llama-3.1-8b-instruct,medqa_test_00320,0,0.499645,1
medqa,llama-3.1-8b-instruct,medqa_test_00921,0,0.900651,4
medqa,llama-3.1-8b-instruct,medqa_test_00050,1,0.907244,1
medqa,llama-3.1-8b-instruct,medqa_test_00504,1,0.758722,3
medqa,llama-3.1-8b-instruct,medqa_test_01042,1,0.939928,5
medqa,llama-3.1-8b-instruct,medqa_test_01110,1,0.250877,1
medqa,llama-3.1-8b-instruct,medqa_test_01175,1,0.866217,4
medqa,llama-3.1-8b-instruct,medqa_test_00762,0,0.289585,5
medqa,llama-3.1-8b-instruct,medqa_test_00632,1,0.830476,2
medqa,llama-3.1-8b-instruct,medqa_test_00839,1,0.893289,5
medqa,llama-3.1-8b-instruct,medqa_test_00872,1,0.593193,5
medqa,llama-3.1-8b-instruct,medqa_test_00226,1,0.637468,4
medqa,llama-3.1-8b-instruct,medqa_test_01056,1,0.91873,2
medqa,llama-3.1-8b-instruct,medqa_test_00502,1,0.610737,5
medqa,llama-3.1-8b-instruct,medqa_test_00794,1,0.825432,4
medqa,llama-3.1-8b-instruct,medqa_test_00115,1,0.531386,1
medqa,llama-3.1-8b-instruct,medqa_test_00751,0,0.582869,1
medqa,llama-3.1-8b-instruct,medqa_test_00419,0,0.517436,4
medqa,llama-3.1-8b-instruct,medqa_test_00310,1,0.479071,4
medqa,llama-3.1-8b-instruct,medqa_test_00213,1,0.869633,4
medqa,llama-3.1-8b-instruct,medqa_test_01047,1,0.597308,4
medqa,llama-3.1-8b-instruct,medqa_test_00060,1,0.761916,2
medqa,llama-3.1-8b-instruct,medqa_test_00755,0,0.682607,1
medqa,llama-3.1-8b-instruct,medqa_test_00479,1,0.893086,3
medqa,llama-3.1-8b-instruct,medqa_test_00155,0,0.547305,3
medqa,llama-3.1-8b-instruct,medqa_test_00910,0,0.557124,4
medqa,llama-3.1-8b-instruct,medqa_test_00076,1,0.833671,5
medqa,llama-3.1-8b-instruct,medqa_test_01210,0,0.168851,2
medqa,llama-3.1-8b-instruct,medqa_test_00404,1,0.696686,1
medqa,llama-3.1-8b-instruct,medqa_test_00906,0,0.183199,1
medqa,llama-3.1-8b-instruct,medqa_test_00322,1,0.621955,3
medqa,llama-3.1-8b-instruct,medqa_test_00295,1,0.919526,4
medqa,llama-3.1-8b-instruct,medqa_test_00037,1,0.891796,3
medqa,llama-3.1-8b-instruct,medqa_test_00397,1,0.318546,5
medqa,llama-3.1-8b-instruct,medqa_test_00205,1,0.628737,3
medqa,llama-3.1-8b-instruct,medqa_test_00033,0,0.590324,2
medqa,llama-3.1-8b-instruct,medqa_test_01002,0,0.454217,5
medqa,llama-3.1-8b-instruct,medqa_test_00666,1,0.613686,3
medqa,llama-3.1-8b-instruct,medqa_test_00998,1,0.670888,2
medqa,llama-3.1-8b-instruct,medqa_test_00595,1,0.933967,1
medqa,llama-3.1-8b-instruct,medqa_test_01135,0,0.470244,2
medqa,llama-3.1-8b-instruct,medqa_test_01120,1,0.939226,5
medqa,llama-3.1-8b-instruct,medqa_test_01001,1,0.910436,5
medqa,llama-3.1-8b-instruct,medqa_test_00245,0,0.247522,5
medqa,llama-3.1-8b-instruct,medqa_test_00643,1,0.308504,2
medqa,llama-3.1-8b-instruct,medqa_test_01081,1,0.900832,3
medqa,llama-3.1-8b-instruct,medqa_test_00729,1,0.873104,3
medqa,llama-3.1-8b-instruct,medqa_test_00615,1,0.871476,5
medqa,llama-3.1-8b-instruct,medqa_test_00896,1,0.837854,5
medqa,llama-3.1-8b-instruct,medqa_test_00926,1,0.745753,2
medqa,llama-3.1-8b-instruct,medqa_test_00385,1,0.893525,2
medqa,llama-3.1-8b-instruct,medqa_test_01244,0,0.335023,4
medqa,llama-3.1-8b-instruct,medqa_test_01152,0,0.565634,5
medqa,llama-3.1-8b-instruct,medqa_test_00944,0,0.784824,2
medqa,llama-3.1-8b-instruct,medqa_test_00149,0,0.920117,3
medqa,llama-3.1-8b-instruct,medqa_test_00933,0,0.127459,4
medqa,llama-3.1-8b-instruct,medqa_test_00591,1,0.545816,4
medqa,llama-3.1-8b-instruct,medqa_test_01151,1,0.561119,1
medqa,llama-3.1-8b-instruct,medqa_test_00140,1,0.916197,2
medqa,llama-3.1-8b-instruct,medqa_test_01154,1,0.672714,5
medqa,llama-3.1-8b-instruct,medqa_test_00828,0,0.583733,3
medqa,llama-3.1-8b-instruct,medqa_test_00851,0,0.453026,4
medqa,llama-3.1-8b-instruct,medqa_test_00007,1,0.765786,5
medqa,llama-3.1-8b-instruct,medqa_test_00953,0,0.912851,2
medqa,llama-3.1-8b-instruct,medqa_test_00091,1,0.885597,1
medqa,llama-3.1-8b-instruct,medqa_test_00184,0,0.878424,5
medqa,llama-3.1-8b-instruct,medqa_test_00116,1,0.513479,4
medqa,llama-3.1-8b-instruct,medqa_test_00684,0,0.203624,4
medqa,llama-3.1-8b-instruct,medqa_test_00099,1,0.896712,4
medqa,llama-3.1-8b-instruct,medqa_test_00585,1,0.752097,5
medqa,llama-3.1-8b-instruct,medqa_test_00144,1,0.658991,3
medqa,llama-3.1-8b-instruct,medqa_test_01079,1,0.558068,2
medqa,llama-3.1-8b-instruct,medqa_test_00884,1,0.915225,3
medqa,llama-3.1-8b-instruct,medqa_test_00617,1,0.904938,3
medqa,llama-3.1-8b-instruct,medqa_test_00301,0,0.780454,3
medqa,llama-3.1-8b-instruct,medqa_test_00524,1,0.436546,2
medqa,llama-3.1-8b-instruct,medqa_test_00557,1,0.872085,1
medqa,llama-3.1-8b-instruct,medqa_test_01096,1,0.876553,4
medqa,llama-3.1-8b-instruct,medqa_test_00868,1,0.763538,1
medqa,llama-3.1-8b-instruct,medqa_test_00547,0,0.760542,3
medqa,llama-3.1-8b-instruct,medqa_test_00661,0,0.565298,1
medqa,llama-3.1-8b-instruct,medqa_test_00895,1,0.422923,3
medqa,llama-3.1-8b-instruct,medqa_test_00818,1,0.785128,2
medqa,llama-3.1-8b-instruct,medqa_test_00390,1,0.405493,1
medqa,llama-3.1-8b-instruct,medqa_test_00515,1,0.394694,3
medqa,llama-3.1-8b-instruct,medqa_test_00380,0,0.189878,5
medqa,llama-3.1-8b-instruct,medqa_test_00534,1,0.879018,2
medqa,llama-3.1-8b-instruct,medqa_test_00937,1,0.403445,3
medqa,llama-3.1-8b-instruct,medqa_test_00098,1,0.660839,1
medqa,llama-3.1-8b-instruct,medqa_test_00369,0,0.720091,3
medqa,llama-3.1-8b-instruct,medqa_test_01260,0,0.427054,5
medqa,llama-3.1-8b-instruct,medqa_test_00780,1,0.392852,3
medqa,llama-3.1-8b-instruct,medqa_test_00128,0,0.577714,1
medqa,llama-3.1-8b-instruct,medqa_test_01268,1,0.890964,3
medqa,llama-3.1-8b-instruct,medqa_test_00588,0,0.513014,5
medqa,llama-3.1-8b-instruct,medqa_test_00232,1,0.738136,4
medqa,llama-3.1-8b-instruct,medqa_test_00657,1,0.679568,5
medqa,llama-3.1-8b-instruct,medqa_test_01125,1,0.768841,2
medqa,llama-3.1-8b-instruct,medqa_test_00782,1,0.449269,5
medqa,llama-3.1-8b-instruct,medqa_test_00647,1,0.67952,5
medqa,llama-3.1-8b-instruct,medqa_test_01136,0,0.407081,2
medqa,llama-3.1-8b-instruct,medqa_test_00176,1,0.622508,3
medqa,llama-3.1-8b-instruct,medqa_test_00805,1,0.915212,1
medqa,llama-3.1-8b-instruct,medqa_test_00653,1,0.671464,2
medqa,llama-3.1-8b-instruct,medqa_test_00844,0,0.168295,2
medqa,llama-3.1-8b-instruct,medqa_test_00188,1,0.764946,3
medqa,llama-3.1-8b-instruct,medqa_test_00297,0,0.571544,1
medqa,llama-3.1-8b-instruct,medqa_test_00797,1,0.861817,4
medqa,llama-3.1-8b-instruct,medqa_test_00522,1,0.727367,5
medqa,llama-3.1-8b-instruct,medqa_test_00508,0,0.658665,2
medqa,llama-3.1-8b-instruct,medqa_test_00354,1,0.888617,3
medqa,llama-3.1-8b-instruct,medqa_test_00207,1,0.755967,4
medqa,llama-3.1-8b-instruct,medqa_test_00113,1,0.894603,1
medqa,llama-3.1-8b-instruct,medqa_test_00700,1,0.799295,1
medqa,llama-3.1-8b-instruct,medqa_test_00855,1,0.434594,5
medqa,llama-3.1-8b-instruct,medqa_test_00927,1,0.647245,4
medqa,llama-3.1-8b-instruct,medqa_test_00965,1,0.887972,4
medqa,llama-3.1-8b-instruct,medqa_test_00744,1,0.76606,1
medqa,llama-3.1-8b-instruct,medqa_test_00513,1,0.425618,1
medqa,llama-3.1-8b-instruct,medqa_test_00364,1,0.652748,5
medqa,llama-3.1-8b-instruct,medqa_test_01007,0,0.66917,4
medqa,llama-3.1-8b-instruct,medqa_test_00243,0,0.609358,1
medqa,llama-3.1-8b-instruct,medqa_test_00786,1,0.870696,5
medqa,llama-3.1-8b-instruct,medqa_test_00977,1,0.89416,1
medqa,llama-3.1-8b-instruct,medqa_test_00984,0,0.47551,2
medqa,llama-3.1-8b-instruct,medqa_test_00483,0,0.895603,1
medqa,llama-3.1-8b-instruct,medqa_test_00697,0,0.595886,4
medqa,llama-3.1-8b-instruct,medqa_test_00905,0,0.935802,4
medqa,llama-3.1-8b-instruct,medqa_test_00368,0,0.673881,5
medqa,llama-3.1-8b-instruct,medqa_test_00537,0,0.541287,5
medqa,llama-3.1-8b-instruct,medqa_test_01091,1,0.628587,3
medqa,llama-3.1-8b-instruct,medqa_test_00097,1,0.897532,3
medqa,llama-3.1-8b-instruct,medqa_test_00264,0,0.132339,4
medqa,llama-3.1-8b-instruct,medqa_test_00750,1,0.915455,3
medqa,llama-3.1-8b-instruct,medqa_test_00952,0,0.377861,3
medqa,llama-3.1-8b-instruct,medqa_test_00637,1,0.417948,4
medqa,llama-3.1-8b-instruct,medqa_test_00616,0,0.397448,5
medqa,llama-3.1-8b-instruct,medqa_test_00803,0,0.297731,2
medqa,llama-3.1-8b-instruct,medqa_test_00613,1,0.652121,4
medqa,llama-3.1-8b-instruct,medqa_test_01189,1,0.889904,5
medqa,llama-3.1-8b-instruct,medqa_test_00143,1,0.651579,3
medqa,llama-3.1-8b-instruct,medqa_test_00174,1,0.794797,2
medqa,llama-3.1-8b-instruct,medqa_test_00132,1,0.885084,1
medqa,llama-3.1-8b-instruct,medqa_test_00809,1,0.866091,4
medqa,llama-3.1-8b-instruct,medqa_test_00840,1,0.91686,3
medqa,llama-3.1-8b-instruct,medqa_test_00526,1,0.288857,1
medqa,llama-3.1-8b-instruct,medqa_test_00831,1,0.40278,2
medqa,llama-3.1-8b-instruct,medqa_test_01218,0,0.715952,5
medqa,llama-3.1-8b-instruct,medqa_test_00843,1,0.554288,1
medqa,llama-3.1-8b-instruct,medqa_test_01222,0,0.53814,1
medqa,llama-3.1-8b-instruct,medqa_test_01270,0,0.729143,3
medqa,llama-3.1-8b-instruct,medqa_test_01088,1,0.624903,2
medqa,llama-3.1-8b-instruct,medqa_test_00172,0,0.858631,4
medqa,llama-3.1-8b-instruct,medqa_test_01197,1,0.487346,2
medqa,llama-3.1-8b-instruct,medqa_test_00342,1,0.908279,5
medqa,llama-3.1-8b-instruct,medqa_test_00816,1,0.93359,2
medqa,llama-3.1-8b-instruct,medqa_test_00237,0,0.54059,5
medqa,llama-3.1-8b-instruct,medqa_test_00544,1,0.784787,5
medqa,llama-3.1-8b-instruct,medqa_test_00672,1,0.692651,5
medqa,llama-3.1-8b-instruct,medqa_test_00702,1,0.205367,2
medqa,llama-3.1-8b-instruct,medqa_test_01089,1,0.83124,5
medqa,llama-3.1-8b-instruct,medqa_test_00804,1,0.908735,5
medqa,llama-3.1-8b-instruct,medqa_test_01230,0,0.393442,1
medqa,llama-3.1-8b-instruct,medqa_test_00251,1,0.894713,5
medqa,llama-3.1-8b-instruct,medqa_test_01224,0,0.792058,5
medqa,llama-3.1-8b-instruct,medqa_test_00274,1,0.873339,5
medqa,llama-3.1-8b-instruct,medqa_test_00604,1,0.785047,1
medqa,llama-3.1-8b-instruct,medqa_test_00554,0,0.514735,3
medqa,llama-3.1-8b-instruct,medqa_test_00495,0,0.666943,5
medqa,llama-3.1-8b-instruct,medqa_test_00276,1,0.392513,3
medqa,llama-3.1-8b-instruct,medqa_test_00678,0,0.797636,1
medqa,llama-3.1-8b-instruct,medqa_test_00445,1,0.316993,2
medqa,llama-3.1-8b-instruct,medqa_test_00560,0,0.199532,5
medqa,llama-3.1-8b-instruct,medqa_test_00470,1,0.809675,3
medqa,llama-3.1-8b-instruct,medqa_test_00370,1,0.814044,2
medqa,llama-3.1-8b-instruct,medqa_test_00443,1,0.660729,3
medqa,llama-3.1-8b-instruct,medqa_test_00108,0,0.333981,2
medqa,llama-3.1-8b-instruct,medqa_test_01200,1,0.592546,2
medqa,llama-3.1-8b-instruct,medqa_test_00622,1,0.268598,4
medqa,llama-3.1-8b-instruct,medqa_test_00012,1,0.91008,4
medqa,llama-3.1-8b-instruct,medqa_test_00349,1,0.85295,2
medqa,llama-3.1-8b-instruct,medqa_test_01048,0,0.333684,3
medqa,llama-3.1-8b-instruct,medqa_test_00913,0,0.794341,2
medqa,llama-3.1-8b-instruct,medqa_test_00379,1,0.873752,3
medqa,llama-3.1-8b-instruct,medqa_test_00618,1,0.787886,5
medqa,llama-3.1-8b-instruct,medqa_test_00355,1,0.733029,2
medqa,llama-3.1-8b-instruct,medqa_test_00862,0,0.47566,1
medqa,llama-3.1-8b-instruct,medqa_test_00123,1,0.737023,3
medqa,llama-3.1-8b-instruct,medqa_test_01045,1,0.815047,5
medqa,llama-3.1-8b-instruct,medqa_test_00104,1,0.887483,1
medqa,llama-3.1-8b-instruct,medqa_test_00248,0,0.781983,3
medqa,llama-3.1-8b-instruct,medqa_test_00874,0,0.12158,2
medqa,llama-3.1-8b-instruct,medqa_test_00701,0,0.493973,4
medqa,llama-3.1-8b-instruct,medqa_test_00406,1,0.586645,4
medqa,llama-3.1-8b-instruct,medqa_test_00384,0,0.530607,5
medqa,llama-3.1-8b-instruct,medqa_test_00319,0,0.619982,5
medqa,llama-3.1-8b-instruct,medqa_test_00026,1,0.887239,1
medqa,llama-3.1-8b-instruct,medqa_test_01228,0,0.466695,4
medqa,llama-3.1-8b-instruct,medqa_test_00167,1,0.816376,4
medqa,llama-3.1-8b-instruct,medqa_test_00934,1,0.494092,5
medqa,llama-3.1-8b-instruct,medqa_test_00171,0,0.196684,5
medqa,llama-3.1-8b-instruct,medqa_test_00377,1,0.755318,1
medqa,llama-3.1-8b-instruct,medqa_test_01111,1,0.901307,4
medqa,llama-3.1-8b-instruct,medqa_test_00879,1,0.852797,4
medqa,llama-3.1-8b-instruct,medqa_test_01057,0,0.563807,5
medqa,llama-3.1-8b-instruct,medqa_test_00117,1,0.319168,5
medqa,llama-3.1-8b-instruct,medqa_test_00716,1,0.496335,2
medqa,llama-3.1-8b-instruct,medqa_test_00129,1,0.903187,3
medqa,llama-3.1-8b-instruct,medqa_test_00709,0,0.240414,5
medqa,llama-3.1-8b-instruct,medqa_test_00633,1,0.590005,5
medqa,llama-3.1-8b-instruct,medqa_test_00909,0,0.833453,2
medqa,llama-3.1-8b-instruct,medqa_test_00842,1,0.867362,4
medqa,llama-3.1-8b-instruct,medqa_test_00654,1,0.356229,4
medqa,llama-3.1-8b-instruct,medqa_test_00031,0,0.563086,2
medqa,llama-3.1-8b-instruct,medqa_test_00041,1,0.915055,1
medqa,llama-3.1-8b-instruct,medqa_test_00942,1,0.433342,4
medqa,llama-3.1-8b-instruct,medqa_test_01123,1,0.424067,1
medqa,llama-3.1-8b-instruct,medqa_test_01101,1,0.936564,2
medqa,llama-3.1-8b-instruct,medqa_test_00053,1,0.826431,2
medqa,llama-3.1-8b-instruct,medqa_test_01196,1,0.884556,3
medqa,llama-3.1-8b-instruct,medqa_test_00019,0,0.543257,1
medqa,llama-3.1-8b-instruct,medqa_test_01038,1,0.848737,5
medqa,llama-3.1-8b-instruct,medqa_test_00980,0,0.526352,2
medqa,llama-3.1-8b-instruct,medqa_test_00258,0,0.533046,4
medqa,llama-3.1-8b-instruct,medqa_test_00431,0,0.292827,4
medqa,llama-3.1-8b-instruct,medqa_test_00284,0,0.130969,5
medqa,llama-3.1-8b-instruct,medqa_test_00986,0,0.456048,2
medqa,llama-3.1-8b-instruct,medqa_test_00345,0,0.657747,2
medqa,llama-3.1-8b-instruct,medqa_test_00748,1,0.740075,3
medqa,llama-3.1-8b-instruct,medqa_test_00465,1,0.750355,1
medqa,llama-3.1-8b-instruct,medqa_test_00216,0,0.351882,1
medqa,llama-3.1-8b-instruct,medqa_test_00335,1,0.857768,1
medqa,llama-3.1-8b-instruct,medqa_test_00739,1,0.276251,4
medqa,llama-3.1-8b-instruct,medqa_test_00266,0,0.244207,2
medqa,llama-3.1-8b-instruct,medqa_test_00811,1,0.902144,4
medqa,llama-3.1-8b-instruct,medqa_test_01164,0,0.270651,4
medqa,llama-3.1-8b-instruct,medqa_test_00472,1,0.28739,4
medqa,llama-3.1-8b-instruct,medqa_test_01084,0,0.129335,3
medqa,llama-3.1-8b-instruct,medqa_test_01076,0,0.858732,3
medqa,llama-3.1-8b-instruct,medqa_test_00085,0,0.45605,2
medqa,llama-3.1-8b-instruct,medqa_test_00792,1,0.615959,3
medqa,llama-3.1-8b-instruct,medqa_test_00577,1,0.338557,5
medqa,llama-3.1-8b-instruct,medqa_test_00403,1,0.49438,3
medqa,llama-3.1-8b-instruct,medqa_test_00027,1,0.89794,2
medqa,llama-3.1-8b-instruct,medqa_test_01148,1,0.933007,3
medqa,llama-3.1-8b-instruct,medqa_test_01122,1,0.924174,5
medqa,llama-3.1-8b-instruct,medqa_test_00478,1,0.531459,3
medqa,llama-3.1-8b-instruct,medqa_test_00169,1,0.891169,5
medqa,llama-3.1-8b-instruct,medqa_test_00414,1,0.675354,1
medqa,llama-3.1-8b-instruct,medqa_test_00344,0,0.317849,1
medqa,llama-3.1-8b-instruct,medqa_test_00774,0,0.507349,5
medqa,llama-3.1-8b-instruct,medqa_test_00029,0,0.764042,2
medqa,llama-3.1-8b-instruct,medqa_test_01073,0,0.308673,5
medqa,llama-3.1-8b-instruct,medqa_test_00279,0,0.584143,2
medqa,llama-3.1-8b-instruct,medqa_test_00710,1,0.829991,4
medqa,llama-3.1-8b-instruct,medqa_test_00499,0,0.192212,4
medqa,llama-3.1-8b-instruct,medqa_test_00225,1,0.909897,3
medqa,llama-3.1-8b-instruct,medqa_test_00559,1,0.934664,2
medqa,llama-3.1-8b-instruct,medqa_test_00770,1,0.389909,3
medqa,llama-3.1-8b-instruct,medqa_test_00979,1,0.779528,5
medqa,llama-3.1-8b-instruct,medqa_test_00399,0,0.380529,4
medqa,llama-3.1-8b-instruct,medqa_test_00305,0,0.872988,5
medqa,llama-3.1-8b-instruct,medqa_test_00360,0,0.430032,1
medqa,llama-3.1-8b-instruct,medqa_test_01141,1,0.30788,2
medqa,llama-3.1-8b-instruct,medqa_test_01008,0,0.42954,5
medqa,llama-3.1-8b-instruct,medqa_test_01054,0,0.468463,4
medqa,llama-3.1-8b-instruct,medqa_test_00690,1,0.54999,5
medqa,llama-3.1-8b-instruct,medqa_test_00020,1,0.914277,5
medqa,llama-3.1-8b-instruct,medqa_test_01009,1,0.701893,2
medqa,llama-3.1-8b-instruct,medqa_test_00398,0,0.638054,2
medqa,llama-3.1-8b-instruct,medqa_test_01169,1,0.614342,5
medqa,llama-3.1-8b-instruct,medqa_test_00211,0,0.871059,2
medqa,llama-3.1-8b-instruct,medqa_test_00063,1,0.576165,3
medqa,llama-3.1-8b-instruct,medqa_test_00425,0,0.58041,1
medqa,llama-3.1-8b-instruct,medqa_test_00477,0,0.873138,5
medqa,llama-3.1-8b-instruct,medqa_test_01015,1,0.862574,3
medqa,llama-3.1-8b-instruct,medqa_test_00846,1,0.851205,4
medqa,llama-3.1-8b-instruct,medqa_test_00417,1,0.90158,1
medqa,llama-3.1-8b-instruct,medqa_test_01092,1,0.869988,5
medqa,llama-3.1-8b-instruct,medqa_test_01190,1,0.907947,1
medqa,llama-3.1-8b-instruct,medqa_test_00219,0,0.644452,4
medqa,llama-3.1-8b-instruct,medqa_test_00156,1,0.877396,2
medqa,llama-3.1-8b-instruct,medqa_test_01055,1,0.816249,2
medqa,llama-3.1-8b-instruct,medqa_test_00236,1,0.910851,4
medqa,llama-3.1-8b-instruct,medqa_test_01114,0,0.189843,4
medqa,llama-3.1-8b-instruct,medqa_test_00999,1,0.658979,4
medqa,llama-3.1-8b-instruct,medqa_test_00553,1,0.940952,1
medqa,llama-3.1-8b-instruct,medqa_test_01160,1,0.887671,3
medqa,llama-3.1-8b-instruct,medqa_test_00943,1,0.911197,3
medqa,llama-3.1-8b-instruct,medqa_test_00916,1,0.758275,3
medqa,llama-3.1-8b-instruct,medqa_test_00705,1,0.765287,3
medqa,llama-3.1-8b-instruct,medqa_test_01178,1,0.903976,3
medqa,llama-3.1-8b-instruct,medqa_test_00079,1,0.899838,4
medqa,llama-3.1-8b-instruct,medqa_test_00450,1,0.482902,1
medqa,llama-3.1-8b-instruct,medqa_test_00281,1,0.897599,2
medqa,llama-3.1-8b-instruct,medqa_test_00967,1,0.368998,2
medqa,llama-3.1-8b-instruct,medqa_test_00641,1,0.910601,3
medqa,llama-3.1-8b-instruct,medqa_test_00496,1,0.66022,2
medqa,llama-3.1-8b-instruct,medqa_test_00533,1,0.887946,4
medqa,llama-3.1-8b-instruct,medqa_test_00891,0,0.496854,1
medqa,llama-3.1-8b-instruct,medqa_test_00885,1,0.86871,4
medqa,llama-3.1-8b-instruct,medqa_test_00253,1,0.734596,5
medqa,llama-3.1-8b-instruct,medqa_test_00265,0,0.553516,5
medqa,llama-3.1-8b-instruct,medqa_test_01094,0,0.588337,3
medqa,llama-3.1-8b-instruct,medqa_test_01147,0,0.167315,2
medqa,llama-3.1-8b-instruct,medqa_test_00162,1,0.821556,5
medqa,llama-3.1-8b-instruct,medqa_test_00456,0,0.574791,3
medqa,llama-3.1-8b-instruct,medqa_test_00732,1,0.719236,4
medqa,llama-3.1-8b-instruct,medqa_test_00436,1,0.80304,5
medqa,llama-3.1-8b-instruct,medqa_test_00516,0,0.73291,2
medqa,llama-3.1-8b-instruct,medqa_test_00627,0,0.354627,1
medqa,llama-3.1-8b-instruct,medqa_test_00453,1,0.847732,4
medqa,llama-3.1-8b-instruct,medqa_test_00324,1,0.869421,1
medqa,llama-3.1-8b-instruct,medqa_test_01115,1,0.605911,4
medqa,llama-3.1-8b-instruct,medqa_test_00572,1,0.383572,4
medqa,llama-3.1-8b-instruct,medqa_test_01004,1,0.604115,5
medqa,llama-3.1-8b-instruct,medqa_test_01082,1,0.881043,2
medqa,llama-3.1-8b-instruct,medqa_test_00136,1,0.881707,3
medqa,llama-3.1-8b-instruct,medqa_test_00467,1,0.670966,1
medqa,llama-3.1-8b-instruct,medqa_test_01060,0,0.64218,3
medqa,llama-3.1-8b-instruct,medqa_test_01049,0,0.580738,5
medqa,llama-3.1-8b-instruct,medqa_test_01165,1,0.889618,2
medqa,llama-3.1-8b-instruct,medqa_test_00475,0,0.255848,4
medqa,llama-3.1-8b-instruct,medqa_test_00530,1,0.380443,2
medqa,llama-3.1-8b-instruct,medqa_test_00180,0,0.871423,3
medqa,llama-3.1-8b-instruct,medqa_test_01162,1,0.394077,5
medqa,llama-3.1-8b-instruct,medqa_test_01221,0,0.69927,5
medqa,llama-3.1-8b-instruct,medqa_test_00915,1,0.865416,4
medqa,llama-3.1-8b-instruct,medqa_test_00005,0,0.756574,2
medqa,llama-3.1-8b-instruct,medqa_test_00671,1,0.750231,4
medqa,llama-3.1-8b-instruct,medqa_test_01243,1,0.606309,5
medqa,llama-3.1-8b-instruct,medqa_test_00249,1,0.594896,4
medqa,llama-3.1-8b-instruct,medqa_test_00800,1,0.913994,4
medqa,llama-3.1-8b-instruct,medqa_test_00506,1,0.688931,1
medqa,llama-3.1-8b-instruct,medqa_test_01220,1,0.663834,5
medqa,llama-3.1-8b-instruct,medqa_test_00199,1,0.732142,4
medqa,llama-3.1-8b-instruct,medqa_test_00589,1,0.755286,5
medqa,llama-3.1-8b-instruct,medqa_test_01183,0,0.392308,4
medqa,llama-3.1-8b-instruct,medqa_test_00424,1,0.907104,3
medqa,llama-3.1-8b-instruct,medqa_test_01217,1,0.656224,3
medqa,llama-3.1-8b-instruct,medqa_test_01063,1,0.913427,1
medqa,llama-3.1-8b-instruct,medqa_test_00625,0,0.282685,1
medqa,llama-3.1-8b-instruct,medqa_test_00486,0,0.341395,4
medqa,llama-3.1-8b-instruct,medqa_test_01229,0,0.23473,4
medqa,llama-3.1-8b-instruct,medqa_test_00047,1,0.709411,4
medqa,llama-3.1-8b-instruct,medqa_test_00838,1,0.610391,4
medqa,llama-3.1-8b-instruct,medqa_test_00150,1,0.864317,1
medqa,llama-3.1-8b-instruct,medqa_test_00203,0,0.498732,4
medqa,llama-3.1-8b-instruct,medqa_test_00230,1,0.907412,2
medqa,llama-3.1-8b-instruct,medqa_test_01023,1,0.655888,5
medqa,llama-3.1-8b-instruct,medqa_test_00688,0,0.535232,5
medqa,llama-3.1-8b-instruct,medqa_test_01019,0,0.330038,4
medqa,llama-3.1-8b-instruct,medqa_test_00095,1,0.688981,5
medqa,llama-3.1-8b-instruct,medqa_test_00343,1,0.665707,5
medqa,llama-3.1-8b-instruct,medqa_test_00981,1,0.734606,3
medqa,llama-3.1-8b-instruct,medqa_test_00648,1,0.670012,3
medqa,llama-3.1-8b-instruct,medqa_test_00756,1,0.910033,2
medqa,llama-3.1-8b-instruct,medqa_test_00527,1,0.850793,2
medqa,llama-3.1-8b-instruct,medqa_test_00290,0,0.230503,5
medqa,llama-3.1-8b-instruct,medqa_test_00086,1,0.623414,2
medqa,llama-3.1-8b-instruct,medqa_test_00674,1,0.919984,3
medqa,llama-3.1-8b-instruct,medqa_test_00173,0,0.619502,1
medqa,llama-3.1-8b-instruct,medqa_test_01040,0,0.441734,2
medqa,llama-3.1-8b-instruct,medqa_test_01156,0,0.85113,1
medqa,llama-3.1-8b-instruct,medqa_test_00948,0,0.748445,2
medqa,llama-3.1-8b-instruct,medqa_test_00993,1,0.324221,4
medqa,llama-3.1-8b-instruct,medqa_test_00721,0,0.718433,3
medqa,llama-3.1-8b-instruct,medqa_test_00881,1,0.893273,2
medqa,llama-3.1-8b-instruct,medqa_test_01214,1,0.41028,3
medqa,llama-3.1-8b-instruct,medqa_test_00329,0,0.579749,3
medqa,llama-3.1-8b-instruct,medqa_test_00670,0,0.603061,3
medqa,llama-3.1-8b-instruct,medqa_test_00621,1,0.305037,2
medqa,llama-3.1-8b-instruct,medqa_test_01017,1,0.88826,4
medqa,llama-3.1-8b-instruct,medqa_test_01051,1,0.105805,5
medqa,llama-3.1-8b-instruct,medqa_test_00856,0,0.369232,1
medqa,llama-3.1-8b-instruct,medqa_test_00293,1,0.904404,2
medqa,llama-3.1-8b-instruct,medqa_test_00311,1,0.870902,3
medqa,llama-3.1-8b-instruct,medqa_test_00000,0,0.764639,2
medqa,llama-3.1-8b-instruct,medqa_test_00561,1,0.491357,3
medqa,llama-3.1-8b-instruct,medqa_test_00308,1,0.927766,2
medqa,llama-3.1-8b-instruct,medqa_test_00582,0,0.761271,2
medqa,llama-3.1-8b-instruct,medqa_test_00630,0,0.676867,2
medqa,llama-3.1-8b-instruct,medqa_test_01264,0,0.26122,1
medqa,llama-3.1-8b-instruct,medqa_test_00693,1,0.884652,5
medqa,llama-3.1-8b-instruct,medqa_test_00388,1,0.868424,1
medqa,llama-3.1-8b-instruct,medqa_test_00914,1,0.280538,1
medqa,llama-3.1-8b-instruct,medqa_test_00430,1,0.84231,4
medqa,llama-3.1-8b-instruct,medqa_test_00196,0,0.857958,1
medqa,llama-3.1-8b-instruct,medqa_test_00863,1,0.892443,3
medqa,llama-3.1-8b-instruct,medqa_test_01097,1,0.829075,3
medqa,llama-3.1-8b-instruct,medqa_test_00302,1,0.868653,4
medqa,llama-3.1-8b-instruct,medqa_test_00713,1,0.891375,2
medqa,llama-3.1-8b-instruct,medqa_test_00412,1,0.50814,5
medqa,llama-3.1-8b-instruct,medqa_test_01199,0,0.389423,4
medqa,llama-3.1-8b-instruct,medqa_test_00418,1,0.875614,5
medqa,llama-3.1-8b-instruct,medqa_test_00316,0,0.377264,2
medqa,llama-3.1-8b-instruct,medqa_test_00519,0,0.292106,3
medqa,llama-3.1-8b-instruct,medqa_test_00961,1,0.705135,4
medqa,llama-3.1-8b-instruct,medqa_test_00737,0,0.737397,3
medqa,llama-3.1-8b-instruct,medqa_test_00127,1,0.904236,3
medqa,llama-3.1-8b-instruct,medqa_test_00922,1,0.609097,2
medqa,llama-3.1-8b-instruct,medqa_test_00784,1,0.570148,5
medqa,llama-3.1-8b-instruct,medqa_test_01102,1,0.664171,4
medqa,llama-3.1-8b-instruct,medqa_test_01109,1,0.920475,3
medqa,llama-3.1-8b-instruct,medqa_test_00680,1,0.862184,5
medqa,llama-3.1-8b-instruct,medqa_test_00930,0,0.724311,1
medqa,llama-3.1-8b-instruct,medqa_test_00441,1,0.891846,1
medqa,llama-3.1-8b-instruct,medqa_test_00372,1,0.684291,1
medqa,llama-3.1-8b-instruct,medqa_test_01061,1,0.813506,5
medqa,llama-3.1-8b-instruct,medqa_test_00686,0,0.687734,4
medqa,llama-3.1-8b-instruct,medqa_test_00925,1,0.884783,4
medqa,llama-3.1-8b-instruct,medqa_test_00992,1,0.791187,2
medqa,llama-3.1-8b-instruct,medqa_test_00736,0,0.311122,5
medqa,llama-3.1-8b-instruct,medqa_test_00904,0,0.401869,1
medqa,llama-3.1-8b-instruct,medqa_test_00551,0,0.36436,5
medqa,llama-3.1-8b-instruct,medqa_test_00532,1,0.705605,4
medqa,llama-3.1-8b-instruct,medqa_test_01127,0,0.607971,2
medqa,llama-3.1-8b-instruct,medqa_test_00783,1,0.711014,1
medqa,llama-3.1-8b-instruct,medqa_test_01066,1,0.203484,1
medqa,llama-3.1-8b-instruct,medqa_test_01144,1,0.794148,2
medqa,llama-3.1-8b-instruct,medqa_test_00260,0,0.497556,5
medqa,llama-3.1-8b-instruct,medqa_test_01181,1,0.769174,1
medqa,llama-3.1-8b-instruct,medqa_test_00590,1,0.718832,3
medqa,llama-3.1-8b-instruct,medqa_test_00394,1,0.869787,1
medqa,llama-3.1-8b-instruct,medqa_test_00795,0,0.509885,2
medqa,llama-3.1-8b-instruct,medqa_test_00523,1,0.915853,2
medqa,llama-3.1-8b-instruct,medqa_test_00620,1,0.876245,2
medqa,llama-3.1-8b-instruct,medqa_test_01072,1,0.808491,3
medqa,llama-3.1-8b-instruct,medqa_test_00746,1,0.243518,2
medqa,llama-3.1-8b-instruct,medqa_test_00353,0,0.446089,2
medqa,llama-3.1-8b-instruct,medqa_test_00444,1,0.860229,1
medqa,llama-3.1-8b-instruct,medqa_test_00610,1,0.905697,1
medqa,llama-3.1-8b-instruct,medqa_test_00111,0,0.433829,5
medqa,llama-3.1-8b-instruct,medqa_test_00822,0,0.394646,2
medqa,llama-3.1-8b-instruct,medqa_test_01198,0,0.571148,3
medqa,llama-3.1-8b-instruct,medqa_test_00594,0,0.749846,3
medqa,llama-3.1-8b-instruct,medqa_test_00182,1,0.84973,1
medqa,llama-3.1-8b-instruct,medqa_test_00972,0,0.604293,1
medqa,llama-3.1-8b-instruct,medqa_test_00917,1,0.834913,2
medqa,llama-3.1-8b-instruct,medqa_test_00028,1,0.846964,5
medqa,llama-3.1-8b-instruct,medqa_test_00339,1,0.913827,5
medqa,llama-3.1-8b-instruct,medqa_test_00549,1,0.667753,5
medqa,llama-3.1-8b-instruct,medqa_test_00695,0,0.281667,1
medqa,llama-3.1-8b-instruct,medqa_test_00409,1,0.881059,1
medqa,llama-3.1-8b-instruct,medqa_test_00521,1,0.845721,2
medqa,llama-3.1-8b-instruct,medqa_test_00656,1,0.8705,4
medqa,llama-3.1-8b-instruct,medqa_test_00359,1,0.676995,5
medqa,llama-3.1-8b-instruct,medqa_test_00807,0,0.534165,5
medqa,llama-3.1-8b-instruct,medqa_test_00791,0,0.391835,2
medqa,llama-3.1-8b-instruct,medqa_test_00071,1,0.789415,2
medqa,llama-3.1-8b-instruct,medqa_test_01176,1,0.187314,4
medqa,llama-3.1-8b-instruct,medqa_test_00336,0,0.247417,5
medqa,llama-3.1-8b-instruct,medqa_test_00408,1,0.893597,4
medqa,llama-3.1-8b-instruct,medqa_test_00197,1,0.872979,5
medqa,llama-3.1-8b-instruct,medqa_test_00675,1,0.596422,2
medqa,llama-3.1-8b-instruct,medqa_test_00024,1,0.764117,1
medqa,llama-3.1-8b-instruct,medqa_test_01146,0,0.585052,1
medqa,llama-3.1-8b-instruct,medqa_test_00233,1,0.730459,5
medqa,llama-3.1-8b-instruct,medqa_test_00814,0,0.338128,2
medqa,llama-3.1-8b-instruct,medqa_test_00312,0,0.108148,2
medqa,llama-3.1-8b-instruct,medqa_test_00358,1,0.371434,1
medqa,llama-3.1-8b-instruct,medqa_test_01113,1,0.892288,4
medqa,llama-3.1-8b-instruct,medqa_test_00204,1,0.57929,4
medqa,llama-3.1-8b-instruct,medqa_test_00227,1,0.305528,1
medqa,llama-3.1-8b-instruct,medqa_test_00481,0,0.133285,2
medqa,llama-3.1-8b-instruct,medqa_test_01124,0,0.52558,5
medqa,llama-3.1-8b-instruct,medqa_test_00391,1,0.885021,1
medqa,llama-3.1-8b-instruct,medqa_test_01062,0,0.225794,4
medqa,llama-3.1-8b-instruct,medqa_test_00718,0,0.643939,1
medqa,llama-3.1-8b-instruct,medqa_test_00806,1,0.703012,2
medqa,llama-3.1-8b-instruct,medqa_test_01215,0,0.493964,4
medqa,llama-3.1-8b-instruct,medqa_test_00273,0,0.250838,3
medqa,llama-3.1-8b-instruct,medqa_test_00254,1,0.900315,2
medqa,llama-3.1-8b-instruct,medqa_test_00752,0,0.206429,4
medqa,llama-3.1-8b-instruct,medqa_test_00970,1,0.918713,1
medqa,llama-3.1-8b-instruct,medqa_test_01256,1,0.671285,5
medqa,llama-3.1-8b-instruct,medqa_test_00421,1,0.55085,2
medqa,llama-3.1-8b-instruct,medqa_test_00801,0,0.284399,5
medqa,llama-3.1-8b-instruct,medqa_test_01134,0,0.686202,3
medqa,llama-3.1-8b-instruct,medqa_test_00754,1,0.850372,4
medqa,llama-3.1-8b-instruct,medqa_test_00183,1,0.61866,3
medqa,llama-3.1-8b-instruct,medqa_test_00025,1,0.883575,3
medqa,llama-3.1-8b-instruct,medqa_test_00422,0,0.362843,1
medqa,llama-3.1-8b-instruct,medqa_test_00181,1,0.18218,4
medqa,llama-3.1-8b-instruct,medqa_test_00830,0,0.573509,2
medqa,llama-3.1-8b-instruct,medqa_test_00819,1,0.427918,4
medqa,llama-3.1-8b-instruct,medqa_test_00166,0,0.360089,1
medqa,llama-3.1-8b-instruct,medqa_test_00158,1,0.503952,4
medqa,llama-3.1-8b-instruct,medqa_test_00767,1,0.847829,2
medqa,llama-3.1-8b-instruct,medqa_test_00635,1,0.49699,1
medqa,llama-3.1-8b-instruct,medqa_test_00416,0,0.297492,4
medqa,llama-3.1-8b-instruct,medqa_test_00573,0,0.217706,4
medqa,llama-3.1-8b-instruct,medqa_test_00798,0,0.480175,1
medqa,llama-3.1-8b-instruct,medqa_test_00362,0,0.280377,3
medqa,llama-3.1-8b-instruct,medqa_test_00105,1,0.877097,4
medqa,llama-3.1-8b-instruct,medqa_test_00682,1,0.638178,2
medqa,llama-3.1-8b-instruct,medqa_test_01227,1,0.425777,5
medqa,llama-3.1-8b-instruct,medqa_test_00698,1,0.868153,5
medqa,llama-3.1-8b-instruct,medqa_test_00908,1,0.474556,1
medqa,llama-3.1-8b-instruct,medqa_test_00366,1,0.464988,1
medqa,llama-3.1-8b-instruct,medqa_test_00982,1,0.876146,2
medqa,llama-3.1-8b-instruct,medqa_test_00815,1,0.889075,1
medqa,llama-3.1-8b-instruct,medqa_test_00373,1,0.331172,4
medqa,llama-3.1-8b-instruct,medqa_test_00315,1,0.798759,3
medqa,llama-3.1-8b-instruct,medqa_test_00042,0,0.461841,4
medqa,llama-3.1-8b-instruct,medqa_test_01158,0,0.245327,2
medqa,llama-3.1-8b-instruct,medqa_test_00151,1,0.552028,2
medqa,llama-3.1-8b-instruct,medqa_test_00565,1,0.743607,2
medqa,llama-3.1-8b-instruct,medqa_test_00596,0,0.243098,4
medqa,llama-3.1-8b-instruct,medqa_test_01179,1,0.749843,1
medqa,llama-3.1-8b-instruct,medqa_test_00854,1,0.617221,3
medqa,llama-3.1-8b-instruct,medqa_test_00036,0,0.757969,1
medqa,llama-3.1-8b-instruct,medqa_test_00558,1,0.653794,3
medqa,llama-3.1-8b-instruct,medqa_test_00152,0,0.903916,1
medqa,llama-3.1-8b-instruct,medqa_test_00707,1,0.917402,2
medqa,llama-3.1-8b-instruct,medqa_test_00077,0,0.189287,4
medqa,llama-3.1-8b-instruct,medqa_test_01192,1,0.591949,4
medqa,llama-3.1-8b-instruct,medqa_test_00955,0,0.842264,5
medqa,llama-3.1-8b-instruct,medqa_test_00574,1,0.388708,4
medqa,llama-3.1-8b-instruct,medqa_test_01035,1,0.696029,5
medqa,llama-3.1-8b-instruct,medqa_test_00722,1,0.753978,3
medqa,llama-3.1-8b-instruct,medqa_test_00564,0,0.382265,4
medqa,llama-3.1-8b-instruct,medqa_test_00759,1,0.164411,2
medqa,llama-3.1-8b-instruct,medqa_test_00165,0,0.757414,3
medqa,llama-3.1-8b-instruct,medqa_test_00268,1,0.616875,2
medqa,llama-3.1-8b-instruct,medqa_test_00652,0,0.869704,3
medqa,llama-3.1-8b-instruct,medqa_test_00133,1,0.904799,5
medqa,llama-3.1-8b-instruct,medqa_test_00789,1,0.864363,4
medqa,llama-3.1-8b-instruct,medqa_test_00341,1,0.920553,4
medqa,llama-3.1-8b-instruct,medqa_test_00003,0,0.422675,3
medqa,llama-3.1-8b-instruct,medqa_test_00045,1,0.461676,1
medqa,llama-3.1-8b-instruct,medqa_test_01167,0,0.48807,4
medqa,llama-3.1-8b-instruct,medqa_test_00849,1,0.801595,5
medqa,llama-3.1-8b-instruct,medqa_test_01105,1,0.882244,4
medqa,llama-3.1-8b-instruct,medqa_test_00903,1,0.926209,1
medqa,llama-3.1-8b-instruct,medqa_test_00094,0,0.507374,1
medqa,llama-3.1-8b-instruct,medqa_test_00052,0,0.280476,4
medqa,llama-3.1-8b-instruct,medqa_test_01139,0,0.557765,1
medqa,llama-3.1-8b-instruct,medqa_test_01112,1,0.869128,5
medqa,llama-3.1-8b-instruct,medqa_test_00500,0,0.882753,3
medqa,llama-3.1-8b-instruct,medqa_test_00517,1,0.815537,5
medqa,llama-3.1-8b-instruct,medqa_test_01053,0,0.598727,3
medqa,llama-3.1-8b-instruct,medqa_test_01005,1,0.741754,1
medqa,llama-3.1-8b-instruct,medqa_test_00649,1,0.679984,2
medqa,llama-3.1-8b-instruct,medqa_test_00703,1,0.860074,1
medqa,llama-3.1-8b-instruct,medqa_test_00208,1,0.403138,5
medqa,llama-3.1-8b-instruct,medqa_test_00351,1,0.813463,4
medqa,llama-3.1-8b-instruct,medqa_test_00734,0,0.558666,2
medqa,llama-3.1-8b-instruct,medqa_test_00215,0,0.454052,2
medqa,llama-3.1-8b-instruct,medqa_test_00619,1,0.877451,4
medqa,llama-3.1-8b-instruct,medqa_test_00288,1,0.596705,3
medqa,llama-3.1-8b-instruct,medqa_test_00278,1,0.781007,1
medqa,llama-3.1-8b-instruct,medqa_test_00159,1,0.705971,3
medqa,llama-3.1-8b-instruct,medqa_test_00566,1,0.904793,5
medqa,llama-3.1-8b-instruct,medqa_test_00760,1,0.509565,3
medqa,llama-3.1-8b-instruct,medqa_test_00109,0,0.155702,5
medqa,llama-3.1-8b-instruct,medqa_test_00987,1,0.889844,2
medqa,llama-3.1-8b-instruct,medqa_test_01119,1,0.884448,1
medqa,llama-3.1-8b-instruct,medqa_test_01075,0,0.566325,2
medqa,llama-3.1-8b-instruct,medqa_test_00137,0,0.284501,1
medqa,llama-3.1-8b-instruct,medqa_test_00899,0,0.11483,3
medqa,llama-3.1-8b-instruct,medqa_test_00106,0,0.681506,4
medqa,llama-3.1-8b-instruct,medqa_test_00679,0,0.343389,4
medqa,llama-3.1-8b-instruct,medqa_test_00306,1,0.340258,3
medqa,llama-3.1-8b-instruct,medqa_test_00567,0,0.32506,1
medqa,llama-3.1-8b-instruct,medqa_test_00836,1,0.931168,4
medqa,llama-3.1-8b-instruct,medqa_test_00683,1,0.891422,3
medqa,llama-3.1-8b-instruct,medqa_test_00008,1,0.888431,2
medqa,llama-3.1-8b-instruct,medqa_test_01231,1,0.710364,5
medqa,llama-3.1-8b-instruct,medqa_test_00669,1,0.740902,4
medqa,llama-3.1-8b-instruct,medqa_test_00826,0,0.325058,3
medqa,llama-3.1-8b-instruct,medqa_test_00626,1,0.306617,5
medqa,llama-3.1-8b-instruct,medqa_test_00309,0,0.587739,4
medqa,llama-3.1-8b-instruct,medqa_test_00720,0,0.160598,1
medqa,llama-3.1-8b-instruct,medqa_test_00556,1,0.89467,4
medqa,llama-3.1-8b-instruct,medqa_test_00853,1,0.850692,2
medqa,llama-3.1-8b-instruct,medqa_test_00448,0,0.573699,1
medqa,llama-3.1-8b-instruct,medqa_test_01003,0,0.497243,3
medqa,llama-3.1-8b-instruct,medqa_test_00291,1,0.884621,5
medqa,llama-3.1-8b-instruct,medqa_test_00378,0,0.213924,1
medqa,llama-3.1-8b-instruct,medqa_test_00250,0,0.848742,5
medqa,llama-3.1-8b-instruct,medqa_test_00900,1,0.881277,5
medqa,llama-3.1-8b-instruct,medqa_test_01024,1,0.924816,2
medqa,llama-3.1-8b-instruct,medqa_test_00902,0,0.50777,4
medqa,llama-3.1-8b-instruct,medqa_test_00357,1,0.754526,4
medqa,llama-3.1-8b-instruct,medqa_test_01186,1,0.720914,5
medqa,llama-3.1-8b-instruct,medqa_test_00966,0,0.87519,1
medqa,llama-3.1-8b-instruct,medqa_test_00518,0,0.706305,1
medqa,llama-3.1-8b-instruct,medqa_test_00218,1,0.914528,1
medqa,llama-3.1-8b-instruct,medqa_test_00550,0,0.77387,3
medqa,llama-3.1-8b-instruct,medqa_test_00075,0,0.463946,4
medqa,llama-3.1-8b-instruct,medqa_test_00102,1,0.922495,4
medqa,llama-3.1-8b-instruct,medqa_test_00576,0,0.1638,3
medqa,llama-3.1-8b-instruct,medqa_test_00636,0,0.749158,4
medqa,llama-3.1-8b-instruct,medqa_test_01191,1,0.679827,5
medqa,llama-3.1-8b-instruct,medqa_test_00009,0,0.266691,4
medqa,llama-3.1-8b-instruct,medqa_test_00074,1,0.138677,2
medqa,llama-3.1-8b-instruct,medqa_test_00769,0,0.609255,3
medqa,llama-3.1-8b-instruct,medqa_test_00951,0,0.321715,4
medqa,llama-3.1-8b-instruct,medqa_test_00974,1,0.916536,1
medqa,llama-3.1-8b-instruct,medqa_test_01085,1,0.903569,3
medqa,llama-3.1-8b-instruct,medqa_test_00307,0,0.869355,2
medqa,llama-3.1-8b-instruct,medqa_test_00660,1,0.665731,4
medqa,llama-3.1-8b-instruct,medqa_test_00687,0,0.594892,3
medqa,llama-3.1-8b-instruct,medqa_test_00134,1,0.669136,2
medqa,llama-3.1-8b-instruct,medqa_test_00405,1,0.542891,3
medqa,llama-3.1-8b-instruct,medqa_test_00271,0,0.331972,5
medqa,llama-3.1-8b-instruct,medqa_test_00244,0,0.673322,5
medqa,llama-3.1-8b-instruct,medqa_test_01012,1,0.927729,2
medqa,llama-3.1-8b-instruct,medqa_test_00733,1,0.899693,4
medqa,llama-3.1-8b-instruct,medqa_test_00685,1,0.688977,4
medqa,llama-3.1-8b-instruct,medqa_test_01237,0,0.214253,5
medqa,llama-3.1-8b-instruct,medqa_test_00267,0,0.132501,3
medqa,llama-3.1-8b-instruct,medqa_test_00957,1,0.881332,4
medqa,llama-3.1-8b-instruct,medqa_test_01143,1,0.769783,3
medqa,llama-3.1-8b-instruct,medqa_test_00535,1,0.899145,3
medqa,llama-3.1-8b-instruct,medqa_test_00578,1,0.866471,2
medqa,llama-3.1-8b-instruct,medqa_test_00597,1,0.670622,1
medqa,llama-3.1-8b-instruct,medqa_test_00673,0,0.27763,3
medqa,llama-3.1-8b-instruct,medqa_test_01205,1,0.885261,3
medqa,llama-3.1-8b-instruct,medqa_test_00083,1,0.727978,1
medqa,llama-3.1-8b-instruct,medqa_test_00634,0,0.481567,1
medqa,llama-3.1-8b-instruct,medqa_test_00040,1,0.843166,4
medqa,llama-3.1-8b-instruct,medqa_test_00608,1,0.856883,3
medqa,llama-3.1-8b-instruct,medqa_test_01216,0,0.864107,1
medqa,llama-3.1-8b-instruct,medqa_test_00252,1,0.388385,2
medqa,llama-3.1-8b-instruct,medqa_test_00583,0,0.12287,2
medqa,llama-3.1-8b-instruct,medqa_test_00964,0,0.204164,2
medqa,llama-3.1-8b-instruct,medqa_test_00122,1,0.87136,4
medqa,llama-3.1-8b-instruct,medqa_test_00413,0,0.593433,5
medqa,llama-3.1-8b-instruct,medqa_test_00240,1,0.569335,1
medqa,llama-3.1-8b-instruct,medqa_test_01067,1,0.886962,5
medqa,llama-3.1-8b-instruct,medqa_test_00691,0,0.597415,3
medqa,llama-3.1-8b-instruct,medqa_test_00069,1,0.154134,1
medqa,llama-3.1-8b-instruct,medqa_test_00609,1,0.908255,1
medqa,llama-3.1-8b-instruct,medqa_test_00070,1,0.87772,1
medqa,llama-3.1-8b-instruct,medqa_test_00190,1,0.910257,3
medqa,llama-3.1-8b-instruct,medqa_test_00871,1,0.856578,4
medqa,llama-3.1-8b-instruct,medqa_test_00082,1,0.888925,1
mmlu_pro,llama-3.1-8b-instruct,mmlu_pro_test_09830,1,0.490458,1
mmlu_pro,llama-3.1-8b-instruct,mmlu_pro_test_04946,0,0.104411,3
mmlu_pro,llama-3.1-8b-instruct,mmlu_pro_test_06900,1,0.868456,4
mmlu_pro,llama-3.1-8b-instruct,mmlu_pro_test_01405,0,0.111829,4
mmlu_pro,llama-3.1-8b-instruct,mmlu_pro_test_03199,1,0.861843,4
mmlu_pro,llama-3.1-8b-instruct,mmlu_pro_test_06405,1,0.640419,1
mmlu_pro,llama-3.1-8b-instruct,mmlu_pro_test_07379,0,0.738339,1
mmlu_pro,llama-3.1-8b-instruct,mmlu_pro_test_02736,1,0.858705,5
mmlu_pro,llama-3.1-8b-instruct,mmlu_pro_test_08299,0,0.442728,4
mmlu_pro,llama-3.1-8b-instruct,mmlu_pro_test_02400,1,0.802976,3
mmlu_pro,llama-3.1-8b-instruct,mmlu_pro_test_00612,0,0.476916,1
mmlu_pro,llama-3.1-8b-instruct,mmlu_pro_test_04994,0,0.322624,3
mmlu_pro,llama-3.1-8b-instruct,mmlu_pro_test_02961,1,0.65885,1
mmlu_pro,llama-3.1-8b-instruct,mmlu_pro_test_08614,0,0.728547,3
mmlu_pro,llama-3.1-8b-instruct,mmlu_pro_test_05716,1,0.855743,3
mmlu_pro,llama-3.1-8b-instruct,mmlu_pro_test_07328,0,0.273991,1
mmlu_pro,llama-3.1-8b-instruct,mmlu_pro_test_03794,1,0.824666,2
mmlu_pro,llama-3.1-8b-instruct,mmlu_pro_test_07664,1,0.835094,2
mmlu_pro,llama-3.1-8b-instruct,mmlu_pro_test_02354,1,0.27847,1
mmlu_pro,llama-3.1-8b-instruct,mmlu_pro_test_04767,0,0.785312,1
mmlu_pro,llama-3.1-8b-instruct,mmlu_pro_test_05252,1,0.759951,3
mmlu_pro,llama-3.1-8b-instruct,mmlu_pro_test_01206,0,0.332024,3
mmlu_pro,llama-3.1-8b-instruct,mmlu_pro_test_10247,1,0.654,4
mmlu_pro,llama-3.1-8b-instruct,mmlu_pro_test_07963,1,0.825246,3
mmlu_pro,llama-3.1-8b-instruct,mmlu_pro_test_01449,0,0.354154,3
mmlu_pro,llama-3.1-8b-instruct,mmlu_pro_test_11509,0,0.089407,5
mmlu_pro,llama-3.1-8b-instruct,mmlu_pro_test_08489,1,0.860209,5
mmlu_pro,llama-3.1-8b-instruct,mmlu_pro_test_07315,1,0.035211,4
mmlu_pro,llama-3.1-8b-instruct,mmlu_pro_test_07308,0,0.634386,4
mmlu_pro,llama-3.1-8b-instruct,mmlu_pro_test_03640,1,0.784129,2
mmlu_pro,llama-3.1-8b-instruct,mmlu_pro_test_05875,1,0.831853,4
mmlu_pro,llama-3.1-8b-instruct,mmlu_pro_test_10639,0,0.661633,4
mmlu_pro,llama-3.1-8b-instruct,mmlu_pro_test_07624,1,0.563453,4
mmlu_pro,llama-3.1-8b-instruct,mmlu_pro_test_08182,1,0.337878,5
mmlu_pro,llama-3.1-8b-instruct,mmlu_pro_test_07610,0,0.28718,4
mmlu_pro,llama-3.1-8b-instruct,mmlu_pro_test_01518,1,0.639915,1
mmlu_pro,llama-3.1-8b-instruct,mmlu_pro_test_11897,1,0.163452,5
mmlu_pro,llama-3.1-8b-instruct,mmlu_pro_test_03821,1,0.832006,5
mmlu_pro,llama-3.1-8b-instruct,mmlu_pro_test_02666,1,0.314716,1
mmlu_pro,llama-3.1-8b-instruct,mmlu_pro_test_00552,0,0.305616,2
mmlu_pro,llama-3.1-8b-instruct,mmlu_pro_test_04762,1,0.785516,2
mmlu_pro,llama-3.1-8b-instruct,mmlu_pro_test_10305,1,0.721423,2
mmlu_pro,llama-3.1-8b-instruct,mmlu_pro_test_10990,1,0.812326,1
mmlu_pro,llama-3.1-8b-instruct,mmlu_pro_test_07554,0,0.079381,2
mmlu_pro,llama-3.1-8b-instruct,mmlu_pro_test_10376,1,0.26907,1
mmlu_pro,llama-3.1-8b-instruct,mmlu_pro_test_06478,0,0.540559,1
mmlu_pro,llama-3.1-8b-instruct,mmlu_pro_test_07227,1,0.797347,2
mmlu_pro,llama-3.1-8b-instruct,mmlu_pro_test_08081,1,0.710861,1
mmlu_pro,llama-3.1-8b-instruct,mmlu_pro_test_02006,1,0.404238,2
mmlu_pro,llama-3.1-8b-instruct,mmlu_pro_test_06169,1,0.880021,5
mmlu_pro,llama-3.1-8b-instruct,mmlu_pro_test_00777,1,0.856252,4
mmlu_pro,llama-3.1-8b-instruct,mmlu_pro_test_03086,0,0.413401,2
mmlu_pro,llama-3.1-8b-instruct,mmlu_pro_test_06764,0,0.877377,2
mmlu_pro,llama-3.1-8b-instruct,mmlu_pro_test_04577,0,0.386029,4
mmlu_pro,llama-3.1-8b-instruct,mmlu_pro_test_04648,0,0.228967,2
mmlu_pro,llama-3.1-8b-instruct,mmlu_pro_test_03333,1,0.485063,5
mmlu_pro,llama-3.1-8b-instruct,mmlu_pro_test_07086,1,0.201977,2
mmlu_pro,llama-3.1-8b-instruct,mmlu_pro_test_07073,1,0.814126,4
mmlu_pro,llama-3.1-8b-instruct,mmlu_pro_test_02543,1,0.536609,2
mmlu_pro,llama-3.1-8b-instruct,mmlu_pro_test_09545,1,0.886435,1
mmlu_pro,llama-3.1-8b-instruct,mmlu_pro_test_09161,0,0.367621,4
mmlu_pro,llama-3.1-8b-instruct,mmlu_pro_test_05814,1,0.852626,1
mmlu_pro,llama-3.1-8b-instruct,mmlu_pro_test_10619,0,0.088397,2
mmlu_pro,llama-3.1-8b-instruct,mmlu_pro_test_02239,0,0.254414,2
mmlu_pro,llama-3.1-8b-instruct,mmlu_pro_test_04531,0,0.466202,1
mmlu_pro,llama-3.1-8b-instruct,mmlu_pro_test_05901,0,0.522766,5
mmlu_pro,llama-3.1-8b-instruct,mmlu_pro_test_01520,0,0.356762,5
mmlu_pro,llama-3.1-8b-instruct,mmlu_pro_test_04600,1,0.592795,1
mmlu_pro,llama-3.1-8b-instruct,mmlu_pro_test_03938,1,0.784843,1
mmlu_pro,llama-3.1-8b-instruct,mmlu_pro_test_04737,0,0.106318,1
mmlu_pro,llama-3.1-8b-instruct,mmlu_pro_test_11958,0,0.146143,4
mmlu_pro,llama-3.1-8b-instruct,mmlu_pro_test_08707,1,0.792891,2
mmlu_pro,llama-3.1-8b-instruct,mmlu_pro_test_06047,1,0.712032,5
mmlu_pro,llama-3.1-8b-instruct,mmlu_pro_test_10314,0,0.279067,4
mmlu_pro,llama-3.1-8b-instruct,mmlu_pro_test_06344,0,0.164725,1
mmlu_pro,llama-3.1-8b-instruct,mmlu_pro_test_04610,0,0.770866,2
mmlu_pro,llama-3.1-8b-instruct,mmlu_pro_test_01686,0,0.242087,1
mmlu_pro,llama-3.1-8b-instruct,mmlu_pro_test_01909,1,0.565895,2
mmlu_pro,llama-3.1-8b-instruct,mmlu_pro_test_07841,1,0.856671,2
mmlu_pro,llama-3.1-8b-instruct,mmlu_pro_test_02367,1,0.697258,2
mmlu_pro,llama-3.1-8b-instruct,mmlu_pro_test_03243,1,0.333727,1
mmlu_pro,llama-3.1-8b-instruct,mmlu_pro_test_03551,0,0.605278,4
mmlu_pro,llama-3.1-8b-instruct,mmlu_pro_test_00105,0,0.602035,3
mmlu_pro,llama-3.1-8b-instruct,mmlu_pro_test_10480,1,0.665018,5
mmlu_pro,llama-3.1-8b-instruct,mmlu_pro_test_07621,1,0.202837,2
mmlu_pro,llama-3.1-8b-instruct,mmlu_pro_test_06374,1,0.632955,3
mmlu_pro,llama-3.1-8b-instruct,mmlu_pro_test_04854,1,0.817055,1
mmlu_pro,llama-3.1-8b-instruct,mmlu_pro_test_01994,1,0.280746,1
mmlu_pro,llama-3.1-8b-instruct,mmlu_pro_test_07336,1,0.703874,1
mmlu_pro,llama-3.1-8b-instruct,mmlu_pro_test_06826,1,0.834706,5
mmlu_pro,llama-3.1-8b-instruct,mmlu_pro_test_03296,1,0.831956,5
mmlu_pro,llama-3.1-8b-instruct,mmlu_pro_test_11343,0,0.541525,3
mmlu_pro,llama-3.1-8b-instruct,mmlu_pro_test_01155,0,0.456853,5
mmlu_pro,llama-3.1-8b-instruct,mmlu_pro_test_04641,1,0.78257,2
mmlu_pro,llama-3.1-8b-instruct,mmlu_pro_test_06440,0,0.163554,5
mmlu_pro,llama-3.1-8b-instruct,mmlu_pro_test_04810,0,0.330518,3
mmlu_pro,llama-3.1-8b-instruct,mmlu_pro_test_06683,1,0.803752,3
mmlu_pro,llama-3.1-8b-instruct,mmlu_pro_test_10242,1,0.56587,3
mmlu_pro,llama-3.1-8b-instruct,mmlu_pro_test_06474,1,0.587359,1
mmlu_pro,llama-3.1-8b-instruct,mmlu_pro_test_01722,0,0.427874,5
mmlu_pro,llama-3.1-8b-instruct,mmlu_pro_test_00075,1,0.859009,1
mmlu_pro,llama-3.1-8b-instruct,mmlu_pro_test_01510,1,0.675027,2
mmlu_pro,llama-3.1-8b-instruct,mmlu_pro_test_07068,1,0.626008,3
mmlu_pro,llama-3.1-8b-instruct,mmlu_pro_test_01471,0,0.454977,1
mmlu_pro,llama-3.1-8b-instruct,mmlu_pro_test_04667,0,0.824389,4
mmlu_pro,llama-3.1-8b-instruct,mmlu_pro_test_04596,1,0.287115,5
mmlu_pro,llama-3.1-8b-instruct,mmlu_pro_test_11591,0,0.143371,3
mmlu_pro,llama-3.1-8b-instruct,mmlu_pro_test_11048,0,0.506515,5
mmlu_pro,llama-3.1-8b-instruct,mmlu_pro_test_08599,0,0.567236,3
mmlu_pro,llama-3.1-8b-instruct,mmlu_pro_test_06330,1,0.666749,3
mmlu_pro,llama-3.1-8b-instruct,mmlu_pro_test_09589,1,0.896654,5
mmlu_pro,llama-3.1-8b-instruct,mmlu_pro_test_01851,0,0.443962,5
mmlu_pro,llama-3.1-8b-instruct,mmlu_pro_test_05334,0,0.130993,5
mmlu_pro,llama-3.1-8b-instruct,mmlu_pro_test_04323,0,0.289069,1
mmlu_pro,llama-3.1-8b-instruct,mmlu_pro_test_02899,1,0.864552,3
mmlu_pro,llama-3.1-8b-instruct,mmlu_pro_test_06094,1,0.753168,5
mmlu_pro,llama-3.1-8b-instruct,mmlu_pro_test_10249,0,0.329383,4
mmlu_pro,llama-3.1-8b-instruct,mmlu_pro_test_01216,0,0.418512,5
mmlu_pro,llama-3.1-8b-instruct,mmlu_pro_test_10777,0,0.447865,1
mmlu_pro,llama-3.1-8b-instruct,mmlu_pro_test_00193,1,0.832086,3
mmlu_pro,llama-3.1-8b-instruct,mmlu_pro_test_06476,0,0.850625,2
mmlu_pro,llama-3.1-8b-instruct,mmlu_pro_test_03128,1,0.844007,4
mmlu_pro,llama-3.1-8b-instruct,mmlu_pro_test_06423,1,0.865428,1
mmlu_pro,llama-3.1-8b-instruct,mmlu_pro_test_04220,0,0.110256,3
mmlu_pro,llama-3.1-8b-instruct,mmlu_pro_test_02619,0,0.289237,3
mmlu_pro,llama-3.1-8b-instruct,mmlu_pro_test_03546,1,0.807225,1
mmlu_pro,llama-3.1-8b-instruct,mmlu_pro_test_05346,0,0.661304,2
mmlu_pro,llama-3.1-8b-instruct,mmlu_pro_test_02989,0,0.484208,4
mmlu_pro,llama-3.1-8b-instruct,mmlu_pro_test_01054,0,0.474055,3
mmlu_pro,llama-3.1-8b-instruct,mmlu_pro_test_07105,1,0.815582,2
mmlu_pro,llama-3.1-8b-instruct,mmlu_pro_test_10196,1,0.903971,4
mmlu_pro,llama-3.1-8b-instruct,mmlu_pro_test_10696,0,0.246847,2
mmlu_pro,llama-3.1-8b-instruct,mmlu_pro_test_02622,1,0.635335,2
mmlu_pro,llama-3.1-8b-instruct,mmlu_pro_test_02098,0,0.491309,3
mmlu_pro,llama-3.1-8b-instruct,mmlu_pro_test_01873,0,0.267854,4
mmlu_pro,llama-3.1-8b-instruct,mmlu_pro_test_02310,1,0.800905,5
mmlu_pro,llama-3.1-8b-instruct,mmlu_pro_test_00538,1,0.888093,2
mmlu_pro,llama-3.1-8b-instruct,mmlu_pro_test_02212,1,0.817254,2
mmlu_pro,llama-3.1-8b-instruct,mmlu_pro_test_00294,0,0.279824,1
mmlu_pro,llama-3.1-8b-instruct,mmlu_pro_test_01352,0,0.263645,4
mmlu_pro,llama-3.1-8b-instruct,mmlu_pro_test_10274,0,0.86876,3
mmlu_pro,llama-3.1-8b-instruct,mmlu_pro_test_00677,0,0.293986,3
mmlu_pro,llama-3.1-8b-instruct,mmlu_pro_test_01804,0,0.362353,1
mmlu_pro,llama-3.1-8b-instruct,mmlu_pro_test_06106,0,0.457948,5
mmlu_pro,llama-3.1-8b-instruct,mmlu_pro_test_01153,0,0.155487,2
mmlu_pro,llama-3.1-8b-instruct,mmlu_pro_test_10822,0,0.152117,3
mmlu_pro,llama-3.1-8b-instruct,mmlu_pro_test_00244,0,0.740964,4
mmlu_pro,llama-3.1-8b-instruct,mmlu_pro_test_05645,1,0.248009,1
mmlu_pro,llama-3.1-8b-instruct,mmlu_pro_test_01750,0,0.273864,4
mmlu_pro,llama-3.1-8b-instruct,mmlu_pro_test_01875,0,0.266754,5
mmlu_pro,llama-3.1-8b-instruct,mmlu_pro_test_06996,0,0.636338,1
mmlu_pro,llama-3.1-8b-instruct,mmlu_pro_test_01105,1,0.57862,1
mmlu_pro,llama-3.1-8b-instruct,mmlu_pro_test_06414,1,0.61001,5
mmlu_pro,llama-3.1-8b-instruct,mmlu_pro_test_03360,1,0.777838,3
mmlu_pro,llama-3.1-8b-instruct,mmlu_pro_test_01281,0,0.293669,2
mmlu_pro,llama-3.1-8b-instruct,mmlu_pro_test_06933,1,0.402363,3
mmlu_pro,llama-3.1-8b-instruct,mmlu_pro_test_01741,0,0.312956,4
mmlu_pro,llama-3.1-8b-instruct,mmlu_pro_test_09180,1,0.610474,1
mmlu_pro,llama-3.1-8b-instruct,mmlu_pro_test_10463,1,0.167018,5
mmlu_pro,llama-3.1-8b-instruct,mmlu_pro_test_07300,0,0.385471,3
mmlu_pro,llama-3.1-8b-instruct,mmlu_pro_test_03602,0,0.073339,4
mmlu_pro,llama-3.1-8b-instruct,mmlu_pro_test_05863,0,0.390402,5
mmlu_pro,llama-3.1-8b-instruct,mmlu_pro_test_11918,1,0.152795,3
mmlu_pro,llama-3.1-8b-instruct,mmlu_pro_test_10821,1,0.196319,5
mmlu_pro,llama-3.1-8b-instruct,mmlu_pro_test_00578,1,0.885388,5
mmlu_pro,llama-3.1-8b-instruct,mmlu_pro_test_01634,0,0.360077,2
mmlu_pro,llama-3.1-8b-instruct,mmlu_pro_test_01115,0,0.475698,5
mmlu_pro,llama-3.1-8b-instruct,mmlu_pro_test_01088,1,0.104037,4
mmlu_pro,llama-3.1-8b-instruct,mmlu_pro_test_09247,1,0.73914,3
mmlu_pro,llama-3.1-8b-instruct,mmlu_pro_test_06472,0,0.440514,5
mmlu_pro,llama-3.1-8b-instruct,mmlu_pro_test_00943,1,0.54395,2
mmlu_pro,llama-3.1-8b-instruct,mmlu_pro_test_05483,1,0.401773,4
mmlu_pro,llama-3.1-8b-instruct,mmlu_pro_test_00233,1,0.308549,5
mmlu_pro,llama-3.1-8b-instruct,mmlu_pro_test_00994,0,0.172502,1
mmlu_pro,llama-3.1-8b-instruct,mmlu_pro_test_00881,1,0.630124,4
mmlu_pro,llama-3.1-8b-instruct,mmlu_pro_test_06356,1,0.360433,5
mmlu_pro,llama-3.1-8b-instruct,mmlu_pro_test_05571,0,0.806675,4
mmlu_pro,llama-3.1-8b-instruct,mmlu_pro_test_05042,1,0.872541,5
mmlu_pro,llama-3.1-8b-instruct,mmlu_pro_test_06964,0,0.415048,1
mmlu_pro,llama-3.1-8b-instruct,mmlu_pro_test_06324,0,0.586011,1
mmlu_pro,llama-3.1-8b-instruct,mmlu_pro_test_08046,1,0.67622,3
mmlu_pro,llama-3.1-8b-instruct,mmlu_pro_test_11328,0,0.659085,1
mmlu_pro,llama-3.1-8b-instruct,mmlu_pro_test_10848,1,0.666347,1
mmlu_pro,llama-3.1-8b-instruct,mmlu_pro_test_09027,0,0.629848,1
mmlu_pro,llama-3.1-8b-instruct,mmlu_pro_test_06780,1,0.832711,2
mmlu_pro,llama-3.1-8b-instruct,mmlu_pro_test_06430,1,0.471199,4
mmlu_pro,llama-3.1-8b-instruct,mmlu_pro_test_09215,1,0.654904,1
mmlu_pro,llama-3.1-8b-instruct,mmlu_pro_test_08916,0,0.223946,2
mmlu_pro,llama-3.1-8b-instruct,mmlu_pro_test_03285,1,0.837989,1
mmlu_pro,llama-3.1-8b-instruct,mmlu_pro_test_07952,1,0.752994,3
mmlu_pro,llama-3.1-8b-instruct,mmlu_pro_test_02613,1,0.826415,1
mmlu_pro,llama-3.1-8b-instruct,mmlu_pro_test_07051,0,0.346983,1
mmlu_pro,llama-3.1-8b-instruct,mmlu_pro_test_06654,1,0.367555,1
mmlu_pro,llama-3.1-8b-instruct,mmlu_pro_test_08077,1,0.868186,4
mmlu_pro,llama-3.1-8b-instruct,mmlu_pro_test_01114,0,0.28451,4
mmlu_pro,llama-3.1-8b-instruct,mmlu_pro_test_02376,0,0.495718,2
mmlu_pro,llama-3.1-8b-instruct,mmlu_pro_test_10943,0,0.109243,5
mmlu_pro,llama-3.1-8b-instruct,mmlu_pro_test_03849,0,0.343392,3
mmlu_pro,llama-3.1-8b-instruct,mmlu_pro_test_01822,0,0.213336,5
mmlu_pro,llama-3.1-8b-instruct,mmlu_pro_test_01322,0,0.141799,2
mmlu_pro,llama-3.1-8b-instruct,mmlu_pro_test_08750,0,0.498209,2
mmlu_pro,llama-3.1-8b-instruct,mmlu_pro_test_08513,1,0.677563,5
mmlu_pro,llama-3.1-8b-instruct,mmlu_pro_test_06409,1,0.846578,5
mmlu_pro,llama-3.1-8b-instruct,mmlu_pro_test_05509,1,0.759806,2
mmlu_pro,llama-3.1-8b-instruct,mmlu_pro_test_05177,1,0.154819,3
mmlu_pro,llama-3.1-8b-instruct,mmlu_pro_test_07012,0,0.209619,4
mmlu_pro,llama-3.1-8b-instruct,mmlu_pro_test_07233,1,0.870442,4
mmlu_pro,llama-3.1-8b-instruct,mmlu_pro_test_04296,1,0.613994,5
mmlu_pro,llama-3.1-8b-instruct,mmlu_pro_test_06365,1,0.884699,4
mmlu_pro,llama-3.1-8b-instruct,mmlu_pro_test_00031,1,0.843879,1
mmlu_pro,llama-3.1-8b-instruct,mmlu_pro_test_09953,1,0.661939,2
mmlu_pro,llama-3.1-8b-instruct,mmlu_pro_test_02676,1,0.15327,4
mmlu_pro,llama-3.1-8b-instruct,mmlu_pro_test_07131,0,0.834693,5
mmlu_pro,llama-3.1-8b-instruct,mmlu_pro_test_03420,0,0.248889,5
mmlu_pro,llama-3.1-8b-instruct,mmlu_pro_test_00915,1,0.194812,5
mmlu_pro,llama-3.1-8b-instruct,mmlu_pro_test_07275,1,0.855528,4
mmlu_pro,llama-3.1-8b-instruct,mmlu_pro_test_01748,0,0.44303,2
mmlu_pro,llama-3.1-8b-instruct,mmlu_pro_test_10194,1,0.490046,2
mmlu_pro,llama-3.1-8b-instruct,mmlu_pro_test_07176,1,0.499897,2
mmlu_pro,llama-3.1-8b-instruct,mmlu_pro_test_00102,1,0.855674,1
mmlu_pro,llama-3.1-8b-instruct,mmlu_pro_test_01799,0,0.128284,1
mmlu_pro,llama-3.1-8b-instruct,mmlu_pro_test_06147,0,0.65477,4
mmlu_pro,llama-3.1-8b-instruct,mmlu_pro_test_05306,1,0.891481,5
mmlu_pro,llama-3.1-8b-instruct,mmlu_pro_test_02443,1,0.86711,1
mmlu_pro,llama-3.1-8b-instruct,mmlu_pro_test_01516,0,0.111622,4
mmlu_pro,llama-3.1-8b-instruct,mmlu_pro_test_05266,0,0.542992,3
mmlu_pro,llama-3.1-8b-instruct,mmlu_pro_test_05079,1,0.782804,2
mmlu_pro,llama-3.1-8b-instruct,mmlu_pro_test_11996,0,0.657413,1
mmlu_pro,llama-3.1-8b-instruct,mmlu_pro_test_07712,1,0.223838,5
mmlu_pro,llama-3.1-8b-instruct,mmlu_pro_test_07938,0,0.17139,1
mmlu_pro,llama-3.1-8b-instruct,mmlu_pro_test_10854,1,0.349199,3
mmlu_pro,llama-3.1-8b-instruct,mmlu_pro_test_02199,0,0.573518,4
mmlu_pro,llama-3.1-8b-instruct,mmlu_pro_test_00801,0,0.134112,1
mmlu_pro,llama-3.1-8b-instruct,mmlu_pro_test_06048,1,0.86657,3
mmlu_pro,llama-3.1-8b-instruct,mmlu_pro_test_04601,0,0.248495,3
mmlu_pro,llama-3.1-8b-instruct,mmlu_pro_test_08357,0,0.391959,1
mmlu_pro,llama-3.1-8b-instruct,mmlu_pro_test_06758,1,0.774617,3
mmlu_pro,llama-3.1-8b-instruct,mmlu_pro_test_05350,1,0.804223,4
mmlu_pro,llama-3.1-8b-instruct,mmlu_pro_test_03940,0,0.178312,3
mmlu_pro,llama-3.1-8b-instruct,mmlu_pro_test_00692,0,0.304785,4
mmlu_pro,llama-3.1-8b-instruct,mmlu_pro_test_02247,0,0.371697,2
mmlu_pro,llama-3.1-8b-instruct,mmlu_pro_test_01490,1,0.239114,2
mmlu_pro,llama-3.1-8b-instruct,mmlu_pro_test_03337,1,0.87531,4
mmlu_pro,llama-3.1-8b-instruct,mmlu_pro_test_05298,0,0.133184,1
mmlu_pro,llama-3.1-8b-instruct,mmlu_pro_test_02279,1,0.817991,5
mmlu_pro,llama-3.1-8b-instruct,mmlu_pro_test_06777,1,0.767837,3
mmlu_pro,llama-3.1-8b-instruct,mmlu_pro_test_03188,1,0.844689,2
mmlu_pro,llama-3.1-8b-instruct,mmlu_pro_test_04250,1,0.243419,5
mmlu_pro,llama-3.1-8b-instruct,mmlu_pro_test_01250,0,0.120177,5
mmlu_pro,llama-3.1-8b-instruct,mmlu_pro_test_02173,0,0.124058,5
mmlu_pro,llama-3.1-8b-instruct,mmlu_pro_test_05556,0,0.704538,3
mmlu_pro,llama-3.1-8b-instruct,mmlu_pro_test_01919,0,0.569841,1
mmlu_pro,llama-3.1-8b-instruct,mmlu_pro_test_05840,0,0.477866,2
mmlu_pro,llama-3.1-8b-instruct,mmlu_pro_test_10423,1,0.659655,3
mmlu_pro,llama-3.1-8b-instruct,mmlu_pro_test_05818,0,0.84508,4
mmlu_pro,llama-3.1-8b-instruct,mmlu_pro_test_08111,1,0.830751,2
mmlu_pro,llama-3.1-8b-instruct,mmlu_pro_test_11294,1,0.170356,2
mmlu_pro,llama-3.1-8b-instruct,mmlu_pro_test_05926,0,0.39714,1
mmlu_pro,llama-3.1-8b-instruct,mmlu_pro_test_00751,0,0.35651,4
mmlu_pro,llama-3.1-8b-instruct,mmlu_pro_test_10827,1,0.699324,4
mmlu_pro,llama-3.1-8b-instruct,mmlu_pro_test_08788,0,0.277186,5
mmlu_pro,llama-3.1-8b-instruct,mmlu_pro_test_06328,0,0.813283,5
mmlu_pro,llama-3.1-8b-instruct,mmlu_pro_test_00644,1,0.879472,1
mmlu_pro,llama-3.1-8b-instruct,mmlu_pro_test_09957,1,0.85244,4
mmlu_pro,llama-3.1-8b-instruct,mmlu_pro_test_01205,1,0.690618,3
mmlu_pro,llama-3.1-8b-instruct,mmlu_pro_test_05689,0,0.787344,3
mmlu_pro,llama-3.1-8b-instruct,mmlu_pro_test_09535,0,0.665109,4
mmlu_pro,llama-3.1-8b-instruct,mmlu_pro_test_05010,0,0.816538,5
mmlu_pro,llama-3.1-8b-instruct,mmlu_pro_test_05512,1,0.304717,3
mmlu_pro,llama-3.1-8b-instruct,mmlu_pro_test_06901,0,0.524317,5
mmlu_pro,llama-3.1-8b-instruct,mmlu_pro_test_04665,1,0.767598,5
mmlu_pro,llama-3.1-8b-instruct,mmlu_pro_test_01601,1,0.621869,1
mmlu_pro,llama-3.1-8b-instruct,mmlu_pro_test_07268,1,0.699388,2
mmlu_pro,llama-3.1-8b-instruct,mmlu_pro_test_06854,1,0.529752,5
mmlu_pro,llama-3.1-8b-instruct,mmlu_pro_test_02874,0,0.330095,5
mmlu_pro,llama-3.1-8b-instruct,mmlu_pro_test_00408,1,0.34289,3
mmlu_pro,llama-3.1-8b-instruct,mmlu_pro_test_11021,0,0.588204,2
mmlu_pro,llama-3.1-8b-instruct,mmlu_pro_test_06497,0,0.699129,5
mmlu_pro,llama-3.1-8b-instruct,mmlu_pro_test_08694,1,0.219505,1
mmlu_pro,llama-3.1-8b-instruct,mmlu_pro_test_00082,1,0.539478,4
mmlu_pro,llama-3.1-8b-instruct,mmlu_pro_test_05696,0,0.720361,2
mmlu_pro,llama-3.1-8b-instruct,mmlu_pro_test_07437,1,0.826613,5
mmlu_pro,llama-3.1-8b-instruct,mmlu_pro_test_08183,1,0.364007,1
mmlu_pro,llama-3.1-8b-instruct,mmlu_pro_test_01831,0,0.345216,5
mmlu_pro,llama-3.1-8b-instruct,mmlu_pro_test_02148,1,0.862282,3
mmlu_pro,llama-3.1-8b-instruct,mmlu_pro_test_00219,1,0.827572,2
mmlu_pro,llama-3.1-8b-instruct,mmlu_pro_test_01532,1,0.429942,2
mmlu_pro,llama-3.1-8b-instruct,mmlu_pro_test_08350,0,0.2386,3
mmlu_pro,llama-3.1-8b-instruct,mmlu_pro_test_03087,0,0.233522,2
mmlu_pro,llama-3.1-8b-instruct,mmlu_pro_test_07100,1,0.81281,3
mmlu_pro,llama-3.1-8b-instruct,mmlu_pro_test_09170,1,0.606841,3
mmlu_pro,llama-3.1-8b-instruct,mmlu_pro_test_04309,1,0.820935,5
mmlu_pro,llama-3.1-8b-instruct,mmlu_pro_test_08993,1,0.503722,3
mmlu_pro,llama-3.1-8b-instruct,mmlu_pro_test_08399,1,0.858906,4
mmlu_pro,llama-3.1-8b-instruct,mmlu_pro_test_01252,0,0.335614,4
mmlu_pro,llama-3.1-8b-instruct,mmlu_pro_test_02171,1,0.353973,5
mmlu_pro,llama-3.1-8b-instruct,mmlu_pro_test_07031,1,0.634048,2
mmlu_pro,llama-3.1-8b-instruct,mmlu_pro_test_11015,1,0.227104,4
mmlu_pro,llama-3.1-8b-instruct,mmlu_pro_test_06831,1,0.761387,2
mmlu_pro,llama-3.1-8b-instruct,mmlu_pro_test_09713,1,0.545912,5
mmlu_pro,llama-3.1-8b-instruct,mmlu_pro_test_09094,1,0.705976,2
mmlu_pro,llama-3.1-8b-instruct,mmlu_pro_test_05195,1,0.834701,1
mmlu_pro,llama-3.1-8b-instruct,mmlu_pro_test_08685,1,0.67476,2
mmlu_pro,llama-3.1-8b-instruct,mmlu_pro_test_04928,1,0.635183,2
mmlu_pro,llama-3.1-8b-instruct,mmlu_pro_test_01141,0,0.609512,2
mmlu_pro,llama-3.1-8b-instruct,mmlu_pro_test_06313,1,0.864766,2
mmlu_pro,llama-3.1-8b-instruct,mmlu_pro_test_06295,0,0.366594,1
mmlu_pro,llama-3.1-8b-instruct,mmlu_pro_test_00811,0,0.85049,2
mmlu_pro,llama-3.1-8b-instruct,mmlu_pro_test_06830,1,0.71671,4
mmlu_pro,llama-3.1-8b-instruct,mmlu_pro_test_08247,1,0.818437,2
mmlu_pro,llama-3.1-8b-instruct,mmlu_pro_test_08198,1,0.777685,3
mmlu_pro,llama-3.1-8b-instruct,mmlu_pro_test_02011,1,0.786582,1
mmlu_pro,llama-3.1-8b-instruct,mmlu_pro_test_01134,0,0.273544,3
mmlu_pro,llama-3.1-8b-instruct,mmlu_pro_test_01760,0,0.678912,4
mmlu_pro,llama-3.1-8b-instruct,mmlu_pro_test_09123,0,0.219436,4
mmlu_pro,llama-3.1-8b-instruct,mmlu_pro_test_10970,0,0.191833,3
mmlu_pro,llama-3.1-8b-instruct,mmlu_pro_test_01568,1,0.325981,1
mmlu_pro,llama-3.1-8b-instruct,mmlu_pro_test_04867,0,0.415287,3
mmlu_pro,llama-3.1-8b-instruct,mmlu_pro_test_00329,1,0.836722,1
mmlu_pro,llama-3.1-8b-instruct,mmlu_pro_test_02438,0,0.650842,4
mmlu_pro,llama-3.1-8b-instruct,mmlu_pro_test_01736,1,0.81163,2
mmlu_pro,llama-3.1-8b-instruct,mmlu_pro_test_04974,0,0.343361,5
mmlu_pro,llama-3.1-8b-instruct,mmlu_pro_test_04929,1,0.828392,2
mmlu_pro,llama-3.1-8b-instruct,mmlu_pro_test_00906,0,0.398345,3
mmlu_pro,llama-3.1-8b-instruct,mmlu_pro_test_10032,1,0.883644,1
mmlu_pro,llama-3.1-8b-instruct,mmlu_pro_test_04603,1,0.688048,5
mmlu_pro,llama-3.1-8b-instruct,mmlu_pro_test_09313,0,0.26067,1
mmlu_pro,llama-3.1-8b-instruct,mmlu_pro_test_03525,0,0.393687,3
mmlu_pro,llama-3.1-8b-instruct,mmlu_pro_test_06663,0,0.21331,3
mmlu_pro,llama-3.1-8b-instruct,mmlu_pro_test_05202,0,0.55602,1
mmlu_pro,llama-3.1-8b-instruct,mmlu_pro_test_07832,1,0.890085,4
mmlu_pro,llama-3.1-8b-instruct,mmlu_pro_test_06787,1,0.852086,5
mmlu_pro,llama-3.1-8b-instruct,mmlu_pro_test_08156,0,0.220763,5
mmlu_pro,llama-3.1-8b-instruct,mmlu_pro_test_05678,0,0.518455,5
mmlu_pro,llama-3.1-8b-instruct,mmlu_pro_test_11904,1,0.449705,4
mmlu_pro,llama-3.1-8b-instruct,mmlu_pro_test_06424,0,0.528772,5
mmlu_pro,llama-3.1-8b-instruct,mmlu_pro_test_02283,1,0.792464,5
mmlu_pro,llama-3.1-8b-instruct,mmlu_pro_test_04727,0,0.708917,3
mmlu_pro,llama-3.1-8b-instruct,mmlu_pro_test_01003,0,0.240324,3
mmlu_pro,llama-3.1-8b-instruct,mmlu_pro_test_10324,0,0.873499,4
mmlu_pro,llama-3.1-8b-instruct,mmlu_pro_test_11346,1,0.760834,2
mmlu_pro,llama-3.1-8b-instruct,mmlu_pro_test_10124,0,0.195708,2
mmlu_pro,llama-3.1-8b-instruct,mmlu_pro_test_03182,1,0.846499,2
mmlu_pro,llama-3.1-8b-instruct,mmlu_pro_test_08688,0,0.876837,5
mmlu_pro,llama-3.1-8b-instruct,mmlu_pro_test_05109,0,0.782927,3
mmlu_pro,llama-3.1-8b-instruct,mmlu_pro_test_10163,0,0.296498,1
mmlu_pro,llama-3.1-8b-instruct,mmlu_pro_test_03959,1,0.198224,3
mmlu_pro,llama-3.1-8b-instruct,mmlu_pro_test_11639,1,0.712674,2
mmlu_pro,llama-3.1-8b-instruct,mmlu_pro_test_03992,0,0.525004,2
mmlu_pro,llama-3.1-8b-instruct,mmlu_pro_test_06451,0,0.277589,5
mmlu_pro,llama-3.1-8b-instruct,mmlu_pro_test_00836,0,0.207489,1
mmlu_pro,llama-3.1-8b-instruct,mmlu_pro_test_08372,1,0.743862,5
mmlu_pro,llama-3.1-8b-instruct,mmlu_pro_test_01355,0,0.253847,3
mmlu_pro,llama-3.1-8b-instruct,mmlu_pro_test_10802,0,0.529996,5
mmlu_pro,llama-3.1-8b-instruct,mmlu_pro_test_00880,0,0.732651,5
mmlu_pro,llama-3.1-8b-instruct,mmlu_pro_test_03601,0,0.355359,2
mmlu_pro,llama-3.1-8b-instruct,mmlu_pro_test_09942,1,0.843344,3
mmlu_pro,llama-3.1-8b-instruct,mmlu_pro_test_06822,0,0.240655,1
mmlu_pro,llama-3.1-8b-instruct,mmlu_pro_test_05452,0,0.130025,3
mmlu_pro,llama-3.1-8b-instruct,mmlu_pro_test_09544,1,0.841905,5
mmlu_pro,llama-3.1-8b-instruct,mmlu_pro_test_00425,1,0.857609,3
mmlu_pro,llama-3.1-8b-instruct,mmlu_pro_test_02544,0,0.43469,4
mmlu_pro,llama-3.1-8b-instruct,mmlu_pro_test_01550,0,0.182029,5
mmlu_pro,llama-3.1-8b-instruct,mmlu_pro_test_08699,1,0.870393,4
mmlu_pro,llama-3.1-8b-instruct,mmlu_pro_test_03795,1,0.868432,4
mmlu_pro,llama-3.1-8b-instruct,mmlu_pro_test_06341,0,0.483505,5
mmlu_pro,llama-3.1-8b-instruct,mmlu_pro_test_06331,0,0.151966,5
mmlu_pro,llama-3.1-8b-instruct,mmlu_pro_test_06905,0,0.405827,2
mmlu_pro,llama-3.1-8b-instruct,mmlu_pro_test_06884,1,0.821351,3
mmlu_pro,llama-3.1-8b-instruct,mmlu_pro_test_02285,0,0.540397,2
mmlu_pro,llama-3.1-8b-instruct,mmlu_pro_test_11020,0,0.413615,1
mmlu_pro,llama-3.1-8b-instruct,mmlu_pro_test_05679,1,0.806725,3
mmlu_pro,llama-3.1-8b-instruct,mmlu_pro_test_06517,0,0.214891,2
mmlu_pro,llama-3.1-8b-instruct,mmlu_pro_test_03061,1,0.868769,4
mmlu_pro,llama-3.1-8b-instruct,mmlu_pro_test_10973,1,0.09017,3
mmlu_pro,llama-3.1-8b-instruct,mmlu_pro_test_09801,1,0.836808,4
mmlu_pro,llama-3.1-8b-instruct,mmlu_pro_test_02225,1,0.832113,2
mmlu_pro,llama-3.1-8b-instruct,mmlu_pro_test_00940,0,0.288432,1
mmlu_pro,llama-3.1-8b-instruct,mmlu_pro_test_07930,1,0.750061,1
mmlu_pro,llama-3.1-8b-instruct,mmlu_pro_test_06579,1,0.747419,1
mmlu_pro,llama-3.1-8b-instruct,mmlu_pro_test_08275,0,0.297969,1
mmlu_pro,llama-3.1-8b-instruct,mmlu_pro_test_09550,0,0.79712,5
mmlu_pro,llama-3.1-8b-instruct,mmlu_pro_test_02498,1,0.791082,4
mmlu_pro,llama-3.1-8b-instruct,mmlu_pro_test_09911,1,0.402298,3
mmlu_pro,llama-3.1-8b-instruct,mmlu_pro_test_01960,1,0.731003,4
mmlu_pro,llama-3.1-8b-instruct,mmlu_pro_test_10708,1,0.629811,2
mmlu_pro,llama-3.1-8b-instruct,mmlu_pro_test_02841,1,0.740363,3
mmlu_pro,llama-3.1-8b-instruct,mmlu_pro_test_05560,0,0.118664,4
mmlu_pro,llama-3.1-8b-instruct,mmlu_pro_test_11547,1,0.489961,5
mmlu_pro,llama-3.1-8b-instruct,mmlu_pro_test_07857,1,0.107597,4
mmlu_pro,llama-3.1-8b-instruct,mmlu_pro_test_06513,1,0.765091,2
mmlu_pro,llama-3.1-8b-instruct,mmlu_pro_test_07069,1,0.502476,5
mmlu_pro,llama-3.1-8b-instruct,mmlu_pro_test_03955,1,0.764709,4
mmlu_pro,llama-3.1-8b-instruct,mmlu_pro_test_05605,0,0.215538,3
mmlu_pro,llama-3.1-8b-instruct,mmlu_pro_test_07246,0,0.286696,5
mmlu_pro,llama-3.1-8b-instruct,mmlu_pro_test_02726,1,0.652021,5
mmlu_pro,llama-3.1-8b-instruct,mmlu_pro_test_03025,1,0.84044,4
mmlu_pro,llama-3.1-8b-instruct,mmlu_pro_test_04032,1,0.79389,5
mmlu_pro,llama-3.1-8b-instruct,mmlu_pro_test_04556,0,0.821593,4
mmlu_pro,llama-3.1-8b-instruct,mmlu_pro_test_05857,1,0.296691,3
mmlu_pro,llama-3.1-8b-instruct,mmlu_pro_test_07599,0,0.056232,1
mmlu_pro,llama-3.1-8b-instruct,mmlu_pro_test_10348,0,0.522739,4
mmlu_pro,llama-3.1-8b-instruct,mmlu_pro_test_01626,0,0.676496,5
mmlu_pro,llama-3.1-8b-instruct,mmlu_pro_test_10350,0,0.433388,2
mmlu_pro,llama-3.1-8b-instruct,mmlu_pro_test_01553,0,0.353761,2
mmlu_pro,llama-3.1-8b-instruct,mmlu_pro_test_03055,1,0.863911,4
mmlu_pro,llama-3.1-8b-instruct,mmlu_pro_test_00636,1,0.88369,2
mmlu_pro,llama-3.1-8b-instruct,mmlu_pro_test_00277,1,0.800171,2
mmlu_pro,llama-3.1-8b-instruct,mmlu_pro_test_00288,0,0.293253,1
mmlu_pro,llama-3.1-8b-instruct,mmlu_pro_test_11665,1,0.857249,3
mmlu_pro,llama-3.1-8b-instruct,mmlu_pro_test_06037,0,0.395824,3
mmlu_pro,llama-3.1-8b-instruct,mmlu_pro_test_08774,1,0.662963,3
mmlu_pro,llama-3.1-8b-instruct,mmlu_pro_test_02540,1,0.856095,5
mmlu_pro,llama-3.1-8b-instruct,mmlu_pro_test_06076,1,0.387467,1
mmlu_pro,llama-3.1-8b-instruct,mmlu_pro_test_00886,1,0.14595,3
mmlu_pro,llama-3.1-8b-instruct,mmlu_pro_test_01537,0,0.517672,1
mmlu_pro,llama-3.1-8b-instruct,mmlu_pro_test_09637,0,0.529924,1
mmlu_pro,llama-3.1-8b-instruct,mmlu_pro_test_10013,1,0.393464,2
mmlu_pro,llama-3.1-8b-instruct,mmlu_pro_test_03543,1,0.722382,3
mmlu_pro,llama-3.1-8b-instruct,mmlu_pro_test_00900,1,0.414217,3
mmlu_pro,llama-3.1-8b-instruct,mmlu_pro_test_04870,1,0.744161,1
mmlu_pro,llama-3.1-8b-instruct,mmlu_pro_test_10222,0,0.158064,4
mmlu_pro,llama-3.1-8b-instruct,mmlu_pro_test_08932,0,0.804637,4
mmlu_pro,llama-3.1-8b-instruct,mmlu_pro_test_01482,0,0.647281,5
mmlu_pro,llama-3.1-8b-instruct,mmlu_pro_test_05997,0,0.135732,1
mmlu_pro,llama-3.1-8b-instruct,mmlu_pro_test_07383,0,0.715687,3
mmlu_pro,llama-3.1-8b-instruct,mmlu_pro_test_03864,0,0.200727,2
mmlu_pro,llama-3.1-8b-instruct,mmlu_pro_test_03206,1,0.852704,2
mmlu_pro,llama-3.1-8b-instruct,mmlu_pro_test_03219,1,0.702535,4
mmlu_pro,llama-3.1-8b-instruct,mmlu_pro_test_08616,1,0.831982,3
mmlu_pro,llama-3.1-8b-instruct,mmlu_pro_test_06239,1,0.875701,4
mmlu_pro,llama-3.1-8b-instruct,mmlu_pro_test_11431,0,0.356051,4
mmlu_pro,llama-3.1-8b-instruct,mmlu_pro_test_01772,0,0.38986,1
mmlu_pro,llama-3.1-8b-instruct,mmlu_pro_test_04910,0,0.336419,3
mmlu_pro,llama-3.1-8b-instruct,mmlu_pro_test_10608,0,0.344847,3
mmlu_pro,llama-3.1-8b-instruct,mmlu_pro_test_04765,1,0.762522,4
mmlu_pro,llama-3.1-8b-instruct,mmlu_pro_test_03207,1,0.855322,4
mmlu_pro,llama-3.1-8b-instruct,mmlu_pro_test_05102,1,0.593531,5
mmlu_pro,llama-3.1-8b-instruct,mmlu_pro_test_01711,0,0.1991,4
mmlu_pro,llama-3.1-8b-instruct,mmlu_pro_test_08269,1,0.49187,2
mmlu_pro,llama-3.1-8b-instruct,mmlu_pro_test_09488,0,0.107569,4
mmlu_pro,llama-3.1-8b-instruct,mmlu_pro_test_01019,0,0.260389,1
mmlu_pro,llama-3.1-8b-instruct,mmlu_pro_test_06772,1,0.844566,1
mmlu_pro,llama-3.1-8b-instruct,mmlu_pro_test_09129,0,0.259449,2
mmlu_pro,llama-3.1-8b-instruct,mmlu_pro_test_05528,1,0.593675,5
mmlu_pro,llama-3.1-8b-instruct,mmlu_pro_test_01400,1,0.856398,1
mmlu_pro,llama-3.1-8b-instruct,mmlu_pro_test_00792,0,0.429122,3
mmlu_pro,llama-3.1-8b-instruct,mmlu_pro_test_09177,0,0.468953,5
mmlu_pro,llama-3.1-8b-instruct,mmlu_pro_test_08481,0,0.270718,4
mmlu_pro,llama-3.1-8b-instruct,mmlu_pro_test_08496,1,0.816644,2
mmlu_pro,llama-3.1-8b-instruct,mmlu_pro_test_06546,0,0.369023,3
mmlu_pro,llama-3.1-8b-instruct,mmlu_pro_test_05897,1,0.401564,5
mmlu_pro,llama-3.1-8b-instruct,mmlu_pro_test_02054,1,0.22089,2
mmlu_pro,llama-3.1-8b-instruct,mmlu_pro_test_11008,0,0.62749,4
mmlu_pro,llama-3.1-8b-instruct,mmlu_pro_test_03402,1,0.664042,5
mmlu_pro,llama-3.1-8b-instruct,mmlu_pro_test_00221,0,0.235767,3
mmlu_pro,llama-3.1-8b-instruct,mmlu_pro_test_03979,0,0.192117,5
mmlu_pro,llama-3.1-8b-instruct,mmlu_pro_test_11046,0,0.611267,1
mmlu_pro,llama-3.1-8b-instruct,mmlu_pro_test_09827,1,0.437615,4
mmlu_pro,llama-3.1-8b-instruct,mmlu_pro_test_01377,0,0.432261,4
mmlu_pro,llama-3.1-8b-instruct,mmlu_pro_test_04611,1,0.708797,2
mmlu_pro,llama-3.1-8b-instruct,mmlu_pro_test_04003,0,0.24908,3
mmlu_pro,llama-3.1-8b-instruct,mmlu_pro_test_00045,0,0.33001,5
mmlu_pro,llama-3.1-8b-instruct,mmlu_pro_test_07164,0,0.242614,3
mmlu_pro,llama-3.1-8b-instruct,mmlu_pro_test_09773,1,0.186756,4
mmlu_pro,llama-3.1-8b-instruct,mmlu_pro_test_09053,1,0.730074,3
mmlu_pro,llama-3.1-8b-instruct,mmlu_pro_test_02203,1,0.749262,4
mmlu_pro,llama-3.1-8b-instruct,mmlu_pro_test_09735,0,0.368503,2
mmlu_pro,llama-3.1-8b-instruct,mmlu_pro_test_05405,1,0.863407,1
mmlu_pro,llama-3.1-8b-instruct,mmlu_pro_test_08569,1,0.608075,5
mmlu_pro,llama-3.1-8b-instruct,mmlu_pro_test_03172,1,0.683994,1
mmlu_pro,llama-3.1-8b-instruct,mmlu_pro_test_05757,0,0.234548,2
mmlu_pro,llama-3.1-8b-instruct,mmlu_pro_test_06448,1,0.854362,4
mmlu_pro,llama-3.1-8b-instruct,mmlu_pro_test_07928,1,0.346752,2
mmlu_pro,llama-3.1-8b-instruct,mmlu_pro_test_10412,1,0.619973,4
mmlu_pro,llama-3.1-8b-instruct,mmlu_pro_test_06074,0,0.35483,5
mmlu_pro,llama-3.1-8b-instruct,mmlu_pro_test_05699,0,0.217903,5
mmlu_pro,llama-3.1-8b-instruct,mmlu_pro_test_02130,1,0.583026,3
mmlu_pro,llama-3.1-8b-instruct,mmlu_pro_test_03197,0,0.578255,2
mmlu_pro,llama-3.1-8b-instruct,mmlu_pro_test_02136,1,0.42142,1
mmlu_pro,llama-3.1-8b-instruct,mmlu_pro_test_02648,1,0.828561,3
mmlu_pro,llama-3.1-8b-instruct,mmlu_pro_test_05842,1,0.848691,1
mmlu_pro,llama-3.1-8b-instruct,mmlu_pro_test_11234,1,0.681618,1
mmlu_pro,llama-3.1-8b-instruct,mmlu_pro_test_05457,1,0.248067,1
mmlu_pro,llama-3.1-8b-instruct,mmlu_pro_test_02528,1,0.828015,3
mmlu_pro,llama-3.1-8b-instruct,mmlu_pro_test_03004,1,0.607236,2
mmlu_pro,llama-3.1-8b-instruct,mmlu_pro_test_07942,1,0.712575,5
mmlu_pro,llama-3.1-8b-instruct,mmlu_pro_test_00211,0,0.483254,2
mmlu_pro,llama-3.1-8b-instruct,mmlu_pro_test_10752,1,0.864633,5
mmlu_pro,llama-3.1-8b-instruct,mmlu_pro_test_07919,1,0.549319,3
mmlu_pro,llama-3.1-8b-instruct,mmlu_pro_test_01966,0,0.056296,2
mmlu_pro,llama-3.1-8b-instruct,mmlu_pro_test_11733,0,0.08821,3
mmlu_pro,llama-3.1-8b-instruct,mmlu_pro_test_10184,1,0.414506,2
mmlu_pro,llama-3.1-8b-instruct,mmlu_pro_test_05853,0,0.35263,4
mmlu_pro,llama-3.1-8b-instruct,mmlu_pro_test_01495,0,0.653796,3
mmlu_pro,llama-3.1-8b-instruct,mmlu_pro_test_11666,0,0.312045,5
mmlu_pro,llama-3.1-8b-instruct,mmlu_pro_test_00127,1,0.832897,1
mmlu_pro,llama-3.1-8b-instruct,mmlu_pro_test_06648,0,0.603432,2
mmlu_pro,llama-3.1-8b-instruct,mmlu_pro_test_01340,0,0.346864,1
mmlu_pro,llama-3.1-8b-instruct,mmlu_pro_test_02537,0,0.177338,2
mmlu_pro,llama-3.1-8b-instruct,mmlu_pro_test_07044,1,0.767838,4
mmlu_pro,llama-3.1-8b-instruct,mmlu_pro_test_05098,1,0.521961,5
mmlu_pro,llama-3.1-8b-instruct,mmlu_pro_test_04858,1,0.395183,4
mmlu_pro,llama-3.1-8b-instruct,mmlu_pro_test_05115,0,0.38057,2
mmlu_pro,llama-3.1-8b-instruct,mmlu_pro_test_04473,1,0.659692,3
mmlu_pro,llama-3.1-8b-instruct,mmlu_pro_test_05391,1,0.792326,1
mmlu_pro,llama-3.1-8b-instruct,mmlu_pro_test_08620,1,0.618004,4
mmlu_pro,llama-3.1-8b-instruct,mmlu_pro_test_06792,1,0.601584,3
mmlu_pro,llama-3.1-8b-instruct,mmlu_pro_test_10355,0,0.071503,4
mmlu_pro,llama-3.1-8b-instruct,mmlu_pro_test_05086,0,0.579961,1
mmlu_pro,llama-3.1-8b-instruct,mmlu_pro_test_08058,1,0.48196,4
mmlu_pro,llama-3.1-8b-instruct,mmlu_pro_test_02357,0,0.615819,2
mmlu_pro,llama-3.1-8b-instruct,mmlu_pro_test_04466,1,0.723283,5
mmlu_pro,llama-3.1-8b-instruct,mmlu_pro_test_09754,0,0.301936,1
mmlu_pro,llama-3.1-8b-instruct,mmlu_pro_test_05867,0,0.249598,2
mmlu_pro,llama-3.1-8b-instruct,mmlu_pro_test_07850,0,0.087242,4
mmlu_pro,llama-3.1-8b-instruct,mmlu_pro_test_04159,0,0.298505,3
mmlu_pro,llama-3.1-8b-instruct,mmlu_pro_test_02630,1,0.706436,1
mmlu_pro,llama-3.1-8b-instruct,mmlu_pro_test_08607,0,0.712743,1
mmlu_pro,llama-3.1-8b-instruct,mmlu_pro_test_06300,1,0.599889,4
mmlu_pro,llama-3.1-8b-instruct,mmlu_pro_test_10202,1,0.847066,5
mmlu_pro,llama-3.1-8b-instruct,mmlu_pro_test_01890,0,0.70341,1
mmlu_pro,llama-3.1-8b-instruct,mmlu_pro_test_05206,0,0.586698,1
mmlu_pro,llama-3.1-8b-instruct,mmlu_pro_test_00914,0,0.228955,2
mmlu_pro,llama-3.1-8b-instruct,mmlu_pro_test_07132,1,0.363013,2
mmlu_pro,llama-3.1-8b-instruct,mmlu_pro_test_06601,1,0.578869,3
mmlu_pro,llama-3.1-8b-instruct,mmlu_pro_test_07394,1,0.179245,5
mmlu_pro,llama-3.1-8b-instruct,mmlu_pro_test_10683,0,0.647226,3
mmlu_pro,llama-3.1-8b-instruct,mmlu_pro_test_03169,0,0.11266,4
mmlu_pro,llama-3.1-8b-instruct,mmlu_pro_test_09182,1,0.825131,3
mmlu_pro,llama-3.1-8b-instruct,mmlu_pro_test_02152,1,0.82532,3
mmlu_pro,llama-3.1-8b-instruct,mmlu_pro_test_07211,1,0.834946,2
mmlu_pro,llama-3.1-8b-instruct,mmlu_pro_test_02080,1,0.53297,3
mmlu_pro,llama-3.1-8b-instruct,mmlu_pro_test_10517,1,0.83475,1
mmlu_pro,llama-3.1-8b-instruct,mmlu_pro_test_11460,0,0.473454,1
mmlu_pro,llama-3.1-8b-instruct,mmlu_pro_test_06614,0,0.812777,1
mmlu_pro,llama-3.1-8b-instruct,mmlu_pro_test_06802,0,0.701625,1
mmlu_pro,llama-3.1-8b-instruct,mmlu_pro_test_06404,1,0.783724,1
mmlu_pro,llama-3.1-8b-instruct,mmlu_pro_test_02366,1,0.797714,1
mmlu_pro,llama-3.1-8b-instruct,mmlu_pro_test_02737,0,0.125604,2
mmlu_pro,llama-3.1-8b-instruct,mmlu_pro_test_05495,1,0.487615,4
mmlu_pro,llama-3.1-8b-instruct,mmlu_pro_test_02371,1,0.701557,3
mmlu_pro,llama-3.1-8b-instruct,mmlu_pro_test_02003,0,0.486173,3
mmlu_pro,llama-3.1-8b-instruct,mmlu_pro_test_04589,1,0.733729,5
mmlu_pro,llama-3.1-8b-instruct,mmlu_pro_test_01861,0,0.442779,3
mmlu_pro,llama-3.1-8b-instruct,mmlu_pro_test_11005,0,0.866657,5
mmlu_pro,llama-3.1-8b-instruct,mmlu_pro_test_00991,0,0.375994,3
mmlu_pro,llama-3.1-8b-instruct,mmlu_pro_test_06894,1,0.798936,1
mmlu_pro,llama-3.1-8b-instruct,mmlu_pro_test_10841,0,0.356095,1
mmlu_pro,llama-3.1-8b-instruct,mmlu_pro_test_11190,0,0.10387,3
mmlu_pro,llama-3.1-8b-instruct,mmlu_pro_test_06000,1,0.899994,4
mmlu_pro,llama-3.1-8b-instruct,mmlu_pro_test_07453,1,0.84972,3
mmlu_pro,llama-3.1-8b-instruct,mmlu_pro_test_06357,1,0.858628,4
mmlu_pro,llama-3.1-8b-instruct,mmlu_pro_test_10158,1,0.120232,4
mmlu_pro,llama-3.1-8b-instruct,mmlu_pro_test_02333,1,0.826628,3
mmlu_pro,llama-3.1-8b-instruct,mmlu_pro_test_09772,1,0.845227,5
mmlu_pro,llama-3.1-8b-instruct,mmlu_pro_test_02232,0,0.311145,3
mmlu_pro,llama-3.1-8b-instruct,mmlu_pro_test_08057,1,0.845343,2
mmlu_pro,llama-3.1-8b-instruct,mmlu_pro_test_07000,0,0.587736,3
mmlu_pro,llama-3.1-8b-instruct,mmlu_pro_test_03907,1,0.740378,1
mmlu_pro,llama-3.1-8b-instruct,mmlu_pro_test_02107,0,0.545084,3
mmlu_pro,llama-3.1-8b-instruct,mmlu_pro_test_08787,0,0.3933,4
mmlu_pro,llama-3.1-8b-instruct,mmlu_pro_test_07903,1,0.374235,2
mmlu_pro,llama-3.1-8b-instruct,mmlu_pro_test_07805,1,0.728629,2
mmlu_pro,llama-3.1-8b-instruct,mmlu_pro_test_05034,1,0.748082,1
mmlu_pro,llama-3.1-8b-instruct,mmlu_pro_test_02887,0,0.556718,5
mmlu_pro,llama-3.1-8b-instruct,mmlu_pro_test_07283,1,0.834375,1
mmlu_pro,llama-3.1-8b-instruct,mmlu_pro_test_10531,1,0.752469,4
mmlu_pro,llama-3.1-8b-instruct,mmlu_pro_test_02395,0,0.426811,1
mmlu_pro,llama-3.1-8b-instruct,mmlu_pro_test_05937,1,0.804731,1
mmlu_pro,llama-3.1-8b-instruct,mmlu_pro_test_04859,1,0.71168,2
mmlu_pro,llama-3.1-8b-instruct,mmlu_pro_test_08852,1,0.811693,1
mmlu_pro,llama-3.1-8b-instruct,mmlu_pro_test_06011,1,0.633493,5
mmlu_pro,llama-3.1-8b-instruct,mmlu_pro_test_01974,1,0.748707,5
mmlu_pro,llama-3.1-8b-instruct,mmlu_pro_test_01952,1,0.802157,3
mmlu_pro,llama-3.1-8b-instruct,mmlu_pro_test_06332,0,0.424281,1
mmlu_pro,llama-3.1-8b-instruct,mmlu_pro_test_02635,1,0.833566,4
mmlu_pro,llama-3.1-8b-instruct,mmlu_pro_test_10743,0,0.548395,4
mmlu_pro,llama-3.1-8b-instruct,mmlu_pro_test_08477,1,0.559361,5
mmlu_pro,llama-3.1-8b-instruct,mmlu_pro_test_02993,0,0.173495,5
mmlu_pro,llama-3.1-8b-instruct,mmlu_pro_test_00670,0,0.186048,5
mmlu_pro,llama-3.1-8b-instruct,mmlu_pro_test_07469,0,0.143352,5
mmlu_pro,llama-3.1-8b-instruct,mmlu_pro_test_10157,0,0.364142,4
mmlu_pro,llama-3.1-8b-instruct,mmlu_pro_test_01650,1,0.216463,3
mmlu_pro,llama-3.1-8b-instruct,mmlu_pro_test_00055,1,0.503581,3
mmlu_pro,llama-3.1-8b-instruct,mmlu_pro_test_02795,1,0.397913,3
mmlu_pro,llama-3.1-8b-instruct,mmlu_pro_test_06138,0,0.661435,3
mmlu_pro,llama-3.1-8b-instruct,mmlu_pro_test_10870,0,0.149848,5
mmlu_pro,llama-3.1-8b-instruct,mmlu_pro_test_04614,0,0.801983,4
mmlu_pro,llama-3.1-8b-instruct,mmlu_pro_test_04206,0,0.411377,1
mmlu_pro,llama-3.1-8b-instruct,mmlu_pro_test_05338,1,0.29801,4
mmlu_pro,llama-3.1-8b-instruct,mmlu_pro_test_05627,0,0.217337,4
mmlu_pro,llama-3.1-8b-instruct,mmlu_pro_test_03459,0,0.604829,1
mmlu_pro,llama-3.1-8b-instruct,mmlu_pro_test_04829,0,0.10675,4
mmlu_pro,llama-3.1-8b-instruct,mmlu_pro_test_11045,0,0.820896,4
mmlu_pro,llama-3.1-8b-instruct,mmlu_pro_test_01830,1,0.301816,5
mmlu_pro,llama-3.1-8b-instruct,mmlu_pro_test_07607,0,0.601792,2
mmlu_pro,llama-3.1-8b-instruct,mmlu_pro_test_06946,1,0.390835,4
mmlu_pro,llama-3.1-8b-instruct,mmlu_pro_test_03633,1,0.83638,5
mmlu_pro,llama-3.1-8b-instruct,mmlu_pro_test_01057,0,0.267707,1
mmlu_pro,llama-3.1-8b-instruct,mmlu_pro_test_10060,0,0.523868,4
mmlu_pro,llama-3.1-8b-instruct,mmlu_pro_test_00929,1,0.261452,5
mmlu_pro,llama-3.1-8b-instruct,mmlu_pro_test_02272,1,0.867674,4
mmlu_pro,llama-3.1-8b-instruct,mmlu_pro_test_01432,0,0.132757,4
mmlu_pro,llama-3.1-8b-instruct,mmlu_pro_test_08065,0,0.672067,4
mmlu_pro,llama-3.1-8b-instruct,mmlu_pro_test_07470,0,0.62151,2
mmlu_pro,llama-3.1-8b-instruct,mmlu_pro_test_10255,1,0.5835,4
mmlu_pro,llama-3.1-8b-instruct,mmlu_pro_test_10867,0,0.227384,5
mmlu_pro,llama-3.1-8b-instruct,mmlu_pro_test_05244,1,0.786707,3
mmlu_pro,llama-3.1-8b-instruct,mmlu_pro_test_06944,0,0.577423,5
mmlu_pro,llama-3.1-8b-instruct,mmlu_pro_test_03299,1,0.858783,3
mmlu_pro,llama-3.1-8b-instruct,mmlu_pro_test_06282,0,0.303111,4
mmlu_pro,llama-3.1-8b-instruct,mmlu_pro_test_07764,1,0.540045,1
mmlu_pro,llama-3.1-8b-instruct,mmlu_pro_test_11014,1,0.839647,3
mmlu_pro,llama-3.1-8b-instruct,mmlu_pro_test_04212,1,0.186571,3
mmlu_pro,llama-3.1-8b-instruct,mmlu_pro_test_03154,1,0.903345,4
mmlu_pro,llama-3.1-8b-instruct,mmlu_pro_test_04277,1,0.869569,4
mmlu_pro,llama-3.1-8b-instruct,mmlu_pro_test_06896,1,0.635956,2
mmlu_pro,llama-3.1-8b-instruct,mmlu_pro_test_02667,0,0.734701,5
mmlu_pro,llama-3.1-8b-instruct,mmlu_pro_test_05954,0,0.400361,3
mmlu_pro,llama-3.1-8b-instruct,mmlu_pro_test_01957,1,0.253633,1
mmlu_pro,llama-3.1-8b-instruct,mmlu_pro_test_00723,1,0.607463,1
mmlu_pro,llama-3.1-8b-instruct,mmlu_pro_test_05089,1,0.630865,1
mmlu_pro,llama-3.1-8b-instruct,mmlu_pro_test_05701,0,0.543106,2
mmlu_pro,llama-3.1-8b-instruct,mmlu_pro_test_01840,0,0.104305,5
mmlu_pro,llama-3.1-8b-instruct,mmlu_pro_test_01016,0,0.311004,3
mmlu_pro,llama-3.1-8b-instruct,mmlu_pro_test_04162,1,0.848507,2
mmlu_pro,llama-3.1-8b-instruct,mmlu_pro_test_00847,1,0.793532,3
mmlu_pro,llama-3.1-8b-instruct,mmlu_pro_test_06902,0,0.434847,2
mmlu_pro,llama-3.1-8b-instruct,mmlu_pro_test_06564,0,0.72816,4
mmlu_pro,llama-3.1-8b-instruct,mmlu_pro_test_00290,1,0.311537,1
mmlu_pro,llama-3.1-8b-instruct,mmlu_pro_test_07407,0,0.330008,5
mmlu_pro,llama-3.1-8b-instruct,mmlu_pro_test_03035,0,0.19091,2
mmlu_pro,llama-3.1-8b-instruct,mmlu_pro_test_05652,1,0.269526,4
mmlu_pro,llama-3.1-8b-instruct,mmlu_pro_test_03553,1,0.873872,2
mmlu_pro,llama-3.1-8b-instruct,mmlu_pro_test_07409,0,0.413637,3
mmlu_pro,llama-3.1-8b-instruct,mmlu_pro_test_02082,1,0.433919,1
mmlu_pro,llama-3.1-8b-instruct,mmlu_pro_test_00835,0,0.828415,3
mmlu_pro,llama-3.1-8b-instruct,mmlu_pro_test_00148,1,0.550775,4
mmlu_pro,llama-3.1-8b-instruct,mmlu_pro_test_01955,1,0.818543,4
mmlu_pro,llama-3.1-8b-instruct,mmlu_pro_test_07553,1,0.823519,1
mmlu_pro,llama-3.1-8b-instruct,mmlu_pro_test_02680,1,0.866797,5
mmlu_pro,llama-3.1-8b-instruct,mmlu_pro_test_05719,1,0.814908,2
mmlu_pro,llama-3.1-8b-instruct,mmlu_pro_test_05964,0,0.468051,5
mmlu_pro,llama-3.1-8b-instruct,mmlu_pro_test_03334,1,0.860848,4
mmlu_pro,llama-3.1-8b-instruct,mmlu_pro_test_02685,1,0.823001,3
mmlu_pro,llama-3.1-8b-instruct,mmlu_pro_test_00679,0,0.237187,4
mmlu_pro,llama-3.1-8b-instruct,mmlu_pro_test_03095,1,0.846658,5
mmlu_pro,llama-3.1-8b-instruct,mmlu_pro_test_01253,0,0.340892,2
mmlu_pro,llama-3.1-8b-instruct,mmlu_pro_test_04551,0,0.708585,1
mmlu_pro,llama-3.1-8b-instruct,mmlu_pro_test_03358,1,0.7617,5
mmlu_pro,llama-3.1-8b-instruct,mmlu_pro_test_04484,1,0.627911,2
mmlu_pro,llama-3.1-8b-instruct,mmlu_pro_test_06597,1,0.709071,4
mmlu_pro,llama-3.1-8b-instruct,mmlu_pro_test_07171,0,0.359197,2
mmlu_pro,llama-3.1-8b-instruct,mmlu_pro_test_10161,1,0.679383,5
mmlu_pro,llama-3.1-8b-instruct,mmlu_pro_test_10710,0,0.281819,2
mmlu_pro,llama-3.1-8b-instruct,mmlu_pro_test_10933,0,0.379942,2
mmlu_pro,llama-3.1-8b-instruct,mmlu_pro_test_02554,1,0.581908,5
mmlu_pro,llama-3.1-8b-instruct,mmlu_pro_test_00063,1,0.70706,4
mmlu_pro,llama-3.1-8b-instruct,mmlu_pro_test_05917,1,0.691966,1
mmlu_pro,llama-3.1-8b-instruct,mmlu_pro_test_04862,1,0.461266,1
mmlu_pro,llama-3.1-8b-instruct,mmlu_pro_test_02974,1,0.812573,3
mmlu_pro,llama-3.1-8b-instruct,mmlu_pro_test_06039,0,0.161875,5
mmlu_pro,llama-3.1-8b-instruct,mmlu_pro_test_05836,0,0.855361,4
mmlu_pro,llama-3.1-8b-instruct,mmlu_pro_test_01171,1,0.27018,3
mmlu_pro,llama-3.1-8b-instruct,mmlu_pro_test_03828,0,0.091057,1
mmlu_pro,llama-3.1-8b-instruct,mmlu_pro_test_02519,0,0.463846,2
mmlu_pro,llama-3.1-8b-instruct,mmlu_pro_test_04482,0,0.173314,5
mmlu_pro,llama-3.1-8b-instruct,mmlu_pro_test_05468,0,0.437255,2
mmlu_pro,llama-3.1-8b-instruct,mmlu_pro_test_02351,0,0.279667,2
mmlu_pro,llama-3.1-8b-instruct,mmlu_pro_test_05903,0,0.41486,5
mmlu_pro,llama-3.1-8b-instruct,mmlu_pro_test_08359,1,0.127792,5
mmlu_pro,llama-3.1-8b-instruct,mmlu_pro_test_07824,1,0.286423,3
mmlu_pro,llama-3.1-8b-instruct,mmlu_pro_test_02611,1,0.30588,3
mmlu_pro,llama-3.1-8b-instruct,mmlu_pro_test_05402,1,0.600699,1
mmlu_pro,llama-3.1-8b-instruct,mmlu_pro_test_10603,0,0.119711,2
mmlu_pro,llama-3.1-8b-instruct,mmlu_pro_test_08635,1,0.588557,1
mmlu_pro,llama-3.1-8b-instruct,mmlu_pro_test_03332,1,0.848289,5
mmlu_pro,llama-3.1-8b-instruct,mmlu_pro_test_02894,1,0.84011,3
mmlu_pro,llama-3.1-8b-instruct,mmlu_pro_test_05078,0,0.143274,4
mmlu_pro,llama-3.1-8b-instruct,mmlu_pro_test_06796,0,0.151712,1
mmlu_pro,llama-3.1-8b-instruct,mmlu_pro_test_03599,1,0.436529,4
mmlu_pro,llama-3.1-8b-instruct,mmlu_pro_test_00760,1,0.835086,1
mmlu_pro,llama-3.1-8b-instruct,mmlu_pro_test_04202,0,0.515738,2
mmlu_pro,llama-3.1-8b-instruct,mmlu_pro_test_09857,1,0.142459,4
mmlu_pro,llama-3.1-8b-instruct,mmlu_pro_test_08495,0,0.781208,5
mmlu_pro,llama-3.1-8b-instruct,mmlu_pro_test_03209,1,0.854626,3
mmlu_pro,llama-3.1-8b-instruct,mmlu_pro_test_10063,0,0.551779,5
mmlu_pro,llama-3.1-8b-instruct,mmlu_pro_test_00615,1,0.573084,4
mmlu_pro,llama-3.1-8b-instruct,mmlu_pro_test_05705,0,0.820298,2
mmlu_pro,llama-3.1-8b-instruct,mmlu_pro_test_07399,0,0.191709,3
mmlu_pro,llama-3.1-8b-instruct,mmlu_pro_test_06998,0,0.55867,3
mmlu_pro,llama-3.1-8b-instruct,mmlu_pro_test_09958,0,0.309019,3
mmlu_pro,llama-3.1-8b-instruct,mmlu_pro_test_08469,0,0.549228,2
mmlu_pro,llama-3.1-8b-instruct,mmlu_pro_test_01148,0,0.049519,2
mmlu_pro,llama-3.1-8b-instruct,mmlu_pro_test_11493,0,0.698301,4
mmlu_pro,llama-3.1-8b-instruct,mmlu_pro_test_05569,1,0.54793,3
mmlu_pro,llama-3.1-8b-instruct,mmlu_pro_test_07474,1,0.236254,4
mmlu_pro,llama-3.1-8b-instruct,mmlu_pro_test_06040,0,0.460703,3
mmlu_pro,llama-3.1-8b-instruct,mmlu_pro_test_07001,0,0.291174,5
mmlu_pro,llama-3.1-8b-instruct,mmlu_pro_test_02051,1,0.346678,5
mmlu_pro,llama-3.1-8b-instruct,mmlu_pro_test_04100,1,0.427517,4
mmlu_pro,llama-3.1-8b-instruct,mmlu_pro_test_09610,1,0.492247,4
mmlu_pro,llama-3.1-8b-instruct,mmlu_pro_test_05537,1,0.655339,2
mmlu_pro,llama-3.1-8b-instruct,mmlu_pro_test_01333,0,0.470796,5
mmlu_pro,llama-3.1-8b-instruct,mmlu_pro_test_06133,1,0.266003,2
mmlu_pro,llama-3.1-8b-instruct,mmlu_pro_test_03392,1,0.856279,2
mmlu_pro,llama-3.1-8b-instruct,mmlu_pro_test_05891,1,0.73985,5
mmlu_pro,llama-3.1-8b-instruct,mmlu_pro_test_09680,0,0.829313,1
mmlu_pro,llama-3.1-8b-instruct,mmlu_pro_test_07864,1,0.877323,2
mmlu_pro,llama-3.1-8b-instruct,mmlu_pro_test_10359,0,0.070788,4
mmlu_pro,llama-3.1-8b-instruct,mmlu_pro_test_09116,1,0.657658,5
mmlu_pro,llama-3.1-8b-instruct,mmlu_pro_test_03160,1,0.832636,2
mmlu_pro,llama-3.1-8b-instruct,mmlu_pro_test_05953,0,0.234433,3
mmlu_pro,llama-3.1-8b-instruct,mmlu_pro_test_06665,1,0.850514,5
mmlu_pro,llama-3.1-8b-instruct,mmlu_pro_test_00951,0,0.245484,2
mmlu_pro,llama-3.1-8b-instruct,mmlu_pro_test_01147,0,0.293763,1
mmlu_pro,llama-3.1-8b-instruct,mmlu_pro_test_02100,1,0.352065,3
mmlu_pro,llama-3.1-8b-instruct,mmlu_pro_test_07754,0,0.062923,2
mmlu_pro,llama-3.1-8b-instruct,mmlu_pro_test_08358,1,0.841892,2
mmlu_pro,llama-3.1-8b-instruct,mmlu_pro_test_03016,1,0.857824,5
mmlu_pro,llama-3.1-8b-instruct,mmlu_pro_test_10309,1,0.457621,1
mmlu_pro,llama-3.1-8b-instruct,mmlu_pro_test_03865,1,0.644366,3
mmlu_pro,llama-3.1-8b-instruct,mmlu_pro_test_02632,1,0.834011,1
mmlu_pro,llama-3.1-8b-instruct,mmlu_pro_test_05955,0,0.389039,1
mmlu_pro,llama-3.1-8b-instruct,mmlu_pro_test_10219,1,0.303564,2
mmlu_pro,llama-3.1-8b-instruct,mmlu_pro_test_06629,0,0.252042,1
mmlu_pro,llama-3.1-8b-instruct,mmlu_pro_test_07287,0,0.099861,4
mmlu_pro,llama-3.1-8b-instruct,mmlu_pro_test_01963,1,0.838035,4
mmlu_pro,llama-3.1-8b-instruct,mmlu_pro_test_02633,1,0.80674,5
mmlu_pro,llama-3.1-8b-instruct,mmlu_pro_test_02873,1,0.610786,2
trivia_qa,llama-3.1-8b-instruct,trivia_qa_validation_01109,1,0.786526,3
trivia_qa,llama-3.1-8b-instruct,trivia_qa_validation_01470,1,0.816981,5
trivia_qa,llama-3.1-8b-instruct,trivia_qa_validation_17430,1,0.698413,5
trivia_qa,llama-3.1-8b-instruct,trivia_qa_validation_04391,0,0.329868,4
trivia_qa,llama-3.1-8b-instruct,trivia_qa_validation_02655,1,0.460956,2
trivia_qa,llama-3.1-8b-instruct,trivia_qa_validation_00167,0,0.784598,4
trivia_qa,llama-3.1-8b-instruct,trivia_qa_validation_07784,1,0.911668,5
trivia_qa,llama-3.1-8b-instruct,trivia_qa_validation_12374,0,0.243958,2
trivia_qa,llama-3.1-8b-instruct,trivia_qa_validation_04621,0,0.678528,3
trivia_qa,llama-3.1-8b-instruct,trivia_qa_validation_08546,0,0.534816,2
trivia_qa,llama-3.1-8b-instruct,trivia_qa_validation_15389,0,0.783235,2
trivia_qa,llama-3.1-8b-instruct,trivia_qa_validation_04524,0,0.083327,5
trivia_qa,llama-3.1-8b-instruct,trivia_qa_validation_07587,0,0.221171,4
trivia_qa,llama-3.1-8b-instruct,trivia_qa_validation_17249,1,0.869819,2
trivia_qa,llama-3.1-8b-instruct,trivia_qa_validation_03990,1,0.5553,2
trivia_qa,llama-3.1-8b-instruct,trivia_qa_validation_07948,0,0.289345,3
trivia_qa,llama-3.1-8b-instruct,trivia_qa_validation_03732,1,0.414203,5
trivia_qa,llama-3.1-8b-instruct,trivia_qa_validation_17663,0,0.715641,5
trivia_qa,llama-3.1-8b-instruct,trivia_qa_validation_14175,1,0.670634,4
trivia_qa,llama-3.1-8b-instruct,trivia_qa_validation_11569,1,0.247272,3
trivia_qa,llama-3.1-8b-instruct,trivia_qa_validation_11279,1,0.844985,4
trivia_qa,llama-3.1-8b-instruct,trivia_qa_validation_07694,1,0.866443,4
trivia_qa,llama-3.1-8b-instruct,trivia_qa_validation_10119,1,0.839635,3
trivia_qa,llama-3.1-8b-instruct,trivia_qa_validation_13020,1,0.869632,1
trivia_qa,llama-3.1-8b-instruct,trivia_qa_validation_07528,0,0.853531,4
trivia_qa,llama-3.1-8b-instruct,trivia_qa_validation_06018,1,0.436363,1
trivia_qa,llama-3.1-8b-instruct,trivia_qa_validation_09962,1,0.678563,4
trivia_qa,llama-3.1-8b-instruct,trivia_qa_validation_14924,1,0.689883,1
trivia_qa,llama-3.1-8b-instruct,trivia_qa_validation_02562,1,0.87169,1
trivia_qa,llama-3.1-8b-instruct,trivia_qa_validation_04299,0,0.798754,4
trivia_qa,llama-3.1-8b-instruct,trivia_qa_validation_11200,1,0.546656,2
trivia_qa,llama-3.1-8b-instruct,trivia_qa_validation_12688,1,0.858256,2
trivia_qa,llama-3.1-8b-instruct,trivia_qa_validation_09855,1,0.858485,3
trivia_qa,llama-3.1-8b-instruct,trivia_qa_validation_05061,1,0.864479,3
trivia_qa,llama-3.1-8b-instruct,trivia_qa_validation_12868,0,0.686294,4
trivia_qa,llama-3.1-8b-instruct,trivia_qa_validation_11411,0,0.359804,2
trivia_qa,llama-3.1-8b-instruct,trivia_qa_validation_16167,1,0.855075,3
trivia_qa,llama-3.1-8b-instruct,trivia_qa_validation_07276,1,0.783598,3
trivia_qa,llama-3.1-8b-instruct,trivia_qa_validation_06309,1,0.859865,2
trivia_qa,llama-3.1-8b-instruct,trivia_qa_validation_02388,0,0.57921,4
trivia_qa,llama-3.1-8b-instruct,trivia_qa_validation_11514,0,0.120905,5
trivia_qa,llama-3.1-8b-instruct,trivia_qa_validation_17551,1,0.564444,3
trivia_qa,llama-3.1-8b-instruct,trivia_qa_validation_06082,0,0.287635,4
trivia_qa,llama-3.1-8b-instruct,trivia_qa_validation_01768,1,0.7827,1
trivia_qa,llama-3.1-8b-instruct,trivia_qa_validation_07828,1,0.856619,4
trivia_qa,llama-3.1-8b-instruct,trivia_qa_validation_05245,0,0.462101,2
trivia_qa,llama-3.1-8b-instruct,trivia_qa_validation_00707,1,0.867887,4
trivia_qa,llama-3.1-8b-instruct,trivia_qa_validation_10470,1,0.426102,4
trivia_qa,llama-3.1-8b-instruct,trivia_qa_validation_09051,0,0.261379,5
trivia_qa,llama-3.1-8b-instruct,trivia_qa_validation_01134,1,0.795661,3
trivia_qa,llama-3.1-8b-instruct,trivia_qa_validation_15086,1,0.876621,4
trivia_qa,llama-3.1-8b-instruct,trivia_qa_validation_00992,1,0.691744,2
trivia_qa,llama-3.1-8b-instruct,trivia_qa_validation_08306,1,0.865546,1
trivia_qa,llama-3.1-8b-instruct,trivia_qa_validation_15787,1,0.869094,1
trivia_qa,llama-3.1-8b-instruct,trivia_qa_validation_10288,1,0.815544,4
trivia_qa,llama-3.1-8b-instruct,trivia_qa_validation_05974,0,0.79795,1
trivia_qa,llama-3.1-8b-instruct,trivia_qa_validation_09595,1,0.844033,5
trivia_qa,llama-3.1-8b-instruct,trivia_qa_validation_14968,1,0.413951,3
trivia_qa,llama-3.1-8b-instruct,trivia_qa_validation_07189,1,0.7957,1
trivia_qa,llama-3.1-8b-instruct,trivia_qa_validation_17148,1,0.538318,2
trivia_qa,llama-3.1-8b-instruct,trivia_qa_validation_08616,1,0.706198,5
trivia_qa,llama-3.1-8b-instruct,trivia_qa_validation_10437,1,0.868505,1
trivia_qa,llama-3.1-8b-instruct,trivia_qa_validation_01348,1,0.860393,2
trivia_qa,llama-3.1-8b-instruct,trivia_qa_validation_07367,1,0.792768,1
trivia_qa,llama-3.1-8b-instruct,trivia_qa_validation_08505,0,0.310532,2
trivia_qa,llama-3.1-8b-instruct,trivia_qa_validation_14168,1,0.793426,4
trivia_qa,llama-3.1-8b-instruct,trivia_qa_validation_06174,1,0.854896,3
trivia_qa,llama-3.1-8b-instruct,trivia_qa_validation_06963,1,0.868294,1
trivia_qa,llama-3.1-8b-instruct,trivia_qa_validation_15639,0,0.146654,4
trivia_qa,llama-3.1-8b-instruct,trivia_qa_validation_16501,0,0.141176,3
trivia_qa,llama-3.1-8b-instruct,trivia_qa_validation_06651,1,0.213328,5
trivia_qa,llama-3.1-8b-instruct,trivia_qa_validation_13081,0,0.346793,3
trivia_qa,llama-3.1-8b-instruct,trivia_qa_validation_03557,0,0.362399,5
trivia_qa,llama-3.1-8b-instruct,trivia_qa_validation_02866,1,0.863716,4
trivia_qa,llama-3.1-8b-instruct,trivia_qa_validation_01079,0,0.106141,1
trivia_qa,llama-3.1-8b-instruct,trivia_qa_validation_07959,0,0.170244,5
trivia_qa,llama-3.1-8b-instruct,trivia_qa_validation_01227,1,0.858409,5
trivia_qa,llama-3.1-8b-instruct,trivia_qa_validation_09862,0,0.147734,5
trivia_qa,llama-3.1-8b-instruct,trivia_qa_validation_07086,0,0.80284,2
trivia_qa,llama-3.1-8b-instruct,trivia_qa_validation_07099,1,0.866472,1
trivia_qa,llama-3.1-8b-instruct,trivia_qa_validation_11597,1,0.211252,3
trivia_qa,llama-3.1-8b-instruct,trivia_qa_validation_17346,1,0.575861,5
trivia_qa,llama-3.1-8b-instruct,trivia_qa_validation_07893,1,0.870191,1
trivia_qa,llama-3.1-8b-instruct,trivia_qa_validation_16320,1,0.529448,5
trivia_qa,llama-3.1-8b-instruct,trivia_qa_validation_07580,1,0.799755,1
trivia_qa,llama-3.1-8b-instruct,trivia_qa_validation_05626,1,0.44137,1
trivia_qa,llama-3.1-8b-instruct,trivia_qa_validation_14109,1,0.64201,3
trivia_qa,llama-3.1-8b-instruct,trivia_qa_validation_16883,1,0.84709,4
trivia_qa,llama-3.1-8b-instruct,trivia_qa_validation_14588,0,0.371814,5
trivia_qa,llama-3.1-8b-instruct,trivia_qa_validation_00556,1,0.328137,2
trivia_qa,llama-3.1-8b-instruct,trivia_qa_validation_06013,0,0.196423,4
trivia_qa,llama-3.1-8b-instruct,trivia_qa_validation_13577,1,0.847179,3
trivia_qa,llama-3.1-8b-instruct,trivia_qa_validation_17892,1,0.880898,2
trivia_qa,llama-3.1-8b-instruct,trivia_qa_validation_16619,1,0.402036,2
trivia_qa,llama-3.1-8b-instruct,trivia_qa_validation_16346,0,0.727487,4
trivia_qa,llama-3.1-8b-instruct,trivia_qa_validation_17493,0,0.876088,5
trivia_qa,llama-3.1-8b-instruct,trivia_qa_validation_06472,1,0.868841,1
trivia_qa,llama-3.1-8b-instruct,trivia_qa_validation_12409,0,0.315194,5
trivia_qa,llama-3.1-8b-instruct,trivia_qa_validation_13085,0,0.340267,1
trivia_qa,llama-3.1-8b-instruct,trivia_qa_validation_13882,0,0.556722,1
trivia_qa,llama-3.1-8b-instruct,trivia_qa_validation_02030,0,0.511463,5
trivia_qa,llama-3.1-8b-instruct,trivia_qa_validation_02558,1,0.799982,5
trivia_qa,llama-3.1-8b-instruct,trivia_qa_validation_09754,1,0.769041,4
trivia_qa,llama-3.1-8b-instruct,trivia_qa_validation_03930,0,0.330377,5
trivia_qa,llama-3.1-8b-instruct,trivia_qa_validation_17373,0,0.124923,5
trivia_qa,llama-3.1-8b-instruct,trivia_qa_validation_00354,0,0.564424,2
trivia_qa,llama-3.1-8b-instruct,trivia_qa_validation_14823,1,0.871826,1
trivia_qa,llama-3.1-8b-instruct,trivia_qa_validation_11064,0,0.445584,2
trivia_qa,llama-3.1-8b-instruct,trivia_qa_validation_14595,1,0.875522,5
trivia_qa,llama-3.1-8b-instruct,trivia_qa_validation_00743,1,0.869526,3
trivia_qa,llama-3.1-8b-instruct,trivia_qa_validation_02892,0,0.262409,2
trivia_qa,llama-3.1-8b-instruct,trivia_qa_validation_17899,0,0.712629,5
trivia_qa,llama-3.1-8b-instruct,trivia_qa_validation_10125,1,0.870943,1
trivia_qa,llama-3.1-8b-instruct,trivia_qa_validation_11686,1,0.868397,1
trivia_qa,llama-3.1-8b-instruct,trivia_qa_validation_16317,1,0.834808,3
trivia_qa,llama-3.1-8b-instruct,trivia_qa_validation_12332,1,0.380664,1
trivia_qa,llama-3.1-8b-instruct,trivia_qa_validation_03235,0,0.197709,3
trivia_qa,llama-3.1-8b-instruct,trivia_qa_validation_15146,1,0.855799,2
trivia_qa,llama-3.1-8b-instruct,trivia_qa_validation_07402,0,0.687428,4
trivia_qa,llama-3.1-8b-instruct,trivia_qa_validation_01772,0,0.866923,1
trivia_qa,llama-3.1-8b-instruct,trivia_qa_validation_04069,1,0.783331,3
trivia_qa,llama-3.1-8b-instruct,trivia_qa_validation_11524,0,0.278039,4
trivia_qa,llama-3.1-8b-instruct,trivia_qa_validation_17778,0,0.848462,2
trivia_qa,llama-3.1-8b-instruct,trivia_qa_validation_04834,1,0.789872,1
trivia_qa,llama-3.1-8b-instruct,trivia_qa_validation_03380,1,0.680302,1
trivia_qa,llama-3.1-8b-instruct,trivia_qa_validation_13761,1,0.81489,5
trivia_qa,llama-3.1-8b-instruct,trivia_qa_validation_00437,1,0.900165,5
trivia_qa,llama-3.1-8b-instruct,trivia_qa_validation_04003,1,0.786649,1
trivia_qa,llama-3.1-8b-instruct,trivia_qa_validation_02667,0,0.481875,1
trivia_qa,llama-3.1-8b-instruct,trivia_qa_validation_04104,1,0.762862,2
trivia_qa,llama-3.1-8b-instruct,trivia_qa_validation_16915,1,0.851724,3
trivia_qa,llama-3.1-8b-instruct,trivia_qa_validation_10323,0,0.774735,5
trivia_qa,llama-3.1-8b-instruct,trivia_qa_validation_12112,0,0.894605,5
trivia_qa,llama-3.1-8b-instruct,trivia_qa_validation_17283,1,0.405755,5
trivia_qa,llama-3.1-8b-instruct,trivia_qa_validation_02696,1,0.785335,2
trivia_qa,llama-3.1-8b-instruct,trivia_qa_validation_10310,0,0.359019,4
trivia_qa,llama-3.1-8b-instruct,trivia_qa_validation_11547,1,0.868476,1
trivia_qa,llama-3.1-8b-instruct,trivia_qa_validation_14340,1,0.741876,5
trivia_qa,llama-3.1-8b-instruct,trivia_qa_validation_14573,0,0.867471,1
trivia_qa,llama-3.1-8b-instruct,trivia_qa_validation_07158,0,0.545897,2
trivia_qa,llama-3.1-8b-instruct,trivia_qa_validation_07315,1,0.792925,1
trivia_qa,llama-3.1-8b-instruct,trivia_qa_validation_13922,1,0.853739,4
trivia_qa,llama-3.1-8b-instruct,trivia_qa_validation_11533,1,0.857914,3
trivia_qa,llama-3.1-8b-instruct,trivia_qa_validation_09351,1,0.156129,4
trivia_qa,llama-3.1-8b-instruct,trivia_qa_validation_00248,1,0.680558,1
trivia_qa,llama-3.1-8b-instruct,trivia_qa_validation_14521,1,0.749808,4
trivia_qa,llama-3.1-8b-instruct,trivia_qa_validation_05091,1,0.864108,2
trivia_qa,llama-3.1-8b-instruct,trivia_qa_validation_01668,1,0.87381,5
trivia_qa,llama-3.1-8b-instruct,trivia_qa_validation_01359,1,0.854053,2
trivia_qa,llama-3.1-8b-instruct,trivia_qa_validation_04596,1,0.742881,3
trivia_qa,llama-3.1-8b-instruct,trivia_qa_validation_17637,1,0.874296,1
trivia_qa,llama-3.1-8b-instruct,trivia_qa_validation_17819,1,0.703665,3
trivia_qa,llama-3.1-8b-instruct,trivia_qa_validation_08170,1,0.85858,4
trivia_qa,llama-3.1-8b-instruct,trivia_qa_validation_06812,1,0.724377,2
trivia_qa,llama-3.1-8b-instruct,trivia_qa_validation_08506,0,0.110786,5
trivia_qa,llama-3.1-8b-instruct,trivia_qa_validation_12656,1,0.445836,3
trivia_qa,llama-3.1-8b-instruct,trivia_qa_validation_07327,0,0.427493,1
trivia_qa,llama-3.1-8b-instruct,trivia_qa_validation_07022,1,0.902714,5
trivia_qa,llama-3.1-8b-instruct,trivia_qa_validation_04357,1,0.767908,5
trivia_qa,llama-3.1-8b-instruct,trivia_qa_validation_14731,1,0.877638,4
trivia_qa,llama-3.1-8b-instruct,trivia_qa_validation_10475,0,0.697717,4
trivia_qa,llama-3.1-8b-instruct,trivia_qa_validation_01812,1,0.863815,4
trivia_qa,llama-3.1-8b-instruct,trivia_qa_validation_16058,1,0.775648,2
trivia_qa,llama-3.1-8b-instruct,trivia_qa_validation_02111,0,0.717081,4
trivia_qa,llama-3.1-8b-instruct,trivia_qa_validation_00115,1,0.801845,3
trivia_qa,llama-3.1-8b-instruct,trivia_qa_validation_12647,0,0.474361,4
trivia_qa,llama-3.1-8b-instruct,trivia_qa_validation_05643,0,0.435129,3
trivia_qa,llama-3.1-8b-instruct,trivia_qa_validation_16766,0,0.559165,3
trivia_qa,llama-3.1-8b-instruct,trivia_qa_validation_14883,0,0.377257,4
trivia_qa,llama-3.1-8b-instruct,trivia_qa_validation_13284,0,0.445577,2
trivia_qa,llama-3.1-8b-instruct,trivia_qa_validation_10004,1,0.736675,5
trivia_qa,llama-3.1-8b-instruct,trivia_qa_validation_16699,1,0.769653,2
trivia_qa,llama-3.1-8b-instruct,trivia_qa_validation_09986,1,0.427058,3
trivia_qa,llama-3.1-8b-instruct,trivia_qa_validation_17420,0,0.304523,2
trivia_qa,llama-3.1-8b-instruct,trivia_qa_validation_01836,0,0.48855,3
trivia_qa,llama-3.1-8b-instruct,trivia_qa_validation_07897,0,0.138691,1
trivia_qa,llama-3.1-8b-instruct,trivia_qa_validation_16863,0,0.532682,3
trivia_qa,llama-3.1-8b-instruct,trivia_qa_validation_00593,1,0.860851,4
trivia_qa,llama-3.1-8b-instruct,trivia_qa_validation_02317,1,0.212016,2
trivia_qa,llama-3.1-8b-instruct,trivia_qa_validation_10344,0,0.216723,3
trivia_qa,llama-3.1-8b-instruct,trivia_qa_validation_03416,0,0.165678,2
trivia_qa,llama-3.1-8b-instruct,trivia_qa_validation_16755,1,0.802474,4
trivia_qa,llama-3.1-8b-instruct,trivia_qa_validation_16919,1,0.679099,4
trivia_qa,llama-3.1-8b-instruct,trivia_qa_validation_03355,0,0.172062,2
trivia_qa,llama-3.1-8b-instruct,trivia_qa_validation_05589,1,0.882354,5
trivia_qa,llama-3.1-8b-instruct,trivia_qa_validation_12465,1,0.446971,5
trivia_qa,llama-3.1-8b-instruct,trivia_qa_validation_03861,0,0.113525,4
trivia_qa,llama-3.1-8b-instruct,trivia_qa_validation_15751,1,0.856705,4
trivia_qa,llama-3.1-8b-instruct,trivia_qa_validation_15744,0,0.795283,1
trivia_qa,llama-3.1-8b-instruct,trivia_qa_validation_01891,1,0.568175,1
trivia_qa,llama-3.1-8b-instruct,trivia_qa_validation_15454,1,0.761531,5
trivia_qa,llama-3.1-8b-instruct,trivia_qa_validation_13058,1,0.864946,1
trivia_qa,llama-3.1-8b-instruct,trivia_qa_validation_13834,1,0.418035,5
trivia_qa,llama-3.1-8b-instruct,trivia_qa_validation_10481,0,0.106917,1
trivia_qa,llama-3.1-8b-instruct,trivia_qa_validation_04100,0,0.773979,3
trivia_qa,llama-3.1-8b-instruct,trivia_qa_validation_13536,1,0.774686,1
trivia_qa,llama-3.1-8b-instruct,trivia_qa_validation_04424,1,0.844683,3
trivia_qa,llama-3.1-8b-instruct,trivia_qa_validation_02273,0,0.910087,5
trivia_qa,llama-3.1-8b-instruct,trivia_qa_validation_01170,1,0.858937,2
trivia_qa,llama-3.1-8b-instruct,trivia_qa_validation_14424,0,0.867104,1
trivia_qa,llama-3.1-8b-instruct,trivia_qa_validation_04291,1,0.367599,4
trivia_qa,llama-3.1-8b-instruct,trivia_qa_validation_00715,1,0.787827,1
trivia_qa,llama-3.1-8b-instruct,trivia_qa_validation_00283,1,0.475802,5
trivia_qa,llama-3.1-8b-instruct,trivia_qa_validation_02416,1,0.697189,4
trivia_qa,llama-3.1-8b-instruct,trivia_qa_validation_00270,1,0.860072,1
trivia_qa,llama-3.1-8b-instruct,trivia_qa_validation_12272,0,0.774521,4
trivia_qa,llama-3.1-8b-instruct,trivia_qa_validation_08707,1,0.399834,3
trivia_qa,llama-3.1-8b-instruct,trivia_qa_validation_00545,1,0.643083,5
trivia_qa,llama-3.1-8b-instruct,trivia_qa_validation_13981,1,0.897439,5
trivia_qa,llama-3.1-8b-instruct,trivia_qa_validation_06747,1,0.854811,2
trivia_qa,llama-3.1-8b-instruct,trivia_qa_validation_09686,0,0.113943,1
trivia_qa,llama-3.1-8b-instruct,trivia_qa_validation_11251,0,0.860973,2
trivia_qa,llama-3.1-8b-instruct,trivia_qa_validation_15865,1,0.871451,1
trivia_qa,llama-3.1-8b-instruct,trivia_qa_validation_12733,1,0.86888,3
trivia_qa,llama-3.1-8b-instruct,trivia_qa_validation_09434,0,0.441144,2
trivia_qa,llama-3.1-8b-instruct,trivia_qa_validation_04837,1,0.867999,1
trivia_qa,llama-3.1-8b-instruct,trivia_qa_validation_15515,1,0.802961,4
trivia_qa,llama-3.1-8b-instruct,trivia_qa_validation_16047,1,0.859307,5
trivia_qa,llama-3.1-8b-instruct,trivia_qa_validation_04863,1,0.392733,5
trivia_qa,llama-3.1-8b-instruct,trivia_qa_validation_14642,1,0.863747,3
trivia_qa,llama-3.1-8b-instruct,trivia_qa_validation_16744,1,0.388619,2
trivia_qa,llama-3.1-8b-instruct,trivia_qa_validation_01288,0,0.801732,2
trivia_qa,llama-3.1-8b-instruct,trivia_qa_validation_15941,0,0.873191,1
trivia_qa,llama-3.1-8b-instruct,trivia_qa_validation_06632,1,0.679297,4
trivia_qa,llama-3.1-8b-instruct,trivia_qa_validation_02737,1,0.864284,1
trivia_qa,llama-3.1-8b-instruct,trivia_qa_validation_00636,1,0.657886,2
trivia_qa,llama-3.1-8b-instruct,trivia_qa_validation_02472,1,0.664328,3
trivia_qa,llama-3.1-8b-instruct,trivia_qa_validation_08712,1,0.863021,3
trivia_qa,llama-3.1-8b-instruct,trivia_qa_validation_04202,0,0.075616,5
trivia_qa,llama-3.1-8b-instruct,trivia_qa_validation_12330,1,0.472146,5
trivia_qa,llama-3.1-8b-instruct,trivia_qa_validation_17220,1,0.785979,1
trivia_qa,llama-3.1-8b-instruct,trivia_qa_validation_06955,0,0.202349,5
trivia_qa,llama-3.1-8b-instruct,trivia_qa_validation_15566,1,0.148595,4
trivia_qa,llama-3.1-8b-instruct,trivia_qa_validation_10936,1,0.792569,1
trivia_qa,llama-3.1-8b-instruct,trivia_qa_validation_02186,1,0.791605,1
trivia_qa,llama-3.1-8b-instruct,trivia_qa_validation_10355,1,0.783808,2
trivia_qa,llama-3.1-8b-instruct,trivia_qa_validation_06069,1,0.500231,1
trivia_qa,llama-3.1-8b-instruct,trivia_qa_validation_04587,1,0.691213,3
trivia_qa,llama-3.1-8b-instruct,trivia_qa_validation_11038,1,0.880966,5
trivia_qa,llama-3.1-8b-instruct,trivia_qa_validation_00722,1,0.870315,1
trivia_qa,llama-3.1-8b-instruct,trivia_qa_validation_10575,1,0.789367,4
trivia_qa,llama-3.1-8b-instruct,trivia_qa_validation_14904,1,0.851905,4
trivia_qa,llama-3.1-8b-instruct,trivia_qa_validation_17874,1,0.871764,1
trivia_qa,llama-3.1-8b-instruct,trivia_qa_validation_04795,0,0.111666,5
trivia_qa,llama-3.1-8b-instruct,trivia_qa_validation_10105,0,0.168354,2
trivia_qa,llama-3.1-8b-instruct,trivia_qa_validation_05520,1,0.787263,3
trivia_qa,llama-3.1-8b-instruct,trivia_qa_validation_03711,1,0.836579,3
trivia_qa,llama-3.1-8b-instruct,trivia_qa_validation_11604,1,0.149971,4
trivia_qa,llama-3.1-8b-instruct,trivia_qa_validation_13932,1,0.793375,1
trivia_qa,llama-3.1-8b-instruct,trivia_qa_validation_04772,0,0.687045,1
trivia_qa,llama-3.1-8b-instruct,trivia_qa_validation_12312,0,0.879368,4
trivia_qa,llama-3.1-8b-instruct,trivia_qa_validation_00143,0,0.135982,4
trivia_qa,llama-3.1-8b-instruct,trivia_qa_validation_16356,0,0.352062,3
trivia_qa,llama-3.1-8b-instruct,trivia_qa_validation_05430,0,0.489349,3
trivia_qa,llama-3.1-8b-instruct,trivia_qa_validation_07902,0,0.126867,2
trivia_qa,llama-3.1-8b-instruct,trivia_qa_validation_02704,0,0.437598,4
trivia_qa,llama-3.1-8b-instruct,trivia_qa_validation_03370,0,0.875745,5
trivia_qa,llama-3.1-8b-instruct,trivia_qa_validation_09132,0,0.179645,1
trivia_qa,llama-3.1-8b-instruct,trivia_qa_validation_10486,1,0.870528,2
trivia_qa,llama-3.1-8b-instruct,trivia_qa_validation_14741,0,0.591851,1
trivia_qa,llama-3.1-8b-instruct,trivia_qa_validation_00484,1,0.859566,1
trivia_qa,llama-3.1-8b-instruct,trivia_qa_validation_02728,1,0.849032,2
trivia_qa,llama-3.1-8b-instruct,trivia_qa_validation_06667,0,0.560721,4
trivia_qa,llama-3.1-8b-instruct,trivia_qa_validation_02265,0,0.258858,2
trivia_qa,llama-3.1-8b-instruct,trivia_qa_validation_10405,1,0.687945,1
trivia_qa,llama-3.1-8b-instruct,trivia_qa_validation_00148,1,0.863632,5
trivia_qa,llama-3.1-8b-instruct,trivia_qa_validation_04829,0,0.414853,3
trivia_qa,llama-3.1-8b-instruct,trivia_qa_validation_07232,0,0.632876,2
trivia_qa,llama-3.1-8b-instruct,trivia_qa_validation_14234,1,0.870374,4
trivia_qa,llama-3.1-8b-instruct,trivia_qa_validation_05020,1,0.869767,1
trivia_qa,llama-3.1-8b-instruct,trivia_qa_validation_07151,1,0.86051,3
trivia_qa,llama-3.1-8b-instruct,trivia_qa_validation_04086,1,0.692941,4
trivia_qa,llama-3.1-8b-instruct,trivia_qa_validation_15597,0,0.327099,2
trivia_qa,llama-3.1-8b-instruct,trivia_qa_validation_04148,0,0.421245,4
trivia_qa,llama-3.1-8b-instruct,trivia_qa_validation_02766,0,0.562995,1
trivia_qa,llama-3.1-8b-instruct,trivia_qa_validation_07242,1,0.865649,1
trivia_qa,llama-3.1-8b-instruct,trivia_qa_validation_08757,1,0.878216,2
trivia_qa,llama-3.1-8b-instruct,trivia_qa_validation_15944,1,0.853195,4
trivia_qa,llama-3.1-8b-instruct,trivia_qa_validation_03325,0,0.159234,4
trivia_qa,llama-3.1-8b-instruct,trivia_qa_validation_04152,0,0.307877,2
trivia_qa,llama-3.1-8b-instruct,trivia_qa_validation_08334,0,0.352915,2
trivia_qa,llama-3.1-8b-instruct,trivia_qa_validation_02300,1,0.854707,5
trivia_qa,llama-3.1-8b-instruct,trivia_qa_validation_08500,0,0.140967,1
trivia_qa,llama-3.1-8b-instruct,trivia_qa_validation_12394,0,0.17601,2
trivia_qa,llama-3.1-8b-instruct,trivia_qa_validation_03713,1,0.445074,1
trivia_qa,llama-3.1-8b-instruct,trivia_qa_validation_11027,1,0.861427,3
trivia_qa,llama-3.1-8b-instruct,trivia_qa_validation_08979,0,0.244614,1
trivia_qa,llama-3.1-8b-instruct,trivia_qa_validation_06209,1,0.583921,3
trivia_qa,llama-3.1-8b-instruct,trivia_qa_validation_16056,0,0.84594,5
trivia_qa,llama-3.1-8b-instruct,trivia_qa_validation_09720,1,0.57178,1
trivia_qa,llama-3.1-8b-instruct,trivia_qa_validation_16784,1,0.739636,1
trivia_qa,llama-3.1-8b-instruct,trivia_qa_validation_17758,0,0.894465,5
trivia_qa,llama-3.1-8b-instruct,trivia_qa_validation_11982,1,0.858528,2
trivia_qa,llama-3.1-8b-instruct,trivia_qa_validation_03883,1,0.66087,5
trivia_qa,llama-3.1-8b-instruct,trivia_qa_validation_00710,0,0.872452,1
trivia_qa,llama-3.1-8b-instruct,trivia_qa_validation_01443,0,0.337194,4
trivia_qa,llama-3.1-8b-instruct,trivia_qa_validation_00348,1,0.774959,2
trivia_qa,llama-3.1-8b-instruct,trivia_qa_validation_05540,1,0.866283,1
trivia_qa,llama-3.1-8b-instruct,trivia_qa_validation_17936,0,0.377877,1
trivia_qa,llama-3.1-8b-instruct,trivia_qa_validation_04756,1,0.863428,2
trivia_qa,llama-3.1-8b-instruct,trivia_qa_validation_01754,0,0.615494,4
trivia_qa,llama-3.1-8b-instruct,trivia_qa_validation_01899,1,0.885847,5
trivia_qa,llama-3.1-8b-instruct,trivia_qa_validation_00420,0,0.544943,4
trivia_qa,llama-3.1-8b-instruct,trivia_qa_validation_01711,1,0.865375,2
trivia_qa,llama-3.1-8b-instruct,trivia_qa_validation_13181,1,0.867246,2
trivia_qa,llama-3.1-8b-instruct,trivia_qa_validation_15521,0,0.607492,5
trivia_qa,llama-3.1-8b-instruct,trivia_qa_validation_11277,1,0.467756,3
trivia_qa,llama-3.1-8b-instruct,trivia_qa_validation_03142,1,0.346931,2
trivia_qa,llama-3.1-8b-instruct,trivia_qa_validation_03140,1,0.591789,5
trivia_qa,llama-3.1-8b-instruct,trivia_qa_validation_06689,0,0.695383,1
trivia_qa,llama-3.1-8b-instruct,trivia_qa_validation_15502,1,0.785513,4
trivia_qa,llama-3.1-8b-instruct,trivia_qa_validation_14235,1,0.865637,2
trivia_qa,llama-3.1-8b-instruct,trivia_qa_validation_00418,1,0.386325,4
trivia_qa,llama-3.1-8b-instruct,trivia_qa_validation_12824,0,0.645531,3
trivia_qa,llama-3.1-8b-instruct,trivia_qa_validation_00649,0,0.261168,1
trivia_qa,llama-3.1-8b-instruct,trivia_qa_validation_08477,0,0.243032,2
trivia_qa,llama-3.1-8b-instruct,trivia_qa_validation_15011,0,0.772813,5
trivia_qa,llama-3.1-8b-instruct,trivia_qa_validation_11178,1,0.67411,5
trivia_qa,llama-3.1-8b-instruct,trivia_qa_validation_08194,1,0.807474,3
trivia_qa,llama-3.1-8b-instruct,trivia_qa_validation_13169,1,0.785509,4
trivia_qa,llama-3.1-8b-instruct,trivia_qa_validation_09431,0,0.148106,4
trivia_qa,llama-3.1-8b-instruct,trivia_qa_validation_00109,0,0.682942,5
trivia_qa,llama-3.1-8b-instruct,trivia_qa_validation_08678,1,0.862672,5
trivia_qa,llama-3.1-8b-instruct,trivia_qa_validation_06127,1,0.658122,5
trivia_qa,llama-3.1-8b-instruct,trivia_qa_validation_13219,0,0.836971,5
trivia_qa,llama-3.1-8b-instruct,trivia_qa_validation_04599,0,0.664795,2
trivia_qa,llama-3.1-8b-instruct,trivia_qa_validation_01994,0,0.331882,1
trivia_qa,llama-3.1-8b-instruct,trivia_qa_validation_12224,1,0.717562,2
trivia_qa,llama-3.1-8b-instruct,trivia_qa_validation_15179,1,0.556807,4
trivia_qa,llama-3.1-8b-instruct,trivia_qa_validation_07641,1,0.217358,1
trivia_qa,llama-3.1-8b-instruct,trivia_qa_validation_02282,1,0.799141,4
trivia_qa,llama-3.1-8b-instruct,trivia_qa_validation_04513,1,0.863569,2
trivia_qa,llama-3.1-8b-instruct,trivia_qa_validation_01366,0,0.129083,3
trivia_qa,llama-3.1-8b-instruct,trivia_qa_validation_01883,1,0.871473,5
trivia_qa,llama-3.1-8b-instruct,trivia_qa_validation_14255,0,0.338305,5
trivia_qa,llama-3.1-8b-instruct,trivia_qa_validation_00591,0,0.863487,1
trivia_qa,llama-3.1-8b-instruct,trivia_qa_validation_10818,1,0.255659,5
trivia_qa,llama-3.1-8b-instruct,trivia_qa_validation_13177,0,0.698231,1
trivia_qa,llama-3.1-8b-instruct,trivia_qa_validation_16046,1,0.872759,3
trivia_qa,llama-3.1-8b-instruct,trivia_qa_validation_11077,1,0.684572,2
trivia_qa,llama-3.1-8b-instruct,trivia_qa_validation_16190,0,0.785379,2
trivia_qa,llama-3.1-8b-instruct,trivia_qa_validation_16727,0,0.453993,1
trivia_qa,llama-3.1-8b-instruct,trivia_qa_validation_14999,1,0.871636,1
trivia_qa,llama-3.1-8b-instruct,trivia_qa_validation_14350,1,0.759292,2
trivia_qa,llama-3.1-8b-instruct,trivia_qa_validation_13361,1,0.313639,5
trivia_qa,llama-3.1-8b-instruct,trivia_qa_validation_08206,0,0.110368,1
trivia_qa,llama-3.1-8b-instruct,trivia_qa_validation_10955,1,0.868958,2
trivia_qa,llama-3.1-8b-instruct,trivia_qa_validation_03780,1,0.871675,1
trivia_qa,llama-3.1-8b-instruct,trivia_qa_validation_03600,1,0.778942,2
trivia_qa,llama-3.1-8b-instruct,trivia_qa_validation_13199,1,0.735564,5
trivia_qa,llama-3.1-8b-instruct,trivia_qa_validation_00375,1,0.877497,3
trivia_qa,llama-3.1-8b-instruct,trivia_qa_validation_03752,1,0.872631,1
trivia_qa,llama-3.1-8b-instruct,trivia_qa_validation_10641,0,0.337666,5
trivia_qa,llama-3.1-8b-instruct,trivia_qa_validation_06744,1,0.855668,2
trivia_qa,llama-3.1-8b-instruct,trivia_qa_validation_01081,1,0.861659,2
trivia_qa,llama-3.1-8b-instruct,trivia_qa_validation_03172,0,0.199543,3
trivia_qa,llama-3.1-8b-instruct,trivia_qa_validation_17673,1,0.850131,2
trivia_qa,llama-3.1-8b-instruct,trivia_qa_validation_14895,0,0.534451,4
trivia_qa,llama-3.1-8b-instruct,trivia_qa_validation_00787,1,0.537099,2
trivia_qa,llama-3.1-8b-instruct,trivia_qa_validation_08496,0,0.869746,1
trivia_qa,llama-3.1-8b-instruct,trivia_qa_validation_00277,1,0.796486,3
trivia_qa,llama-3.1-8b-instruct,trivia_qa_validation_04031,1,0.865524,1
trivia_qa,llama-3.1-8b-instruct,trivia_qa_validation_04619,0,0.172166,3
trivia_qa,llama-3.1-8b-instruct,trivia_qa_validation_09944,0,0.627052,2
trivia_qa,llama-3.1-8b-instruct,trivia_qa_validation_10365,1,0.860323,4
trivia_qa,llama-3.1-8b-instruct,trivia_qa_validation_04211,1,0.851339,3
trivia_qa,llama-3.1-8b-instruct,trivia_qa_validation_01224,1,0.873894,5
trivia_qa,llama-3.1-8b-instruct,trivia_qa_validation_00412,0,0.872448,1
trivia_qa,llama-3.1-8b-instruct,trivia_qa_validation_08936,1,0.329629,2
trivia_qa,llama-3.1-8b-instruct,trivia_qa_validation_06107,1,0.313525,4
trivia_qa,llama-3.1-8b-instruct,trivia_qa_validation_13149,0,0.214293,4
trivia_qa,llama-3.1-8b-instruct,trivia_qa_validation_00608,0,0.648807,5
trivia_qa,llama-3.1-8b-instruct,trivia_qa_validation_13701,1,0.216335,5
trivia_qa,llama-3.1-8b-instruct,trivia_qa_validation_04562,1,0.786068,3
trivia_qa,llama-3.1-8b-instruct,trivia_qa_validation_09516,1,0.507439,4
trivia_qa,llama-3.1-8b-instruct,trivia_qa_validation_02833,1,0.762374,4
trivia_qa,llama-3.1-8b-instruct,trivia_qa_validation_00073,0,0.327186,4
trivia_qa,llama-3.1-8b-instruct,trivia_qa_validation_02820,0,0.338656,1
trivia_qa,llama-3.1-8b-instruct,trivia_qa_validation_07941,1,0.846525,4
trivia_qa,llama-3.1-8b-instruct,trivia_qa_validation_00450,1,0.790908,3
trivia_qa,llama-3.1-8b-instruct,trivia_qa_validation_11885,1,0.760035,5
trivia_qa,llama-3.1-8b-instruct,trivia_qa_validation_09049,0,0.262793,3
trivia_qa,llama-3.1-8b-instruct,trivia_qa_validation_15912,1,0.773196,5
trivia_qa,llama-3.1-8b-instruct,trivia_qa_validation_05976,0,0.689059,1
trivia_qa,llama-3.1-8b-instruct,trivia_qa_validation_12227,1,0.764129,4
trivia_qa,llama-3.1-8b-instruct,trivia_qa_validation_07174,1,0.854477,3
trivia_qa,llama-3.1-8b-instruct,trivia_qa_validation_15395,1,0.684346,1
trivia_qa,llama-3.1-8b-instruct,trivia_qa_validation_12988,1,0.865989,2
trivia_qa,llama-3.1-8b-instruct,trivia_qa_validation_02995,1,0.712846,2
trivia_qa,llama-3.1-8b-instruct,trivia_qa_validation_00899,1,0.536204,4
trivia_qa,llama-3.1-8b-instruct,trivia_qa_validation_09891,1,0.817171,5
trivia_qa,llama-3.1-8b-instruct,trivia_qa_validation_17099,1,0.867448,3
trivia_qa,llama-3.1-8b-instruct,trivia_qa_validation_16828,1,0.700467,4
trivia_qa,llama-3.1-8b-instruct,trivia_qa_validation_00780,0,0.593679,3
trivia_qa,llama-3.1-8b-instruct,trivia_qa_validation_10939,1,0.867382,1
trivia_qa,llama-3.1-8b-instruct,trivia_qa_validation_00686,1,0.900886,5
trivia_qa,llama-3.1-8b-instruct,trivia_qa_validation_11066,1,0.786531,2
trivia_qa,llama-3.1-8b-instruct,trivia_qa_validation_00315,1,0.869753,1
trivia_qa,llama-3.1-8b-instruct,trivia_qa_validation_12757,0,0.779649,4
trivia_qa,llama-3.1-8b-instruct,trivia_qa_validation_12617,1,0.71401,5
trivia_qa,llama-3.1-8b-instruct,trivia_qa_validation_10158,1,0.555975,1
trivia_qa,llama-3.1-8b-instruct,trivia_qa_validation_13479,1,0.55904,4
trivia_qa,llama-3.1-8b-instruct,trivia_qa_validation_14646,0,0.1902,3
trivia_qa,llama-3.1-8b-instruct,trivia_qa_validation_01563,1,0.864603,4
trivia_qa,llama-3.1-8b-instruct,trivia_qa_validation_15635,0,0.134161,1
trivia_qa,llama-3.1-8b-instruct,trivia_qa_validation_16493,1,0.786545,4
trivia_qa,llama-3.1-8b-instruct,trivia_qa_validation_11201,0,0.32868,1
trivia_qa,llama-3.1-8b-instruct,trivia_qa_validation_10438,1,0.776073,2
trivia_qa,llama-3.1-8b-instruct,trivia_qa_validation_05441,1,0.858544,2
trivia_qa,llama-3.1-8b-instruct,trivia_qa_validation_01851,1,0.880099,4
trivia_qa,llama-3.1-8b-instruct,trivia_qa_validation_09161,0,0.116337,3
trivia_qa,llama-3.1-8b-instruct,trivia_qa_validation_08645,1,0.782828,1
trivia_qa,llama-3.1-8b-instruct,trivia_qa_validation_12847,0,0.443124,4
trivia_qa,llama-3.1-8b-instruct,trivia_qa_validation_11922,1,0.376504,4
trivia_qa,llama-3.1-8b-instruct,trivia_qa_validation_08999,0,0.108086,1
trivia_qa,llama-3.1-8b-instruct,trivia_qa_validation_03131,1,0.574977,2
trivia_qa,llama-3.1-8b-instruct,trivia_qa_validation_09993,1,0.827306,5
trivia_qa,llama-3.1-8b-instruct,trivia_qa_validation_11766,1,0.652012,2
trivia_qa,llama-3.1-8b-instruct,trivia_qa_validation_07344,0,0.325462,3
trivia_qa,llama-3.1-8b-instruct,trivia_qa_validation_08688,1,0.795614,4
trivia_qa,llama-3.1-8b-instruct,trivia_qa_validation_15804,1,0.850916,2
trivia_qa,llama-3.1-8b-instruct,trivia_qa_validation_17889,1,0.845426,4
trivia_qa,llama-3.1-8b-instruct,trivia_qa_validation_06663,1,0.783674,5
trivia_qa,llama-3.1-8b-instruct,trivia_qa_validation_03344,1,0.858221,2
trivia_qa,llama-3.1-8b-instruct,trivia_qa_validation_07867,0,0.315952,2
trivia_qa,llama-3.1-8b-instruct,trivia_qa_validation_10198,0,0.144542,2
trivia_qa,llama-3.1-8b-instruct,trivia_qa_validation_06826,1,0.698499,4
trivia_qa,llama-3.1-8b-instruct,trivia_qa_validation_03353,0,0.785109,3
trivia_qa,llama-3.1-8b-instruct,trivia_qa_validation_14067,0,0.511011,1
trivia_qa,llama-3.1-8b-instruct,trivia_qa_validation_10370,1,0.745007,1
trivia_qa,llama-3.1-8b-instruct,trivia_qa_validation_14262,1,0.149771,2
trivia_qa,llama-3.1-8b-instruct,trivia_qa_validation_14825,1,0.657143,3
trivia_qa,llama-3.1-8b-instruct,trivia_qa_validation_05264,0,0.247055,4
trivia_qa,llama-3.1-8b-instruct,trivia_qa_validation_15216,0,0.441687,3
trivia_qa,llama-3.1-8b-instruct,trivia_qa_validation_02283,1,0.845443,4
trivia_qa,llama-3.1-8b-instruct,trivia_qa_validation_15256,0,0.211196,5
trivia_qa,llama-3.1-8b-instruct,trivia_qa_validation_06451,1,0.858648,1
trivia_qa,llama-3.1-8b-instruct,trivia_qa_validation_04779,1,0.779236,4
trivia_qa,llama-3.1-8b-instruct,trivia_qa_validation_06577,1,0.570857,2
trivia_qa,llama-3.1-8b-instruct,trivia_qa_validation_14376,0,0.084488,5
trivia_qa,llama-3.1-8b-instruct,trivia_qa_validation_03459,0,0.859449,3
trivia_qa,llama-3.1-8b-instruct,trivia_qa_validation_05100,0,0.367202,5
trivia_qa,llama-3.1-8b-instruct,trivia_qa_validation_02484,1,0.863522,2
trivia_qa,llama-3.1-8b-instruct,trivia_qa_validation_00400,1,0.63797,2
trivia_qa,llama-3.1-8b-instruct,trivia_qa_validation_08919,1,0.202789,3
trivia_qa,llama-3.1-8b-instruct,trivia_qa_validation_08119,1,0.791214,5
trivia_qa,llama-3.1-8b-instruct,trivia_qa_validation_09553,1,0.715094,3
trivia_qa,llama-3.1-8b-instruct,trivia_qa_validation_14537,0,0.220704,5
trivia_qa,llama-3.1-8b-instruct,trivia_qa_validation_14480,0,0.15765,3
trivia_qa,llama-3.1-8b-instruct,trivia_qa_validation_14210,0,0.686246,1
trivia_qa,llama-3.1-8b-instruct,trivia_qa_validation_14435,1,0.352951,4
trivia_qa,llama-3.1-8b-instruct,trivia_qa_validation_01155,1,0.695659,3
trivia_qa,llama-3.1-8b-instruct,trivia_qa_validation_05645,0,0.158804,3
trivia_qa,llama-3.1-8b-instruct,trivia_qa_validation_12517,1,0.8631,4
trivia_qa,llama-3.1-8b-instruct,trivia_qa_validation_00452,1,0.867825,3
trivia_qa,llama-3.1-8b-instruct,trivia_qa_validation_07470,1,0.45478,2
trivia_qa,llama-3.1-8b-instruct,trivia_qa_validation_08144,1,0.662189,4
trivia_qa,llama-3.1-8b-instruct,trivia_qa_validation_16340,0,0.23808,2
trivia_qa,llama-3.1-8b-instruct,trivia_qa_validation_01096,1,0.189055,3
trivia_qa,llama-3.1-8b-instruct,trivia_qa_validation_12679,0,0.134617,2
trivia_qa,llama-3.1-8b-instruct,trivia_qa_validation_04640,0,0.251402,3
trivia_qa,llama-3.1-8b-instruct,trivia_qa_validation_02844,0,0.875797,1
trivia_qa,llama-3.1-8b-instruct,trivia_qa_validation_06552,1,0.298072,5
trivia_qa,llama-3.1-8b-instruct,trivia_qa_validation_06454,1,0.493433,3
trivia_qa,llama-3.1-8b-instruct,trivia_qa_validation_02183,0,0.405871,5
trivia_qa,llama-3.1-8b-instruct,trivia_qa_validation_14365,1,0.661135,2
trivia_qa,llama-3.1-8b-instruct,trivia_qa_validation_05184,1,0.885723,5
trivia_qa,llama-3.1-8b-instruct,trivia_qa_validation_03696,0,0.87895,5
trivia_qa,llama-3.1-8b-instruct,trivia_qa_validation_09642,1,0.654002,5
trivia_qa,llama-3.1-8b-instruct,trivia_qa_validation_15552,1,0.859914,4
trivia_qa,llama-3.1-8b-instruct,trivia_qa_validation_17529,0,0.785615,3
trivia_qa,llama-3.1-8b-instruct,trivia_qa_validation_11432,1,0.7722,4
trivia_qa,llama-3.1-8b-instruct,trivia_qa_validation_00088,1,0.680879,3
trivia_qa,llama-3.1-8b-instruct,trivia_qa_validation_05568,0,0.118911,1
trivia_qa,llama-3.1-8b-instruct,trivia_qa_validation_05297,1,0.569797,5
trivia_qa,llama-3.1-8b-instruct,trivia_qa_validation_05647,0,0.19235,3
trivia_qa,llama-3.1-8b-instruct,trivia_qa_validation_04428,0,0.799968,1
trivia_qa,llama-3.1-8b-instruct,trivia_qa_validation_15982,1,0.856138,3
trivia_qa,llama-3.1-8b-instruct,trivia_qa_validation_01628,1,0.86433,3
trivia_qa,llama-3.1-8b-instruct,trivia_qa_validation_06553,1,0.823302,4
trivia_qa,llama-3.1-8b-instruct,trivia_qa_validation_16893,0,0.784019,3
trivia_qa,llama-3.1-8b-instruct,trivia_qa_validation_12938,0,0.152552,5
trivia_qa,llama-3.1-8b-instruct,trivia_qa_validation_04674,1,0.688649,5
trivia_qa,llama-3.1-8b-instruct,trivia_qa_validation_00758,1,0.432897,2
trivia_qa,llama-3.1-8b-instruct,trivia_qa_validation_06687,1,0.700132,2
trivia_qa,llama-3.1-8b-instruct,trivia_qa_validation_17653,1,0.867433,5
trivia_qa,llama-3.1-8b-instruct,trivia_qa_validation_00839,1,0.793879,4
trivia_qa,llama-3.1-8b-instruct,trivia_qa_validation_15618,1,0.871724,4
trivia_qa,llama-3.1-8b-instruct,trivia_qa_validation_17514,1,0.761334,5
trivia_qa,llama-3.1-8b-instruct,trivia_qa_validation_13957,1,0.852025,4
trivia_qa,llama-3.1-8b-instruct,trivia_qa_validation_09104,0,0.251618,3
trivia_qa,llama-3.1-8b-instruct,trivia_qa_validation_15841,0,0.444261,3
trivia_qa,llama-3.1-8b-instruct,trivia_qa_validation_12985,0,0.660568,4
trivia_qa,llama-3.1-8b-instruct,trivia_qa_validation_16562,1,0.852754,3
trivia_qa,llama-3.1-8b-instruct,trivia_qa_validation_12540,1,0.775526,5
trivia_qa,llama-3.1-8b-instruct,trivia_qa_validation_17711,1,0.840889,5
trivia_qa,llama-3.1-8b-instruct,trivia_qa_validation_02769,1,0.859044,2
trivia_qa,llama-3.1-8b-instruct,trivia_qa_validation_03117,1,0.867736,2
trivia_qa,llama-3.1-8b-instruct,trivia_qa_validation_06956,1,0.864724,2
trivia_qa,llama-3.1-8b-instruct,trivia_qa_validation_17234,1,0.852124,3
trivia_qa,llama-3.1-8b-instruct,trivia_qa_validation_11451,0,0.328839,4
trivia_qa,llama-3.1-8b-instruct,trivia_qa_validation_07698,0,0.096649,5
trivia_qa,llama-3.1-8b-instruct,trivia_qa_validation_06495,1,0.305804,3
trivia_qa,llama-3.1-8b-instruct,trivia_qa_validation_02834,0,0.106286,2
trivia_qa,llama-3.1-8b-instruct,trivia_qa_validation_13215,1,0.848354,2
trivia_qa,llama-3.1-8b-instruct,trivia_qa_validation_03995,1,0.178552,2
trivia_qa,llama-3.1-8b-instruct,trivia_qa_validation_06321,0,0.153519,4
trivia_qa,llama-3.1-8b-instruct,trivia_qa_validation_09116,0,0.256713,3
trivia_qa,llama-3.1-8b-instruct,trivia_qa_validation_00264,1,0.871931,4
trivia_qa,llama-3.1-8b-instruct,trivia_qa_validation_07058,0,0.697134,2
trivia_qa,llama-3.1-8b-instruct,trivia_qa_validation_03040,1,0.69437,3
trivia_qa,llama-3.1-8b-instruct,trivia_qa_validation_05423,1,0.864852,5
trivia_qa,llama-3.1-8b-instruct,trivia_qa_validation_08007,0,0.140602,4
trivia_qa,llama-3.1-8b-instruct,trivia_qa_validation_17843,1,0.866304,4
trivia_qa,llama-3.1-8b-instruct,trivia_qa_validation_12090,0,0.626697,5
trivia_qa,llama-3.1-8b-instruct,trivia_qa_validation_02437,1,0.866789,2
trivia_qa,llama-3.1-8b-instruct,trivia_qa_validation_00957,1,0.518215,3
trivia_qa,llama-3.1-8b-instruct,trivia_qa_validation_05479,1,0.669574,5
trivia_qa,llama-3.1-8b-instruct,trivia_qa_validation_09597,0,0.35218,3
trivia_qa,llama-3.1-8b-instruct,trivia_qa_validation_07565,1,0.183672,2
trivia_qa,llama-3.1-8b-instruct,trivia_qa_validation_08330,1,0.247179,4
trivia_qa,llama-3.1-8b-instruct,trivia_qa_validation_11057,0,0.099101,2
trivia_qa,llama-3.1-8b-instruct,trivia_qa_validation_04630,0,0.090848,5
trivia_qa,llama-3.1-8b-instruct,trivia_qa_validation_12501,1,0.854116,4
trivia_qa,llama-3.1-8b-instruct,trivia_qa_validation_17026,0,0.737533,3
trivia_qa,llama-3.1-8b-instruct,trivia_qa_validation_00046,1,0.566467,2
trivia_qa,llama-3.1-8b-instruct,trivia_qa_validation_00015,0,0.788075,1
trivia_qa,llama-3.1-8b-instruct,trivia_qa_validation_04598,1,0.83163,5
trivia_qa,llama-3.1-8b-instruct,trivia_qa_validation_09123,1,0.874137,1
trivia_qa,llama-3.1-8b-instruct,trivia_qa_validation_16115,1,0.332337,5
trivia_qa,llama-3.1-8b-instruct,trivia_qa_validation_11593,0,0.218276,2
trivia_qa,llama-3.1-8b-instruct,trivia_qa_validation_16436,1,0.562317,1
trivia_qa,llama-3.1-8b-instruct,trivia_qa_validation_12960,1,0.532665,3
trivia_qa,llama-3.1-8b-instruct,trivia_qa_validation_12299,1,0.563104,1
trivia_qa,llama-3.1-8b-instruct,trivia_qa_validation_07338,1,0.854169,3
trivia_qa,llama-3.1-8b-instruct,trivia_qa_validation_17206,0,0.731437,4
trivia_qa,llama-3.1-8b-instruct,trivia_qa_validation_00045,1,0.506669,2
trivia_qa,llama-3.1-8b-instruct,trivia_qa_validation_01317,0,0.678761,2
trivia_qa,llama-3.1-8b-instruct,trivia_qa_validation_16223,1,0.8503,4
trivia_qa,llama-3.1-8b-instruct,trivia_qa_validation_01824,0,0.244202,2
trivia_qa,llama-3.1-8b-instruct,trivia_qa_validation_15704,1,0.462212,2
trivia_qa,llama-3.1-8b-instruct,trivia_qa_validation_02305,1,0.867396,1
trivia_qa,llama-3.1-8b-instruct,trivia_qa_validation_04047,1,0.358273,1
trivia_qa,llama-3.1-8b-instruct,trivia_qa_validation_11337,1,0.249291,1
trivia_qa,llama-3.1-8b-instruct,trivia_qa_validation_03987,1,0.86043,2
trivia_qa,llama-3.1-8b-instruct,trivia_qa_validation_02002,0,0.450982,4
trivia_qa,llama-3.1-8b-instruct,trivia_qa_validation_08224,1,0.866702,2
trivia_qa,llama-3.1-8b-instruct,trivia_qa_validation_13481,1,0.853876,4
trivia_qa,llama-3.1-8b-instruct,trivia_qa_validation_14457,1,0.728343,5
trivia_qa,llama-3.1-8b-instruct,trivia_qa_validation_14229,1,0.840586,3
trivia_qa,llama-3.1-8b-instruct,trivia_qa_validation_13625,0,0.812489,3
trivia_qa,llama-3.1-8b-instruct,trivia_qa_validation_12554,1,0.51864,1
trivia_qa,llama-3.1-8b-instruct,trivia_qa_validation_03119,0,0.784337,5
trivia_qa,llama-3.1-8b-instruct,trivia_qa_validation_09634,0,0.781726,3
trivia_qa,llama-3.1-8b-instruct,trivia_qa_validation_10964,0,0.719714,3
trivia_qa,llama-3.1-8b-instruct,trivia_qa_validation_07420,0,0.137889,1
trivia_qa,llama-3.1-8b-instruct,trivia_qa_validation_13542,0,0.290264,1
trivia_qa,llama-3.1-8b-instruct,trivia_qa_validation_11676,1,0.564842,1
trivia_qa,llama-3.1-8b-instruct,trivia_qa_validation_17159,0,0.440331,4
trivia_qa,llama-3.1-8b-instruct,trivia_qa_validation_09638,1,0.758721,3
trivia_qa,llama-3.1-8b-instruct,trivia_qa_validation_07495,1,0.848073,4
trivia_qa,llama-3.1-8b-instruct,trivia_qa_validation_09764,1,0.664951,4
trivia_qa,llama-3.1-8b-instruct,trivia_qa_validation_05874,0,0.285803,4
trivia_qa,llama-3.1-8b-instruct,trivia_qa_validation_11236,1,0.670638,2
trivia_qa,llama-3.1-8b-instruct,trivia_qa_validation_01707,1,0.562689,1
trivia_qa,llama-3.1-8b-instruct,trivia_qa_validation_03326,1,0.863278,5
trivia_qa,llama-3.1-8b-instruct,trivia_qa_validation_02825,1,0.794616,4
trivia_qa,llama-3.1-8b-instruct,trivia_qa_validation_06898,1,0.667956,3
trivia_qa,llama-3.1-8b-instruct,trivia_qa_validation_00574,0,0.134467,1
trivia_qa,llama-3.1-8b-instruct,trivia_qa_validation_09262,0,0.119731,3
trivia_qa,llama-3.1-8b-instruct,trivia_qa_validation_08944,0,0.584139,3
trivia_qa,llama-3.1-8b-instruct,trivia_qa_validation_03670,1,0.77976,3
trivia_qa,llama-3.1-8b-instruct,trivia_qa_validation_15779,1,0.743693,3
trivia_qa,llama-3.1-8b-instruct,trivia_qa_validation_06876,0,0.86368,3
trivia_qa,llama-3.1-8b-instruct,trivia_qa_validation_13180,1,0.78495,5
trivia_qa,llama-3.1-8b-instruct,trivia_qa_validation_00954,1,0.794383,1
trivia_qa,llama-3.1-8b-instruct,trivia_qa_validation_04642,0,0.165189,5
trivia_qa,llama-3.1-8b-instruct,trivia_qa_validation_08976,1,0.45444,3
trivia_qa,llama-3.1-8b-instruct,trivia_qa_validation_05359,1,0.789357,5
trivia_qa,llama-3.1-8b-instruct,trivia_qa_validation_12222,1,0.467895,1
trivia_qa,llama-3.1-8b-instruct,trivia_qa_validation_02413,1,0.845088,3
trivia_qa,llama-3.1-8b-instruct,trivia_qa_validation_11322,1,0.157824,5
trivia_qa,llama-3.1-8b-instruct,trivia_qa_validation_12263,0,0.684472,3
trivia_qa,llama-3.1-8b-instruct,trivia_qa_validation_07375,0,0.801733,3
trivia_qa,llama-3.1-8b-instruct,trivia_qa_validation_11180,1,0.61699,3
trivia_qa,llama-3.1-8b-instruct,trivia_qa_validation_14609,0,0.239712,1
trivia_qa,llama-3.1-8b-instruct,trivia_qa_validation_16983,1,0.872071,5
trivia_qa,llama-3.1-8b-instruct,trivia_qa_validation_03035,0,0.12424,3
trivia_qa,llama-3.1-8b-instruct,trivia_qa_validation_10195,1,0.8691,2
trivia_qa,llama-3.1-8b-instruct,trivia_qa_validation_04029,1,0.870517,1
trivia_qa,llama-3.1-8b-instruct,trivia_qa_validation_04916,0,0.862279,4
trivia_qa,llama-3.1-8b-instruct,trivia_qa_validation_04652,1,0.851624,3
trivia_qa,llama-3.1-8b-instruct,trivia_qa_validation_03007,1,0.866831,3
trivia_qa,llama-3.1-8b-instruct,trivia_qa_validation_00968,1,0.790113,1
trivia_qa,llama-3.1-8b-instruct,trivia_qa_validation_06380,1,0.785555,1
trivia_qa,llama-3.1-8b-instruct,trivia_qa_validation_13769,0,0.714847,2
trivia_qa,llama-3.1-8b-instruct,trivia_qa_validation_07125,1,0.870329,1
trivia_qa,llama-3.1-8b-instruct,trivia_qa_validation_00810,0,0.285247,1
trivia_qa,llama-3.1-8b-instruct,trivia_qa_validation_04212,0,0.457351,5
trivia_qa,llama-3.1-8b-instruct,trivia_qa_validation_02642,1,0.861531,3
trivia_qa,llama-3.1-8b-instruct,trivia_qa_validation_12833,1,0.87186,4
trivia_qa,llama-3.1-8b-instruct,trivia_qa_validation_00192,0,0.651681,3
trivia_qa,llama-3.1-8b-instruct,trivia_qa_validation_16982,1,0.776918,2
trivia_qa,llama-3.1-8b-instruct,trivia_qa_validation_14641,1,0.583591,5
trivia_qa,llama-3.1-8b-instruct,trivia_qa_validation_08669,0,0.749447,5
trivia_qa,llama-3.1-8b-instruct,trivia_qa_validation_15439,1,0.864178,1
trivia_qa,llama-3.1-8b-instruct,trivia_qa_validation_08560,1,0.799018,4
trivia_qa,llama-3.1-8b-instruct,trivia_qa_validation_14118,1,0.851751,3
trivia_qa,llama-3.1-8b-instruct,trivia_qa_validation_06569,1,0.792979,3
trivia_qa,llama-3.1-8b-instruct,trivia_qa_validation_13554,0,0.267461,4
trivia_qa,llama-3.1-8b-instruct,trivia_qa_validation_13115,1,0.591038,4
trivia_qa,llama-3.1-8b-instruct,trivia_qa_validation_11304,1,0.875575,3
trivia_qa,llama-3.1-8b-instruct,trivia_qa_validation_05519,1,0.863765,2
trivia_qa,llama-3.1-8b-instruct,trivia_qa_validation_03282,0,0.422708,5
trivia_qa,llama-3.1-8b-instruct,trivia_qa_validation_08727,0,0.848769,3
trivia_qa,llama-3.1-8b-instruct,trivia_qa_validation_16377,0,0.676196,3
trivia_qa,llama-3.1-8b-instruct,trivia_qa_validation_07969,0,0.254219,2
trivia_qa,llama-3.1-8b-instruct,trivia_qa_validation_06289,1,0.56688,5
trivia_qa,llama-3.1-8b-instruct,trivia_qa_validation_15611,0,0.177834,5
trivia_qa,llama-3.1-8b-instruct,trivia_qa_validation_14389,1,0.678087,2
trivia_qa,llama-3.1-8b-instruct,trivia_qa_validation_05321,1,0.796052,1
trivia_qa,llama-3.1-8b-instruct,trivia_qa_validation_17007,1,0.764281,2
trivia_qa,llama-3.1-8b-instruct,trivia_qa_validation_00184,0,0.139023,3
trivia_qa,llama-3.1-8b-instruct,trivia_qa_validation_09763,1,0.724576,2
trivia_qa,llama-3.1-8b-instruct,trivia_qa_validation_16639,1,0.875369,5
trivia_qa,llama-3.1-8b-instruct,trivia_qa_validation_17608,1,0.703101,1
trivia_qa,llama-3.1-8b-instruct,trivia_qa_validation_05586,1,0.867937,4
trivia_qa,llama-3.1-8b-instruct,trivia_qa_validation_10691,0,0.790444,3
trivia_qa,llama-3.1-8b-instruct,trivia_qa_validation_15504,1,0.859194,5
trivia_qa,llama-3.1-8b-instruct,trivia_qa_validation_12758,1,0.873646,1
trivia_qa,llama-3.1-8b-instruct,trivia_qa_validation_04935,0,0.70106,4
trivia_qa,llama-3.1-8b-instruct,trivia_qa_validation_12705,0,0.625182,1
trivia_qa,llama-3.1-8b-instruct,trivia_qa_validation_03447,0,0.15161,3
trivia_qa,llama-3.1-8b-instruct,trivia_qa_validation_10307,0,0.372591,2
trivia_qa,llama-3.1-8b-instruct,trivia_qa_validation_16861,1,0.485679,3
trivia_qa,llama-3.1-8b-instruct,trivia_qa_validation_04311,0,0.134941,1
trivia_qa,llama-3.1-8b-instruct,trivia_qa_validation_01872,0,0.12644,1
trivia_qa,llama-3.1-8b-instruct,trivia_qa_validation_15578,1,0.863273,1
trivia_qa,llama-3.1-8b-instruct,trivia_qa_validation_05318,1,0.314516,2
trivia_qa,llama-3.1-8b-instruct,trivia_qa_validation_12207,0,0.144706,5
trivia_qa,llama-3.1-8b-instruct,trivia_qa_validation_11540,1,0.788481,1
trivia_qa,llama-3.1-8b-instruct,trivia_qa_validation_14213,1,0.664193,4
trivia_qa,llama-3.1-8b-instruct,trivia_qa_validation_02288,0,0.876371,5
trivia_qa,llama-3.1-8b-instruct,trivia_qa_validation_02457,0,0.108582,1
trivia_qa,llama-3.1-8b-instruct,trivia_qa_validation_02449,1,0.736773,5
trivia_qa,llama-3.1-8b-instruct,trivia_qa_validation_03143,0,0.179219,4
trivia_qa,llama-3.1-8b-instruct,trivia_qa_validation_10312,0,0.855949,4
trivia_qa,llama-3.1-8b-instruct,trivia_qa_validation_07733,1,0.865061,5
trivia_qa,llama-3.1-8b-instruct,trivia_qa_validation_13133,1,0.828422,3
trivia_qa,llama-3.1-8b-instruct,trivia_qa_validation_13478,0,0.132614,3
trivia_qa,llama-3.1-8b-instruct,trivia_qa_validation_12205,0,0.2212,3
trivia_qa,llama-3.1-8b-instruct,trivia_qa_validation_04417,1,0.537128,3
trivia_qa,llama-3.1-8b-instruct,trivia_qa_validation_04688,1,0.782852,5
trivia_qa,llama-3.1-8b-instruct,trivia_qa_validation_00576,1,0.859842,5
trivia_qa,llama-3.1-8b-instruct,trivia_qa_validation_01269,1,0.877117,4
trivia_qa,llama-3.1-8b-instruct,trivia_qa_validation_12288,0,0.689412,1
trivia_qa,llama-3.1-8b-instruct,trivia_qa_validation_12614,0,0.695204,3
trivia_qa,llama-3.1-8b-instruct,trivia_qa_validation_06335,0,0.116866,5
trivia_qa,llama-3.1-8b-instruct,trivia_qa_validation_09625,1,0.647727,3
trivia_qa,llama-3.1-8b-instruct,trivia_qa_validation_06659,0,0.782563,2
trivia_qa,llama-3.1-8b-instruct,trivia_qa_validation_08319,0,0.867337,2
trivia_qa,llama-3.1-8b-instruct,trivia_qa_validation_13636,1,0.72946,3
trivia_qa,llama-3.1-8b-instruct,trivia_qa_validation_07588,1,0.850122,3
trivia_qa,llama-3.1-8b-instruct,trivia_qa_validation_00382,0,0.690735,3
trivia_qa,llama-3.1-8b-instruct,trivia_qa_validation_06409,0,0.555909,2
trivia_qa,llama-3.1-8b-instruct,trivia_qa_validation_08139,1,0.860112,3
trivia_qa,llama-3.1-8b-instruct,trivia_qa_validation_16555,1,0.685839,5
trivia_qa,llama-3.1-8b-instruct,trivia_qa_validation_08816,1,0.871049,3
trivia_qa,llama-3.1-8b-instruct,trivia_qa_validation_01660,1,0.673142,5
trivia_qa,llama-3.1-8b-instruct,trivia_qa_validation_06551,1,0.802979,5
trivia_qa,llama-3.1-8b-instruct,trivia_qa_validation_11168,1,0.68749,3
trivia_qa,llama-3.1-8b-instruct,trivia_qa_validation_08325,1,0.799242,4
trivia_qa,llama-3.1-8b-instruct,trivia_qa_validation_02824,1,0.858304,3
trivia_qa,llama-3.1-8b-instruct,trivia_qa_validation_08656,1,0.30619,2
trivia_qa,llama-3.1-8b-instruct,trivia_qa_validation_10866,1,0.853512,2
trivia_qa,llama-3.1-8b-instruct,trivia_qa_validation_05539,0,0.436672,5
trivia_qa,llama-3.1-8b-instruct,trivia_qa_validation_09236,1,0.84853,1
trivia_qa,llama-3.1-8b-instruct,trivia_qa_validation_10550,1,0.726036,3
trivia_qa,llama-3.1-8b-instruct,trivia_qa_validation_14475,1,0.768071,4
trivia_qa,llama-3.1-8b-instruct,trivia_qa_validation_03911,0,0.367577,2
trivia_qa,llama-3.1-8b-instruct,trivia_qa_validation_07510,0,0.874673,1
trivia_qa,llama-3.1-8b-instruct,trivia_qa_validation_11128,0,0.226877,4
trivia_qa,llama-3.1-8b-instruct,trivia_qa_validation_05526,0,0.85373,4
trivia_qa,llama-3.1-8b-instruct,trivia_qa_validation_16310,1,0.854618,2
trivia_qa,llama-3.1-8b-instruct,trivia_qa_validation_17912,1,0.668776,4
trivia_qa,llama-3.1-8b-instruct,trivia_qa_validation_03045,1,0.772988,3
trivia_qa,llama-3.1-8b-instruct,trivia_qa_validation_16448,1,0.87944,2
trivia_qa,llama-3.1-8b-instruct,trivia_qa_validation_03998,0,0.777674,2
trivia_qa,llama-3.1-8b-instruct,trivia_qa_validation_08162,1,0.795573,1
trivia_qa,llama-3.1-8b-instruct,trivia_qa_validation_06827,1,0.335143,4
trivia_qa,llama-3.1-8b-instruct,trivia_qa_validation_01305,0,0.245088,4
trivia_qa,llama-3.1-8b-instruct,trivia_qa_validation_09774,1,0.86583,1
trivia_qa,llama-3.1-8b-instruct,trivia_qa_validation_14858,1,0.862173,5
trivia_qa,llama-3.1-8b-instruct,trivia_qa_validation_15970,1,0.119948,5
trivia_qa,llama-3.1-8b-instruct,trivia_qa_validation_09881,1,0.662658,1
trivia_qa,llama-3.1-8b-instruct,trivia_qa_validation_01887,0,0.179124,2
trivia_qa,llama-3.1-8b-instruct,trivia_qa_validation_03596,1,0.88651,5
trivia_qa,llama-3.1-8b-instruct,trivia_qa_validation_04736,1,0.872572,1
trivia_qa,llama-3.1-8b-instruct,trivia_qa_validation_06297,1,0.852579,2
trivia_qa,llama-3.1-8b-instruct,trivia_qa_validation_03237,0,0.100302,5
trivia_qa,llama-3.1-8b-instruct,trivia_qa_validation_08293,0,0.792172,1
trivia_qa,llama-3.1-8b-instruct,trivia_qa_validation_03167,1,0.794979,1
trivia_qa,llama-3.1-8b-instruct,trivia_qa_validation_07979,1,0.896904,5
trivia_qa,llama-3.1-8b-instruct,trivia_qa_validation_04874,1,0.648027,3
trivia_qa,llama-3.1-8b-instruct,trivia_qa_validation_05256,1,0.498229,5
trivia_qa,llama-3.1-8b-instruct,trivia_qa_validation_16478,0,0.692117,4
trivia_qa,llama-3.1-8b-instruct,trivia_qa_validation_06008,1,0.64499,4
trivia_qa,llama-3.1-8b-instruct,trivia_qa_validation_07853,0,0.664299,5
trivia_qa,llama-3.1-8b-instruct,trivia_qa_validation_01757,1,0.686159,1
trivia_qa,llama-3.1-8b-instruct,trivia_qa_validation_00254,0,0.512111,2
trivia_qa,llama-3.1-8b-instruct,trivia_qa_validation_09503,1,0.883483,4
trivia_qa,llama-3.1-8b-instruct,trivia_qa_validation_08256,0,0.130735,2
trivia_qa,llama-3.1-8b-instruct,trivia_qa_validation_00165,0,0.076545,5
trivia_qa,llama-3.1-8b-instruct,trivia_qa_validation_14833,1,0.867437,5
trivia_qa,llama-3.1-8b-instruct,trivia_qa_validation_11739,1,0.789055,1
trivia_qa,llama-3.1-8b-instruct,trivia_qa_validation_14837,1,0.819403,4
trivia_qa,llama-3.1-8b-instruct,trivia_qa_validation_13216,1,0.839273,3
trivia_qa,llama-3.1-8b-instruct,trivia_qa_validation_10282,1,0.394467,3
trivia_qa,llama-3.1-8b-instruct,trivia_qa_validation_05089,1,0.63056,1
trivia_qa,llama-3.1-8b-instruct,trivia_qa_validation_06908,0,0.790624,1
trivia_qa,llama-3.1-8b-instruct,trivia_qa_validation_15553,1,0.786127,4
trivia_qa,llama-3.1-8b-instruct,trivia_qa_validation_07316,1,0.865797,1
trivia_qa,llama-3.1-8b-instruct,trivia_qa_validation_03888,1,0.879841,4
trivia_qa,llama-3.1-8b-instruct,trivia_qa_validation_12738,0,0.521984,3
trivia_qa,llama-3.1-8b-instruct,trivia_qa_validation_03099,0,0.210049,5
trivia_qa,llama-3.1-8b-instruct,trivia_qa_validation_15150,0,0.801122,1
trivia_qa,llama-3.1-8b-instruct,trivia_qa_validation_04194,1,0.864827,3
trivia_qa,llama-3.1-8b-instruct,trivia_qa_validation_00552,1,0.420048,2
trivia_qa,llama-3.1-8b-instruct,trivia_qa_validation_02570,1,0.861485,4
trivia_qa,llama-3.1-8b-instruct,trivia_qa_validation_07163,1,0.331628,5
trivia_qa,llama-3.1-8b-instruct,trivia_qa_validation_06215,0,0.428288,4
trivia_qa,llama-3.1-8b-instruct,trivia_qa_validation_11403,1,0.857608,2
trivia_qa,llama-3.1-8b-instruct,trivia_qa_validation_01583,1,0.711343,3
trivia_qa,llama-3.1-8b-instruct,trivia_qa_validation_07236,0,0.669418,4
trivia_qa,llama-3.1-8b-instruct,trivia_qa_validation_02307,1,0.858561,5
trivia_qa,llama-3.1-8b-instruct,trivia_qa_validation_17862,1,0.854683,4
trivia_qa,llama-3.1-8b-instruct,trivia_qa_validation_14532,0,0.316586,3
trivia_qa,llama-3.1-8b-instruct,trivia_qa_validation_15759,0,0.525696,3
trivia_qa,llama-3.1-8b-instruct,trivia_qa_validation_03231,1,0.552437,3
trivia_qa,llama-3.1-8b-instruct,trivia_qa_validation_08321,1,0.797099,1
trivia_qa,llama-3.1-8b-instruct,trivia_qa_validation_11548,0,0.135274,2
trivia_qa,llama-3.1-8b-instruct,trivia_qa_validation_05774,0,0.283943,1
trivia_qa,llama-3.1-8b-instruct,trivia_qa_validation_11957,1,0.865878,4
trivia_qa,llama-3.1-8b-instruct,trivia_qa_validation_08244,1,0.865873,1
trivia_qa,llama-3.1-8b-instruct,trivia_qa_validation_05419,1,0.801302,5
trivia_qa,llama-3.1-8b-instruct,trivia_qa_validation_14522,1,0.794381,2
trivia_qa,llama-3.1-8b-instruct,trivia_qa_validation_02106,0,0.141928,2
trivia_qa,llama-3.1-8b-instruct,trivia_qa_validation_12553,1,0.763001,5
trivia_qa,llama-3.1-8b-instruct,trivia_qa_validation_15063,1,0.862495,2
trivia_qa,llama-3.1-8b-instruct,trivia_qa_validation_14942,1,0.83868,5
trivia_qa,llama-3.1-8b-instruct,trivia_qa_validation_09813,0,0.401124,3
trivia_qa,llama-3.1-8b-instruct,trivia_qa_validation_06729,1,0.909125,5
trivia_qa,llama-3.1-8b-instruct,trivia_qa_validation_04822,0,0.678511,4
trivia_qa,llama-3.1-8b-instruct,trivia_qa_validation_02890,1,0.846451,2
trivia_qa,llama-3.1-8b-instruct,trivia_qa_validation_13779,1,0.854225,2
trivia_qa,llama-3.1-8b-instruct,trivia_qa_validation_08187,0,0.154228,4
trivia_qa,llama-3.1-8b-instruct,trivia_qa_validation_14359,1,0.588811,1
trivia_qa,llama-3.1-8b-instruct,trivia_qa_validation_01700,1,0.864515,1
trivia_qa,llama-3.1-8b-instruct,trivia_qa_validation_03362,1,0.354721,4
trivia_qa,llama-3.1-8b-instruct,trivia_qa_validation_04721,0,0.577157,3
trivia_qa,llama-3.1-8b-instruct,trivia_qa_validation_06978,1,0.790477,3
trivia_qa,llama-3.1-8b-instruct,trivia_qa_validation_16241,1,0.856099,3
trivia_qa,llama-3.1-8b-instruct,trivia_qa_validation_17918,0,0.75981,5
trivia_qa,llama-3.1-8b-instruct,trivia_qa_validation_15357,1,0.868609,1
trivia_qa,llama-3.1-8b-instruct,trivia_qa_validation_05019,0,0.080313,5
trivia_qa,llama-3.1-8b-instruct,trivia_qa_validation_06211,1,0.71553,4
trivia_qa,llama-3.1-8b-instruct,trivia_qa_validation_11926,1,0.801104,5
trivia_qa,llama-3.1-8b-instruct,trivia_qa_validation_03640,1,0.719444,2
trivia_qa,llama-3.1-8b-instruct,trivia_qa_validation_03927,1,0.837619,3
trivia_qa,llama-3.1-8b-instruct,trivia_qa_validation_14928,0,0.351137,4
trivia_qa,llama-3.1-8b-instruct,trivia_qa_validation_09497,1,0.369686,5
trivia_qa,llama-3.1-8b-instruct,trivia_qa_validation_02033,0,0.864505,2
trivia_qa,llama-3.1-8b-instruct,trivia_qa_validation_03233,1,0.60773,2
trivia_qa,llama-3.1-8b-instruct,trivia_qa_validation_10014,1,0.856152,4
trivia_qa,llama-3.1-8b-instruct,trivia_qa_validation_15187,1,0.476049,3
trivia_qa,llama-3.1-8b-instruct,trivia_qa_validation_08965,1,0.167978,5
trivia_qa,llama-3.1-8b-instruct,trivia_qa_validation_05066,1,0.874399,4
trivia_qa,llama-3.1-8b-instruct,trivia_qa_validation_12559,0,0.675355,2
trivia_qa,llama-3.1-8b-instruct,trivia_qa_validation_06603,1,0.774353,3
trivia_qa,llama-3.1-8b-instruct,trivia_qa_validation_08453,0,0.882976,4
trivia_qa,llama-3.1-8b-instruct,trivia_qa_validation_14931,0,0.284843,2
trivia_qa,llama-3.1-8b-instruct,trivia_qa_validation_15106,1,0.777691,4
trivia_qa,llama-3.1-8b-instruct,trivia_qa_validation_08675,1,0.581753,2
trivia_qa,llama-3.1-8b-instruct,trivia_qa_validation_10591,1,0.780623,2
trivia_qa,llama-3.1-8b-instruct,trivia_qa_validation_03936,1,0.677921,2
trivia_qa,llama-3.1-8b-instruct,trivia_qa_validation_11173,1,0.87597,4
trivia_qa,llama-3.1-8b-instruct,trivia_qa_validation_00846,1,0.866814,1
trivia_qa,llama-3.1-8b-instruct,trivia_qa_validation_03873,0,0.788711,2
trivia_qa,llama-3.1-8b-instruct,trivia_qa_validation_03973,0,0.62399,5
trivia_qa,llama-3.1-8b-instruct,trivia_qa_validation_05687,0,0.260579,2
trivia_qa,llama-3.1-8b-instruct,trivia_qa_validation_09848,1,0.673354,4
trivia_qa,llama-3.1-8b-instruct,trivia_qa_validation_14907,0,0.863977,5
trivia_qa,llama-3.1-8b-instruct,trivia_qa_validation_08421,1,0.361077,1
trivia_qa,llama-3.1-8b-instruct,trivia_qa_validation_11989,1,0.860151,5
trivia_qa,llama-3.1-8b-instruct,trivia_qa_validation_07038,0,0.775012,2
trivia_qa,llama-3.1-8b-instruct,trivia_qa_validation_03319,1,0.789689,4
trivia_qa,llama-3.1-8b-instruct,trivia_qa_validation_02548,0,0.298692,4
trivia_qa,llama-3.1-8b-instruct,trivia_qa_validation_04261,0,0.445595,1
trivia_qa,llama-3.1-8b-instruct,trivia_qa_validation_10175,1,0.743401,3
trivia_qa,llama-3.1-8b-instruct,trivia_qa_validation_14853,1,0.871327,5
trivia_qa,llama-3.1-8b-instruct,trivia_qa_validation_07931,0,0.361229,4
trivia_qa,llama-3.1-8b-instruct,trivia_qa_validation_09718,0,0.807747,5
trivia_qa,llama-3.1-8b-instruct,trivia_qa_validation_13456,1,0.522916,2
trivia_qa,llama-3.1-8b-instruct,trivia_qa_validation_09330,0,0.134131,2
trivia_qa,llama-3.1-8b-instruct,trivia_qa_validation_07136,0,0.204019,1
trivia_qa,llama-3.1-8b-instruct,trivia_qa_validation_12564,0,0.86852,5
trivia_qa,llama-3.1-8b-instruct,trivia_qa_validation_02672,0,0.110129,1
trivia_qa,llama-3.1-8b-instruct,trivia_qa_validation_01604,1,0.870246,5
trivia_qa,llama-3.1-8b-instruct,trivia_qa_validation_07684,1,0.874725,1
trivia_qa,llama-3.1-8b-instruct,trivia_qa_validation_01782,1,0.784225,2
trivia_qa,llama-3.1-8b-instruct,trivia_qa_validation_17582,1,0.798373,1
trivia_qa,llama-3.1-8b-instruct,trivia_qa_validation_16071,0,0.87383,1
trivia_qa,llama-3.1-8b-instruct,trivia_qa_validation_06312,1,0.680017,2
trivia_qa,llama-3.1-8b-instruct,trivia_qa_validation_13979,1,0.845731,3
trivia_qa,llama-3.1-8b-instruct,trivia_qa_validation_13336,1,0.385225,4
trivia_qa,llama-3.1-8b-instruct,trivia_qa_validation_08509,1,0.864045,5
trivia_qa,llama-3.1-8b-instruct,trivia_qa_validation_13845,1,0.786912,1
trivia_qa,llama-3.1-8b-instruct,trivia_qa_validation_13351,0,0.560131,3
