question_id,model,dataset,gold_answer,greedy_choice,correct,in_all_clean,greedy_truncated,n_samples_clean,n_samples_with_letter,trace_length,hedging_formal,hedging_reasoning,hedging_combined,connector_density,rep_3,rep_4,rep_5,trace_divergence,answer_semantic_entropy,p_true,verbalized_confidence
medqa_test_00990,llama-3.1-8b-instruct,medqa,E,E,True,True,False,10,10,414.2,0.015036225515512527,0.0,0.015036225515512527,0.001727614814936803,0.034371053906867365,0.019165075785428042,0.011802219783835643,0.10933077335357666,0.8812908992306927,0.9999998555057791,0.8
medqa_test_00202,llama-3.1-8b-instruct,medqa,D,C,False,True,False,10,10,340.4,0.026639745206627992,0.0,0.026639745206627992,0.0013826718634385132,0.06234903737304659,0.027393882849606886,0.01352715054804865,0.08908028155565262,0.0,0.9999251538932373,0.9
medqa_test_01258,llama-3.1-8b-instruct,medqa,A,A,True,True,False,10,10,375.1,0.026298986605120173,0.0,0.026298986605120173,0.001296251888687839,0.0357289288065019,0.015277190053594203,0.007964151922250839,0.1263090819120407,0.0,0.7056987963273263,0.8
medqa_test_00277,llama-3.1-8b-instruct,medqa,D,D,True,True,False,10,10,390.2,0.016868822248604302,0.0,0.016868822248604302,0.00038022813688212925,0.0477961059212085,0.028426850347086564,0.01973563136944547,0.1104506403207779,0.0,1.0,0.8
medqa_test_00427,llama-3.1-8b-instruct,medqa,B,B,True,True,False,10,10,304.0,0.0026881563798806215,0.0,0.0026881563798806215,0.005201148394715599,0.07611297836806366,0.05052723208148428,0.03577323505120165,0.07857406139373779,0.0,0.9999957775365288,1.0
medqa_test_00015,llama-3.1-8b-instruct,medqa,B,A,False,True,False,10,10,541.2,0.02630829710867354,0.0,0.02630829710867354,0.0035865146563076175,0.10112845941317597,0.06046125524467415,0.03767282585710528,0.09059278666973114,0.4689955935892812,1.0,0.8
medqa_test_01202,llama-3.1-8b-instruct,medqa,A,A,True,True,False,10,10,256.1,0.02207401886107955,0.0,0.02207401886107955,0.0011591645190397863,0.03748729717910183,0.01825542377495911,0.011497490126604592,0.09842702746391296,0.4689955935892812,0.9525019532390137,0.8
medqa_test_01027,llama-3.1-8b-instruct,medqa,B,B,True,True,False,10,9,384.6,0.010462570930022765,0.0,0.010462570930022765,0.008781569827113277,0.11523625526592222,0.06029475970793979,0.03121724412207434,0.0934925526380539,1.4466166676282082,0.020332353342658753,0.8
medqa_test_00827,llama-3.1-8b-instruct,medqa,B,B,True,True,False,10,10,409.8,0.020600068939087536,0.0,0.020600068939087536,0.00046396883328160283,0.03480698583603768,0.016266709779509125,0.008004431115511135,0.11194020509719849,0.0,0.9999687981362284,0.9
medqa_test_00503,llama-3.1-8b-instruct,medqa,B,C,False,True,False,10,10,360.5,0.016504564238371648,0.0,0.016504564238371648,0.0037828928858634077,0.11644955203622147,0.06466882045975349,0.037252520323778335,0.11400346457958221,1.5709505944546684,1.0,1.0
medqa_test_00325,llama-3.1-8b-instruct,medqa,C,C,True,True,False,10,10,539.1,0.017476344536038836,0.0,0.017476344536038836,0.0004974138692969896,0.055330094057764234,0.02371197718545187,0.012578256258244847,0.09143278002738953,0.0,0.9999977410906098,0.9
medqa_test_00681,llama-3.1-8b-instruct,medqa,B,B,True,True,False,10,10,448.7,0.018516249489717574,0.000411522633744856,0.018927772123462427,0.00043149495118394046,0.04683518906799587,0.02106667334970259,0.010039055483414805,0.10718904435634613,0.0,0.9997965729976994,0.8
medqa_test_00932,llama-3.1-8b-instruct,medqa,E,E,True,True,False,10,10,432.5,0.015441117218532955,0.0,0.015441117218532955,0.0010023762198502987,0.037356953661743394,0.01669864117223544,0.009176095030534525,0.10842293500900269,1.0,0.9966047374289932,0.8
medqa_test_00387,llama-3.1-8b-instruct,medqa,B,B,True,True,False,10,10,351.8,0.012887427335975829,0.0,0.012887427335975829,0.00155085950126412,0.038535961403198093,0.019110996297145976,0.012059709848969069,0.10902521014213562,0.4689955935892812,0.7305775909815178,0.8
medqa_test_00235,llama-3.1-8b-instruct,medqa,B,B,True,True,False,10,10,382.6,0.004061189189961038,0.0,0.004061189189961038,0.001413859719852702,0.17401755040056816,0.11652715955483228,0.08405849420054609,0.05408323556184769,0.0,0.9999989322969024,1.0
medqa_test_00066,llama-3.1-8b-instruct,medqa,D,D,True,True,False,10,10,304.7,0.02214978780158496,0.0,0.02214978780158496,0.004127791258077063,0.03966003872522102,0.017197956681634118,0.0074355290012555805,0.09057087451219559,0.0,1.0,0.8
medqa_test_00347,llama-3.1-8b-instruct,medqa,A,A,True,True,False,10,10,451.5,0.01574713041871323,0.0,0.01574713041871323,0.0006694996531496752,0.041834433342424,0.01767348630334096,0.007602446905669791,0.0656220093369484,1.1567796494470395,0.3488822186054458,0.9
medqa_test_00442,llama-3.1-8b-instruct,medqa,C,C,True,True,False,10,10,241.2,0.01052843222743099,0.0002881844380403458,0.010816616665471335,0.0013207749979845752,0.05420558131344418,0.02833368120458679,0.01803199589506075,0.13855044543743134,0.4689955935892812,0.9999977397894488,0.8
medqa_test_01121,llama-3.1-8b-instruct,medqa,A,A,True,True,False,10,10,462.4,0.019711995902000724,0.0,0.019711995902000724,0.000537051600881388,0.05798251923466111,0.029929711048701835,0.017240956347458047,0.15592558681964874,0.7219280948873623,0.0,0.8
medqa_test_00376,llama-3.1-8b-instruct,medqa,D,C,False,True,False,10,10,512.9,0.02130952698824355,0.0,0.02130952698824355,0.00021231422505307856,0.06424014895590614,0.031275220725612604,0.017887764239964764,0.14079223573207855,1.0,0.9999938562366498,0.8
medqa_test_00035,llama-3.1-8b-instruct,medqa,A,A,True,True,False,10,10,478.9,0.018611739686508512,0.0,0.018611739686508512,0.0,0.037917470775212805,0.01613185054324401,0.008313825342762394,0.07094243913888931,0.0,0.999903897539618,0.8
medqa_test_00332,llama-3.1-8b-instruct,medqa,D,A,False,True,False,10,10,415.2,0.015372460755557694,0.00021141649048625794,0.015583877246043954,0.002221877213189238,0.07100589622482306,0.04473764089382579,0.0310521993149502,0.0916992574930191,0.7219280948873623,0.9998911045794624,0.8
medqa_test_00400,llama-3.1-8b-instruct,medqa,B,B,True,True,False,10,10,462.4,0.01923169883386383,0.0,0.01923169883386383,0.0017313209913567811,0.05603741731460042,0.026570664482927265,0.014146488039982575,0.2043866068124771,1.9609640474436814,0.7764801299766468,0.8
medqa_test_01145,llama-3.1-8b-instruct,medqa,A,A,True,True,False,10,10,430.1,0.02012957781133183,0.0,0.02012957781133183,0.00040120401445461194,0.05222858269051585,0.024992986395644436,0.015888455831456084,0.06108055263757706,0.0,0.9978171381771193,0.9
medqa_test_00975,llama-3.1-8b-instruct,medqa,C,C,True,True,False,10,10,240.6,0.015839243144548952,0.0013393491296187885,0.017178592274167744,0.001956123697223518,0.03718577445894115,0.02006350357794564,0.011283671537683903,0.11195769906044006,0.0,1.0,0.9
medqa_test_00950,llama-3.1-8b-instruct,medqa,A,A,True,True,False,10,10,270.5,0.009796650344309765,0.0002702702702702703,0.010066920614580036,0.002357168301781119,0.07617290829755247,0.03606595240463582,0.019670739494041876,0.1141178160905838,1.1567796494470395,0.9972297615693512,1.0
medqa_test_00825,llama-3.1-8b-instruct,medqa,D,D,True,True,False,10,10,446.4,0.03260377049722477,0.0001838235294117647,0.032787594026636536,0.00020283975659229209,0.04969128453954276,0.018566893592229926,0.00901921403690793,0.09567296504974365,1.3567796494470397,0.9706873470051333,0.8
medqa_test_01030,llama-3.1-8b-instruct,medqa,A,E,False,False,False,8,8,411.3,0.01800190835887595,0.0,0.01800190835887595,0.0008767423208415805,0.0462826205461639,0.022781041675707416,0.011225874666708057,0.16954849660396576,1.2987949406953985,,0.8
medqa_test_00845,llama-3.1-8b-instruct,medqa,A,A,True,True,False,10,10,408.2,0.00687362503004061,0.0,0.00687362503004061,0.001651613118002486,0.06318935597712952,0.03582917824661088,0.020627848733285225,0.09345358610153198,0.4689955935892812,1.0,0.8
medqa_test_00802,llama-3.1-8b-instruct,medqa,E,D,False,True,False,10,10,308.5,0.04414818560960542,0.0,0.04414818560960542,0.002257848643313584,0.0863588730639463,0.050023800485449244,0.027227575968184203,0.07955276966094971,1.5709505944546687,0.7312307859408853,0.8
medqa_test_00650,llama-3.1-8b-instruct,medqa,C,C,True,True,False,10,10,283.9,0.022650384213160075,0.0017573897053371507,0.024407773918497223,0.0031432192014350913,0.08966954480395535,0.05407566029007873,0.03546784413512962,0.05217162147164345,0.0,0.999841186482321,0.8
medqa_test_00540,llama-3.1-8b-instruct,medqa,E,E,True,True,False,10,10,390.8,0.017094092500629224,0.0,0.017094092500629224,0.000520577089289276,0.07649075021296724,0.04320908983222459,0.025734297443268984,0.08904808014631271,1.0,0.970717143200592,0.8
medqa_test_00796,llama-3.1-8b-instruct,medqa,D,A,False,True,False,10,10,286.8,0.020192670465342018,0.0,0.020192670465342018,0.0027083342113134595,0.04883605426780772,0.02159675454323995,0.012118343217986782,0.11508962512016296,0.9709505944546686,0.9998207773351598,1.0
medqa_test_00715,llama-3.1-8b-instruct,medqa,B,B,True,True,False,10,10,367.3,0.016160063660518288,0.0,0.016160063660518288,0.002841677876886973,0.06550245367244673,0.03568659761920055,0.019166878933398322,0.12618842720985413,1.295461844238322,0.9999921114344106,0.8
medqa_test_00002,llama-3.1-8b-instruct,medqa,C,C,True,True,False,10,10,415.9,0.015352352438564126,0.0,0.015352352438564126,0.0001805054151624549,0.03823135612711589,0.01684651144386825,0.00861406465139133,0.12262017279863358,0.0,0.9988364409194511,0.9
medqa_test_00395,llama-3.1-8b-instruct,medqa,C,C,True,True,False,10,10,450.7,0.005786361553344733,0.0,0.005786361553344733,0.0010802791181707496,0.04502863411701635,0.018903268402095764,0.010283966701468028,0.09672300517559052,0.0,1.0,0.8
medqa_test_00464,llama-3.1-8b-instruct,medqa,C,C,True,True,False,10,10,432.3,0.014647137923482375,0.0,0.014647137923482375,0.0016862454742597912,0.06006187238289064,0.03120442087229003,0.017638745329886317,0.11004877090454102,0.0,1.0,0.8
medqa_test_00331,llama-3.1-8b-instruct,medqa,B,B,True,True,False,10,10,397.5,0.013368697935949686,0.0,0.013368697935949686,0.00021929824561403506,0.03833728892160835,0.0184263089322527,0.011095333124418561,0.1072554811835289,0.0,0.46864390957903973,0.9
medqa_test_00959,llama-3.1-8b-instruct,medqa,B,B,True,True,False,10,10,445.3,0.018991100200029316,0.0,0.018991100200029316,0.0008431986840605442,0.07942901635007737,0.040930747077985566,0.02425177141049356,0.09454634040594101,0.0,0.3209910967136712,0.8
medqa_test_00761,llama-3.1-8b-instruct,medqa,E,D,False,True,False,10,10,456.2,0.02322877241658668,0.0,0.02322877241658668,0.0006840979816067175,0.04566978845159085,0.023596107586971914,0.014389932205739187,0.13832098245620728,0.0,0.9999987927782477,0.8
medqa_test_00454,llama-3.1-8b-instruct,medqa,E,D,False,True,False,10,10,252.5,0.013563239601856746,0.0,0.013563239601856746,0.0017970811802584194,0.048958982803092375,0.025519442915503076,0.013622846048148252,0.13255222141742706,1.4854752972273344,0.9999962733616176,0.0
medqa_test_00107,llama-3.1-8b-instruct,medqa,A,E,False,True,False,10,10,364.2,0.01724227687338041,0.0,0.01724227687338041,0.004817320513158401,0.06002193725142291,0.030351713393281642,0.01717840581665726,0.11351753771305084,1.1567796494470395,0.4050135191656638,0.8
medqa_test_00920,llama-3.1-8b-instruct,medqa,A,A,True,True,False,10,10,449.0,0.016691645526064152,0.0,0.016691645526064152,0.0,0.07495159783870126,0.04318138328082337,0.027648219191361224,0.06946437805891037,0.0,0.0002611902490573241,0.8
medqa_test_00528,llama-3.1-8b-instruct,medqa,D,D,True,True,False,10,9,356.7,0.015593735744680254,0.0,0.015593735744680254,0.0011464890147494342,0.03853776882606328,0.018439595180905433,0.011582141914486099,0.15910829603672028,0.7642045065086203,1.0,0.8
medqa_test_01166,llama-3.1-8b-instruct,medqa,D,D,True,True,False,10,10,423.9,0.01572909139326739,0.0,0.01572909139326739,0.0005111200557120861,0.08684152881624982,0.04530996792570644,0.02654244499847419,0.09130989015102386,0.0,0.9999999226558608,0.8
medqa_test_00187,llama-3.1-8b-instruct,medqa,B,B,True,True,False,10,10,375.5,0.009305466726105842,0.0,0.009305466726105842,0.0005194805194805195,0.09692907643996794,0.06220402789664957,0.043725774968024975,0.07690786570310593,0.0,1.0,0.9
medqa_test_00823,llama-3.1-8b-instruct,medqa,D,D,True,True,False,10,10,352.2,0.012198986989061477,0.0,0.012198986989061477,0.002614445314353173,0.07502387715365046,0.04488312660468632,0.027112288002293296,0.12888140976428986,0.4689955935892812,0.9883441478967621,0.8
medqa_test_00997,llama-3.1-8b-instruct,medqa,E,E,True,True,False,10,10,421.9,0.012619691337709089,0.0007005521304029054,0.013320243468111993,0.0002403846153846154,0.029759861520307084,0.012076687129307396,0.006594010001515438,0.10106121003627777,0.0,0.9999930482961527,0.8
medqa_test_00371,llama-3.1-8b-instruct,medqa,A,A,True,True,False,10,10,387.2,0.011414214846264942,0.0,0.011414214846264942,0.0002336448598130841,0.048875390932817175,0.024665523780301502,0.013220555643728482,0.13460880517959595,0.4689955935892812,0.0,0.8
medqa_test_01142,llama-3.1-8b-instruct,medqa,A,B,False,True,False,10,10,362.2,0.016219142033711022,0.00025316455696202533,0.01647230659067305,0.0020228067975959045,0.04037632794445524,0.015304283993547052,0.006054684781935715,0.14340710639953613,1.8464393446710154,0.9993736659351632,0.8
medqa_test_00586,llama-3.1-8b-instruct,medqa,B,B,True,True,False,10,10,437.9,0.01942762084589998,0.0,0.01942762084589998,0.0014432554641286102,0.06011660557440866,0.0292629170284154,0.01636416491250222,0.13490110635757446,0.7219280948873623,1.0,0.8
medqa_test_00195,llama-3.1-8b-instruct,medqa,C,C,True,True,False,10,10,357.6,0.03167275141361969,0.0,0.03167275141361969,0.0033336323315090745,0.0980311902198698,0.059369990018100026,0.036372121852206965,0.09181017428636551,0.0,0.9999930377412789,0.9
medqa_test_01155,llama-3.1-8b-instruct,medqa,E,E,True,True,False,10,10,342.0,0.0102684688092811,0.0,0.0102684688092811,0.0002583979328165375,0.0829526365407884,0.05656823429965606,0.040754283978879,0.15001733601093292,0.8812908992306927,0.9964078463827352,0.8
medqa_test_00536,llama-3.1-8b-instruct,medqa,E,B,False,True,False,10,10,272.2,0.023389169418102054,0.0,0.023389169418102054,0.001809658777761861,0.040788344187592605,0.01604902975872079,0.0072457930184780086,0.1278277337551117,0.7219280948873623,0.7051630814481015,0.8
medqa_test_00510,llama-3.1-8b-instruct,medqa,A,A,True,True,False,10,10,312.3,0.0326008375949536,0.0,0.0326008375949536,0.0018939338631443017,0.04583105948347462,0.0208006376803996,0.008876706890363673,0.10717353969812393,0.0,0.9668014586119752,0.8
medqa_test_00976,llama-3.1-8b-instruct,medqa,E,C,False,True,False,10,10,399.5,0.02060296267464289,0.0,0.02060296267464289,0.0008559957331066993,0.05690863103668359,0.023861701935462366,0.01112554848339391,0.09486894309520721,0.9219280948873623,0.9999962734513848,0.8
medqa_test_01050,llama-3.1-8b-instruct,medqa,D,C,False,True,False,10,10,319.3,0.014298011803522017,0.0018015068374446996,0.016099518640966717,0.004025751388975504,0.05324423061231898,0.023050803221096972,0.00880119655489121,0.07677988708019257,0.8812908992306927,0.9999945783822232,0.8
medqa_test_00742,llama-3.1-8b-instruct,medqa,B,B,True,True,False,10,10,411.5,0.014160270022131674,0.0,0.014160270022131674,0.0005097678929168421,0.11222046760701661,0.06831352780277211,0.044827970904390516,0.10826216638088226,1.1567796494470395,0.9999646437521558,0.8
medqa_test_01263,llama-3.1-8b-instruct,medqa,A,A,True,True,False,10,10,417.9,0.019372502378044762,0.0,0.019372502378044762,0.0,0.037646269698704694,0.013097179191099751,0.005180928276688234,0.12446962296962738,0.9709505944546686,0.3486601494059247,0.0
medqa_test_00631,llama-3.1-8b-instruct,medqa,B,B,True,True,False,10,10,470.3,0.00758367562068967,0.0,0.00758367562068967,0.00019569471624266143,0.059624091169676506,0.03078707257058505,0.0178512739763388,0.1369989961385727,0.4689955935892812,0.9999688064059026,0.9
medqa_test_01157,llama-3.1-8b-instruct,medqa,E,E,True,True,False,10,10,469.5,0.008584707468528033,0.0,0.008584707468528033,0.0012956393608094465,0.05654245405834214,0.027358518919985177,0.014176544064738316,0.11358265578746796,0.0,1.0,0.8
medqa_test_00473,llama-3.1-8b-instruct,medqa,D,D,True,True,False,10,10,390.5,0.011737466518139634,0.0,0.011737466518139634,0.0,0.047949004504294804,0.022035934544358603,0.007753157511644959,0.0956350564956665,0.0,0.5314001197251654,0.9
medqa_test_00812,llama-3.1-8b-instruct,medqa,E,E,True,True,False,10,10,458.1,0.02244712593105933,0.0,0.02244712593105933,0.0003842547819603269,0.0495245680176555,0.01652999763646328,0.0075098716447522754,0.086427241563797,0.0,1.0,0.8
medqa_test_00299,llama-3.1-8b-instruct,medqa,B,B,True,True,False,10,10,325.4,0.007327251498858922,0.00014084507042253522,0.0074680965692814575,0.01036371891523161,0.1276354755682682,0.0770989687014305,0.04608536463421427,0.14283429086208344,0.4689955935892812,0.40714605384865593,0.8
medqa_test_00717,llama-3.1-8b-instruct,medqa,B,B,True,True,False,10,10,382.9,0.016562750174850045,0.0,0.016562750174850045,0.0,0.07428235692218844,0.03921320333930913,0.023336434790777072,0.12253326922655106,0.9219280948873623,0.1069037331219623,0.8
medqa_test_00850,llama-3.1-8b-instruct,medqa,C,A,False,True,False,10,10,403.1,0.01780996197736882,0.0,0.01780996197736882,0.0003205128205128205,0.052958887329375225,0.022374661455936105,0.010739226992346551,0.09509801864624023,1.295461844238322,1.0,0.8
medqa_test_00049,llama-3.1-8b-instruct,medqa,D,D,True,True,False,10,10,360.5,0.003004354549105981,0.00030120481927710846,0.0033055593683830897,0.0014286826221034635,0.08421910219531159,0.04524555544012201,0.024496558359930243,0.1373225897550583,0.7219280948873623,1.0,0.8
medqa_test_00793,llama-3.1-8b-instruct,medqa,B,B,True,True,False,10,10,305.3,0.0138265999129366,0.0,0.0138265999129366,0.0006880548829701372,0.04780397686516461,0.02609042532780641,0.016665248499773366,0.11168493330478668,0.9219280948873623,0.9873001797349451,0.8
medqa_test_00100,llama-3.1-8b-instruct,medqa,E,E,True,True,False,10,10,497.9,0.016413516599490197,0.0,0.016413516599490197,0.004480886506374971,0.0578823247724797,0.029747236594157123,0.016925582423521667,0.11452082544565201,1.1567796494470395,2.7535696403639304e-05,0.8
medqa_test_00662,llama-3.1-8b-instruct,medqa,E,E,True,True,False,10,10,399.8,0.026333215568989776,0.0,0.026333215568989776,0.0006111549714391864,0.06328932832028283,0.03347466188213631,0.016105232255235146,0.1395876258611679,0.0,1.0,0.8
medqa_test_00665,llama-3.1-8b-instruct,medqa,C,E,False,False,False,9,9,329.6,0.008365128713573648,0.0,0.008365128713573648,0.0011524907069721164,0.09140122810670485,0.05288516232100506,0.035143109145872896,0.13145621120929718,0.5032583347756457,1.0,1.0
medqa_test_01254,llama-3.1-8b-instruct,medqa,B,B,True,True,False,10,10,462.6,0.020241228375229774,0.0,0.020241228375229774,0.00088090925794682,0.05395183836197796,0.025531650284867435,0.012293239350745278,0.08727049082517624,0.9709505944546686,0.9993736723225821,0.9
medqa_test_01150,llama-3.1-8b-instruct,medqa,A,A,True,True,False,10,10,356.7,0.014826346767562148,0.0,0.014826346767562148,0.002455102483096352,0.03797207644059984,0.019801095406915947,0.010726067856154653,0.16224440932273865,0.7219280948873623,0.8943784999163302,0.8
medqa_test_00044,llama-3.1-8b-instruct,medqa,B,B,True,True,False,10,10,411.9,0.02795244028728257,0.0,0.02795244028728257,0.0,0.05500102883414023,0.021933252319617246,0.00867867932544627,0.11617397516965866,1.7709505944546688,1.0,0.8
medqa_test_00289,llama-3.1-8b-instruct,medqa,D,D,True,True,False,10,10,424.4,0.019699026119735008,0.0,0.019699026119735008,0.000423728813559322,0.07044855567861044,0.031051463883033092,0.019972771914573063,0.11384928971529007,0.9219280948873623,0.9990889495844338,0.8
medqa_test_01201,llama-3.1-8b-instruct,medqa,D,D,True,True,False,10,10,450.1,0.023732902510167558,0.0,0.023732902510167558,0.0,0.05978273296114707,0.028985470022538595,0.015515431487652488,0.07963374257087708,0.0,0.9999987902157133,0.8
medqa_test_00861,llama-3.1-8b-instruct,medqa,C,E,False,True,False,10,10,551.5,0.017581722621363687,0.0,0.017581722621363687,0.00031739888721910324,0.04694294927730218,0.020608320191393505,0.010354638310720522,0.12338673323392868,0.9219280948873623,0.9999833002450882,0.8
medqa_test_00898,llama-3.1-8b-instruct,medqa,C,C,True,True,False,10,10,401.2,0.017842805865344584,0.0,0.017842805865344584,0.0,0.04288051842948196,0.01708876631860894,0.008560672391643976,0.10190915316343307,0.0,0.9902915232499077,0.8
medqa_test_00328,llama-3.1-8b-instruct,medqa,B,B,True,True,False,10,10,393.5,0.017895479801663002,0.0005921224241370315,0.018487602225800037,0.0010165896681729098,0.05409685754765452,0.02809144610935571,0.014107608094276126,0.07949331402778625,0.0,0.9999962733595993,0.8
medqa_test_01071,llama-3.1-8b-instruct,medqa,A,B,False,True,False,10,10,329.6,0.015410435474728642,0.0,0.015410435474728642,0.001103316787796569,0.02613887221325494,0.011577166642741232,0.006224256350085322,0.1226080134510994,0.7219280948873623,1.0,0.8
medqa_test_01032,llama-3.1-8b-instruct,medqa,C,C,True,True,False,10,10,386.4,0.01576305906611816,0.0,0.01576305906611816,0.00017921146953405018,0.029131579283573118,0.014044179199548446,0.006890842115582796,0.1586115062236786,0.7219280948873623,0.9525742155170053,0.8
medqa_test_00892,llama-3.1-8b-instruct,medqa,E,A,False,True,False,10,10,415.9,0.0108837975975541,0.0010650551910984859,0.011948852788652587,0.0029447630483584717,0.05713454063362252,0.028147070992658462,0.015552858402973001,0.13457012176513672,1.0,0.9997694600782598,0.8
medqa_test_00623,llama-3.1-8b-instruct,medqa,A,A,True,True,False,10,10,354.4,0.003099215408964078,0.0,0.003099215408964078,0.005136315506236286,0.07604587862165435,0.034629018701469685,0.015483058519053083,0.111305832862854,0.0,0.9963852019713861,1.0
medqa_test_01173,llama-3.1-8b-instruct,medqa,A,A,True,True,False,10,10,434.5,0.007064169178893347,0.0,0.007064169178893347,0.0005890422977834143,0.06930200018312774,0.033979916259836096,0.017825687439915604,0.11618130654096603,0.0,0.9993736658791997,0.8
medqa_test_00246,llama-3.1-8b-instruct,medqa,A,B,False,True,False,10,10,336.0,0.014394978731526962,0.0003861003861003861,0.01478107911762735,0.005494812383700385,0.08117450485927383,0.04816380743884889,0.03270535121624253,0.13408850133419037,2.246439344671016,0.9922204324347054,0.8
medqa_test_00272,llama-3.1-8b-instruct,medqa,C,C,True,True,False,10,10,374.1,0.008316060905739355,0.0,0.008316060905739355,0.0016365585608600713,0.065223991542969,0.03316837409373543,0.019041210339807213,0.08385811746120453,0.0,0.9999962740113785,1.0
medqa_test_00581,llama-3.1-8b-instruct,medqa,D,D,True,True,False,10,10,569.6,0.010081277738804744,0.0,0.010081277738804744,0.003184858346235664,0.09665795408186745,0.05931293841412059,0.038386791344352744,0.08659245073795319,1.9609640474436814,1.0,0.8
medqa_test_00489,llama-3.1-8b-instruct,medqa,D,D,True,True,False,10,10,381.1,0.007902658832541605,0.0,0.007902658832541605,0.0016750410495030683,0.11910853212958394,0.09098257043773118,0.07256467163020602,0.11427423357963562,0.0,0.9999995549193282,0.9
medqa_test_01185,llama-3.1-8b-instruct,medqa,C,C,True,True,False,10,10,474.5,0.009850544046951761,0.0,0.009850544046951761,0.0010644937071586445,0.03714754718396871,0.0167779682057828,0.010657531614836513,0.08279456198215485,0.0,0.9999998362707994,0.8
medqa_test_01138,llama-3.1-8b-instruct,medqa,E,E,True,True,False,10,10,368.2,0.01604836315602875,0.0,0.01604836315602875,0.0004733317294511926,0.04178499831353226,0.021048481058494696,0.011778344413810015,0.12808601558208466,0.7219280948873623,0.9999997300454261,0.8
medqa_test_00214,llama-3.1-8b-instruct,medqa,B,B,True,True,False,10,10,466.4,0.019022273882606817,0.0,0.019022273882606817,0.0003995545691946956,0.05238762228263051,0.024425390414262706,0.012002365732259778,0.0798291489481926,0.4689955935892812,1.0,0.8
medqa_test_00848,llama-3.1-8b-instruct,medqa,C,C,True,True,False,10,10,401.3,0.01324654651698363,0.0,0.01324654651698363,0.0,0.05264277090309459,0.025190292674021498,0.013626323413665908,0.10037384182214737,0.0,0.4073334000459302,0.8
medqa_test_00455,llama-3.1-8b-instruct,medqa,D,A,False,True,False,10,10,364.8,0.010062286446939406,0.0,0.010062286446939406,0.0020205562645567356,0.08354792180011536,0.0394210321343917,0.020689819696051836,0.14410799741744995,0.0,1.0,0.8
medqa_test_00835,llama-3.1-8b-instruct,medqa,C,B,False,True,False,10,9,489.2,0.01583168352522307,0.0,0.01583168352522307,0.001148803503344581,0.059425728836836667,0.028993782857499917,0.016546510953258618,0.12470594048500061,0.9910760598382222,0.0,0.8
medqa_test_00078,llama-3.1-8b-instruct,medqa,D,D,True,False,True,10,10,451.6,0.01635228783676632,0.00021881838074398248,0.0165711062175103,0.00046476309468672925,0.06897264369877178,0.03786888773754277,0.0215729353838681,0.12515756487846375,1.4854752972273344,1.0,0.9
medqa_test_00860,llama-3.1-8b-instruct,medqa,D,D,True,True,False,10,10,405.8,0.020499234035695955,0.0,0.020499234035695955,0.0012928065651685108,0.040238179954786256,0.022499034888017234,0.013463008304337743,0.13714128732681274,0.9709505944546686,1.0,0.8
medqa_test_00022,llama-3.1-8b-instruct,medqa,D,D,True,True,False,10,10,454.0,0.012171567655067208,0.0,0.012171567655067208,0.0013094446924265873,0.06880691510631018,0.036704568273918416,0.018607021153336557,0.10293225944042206,0.0,0.9283524950568094,0.9
medqa_test_00603,llama-3.1-8b-instruct,medqa,B,B,True,True,False,10,10,429.7,0.025073307321108657,0.0,0.025073307321108657,0.0011426509351330542,0.0437408435559641,0.02065632992346017,0.01226279459924029,0.11126115918159485,0.4689955935892812,0.9998601783217704,0.8
medqa_test_00356,llama-3.1-8b-instruct,medqa,A,D,False,True,False,10,10,354.4,0.007418665138728508,0.0,0.007418665138728508,0.0002136752136752137,0.09433421180793208,0.054012833620893805,0.03313031983667848,0.11632954329252243,0.4689955935892812,1.0,0.8
medqa_test_01236,llama-3.1-8b-instruct,medqa,C,C,True,True,False,10,10,532.8,0.010315411225965382,0.0,0.010315411225965382,0.0,0.06293788179798857,0.029226720348879697,0.013811106192421685,0.10254081338644028,0.0,0.998830652793003,0.8
medqa_test_00185,llama-3.1-8b-instruct,medqa,D,D,True,True,False,10,10,361.9,0.030118049838578555,0.0,0.030118049838578555,0.002186908460948209,0.039594061986226545,0.019765390875160403,0.011696193470887484,0.09447430819272995,0.0,0.9999987905422065,0.8
medqa_test_01193,llama-3.1-8b-instruct,medqa,D,B,False,True,False,10,10,423.9,0.01060692192088936,0.0,0.01060692192088936,0.002668565954920386,0.06058635552509996,0.027486323708901517,0.01364082967955712,0.08808063715696335,0.7219280948873623,0.020332355123551627,0.8
medqa_test_00711,llama-3.1-8b-instruct,medqa,C,C,True,True,False,10,10,440.5,0.010542152823459373,0.0,0.010542152823459373,0.0018627571082204708,0.04668116245688436,0.022681752143027034,0.013753895720504594,0.08876430988311768,0.4689955935892812,0.9975273772109037,0.9
medqa_test_00263,llama-3.1-8b-instruct,medqa,C,C,True,True,False,10,10,437.0,0.010615228814430843,0.0,0.010615228814430843,0.0006605898685106606,0.0617450911664796,0.03124542830133218,0.017335370251260872,0.06577600538730621,0.4689955935892812,0.9999997897584719,0.8
medqa_test_00667,llama-3.1-8b-instruct,medqa,A,A,True,True,False,10,10,243.9,0.008422878477846712,0.0,0.008422878477846712,0.0006229267916377382,0.015369723742514529,0.007027172021661465,0.0035766201817862275,0.13928741216659546,0.0,0.9840940379155217,1.0
medqa_test_01187,llama-3.1-8b-instruct,medqa,B,B,True,True,False,10,10,342.6,0.011421772441485586,0.0,0.011421772441485586,0.0,0.037062167424649496,0.017490845706136515,0.008788369401183794,0.12473780661821365,0.4689955935892812,0.9999945784719828,1.0
medqa_test_00463,llama-3.1-8b-instruct,medqa,B,A,False,True,False,10,9,459.5,0.009878822231507232,0.00016474464579901152,0.010043566877306244,0.0009980231942179189,0.07934616191946645,0.054126395377523506,0.03768739615800776,0.07940463721752167,0.9182958340544896,0.9999832988262991,0.8
medqa_test_00639,llama-3.1-8b-instruct,medqa,A,B,False,True,False,10,8,486.9,0.005775351485968502,0.0003125,0.0060878514859685024,0.002075881247432762,0.04700803955452852,0.020083853638921578,0.009944435045502353,0.1509944498538971,0.5435644431995964,1.0,0.8
medqa_test_01238,llama-3.1-8b-instruct,medqa,D,D,True,True,False,10,10,518.0,0.016540927266591322,0.0,0.016540927266591322,0.0,0.0594140287962577,0.025263999988172713,0.014115035623068529,0.12304757535457611,1.6854752972273344,0.9999974395022051,0.8
medqa_test_00231,llama-3.1-8b-instruct,medqa,A,C,False,True,False,10,10,365.8,0.021640997387171103,0.00026041666666666666,0.021901414053837772,0.0003278688524590164,0.06325799581703184,0.02918381536542384,0.012292904184668153,0.12366429716348648,0.8812908992306927,0.9999999936512053,0.8
medqa_test_00177,llama-3.1-8b-instruct,medqa,D,D,True,True,False,10,10,396.5,0.01975523914882609,0.0,0.01975523914882609,0.00048434397081235854,0.02482191333788535,0.008308365686165053,0.002819533914361494,0.09880083799362183,0.0,0.0,0.9
medqa_test_00296,llama-3.1-8b-instruct,medqa,A,A,True,True,False,10,10,403.4,0.017645058345124465,0.0,0.017645058345124465,0.0020903389439535435,0.0419049884616436,0.019738425495396294,0.008939883319960507,0.1017497181892395,0.9219280948873623,0.9978172871740042,0.8
medqa_test_00482,llama-3.1-8b-instruct,medqa,C,C,True,True,False,10,10,337.9,0.004379197256960979,0.0009000416329461045,0.005279238889907083,0.002271552935933581,0.12360817441257173,0.07189873425513692,0.05120174850007146,0.08289466053247452,0.0,1.0,0.9
medqa_test_01255,llama-3.1-8b-instruct,medqa,B,E,False,True,False,10,10,363.9,0.01599051250682791,0.0,0.01599051250682791,0.005471688884875208,0.10436396113706255,0.05445588453708021,0.030971910089473788,0.1564818024635315,1.3709505944546687,0.7028328131092837,0.8
medqa_test_00857,llama-3.1-8b-instruct,medqa,D,D,True,True,False,10,10,297.6,0.002221812901772582,0.0027723571469656623,0.0049941700487382435,0.0003472222222222222,0.06985982250630038,0.039698667045868406,0.02284772776655125,0.09898155182600021,0.0,1.0,1.0
medqa_test_01251,llama-3.1-8b-instruct,medqa,A,A,True,True,False,10,10,331.2,0.0170996928895362,0.0,0.0170996928895362,0.0004347826086956522,0.04294070584110523,0.02189377101616079,0.01269767300810809,0.12887103855609894,0.0,1.0,0.8
medqa_test_00021,llama-3.1-8b-instruct,medqa,A,C,False,True,False,10,10,494.3,0.018077112198612015,0.0,0.018077112198612015,0.0002242152466367713,0.06351151134645847,0.02733927413323354,0.013728867910220521,0.10078173875808716,1.8464393446710154,0.9999967116602724,0.8
medqa_test_00056,llama-3.1-8b-instruct,medqa,C,C,True,True,False,10,10,274.5,0.014097717801635382,0.001822771435535022,0.0159204892371704,0.001163358778625954,0.04114969564980321,0.016316704931832127,0.008572658967680214,0.08180440217256546,0.0,0.9999991684893924,0.8
medqa_test_00485,llama-3.1-8b-instruct,medqa,E,B,False,True,False,10,10,384.4,0.01510017632687439,0.0,0.01510017632687439,0.0006697486960644855,0.04850534610732808,0.021223735533609178,0.013605506657353005,0.11893972754478455,0.0,0.9525741261492485,0.9
medqa_test_00887,llama-3.1-8b-instruct,medqa,A,E,False,True,False,10,10,516.7,0.017610426766452258,0.0,0.017610426766452258,0.0011853748211777218,0.07267707881233598,0.03872238073543719,0.021706210154009253,0.18685299158096313,1.1567796494470395,4.006369058753533e-05,0.8
medqa_test_00090,llama-3.1-8b-instruct,medqa,E,E,True,True,False,10,10,385.6,0.013746940402224208,0.0,0.013746940402224208,0.0018051211296641618,0.054247553472559995,0.03223052138318566,0.021001244849048018,0.1212659403681755,0.0,0.9997574356589988,1.0
medqa_test_00886,llama-3.1-8b-instruct,medqa,A,A,True,True,False,10,10,415.3,0.00793041444648975,0.0,0.00793041444648975,0.0037799298739418312,0.026688652471184727,0.00865852254849515,0.0031392796188348558,0.11016695946455002,1.3609640474436813,0.973749237653854,0.8
medqa_test_01026,llama-3.1-8b-instruct,medqa,A,A,True,True,False,10,10,424.1,0.017380564693369557,0.0,0.017380564693369557,0.0008711150639871814,0.05577106779122928,0.028942490490211636,0.017739502869657798,0.10848935693502426,0.7219280948873623,0.9999485363363454,0.8
medqa_test_00529,llama-3.1-8b-instruct,medqa,C,C,True,True,False,10,10,354.5,0.019642330786204826,0.0,0.019642330786204826,0.0,0.05658507969601554,0.027496347940710597,0.014574701972690396,0.08839952945709229,0.0,0.8314790039707955,0.8
medqa_test_00055,llama-3.1-8b-instruct,medqa,B,B,True,True,False,10,10,344.6,0.011167971232180452,0.0,0.011167971232180452,0.0,0.048374122764008064,0.024652114801758485,0.014174253259088509,0.10864769667387009,0.0,1.0,0.9
medqa_test_00658,llama-3.1-8b-instruct,medqa,D,D,True,True,False,10,10,358.7,0.005550140986231464,0.0,0.005550140986231464,0.00483538259048505,0.04574424307413649,0.017698360629110853,0.007725639339351576,0.10121259838342667,0.4689955935892812,0.999915192841043,0.9
medqa_test_00706,llama-3.1-8b-instruct,medqa,C,E,False,True,False,10,10,478.5,0.019742937546166166,0.0,0.019742937546166166,0.0008254030583488798,0.03821783993924012,0.013338088758067624,0.0060234738188066905,0.11131579428911209,0.4689955935892812,0.9978172865383829,0.8
medqa_test_00545,llama-3.1-8b-instruct,medqa,D,D,True,True,False,10,10,410.7,0.027141047744841586,0.0,0.027141047744841586,0.0009598647119540404,0.035782909912702485,0.014244823433814313,0.007540611036831402,0.07659407705068588,0.0,0.9999994958698492,0.8
medqa_test_00238,llama-3.1-8b-instruct,medqa,B,D,False,True,False,10,9,525.6,0.011068758738005289,0.0013647247835488281,0.012433483521554118,0.011418781036126155,0.13619207005989672,0.07932105539434439,0.048057923351559596,0.09084183722734451,1.6577427265048887,0.9998911634104937,0.8
medqa_test_00878,llama-3.1-8b-instruct,medqa,D,D,True,True,False,10,10,275.6,0.010794866448412101,0.0,0.010794866448412101,0.003862501791985124,0.08422122858767526,0.04452248809232211,0.022769885448603644,0.08557230979204178,0.0,1.0,1.0
medqa_test_00192,llama-3.1-8b-instruct,medqa,E,E,True,True,False,10,10,327.4,0.0032606535726151962,0.0004662638031475524,0.003726917375762749,0.002252425578238757,0.12655199923063773,0.0870997399540672,0.06265128173015189,0.10066370666027069,0.0,0.0,0.9
medqa_test_00738,llama-3.1-8b-instruct,medqa,A,A,True,True,False,10,10,149.7,0.009255447768257135,0.0,0.009255447768257135,0.003478453454879106,0.12179081322073175,0.051365015083267976,0.025891378977448476,0.08738183230161667,0.4689955935892812,0.9991959178120543,1.0
medqa_test_01250,llama-3.1-8b-instruct,medqa,B,D,False,True,False,10,10,368.7,0.004265895348221737,0.0,0.004265895348221737,0.001560459406178153,0.10540779927541374,0.06312319465615492,0.04421854288535806,0.07520805299282074,0.0,0.9999977396766452,0.9
medqa_test_01233,llama-3.1-8b-instruct,medqa,B,E,False,True,False,10,10,491.7,0.016855523658146625,0.0,0.016855523658146625,0.00020833333333333332,0.044481635484952396,0.021393211111099042,0.013066605648637175,0.15607130527496338,1.895461844238322,0.9998415637431293,0.8
medqa_test_00531,llama-3.1-8b-instruct,medqa,D,C,False,True,False,10,10,489.2,0.008228857943990522,0.0,0.008228857943990522,0.00195496406694423,0.05743534423768941,0.03284059002802804,0.020256070796045487,0.10337331891059875,1.5709505944546684,0.9999999764113437,0.9
medqa_test_00568,llama-3.1-8b-instruct,medqa,A,A,True,True,False,10,10,481.4,0.011132131855851136,0.0,0.011132131855851136,0.0,0.03971847720532677,0.01661193862262781,0.008304971508037284,0.10710832476615906,0.0,0.002472622568573203,0.95
medqa_test_00286,llama-3.1-8b-instruct,medqa,D,D,True,True,False,10,10,254.7,0.010482472719233027,0.0,0.010482472719233027,0.004255769876101992,0.10642592411381244,0.0616851736519321,0.037413944424581624,0.10421688109636307,0.0,0.9999957772436703,1.0
medqa_test_00757,llama-3.1-8b-instruct,medqa,E,A,False,True,False,10,10,502.9,0.018182125146876574,0.0,0.018182125146876574,0.0001818181818181818,0.057500707470627875,0.032871716496362634,0.019966897339154743,0.19151942431926727,1.4854752972273344,0.9706878120442576,0.8
medqa_test_00785,llama-3.1-8b-instruct,medqa,D,C,False,True,False,10,10,489.3,0.022266311171149838,0.0,0.022266311171149838,0.0008724544512735352,0.05902430736936424,0.03572674521539619,0.023380155355964216,0.14631392061710358,0.7219280948873623,1.0,0.9
medqa_test_00067,llama-3.1-8b-instruct,medqa,C,C,True,True,False,10,9,431.9,0.014606605417120175,0.0,0.014606605417120175,0.0011660051360085956,0.05488422630565707,0.02494236924318922,0.0121752929167678,0.1071448028087616,0.5032583347756457,1.0,0.9
medqa_test_01108,llama-3.1-8b-instruct,medqa,D,D,True,True,False,10,10,453.8,0.018054695592278847,0.0,0.018054695592278847,0.0027140790425929907,0.11219570164928527,0.060918555008396005,0.03634157957472047,0.1222027912735939,0.9219280948873623,0.9999833046192679,0.8
medqa_test_00571,llama-3.1-8b-instruct,medqa,C,C,True,True,False,10,10,445.2,0.027684084688587483,0.0,0.027684084688587483,0.0010714154843223908,0.051746679627266645,0.025745600306082285,0.014751694473999688,0.11932747811079025,0.0,0.9985460912159949,0.8
medqa_test_00212,llama-3.1-8b-instruct,medqa,E,A,False,True,False,10,10,286.9,0.014342765645410427,0.0,0.014342765645410427,0.005661271513407208,0.0998130683210872,0.05750266548090871,0.03989032487383261,0.16934464871883392,0.9219280948873623,1.0,1.0
medqa_test_00220,llama-3.1-8b-instruct,medqa,D,D,True,True,False,10,10,357.9,0.020520511261938122,0.0,0.020520511261938122,0.004412405070523547,0.04136937142068239,0.022240525608500684,0.012650410441905013,0.12843045592308044,0.8812908992306927,0.7516789359307335,0.8
medqa_test_01132,llama-3.1-8b-instruct,medqa,E,E,True,True,False,10,9,490.6,0.0315584752185903,0.0,0.0315584752185903,0.0009357911920975555,0.05274061787958736,0.025463221561105344,0.013145012135939715,0.15209785103797913,0.0,0.9528765827390587,0.8
medqa_test_01020,llama-3.1-8b-instruct,medqa,D,E,False,True,False,10,10,551.3,0.018364053551980487,0.0004149377593360996,0.018778991311316585,0.0018338993463161875,0.10286047263441285,0.05820358950070002,0.037086167820383195,0.1094638854265213,2.1219280948873624,0.9999996533744578,0.8
medqa_test_00492,llama-3.1-8b-instruct,medqa,C,C,True,True,False,10,10,412.8,0.011994769241632413,0.0,0.011994769241632413,0.0020225956431043023,0.06597282481604032,0.037948927102706566,0.02649160980020483,0.09325681626796722,1.6854752972273346,0.9998766230832014,0.8
medqa_test_00988,llama-3.1-8b-instruct,medqa,B,E,False,True,False,10,10,411.2,0.01353116434267608,0.0031289855399215722,0.016660149882597654,0.01296640956542961,0.1331933061733142,0.06948056680084028,0.03825084862752367,0.06899925321340561,0.0,1.0,0.8
medqa_test_00420,llama-3.1-8b-instruct,medqa,B,B,True,True,False,10,10,286.5,0.013843888310032883,0.0,0.013843888310032883,0.00033444816053511704,0.07736756613478228,0.037960133877868285,0.01831194663500737,0.12164964526891708,0.0,0.9999987901909869,1.0
medqa_test_00978,llama-3.1-8b-instruct,medqa,C,C,True,True,False,10,10,348.4,0.007559041469545532,0.0,0.007559041469545532,0.0022768804819726022,0.08737862420191181,0.06126608329590353,0.04525894214639743,0.11572059988975525,0.0,0.8348103051530463,0.8
medqa_test_00699,llama-3.1-8b-instruct,medqa,A,A,True,True,False,10,10,551.1,0.012694419448955488,0.0,0.012694419448955488,0.0008952834636879227,0.05571735615500878,0.027529549508216965,0.014694809183455648,0.09855880588293076,0.0,0.9999485622965858,0.8
medqa_test_00730,llama-3.1-8b-instruct,medqa,D,D,True,True,False,10,9,414.1,0.017688185906076185,0.0,0.017688185906076185,0.0027855190524666883,0.05681569355299926,0.02379119147783192,0.010094224788711003,0.10811828821897507,0.0,0.9997695464578915,0.8
medqa_test_00969,llama-3.1-8b-instruct,medqa,C,C,True,True,False,10,10,448.5,0.012489534169341999,0.0,0.012489534169341999,0.00024271844660194174,0.0489380029141388,0.022613727891609016,0.009373301354099074,0.08795025944709778,0.0,0.9770226287518852,0.8
medqa_test_00719,llama-3.1-8b-instruct,medqa,A,A,True,True,False,10,10,502.5,0.008814126192335715,0.0,0.008814126192335715,0.003943422994201117,0.12969232317684373,0.07495233847325784,0.04788448351077919,0.1047503799200058,1.360964047443681,3.288750526452758e-06,0.8
medqa_test_00032,llama-3.1-8b-instruct,medqa,E,C,False,True,False,10,10,457.1,0.020125511384780685,0.0,0.020125511384780685,0.0003361344537815126,0.04738417135859415,0.019810702435941796,0.008058736329795601,0.1997230499982834,1.295461844238322,0.9292994304856865,0.8
medqa_test_00876,llama-3.1-8b-instruct,medqa,D,D,True,True,False,10,10,361.4,0.011526860405625337,0.0,0.011526860405625337,0.0019965862782994255,0.058089643043125395,0.03256388948606441,0.017874143163948076,0.061605751514434814,0.0,0.9953904872109502,0.8
medqa_test_00126,llama-3.1-8b-instruct,medqa,A,A,True,True,False,10,9,498.1,0.019334170481429262,0.0,0.019334170481429262,0.0005445891557002668,0.06781228741694022,0.027166113196596897,0.012563557000468139,0.16123050451278687,0.9864267287308424,0.9999546031440877,0.8
medqa_test_00179,llama-3.1-8b-instruct,medqa,D,D,True,True,False,10,10,389.1,0.018426881268467605,0.0,0.018426881268467605,0.00022471910112359551,0.02818034242683587,0.013554133341589192,0.006925850952891865,0.08422573655843735,0.0,0.9975273867444736,0.8
medqa_test_00367,llama-3.1-8b-instruct,medqa,D,A,False,True,False,10,10,432.3,0.010928847178273395,0.0,0.010928847178273395,0.0022839682267759417,0.045509050726450964,0.018881111423756612,0.008943757815447961,0.11403919756412506,1.3709505944546687,0.56343609088251,0.8
medqa_test_00480,llama-3.1-8b-instruct,medqa,B,D,False,True,False,10,10,444.1,0.016493360922110387,0.0002061855670103093,0.016699546489120694,0.00211752188849366,0.042871509494375556,0.019171412126448316,0.01018871350804339,0.1373361200094223,1.5709505944546684,0.9999991684972969,0.8
medqa_test_00121,llama-3.1-8b-instruct,medqa,B,B,True,True,False,10,10,316.7,0.014154966848001119,0.0,0.014154966848001119,0.0,0.06397901941884351,0.03054999170953504,0.018295883000739734,0.08363539725542068,0.0,0.9999952150397685,0.9
medqa_test_00081,llama-3.1-8b-instruct,medqa,B,E,False,True,False,10,10,496.8,0.01842392293758003,0.0,0.01842392293758003,0.003198444954333344,0.06888885190039798,0.028636300739932917,0.010872708520322094,0.21852710843086243,1.360964047443681,0.6791786861878392,0.8
medqa_test_00011,llama-3.1-8b-instruct,medqa,D,D,True,True,False,10,10,565.4,0.015187907442801876,0.0,0.015187907442801876,0.00021834061135371177,0.045233659856440636,0.0226331501244763,0.010042810553501324,0.11270967870950699,0.0,0.9999339478630189,0.9
medqa_test_00829,llama-3.1-8b-instruct,medqa,E,D,False,True,False,10,10,503.3,0.0198579741030672,0.0,0.0198579741030672,0.002140854351391839,0.07025337960947246,0.042646289902637434,0.02658967749445219,0.12567774951457977,1.3709505944546687,0.9959298631297447,0.8
medqa_test_01171,llama-3.1-8b-instruct,medqa,D,D,True,True,False,10,10,471.1,0.009762035688389147,0.0,0.009762035688389147,0.0007421259063915139,0.041429868549107754,0.015872491835930303,0.0051354043060526265,0.11085447669029236,0.4689955935892812,1.0,0.8
medqa_test_01068,llama-3.1-8b-instruct,medqa,B,B,True,True,False,10,10,394.4,0.015307090606973555,0.0,0.015307090606973555,0.0014712650047334316,0.08929691818631666,0.047304752681176274,0.029988731438369255,0.12244927883148193,0.4689955935892812,0.9999251561286452,0.8
medqa_test_01203,llama-3.1-8b-instruct,medqa,C,C,True,True,False,10,10,362.9,0.017022834844955582,0.0002358490566037736,0.017258683901559355,0.005923269993383528,0.09741490040302034,0.06052841043212651,0.035196364510188025,0.0780363380908966,0.9219280948873623,0.9999885221633016,0.8
medqa_test_00820,llama-3.1-8b-instruct,medqa,C,C,True,True,False,10,10,524.9,0.013961701223874103,0.0,0.013961701223874103,0.0003889665406335133,0.03384619917064714,0.012913574800521133,0.004894702768464465,0.08033695816993713,0.0,1.0,0.9
medqa_test_01180,llama-3.1-8b-instruct,medqa,A,A,True,True,False,10,10,324.4,0.01086078426281536,0.001133386528192842,0.011994170791008202,0.0027108639704030257,0.05916380501926131,0.03678948402335784,0.024768183313081515,0.11690381169319153,0.4689955935892812,1.0,0.8
medqa_test_00901,llama-3.1-8b-instruct,medqa,E,E,True,True,False,10,10,369.7,0.016265970758475367,0.0,0.016265970758475367,0.0017330221261234809,0.03473749846411165,0.015184369320736945,0.007687468353214044,0.17979033291339874,0.0,0.9999898761850575,0.8
medqa_test_01100,llama-3.1-8b-instruct,medqa,B,A,False,True,False,10,9,412.7,0.01658278358462582,0.0003105590062111801,0.016893342590837003,0.0012014797833047506,0.07210244982326737,0.038972273345130815,0.01904824904480119,0.12061036378145218,1.3516441151533922,0.0024726216848069815,0.8
medqa_test_01163,llama-3.1-8b-instruct,medqa,C,C,True,True,False,10,10,356.7,0.022394025240592755,0.0,0.022394025240592755,0.0011952389059130633,0.04219192683337839,0.020003112257511668,0.009240870137674561,0.1192217692732811,1.8464393446710154,0.9999921112453868,0.8
medqa_test_00426,llama-3.1-8b-instruct,medqa,C,,,False,True,10,9,358.6,0.015060983714419034,0.0,0.015060983714419034,0.0007526098556116414,0.05116301118624804,0.03147413695035327,0.023003526996534705,0.20799043774604797,0.5032583347756457,0.9946005110599638,0.8
medqa_test_01044,llama-3.1-8b-instruct,medqa,B,B,True,True,False,10,10,343.4,0.00997502723799895,0.0,0.00997502723799895,0.002545120552873827,0.06212676141645864,0.03405713208699597,0.019845960648912662,0.13550633192062378,0.0,0.06761168063180491,0.8
medqa_test_01212,llama-3.1-8b-instruct,medqa,B,B,True,True,False,10,10,395.8,0.013982956247935862,0.001416826936908205,0.015399783184844067,0.00203468522825776,0.09438161158973722,0.05437626382890942,0.036479975914915475,0.08952652662992477,1.1567796494470395,0.9999981262743018,0.8
medqa_test_00888,llama-3.1-8b-instruct,medqa,A,B,False,True,False,10,10,396.3,0.004329960467035014,0.0,0.004329960467035014,0.009894756813730083,0.2280293780410288,0.16428170124634542,0.12237722726667273,0.06123711168766022,1.3609640474436813,0.9999251609622062,0.8
medqa_test_00813,llama-3.1-8b-instruct,medqa,C,E,False,True,False,10,10,389.4,0.018583529283894014,0.0,0.018583529283894014,0.00020661157024793388,0.04294592423567969,0.023958134334870217,0.014389179076273972,0.09715971350669861,0.7219280948873623,1.0,0.8
medqa_test_01107,llama-3.1-8b-instruct,medqa,A,A,True,True,False,10,10,378.8,0.010229973062498787,0.002482369802952689,0.012712342865451476,0.007676134761341781,0.11475172243197936,0.07165746289493925,0.04797015924107637,0.08049427717924118,2.1219280948873624,0.999860178237594,0.8
medqa_test_00875,llama-3.1-8b-instruct,medqa,E,E,True,True,False,10,10,377.0,0.013256712483291678,0.0,0.013256712483291678,0.0,0.06898070921225254,0.03474562446025453,0.024984913533453345,0.08861697465181351,0.0,1.0,0.9
medqa_test_00659,llama-3.1-8b-instruct,medqa,D,E,False,True,False,10,10,384.5,0.023982143221828504,0.0,0.023982143221828504,0.0028520806113709477,0.057271845965703984,0.029025793816522916,0.017161340195607656,0.13943587243556976,2.1709505944546685,0.999754698642662,0.8
medqa_test_00125,llama-3.1-8b-instruct,medqa,A,A,True,True,False,10,10,395.0,0.01419394010046315,0.0,0.01419394010046315,0.0028763914374195032,0.07038085993137608,0.03377619332869295,0.016696239004018665,0.10241904854774475,0.9219280948873623,1.0,0.8
medqa_test_00269,llama-3.1-8b-instruct,medqa,D,D,True,True,False,10,10,459.8,0.019511955193249088,0.00022935779816513763,0.019741312991414222,0.0007081807081807082,0.09209745924756789,0.05384931521426569,0.03349706053558919,0.13817285001277924,1.3609640474436813,0.9999977399233294,0.8
medqa_test_00148,llama-3.1-8b-instruct,medqa,B,B,True,True,False,10,10,407.1,0.016603026070146323,0.0,0.016603026070146323,0.0,0.03616142463665213,0.013598578402328476,0.007201974379763188,0.0826389491558075,0.0,0.9999987927746031,0.8
medqa_test_00462,llama-3.1-8b-instruct,medqa,B,B,True,True,False,10,10,416.6,0.020487184172499485,0.0,0.020487184172499485,0.000999488197925338,0.041164430435134194,0.017605677381485153,0.006651924104232621,0.12421497702598572,0.0,0.9996200154852481,0.8
medqa_test_00960,llama-3.1-8b-instruct,medqa,D,B,False,True,False,10,9,424.3,0.017904888119083674,0.00023696682464454977,0.01814185494372822,0.0006972340094710608,0.04528488061321144,0.019902082658237306,0.011072516425038615,0.16122972965240479,1.3516441151533922,0.9999996941170498,0.8
medqa_test_00314,llama-3.1-8b-instruct,medqa,A,C,False,True,False,10,9,354.2,0.019781929990640608,0.0004405286343612335,0.020222458625001837,0.001142977368333367,0.08480848653632186,0.04655586586504205,0.0267809594815544,0.11315131932497025,0.5032583347756457,0.9999957787896702,0.0
medqa_test_00300,llama-3.1-8b-instruct,medqa,D,A,False,True,False,10,10,372.1,0.02464214511875483,0.0,0.02464214511875483,0.0032260062157838743,0.10338035241251012,0.05992672103694339,0.03713407733992433,0.1535889357328415,1.8464393446710154,0.9874262031661779,0.8
medqa_test_00241,llama-3.1-8b-instruct,medqa,B,A,False,True,False,10,10,389.2,0.026180017938237227,0.0,0.026180017938237227,0.0021765402804770537,0.08440047031023071,0.0477447000002291,0.02808187363167519,0.14532963931560516,0.7219280948873623,1.0,0.8
medqa_test_01031,llama-3.1-8b-instruct,medqa,E,E,True,True,False,10,10,357.4,0.016599413324392152,0.0,0.016599413324392152,0.003253920628116161,0.03552234788953705,0.01590102715056795,0.007741316420602218,0.09522870182991028,0.0,0.9702966303669717,0.9
medqa_test_00087,llama-3.1-8b-instruct,medqa,D,A,False,True,False,10,10,385.1,0.012062582960018543,0.0,0.012062582960018543,0.00169765678092943,0.07264712181907365,0.03581536147222739,0.02039543312721972,0.11688747256994247,0.4689955935892812,0.9991941371023699,0.8
medqa_test_00726,llama-3.1-8b-instruct,medqa,E,E,True,True,False,10,10,373.0,0.016199467083140233,0.0,0.016199467083140233,0.00030211480362537764,0.025931781529544184,0.006822998693822868,0.0012439592927397825,0.11751990765333176,0.8812908992306927,0.9999810764839859,0.8
medqa_test_00771,llama-3.1-8b-instruct,medqa,C,E,False,True,False,10,8,491.2,0.01731740200292567,0.00016233766233766234,0.01747973966526333,0.0007755670079613742,0.08714145520711733,0.05003483648582441,0.032168771838091324,0.24487213790416718,0.954434002924965,0.9999984465159721,0.8
medqa_test_00017,llama-3.1-8b-instruct,medqa,E,E,True,True,False,10,10,88.0,0.004292735042735043,0.0,0.004292735042735043,0.0025938312894834637,0.007709750566893425,0.0030927835051546395,0.002083333333333337,0.09860191494226456,0.4689955935892812,0.999447232082141,0.8
medqa_test_00034,llama-3.1-8b-instruct,medqa,B,A,False,True,False,10,10,342.8,0.01099501103039518,0.0005400880736616079,0.01153509910405679,0.002246855468511354,0.04441554870151585,0.020023928683718262,0.009113016302939304,0.1451309323310852,1.1567796494470395,0.9999999317440278,0.8
medqa_test_01041,llama-3.1-8b-instruct,medqa,D,E,False,True,False,10,10,314.6,0.017744760461307244,0.0003676470588235294,0.018112407520130776,0.0014932613872422353,0.06048310104179083,0.03897380360136522,0.02903765292659032,0.2387605607509613,1.7219280948873623,0.9991959173898168,0.8
medqa_test_01006,llama-3.1-8b-instruct,medqa,C,C,True,True,False,10,10,375.9,0.003937542882119579,0.0,0.003937542882119579,0.001285810652264574,0.04530212586991002,0.016004903765348355,0.007975393576107636,0.0799277052283287,0.7219280948873623,0.9999991684857752,1.0
medqa_test_00153,llama-3.1-8b-instruct,medqa,A,A,True,True,False,10,10,246.8,0.0027535240309395225,0.0,0.0027535240309395225,0.0,0.11437180179341225,0.062284377252518355,0.03826093938766532,0.03639015182852745,0.0,0.9996168003117978,0.9
medqa_test_00298,llama-3.1-8b-instruct,medqa,E,B,False,True,False,10,10,425.6,0.020316198037943996,0.0,0.020316198037943996,0.0011832826114676065,0.04880446373943246,0.022885947765821958,0.013167630085198546,0.10835858434438705,0.9219280948873623,0.0,0.8
medqa_test_00428,llama-3.1-8b-instruct,medqa,A,A,True,True,False,10,10,460.4,0.0205421545550424,0.0,0.0205421545550424,0.00019569471624266143,0.039414824918191774,0.01681031847096487,0.009029914832376685,0.1252901554107666,1.1567796494470395,0.9998766071809198,0.8
medqa_test_00893,llama-3.1-8b-instruct,medqa,B,B,True,True,False,10,10,423.1,0.019668307882558113,0.0,0.019668307882558113,0.0020146948080706365,0.06472809713818496,0.0354673698829888,0.02254962972272657,0.11060692369937897,0.4689955935892812,0.4695428889115692,0.8
medqa_test_00294,llama-3.1-8b-instruct,medqa,A,B,False,True,False,10,10,413.8,0.012177363646197334,0.0,0.012177363646197334,0.0009673043088199544,0.10153847612935404,0.0550850700111723,0.03350963184044773,0.08156340569257736,1.295461844238322,0.9999962734220101,1.0
medqa_test_00599,llama-3.1-8b-instruct,medqa,D,D,True,True,False,10,10,332.7,0.02030271939158222,0.0,0.02030271939158222,0.0013630166137110016,0.04173415419536643,0.026692920909036754,0.01870179125793837,0.14927543699741364,0.0,0.9521650288238351,0.9
medqa_test_01014,llama-3.1-8b-instruct,medqa,C,A,False,True,False,10,10,411.8,0.009729302799750674,0.0005576265921093508,0.010286929391860024,0.0009701915126529946,0.07829130409456507,0.04755016740767248,0.031883775476655704,0.09003803133964539,0.9709505944546686,1.0,0.8
medqa_test_01033,llama-3.1-8b-instruct,medqa,B,,,False,True,10,10,401.6,0.012876297094066444,0.0,0.012876297094066444,0.0010135329887475514,0.06455363828686757,0.03749498302903124,0.024407349330070084,0.11299141496419907,0.4689955935892812,0.9999982396650303,0.8
medqa_test_00587,llama-3.1-8b-instruct,medqa,E,C,False,True,False,10,9,451.6,0.017921882466240265,0.0,0.017921882466240265,0.0008728930168558652,0.08112723593811261,0.04329811633137666,0.025611257972715518,0.10993314534425735,1.5304930567574826,0.9999952157120109,0.8
medqa_test_00677,llama-3.1-8b-instruct,medqa,A,E,False,True,False,10,10,343.8,0.023537665081857694,0.0,0.023537665081857694,0.0020944603996444697,0.049132281492154636,0.02847031506473722,0.019360667584709102,0.12560056149959564,0.9219280948873623,0.958383688519402,0.8
medqa_test_01037,llama-3.1-8b-instruct,medqa,A,D,False,True,False,10,10,399.0,0.022361205906128095,0.0003076923076923077,0.022668898213820406,0.0008145745724800469,0.07734620969967719,0.0400910725865797,0.020497523444356236,0.11807941645383835,0.4689955935892812,0.9993736673993631,0.9
medqa_test_00834,llama-3.1-8b-instruct,medqa,D,D,True,True,False,10,10,307.2,0.029734473430692382,0.0,0.029734473430692382,0.0008882267359079637,0.06436906324298412,0.035159810503850676,0.02171315229960232,0.09467519819736481,0.0,0.9963987737734414,0.8
medqa_test_01065,llama-3.1-8b-instruct,medqa,A,E,False,True,False,10,10,411.1,0.009731375591468258,0.0,0.009731375591468258,0.005263649725575748,0.05345542899613022,0.023867032966143398,0.012970132510614796,0.14802823960781097,1.1567796494470395,0.0021827160315565064,0.8
medqa_test_01058,llama-3.1-8b-instruct,medqa,D,D,True,True,False,10,10,524.9,0.021405962224868146,0.0,0.021405962224868146,0.0011568258710179385,0.09229580063520687,0.04953049089301118,0.03022542470105035,0.13319513201713562,0.4689955935892812,0.9986749803702324,0.8
medqa_test_00837,llama-3.1-8b-instruct,medqa,D,D,True,True,False,10,10,451.6,0.01648669389918546,0.0,0.01648669389918546,0.0002232142857142857,0.04437740652325245,0.02131641143021985,0.01094230641544125,0.10436798632144928,0.0,0.9999977407831847,0.8
medqa_test_01029,llama-3.1-8b-instruct,medqa,A,C,False,True,False,10,10,489.8,0.02009606376292405,0.0,0.02009606376292405,0.0006475146930678384,0.07971273450576415,0.049043503516807585,0.03217735488089529,0.09774842858314514,0.7219280948873623,0.9998903405085444,0.8
medqa_test_00790,llama-3.1-8b-instruct,medqa,B,C,False,False,False,9,8,1080.6,0.008448575291051726,2.4449877750611245e-05,0.008473025168802337,0.011213702305489355,0.23450215256325438,0.16751201041820699,0.13006401888978955,0.15761415660381317,1.2987949406953985,1.0,
medqa_test_00259,llama-3.1-8b-instruct,medqa,D,D,True,True,False,10,10,282.5,0.0030687212476253846,0.0,0.0030687212476253846,0.0,0.11831401417860246,0.06263643076013935,0.03161761599762938,0.06165509298443794,0.0,0.9999938559694324,1.0
medqa_test_00714,llama-3.1-8b-instruct,medqa,B,E,False,True,False,10,10,435.9,0.019684299139619596,0.0,0.019684299139619596,0.0,0.07918237557646632,0.0400365184845875,0.020271367324681922,0.14898140728473663,1.4854752972273344,0.9971990858206314,0.8
medqa_test_00954,llama-3.1-8b-instruct,medqa,C,C,True,True,False,10,10,441.3,0.0186093725329028,0.0,0.0186093725329028,0.0002070393374741201,0.05023961590314748,0.020859110044530484,0.009999775010819755,0.15873350203037262,1.9709505944546686,0.0,0.8
medqa_test_00602,llama-3.1-8b-instruct,medqa,A,,,True,False,10,9,350.0,0.005562543073375584,0.000273972602739726,0.005836515676115309,0.004284758187476875,0.1330344912620972,0.0997442484310217,0.0810037189178816,0.09314117580652237,0.0,0.9999999888575096,1.0
medqa_test_00728,llama-3.1-8b-instruct,medqa,D,D,True,True,False,10,10,274.4,0.02776152256698588,0.0,0.02776152256698588,0.0014555810317005385,0.12288020661824173,0.08274926163565745,0.06084896390642891,0.03461900353431702,0.0,0.9972003697866247,0.8
medqa_test_00057,llama-3.1-8b-instruct,medqa,B,B,True,True,False,10,9,346.8,0.011663353601022077,0.0,0.011663353601022077,0.0028827137968602404,0.08294817101698568,0.050963195368759574,0.03179299699722269,0.11257706582546234,0.7642045065086203,0.9999852620545227,0.8
medqa_test_00580,llama-3.1-8b-instruct,medqa,A,A,True,True,False,10,10,478.6,0.019497439171526642,0.0,0.019497439171526642,0.001778928760390906,0.055013187791814466,0.02668659630926932,0.014777940863301331,0.10293011367321014,0.9219280948873623,0.0,0.8
medqa_test_01195,llama-3.1-8b-instruct,medqa,B,B,True,True,False,10,10,379.2,0.01083111061389888,0.0,0.01083111061389888,0.001988229018201529,0.0486605567925615,0.017400938441366663,0.0064054995578538,0.12102358788251877,0.4689955935892812,1.0,0.8
medqa_test_00605,llama-3.1-8b-instruct,medqa,C,D,False,True,False,10,10,384.2,0.02455473545621389,0.0,0.02455473545621389,0.0,0.047768828213776274,0.023846265562014503,0.012735626841017311,0.13322259485721588,0.8812908992306927,0.9992903317640934,0.8
medqa_test_00889,llama-3.1-8b-instruct,medqa,B,B,True,True,False,10,10,434.8,0.013585481360980178,0.0,0.013585481360980178,0.001974616743471126,0.08963071795634346,0.049845394100998044,0.03003938461231992,0.12930306792259216,0.4689955935892812,0.9999980052716031,1.0
medqa_test_00768,llama-3.1-8b-instruct,medqa,B,B,True,True,False,10,10,279.4,0.026595220503231248,0.0,0.026595220503231248,0.0007537474449239156,0.09969968452842407,0.05847464503355906,0.03688880354923675,0.06343676149845123,0.9709505944546686,0.999999814460919,0.8
medqa_test_00645,llama-3.1-8b-instruct,medqa,B,B,True,True,False,10,9,509.3,0.01829839161795997,0.0,0.01829839161795997,0.0020091016022043906,0.05700185224493579,0.03239784817015264,0.020661840326115267,0.11353179812431335,1.4355205042826666,0.9999991684899523,0.8
medqa_test_00858,llama-3.1-8b-instruct,medqa,A,B,False,True,False,10,10,371.4,0.018922344075833993,0.0,0.018922344075833993,0.0021143838629239164,0.07281009377892678,0.03434777298207435,0.012951368529159735,0.10344216972589493,0.0,0.999999352405209,0.8
medqa_test_01118,llama-3.1-8b-instruct,medqa,D,D,True,True,False,10,10,298.1,0.0210659502040904,0.0,0.0210659502040904,0.0008856682769726248,0.036678018669544024,0.01696774366507233,0.008379293946719157,0.1134931743144989,0.0,0.9984988495303557,0.9
medqa_test_00434,llama-3.1-8b-instruct,medqa,C,C,True,True,False,10,10,274.9,0.013986871775566664,0.0,0.013986871775566664,0.0026836049908739524,0.05133126284945243,0.03307973676658619,0.02462174407318766,0.10050017386674881,0.0,0.9463369715665236,0.9
medqa_test_00562,llama-3.1-8b-instruct,medqa,B,B,True,True,False,10,10,339.6,0.004400734904788503,0.0,0.004400734904788503,0.0008877627627627627,0.10927552681157608,0.07547633536644248,0.053004361790269,0.09519120305776596,0.0,0.999991060999133,0.8
medqa_test_01021,llama-3.1-8b-instruct,medqa,E,D,False,True,False,10,10,420.9,0.026453331061339853,0.0,0.026453331061339853,0.002176407322757719,0.045340720137943345,0.02188334626861622,0.012501280506152446,0.1550775170326233,0.8812908992306927,1.0129985189979841e-05,0.8
medqa_test_00261,llama-3.1-8b-instruct,medqa,C,C,True,True,False,10,10,457.7,0.024879027866631254,0.0,0.024879027866631254,0.0,0.06848673756085866,0.04155648080916384,0.027462927066509202,0.1025976613163948,0.0,0.9984988237379524,0.8
medqa_test_00410,llama-3.1-8b-instruct,medqa,C,C,True,True,False,10,10,439.0,0.006596783525873365,0.00048481458173088126,0.007081598107604246,0.004165419033325354,0.08584733092442376,0.04779138211644668,0.028603017137413544,0.09501620382070541,0.9219280948873623,0.9999992661898268,0.8
medqa_test_00880,llama-3.1-8b-instruct,medqa,C,D,False,True,False,10,10,496.5,0.019440138175460572,0.0,0.019440138175460572,0.0,0.054355307115711404,0.026283349764732934,0.012783275448144926,0.1258314698934555,0.9219280948873623,0.9999417087619155,0.8
medqa_test_00458,llama-3.1-8b-instruct,medqa,D,D,True,True,False,10,10,513.1,0.00925502283543891,0.00022675736961451248,0.009481780205053423,0.000899783862293279,0.119794499894005,0.06746897956437885,0.039768877973247206,0.09827403724193573,0.9219280948873623,0.999983298577903,0.9
medqa_test_00275,llama-3.1-8b-instruct,medqa,A,A,True,True,False,10,10,359.4,0.005942593094652813,0.0,0.005942593094652813,0.0005467787114845938,0.0928834471133238,0.0549784057877865,0.03522786622475821,0.13726820051670074,0.7219280948873623,0.9875776304884412,0.8
medqa_test_00575,llama-3.1-8b-instruct,medqa,C,C,True,True,False,10,9,390.4,0.0163898007836226,0.0,0.0163898007836226,0.0021411980180854424,0.06737854221967518,0.035810464678471675,0.019029560607567518,0.14355477690696716,1.5304930567574824,0.9999810824409787,0.8
medqa_test_00112,llama-3.1-8b-instruct,medqa,B,A,False,True,False,10,10,356.4,0.024331202020926986,0.0,0.024331202020926986,0.0005708747984429207,0.039424413383620883,0.021420989781215684,0.011177966626843372,0.100856252014637,1.0,0.9999832988560193,0.8
medqa_test_00073,llama-3.1-8b-instruct,medqa,B,B,True,True,False,10,10,442.4,0.01461369475003812,0.0,0.01461369475003812,0.0008751534155051734,0.032973605426407024,0.01208804602272392,0.006733382444995295,0.07599420845508575,0.9219280948873623,0.9999945778054864,0.8
medqa_test_00963,llama-3.1-8b-instruct,medqa,E,E,True,False,False,9,7,909.9,0.013924034752987363,0.0,0.013924034752987363,0.0028682486482360355,0.1878814026375971,0.1288566208253462,0.10262737446757937,0.09411914646625519,1.8423709931771084,,0.8
medqa_test_00383,llama-3.1-8b-instruct,medqa,A,A,True,True,False,10,10,414.6,0.01308853702555795,0.0,0.01308853702555795,0.001471911671011849,0.032610925395968535,0.01236636341831816,0.005416851636368536,0.15967142581939697,0.4689955935892812,5.1442201478061854e-05,0.9
medqa_test_00668,llama-3.1-8b-instruct,medqa,B,B,True,True,False,10,10,468.0,0.016594611295225777,0.0,0.016594611295225777,0.0025988930466811734,0.08306620138419464,0.04244913505764347,0.023194230903003654,0.08276527374982834,0.0,0.9999885220034018,0.8
medqa_test_00068,llama-3.1-8b-instruct,medqa,D,B,False,True,False,10,10,468.1,0.010067705306806188,0.0,0.010067705306806188,0.0003867891076713776,0.08671152432149966,0.05548728639085977,0.039533298532294606,0.13618218898773193,0.9709505944546686,1.0,0.8
medqa_test_00396,llama-3.1-8b-instruct,medqa,D,D,True,True,False,10,10,428.1,0.010631665033014137,0.0,0.010631665033014137,0.0,0.07226199237625572,0.04066187256909023,0.02555382674378559,0.06123876944184303,0.4689955935892812,1.0,0.8
medqa_test_01013,llama-3.1-8b-instruct,medqa,D,D,True,True,False,10,10,471.6,0.016650339809414598,0.0,0.016650339809414598,0.0,0.05946247571191959,0.030497634546110753,0.019860587818063147,0.08601733297109604,0.0,0.9994472212642865,0.8
medqa_test_00361,llama-3.1-8b-instruct,medqa,A,C,False,True,False,10,10,490.4,0.011801450409323828,0.0,0.011801450409323828,0.0009697004100662017,0.05304237162783152,0.025274183917139016,0.012799404896991117,0.10547903925180435,0.7219280948873623,0.9034589917556318,0.8
medqa_test_00461,llama-3.1-8b-instruct,medqa,D,A,False,True,False,10,10,419.4,0.021301428920308545,0.00021978021978021978,0.021521209140088766,0.001725013832110632,0.05933718507667304,0.028513969717048216,0.015922289364616492,0.12816353142261505,0.9219280948873623,0.9999999530883296,0.8
medqa_test_00160,llama-3.1-8b-instruct,medqa,D,B,False,True,False,10,10,284.0,0.008368128632843547,0.0,0.008368128632843547,0.004643162197982697,0.0409601681240991,0.01935155425950198,0.011225783695329094,0.10986212641000748,1.5709505944546684,0.0,0.8
medqa_test_00423,llama-3.1-8b-instruct,medqa,E,C,False,True,False,10,10,448.1,0.016101495871178033,0.0,0.016101495871178033,0.00019083969465648855,0.059803777981955644,0.03033722849226601,0.017876773464932095,0.13321220874786377,1.5709505944546687,1.0,0.8
medqa_test_01069,llama-3.1-8b-instruct,medqa,B,B,True,True,False,10,10,430.0,0.015617243499228311,0.0,0.015617243499228311,0.0,0.05987962546847968,0.03189570855302877,0.01948535562345196,0.09661456197500229,0.0,0.9999910603012724,0.8
medqa_test_00912,llama-3.1-8b-instruct,medqa,B,A,False,False,True,9,6,873.0,0.02283431413227241,0.00020283975659229209,0.023037153888864702,0.0006469224826165336,0.20284773890690175,0.16288626058643843,0.13624039362107646,0.19116495549678802,0.0,1.0,0.8
medqa_test_00280,llama-3.1-8b-instruct,medqa,B,B,True,True,False,10,10,372.1,0.016444217934620885,0.0,0.016444217934620885,0.0009031659846114069,0.05761308899229091,0.025671245393447763,0.012607778901017497,0.07549598813056946,0.0,0.9986749772894784,0.9
medqa_test_00491,llama-3.1-8b-instruct,medqa,A,A,True,True,False,10,10,271.2,0.020333723369946825,0.0,0.020333723369946825,0.014381880492648038,0.0798027809978077,0.04704254201308555,0.032486183837832736,0.16701452434062958,0.0,0.9968273216919443,1.0
medqa_test_00048,llama-3.1-8b-instruct,medqa,B,B,True,True,False,10,10,419.5,0.0215454465340875,0.0,0.0215454465340875,0.0035463376930014072,0.04698147171489207,0.025089947136935763,0.013504115992871402,0.12499047070741653,0.0,0.9999997617839832,0.8
medqa_test_01172,llama-3.1-8b-instruct,medqa,E,E,True,True,False,10,10,399.1,0.020283874945553188,0.00024509803921568627,0.020528972984768874,0.0008347656602201126,0.04755754335454156,0.025605503155371644,0.014728495835857346,0.12343515455722809,1.5709505944546684,0.9999980054918772,0.8
medqa_test_00852,llama-3.1-8b-instruct,medqa,D,D,True,True,False,10,10,423.7,0.016586829469435793,0.0,0.016586829469435793,0.0016602639275256285,0.07098302769308408,0.03434423772867319,0.01578295237183742,0.11340179294347763,0.0,0.8817767378666129,0.8
medqa_test_00847,llama-3.1-8b-instruct,medqa,D,D,True,True,False,10,9,363.6,0.005546399504375974,0.001075268817204301,0.0066216683215802735,0.00488559543065121,0.11027269408589975,0.0686121375765963,0.04383638011243809,0.1512257307767868,0.0,0.9999938573904829,1.0
medqa_test_00731,llama-3.1-8b-instruct,medqa,B,B,True,True,False,10,10,370.4,0.01461124150743709,0.00022727272727272727,0.014838514234709815,0.0007608698672991211,0.06756076070518437,0.03292168176364054,0.016827833904945567,0.10017221421003342,0.7219280948873623,0.9999994285243984,0.8
medqa_test_00745,llama-3.1-8b-instruct,medqa,A,A,True,True,False,10,9,468.6,0.018345281422745024,0.001367366972650949,0.019712648395395972,0.0006494221522004883,0.03113882640138842,0.012269619446031133,0.004778664139030697,0.10229969769716263,0.9864267287308424,0.9993332977304685,0.8
medqa_test_01018,llama-3.1-8b-instruct,medqa,B,B,True,True,False,10,9,468.1,0.016960602753609385,0.0,0.016960602753609385,0.00024509803921568627,0.06823077857381865,0.03578738209251227,0.02035885216149642,0.14593003690242767,0.0,0.9999962763583532,0.8
medqa_test_00779,llama-3.1-8b-instruct,medqa,E,E,True,True,False,10,9,527.4,0.011387913156737138,0.0,0.011387913156737138,0.004415133696115764,0.1113212177905936,0.06288508950553251,0.03846660472954485,0.13367228209972382,1.224394445405986,0.9999993524262031,0.8
medqa_test_00386,llama-3.1-8b-instruct,medqa,D,A,False,True,False,10,10,519.4,0.012440009675008244,0.0,0.012440009675008244,0.0003992015968063872,0.04387598268008149,0.02172572433632174,0.012171228869083794,0.10069628804922104,1.5709505944546687,0.9399134079904957,0.8
medqa_test_00498,llama-3.1-8b-instruct,medqa,A,B,False,True,False,10,10,560.5,0.01242239205784034,0.0,0.01242239205784034,0.0004543080675174802,0.1949602269159061,0.1414811663315549,0.0998746548354675,0.1049349382519722,1.721928094887362,0.9999706926542665,0.8
medqa_test_01226,llama-3.1-8b-instruct,medqa,E,E,True,True,False,10,10,424.7,0.012796525240888248,0.0001953125,0.01299183774088825,0.0023376665654390562,0.06050335309471194,0.03490331906774424,0.024425569983529027,0.11235437542200089,0.0,0.9999989323526468,1.0
medqa_test_00640,llama-3.1-8b-instruct,medqa,E,B,False,True,False,10,10,468.2,0.008670548304051518,0.0,0.008670548304051518,0.0,0.08357514821737952,0.049039501030081235,0.03268205562515726,0.07197719067335129,0.8812908992306927,0.9046505248181418,0.9
medqa_test_00018,llama-3.1-8b-instruct,medqa,B,A,False,True,False,10,10,493.6,0.010805625516215158,0.0,0.010805625516215158,0.0003390287873046494,0.02461800276505689,0.00832665544725424,0.003626255627578978,0.08655576407909393,0.9709505944546686,0.9998601778660224,0.8
medqa_test_00382,llama-3.1-8b-instruct,medqa,C,C,True,True,False,10,10,391.6,0.021807966380793315,0.0005149670060390454,0.02232293338683236,0.001028796431531994,0.1323966255488495,0.08529876869019967,0.05969960363581006,0.08065254241228104,2.1219280948873624,0.0066928509242848554,0.8
medqa_test_01016,llama-3.1-8b-instruct,medqa,D,E,False,True,False,10,10,439.8,0.009078254265603668,0.0,0.009078254265603668,0.0001851851851851852,0.029913600832743425,0.010419577260463008,0.0028113299782428157,0.14203648269176483,0.9709505944546686,0.9999945807797547,0.9
medqa_test_00607,llama-3.1-8b-instruct,medqa,D,D,True,True,False,10,10,254.6,0.001867407543353436,0.0005181347150259067,0.0023855422583793427,0.0025864640524946936,0.18663169997741874,0.1155095994521375,0.066791824596687,0.11196636408567429,0.0,0.9999998555079735,1.0
medqa_test_00210,llama-3.1-8b-instruct,medqa,C,C,True,True,False,10,10,401.1,0.006999522446108709,0.0,0.006999522446108709,0.004335107063959394,0.15367051305460927,0.10053771243459848,0.0730565942788218,0.08240990340709686,0.4689955935892812,0.6972517005776501,0.8
medqa_test_00168,llama-3.1-8b-instruct,medqa,B,B,True,True,False,10,10,418.6,0.019977343830929528,0.0,0.019977343830929528,0.0014311863235877266,0.05405634140225544,0.022636048402169272,0.010728572337249675,0.0886700227856636,0.0,0.0005527784722738178,0.8
medqa_test_01207,llama-3.1-8b-instruct,medqa,B,B,True,True,False,10,10,340.8,0.025346372946091357,0.00023752969121140142,0.025583902637302758,0.002223172454315825,0.038205228932540546,0.01773294786379843,0.009827776736365335,0.14098770916461945,0.4689955935892812,0.4386549534773327,0.8
medqa_test_01211,llama-3.1-8b-instruct,medqa,C,C,True,True,False,10,10,447.4,0.023619741961480683,0.0,0.023619741961480683,0.00022026431718061675,0.12112892692644919,0.07330740441302001,0.04360479241124947,0.0991266667842865,1.295461844238322,0.9999984467138943,0.8
medqa_test_00164,llama-3.1-8b-instruct,medqa,A,A,True,True,False,10,10,401.0,0.020015918825368944,0.0,0.020015918825368944,0.0008863374428642023,0.0535260921762432,0.029287029505804918,0.016304344067867238,0.13987894356250763,0.7219280948873623,0.9979333235669455,0.8
medqa_test_00170,llama-3.1-8b-instruct,medqa,C,D,False,True,False,10,10,391.5,0.026509887167585195,0.0,0.026509887167585195,0.0015413899715788811,0.07489152152576165,0.04131594303107611,0.026907722674082556,0.13323743641376495,0.9219280948873623,0.9999990579803194,0.8
medqa_test_00808,llama-3.1-8b-instruct,medqa,D,D,True,True,False,10,10,362.8,0.017297919672411944,0.0,0.017297919672411944,0.0,0.06216874928532479,0.03619268715920504,0.025225503504187795,0.09861645102500916,0.0,1.0,0.8
medqa_test_00766,llama-3.1-8b-instruct,medqa,E,E,True,True,False,10,10,490.7,0.017098765595329676,0.0,0.017098765595329676,0.0014760932886962604,0.046574841152284926,0.02327062655033193,0.012904538772818774,0.11761778593063354,0.4689955935892812,1.0,0.8
medqa_test_00474,llama-3.1-8b-instruct,medqa,B,B,True,True,False,10,10,245.3,0.013498587629597294,0.0,0.013498587629597294,0.0017239466910519544,0.046405146985540956,0.022449801158641768,0.010681464728060775,0.07753822207450867,0.0,0.40764869675233123,1.0
medqa_test_00712,llama-3.1-8b-instruct,medqa,C,C,True,True,False,10,10,395.8,0.02071164723029426,0.0,0.02071164723029426,0.0005769592889692313,0.07307535062941115,0.04570169177842885,0.032075508483928775,0.11567125469446182,0.9709505944546686,0.9937542743903962,0.8
medqa_test_00936,llama-3.1-8b-instruct,medqa,B,E,False,True,False,10,10,405.9,0.015508559821284906,0.0,0.015508559821284906,0.0022547834747074975,0.04435850384557934,0.023575688964545993,0.014320006583640821,0.10166127979755402,0.8812908992306927,0.9999998555029435,0.8
medqa_test_01126,llama-3.1-8b-instruct,medqa,E,A,False,True,False,10,10,379.7,0.008916923293029445,0.0,0.008916923293029445,0.0030475274771619002,0.08240148326774727,0.038802580951892776,0.017391022449507097,0.09856437146663666,0.4689955935892812,0.004609571769146091,0.8
medqa_test_00092,llama-3.1-8b-instruct,medqa,D,D,True,True,False,10,10,391.8,0.023990064768839737,0.0,0.023990064768839737,0.0011566996647808913,0.024804917581867158,0.011031105308712019,0.004800000419139661,0.1138465479016304,0.0,0.9028661537577908,0.9
medqa_test_01219,llama-3.1-8b-instruct,medqa,C,C,True,True,False,10,10,363.1,0.020113437759565315,0.0,0.020113437759565315,0.0002544529262086514,0.03226966406924338,0.014055842712320733,0.005538362258766416,0.1005687266588211,0.0,1.0,0.95
medqa_test_00787,llama-3.1-8b-instruct,medqa,D,,,False,True,9,10,792.6,0.01695393046091341,0.0037943696450428396,0.02074830010595625,0.002392319827309409,0.14986318507402233,0.11738593098810783,0.10011869017358913,0.1741972416639328,2.2464393446710154,0.06008664344151497,0.8
medqa_test_00655,llama-3.1-8b-instruct,medqa,B,B,True,False,False,9,8,576.0,0.0010489761105116461,0.0067220728428257145,0.007771048953337361,0.00146910164736523,0.19356695333457696,0.15011019386266958,0.12960000591743456,0.16793480515480042,1.061278124459133,0.9999756997641902,1.0
medqa_test_01208,llama-3.1-8b-instruct,medqa,D,D,True,True,False,10,10,472.7,0.013594227286154444,0.0,0.013594227286154444,0.0030203674857617185,0.07259916064826792,0.03853406829897869,0.02415084823035867,0.12086250633001328,1.295461844238322,0.0,0.8
medqa_test_00089,llama-3.1-8b-instruct,medqa,C,C,True,True,False,10,10,452.6,0.006531783626139362,0.0,0.006531783626139362,0.001341275613496197,0.04484215343121164,0.021847364961517922,0.013903623529910236,0.06823969632387161,0.9709505944546686,0.9999417087517101,0.8
medqa_test_00651,llama-3.1-8b-instruct,medqa,D,B,False,True,False,10,10,362.8,0.018403772985406935,0.0,0.018403772985406935,0.004984680530215629,0.08830512412395472,0.05045313643088258,0.03142305339699279,0.10016073286533356,1.0,1.0,0.8
medqa_test_01248,llama-3.1-8b-instruct,medqa,E,E,True,True,False,10,10,383.4,0.017083495496066674,0.0,0.017083495496066674,0.00032679738562091506,0.031874199371343316,0.013744146917152788,0.007220315318114068,0.13918492197990417,0.9709505944546686,0.9522366978247134,0.8
medqa_test_00010,llama-3.1-8b-instruct,medqa,E,E,True,True,False,10,10,313.0,0.008216734953983148,0.0,0.008216734953983148,0.005300490721557352,0.09514320410570694,0.04753390429358045,0.02980503153852998,0.12461873888969421,0.8812908992306927,0.9999038981055388,0.8
medqa_test_00949,llama-3.1-8b-instruct,medqa,A,A,True,True,False,10,10,479.0,0.009883670919045,0.0,0.009883670919045,0.0,0.05925244842045545,0.030735852021252487,0.015325336566623082,0.07598783075809479,0.4689955935892812,0.9998415638809529,0.8
medqa_test_00046,llama-3.1-8b-instruct,medqa,C,C,True,True,False,10,10,271.4,0.00978049234886806,0.0,0.00978049234886806,0.0017630443258784233,0.16688317182691131,0.1059304165346611,0.06509705025116243,0.0863056406378746,0.0,,0.8
medqa_test_01245,llama-3.1-8b-instruct,medqa,B,A,False,True,False,10,10,490.2,0.014994258746821438,0.0,0.014994258746821438,0.0,0.08014871444703389,0.04429596311056063,0.029073133564265052,0.14349500834941864,0.9709505944546686,0.08802944123011718,0.8
medqa_test_01247,llama-3.1-8b-instruct,medqa,B,E,False,False,False,9,9,615.1,0.008429048766612785,0.0,0.008429048766612785,0.00251199131537645,0.21731813994607713,0.1767913323102131,0.15330262753613247,0.11573492735624313,0.5032583347756457,,1.0
medqa_test_00883,llama-3.1-8b-instruct,medqa,B,B,True,True,False,10,10,289.3,0.004541474149720434,0.0,0.004541474149720434,0.002178316022291943,0.08119951692006858,0.045177775061468785,0.03260644077314876,0.10603964328765869,0.0,0.9999810748451358,1.0
medqa_test_00221,llama-3.1-8b-instruct,medqa,A,C,False,True,False,10,10,447.2,0.014967288027975593,0.00024752475247524753,0.01521481278045084,0.004551871989509156,0.05816769471812104,0.030707493957920762,0.01774166488463653,0.07109470665454865,0.8812908992306927,1.0,0.8
medqa_test_00962,llama-3.1-8b-instruct,medqa,B,B,True,True,False,10,10,437.6,0.013388101541447345,0.0,0.013388101541447345,0.0035180624577935264,0.04000705022720621,0.0180487613583737,0.008766731256883065,0.09421717375516891,0.4689955935892812,0.2468568991138307,0.8
medqa_test_01223,llama-3.1-8b-instruct,medqa,A,B,False,True,False,10,10,340.2,0.015173131877360848,0.0,0.015173131877360848,0.00025906735751295336,0.04567979703145373,0.018371306529717947,0.009913124431795161,0.09537357836961746,1.5219280948873621,0.999996273359473,0.8
medqa_test_00923,llama-3.1-8b-instruct,medqa,C,C,True,True,False,10,10,274.2,0.011820747038861426,0.0,0.011820747038861426,0.002059535302108393,0.1082244218106732,0.0645137757562138,0.039876716895007346,0.13016606867313385,0.0,0.99838995530479,0.8
medqa_test_01036,llama-3.1-8b-instruct,medqa,B,B,True,True,False,10,10,315.6,0.018421834902758866,0.0,0.018421834902758866,0.003606463128753066,0.08312240639504542,0.04331046682637894,0.02448297728365446,0.1348589062690735,0.7219280948873623,0.9620601452227044,0.8
medqa_test_01064,llama-3.1-8b-instruct,medqa,E,E,True,True,False,10,10,436.3,0.0073519177527320515,0.0,0.0073519177527320515,0.0011121132965599759,0.058053550747994655,0.03220342782906016,0.01901447357968542,0.0856676921248436,0.0,0.9999952151522301,0.9
medqa_test_00256,llama-3.1-8b-instruct,medqa,D,C,False,True,False,10,10,473.6,0.03148641374643421,0.0,0.03148641374643421,0.0012072926717013473,0.060759878911922506,0.02652942824177813,0.012285272133520486,0.10006078332662582,0.4689955935892812,0.9999962733594976,0.8
medqa_test_00139,llama-3.1-8b-instruct,medqa,D,A,False,True,False,10,10,512.2,0.013238796082070483,0.0,0.013238796082070483,0.007786163676047925,0.1779016218448352,0.11150355614501017,0.07325450015181807,0.17108705639839172,2.1709505944546685,0.9729322949209461,0.8
medqa_test_01213,llama-3.1-8b-instruct,medqa,E,E,True,True,False,10,10,392.6,0.016513491706647093,0.0,0.016513491706647093,0.0,0.04407283260187321,0.025039837783550966,0.01631773791807937,0.11107891798019409,0.7219280948873623,0.99998107485555,0.8
medqa_test_00763,llama-3.1-8b-instruct,medqa,A,A,True,True,False,10,10,372.1,0.006393737276929859,0.0,0.006393737276929859,0.0007111019207793402,0.09820166865020352,0.06637470956659253,0.04658849680031039,0.12607301771640778,0.4689955935892812,0.0,0.8
medqa_test_00239,llama-3.1-8b-instruct,medqa,A,A,True,True,False,10,10,393.2,0.019527166136953412,0.0,0.019527166136953412,0.0,0.02769179933399678,0.01199748277985604,0.006499332353924725,0.10080734640359879,1.4854752972273344,1.0,0.8
medqa_test_00624,llama-3.1-8b-instruct,medqa,E,E,True,True,False,10,10,427.4,0.00857420227218968,0.0,0.00857420227218968,0.0018228878971316385,0.040627194282388826,0.014291461402914585,0.004757704068488466,0.08659027516841888,0.0,0.999290333488428,0.8
medqa_test_00606,llama-3.1-8b-instruct,medqa,E,E,True,True,False,10,10,365.3,0.010407860347227675,0.0,0.010407860347227675,0.0007524014906092353,0.11286712527784108,0.06237266054866385,0.033693048734487606,0.15976457297801971,0.4689955935892812,0.0035936030082714594,0.9
medqa_test_00723,llama-3.1-8b-instruct,medqa,D,D,True,True,False,10,10,368.4,0.008989150161467719,0.0,0.008989150161467719,0.0007912845763503034,0.039073162900954916,0.015619899045162245,0.008789191534994679,0.1917431652545929,0.8812908992306927,0.9999869928783195,0.8
medqa_test_00459,llama-3.1-8b-instruct,medqa,E,E,True,True,False,10,10,364.5,0.013401931228498651,0.0,0.013401931228498651,0.00035087719298245617,0.05558894679440339,0.02418583953297194,0.01312762465591406,0.09437745064496994,0.4689955935892812,1.0,0.95
medqa_test_00579,llama-3.1-8b-instruct,medqa,E,E,True,True,False,10,10,379.7,0.019170012968535138,0.0,0.019170012968535138,0.0004659964146057639,0.03244995631181609,0.01594673561165392,0.009329895365197427,0.1519441455602646,2.2464393446710154,0.9898493199840029,0.8
medqa_test_00157,llama-3.1-8b-instruct,medqa,A,A,True,True,False,10,10,380.8,0.011511039659108376,0.0,0.011511039659108376,0.0010689597255929392,0.05579346760833227,0.02814956312851268,0.015609187334557618,0.15485212206840515,0.0,1.0,1.0
medqa_test_00084,llama-3.1-8b-instruct,medqa,D,D,True,True,False,10,10,352.2,0.021352823550850726,0.0,0.021352823550850726,0.0016678710796357854,0.045323694811563286,0.022048347191348704,0.013419284604329817,0.10338658094406128,0.0,0.999933947917765,0.8
medqa_test_00352,llama-3.1-8b-instruct,medqa,A,E,False,True,False,10,10,428.4,0.014626944857024399,0.0,0.014626944857024399,0.00039447731755424067,0.0555523856467932,0.029814225713933808,0.01682729374773335,0.14812453091144562,0.4689955935892812,0.9999990577559679,0.8
medqa_test_00612,llama-3.1-8b-instruct,medqa,B,B,True,True,False,10,10,448.0,0.025128435205687,0.00018484288354898336,0.02531327808923598,0.0006338089868442341,0.046822417691411725,0.02205217408488539,0.01024169785154384,0.12489684671163559,1.295461844238322,0.9770226784912548,0.8
medqa_test_00072,llama-3.1-8b-instruct,medqa,C,C,True,True,False,10,10,481.4,0.0036523971004826378,0.00017513134851138354,0.0038275284489940205,0.0010260055364076184,0.040759029704520146,0.01950013023625191,0.008634554163219843,0.11805199831724167,1.295461844238322,0.9999251548897826,0.8
medqa_test_00724,llama-3.1-8b-instruct,medqa,E,D,False,True,False,10,10,472.2,0.015895947550442303,0.0,0.015895947550442303,0.0009141785107734005,0.031846604127366986,0.010829804423913824,0.004263435028939733,0.13235454261302948,1.1567796494470395,0.9999852627894612,0.8
medqa_test_00374,llama-3.1-8b-instruct,medqa,D,D,True,True,False,10,10,485.4,0.01051106133297024,0.0,0.01051106133297024,0.00021881838074398248,0.07420896063002604,0.044047185196907646,0.029921369192384927,0.10493217408657074,0.0,0.9991959243950915,0.9
medqa_test_00363,llama-3.1-8b-instruct,medqa,D,D,True,True,False,10,10,439.7,0.021140193202901125,0.0,0.021140193202901125,0.0009755130751938526,0.07165825876657733,0.03832493415529561,0.021563455325273796,0.09754718095064163,0.0,0.999941709501182,0.8
medqa_test_00642,llama-3.1-8b-instruct,medqa,B,E,False,True,False,10,10,504.5,0.015547807856908777,0.0,0.015547807856908777,0.0001392757660167131,0.09304127954109466,0.055242347038140946,0.036991600756606034,0.0815345048904419,0.0,1.0,0.8
medqa_test_01095,llama-3.1-8b-instruct,medqa,D,A,False,True,False,10,10,345.7,0.01324461540507368,0.0,0.01324461540507368,0.0014701609766002738,0.10182190203147279,0.05790182557655743,0.033777860632377754,0.1471097469329834,1.8464393446710154,0.8669327979299781,0.8
medqa_test_01168,llama-3.1-8b-instruct,medqa,A,A,True,True,False,10,10,466.0,0.003076764217648539,0.0,0.003076764217648539,0.000925279483893774,0.08205000103877229,0.04354881727077681,0.025693279072251794,0.08495032787322998,0.0,0.9999869935027844,1.0
medqa_test_00101,llama-3.1-8b-instruct,medqa,A,A,True,True,False,10,10,366.8,0.010930581549658782,0.0,0.010930581549658782,0.00126508475854956,0.08040027046524997,0.04585776544469603,0.025812156229924065,0.07380328327417374,0.4689955935892812,0.9524689546751657,0.8
medqa_test_00401,llama-3.1-8b-instruct,medqa,C,C,True,True,False,10,10,425.5,0.018612068851782716,0.0,0.018612068851782716,0.004222300598287642,0.0567028582623163,0.02914526265564297,0.01742658746178378,0.10757458209991455,0.9709505944546686,1.0,0.8
medqa_test_00348,llama-3.1-8b-instruct,medqa,D,B,False,True,False,10,10,440.3,0.016569055778434736,0.0,0.016569055778434736,0.0029124629077501665,0.05966319935153501,0.029113319526145664,0.015106877851123302,0.08913087844848633,2.1709505944546685,0.8670358664965093,0.8
medqa_test_00346,llama-3.1-8b-instruct,medqa,C,A,False,True,False,10,10,265.6,0.021130209215324144,0.0,0.021130209215324144,0.0010266789625023648,0.02998040645572575,0.014610081453401758,0.008814803138573624,0.12429717183113098,0.8812908992306927,0.9999347689602884,0.8
medqa_test_00119,llama-3.1-8b-instruct,medqa,C,C,True,True,False,10,10,379.4,0.024912106297326396,0.0,0.024912106297326396,0.0014419299173420634,0.028343880276974886,0.01004567026476344,0.003762444906548501,0.13981090486049652,0.0,0.9987715966386652,0.8
medqa_test_00870,llama-3.1-8b-instruct,medqa,A,A,True,True,False,10,9,495.9,0.017125694932548712,0.0,0.017125694932548712,0.00022271714922048996,0.03947056960379337,0.014504015682444128,0.006071828939600632,0.09831341356039047,1.3921472236645345,0.999860177875397,0.8
medqa_test_00525,llama-3.1-8b-instruct,medqa,E,A,False,True,False,10,10,538.9,0.012221415913115805,0.0,0.012221415913115805,0.0,0.03439841567505679,0.01162972043788535,0.004894158721401786,0.10380401462316513,1.5219280948873621,0.0,0.8
medqa_test_00749,llama-3.1-8b-instruct,medqa,C,C,True,True,False,10,10,382.5,0.013857419934237752,0.0,0.013857419934237752,0.0003246753246753247,0.0401554307281227,0.019915362090265364,0.00959479254096649,0.11780616641044617,0.0,1.0,0.8
medqa_test_00147,llama-3.1-8b-instruct,medqa,D,D,True,True,False,10,10,403.9,0.02201583411613356,0.0,0.02201583411613356,0.0009909618148484362,0.03600122365875399,0.013949605903911588,0.005997014420935287,0.13268780708312988,0.0,1.0,0.8
medqa_test_00439,llama-3.1-8b-instruct,medqa,A,A,True,True,False,10,10,463.5,0.011434554781769128,0.0,0.011434554781769128,0.0004396645021645022,0.07756529324950218,0.042983494151081734,0.024944106848483562,0.09157025814056396,0.0,4.944451580995657e-09,0.8
medqa_test_00016,llama-3.1-8b-instruct,medqa,E,D,False,True,False,10,10,312.4,0.004174795721076375,0.0,0.004174795721076375,0.0015649460672021154,0.09626574155739068,0.053008399458534416,0.029132525033879662,0.09885228425264359,0.9709505944546686,0.0,0.8
medqa_test_00402,llama-3.1-8b-instruct,medqa,B,B,True,True,False,10,10,386.1,0.01347592759699599,0.0,0.01347592759699599,0.0,0.12675921081839508,0.09101081970886331,0.06611300562087977,0.17307429015636444,0.0,0.9999967112505701,0.8
medqa_test_00708,llama-3.1-8b-instruct,medqa,B,D,False,True,False,10,10,559.6,0.009630111165644738,0.0,0.009630111165644738,0.0012371134020618556,0.04191788224213672,0.01542017700849797,0.0071069283024019604,0.09811665117740631,0.8812908992306927,0.9999999067061623,0.8
medqa_test_00304,llama-3.1-8b-instruct,medqa,A,C,False,True,False,10,10,576.5,0.01659277273177386,0.0,0.01659277273177386,0.000141643059490085,0.03229921508394701,0.015161325633339839,0.008456085987881157,0.1085929125547409,0.9709505944546686,1.0,0.8
medqa_test_00614,llama-3.1-8b-instruct,medqa,D,D,True,True,False,10,10,394.0,0.015844940952687323,0.0,0.015844940952687323,0.0006493750941123325,0.08907286377836908,0.05625052210182254,0.037766098697368654,0.12738974392414093,0.7219280948873623,0.9999957775859766,0.8
medqa_test_00971,llama-3.1-8b-instruct,medqa,E,E,True,True,False,10,10,478.2,0.015720340123303124,0.0,0.015720340123303124,0.0007802195124710337,0.04782791682892936,0.026383394516485935,0.019330355756917293,0.11405516415834427,0.8812908992306927,0.9999039008250674,0.8
medqa_test_00772,llama-3.1-8b-instruct,medqa,E,C,False,True,False,10,10,361.2,0.011074992650212407,0.0,0.011074992650212407,0.0007131637457442133,0.06724683758219578,0.029863767102933737,0.011823893555043352,0.11080164462327957,0.0,0.9999417089533381,0.9
medqa_test_00894,llama-3.1-8b-instruct,medqa,A,A,True,True,False,10,10,490.5,0.01619158739751215,0.0,0.01619158739751215,0.0007834713557899147,0.05930765636576559,0.0332341635512841,0.021854867393898025,0.10800787806510925,0.7219280948873623,0.9994472629466882,0.8
medqa_test_00038,llama-3.1-8b-instruct,medqa,E,,,False,True,10,7,551.7,0.012084999758127834,0.0,0.012084999758127834,0.003780298035671277,0.23917196190072154,0.16563924750762227,0.12043938099026685,0.1176614984869957,0.9852281360342515,,0.8
medqa_test_00282,llama-3.1-8b-instruct,medqa,A,A,True,True,False,10,10,434.8,0.013884324418453201,0.0,0.013884324418453201,0.001293035350781096,0.06422510881587246,0.035281900860552676,0.02399579549052281,0.08782762289047241,0.0,1.0,0.8
medqa_test_00512,llama-3.1-8b-instruct,medqa,B,A,False,True,False,10,10,376.9,0.007802019286514954,0.0,0.007802019286514954,0.002627615826601588,0.02703207132124532,0.01079168859711982,0.005167770819716644,0.07880402356386185,0.8812908992306927,0.00010889686614318793,0.8
medqa_test_00989,llama-3.1-8b-instruct,medqa,B,C,False,True,False,10,10,482.0,0.01934428844623522,0.0,0.01934428844623522,0.0006551705350332353,0.06739130344905209,0.03244027973385064,0.015749785908344492,0.1396496593952179,0.9709505944546686,0.9999950335425707,0.8
medqa_test_00080,llama-3.1-8b-instruct,medqa,B,B,True,True,False,10,10,444.5,0.023084207070784863,0.0,0.023084207070784863,0.0006120999892782518,0.042940108337882935,0.016673026071382956,0.006033104213666774,0.08551423996686935,0.0,1.0,0.8
medqa_test_01174,llama-3.1-8b-instruct,medqa,C,D,False,True,False,10,10,510.3,0.019677182129785614,0.0,0.019677182129785614,0.0005699429766305536,0.051495959625832644,0.022578547237684942,0.010502629946640595,0.09352190047502518,0.9219280948873623,0.9999938558276813,0.8
medqa_test_00628,llama-3.1-8b-instruct,medqa,C,C,True,True,False,10,10,407.8,0.015628229227575192,0.0,0.015628229227575192,0.00042866084012121373,0.03561871355520755,0.01673491300495066,0.007368609251699532,0.10946893692016602,0.0,1.0,0.8
medqa_test_00945,llama-3.1-8b-instruct,medqa,B,D,False,True,False,10,10,346.7,0.021459242182743275,0.00019157088122605362,0.02165081306396933,0.0013798324159051839,0.09989568587589942,0.058609373237039374,0.04035590929223633,0.11719311773777008,1.9709505944546688,0.9999982398484147,1.0
medqa_test_00494,llama-3.1-8b-instruct,medqa,A,A,True,True,False,10,10,453.5,0.02277162130155077,0.0,0.02277162130155077,0.004552116808441255,0.06656338714755967,0.02973209046830837,0.013732729327322012,0.1492810994386673,1.295461844238322,0.8348952762520145,0.8
medqa_test_00320,llama-3.1-8b-instruct,medqa,D,B,False,True,False,10,10,435.8,0.01571510678062666,0.0,0.01571510678062666,0.0006308203472319715,0.048642927839906015,0.022606451674809624,0.010791055266798188,0.0912228673696518,1.1567796494470395,0.9999996072351551,0.8
medqa_test_00921,llama-3.1-8b-instruct,medqa,B,A,False,True,False,10,10,380.8,0.006863612901062581,0.0,0.006863612901062581,0.0013684435849387663,0.0913133146875593,0.055584352689742225,0.03646133039176358,0.09736756235361099,0.0,0.9962018687611556,0.9
medqa_test_00050,llama-3.1-8b-instruct,medqa,E,E,True,True,False,10,10,346.3,0.007449006317965962,0.0002777777777777778,0.00772678409574374,0.002615358895188699,0.06495212852944585,0.03290266480768411,0.015709260051553597,0.09848872572183609,0.0,0.9999251705930832,0.9
medqa_test_00504,llama-3.1-8b-instruct,medqa,C,C,True,True,False,10,10,378.2,0.01855859248154109,0.0,0.01855859248154109,0.0018129726583735097,0.08213767031489472,0.04055311656230237,0.024145170560087924,0.1470460295677185,0.4689955935892812,0.9992903324834104,0.9
medqa_test_01042,llama-3.1-8b-instruct,medqa,E,E,True,True,False,10,10,269.8,0.008677140445919666,0.0003861003861003861,0.009063240832020054,0.00039840637450199205,0.12558348280472742,0.06678262587260955,0.033956998316403045,0.08050807565450668,0.0,1.0,0.8
medqa_test_01110,llama-3.1-8b-instruct,medqa,D,D,True,True,False,10,9,523.3,0.023235545725388423,0.0,0.023235545725388423,0.0009317273035025751,0.07379723153030752,0.037774223432833695,0.02238122357926109,0.1345607191324234,1.5304930567574826,0.9074433328682818,0.8
medqa_test_01175,llama-3.1-8b-instruct,medqa,B,B,True,True,False,10,10,444.9,0.017947935529383223,0.0,0.017947935529383223,0.00020040080160320639,0.034662625797421506,0.013411610207710034,0.006824301276988876,0.08675741404294968,0.0,0.9999997897586111,0.8
medqa_test_00762,llama-3.1-8b-instruct,medqa,C,A,False,True,False,10,10,523.0,0.014374111069028861,0.0,0.014374111069028861,0.0020726570259646483,0.06505772261343981,0.03172743279298825,0.01707393271608735,0.07871239632368088,1.6854752972273346,0.9999998802070054,0.8
medqa_test_00632,llama-3.1-8b-instruct,medqa,E,E,True,True,False,10,10,483.8,0.0201243597390121,0.0,0.0201243597390121,0.0010382641076477613,0.04819268181323162,0.02376789692317598,0.012935878437282666,0.07703568786382675,0.0,1.0,0.9
medqa_test_00839,llama-3.1-8b-instruct,medqa,B,B,True,True,False,10,10,417.9,0.009680263998749626,0.0004919459911075796,0.010172209989857205,0.0015000306830268968,0.0933056092369968,0.05736426957400538,0.040513460512950614,0.10986886918544769,0.0,0.9999996310699931,1.0
medqa_test_00872,llama-3.1-8b-instruct,medqa,D,D,True,True,False,10,10,299.4,0.003615924143273161,0.0,0.003615924143273161,0.011768719856429018,0.17410141016818784,0.08625679099493384,0.04819864965932278,0.09002871811389923,0.9219280948873623,0.999738809789853,1.0
medqa_test_00226,llama-3.1-8b-instruct,medqa,D,D,True,True,False,10,10,469.6,0.011113580467582868,0.0,0.011113580467582868,0.0002570694087403599,0.0820337738731922,0.04901987066506146,0.03193938058897694,0.11605536937713623,0.7219280948873623,0.9999832985761725,0.8
medqa_test_01056,llama-3.1-8b-instruct,medqa,D,D,True,True,False,10,10,309.6,0.016438603773237383,0.0,0.016438603773237383,0.0008429260325114724,0.04432569034046675,0.02602007451340029,0.015017339330930324,0.10307369381189346,0.0,1.0,1.0
medqa_test_00502,llama-3.1-8b-instruct,medqa,B,B,True,True,False,10,10,398.7,0.009348849128180986,0.0,0.009348849128180986,0.004523064896972239,0.03937113946363426,0.02273584681173856,0.013724983546754787,0.09364635497331619,0.9219280948873623,1.0,0.8
medqa_test_00794,llama-3.1-8b-instruct,medqa,E,E,True,True,False,10,10,509.6,0.016790634190525573,0.0,0.016790634190525573,0.0001838235294117647,0.10859136908768438,0.06300649869658795,0.04056188527774103,0.09485837817192078,0.0,0.8804280691240839,0.9
medqa_test_00115,llama-3.1-8b-instruct,medqa,E,E,True,True,False,10,10,347.6,0.009172726225144985,0.0005944322954632233,0.009767158520608209,0.003513701165717414,0.1248535945589059,0.0587243304199767,0.031252593489854506,0.0795457661151886,1.295461844238322,0.9990331361425544,1.0
medqa_test_00751,llama-3.1-8b-instruct,medqa,C,D,False,True,False,10,10,461.2,0.02291150426542059,0.0,0.02291150426542059,0.0013924769609143667,0.08063220493487674,0.03752964143624715,0.01936294240240769,0.15458908677101135,0.7219280948873623,0.9999980053308555,0.8
medqa_test_00419,llama-3.1-8b-instruct,medqa,B,C,False,True,False,10,9,520.5,0.01147859823399996,0.0,0.01147859823399996,0.0008135785932049892,0.053181393965938885,0.019113141635886743,0.007526233343661948,0.11386645585298538,0.9182958340544896,0.9998601790064595,0.8
medqa_test_00310,llama-3.1-8b-instruct,medqa,B,B,True,True,False,10,10,361.8,0.013222439181030565,0.0,0.013222439181030565,0.0033816648432289606,0.11923296130144942,0.07244042844615821,0.04682528546708505,0.07085587829351425,1.3609640474436813,0.8345191811753517,0.8
medqa_test_00213,llama-3.1-8b-instruct,medqa,A,A,True,True,False,10,10,439.3,0.01446680945659011,0.0,0.01446680945659011,0.0009231522488526231,0.05363747253565857,0.02485753442102313,0.013098520277916737,0.0941280648112297,0.0,0.9953894440701478,0.8
medqa_test_01047,llama-3.1-8b-instruct,medqa,B,B,True,True,False,10,10,471.9,0.01748847730676239,0.0001937984496124031,0.01768227575637479,0.0004025667168357851,0.03912668574761352,0.01406907200264378,0.005122031391923821,0.13914306461811066,0.7219280948873623,0.0,0.8
medqa_test_00060,llama-3.1-8b-instruct,medqa,D,D,True,True,False,10,9,429.6,0.016808522050609478,0.0,0.016808522050609478,0.0002487562189054726,0.06380032240748532,0.03877207505057321,0.023533612117321256,0.09496252238750458,0.5032583347756457,0.9997694932093263,0.8
medqa_test_00755,llama-3.1-8b-instruct,medqa,D,E,False,True,False,10,10,452.7,0.01671965767650585,0.0,0.01671965767650585,0.00024330900243309004,0.06337554666621657,0.03460562492878616,0.021191561203675147,0.0979151502251625,0.7219280948873623,0.9999995549298103,0.8
medqa_test_00479,llama-3.1-8b-instruct,medqa,D,D,True,True,False,10,10,376.2,0.023293503503183377,0.0,0.023293503503183377,0.0015577293151740489,0.05489333143010714,0.027049631136438757,0.014619067295994404,0.0855148658156395,0.0,1.0,0.8
medqa_test_00155,llama-3.1-8b-instruct,medqa,E,C,False,True,False,10,10,472.3,0.013479497226993825,0.0,0.013479497226993825,0.0005128205128205128,0.04158307969686553,0.01821398961038644,0.00876660305996584,0.1441003531217575,0.9219280948873623,0.977022627413796,0.8
medqa_test_00910,llama-3.1-8b-instruct,medqa,C,B,False,True,False,10,10,374.8,0.020966096911930156,0.0,0.020966096911930156,0.0008733170943560113,0.07738879190895764,0.04514976521917059,0.028657842915121034,0.12648378312587738,1.0,0.9996648473564239,0.8
medqa_test_00076,llama-3.1-8b-instruct,medqa,B,B,True,True,False,10,10,375.3,0.023596850029770976,0.0,0.023596850029770976,0.0033867183409798467,0.04793934782000568,0.02777312639085433,0.016386585069234107,0.10651152580976486,0.0,1.0,0.8
medqa_test_01210,llama-3.1-8b-instruct,medqa,C,B,False,True,False,10,10,481.3,0.026412107809542285,0.0,0.026412107809542285,0.0003913069652639817,0.051925603313836076,0.027761939992017193,0.01720852274236938,0.10485661774873734,1.8464393446710154,0.004070137232672754,0.8
medqa_test_00404,llama-3.1-8b-instruct,medqa,A,A,True,True,False,10,10,414.9,0.007410242337898075,0.0,0.007410242337898075,0.0014944319218377032,0.07983193052899348,0.044140045504077,0.026911401326678852,0.12032528221607208,0.7219280948873623,0.999933621300238,0.8
medqa_test_00906,llama-3.1-8b-instruct,medqa,E,B,False,True,False,10,10,398.1,0.023006296121595087,0.0,0.023006296121595087,0.0004424778761061947,0.0476473459609303,0.022662175888278437,0.011535489650153186,0.09775549918413162,1.9709505944546688,1.0,0.8
medqa_test_00322,llama-3.1-8b-instruct,medqa,D,D,True,True,False,10,10,363.2,0.013438251856217406,0.0,0.013438251856217406,0.001209018501123211,0.040164526341120235,0.012095135438676685,0.0028546971114605914,0.14245182275772095,0.8812908992306927,0.9754298100802298,0.8
medqa_test_00295,llama-3.1-8b-instruct,medqa,B,B,True,True,False,10,10,311.9,0.014965317219114215,0.0,0.014965317219114215,0.000615594427449829,0.06404598042196318,0.03814924371988056,0.021100007740397518,0.07659576088190079,0.0,0.0,0.8
medqa_test_00037,llama-3.1-8b-instruct,medqa,A,A,True,True,False,10,10,410.5,0.019472957850529375,0.0,0.019472957850529375,0.0007064503927196672,0.03866301828218597,0.015675252102719417,0.008480478275499869,0.08330752700567245,0.0,0.9999546040065568,0.8
medqa_test_00397,llama-3.1-8b-instruct,medqa,B,B,True,True,False,10,10,365.2,0.0213346783750998,0.0,0.0213346783750998,0.0016055980184269802,0.022816597175498155,0.0075759196643775065,0.004078348730796666,0.1793357878923416,1.295461844238322,0.9999599399848103,0.0
medqa_test_00205,llama-3.1-8b-instruct,medqa,B,B,True,True,False,10,10,325.3,0.008221039960197563,0.0,0.008221039960197563,0.006348015637278532,0.10000449684690602,0.07131720077726747,0.05489281572903332,0.1251773238182068,0.9709505944546686,0.0002611902424492716,0.8
medqa_test_00033,llama-3.1-8b-instruct,medqa,B,E,False,True,False,10,10,405.5,0.016417665369597455,0.00024937655860349125,0.016667041928200947,0.0016478184758118442,0.042113111920111045,0.019587582186734807,0.009820047722858948,0.12162201851606369,0.9219280948873623,0.9999977398987759,0.9
medqa_test_01002,llama-3.1-8b-instruct,medqa,B,D,False,True,False,10,10,438.2,0.017954525630091374,0.0,0.017954525630091374,0.0006967648873772431,0.07042960441326378,0.035666237792243684,0.018493936343001484,0.09850732982158661,1.295461844238322,0.9993736688091001,0.8
medqa_test_00666,llama-3.1-8b-instruct,medqa,A,A,True,True,False,10,10,530.3,0.01631785963139928,0.0,0.01631785963139928,0.000945235754962373,0.08175992419767604,0.04399910077849737,0.02911736464729171,0.12743130326271057,0.7219280948873623,0.9993736663225942,0.8
medqa_test_00998,llama-3.1-8b-instruct,medqa,B,B,True,True,False,10,10,293.6,0.02813414982453364,0.0,0.02813414982453364,0.007353406398215722,0.04834097842435825,0.023474024276731544,0.010465816861812582,0.130459725856781,0.4689955935892812,0.9999998026659511,0.8
medqa_test_00595,llama-3.1-8b-instruct,medqa,B,B,True,True,False,10,10,328.3,0.012482928933007805,0.0002617801047120419,0.012744709037719848,0.0014934934514240798,0.13109148338631127,0.09744370645202795,0.07429521817283949,0.09600057452917099,0.0,1.0,1.0
medqa_test_01135,llama-3.1-8b-instruct,medqa,E,A,False,True,False,10,10,461.9,0.005923800751867693,0.0,0.005923800751867693,0.0023328168909632135,0.11628436289427327,0.07187052423157715,0.04329808604555715,0.09385987371206284,1.3567796494470397,0.9999977396749453,0.8
medqa_test_01120,llama-3.1-8b-instruct,medqa,D,D,True,True,False,10,10,260.8,0.007149570625597762,0.0,0.007149570625597762,0.00033112582781456954,0.07431392430242123,0.03855001090963449,0.018963300009256334,0.08523640036582947,0.0,1.0,1.0
medqa_test_01001,llama-3.1-8b-instruct,medqa,C,C,True,True,False,10,10,334.7,0.010601483443088575,0.0,0.010601483443088575,0.00059928566522426,0.03187488696832701,0.016549891471493227,0.010699602275269204,0.10107167810201645,0.0,0.9971990733658403,0.8
medqa_test_00245,llama-3.1-8b-instruct,medqa,D,A,False,True,False,10,10,478.0,0.01443742238962564,0.00042287161702706384,0.014860294006652706,0.0013269644158943853,0.05655819587054685,0.031463745522791756,0.021145934934564292,0.1391281634569168,1.6854752972273344,0.9986749776616597,0.8
medqa_test_00643,llama-3.1-8b-instruct,medqa,E,E,True,True,False,10,10,340.4,0.03786871660565763,0.0004484304932735426,0.03831714709893118,0.0033306719110499927,0.034562235181159626,0.014464637563009319,0.004234864805053262,0.10060460865497589,1.3609640474436813,0.9997388098129684,0.8
medqa_test_01081,llama-3.1-8b-instruct,medqa,E,E,True,True,False,10,10,367.5,0.011686886987171097,0.0,0.011686886987171097,0.0007394684360407022,0.04791509341270046,0.025730828872405354,0.013963758834614926,0.11874206364154816,0.0,0.9890497802152427,0.9
medqa_test_00729,llama-3.1-8b-instruct,medqa,D,D,True,True,False,10,10,492.9,0.015093967326849417,0.0,0.015093967326849417,0.00018552875695732838,0.04535966472688052,0.023709593595057043,0.01327990725328746,0.10208739340305328,0.0,0.9992903305440191,0.9
medqa_test_00615,llama-3.1-8b-instruct,medqa,A,A,True,True,False,10,10,409.0,0.017812676375384633,0.0,0.017812676375384633,0.0005075881870385561,0.0645248316231439,0.030099470757208358,0.015154564023157891,0.10950349271297455,0.0,0.9975273835283283,0.8
medqa_test_00896,llama-3.1-8b-instruct,medqa,E,E,True,True,False,10,10,395.6,0.02233951351150916,0.0,0.02233951351150916,0.0008754012143160014,0.03135835404577893,0.008396755833376924,0.0021476625840952225,0.1248975545167923,0.0,1.0,0.8
medqa_test_00926,llama-3.1-8b-instruct,medqa,B,B,True,True,False,10,10,400.4,0.016334769305044298,0.0,0.016334769305044298,0.0025514326982742377,0.0435321087897191,0.021189105080482374,0.011864651096962742,0.11325045675039291,0.4689955935892812,0.9999980055941818,0.8
medqa_test_00385,llama-3.1-8b-instruct,medqa,E,E,True,True,False,10,10,419.5,0.013621108289681532,0.0,0.013621108289681532,0.00021881838074398248,0.06437756846298352,0.032684073514391385,0.017733041177028654,0.08895725756883621,0.0,4.0990973179765236e-09,0.9
medqa_test_01244,llama-3.1-8b-instruct,medqa,A,D,False,True,False,10,10,407.3,0.011226736317675252,0.002658953247409304,0.013885689565084552,0.0069757098944883255,0.08424323417956768,0.04954364027187509,0.0299544388540386,0.08095749467611313,1.5709505944546684,0.9999921112377361,1.0
medqa_test_01152,llama-3.1-8b-instruct,medqa,B,D,False,True,False,10,10,384.1,0.007494313717814588,0.00022026431718061675,0.0077145780349952035,0.0038446750788538723,0.07355018712784224,0.045917777028831,0.030336856466273023,0.13360534608364105,1.0,0.9999957772605362,0.8
medqa_test_00944,llama-3.1-8b-instruct,medqa,E,C,False,True,False,10,10,427.3,0.013594951841178857,0.0002457002457002457,0.013840652086879101,0.0002044989775051125,0.06641675735291451,0.032966287421746523,0.0180613501988372,0.10249365866184235,0.4689955935892812,0.9999994285387371,0.9
medqa_test_00149,llama-3.1-8b-instruct,medqa,E,A,False,True,False,10,10,321.1,0.0048107405425241,0.0,0.0048107405425241,0.0021648021574371137,0.06541856422223084,0.03501097426755424,0.0205919064646262,0.10112365335226059,0.0,0.9999998257028028,0.8
medqa_test_00933,llama-3.1-8b-instruct,medqa,A,E,False,True,False,10,10,564.6,0.015063160499460548,0.0,0.015063160499460548,0.0006920415224913495,0.040527755439016655,0.01974979912261502,0.01138711570344072,0.1404058337211609,1.9219280948873623,0.0,0.8
medqa_test_00591,llama-3.1-8b-instruct,medqa,C,C,True,True,False,10,10,393.1,0.02082833946221169,0.0,0.02082833946221169,0.0009613615312290214,0.06870645915263306,0.033091608185426544,0.01619667192713107,0.13943740725517273,0.9709505944546686,1.0,0.8
medqa_test_01151,llama-3.1-8b-instruct,medqa,B,B,True,True,False,10,10,444.4,0.016630504386481965,0.0,0.016630504386481965,0.0005173632142136079,0.034468255327705144,0.014895696401073443,0.007904541319422975,0.18008874356746674,0.7219280948873623,0.9999898704963243,0.8
medqa_test_00140,llama-3.1-8b-instruct,medqa,D,D,True,True,False,10,10,372.2,0.010663622899742663,0.0,0.010663622899742663,0.0013286882122421303,0.06325075609322087,0.04230210662145182,0.0319411966223645,0.08587563037872314,0.0,0.9999417564127121,0.0
medqa_test_01154,llama-3.1-8b-instruct,medqa,D,D,True,True,False,10,10,376.0,0.010513050132876008,0.00029850746268656717,0.010811557595562574,0.003610798852168125,0.0851810749668553,0.05282946331399698,0.03615843412750217,0.0884929746389389,0.8812908992306927,1.0,0.8
medqa_test_00828,llama-3.1-8b-instruct,medqa,C,E,False,True,False,10,10,459.0,0.020304211530511578,0.0,0.020304211530511578,0.0,0.039824278575321746,0.019741105177280692,0.01191423749017706,0.11316823214292526,0.8812908992306927,0.9796674204478241,0.8
medqa_test_00851,llama-3.1-8b-instruct,medqa,C,B,False,True,False,10,10,399.1,0.018260892720292625,0.0,0.018260892720292625,0.002826211416779711,0.07186571081012506,0.03802569041391982,0.02362564603757227,0.1452643722295761,1.1567796494470395,5.8291291717851875e-05,0.8
medqa_test_00007,llama-3.1-8b-instruct,medqa,C,C,True,True,False,10,10,463.6,0.0100856924574325,0.0,0.0100856924574325,0.0008814587050139556,0.0647479377934531,0.030284616777750982,0.017848901719035047,0.11615539342164993,0.4689955935892812,1.0,0.9
medqa_test_00953,llama-3.1-8b-instruct,medqa,D,C,False,True,False,10,10,376.5,0.008101943174191717,0.0,0.008101943174191717,0.0022834875474082544,0.14185493020060885,0.0942959917903377,0.06446717783588243,0.11407803744077682,0.0,0.9999970978402396,0.9
medqa_test_00091,llama-3.1-8b-instruct,medqa,B,B,True,True,False,10,10,414.3,0.009226643676631532,0.002171982137655152,0.011398625814286682,0.005667813798325895,0.07373253294163755,0.03421889363884791,0.01702237253137163,0.10450639575719833,0.0,0.9999898704697245,1.0
medqa_test_00184,llama-3.1-8b-instruct,medqa,B,A,False,True,False,10,10,491.1,0.013752095869475137,0.0,0.013752095869475137,0.0010358295679197163,0.039771080058313056,0.014476622513078696,0.006733503641907545,0.07727468013763428,0.0,0.0,0.95
medqa_test_00116,llama-3.1-8b-instruct,medqa,D,D,True,True,False,10,10,420.5,0.018447521327576235,0.0,0.018447521327576235,0.00017921146953405018,0.045935281181242404,0.020027300315909168,0.011971607510195104,0.15507127344608307,1.0,0.9999834265227959,0.8
medqa_test_00684,llama-3.1-8b-instruct,medqa,B,E,False,True,False,10,10,444.0,0.018211929926908368,0.0,0.018211929926908368,0.00038688338122605363,0.039802571380305074,0.019982798811348033,0.01069553205945134,0.1345842182636261,1.8464393446710154,0.9999993524241981,0.9
medqa_test_00099,llama-3.1-8b-instruct,medqa,C,C,True,True,False,10,10,334.8,0.01289454776503258,0.0025821986414259427,0.015476746406458524,0.0056076577757828,0.11180865731154577,0.06977529957519814,0.048983791024300526,0.08257241547107697,0.0,0.9989677690861697,1.0
medqa_test_00585,llama-3.1-8b-instruct,medqa,E,E,True,True,False,10,10,432.6,0.015633069364949327,0.0,0.015633069364949327,0.00024449877750611245,0.04220123213635076,0.02063701625832909,0.010017860221733187,0.1185067743062973,0.4689955935892812,0.9999038978069661,0.9
medqa_test_00144,llama-3.1-8b-instruct,medqa,D,D,True,True,False,10,10,377.8,0.02671943025988585,0.0,0.02671943025988585,0.001669608536710392,0.04319186595875342,0.022285155624974205,0.010620758300152567,0.11838824301958084,0.7219280948873623,1.0,0.8
medqa_test_01079,llama-3.1-8b-instruct,medqa,E,E,True,True,False,10,10,448.5,0.012314780108918686,0.0,0.012314780108918686,0.00043437949098326455,0.08129529009237563,0.04156169508172387,0.022526851203139353,0.14195948839187622,1.0,1.0,0.8
medqa_test_00884,llama-3.1-8b-instruct,medqa,A,A,True,True,False,10,10,320.1,0.012340015390999312,0.0,0.012340015390999312,0.002773032240518298,0.07118023205439003,0.035804558110801556,0.018654053021691562,0.08467820286750793,0.0,0.9875871107415475,1.0
medqa_test_00617,llama-3.1-8b-instruct,medqa,B,B,True,True,False,10,10,362.3,0.014832053311949872,0.0,0.014832053311949872,0.0037279260618840876,0.08931800318301522,0.05217502694544061,0.03238865182653935,0.08276069164276123,0.0,0.9999984466895163,0.8
medqa_test_00301,llama-3.1-8b-instruct,medqa,D,E,False,True,False,10,9,357.2,0.004583540311823033,0.0,0.004583540311823033,0.0017001243599551867,0.11062246337551747,0.0595783747377265,0.036654252764849904,0.17254048585891724,0.5032583347756457,0.9999832991452228,1.0
medqa_test_00524,llama-3.1-8b-instruct,medqa,B,B,True,True,False,10,10,503.9,0.019255300114457218,0.0,0.019255300114457218,0.0016109712888490498,0.051831829693309975,0.025229757928141104,0.015118805725348827,0.16468626260757446,0.8812908992306927,0.9999997897581203,0.8
medqa_test_00557,llama-3.1-8b-instruct,medqa,C,C,True,True,False,10,10,454.5,0.010815677773822287,0.0,0.010815677773822287,0.0004664320931343802,0.043067535382160925,0.024752029368153593,0.014772013660744588,0.12639842927455902,0.0,0.9995694455886074,0.8
medqa_test_01096,llama-3.1-8b-instruct,medqa,D,D,True,True,False,10,10,386.4,0.018307643770713596,0.0,0.018307643770713596,0.0010465052329738103,0.04058109910204157,0.013401502502579498,0.005120814917784355,0.11633536219596863,0.0,0.9999885212346096,0.8
medqa_test_00868,llama-3.1-8b-instruct,medqa,D,D,True,True,False,10,10,485.3,0.013094030077741597,0.0,0.013094030077741597,0.0008200654154168749,0.07894411915156097,0.044988635946179245,0.02718598270820698,0.10705395042896271,0.4689955935892812,0.996827316742211,0.8
medqa_test_00547,llama-3.1-8b-instruct,medqa,E,C,False,True,False,10,10,429.3,0.018794310023779535,0.0,0.018794310023779535,0.0010850757188099393,0.048708154934810344,0.02203565371234405,0.01094328864954125,0.10483865439891815,0.4689955935892812,0.9999957771664452,0.8
medqa_test_00661,llama-3.1-8b-instruct,medqa,A,C,False,True,False,10,10,472.6,0.015357391656324387,0.0,0.015357391656324387,0.0005954689145441538,0.08737382379364597,0.049877751233236955,0.027719471604556345,0.10104051977396011,1.0,0.9999992662277979,0.8
medqa_test_00895,llama-3.1-8b-instruct,medqa,D,D,True,True,False,10,10,295.8,0.023811742569488877,0.0,0.023811742569488877,0.00393421191032859,0.05154608213212604,0.020159758968024532,0.00885954190251682,0.14950309693813324,1.295461844238322,0.8658955891632882,0.8
medqa_test_00818,llama-3.1-8b-instruct,medqa,B,B,True,True,False,10,10,460.0,0.009952123810531087,0.0,0.009952123810531087,0.000977102762118404,0.09232300103725362,0.05178342614364073,0.03466285906297144,0.08727410435676575,0.4689955935892812,0.999925153754646,0.8
medqa_test_00390,llama-3.1-8b-instruct,medqa,A,A,True,True,False,10,10,422.6,0.015528294880196369,0.0,0.015528294880196369,0.0030982094932442087,0.055964838675227946,0.025673382564589807,0.01566627002830251,0.09585697203874588,1.3609640474436813,0.9999999847700245,0.8
medqa_test_00515,llama-3.1-8b-instruct,medqa,D,D,True,True,False,10,9,369.1,0.018663994496141,0.0,0.018663994496141,0.001137070660744355,0.03155349486515822,0.010233761572196609,0.004229365090567971,0.1454617977142334,1.3516441151533922,0.9999987901807794,0.8
medqa_test_00380,llama-3.1-8b-instruct,medqa,B,A,False,True,False,10,10,551.3,0.007513536096125853,0.0,0.007513536096125853,0.0015270305569726034,0.0750723411860145,0.040129050406406866,0.024445986190019864,0.176170215010643,1.7609640474436812,0.0,0.8
medqa_test_00534,llama-3.1-8b-instruct,medqa,C,C,True,True,False,10,10,345.9,0.024384477709066283,0.0,0.024384477709066283,0.0002469135802469136,0.053836767909793526,0.024753375421159574,0.012777648480290648,0.12035023421049118,0.0,1.0,0.8
medqa_test_00937,llama-3.1-8b-instruct,medqa,D,D,True,True,False,10,10,409.5,0.008308064980447439,0.0002652519893899204,0.008573316969837357,0.0017095155873310143,0.08163742339825641,0.04704906645834038,0.02960507643404353,0.14959090948104858,1.3709505944546687,0.9982992795824572,0.8
medqa_test_00098,llama-3.1-8b-instruct,medqa,C,C,True,True,False,10,10,361.9,0.018959795596214912,0.0,0.018959795596214912,0.0010459625665968056,0.05673814574639846,0.022357551020547504,0.011904092551780376,0.12953989207744598,0.7219280948873623,1.0,0.8
medqa_test_00369,llama-3.1-8b-instruct,medqa,E,D,False,True,False,10,10,308.6,0.012829365877498685,0.0,0.012829365877498685,0.0019418752019315067,0.11011595319557806,0.05772364543296328,0.031444896882104,0.15054908394813538,0.7219280948873623,,0.8
medqa_test_01260,llama-3.1-8b-instruct,medqa,C,A,False,True,False,10,10,411.7,0.01344325565036659,0.0,0.01344325565036659,0.0020304193185439632,0.08879645852241258,0.05339370923622914,0.034874641845829654,0.11718001961708069,1.3709505944546687,1.0,0.8
medqa_test_00780,llama-3.1-8b-instruct,medqa,D,D,True,True,False,10,10,442.1,0.012821335990464294,0.0,0.012821335990464294,0.0004981199011049757,0.023404556773479655,0.008681768639895903,0.002879523344031731,0.11913186311721802,1.3609640474436813,0.43808610462458986,0.8
medqa_test_00128,llama-3.1-8b-instruct,medqa,A,E,False,True,False,10,10,480.1,0.016840339514927603,0.0,0.016840339514927603,0.0005289274952196301,0.047335712918511186,0.022123179657859492,0.012418123503709744,0.1080123707652092,0.8812908992306927,1.0,0.8
medqa_test_01268,llama-3.1-8b-instruct,medqa,E,E,True,True,False,10,10,350.3,0.018844202028877967,0.0,0.018844202028877967,0.0023642740593758757,0.04760735261112668,0.023832276838016465,0.014117212443203065,0.11866213381290436,0.0,0.999985263100377,0.8
medqa_test_00588,llama-3.1-8b-instruct,medqa,A,C,False,True,False,10,10,454.4,0.014912843742822512,0.0,0.014912843742822512,0.0011856665356001056,0.046693130981773336,0.02212203186200218,0.010955391905668277,0.0940447598695755,1.1567796494470395,0.9997965848411848,0.8
medqa_test_00232,llama-3.1-8b-instruct,medqa,D,D,True,True,False,10,10,395.6,0.017535392009523438,0.0,0.017535392009523438,0.0010469859634457213,0.045183237371754524,0.0215123779059479,0.009860928659507818,0.1508488655090332,0.4689955935892812,0.9999038978708599,0.8
medqa_test_00657,llama-3.1-8b-instruct,medqa,D,D,True,True,False,10,10,520.8,0.01123994471845918,0.0,0.01123994471845918,0.0015899260608386219,0.10647615954560781,0.0664485147089702,0.044067630364623286,0.09936275333166122,0.7219280948873623,1.0,0.0
medqa_test_01125,llama-3.1-8b-instruct,medqa,D,D,True,True,False,10,10,411.4,0.015923587422277324,0.0,0.015923587422277324,0.0009195395900935243,0.034987866650847056,0.0138271827204827,0.0063294571102926024,0.10272045433521271,0.4689955935892812,1.0,0.8
medqa_test_00782,llama-3.1-8b-instruct,medqa,E,E,True,True,False,10,10,427.7,0.02167154663770243,0.0,0.02167154663770243,0.0006713673975337262,0.04568468776080431,0.0216002372202988,0.007502507148518178,0.08363397419452667,1.295461844238322,0.999999694115303,0.8
medqa_test_00647,llama-3.1-8b-instruct,medqa,C,C,True,True,False,10,10,560.8,0.009837355918274527,0.0,0.009837355918274527,0.0003329593772939433,0.0803205011191631,0.03898633451520002,0.016202483065553063,0.09292210638523102,0.7219280948873623,0.0,0.8
medqa_test_00381,llama-3.1-8b-instruct,medqa,C,,,False,True,10,9,526.8,0.012420915770732014,0.000588235294117647,0.01300915106484966,0.0006475604749676459,0.08307871857980573,0.044370671643989466,0.026706606820223466,0.17003655433654785,2.197159723424149,0.998805041753609,0.8
medqa_test_01136,llama-3.1-8b-instruct,medqa,E,C,False,True,False,10,10,357.4,0.022407259186359656,0.0,0.022407259186359656,0.001209898629019161,0.03851426327405717,0.016063878033827528,0.007508695885651362,0.14732898771762848,1.3609640474436813,0.0,0.8
medqa_test_00176,llama-3.1-8b-instruct,medqa,E,E,True,True,False,10,10,259.9,0.009892693452261523,0.0007916478894396875,0.010684341341701209,0.005982466916038551,0.16070216638006277,0.09273425133255765,0.05761315629428552,0.08355501294136047,1.1567796494470395,0.9959359469894097,1.0
medqa_test_00805,llama-3.1-8b-instruct,medqa,C,C,True,True,False,10,10,375.2,0.023089116456184465,0.0,0.023089116456184465,0.0007645826144632193,0.13022238072026093,0.08883585150722766,0.06516762989264888,0.09938766807317734,0.0,0.999995215432131,0.9
medqa_test_00653,llama-3.1-8b-instruct,medqa,A,A,True,True,False,10,10,499.7,0.02152991612587127,0.0,0.02152991612587127,0.0008687313234650336,0.04217119093559266,0.020882165926373118,0.013594302536459412,0.08303291350603104,0.4689955935892812,0.10762842020982948,0.8
medqa_test_00844,llama-3.1-8b-instruct,medqa,A,E,False,True,False,10,10,404.0,0.014976791189477928,0.0,0.014976791189477928,0.009233583774828791,0.054255537747870584,0.023731653763286408,0.01123526962649234,0.09681542962789536,1.8464393446710154,0.9999921118404304,1.0
medqa_test_00188,llama-3.1-8b-instruct,medqa,E,E,True,True,False,10,10,390.7,0.019768698646065074,0.0,0.019768698646065074,0.00022271714922048996,0.04859391873979396,0.02378196182343296,0.013718089271264732,0.13126681745052338,0.4689955935892812,0.8167922535262216,0.9
medqa_test_00297,llama-3.1-8b-instruct,medqa,D,B,False,True,False,10,10,443.1,0.015103834372614169,0.0005734403564899451,0.015677274729104112,0.0003154574132492113,0.048766791407035624,0.023536274254978794,0.013140371070079348,0.10141067206859589,0.9709505944546686,1.0,0.8
medqa_test_00797,llama-3.1-8b-instruct,medqa,E,E,True,True,False,10,10,437.3,0.015013625964754362,0.0,0.015013625964754362,0.0007884766363275871,0.05434176959273993,0.028749384702857306,0.018238439221978063,0.1112351194024086,0.0,0.8517118725246,0.9
medqa_test_00522,llama-3.1-8b-instruct,medqa,D,D,True,True,False,10,10,405.3,0.022453946233403854,0.0,0.022453946233403854,0.0012366099653770887,0.06643960574143684,0.034236710014973845,0.019294346933097208,0.11036534607410431,0.4689955935892812,0.9837061792662567,0.8
medqa_test_00508,llama-3.1-8b-instruct,medqa,C,A,False,True,False,10,10,465.3,0.014622402685475877,0.0,0.014622402685475877,0.0006253200722352496,0.04772753660723639,0.022481448693321415,0.012112363386325941,0.09615132957696915,0.7219280948873623,0.9998207415459994,0.8
medqa_test_00354,llama-3.1-8b-instruct,medqa,D,D,True,True,False,10,10,337.1,0.02930389872820994,0.0,0.02930389872820994,0.0034853322413226267,0.05687187680215491,0.027438239345352933,0.018543919804496923,0.08794906735420227,0.0,0.9999756997537348,0.8
medqa_test_00207,llama-3.1-8b-instruct,medqa,A,A,True,True,False,10,10,420.3,0.018019217900315528,0.0,0.018019217900315528,0.0013878152062031825,0.053929873366008366,0.02810414651294958,0.016322034646531182,0.08726095408201218,0.4689955935892812,0.9975273785727401,0.8
medqa_test_00113,llama-3.1-8b-instruct,medqa,D,D,True,True,False,10,10,297.1,0.008570091578731624,0.0,0.008570091578731624,0.003040795190465017,0.03904388709976242,0.01898410203126394,0.008379194520419964,0.12940026819705963,0.0,,0.8
medqa_test_00700,llama-3.1-8b-instruct,medqa,C,C,True,True,False,10,10,324.5,0.011104121095695346,0.0,0.011104121095695346,0.0002544529262086514,0.0771298238760187,0.043292575182116745,0.026776459785789974,0.13020585477352142,0.4689955935892812,0.9999785550517788,0.8
medqa_test_00855,llama-3.1-8b-instruct,medqa,B,B,True,True,False,10,9,455.1,0.0057466035606009835,0.0006146903205726734,0.006361293881173657,0.0006423414177424874,0.10528240032870835,0.06574392938662157,0.0425482338084493,0.15737925469875336,1.3516441151533924,0.9992903296854386,0.8
medqa_test_00927,llama-3.1-8b-instruct,medqa,C,C,True,True,False,10,10,490.5,0.009170158717316284,0.0,0.009170158717316284,0.0011306181594084748,0.08251256851087961,0.052961133647535616,0.03701898478494879,0.08103155344724655,0.7219280948873623,0.9999898706975912,0.9
medqa_test_00965,llama-3.1-8b-instruct,medqa,D,D,True,True,False,10,10,395.5,0.013173166531800815,0.0,0.013173166531800815,0.0009261338123035473,0.04398599563163108,0.025716417332241715,0.018690336772887627,0.09746652096509933,0.0,0.9999869948802673,0.8
medqa_test_00744,llama-3.1-8b-instruct,medqa,D,D,True,True,False,10,10,461.3,0.015330939675215646,0.0,0.015330939675215646,0.0002008032128514056,0.06423942405771263,0.035616938188249715,0.024452769919469153,0.10731099545955658,0.4689955935892812,0.9999599647458025,0.8
medqa_test_00513,llama-3.1-8b-instruct,medqa,D,D,True,True,False,10,10,404.7,0.019224381673747636,0.0,0.019224381673747636,0.00020920502092050208,0.07019018837779908,0.03851342620471003,0.023069089712054024,0.09907688200473785,1.3567796494470397,0.9948105711599481,0.8
medqa_test_00364,llama-3.1-8b-instruct,medqa,A,A,True,True,False,10,10,429.7,0.018610236610555306,0.0,0.018610236610555306,0.0009347604208239978,0.06723932591103353,0.029331191514479337,0.014311527647030985,0.048557180911302567,0.9709505944546686,0.9999852610135781,0.8
medqa_test_01007,llama-3.1-8b-instruct,medqa,B,C,False,True,False,10,10,402.8,0.01659931653085343,0.0,0.01659931653085343,0.0009656310361023773,0.04420442209565012,0.020403495994661725,0.010742798961937517,0.12362553179264069,0.7219280948873623,0.996827320690668,0.8
medqa_test_00243,llama-3.1-8b-instruct,medqa,A,C,False,True,False,10,10,369.3,0.020630260019324935,0.0,0.020630260019324935,0.005103360854389763,0.0391398711361954,0.01668767570247779,0.006711484707886528,0.09198557585477829,0.8812908992306927,0.9999938558239533,0.8
medqa_test_00786,llama-3.1-8b-instruct,medqa,E,E,True,True,False,10,10,377.3,0.014912306811353743,0.0,0.014912306811353743,0.0015744256659266423,0.08845574871472806,0.05398798481002638,0.035158606544572577,0.1312054842710495,0.0,0.9139544243681493,0.8
medqa_test_00977,llama-3.1-8b-instruct,medqa,B,B,True,True,False,10,10,411.3,0.020769182439596322,0.0,0.020769182439596322,0.0009584178249256956,0.052309582692292876,0.021383325668557985,0.010583240347715583,0.0751117467880249,0.0,0.9999957843977406,0.8
medqa_test_00984,llama-3.1-8b-instruct,medqa,D,A,False,True,False,10,10,429.0,0.007971998098189003,0.00046975409251301983,0.008441752190702024,0.0019545383148507176,0.056922765781532006,0.029097937351003567,0.018803845182224353,0.12903587520122528,1.295461844238322,0.9994473066507119,1.0
medqa_test_00483,llama-3.1-8b-instruct,medqa,D,C,False,True,False,10,10,424.5,0.010832881536550312,0.0,0.010832881536550312,0.0013771471054004306,0.053054057055771896,0.022520682325664378,0.011153642481315385,0.08760145306587219,0.0,1.0,0.8
medqa_test_00697,llama-3.1-8b-instruct,medqa,E,B,False,True,False,10,10,455.5,0.013196731773165318,0.0,0.013196731773165318,0.00019646365422396856,0.06297392624015331,0.03049106145994703,0.013798101140308338,0.10472419857978821,0.8812908992306927,0.0,0.8
medqa_test_00905,llama-3.1-8b-instruct,medqa,A,C,False,True,False,10,10,185.1,0.013509657905318101,0.002194708946681806,0.01570436685199991,0.006679222208624591,0.054496031567400835,0.029963345980039146,0.018174985775884354,0.10214029997587204,0.0,1.0,0.8
medqa_test_00368,llama-3.1-8b-instruct,medqa,D,C,False,True,False,10,10,539.1,0.018755688496814103,0.0,0.018755688496814103,0.00019569471624266143,0.041392138201806886,0.021689096002667285,0.011575355936656118,0.064985491335392,0.7219280948873623,0.9999974417141427,0.8
medqa_test_00537,llama-3.1-8b-instruct,medqa,A,E,False,True,False,10,10,446.6,0.009966316501345732,0.0,0.009966316501345732,0.001046005502012481,0.06820095473232389,0.033321130373783356,0.016336141280137894,0.10546024143695831,1.1567796494470395,1.0,0.8
medqa_test_01091,llama-3.1-8b-instruct,medqa,D,D,True,True,False,10,9,540.5,0.01036903517394676,0.0,0.01036903517394676,0.0003588364671930025,0.06250041157682676,0.028049993897291257,0.015694138715301786,0.0990542396903038,0.7642045065086203,0.0,0.8
medqa_test_00097,llama-3.1-8b-instruct,medqa,B,B,True,True,False,10,10,453.6,0.003970762588263554,0.0,0.003970762588263554,0.001337313071328688,0.04158313288736402,0.020254043165997104,0.012959891660495205,0.09186650067567825,0.0,0.9999997300443214,0.9
medqa_test_00264,llama-3.1-8b-instruct,medqa,A,D,False,True,False,10,10,517.9,0.022358910354067344,0.0,0.022358910354067344,0.00016051364365971107,0.038998262616142254,0.01796373624839539,0.009159215548037902,0.1449817270040512,1.9219280948873623,0.9999969105196119,0.8
medqa_test_00750,llama-3.1-8b-instruct,medqa,B,B,True,True,False,10,10,304.3,0.013536805413783234,0.0,0.013536805413783234,0.0,0.06700721219050204,0.04038747181940215,0.026952402059078662,0.12242359668016434,0.0,0.9999869928942808,1.0
medqa_test_00952,llama-3.1-8b-instruct,medqa,A,D,False,True,False,10,10,434.9,0.01749586104098392,0.0,0.01749586104098392,0.002316210587967694,0.07459805531391113,0.03512869267695423,0.021051925212545418,0.0579398050904274,1.4854752972273344,0.9999974389884037,0.8
medqa_test_00637,llama-3.1-8b-instruct,medqa,A,A,True,True,False,10,10,370.1,0.01814160197450522,0.0,0.01814160197450522,0.0031339775988885737,0.05973472287154462,0.032102404972333874,0.018701128916690502,0.06269443035125732,1.4854752972273344,0.9998602123646485,0.0
medqa_test_00616,llama-3.1-8b-instruct,medqa,E,B,False,True,False,10,10,440.8,0.01503404196494539,0.0,0.01503404196494539,0.0001851851851851852,0.05779525795881213,0.028256557330472144,0.013434274565638959,0.1501440405845642,1.295461844238322,0.9999991148441216,0.8
medqa_test_00803,llama-3.1-8b-instruct,medqa,B,C,False,True,False,10,10,436.4,0.02000169138899988,0.0,0.02000169138899988,0.000964277830252948,0.05363748023940688,0.03127645618499283,0.018887769179752156,0.1240556612610817,1.5709505944546684,0.9999962736212964,0.8
medqa_test_00613,llama-3.1-8b-instruct,medqa,D,D,True,True,False,10,10,341.9,0.010843812917547699,0.0,0.010843812917547699,0.0012313022943469907,0.08845434975999955,0.05742774342323888,0.03711790980332992,0.1343526691198349,0.9219280948873623,0.9998601874901888,0.8
medqa_test_01189,llama-3.1-8b-instruct,medqa,D,D,True,True,False,10,10,368.8,0.013439243394140082,0.0,0.013439243394140082,0.001404061200597473,0.03357183329733101,0.013434721009511041,0.005627183541817571,0.0990886464715004,0.0,0.9994472286479553,0.95
medqa_test_00143,llama-3.1-8b-instruct,medqa,B,B,True,True,False,10,10,372.4,0.015341759038247227,0.0,0.015341759038247227,0.00020833333333333332,0.034526260617409786,0.013676258583935907,0.00613051834177194,0.10428623855113983,0.8812908992306927,0.99957017491314,0.8
medqa_test_00174,llama-3.1-8b-instruct,medqa,E,E,True,True,False,10,10,400.7,0.018086451125468916,0.0009746864138109008,0.019061137539279818,0.007787407830881131,0.08391716294579811,0.045020609317762694,0.025341881988335112,0.11556564271450043,0.0,0.999996711285319,1.0
medqa_test_00132,llama-3.1-8b-instruct,medqa,A,A,True,True,False,10,10,411.6,0.022514507800916152,0.0,0.022514507800916152,0.00021645021645021645,0.06392785789537257,0.03407893027350525,0.018533004892922745,0.0996941477060318,0.0,0.0028009268006403314,0.8
medqa_test_00809,llama-3.1-8b-instruct,medqa,B,B,True,True,False,10,10,426.2,0.013810574977623368,0.0,0.013810574977623368,0.0002044989775051125,0.1260127995590354,0.08737599767906937,0.06695545790754748,0.10033496469259262,0.0,0.011969216087381532,0.8
medqa_test_00840,llama-3.1-8b-instruct,medqa,D,D,True,True,False,10,10,307.7,0.010049569688606722,0.0,0.010049569688606722,0.00034246575342465754,0.03948929507234068,0.0144023812694542,0.004442111526841342,0.10823508352041245,0.0,0.7498529371021376,1.0
medqa_test_00526,llama-3.1-8b-instruct,medqa,D,D,True,True,False,10,10,421.3,0.013343677430440506,0.00042643923240938164,0.01377011666284989,0.0014598536325626922,0.05409023893165902,0.02895464824014521,0.01906328479385928,0.16441570222377777,1.4854752972273344,0.9999952157931842,0.8
medqa_test_00831,llama-3.1-8b-instruct,medqa,A,A,True,True,False,10,10,469.5,0.018813693754223548,0.0,0.018813693754223548,0.0008778876504385135,0.07293544444654322,0.037202463834332365,0.01943098552788839,0.14905467629432678,1.1567796494470395,0.9999910603072968,0.8
medqa_test_01218,llama-3.1-8b-instruct,medqa,B,A,False,True,False,10,10,429.2,0.019445956808401887,0.0,0.019445956808401887,0.0017539227581334193,0.045667428278955056,0.017948325420322143,0.00860963773566067,0.11158813536167145,0.4689955935892812,1.0,0.8
medqa_test_00843,llama-3.1-8b-instruct,medqa,D,D,True,True,False,10,10,466.0,0.011575141854106828,0.0,0.011575141854106828,0.0005632026451605583,0.07301372397091535,0.0339428827843151,0.016422866137551763,0.10693030804395676,1.0,0.0,0.9
medqa_test_01222,llama-3.1-8b-instruct,medqa,D,C,False,True,False,10,10,364.7,0.01476860492252002,0.0023094488498619317,0.017078053772381953,0.0038628700662116473,0.12023202178888023,0.07660702536405281,0.04856731911507789,0.07499353587627411,1.295461844238322,0.9993739282114734,0.9
medqa_test_01270,llama-3.1-8b-instruct,medqa,C,B,False,True,False,10,9,418.5,0.01971931241052536,0.0017231094006726218,0.02144242181119798,0.003942433403813806,0.035828086091654755,0.01556175580978949,0.007532628552491249,0.10921616107225418,0.5032583347756457,0.999088970958111,0.8
medqa_test_01088,llama-3.1-8b-instruct,medqa,B,B,True,True,False,10,10,349.6,0.0068963894224752355,0.0,0.0068963894224752355,0.006251035899898343,0.08119377079882897,0.05097611236386207,0.031475970137461715,0.1441045105457306,0.9219280948873623,1.0,1.0
medqa_test_00172,llama-3.1-8b-instruct,medqa,C,B,False,True,False,10,10,450.7,0.01601773190605414,0.0,0.01601773190605414,0.0006146730462519936,0.058115285962822075,0.027616437976903017,0.013761397842633593,0.10222899168729782,0.0,0.9999990577742571,0.8
medqa_test_01197,llama-3.1-8b-instruct,medqa,C,C,True,True,False,10,10,504.3,0.02374409871938503,0.0,0.02374409871938503,0.0011643177525835437,0.060620954532202696,0.027595320938717572,0.013655448907207057,0.08021597564220428,0.8812908992306927,0.9999952167351498,0.8
medqa_test_00342,llama-3.1-8b-instruct,medqa,D,D,True,True,False,10,10,302.1,0.007492107890885886,0.0,0.007492107890885886,0.0006499731574507247,0.023170752260173767,0.010934015120953067,0.004215485929917095,0.12610219419002533,0.0,1.0,0.8
medqa_test_00816,llama-3.1-8b-instruct,medqa,A,A,True,True,False,10,10,335.2,0.008833400686874979,0.0017362931614054804,0.01056969384828046,0.0006648411829134721,0.06753368163450116,0.038695420195282215,0.026227104022232616,0.09057821333408356,0.0,0.983998495470976,0.8
medqa_test_00938,llama-3.1-8b-instruct,medqa,D,,,False,True,10,9,420.2,0.03077429990413393,0.0,0.03077429990413393,0.0050371591047078685,0.04290892648769316,0.02032836157866843,0.009673723273648072,0.12462753802537918,0.7642045065086203,0.16915584520528623,0.8
medqa_test_00237,llama-3.1-8b-instruct,medqa,B,E,False,True,False,10,10,494.3,0.018085740168923167,0.0001923076923076923,0.018278047861230863,0.0005947961523866093,0.09008261541110277,0.05166953339782543,0.030766851364849367,0.10619417577981949,1.0,1.0,0.8
medqa_test_00544,llama-3.1-8b-instruct,medqa,C,C,True,True,False,10,10,350.2,0.01281132009559979,0.0,0.01281132009559979,0.0033390207629830013,0.09066130079997535,0.05601346964118396,0.03609730424051901,0.10539935529232025,0.4689955935892812,0.5976424144941559,0.8
medqa_test_00672,llama-3.1-8b-instruct,medqa,B,B,True,True,False,10,10,304.3,0.00578671900561239,0.0005962732919254658,0.006382992297537855,0.008782168762451291,0.12463955673488365,0.07451768471285104,0.043804415380032866,0.09755663573741913,0.7219280948873623,0.9999688129322042,0.8
medqa_test_00702,llama-3.1-8b-instruct,medqa,D,D,True,True,False,10,8,411.2,0.004442326582578799,0.004962999026918177,0.009405325609496976,0.0056665591928119876,0.23050987316409852,0.16825517101840237,0.1283162681372149,0.09785690158605576,2.25,0.9999962733608009,1.0
medqa_test_01089,llama-3.1-8b-instruct,medqa,B,B,True,True,False,10,10,457.6,0.025324581353313762,0.0,0.025324581353313762,0.0009695777044995213,0.06539720030441373,0.034845652513599834,0.02035226442246274,0.1057916209101677,0.0,0.9999962740305265,0.8
medqa_test_00804,llama-3.1-8b-instruct,medqa,A,A,True,True,False,10,10,394.4,0.012019629211594112,0.0,0.012019629211594112,0.0007322026543697895,0.04637842107319003,0.020010080652475858,0.007692354508732813,0.07376288622617722,0.0,0.0003799843902305879,0.9
medqa_test_01230,llama-3.1-8b-instruct,medqa,E,A,False,True,False,10,10,474.5,0.014705226190673937,0.0,0.014705226190673937,0.0,0.08735653858330156,0.050184631652927914,0.03345282510036422,0.11950455605983734,1.3609640474436813,0.9999546053068302,0.8
medqa_test_00251,llama-3.1-8b-instruct,medqa,B,B,True,True,False,10,10,471.3,0.009193392665500467,0.0005158730158730159,0.009709265681373482,0.0011589854610990127,0.04588237625695252,0.020853846828367162,0.01154491116927171,0.08001997321844101,0.0,0.0,0.8
medqa_test_01224,llama-3.1-8b-instruct,medqa,E,C,False,True,False,10,10,469.5,0.013359349956853308,0.0,0.013359349956853308,0.00017921146953405018,0.06589394262885959,0.036938001671758855,0.021599451429087556,0.0871988832950592,0.4689955935892812,0.9999986290495299,0.8
medqa_test_00274,llama-3.1-8b-instruct,medqa,A,A,True,True,False,10,10,440.3,0.014910295492667633,0.0,0.014910295492667633,0.00020202020202020202,0.06030692142072428,0.03000792746244276,0.016222356711994502,0.11303442716598511,0.0,0.9578583210315019,0.9
medqa_test_00604,llama-3.1-8b-instruct,medqa,A,A,True,True,False,10,10,319.5,0.01723992192918585,0.0,0.01723992192918585,0.0002242152466367713,0.06342954793585097,0.03110505180289901,0.01683288534530446,0.12400015443563461,0.4689955935892812,0.9045172125155128,0.9
medqa_test_00554,llama-3.1-8b-instruct,medqa,A,B,False,True,False,10,10,404.9,0.018680658821435,0.0,0.018680658821435,0.0019246882090000034,0.05944805932990678,0.034510555718753985,0.020209243776804397,0.08514968305826187,1.1567796494470395,0.9999921157169658,0.8
medqa_test_00495,llama-3.1-8b-instruct,medqa,A,B,False,True,False,10,10,321.9,0.013670351856005295,0.0009178625454842798,0.014588214401489575,0.0010410488883629704,0.05666292300550766,0.02571330319580768,0.013482499271072312,0.08925526589155197,1.0,0.999993038058173,0.8
medqa_test_00276,llama-3.1-8b-instruct,medqa,C,C,True,True,False,10,10,404.9,0.011095470414315379,0.00026809651474530834,0.011363566929060685,0.0009211889846661139,0.06745601078281423,0.03543943216493824,0.018301780936555833,0.15429949760437012,1.3709505944546687,0.9208481068356362,0.8
medqa_test_00678,llama-3.1-8b-instruct,medqa,B,A,False,True,False,10,9,372.8,0.00469547171198934,0.0,0.00469547171198934,0.005834159149815497,0.10025701203338051,0.06464458175330554,0.04540852854166575,0.11843705922365189,0.5032583347756457,1.0,1.0
medqa_test_00445,llama-3.1-8b-instruct,medqa,B,B,True,True,False,10,10,485.7,0.023203700756279904,0.0,0.023203700756279904,0.0014067915731246776,0.05003966056880196,0.025976858228857546,0.014798332977873419,0.11737865954637527,1.295461844238322,0.9740426730523409,0.8
medqa_test_00560,llama-3.1-8b-instruct,medqa,A,E,False,True,False,10,10,380.6,0.01438634555295013,0.0005238208914503974,0.014910166444400528,0.001451455990433811,0.07522486086158134,0.04350155285599823,0.026822986123601834,0.1777002513408661,1.8464393446710154,1.0,0.8
medqa_test_00470,llama-3.1-8b-instruct,medqa,A,A,True,True,False,10,10,340.4,0.017398458511436905,0.0,0.017398458511436905,0.0005475656419052646,0.05746791580783887,0.02940556907833104,0.015531547648348997,0.09749003499746323,0.4689955935892812,1.0,0.8
medqa_test_00370,llama-3.1-8b-instruct,medqa,E,E,True,True,False,10,10,400.0,0.0056479983614347706,0.0015715103256877202,0.007219508687122492,0.0014479721561350238,0.06867216059121584,0.041997959445413124,0.027627048480607107,0.13377900421619415,0.4689955935892812,1.0,1.0
medqa_test_00443,llama-3.1-8b-instruct,medqa,B,B,True,True,False,10,10,517.9,0.011964823428845217,0.0,0.011964823428845217,0.00019920318725099602,0.06706460321259552,0.036143973042023804,0.01952879356414685,0.09459979087114334,0.7219280948873623,0.9999938581773383,0.8
medqa_test_00108,llama-3.1-8b-instruct,medqa,E,A,False,True,False,10,10,391.2,0.014648241336285363,0.0,0.014648241336285363,0.00020408163265306123,0.05093529381215304,0.023951873736723674,0.011949094101362256,0.1437881737947464,1.6854752972273344,0.999968798537318,0.8
medqa_test_01200,llama-3.1-8b-instruct,medqa,B,B,True,True,False,10,10,419.1,0.016399916897157578,0.0,0.016399916897157578,0.0008247557092665788,0.05157903077242919,0.024613115430915943,0.012281805853667204,0.14008204638957977,0.8812908992306927,8.481093490847809e-05,0.9
medqa_test_00622,llama-3.1-8b-instruct,medqa,C,C,True,True,False,10,10,592.3,0.01576149259456153,0.0,0.01576149259456153,0.00016611295681063124,0.07692358053897477,0.04386161107185377,0.02622241520104206,0.13557511568069458,1.295461844238322,0.9999974388323661,0.8
medqa_test_00012,llama-3.1-8b-instruct,medqa,B,B,True,True,False,10,10,371.8,0.008183169122078532,0.0003590664272890485,0.00854223554936758,0.0005210027100271003,0.06399869702346643,0.03496732431832296,0.02265093264314706,0.08296842873096466,0.0,0.9785291785350748,1.0
medqa_test_00349,llama-3.1-8b-instruct,medqa,C,C,True,True,False,10,10,438.6,0.014024236204342969,0.0,0.014024236204342969,0.003154844703318526,0.03888547525007165,0.013617885729666745,0.004668329695755591,0.08665050566196442,0.0,0.9999996533755553,0.8
medqa_test_01048,llama-3.1-8b-instruct,medqa,B,C,False,True,False,10,10,385.8,0.0206765214199122,0.00017857142857142857,0.020855092848483626,0.001541501463427293,0.05772066441026417,0.024984679311506185,0.015050040783499152,0.19557952880859375,1.3709505944546687,0.9999646487021482,0.8
medqa_test_00913,llama-3.1-8b-instruct,medqa,E,D,False,True,False,10,10,422.6,0.005397529447717474,0.0,0.005397529447717474,0.0013022160645783344,0.05417350049818925,0.03138415329062412,0.019592693033985885,0.13982999324798584,0.4689955935892812,0.0,0.9
medqa_test_00379,llama-3.1-8b-instruct,medqa,D,D,True,True,False,10,10,438.4,0.02218115893932883,0.0,0.02218115893932883,0.0,0.05658001661968239,0.02859875364140805,0.014173072348524695,0.11404945701360703,0.0,0.9924544584632551,0.9
medqa_test_00618,llama-3.1-8b-instruct,medqa,C,C,True,True,False,10,10,447.5,0.01469500043906627,0.0,0.01469500043906627,0.0006775003025594523,0.10381414303677854,0.06709941132351642,0.04484347670600151,0.09882143884897232,0.4689955935892812,0.9990889488598527,0.8
medqa_test_00355,llama-3.1-8b-instruct,medqa,A,A,True,True,False,10,10,376.4,0.00942460055998319,0.0,0.00942460055998319,0.0010864017088237793,0.13374108650613764,0.09348656151769005,0.06644159249592166,0.0949205681681633,0.9219280948873623,3.256311125173181e-07,1.0
medqa_test_00862,llama-3.1-8b-instruct,medqa,B,E,False,True,False,10,10,431.7,0.015701701150004806,0.00017699115044247788,0.01587869230044728,0.0017478978586343633,0.04514405155025897,0.01806672433738865,0.008278796256831766,0.10342536866664886,1.1567796494470395,1.0,0.8
medqa_test_00123,llama-3.1-8b-instruct,medqa,A,A,True,True,False,10,10,462.4,0.015160013949766182,0.00016977928692699492,0.015329793236693178,0.00041508128675198894,0.04387911195511235,0.019575102262533672,0.010383796109394028,0.13686682283878326,0.4689955935892812,0.9989677861160333,0.8
medqa_test_01045,llama-3.1-8b-instruct,medqa,A,A,True,True,False,10,10,340.2,0.0224817570575742,0.0,0.0224817570575742,0.003301741465691627,0.0634871824924005,0.0291524665569582,0.012917426357876727,0.1428917497396469,0.0,0.0046095724528596406,0.8
medqa_test_00104,llama-3.1-8b-instruct,medqa,C,C,True,True,False,10,10,424.3,0.015551876980752036,0.0,0.015551876980752036,0.001017276648355501,0.05289999728393,0.02473643779572048,0.011496659838026325,0.09481345117092133,0.0,0.8170544247661179,0.9
medqa_test_00248,llama-3.1-8b-instruct,medqa,C,D,False,True,False,10,10,427.4,0.005902744426578356,0.0,0.005902744426578356,0.000441187828236021,0.0596405397735922,0.034739511578579726,0.023316607605095973,0.13541370630264282,0.4689955935892812,0.9999984465228267,0.9
medqa_test_00874,llama-3.1-8b-instruct,medqa,E,A,False,True,False,10,10,438.7,0.021982580061938692,0.0,0.021982580061938692,0.0012818582434597704,0.062259729450631594,0.025407861676650344,0.012449157645035302,0.15649761259555817,2.121928094887362,1.0,0.8
medqa_test_00701,llama-3.1-8b-instruct,medqa,D,E,False,True,False,10,9,293.5,0.014929081655329832,0.0,0.014929081655329832,0.0013741545129121128,0.03749311483908645,0.017805933418479546,0.008557485498320727,0.1426416039466858,1.3921472236645345,0.9997388095875197,1.0
medqa_test_00406,llama-3.1-8b-instruct,medqa,C,C,True,True,False,10,9,324.3,0.01928853867293505,0.0,0.01928853867293505,0.0027555674412571285,0.027689537654799135,0.010978964855117068,0.005294877019783551,0.15851297974586487,0.9864267287308424,0.9338690251318739,0.0
medqa_test_00384,llama-3.1-8b-instruct,medqa,E,B,False,True,False,10,10,456.6,0.01719689445608063,0.00020366598778004071,0.01740056044386067,0.00043465757751472037,0.03799588432912145,0.015853782216276056,0.009132074078771668,0.12024237215518951,1.0,0.2024610624536162,0.8
medqa_test_00319,llama-3.1-8b-instruct,medqa,B,C,False,True,False,10,10,541.4,0.021342625953535664,0.0,0.021342625953535664,0.0006678468291923806,0.08413285910784252,0.04599042468666488,0.02430784849162194,0.09002108871936798,0.7219280948873623,0.5314297496946198,0.8
medqa_test_00026,llama-3.1-8b-instruct,medqa,E,E,True,True,False,10,10,322.5,0.017992490848913627,0.0,0.017992490848913627,0.001547635132997866,0.0275791314984566,0.012910330142530813,0.006326358080209182,0.11780641227960587,0.0,0.9940439989503462,0.8
medqa_test_01228,llama-3.1-8b-instruct,medqa,C,A,False,True,False,10,10,475.0,0.02416876509039118,0.0,0.02416876509039118,0.00016420361247947455,0.06277973818047053,0.030365807033476334,0.01742093714956331,0.1277310699224472,0.9709505944546686,0.9999546021269007,0.8
medqa_test_01240,llama-3.1-8b-instruct,medqa,A,,,False,True,10,10,363.3,0.01663872048085027,0.0003448275862068965,0.016983548067057166,0.005246325829833244,0.055474567344810974,0.03380641891970961,0.025045090944405414,0.23244455456733704,1.1567796494470395,0.6417027907285527,0.8
medqa_test_00167,llama-3.1-8b-instruct,medqa,D,D,True,True,False,10,10,454.5,0.027005392240820957,0.0,0.027005392240820957,0.0014449696370900304,0.048296446686471414,0.025394786242520305,0.016147016038091787,0.11768811196088791,0.0,0.9998911030782626,0.8
medqa_test_00934,llama-3.1-8b-instruct,medqa,B,B,True,True,False,10,10,247.5,0.017231886468598457,0.0,0.017231886468598457,0.009699175839636153,0.04585210890953022,0.019203873048015362,0.008093751051912911,0.1163424402475357,0.9219280948873623,0.7310584533593114,0.8
medqa_test_00171,llama-3.1-8b-instruct,medqa,D,A,False,True,False,10,10,389.2,0.021063358452869003,0.0,0.021063358452869003,0.0002178649237472767,0.0721270476972214,0.038420273163295104,0.020805089279933808,0.1324036866426468,1.9609640474436814,0.9999339520064804,0.8
medqa_test_00377,llama-3.1-8b-instruct,medqa,E,E,True,True,False,10,10,341.9,0.02062337735101412,0.0,0.02062337735101412,0.001489090619525402,0.04626886998226419,0.02240481366862416,0.011392331144953704,0.12932094931602478,0.4689955935892812,1.0,0.8
medqa_test_01111,llama-3.1-8b-instruct,medqa,C,C,True,True,False,10,10,367.1,0.009175529217386066,0.0,0.009175529217386066,0.0013124263052108464,0.01675392719997738,0.006724501915072656,0.003396796339310437,0.11483539640903473,0.0,0.9999994956654796,0.9
medqa_test_00879,llama-3.1-8b-instruct,medqa,E,E,True,True,False,10,10,458.6,0.01916045993912583,0.0,0.01916045993912583,0.0012381421050074886,0.036065279332715215,0.016906246455573492,0.0070762815894332195,0.08728494495153427,0.0,0.5924842879353662,0.8
medqa_test_01057,llama-3.1-8b-instruct,medqa,B,D,False,True,False,10,10,499.3,0.008713039945152599,0.0,0.008713039945152599,0.0005194182790906178,0.09170781487595676,0.05220398858352686,0.032754939387475354,0.1400681734085083,0.9709505944546686,0.9999980053112492,0.8
medqa_test_00117,llama-3.1-8b-instruct,medqa,D,D,True,True,False,10,9,449.4,0.013364521722206243,0.00028571428571428574,0.013650236007920527,0.0013084333476299584,0.08371588109674191,0.048085755613512735,0.030562444613945573,0.18769067525863647,1.3516441151533922,0.9999852622765975,0.8
medqa_test_00716,llama-3.1-8b-instruct,medqa,D,D,True,True,False,10,10,407.3,0.01854984481783355,0.0,0.01854984481783355,0.0012630750239121912,0.04607455487242853,0.016230039741023383,0.005039157928808912,0.10778994113206863,1.1567796494470395,0.9999986290517677,0.8
medqa_test_00129,llama-3.1-8b-instruct,medqa,A,A,True,True,False,10,10,335.4,0.010116963074165118,0.0,0.010116963074165118,0.0020313083605726957,0.0588211536718795,0.0344957973776337,0.020945328216204963,0.1324896663427353,0.0,0.999954606288577,0.8
medqa_test_00709,llama-3.1-8b-instruct,medqa,B,A,False,True,False,10,9,358.2,0.015257106020064536,0.0,0.015257106020064536,0.00705805360784584,0.13410400473597722,0.07929723217325538,0.044338043997998525,0.12923897802829742,1.6577427265048887,0.9241441484220209,
medqa_test_00633,llama-3.1-8b-instruct,medqa,B,B,True,True,False,10,10,481.9,0.017383257673496095,0.0,0.017383257673496095,0.0013087447659852552,0.05674130984785443,0.027551311342488526,0.01651505562115224,0.09552368521690369,0.8812908992306927,0.9995694501257367,0.8
medqa_test_00909,llama-3.1-8b-instruct,medqa,B,C,False,True,False,10,10,313.0,0.00920622169495931,0.0,0.00920622169495931,0.0006415972286279454,0.09744434495151105,0.05575109137243258,0.03633072390304855,0.08919122815132141,0.7219280948873623,0.9999962739881032,0.8
medqa_test_00842,llama-3.1-8b-instruct,medqa,C,C,True,True,False,10,10,387.5,0.023309180261418143,0.0,0.023309180261418143,0.0004919023446942228,0.0497083680704665,0.026579179058381808,0.016566435601074958,0.11006513237953186,0.0,0.999989873872738,0.8
medqa_test_00654,llama-3.1-8b-instruct,medqa,B,B,True,True,False,10,10,475.2,0.0157828900514028,0.0,0.0157828900514028,0.001443971969371558,0.0816023926299592,0.04416045762691238,0.024939148366073895,0.10743796080350876,1.3567796494470397,0.9995121429934751,0.8
medqa_test_00031,llama-3.1-8b-instruct,medqa,C,D,False,True,False,10,10,420.0,0.0078027799766937755,0.00021008403361344536,0.008012864010307222,0.0,0.1394287966798064,0.08602178989901073,0.05597973954488096,0.11569937318563461,1.295461844238322,1.0,0.8
medqa_test_00041,llama-3.1-8b-instruct,medqa,C,C,True,True,False,10,10,386.8,0.007771560831661434,0.0,0.007771560831661434,0.0008161212298086661,0.06186566681149215,0.0379942438326815,0.025979795478753696,0.08397451788187027,0.0,1.0,0.9
medqa_test_00942,llama-3.1-8b-instruct,medqa,B,B,True,True,False,10,10,454.2,0.014661390276279473,0.0,0.014661390276279473,0.001250714622275869,0.060143895698777115,0.0323641766364622,0.016816802585834678,0.07895980775356293,1.295461844238322,0.9999994285395493,0.8
medqa_test_01123,llama-3.1-8b-instruct,medqa,E,E,True,True,False,10,10,412.0,0.009622981432768546,0.0,0.009622981432768546,0.0002506265664160401,0.050198456012328016,0.03010495086047895,0.020390885102950885,0.10998432338237762,1.3709505944546687,0.9903951755456297,0.8
medqa_test_01101,llama-3.1-8b-instruct,medqa,A,A,True,True,False,10,10,232.1,0.013289157059705015,0.0,0.013289157059705015,0.002174207696190175,0.04521229427459491,0.023946083877646705,0.014486365860627359,0.12301557511091232,0.0,0.9999952149060861,0.8
medqa_test_00053,llama-3.1-8b-instruct,medqa,D,D,True,True,False,10,10,362.4,0.010653133631256636,0.0,0.010653133631256636,0.0023089248406621527,0.06405820652566901,0.028287311873983978,0.012670299638134475,0.08506761491298676,0.4689955935892812,0.9999962734820927,0.8
medqa_test_01196,llama-3.1-8b-instruct,medqa,D,D,True,True,False,10,10,429.6,0.016992286632532612,0.0,0.016992286632532612,0.0017370240046113983,0.04448375469683778,0.017393540110054007,0.006603441147477307,0.08901675790548325,0.0,0.9947799605705977,0.8
medqa_test_00019,llama-3.1-8b-instruct,medqa,E,C,False,True,False,10,10,499.7,0.021769147850296953,0.0,0.021769147850296953,0.0006667967733541503,0.05221989076893587,0.025288535050283244,0.014900987665600284,0.08953563868999481,0.9709505944546686,0.0,0.8
medqa_test_01038,llama-3.1-8b-instruct,medqa,A,A,True,True,False,10,10,373.8,0.019901799571824155,0.0,0.019901799571824155,0.0008691250592340498,0.060027097265888764,0.035775209381178466,0.020001805796172133,0.13994406163692474,0.0,0.999993037961588,0.8
medqa_test_00980,llama-3.1-8b-instruct,medqa,C,A,False,True,False,10,10,458.9,0.020671459890983904,0.0,0.020671459890983904,0.0004003601249282937,0.07336913585764532,0.03931639114806792,0.02451276493396929,0.10607773810625076,0.9709505944546686,0.9997386737804222,0.8
medqa_test_00258,llama-3.1-8b-instruct,medqa,E,B,False,True,False,10,9,485.7,0.011006470032247948,0.0,0.011006470032247948,0.0012277470308196497,0.04291590970139986,0.023213634047192556,0.0143862258323758,0.12987829744815826,0.9182958340544896,0.9999930382366375,0.8
medqa_test_00431,llama-3.1-8b-instruct,medqa,B,D,False,True,False,10,10,450.8,0.020148720053761168,0.0,0.020148720053761168,0.0006315723920602245,0.041446211682403755,0.018992439974218844,0.009138911786113401,0.13037589192390442,1.5219280948873621,1.0,0.8
medqa_test_00284,llama-3.1-8b-instruct,medqa,B,D,False,True,False,10,9,503.3,0.013930960083951272,0.0,0.013930960083951272,0.0013081013114779878,0.09593279776114946,0.0631523262332638,0.04479315176637037,0.172440767288208,2.058813890331201,0.9376564535620562,0.8
medqa_test_00986,llama-3.1-8b-instruct,medqa,D,C,False,True,False,10,10,462.8,0.025621219050092413,0.0,0.025621219050092413,0.002189881593675824,0.0620858521846291,0.033003420531003594,0.018371253324118975,0.11083027720451355,0.9219280948873623,1.0,0.8
medqa_test_00345,llama-3.1-8b-instruct,medqa,C,A,False,True,False,10,10,378.8,0.0172169257782887,0.0,0.0172169257782887,0.0002336448598130841,0.04217713443507513,0.016019551054404623,0.005553264396445256,0.11650533974170685,0.8812908992306927,0.9982992775379654,0.8
medqa_test_00748,llama-3.1-8b-instruct,medqa,A,A,True,True,False,10,10,260.9,0.005949112491718938,0.0,0.005949112491718938,0.0022250463188031957,0.012124047962845563,0.00549850693079218,0.0016782810685249672,0.15636204183101654,0.7219280948873623,1.0,0.8
medqa_test_00465,llama-3.1-8b-instruct,medqa,D,D,True,True,False,10,10,454.5,0.028285208091118185,0.0,0.028285208091118185,0.0,0.05171324615147031,0.024618644826843828,0.014001557033703083,0.08739738166332245,0.4689955935892812,0.9887080412096249,0.8
medqa_test_00216,llama-3.1-8b-instruct,medqa,E,D,False,True,False,10,10,498.0,0.016123943153174048,0.0,0.016123943153174048,0.0015042587101343908,0.045987453893029516,0.020262388797675092,0.009282244134962703,0.10867422819137573,1.360964047443681,0.999986992886495,0.8
medqa_test_00335,llama-3.1-8b-instruct,medqa,B,B,True,True,False,10,10,395.9,0.025132836747784725,0.0,0.025132836747784725,0.000806313764208501,0.04101456702376758,0.02050629504732282,0.010688480902165754,0.1334756761789322,0.0,1.0,0.8
medqa_test_00739,llama-3.1-8b-instruct,medqa,A,A,True,True,False,10,10,521.0,0.0210003317045043,0.0,0.0210003317045043,0.00017331022530329287,0.08105273748141087,0.04920439316033417,0.0324872848816858,0.13993695378303528,1.360964047443681,0.9998911030922837,0.8
medqa_test_00266,llama-3.1-8b-instruct,medqa,B,D,False,True,False,10,10,424.1,0.012670179563524642,0.0004422017454049047,0.013112381308929546,0.0028173584667082474,0.032292323890377325,0.01410276465064315,0.004773304830556746,0.10641288757324219,1.8464393446710154,0.9461752727189302,0.8
medqa_test_00811,llama-3.1-8b-instruct,medqa,E,E,True,True,False,10,10,344.0,0.011573544786635612,0.0,0.011573544786635612,0.0026727463236849913,0.021773412047650664,0.007042287848615247,0.0032897288024008376,0.1121407225728035,0.0,0.9999977398648505,0.9
medqa_test_01164,llama-3.1-8b-instruct,medqa,A,C,False,True,False,10,10,498.6,0.013791899897178569,0.0,0.013791899897178569,0.0018945937491042688,0.05427114808230158,0.028882718969976316,0.014224461042414293,0.14771679043769836,1.4854752972273344,0.0,0.8
medqa_test_00472,llama-3.1-8b-instruct,medqa,D,D,True,True,False,10,10,433.4,0.00266775312068059,0.0,0.00266775312068059,0.0047731392644383575,0.12135654096236778,0.0652446114077416,0.0394378886134378,0.12440788745880127,1.6854752972273344,0.9947634388469744,0.8
medqa_test_01084,llama-3.1-8b-instruct,medqa,D,C,False,True,False,10,10,491.9,0.022274168330031277,0.0,0.022274168330031277,0.0010672458776270365,0.06084896479403219,0.029537572902366815,0.017977245884906845,0.12605515122413635,2.0464393446710156,0.9999885222870312,0.8
medqa_test_01076,llama-3.1-8b-instruct,medqa,B,E,False,True,False,10,10,319.3,0.0407125817743514,0.0,0.0407125817743514,0.006562745717415557,0.0785078558742124,0.041860448907759064,0.025570070165689927,0.11081687361001968,0.0,1.0,1.0
medqa_test_00085,llama-3.1-8b-instruct,medqa,C,A,False,True,False,10,10,392.5,0.020068972296846184,0.0,0.020068972296846184,0.0005884309361168675,0.09557789841203984,0.05142861822132925,0.03036086453494099,0.12833982706069946,1.295461844238322,0.9995115921748627,0.9
medqa_test_00792,llama-3.1-8b-instruct,medqa,C,C,True,True,False,10,10,456.5,0.013910815595635811,0.0,0.013910815595635811,0.0008147243389168137,0.06563442797128462,0.02885352858166721,0.015086368726044163,0.07507891207933426,0.9219280948873623,0.9999993524172184,0.8
medqa_test_00577,llama-3.1-8b-instruct,medqa,B,B,True,True,False,10,10,484.4,0.02184156224665761,0.0,0.02184156224665761,0.00023923444976076553,0.06587115271955911,0.029574173486822175,0.013361845939841233,0.1271839588880539,1.360964047443681,0.9875683518909607,0.8
medqa_test_00403,llama-3.1-8b-instruct,medqa,E,E,True,True,False,10,10,420.1,0.020666835365056473,0.0,0.020666835365056473,0.00022026431718061675,0.05343284774644731,0.023781412144939597,0.013255270994943436,0.10104015469551086,1.1567796494470395,0.999999607223609,0.8
medqa_test_00027,llama-3.1-8b-instruct,medqa,A,A,True,True,False,10,10,423.4,0.005003256853857433,0.0,0.005003256853857433,0.003045408324071832,0.1276690691711279,0.0745828435180167,0.03806541803514536,0.09592615813016891,0.0,0.9999999959009055,0.9
medqa_test_01148,llama-3.1-8b-instruct,medqa,A,A,True,True,False,10,10,295.2,0.010253985358870116,0.0,0.010253985358870116,0.002498645697785572,0.18097317902446625,0.12788340427959932,0.08911304163620079,0.09205042570829391,0.0,0.9997384474322825,1.0
medqa_test_01122,llama-3.1-8b-instruct,medqa,A,A,True,True,False,10,10,448.7,0.008135265977448736,0.0,0.008135265977448736,0.0,0.06640821529138904,0.03469446376749129,0.021252619308393304,0.05687078461050987,0.0,0.9994472213960063,0.8
medqa_test_00478,llama-3.1-8b-instruct,medqa,C,C,True,True,False,10,10,362.7,0.018755228768431727,0.0,0.018755228768431727,0.0010864716745285028,0.06774924082141315,0.033785377455968935,0.018178264186021587,0.10159198194742203,1.1567796494470395,3.2887448938485416e-06,0.0
medqa_test_00169,llama-3.1-8b-instruct,medqa,D,D,True,True,False,10,10,403.0,0.008109776344024825,0.0,0.008109776344024825,0.0011111718524598163,0.05261488232514562,0.0336736134693871,0.023079404771856372,0.12120643258094788,0.0,0.9999996941082329,0.9
medqa_test_00414,llama-3.1-8b-instruct,medqa,E,E,True,True,False,10,10,453.8,0.020470093462115414,0.0,0.020470093462115414,0.0002403846153846154,0.05002521686732717,0.026501271760111855,0.016447074358554147,0.09052737802267075,0.7219280948873623,0.9998766053994239,0.8
medqa_test_00344,llama-3.1-8b-instruct,medqa,A,B,False,True,False,10,10,442.5,0.022669446470345838,0.0,0.022669446470345838,0.0006025595449697831,0.039094486510582324,0.014511691693259676,0.006699920786554847,0.09004693478345871,1.5219280948873621,0.9999785550566919,0.8
medqa_test_00774,llama-3.1-8b-instruct,medqa,E,D,False,True,False,10,10,360.8,0.007286465965763038,0.0,0.007286465965763038,0.0016742555204854448,0.1093739194401755,0.061405342343884214,0.03397026241546055,0.11862042546272278,1.3609640474436813,0.9999757059472723,0.8
medqa_test_00029,llama-3.1-8b-instruct,medqa,D,A,False,True,False,10,10,422.8,0.008729437752958553,0.004932874245109905,0.013662311998068458,0.0009236442254148783,0.048439572521435305,0.021307053958415055,0.011724268425091621,0.16121456027030945,0.4689955935892812,1.0,0.8
medqa_test_01073,llama-3.1-8b-instruct,medqa,E,A,False,True,False,10,10,458.5,0.00609095829445506,0.0003903328773369813,0.006481291171792042,0.004406879686679395,0.10487545068608126,0.06534087829473544,0.04233499913694799,0.06660781800746918,1.8464393446710154,0.9999833167906023,0.8
medqa_test_00773,llama-3.1-8b-instruct,medqa,A,,,False,True,10,9,449.3,0.024521801888247853,0.00021691973969631238,0.024738721627944167,0.0011628918754644593,0.0692720536310862,0.040635102994086916,0.027646159816101225,0.11342822015285492,0.0,1.0,0.8
medqa_test_00279,llama-3.1-8b-instruct,medqa,B,A,False,True,False,10,10,419.9,0.021855478810672145,0.0,0.021855478810672145,0.0,0.04869138820082812,0.02340891346042695,0.011467824622899803,0.11937834322452545,0.8812908992306927,0.9998911031354037,0.8
medqa_test_00710,llama-3.1-8b-instruct,medqa,D,D,True,True,False,10,10,453.8,0.01874033873066352,0.0,0.01874033873066352,0.00041322314049586776,0.08808909890377814,0.039855190718631764,0.02064051539560744,0.14471428096294403,0.0,0.9999982398302438,0.8
medqa_test_00499,llama-3.1-8b-instruct,medqa,D,E,False,True,False,10,10,422.2,0.017479249661080342,0.0,0.017479249661080342,0.001053873207466242,0.03904990128779447,0.015299938365275868,0.005794932294801736,0.17999973893165588,1.8464393446710154,0.9829464560129758,0.8
medqa_test_00225,llama-3.1-8b-instruct,medqa,C,C,True,True,False,10,10,376.3,0.011507478766520921,0.0,0.011507478766520921,0.0020489646971678247,0.06833800282342001,0.03406286932010405,0.019027320109084412,0.07469354569911957,0.0,0.9999921428484795,0.9
medqa_test_00559,llama-3.1-8b-instruct,medqa,B,B,True,True,False,10,10,297.1,0.010032507828047564,0.0009060701486268512,0.010938577976674416,0.0021283286582221158,0.06070669228407546,0.030158717880261497,0.015239057504372744,0.08203665167093277,0.0,0.9999923166119582,0.9
medqa_test_00770,llama-3.1-8b-instruct,medqa,B,B,True,True,False,10,10,318.3,0.020402823867110783,0.0,0.020402823867110783,0.008005736620340407,0.07282928103928099,0.042436483968270045,0.026593130180116296,0.16044390201568604,1.295461844238322,0.8611538522113732,0.8
medqa_test_00979,llama-3.1-8b-instruct,medqa,D,D,True,True,False,10,10,444.6,0.015551643132072421,0.0,0.015551643132072421,0.00047393364928909954,0.096450366874804,0.06186273482797846,0.044412083318076404,0.1061108261346817,0.4689955935892812,0.9999987904245721,0.8
medqa_test_00399,llama-3.1-8b-instruct,medqa,B,D,False,True,False,10,10,459.3,0.0165985058032224,0.0,0.0165985058032224,0.0006467474787951647,0.0495926848205139,0.022727180802371995,0.011551209572125187,0.1336020529270172,1.295461844238322,1.0,0.8
medqa_test_00305,llama-3.1-8b-instruct,medqa,B,A,False,True,False,10,10,397.0,0.017660392251207965,0.0,0.017660392251207965,0.0,0.056530249560481236,0.02800383840516322,0.014154765379168488,0.11829202622175217,0.0,0.9249126879701492,0.8
medqa_test_00360,llama-3.1-8b-instruct,medqa,A,C,False,True,False,10,10,436.4,0.01947738390821541,0.0,0.01947738390821541,0.00024271844660194174,0.05603754368003992,0.028457010501310987,0.015261781526995555,0.14062894880771637,1.1567796494470395,0.9999987902258434,0.8
medqa_test_01141,llama-3.1-8b-instruct,medqa,C,C,True,True,False,10,10,498.3,0.021209377666735564,0.0003875968992248062,0.021596974565960374,0.0017169246822051093,0.06453143109232343,0.038038558818689075,0.028174093507886255,0.10023406147956848,1.3709505944546687,0.9959526934963709,0.8
medqa_test_01008,llama-3.1-8b-instruct,medqa,E,C,False,True,False,10,10,468.6,0.018630523235422337,0.0,0.018630523235422337,0.001052662681704885,0.05815526617942034,0.027769532177609246,0.014368839890177832,0.12819552421569824,1.1567796494470395,0.9890130560740512,0.8
medqa_test_01054,llama-3.1-8b-instruct,medqa,A,D,False,True,False,10,10,319.9,0.011683594453453981,0.0,0.011683594453453981,0.0,0.07328796223341208,0.03713858871076956,0.020613715544119227,0.12279487401247025,1.4854752972273344,0.9902916220565988,0.8
medqa_test_00690,llama-3.1-8b-instruct,medqa,B,B,True,True,False,10,10,351.8,0.021297794570596027,0.0006100163757576698,0.021907810946353697,0.0009378856437679967,0.0710016232230246,0.0339064962982756,0.016495264460967152,0.14412103593349457,0.9219280948873623,0.9999957773595639,0.8
medqa_test_00020,llama-3.1-8b-instruct,medqa,C,C,True,True,False,10,10,296.8,0.011122902613635473,0.0,0.011122902613635473,0.0026069130824813553,0.09858970679582382,0.0535851503711758,0.030328216404547293,0.08926412463188171,0.0,0.0,0.8
medqa_test_01009,llama-3.1-8b-instruct,medqa,D,D,True,True,False,10,10,465.0,0.017339321418191826,0.0,0.017339321418191826,0.0018886669332032451,0.047112044319988514,0.022589825325086698,0.011348596541538003,0.09920790046453476,0.4689955935892812,0.0,0.8
medqa_test_00398,llama-3.1-8b-instruct,medqa,E,D,False,True,False,10,10,402.7,0.014607650330935498,0.0,0.014607650330935498,0.001031733653658779,0.05467386188625578,0.02593882434650783,0.015397568381268645,0.07103962451219559,1.0,0.9999971003383216,0.8
medqa_test_01169,llama-3.1-8b-instruct,medqa,C,C,True,True,False,10,10,483.5,0.019002257257190118,0.0,0.019002257257190118,0.0008088072522255076,0.05639018987850786,0.027436122476846035,0.013122653383078409,0.07684068381786346,0.8812908992306927,0.9657404111826272,0.8
medqa_test_00211,llama-3.1-8b-instruct,medqa,B,D,False,True,False,10,10,465.2,0.011582034549932448,0.0,0.011582034549932448,0.0,0.04542268787504585,0.024314069318082963,0.012508275819854042,0.11022002249956131,0.0,0.0,0.9
medqa_test_00063,llama-3.1-8b-instruct,medqa,A,A,True,True,False,10,10,305.4,0.01705087820086835,0.0,0.01705087820086835,0.005142634011816936,0.044696742111058854,0.02153047435655179,0.012074259911640062,0.13321058452129364,1.0,1.0,0.8
medqa_test_00425,llama-3.1-8b-instruct,medqa,C,D,False,True,False,10,10,340.2,0.0312207816477316,0.00030959752321981426,0.03153037917095141,0.010949165784962665,0.06265618512998389,0.029388759510789786,0.014764503419745556,0.1419895738363266,0.7219280948873623,0.989125296280257,0.8
medqa_test_00477,llama-3.1-8b-instruct,medqa,B,E,False,True,False,10,10,366.6,0.017588501935985303,0.0,0.017588501935985303,0.0031972509089565745,0.09978038274508462,0.06029228083472536,0.03741664895630283,0.10027798265218735,0.0,0.9940169407108927,0.8
medqa_test_01015,llama-3.1-8b-instruct,medqa,A,A,True,True,False,10,10,536.1,0.015681922280444068,0.0,0.015681922280444068,0.0011270979512438732,0.05597089456681561,0.022181524869383705,0.010051070659007455,0.0846501886844635,0.0,0.9997695064418303,0.8
medqa_test_00846,llama-3.1-8b-instruct,medqa,D,D,True,True,False,10,10,438.2,0.02068887197262762,0.0,0.02068887197262762,0.00022371364653243848,0.06817573527668043,0.03371295133118953,0.01817774071202477,0.10851993411779404,0.0,1.0,0.8
medqa_test_00417,llama-3.1-8b-instruct,medqa,A,A,True,True,False,10,10,433.5,0.014573961637113723,0.0,0.014573961637113723,0.00041601798996713374,0.03933047216875298,0.018978390345245788,0.007392184589310491,0.06395861506462097,0.0,0.07585818419975078,0.9
medqa_test_01092,llama-3.1-8b-instruct,medqa,C,C,True,True,False,10,10,418.6,0.013536869372233248,0.0,0.013536869372233248,0.0014189548406093276,0.06266616725726319,0.03138788956800185,0.01778643166852345,0.11649405211210251,0.0,0.9999938570827153,0.8
medqa_test_01190,llama-3.1-8b-instruct,medqa,E,E,True,True,False,10,10,364.7,0.004761953643232115,0.0,0.004761953643232115,0.0017341050776316271,0.050358307712438856,0.022727723676810207,0.008852218146401924,0.09170234203338623,0.0,1.0,1.0
medqa_test_00219,llama-3.1-8b-instruct,medqa,A,C,False,True,False,10,10,435.0,0.018485115554272537,0.0,0.018485115554272537,0.00021008403361344536,0.05462135412191066,0.027107570856366336,0.014450233801471358,0.11385929584503174,0.7219280948873623,0.9999945808387756,0.9
medqa_test_00156,llama-3.1-8b-instruct,medqa,B,B,True,True,False,10,10,400.1,0.012377380466283314,0.0,0.012377380466283314,0.002795114388024584,0.061422196602525014,0.03145988242957683,0.018452182836224705,0.10861168056726456,0.0,1.0,0.8
medqa_test_01055,llama-3.1-8b-instruct,medqa,C,C,True,True,False,10,10,339.1,0.018404119078597014,0.0,0.018404119078597014,0.0,0.05920379628665218,0.033898684234154576,0.023036867916447788,0.12354471534490585,0.4689955935892812,0.9999757029988641,0.8
medqa_test_00236,llama-3.1-8b-instruct,medqa,A,A,True,True,False,10,10,358.3,0.008307645484705589,0.0,0.008307645484705589,0.0,0.08568952715308331,0.04654847889256477,0.02380317151837814,0.09864052385091782,0.0,0.00033535028532486155,0.9
medqa_test_01046,llama-3.1-8b-instruct,medqa,B,,,False,True,8,7,1188.2,0.016903357795534972,0.00119607620935038,0.01809943400488535,0.006362991842636709,0.2776249192038752,0.22826357905300426,0.19960602608776482,0.12770111858844757,1.1488348542809166,,
medqa_test_01114,llama-3.1-8b-instruct,medqa,D,E,False,True,False,10,10,477.7,0.017137660982987152,0.0,0.017137660982987152,0.0016792818704011478,0.04964798532254736,0.024314410935616537,0.012361297150779882,0.1563989520072937,1.7609640474436812,0.999999712631404,0.8
medqa_test_00999,llama-3.1-8b-instruct,medqa,E,E,True,True,False,10,10,385.1,0.01744562586634783,0.0,0.01744562586634783,0.0010519733948988566,0.05175053805155648,0.0286242244186801,0.0176432845288087,0.07166952639818192,0.8812908992306927,1.0,0.8
medqa_test_00553,llama-3.1-8b-instruct,medqa,B,B,True,True,False,10,10,333.3,0.010935313063259422,0.0,0.010935313063259422,0.0007495260428827279,0.13136079424573852,0.08646278492916337,0.06212232845545551,0.0648730993270874,0.0,0.9999997300422655,0.9
medqa_test_01160,llama-3.1-8b-instruct,medqa,C,C,True,True,False,10,10,366.3,0.029156167943531996,0.0,0.029156167943531996,0.0009553655543535454,0.025971892591616606,0.010103809140853126,0.0038207365269732453,0.08374317735433578,0.0,0.9999910609856119,0.8
medqa_test_00943,llama-3.1-8b-instruct,medqa,E,E,True,True,False,10,10,307.1,0.010310987185896634,0.0015758309488176768,0.011886818134714313,0.0021004603947375198,0.09204137874863963,0.04703713235175718,0.02699763051741343,0.12825673818588257,0.0,1.0,1.0
medqa_test_00916,llama-3.1-8b-instruct,medqa,A,A,True,True,False,10,10,437.9,0.019689954898957786,0.00018115942028985507,0.019871114319247644,0.0007004300194993323,0.03753706490577594,0.01556006079466472,0.008172667926296673,0.10055804997682571,0.4689955935892812,0.9452886095637475,0.8
medqa_test_00705,llama-3.1-8b-instruct,medqa,D,D,True,True,False,10,10,426.5,0.023116434453318988,0.0,0.023116434453318988,0.00037924452481414504,0.043003552217049865,0.021366824946941344,0.01246426140823812,0.09077684581279755,0.4689955935892812,0.9999967117743044,0.8
medqa_test_01178,llama-3.1-8b-instruct,medqa,B,B,True,True,False,10,9,376.5,0.00435307017403716,0.0,0.00435307017403716,0.00053051890941073,0.05977869259047364,0.03527282569054467,0.02185298339465428,0.13776659965515137,0.0,0.9999832999366652,1.0
medqa_test_00079,llama-3.1-8b-instruct,medqa,C,C,True,True,False,10,10,396.2,0.006234619382570102,0.0,0.006234619382570102,0.0009284282632789163,0.06292728079775371,0.036455853242757394,0.022207991440054607,0.0976051464676857,0.0,0.9995121563368493,0.8
medqa_test_00450,llama-3.1-8b-instruct,medqa,B,B,True,True,False,10,10,422.7,0.013054511383055556,0.00012674271229404308,0.013181254095349598,0.002131734269441827,0.05099412935807881,0.027611044483221124,0.013744027577924334,0.11147423088550568,1.1567796494470395,0.9999986290682998,0.8
medqa_test_00281,llama-3.1-8b-instruct,medqa,D,D,True,True,False,10,10,394.2,0.00905827458286654,0.0,0.00905827458286654,0.0008460163301286901,0.08313038976601086,0.04885161101512322,0.03247494033467337,0.14289094507694244,0.0,0.9996646498095884,1.0
medqa_test_00967,llama-3.1-8b-instruct,medqa,C,C,True,True,False,10,10,460.2,0.01933580728092445,0.0,0.01933580728092445,0.0009482657575313001,0.0644833408123473,0.039140412168444175,0.02780218616848692,0.11084825545549393,1.3609640474436813,1.0,0.8
medqa_test_00641,llama-3.1-8b-instruct,medqa,A,A,True,True,False,10,10,313.0,0.01634046137830967,0.0,0.01634046137830967,0.001039436753722468,0.06810919043422493,0.033639600684585234,0.0189828307854359,0.10753511637449265,0.0,0.985818442526754,0.8
medqa_test_00496,llama-3.1-8b-instruct,medqa,D,D,True,True,False,10,10,454.3,0.01046668655646089,0.00018281535648994517,0.010649501912950835,0.0006428024407717582,0.08078015060615297,0.043712368155644124,0.025766875715145708,0.06676238030195236,0.9219280948873623,0.9999039512689923,0.8
medqa_test_00533,llama-3.1-8b-instruct,medqa,B,B,True,True,False,10,10,400.1,0.013901673899418585,0.0,0.013901673899418585,0.0,0.03326237049497373,0.012458698786706201,0.0068825966750187375,0.10271993279457092,0.0,1.0,0.8
medqa_test_00891,llama-3.1-8b-instruct,medqa,A,D,False,True,False,10,10,461.3,0.013979070276711022,0.0,0.013979070276711022,0.0016514772940861744,0.0667262500329692,0.034709009213116516,0.020359161332754373,0.14610464870929718,1.0,1.0,0.8
medqa_test_00885,llama-3.1-8b-instruct,medqa,C,C,True,True,False,10,10,379.1,0.023099701867115557,0.0,0.023099701867115557,0.00028328611898017,0.05316482110455475,0.03441601471565292,0.0268345182611213,0.11383400112390518,0.0,0.651775604551366,0.8
medqa_test_00253,llama-3.1-8b-instruct,medqa,D,D,True,True,False,10,10,363.5,0.02313551026909344,0.0,0.02313551026909344,0.00110952173970734,0.053845793441855284,0.024412682872029266,0.011823592691272821,0.11414703726768494,0.4689955935892812,0.9999038984281517,0.8
medqa_test_00265,llama-3.1-8b-instruct,medqa,E,B,False,True,False,10,10,425.2,0.020921583501694777,0.0,0.020921583501694777,0.00040088049101834886,0.04972021383401084,0.022139060123830778,0.011377555788563832,0.10966873168945312,0.9709505944546686,0.2942149924521247,0.8
medqa_test_01094,llama-3.1-8b-instruct,medqa,C,A,False,True,False,10,10,554.8,0.018584519625038258,0.0,0.018584519625038258,0.0016048522513259695,0.07132855141128532,0.035271209378674576,0.019097191064244467,0.11826959252357483,0.7219280948873623,0.9975275207664013,0.8
medqa_test_01147,llama-3.1-8b-instruct,medqa,A,C,False,True,False,10,10,381.8,0.020908139175052163,0.00024154589371980676,0.02114968506877197,0.003031750555342009,0.06318827827651315,0.027754826007475787,0.014956753641783926,0.09814174473285675,2.1219280948873624,0.9999910603042946,1.0
medqa_test_00162,llama-3.1-8b-instruct,medqa,D,D,True,True,False,10,10,453.9,0.006653750733485555,0.0,0.006653750733485555,0.0006304611479089088,0.0575951243579003,0.029806316275983968,0.014368168606007693,0.08307003229856491,0.4689955935892812,0.999999495761758,0.9
medqa_test_00456,llama-3.1-8b-instruct,medqa,B,E,False,True,False,10,10,431.6,0.03039321578887616,0.0,0.03039321578887616,0.0020570900701717496,0.04782174622789563,0.02238282328811898,0.013235419036894546,0.08630649000406265,0.8812908992306927,0.9999921114050946,0.8
medqa_test_00732,llama-3.1-8b-instruct,medqa,B,B,True,True,False,10,10,454.2,0.015663132960174096,0.0,0.015663132960174096,0.0001876172607879925,0.04307924422122913,0.02109292372081607,0.010575568877145336,0.13119196891784668,0.4689955935892812,1.0,0.8
medqa_test_00436,llama-3.1-8b-instruct,medqa,C,C,True,True,False,10,10,458.6,0.01584346240308427,0.00019920318725099602,0.016042665590335264,0.0014850356188817993,0.0733254211645771,0.04262330091237464,0.025637030129843908,0.17214420437812805,0.0,0.99999983626914,0.8
medqa_test_00516,llama-3.1-8b-instruct,medqa,E,C,False,True,False,10,10,374.4,0.013895566223465744,0.0,0.013895566223465744,0.00313171247625966,0.09148137162848394,0.045680915620017734,0.025848371387505155,0.07205703854560852,0.7219280948873623,0.9241418283357702,0.8
medqa_test_00627,llama-3.1-8b-instruct,medqa,D,A,False,True,False,10,10,429.1,0.016316705751143697,0.0,0.016316705751143697,0.00025974025974025974,0.0638160195605336,0.03055612783509597,0.015163641436556796,0.1408928781747818,1.360964047443681,0.9990889487242192,0.8
medqa_test_00453,llama-3.1-8b-instruct,medqa,C,C,True,True,False,10,10,421.8,0.022150789061463682,0.0,0.022150789061463682,0.0,0.04099689170646389,0.018572127257192685,0.00853595537019929,0.13327085971832275,0.0,1.0,0.8
medqa_test_00324,llama-3.1-8b-instruct,medqa,A,A,True,True,False,10,10,478.8,0.01200808358037581,0.0,0.01200808358037581,0.0011744774306175067,0.03667728046029718,0.015332230472177032,0.006047625604042484,0.10761398822069168,0.0,1.0677023951914666e-06,0.8
medqa_test_01115,llama-3.1-8b-instruct,medqa,E,E,True,True,False,10,10,375.0,0.014315172004997389,0.0,0.014315172004997389,0.0034940166936836574,0.05384679735791951,0.027305153206819522,0.016956707272291382,0.12509359419345856,0.9219280948873623,1.0,0.8
medqa_test_00572,llama-3.1-8b-instruct,medqa,C,C,True,True,False,10,10,395.9,0.022230983831505662,0.0004431943255472667,0.02267417815705293,0.0017260856190861149,0.08461450212712339,0.04780127571550765,0.02756948593555363,0.11503739655017853,1.3709505944546687,0.9999945798620364,0.8
medqa_test_01004,llama-3.1-8b-instruct,medqa,D,D,True,True,False,10,10,485.8,0.016637662663033573,0.0,0.016637662663033573,0.0,0.08763560370072228,0.054785998832145424,0.03836550134229583,0.11662156879901886,0.8812908992306927,0.9999986290427931,0.8
medqa_test_01082,llama-3.1-8b-instruct,medqa,C,C,True,True,False,10,10,429.2,0.013550753834943743,0.0,0.013550753834943743,0.0007244120297210315,0.06264018489322258,0.03571604389053505,0.02217895934165328,0.10269588977098465,0.0,0.9999980053546628,0.9
medqa_test_00136,llama-3.1-8b-instruct,medqa,D,D,True,True,False,10,10,364.2,0.0279554970713551,0.0,0.0279554970713551,0.0007143879400820531,0.05057798695957967,0.024662676047294895,0.014189528017507103,0.11622240394353867,0.0,1.0,0.8
medqa_test_00467,llama-3.1-8b-instruct,medqa,E,E,True,True,False,10,10,445.4,0.013070329975458529,0.0,0.013070329975458529,0.0008816969910869652,0.05461982147092781,0.0265221654651407,0.014786356571181724,0.10837775468826294,0.7219280948873623,0.9999832993340148,0.8
medqa_test_01060,llama-3.1-8b-instruct,medqa,D,B,False,True,False,10,10,473.2,0.01469428751542098,0.0,0.01469428751542098,0.0021928251630856837,0.05237134847367564,0.023685598752889114,0.011159664537929614,0.11378298699855804,0.7219280948873623,0.999998239684996,0.9
medqa_test_00869,llama-3.1-8b-instruct,medqa,A,,,False,True,7,5,1443.2,0.013609350265094456,0.0,0.013609350265094456,0.005287321980064132,0.36722288224676314,0.2894101736434617,0.23359792124308393,0.1126791387796402,1.3709505944546687,0.9998840834996994,
medqa_test_01049,llama-3.1-8b-instruct,medqa,C,D,False,True,False,10,10,418.4,0.013050630998557808,0.0,0.013050630998557808,0.004194761606117305,0.09832296182814715,0.04914781597175286,0.0262625085125205,0.11075526475906372,0.8812908992306927,1.444979994658441e-07,0.8
medqa_test_01165,llama-3.1-8b-instruct,medqa,B,B,True,True,False,10,10,473.2,0.002804463311226484,0.0,0.002804463311226484,0.000569458268164368,0.048557588841961055,0.022315939199485192,0.008815040236559834,0.11374962329864502,0.0,0.9999957793598195,0.9
medqa_test_00475,llama-3.1-8b-instruct,medqa,D,C,False,True,False,10,10,487.1,0.01772574268113869,0.0,0.01772574268113869,0.001168169994887134,0.048363569129570884,0.02152038734186843,0.011662599058535483,0.12770268321037292,1.5709505944546687,0.9999757008760153,0.8
medqa_test_00530,llama-3.1-8b-instruct,medqa,A,A,True,True,False,10,9,512.9,0.027502053227728536,0.0,0.027502053227728536,0.000927254559483927,0.06529352119447454,0.034152351129903114,0.021339729573700904,0.11945907771587372,0.9864267287308424,1.0,0.8
medqa_test_00180,llama-3.1-8b-instruct,medqa,B,D,False,True,False,10,10,531.1,0.011767787795715873,0.0,0.011767787795715873,0.0,0.04736409366597397,0.022824105009640418,0.013327850992103752,0.09408301115036011,0.0,0.0,0.8
medqa_test_01162,llama-3.1-8b-instruct,medqa,E,E,True,True,False,10,10,334.1,0.01595250132307384,0.0,0.01595250132307384,0.002565927091377423,0.08874372250170819,0.04135403292776624,0.022988554504152735,0.11291982978582382,1.4854752972273344,0.9998912694128953,0.8
medqa_test_01221,llama-3.1-8b-instruct,medqa,B,C,False,True,False,10,10,421.0,0.0158447446458857,0.0,0.0158447446458857,0.0010283372666521798,0.06573669329504847,0.02831265833529465,0.01570245190054913,0.09253250062465668,0.7219280948873623,0.9998766056853275,0.8
medqa_test_00915,llama-3.1-8b-instruct,medqa,A,A,True,True,False,10,10,447.9,0.013614005568342566,0.0002666666666666667,0.013880672235009231,0.0029831301035753337,0.06564595179094565,0.027975810867672136,0.014159892418200582,0.08078605681657791,0.0,2.6465731634114234e-09,0.9
medqa_test_00005,llama-3.1-8b-instruct,medqa,E,C,False,True,False,10,10,424.8,0.014675622594615103,0.0,0.014675622594615103,0.0009025270758122744,0.07564598870946115,0.039910721077853074,0.02258280335679418,0.12625575065612793,0.4689955935892812,0.999195914044916,0.8
medqa_test_00671,llama-3.1-8b-instruct,medqa,B,B,True,True,False,10,10,422.6,0.016148286374872516,0.0,0.016148286374872516,0.001052317134438606,0.08951020222140925,0.05054642129873982,0.03201729262864751,0.0990789532661438,0.4689955935892812,0.9999980054911275,0.9
medqa_test_01243,llama-3.1-8b-instruct,medqa,E,E,True,True,False,10,10,440.4,0.021767547222871754,0.0,0.021767547222871754,0.0,0.04098003431901794,0.015568112266761525,0.0078065885051097905,0.09277286380529404,0.8812908992306927,0.9982990038093731,0.8
medqa_test_00249,llama-3.1-8b-instruct,medqa,B,B,True,True,False,10,9,492.5,0.0038143509493036845,0.002675870135556226,0.006490221084859911,0.010944665330569614,0.12803220299808532,0.06854070225272373,0.03854422202710482,0.06338756531476974,0.7642045065086203,0.9997967173829135,0.8
medqa_test_00800,llama-3.1-8b-instruct,medqa,C,C,True,True,False,10,10,302.5,0.01563476024742003,0.0,0.01563476024742003,0.00035460992907801415,0.06934083076072282,0.037427098816818896,0.018675028244720726,0.10772104561328888,0.0,0.9234403579394709,1.0
medqa_test_00506,llama-3.1-8b-instruct,medqa,A,A,True,True,False,10,10,376.6,0.021537186935893182,0.0,0.021537186935893182,0.0001876172607879925,0.06158692208352472,0.028892004390127256,0.01569967519044533,0.10297906398773193,0.7219280948873623,0.9999921108889107,0.8
medqa_test_01220,llama-3.1-8b-instruct,medqa,A,A,True,True,False,10,9,289.7,0.01989867545842882,0.00033783783783783786,0.020236513296266655,0.0033962417779130082,0.04921501261229293,0.02055077069453929,0.007618283684127436,0.1662924438714981,0.5032583347756457,0.9998415839289643,0.8
medqa_test_00199,llama-3.1-8b-instruct,medqa,D,D,True,True,False,10,10,435.9,0.01907421865867123,0.0,0.01907421865867123,0.000641080580676686,0.06840972635458947,0.03488509526986831,0.0182764543469211,0.10580383241176605,0.4689955935892812,0.999999495660657,0.8
medqa_test_00589,llama-3.1-8b-instruct,medqa,E,E,True,True,False,10,10,292.8,0.0260592719659826,0.0,0.0260592719659826,0.0006251526251526251,0.08065959025403657,0.04820324153566842,0.0290793639324169,0.12475913017988205,0.4689955935892812,0.9999869928702283,0.8
medqa_test_01183,llama-3.1-8b-instruct,medqa,C,A,False,True,False,10,10,440.0,0.023928839050385453,0.00021097046413502107,0.024139809514520473,0.0012828555004067022,0.06759932987175254,0.0333543565068636,0.0199734914239303,0.15568187832832336,1.1567796494470395,0.9996849613153046,0.8
medqa_test_00424,llama-3.1-8b-instruct,medqa,C,C,True,True,False,10,10,358.6,0.011245530522866327,0.0,0.011245530522866327,0.0006073689217372214,0.06827417770157573,0.02676659000673587,0.00924749501824601,0.10385648906230927,0.0,0.9999688025426523,0.8
medqa_test_01217,llama-3.1-8b-instruct,medqa,E,E,True,True,False,10,10,374.6,0.012452749465797922,0.0,0.012452749465797922,0.0005556570454268664,0.052786268474418876,0.019949732518429443,0.007386044224366517,0.10549479722976685,0.8812908992306927,0.9999810748465017,0.8
medqa_test_01063,llama-3.1-8b-instruct,medqa,D,D,True,True,False,10,10,294.0,0.006546033171214907,0.001427501246726032,0.00797353441794094,0.0026401662499210077,0.07012265887489359,0.038681911962235936,0.02218897370827606,0.11177316308021545,0.0,0.9999984465027272,1.0
medqa_test_00625,llama-3.1-8b-instruct,medqa,C,D,False,True,False,10,10,354.2,0.021245608913287604,0.0,0.021245608913287604,0.0038715140861244578,0.045078987028292196,0.020554930921953363,0.010043304369685702,0.13028603792190552,1.5709505944546684,0.9959298627673272,0.8
medqa_test_00486,llama-3.1-8b-instruct,medqa,C,D,False,True,False,10,10,401.9,0.01988033949232162,0.0,0.01988033949232162,0.001174996283882554,0.03616434332671566,0.01751979670714098,0.009770301209757627,0.13362301886081696,1.4854752972273344,0.9669140719678228,0.8
medqa_test_01229,llama-3.1-8b-instruct,medqa,D,E,False,True,False,10,10,507.7,0.010255408653467505,0.0,0.010255408653467505,0.001766900475098049,0.07656364594165382,0.037806523269169924,0.0210582675898638,0.09746955335140228,1.721928094887362,1.0,0.8
medqa_test_00047,llama-3.1-8b-instruct,medqa,A,A,True,True,False,10,10,493.6,0.017147355246382993,0.0,0.017147355246382993,0.00018450184501845018,0.06469946238726099,0.02926504596960604,0.014155852501081933,0.09126574546098709,0.4689955935892812,0.9984988180112925,0.8
medqa_test_00838,llama-3.1-8b-instruct,medqa,A,A,True,True,False,10,10,441.9,0.017571643973542394,0.0,0.017571643973542394,0.0,0.07592305657078977,0.04121749474128024,0.02181042799424302,0.07566401362419128,0.8812908992306927,0.9978173601045236,0.9
medqa_test_00150,llama-3.1-8b-instruct,medqa,A,A,True,True,False,10,10,467.9,0.02418656148587369,0.0,0.02418656148587369,0.0,0.05490504998349135,0.027194575236627716,0.0148105887716791,0.10796712338924408,0.0,0.9995694430854143,0.8
medqa_test_00203,llama-3.1-8b-instruct,medqa,A,E,False,True,False,10,10,367.3,0.018385444522096794,0.0003215434083601286,0.018706987930456925,0.00023923444976076553,0.054060185989884456,0.026869332716604112,0.013581412923458502,0.155537411570549,1.1567796494470395,0.9999885216274517,0.8
medqa_test_00230,llama-3.1-8b-instruct,medqa,C,C,True,True,False,10,10,355.4,0.01686721753973112,0.0,0.01686721753973112,0.0,0.0737252804382176,0.03567765349157408,0.015365540693834834,0.10086867213249207,0.0,0.5621679727396589,0.9
medqa_test_01023,llama-3.1-8b-instruct,medqa,D,D,True,True,False,10,10,504.1,0.011304149916757024,0.0,0.011304149916757024,0.00033003300330033004,0.03715710641685893,0.014953221160029239,0.006682992521843623,0.11799295246601105,0.7219280948873623,0.9999992662513286,0.8
medqa_test_00688,llama-3.1-8b-instruct,medqa,A,B,False,True,False,10,10,471.5,0.011713965503951628,0.0,0.011713965503951628,0.0001984126984126984,0.07189106348751327,0.03646974929773513,0.018228323899645415,0.10470535606145859,1.1567796494470395,0.9999646708179664,0.8
medqa_test_01019,llama-3.1-8b-instruct,medqa,A,B,False,True,False,10,10,498.9,0.016245508839614124,0.0008435649558360478,0.017089073795450167,0.004384846890751776,0.07963430964254534,0.04415069411944703,0.02388394630749261,0.08601202070713043,1.3567796494470397,0.9999832998319789,0.8
medqa_test_00095,llama-3.1-8b-instruct,medqa,D,D,True,True,False,10,10,402.6,0.015005204339394377,0.0,0.015005204339394377,0.000996061412259948,0.0437604927106373,0.021451049751185846,0.014126009071719037,0.10974833369255066,0.7219280948873623,0.9987659319046303,0.8
medqa_test_00343,llama-3.1-8b-instruct,medqa,B,B,True,True,False,10,10,421.8,0.022663330654941305,0.0,0.022663330654941305,0.0008755307576236094,0.14537773693181766,0.09500792379296397,0.06626949574619084,0.11497810482978821,0.7219280948873623,1.0,0.8
medqa_test_00981,llama-3.1-8b-instruct,medqa,D,D,True,True,False,10,10,337.6,0.007504010769712787,0.00020920502092050208,0.007713215790633289,0.003319536403951605,0.08559170843578809,0.05423811427856155,0.03751145966787831,0.12121233344078064,0.7219280948873623,0.9842491264301705,1.0
medqa_test_00648,llama-3.1-8b-instruct,medqa,A,A,True,True,False,10,10,311.3,0.003969998367056563,0.0,0.003969998367056563,0.002392844499059637,0.08839889725074034,0.05208939243459053,0.030246018606292824,0.11838943511247635,0.9709505944546686,0.999999931744196,1.0
medqa_test_00756,llama-3.1-8b-instruct,medqa,C,C,True,True,False,10,10,372.5,0.016129359829176106,0.0,0.016129359829176106,0.00022123893805309734,0.11939638266456862,0.0840624788535297,0.061757838204121306,0.10352426022291183,0.0,1.0,0.8
medqa_test_00527,llama-3.1-8b-instruct,medqa,A,A,True,True,False,10,10,407.7,0.020958789011349944,0.0,0.020958789011349944,0.0008198132708411576,0.027952384726540425,0.013368559783658186,0.007583983914303904,0.12312369793653488,0.0,0.0003353501104847564,0.9
medqa_test_00290,llama-3.1-8b-instruct,medqa,B,E,False,True,False,10,10,354.3,0.00690814371515721,0.0013144465320298671,0.008222590247187076,0.013796827516522638,0.21541728585334202,0.149541255298955,0.10861021610178072,0.09700607508420944,1.7609640474436812,0.9999810748614132,0.8
medqa_test_00086,llama-3.1-8b-instruct,medqa,C,C,True,True,False,10,10,462.5,0.018515903685841488,0.0,0.018515903685841488,0.0011238941067612319,0.04613742675569117,0.023125233422826796,0.013762439617843503,0.09690971672534943,0.7219280948873623,0.9999251551920654,0.8
medqa_test_00674,llama-3.1-8b-instruct,medqa,B,B,True,True,False,10,10,381.1,0.0057518444635561395,0.0,0.0057518444635561395,0.002744479510745669,0.0878442220767999,0.04845184838475484,0.029648770938489066,0.05753244459629059,0.0,0.9999870607844176,0.8
medqa_test_00173,llama-3.1-8b-instruct,medqa,A,C,False,True,False,10,10,474.8,0.005941489990763704,0.001516038358291278,0.007457528349054982,0.006247035095713291,0.07912534582926177,0.040154474663103915,0.024362023355287553,0.08055825531482697,0.9219280948873623,1.0,0.8
medqa_test_01040,llama-3.1-8b-instruct,medqa,B,C,False,True,False,10,10,401.4,0.018947307476282815,0.0,0.018947307476282815,0.0005323263434735524,0.06623774329106434,0.03479458697928637,0.019473856051985226,0.10881602764129639,1.3609640474436813,0.99999844678234,0.8
medqa_test_01156,llama-3.1-8b-instruct,medqa,C,B,False,True,False,10,10,484.2,0.0157347907050601,0.0,0.0157347907050601,0.0,0.05585089690483073,0.03063465652810553,0.01818565523395992,0.1434044986963272,0.0,0.9465966938224403,0.0
medqa_test_00948,llama-3.1-8b-instruct,medqa,D,C,False,True,False,10,10,417.7,0.007315991624045488,0.0,0.007315991624045488,0.0002645502645502645,0.08918797511008067,0.05320038500182737,0.035204331407601167,0.12450291216373444,0.7219280948873623,1.0,0.8
medqa_test_00993,llama-3.1-8b-instruct,medqa,A,A,True,True,False,10,10,476.8,0.02238624286868357,0.00047598025898759394,0.02286222312767116,0.00017921146953405018,0.06826694120544616,0.037430566852894934,0.023404495283765737,0.12002269178628922,1.3609640474436813,0.999968798358581,0.8
medqa_test_00721,llama-3.1-8b-instruct,medqa,B,C,False,True,False,10,10,481.4,0.009683246030936775,0.0,0.009683246030936775,0.0006748422582717005,0.14650371343058005,0.08787917549274253,0.06094489704270861,0.07798145711421967,0.7219280948873623,0.859925499943316,0.0
medqa_test_00881,llama-3.1-8b-instruct,medqa,A,A,True,True,False,10,10,399.8,0.014200434734215376,0.0,0.014200434734215376,0.0,0.06320779113588171,0.03345322313039593,0.019138633010657612,0.11438517272472382,0.0,0.0,0.8
medqa_test_01214,llama-3.1-8b-instruct,medqa,A,A,True,True,False,10,10,465.2,0.016571595858219934,0.0,0.016571595858219934,0.00040552730851238316,0.04377922882928068,0.02271818830662866,0.011880599081408105,0.10888358950614929,1.295461844238322,0.0,0.8
medqa_test_00329,llama-3.1-8b-instruct,medqa,B,A,False,True,False,10,10,416.3,0.017372571746588125,0.0,0.017372571746588125,0.0,0.05787660327096714,0.020790355968734686,0.009141061954663621,0.09662298858165741,1.0,0.9999646438435401,0.8
medqa_test_00670,llama-3.1-8b-instruct,medqa,E,D,False,True,False,10,9,288.1,0.0037464061559255232,0.0003745318352059925,0.004120937991131515,0.0020163498974175324,0.06355544440728526,0.03424144703261793,0.019709028830718754,0.08548174798488617,1.224394445405986,0.9998767066484942,1.0
medqa_test_00621,llama-3.1-8b-instruct,medqa,E,E,True,True,False,10,10,451.6,0.01888651421409568,0.0,0.01888651421409568,0.0018614321938520133,0.07364462321898455,0.03893181560577998,0.022926104768376643,0.12497790902853012,1.4854752972273344,0.9999810748440556,0.8
medqa_test_01017,llama-3.1-8b-instruct,medqa,E,E,True,True,False,10,10,359.3,0.01767767426181222,0.0,0.01767767426181222,0.0010728163772879612,0.06809752763431025,0.03524695275361036,0.017615579316326836,0.11085982620716095,0.0,0.9626731147976795,0.9
medqa_test_01051,llama-3.1-8b-instruct,medqa,D,D,True,True,False,10,10,567.3,0.009367495991889633,0.00015748031496062991,0.009524976306850263,0.00860339082239848,0.14581679323016433,0.08593580184443887,0.05164887724501188,0.12019295990467072,2.046439344671015,,0.6
medqa_test_00856,llama-3.1-8b-instruct,medqa,D,B,False,True,False,10,10,442.3,0.014647318699790288,0.0,0.014647318699790288,0.000940805905426683,0.06252468336876847,0.029162754419127947,0.015199781274934465,0.14722229540348053,1.295461844238322,0.9999962735017552,0.0
medqa_test_00293,llama-3.1-8b-instruct,medqa,A,A,True,True,False,10,10,399.3,0.008396893745073467,0.0,0.008396893745073467,0.0014950792722644584,0.032089109065332855,0.015160232453632183,0.007115889418070387,0.09097333252429962,0.0,0.9913559881186621,1.0
medqa_test_00311,llama-3.1-8b-instruct,medqa,D,D,True,True,False,10,10,501.4,0.013059589509742994,0.0,0.013059589509742994,0.00018832391713747646,0.06476329970593929,0.035838731023642136,0.022519206567744598,0.11621658504009247,0.0,0.9999998362658736,0.9
medqa_test_00000,llama-3.1-8b-instruct,medqa,C,B,False,True,False,10,10,317.7,0.02272949865981908,0.0003289473684210526,0.023058446028240132,0.001738035780486718,0.05631694899148763,0.028072787836912395,0.015092007770271487,0.1517227441072464,0.4689955935892812,0.5324172336088515,1.0
medqa_test_00561,llama-3.1-8b-instruct,medqa,D,D,True,True,False,10,10,534.0,0.01758893007198147,0.0,0.01758893007198147,0.0008721621991217502,0.03294706769529569,0.014522026983555935,0.00892165914142894,0.1460535079240799,0.9219280948873623,0.9999151890534537,0.9
medqa_test_00415,llama-3.1-8b-instruct,medqa,E,,,False,True,10,10,474.0,0.0067817465437893425,0.000687410647745018,0.00746915719153436,0.011461392675710929,0.14104264662972166,0.0793698854943217,0.04577465530946865,0.0695442408323288,1.5709505944546687,0.9995143904826052,
medqa_test_00308,llama-3.1-8b-instruct,medqa,C,C,True,True,False,10,10,347.2,0.00492239000252837,0.0,0.00492239000252837,0.0030623525931972534,0.06897351116981316,0.03617669582870897,0.019275380013378352,0.07563988864421844,0.0,1.0,1.0
medqa_test_00582,llama-3.1-8b-instruct,medqa,E,A,False,True,False,10,10,328.4,0.0075920631345612515,0.0,0.0075920631345612515,0.0009307155356421744,0.08546926366860011,0.05101601736642303,0.03300934297709797,0.11059773713350296,0.9219280948873623,0.9999757018898363,0.8
medqa_test_00630,llama-3.1-8b-instruct,medqa,E,D,False,True,False,10,10,396.7,0.009094381325688624,0.00022988505747126436,0.009324266383159887,0.0036374019170942787,0.09064016848617211,0.053455411580633216,0.03442244093495243,0.15244536101818085,0.7219280948873623,1.0,0.8
medqa_test_01264,llama-3.1-8b-instruct,medqa,B,E,False,True,False,10,10,476.3,0.02201255258054876,0.0,0.02201255258054876,0.001037956941827544,0.07478450202241735,0.03943773828368315,0.021519122373444655,0.15681317448616028,1.4854752972273344,0.0,0.8
medqa_test_00693,llama-3.1-8b-instruct,medqa,C,C,True,True,False,10,10,457.5,0.014157264962160274,0.0006529153914291068,0.014810180353589383,0.0,0.05759002520496205,0.029295388948129962,0.018088558372532447,0.09739413857460022,0.0,0.9999339483199078,0.8
medqa_test_00388,llama-3.1-8b-instruct,medqa,C,C,True,True,False,10,10,406.2,0.0180527033553603,0.0,0.0180527033553603,0.0014564176891617869,0.031417803018887594,0.011895695336158207,0.005250057420293797,0.11986920982599258,0.0,0.923261668697196,0.8
medqa_test_00914,llama-3.1-8b-instruct,medqa,D,D,True,True,False,10,10,320.8,0.0065367436046989275,0.0005982905982905983,0.007135034202989525,0.0038441998115161537,0.06354990683822762,0.03182621691714085,0.0203116582042151,0.1367783546447754,1.7219280948873623,0.9999967113686339,0.8
medqa_test_00430,llama-3.1-8b-instruct,medqa,B,B,True,True,False,10,10,474.3,0.01531013797501933,0.0,0.01531013797501933,0.0004042142173016672,0.07000747007955156,0.038031351043915376,0.022736840585858863,0.11427804082632065,0.0,0.9999967112499545,0.8
medqa_test_00196,llama-3.1-8b-instruct,medqa,A,B,False,True,False,10,10,356.9,0.029525593243164245,0.0,0.029525593243164245,0.0005590512322260264,0.18141677923789828,0.12632185014173414,0.08641146231643768,0.0697580948472023,0.4689955935892812,0.9997043894355385,0.0
medqa_test_00863,llama-3.1-8b-instruct,medqa,A,A,True,True,False,10,10,337.6,0.018431768593009178,0.0,0.018431768593009178,0.0012663463518447033,0.025722702485406222,0.009451213319124884,0.0033827997858469462,0.12710407376289368,0.0,0.9618781490620304,0.8
medqa_test_01097,llama-3.1-8b-instruct,medqa,C,C,True,True,False,10,10,381.7,0.006840169153947015,0.0,0.006840169153947015,0.0,0.04848922200108119,0.024283572896642337,0.014292621955440777,0.07553411275148392,0.4689955935892812,0.9999996941114168,0.8
medqa_test_00302,llama-3.1-8b-instruct,medqa,A,A,True,True,False,10,10,447.4,0.009703818816637106,0.0,0.009703818816637106,0.0010347108326960433,0.10370195393641564,0.06982774749287701,0.05266951106190182,0.09311159700155258,0.0,0.9820138360666878,0.9
medqa_test_00713,llama-3.1-8b-instruct,medqa,A,A,True,True,False,10,10,413.0,0.010111992746648587,0.00073144583556855,0.010843438582217136,0.002524720656380828,0.026646966536054407,0.00830661639707394,0.004559324796251152,0.07288963347673416,0.0,0.9999999226557225,0.95
medqa_test_00412,llama-3.1-8b-instruct,medqa,A,A,True,True,False,10,10,462.5,0.016063403777734794,0.0,0.016063403777734794,0.0024849422077449536,0.052269525952270066,0.019643153116826063,0.00949448765037918,0.13037118315696716,0.9219280948873623,0.9859363826678137,0.8
medqa_test_01199,llama-3.1-8b-instruct,medqa,A,E,False,True,False,10,10,430.0,0.01824179339546503,0.0,0.01824179339546503,0.0007548642362265085,0.048233936202853614,0.02218555907750085,0.011367092817483238,0.11412106454372406,1.3609640474436813,0.9669140197044659,0.8
medqa_test_00418,llama-3.1-8b-instruct,medqa,D,D,True,True,False,10,10,398.6,0.017091343155132232,0.0,0.017091343155132232,0.0,0.046085436121814795,0.023334785058007977,0.013722072475350622,0.11629091948270798,0.0,1.0,0.9
medqa_test_00935,llama-3.1-8b-instruct,medqa,A,D,False,False,False,9,9,733.4,0.018496486254948107,0.0,0.018496486254948107,0.003422695974843333,0.16609293674028952,0.1294444721046817,0.11002292504374764,0.176359161734581,1.836591668108979,1.0,1.0
medqa_test_00316,llama-3.1-8b-instruct,medqa,A,D,False,True,False,10,10,367.0,0.019320675974847632,0.0009088153611222984,0.020229491335969928,0.0007211578973295946,0.12980691836961372,0.08761685085740267,0.06424801929063712,0.10546943545341492,1.6854752972273346,0.042087727915618836,0.8
medqa_test_00519,llama-3.1-8b-instruct,medqa,D,A,False,True,False,10,10,451.2,0.019251001742955305,0.0,0.019251001742955305,0.0014455884248291394,0.04025809087690661,0.019372587124331576,0.011740493379070372,0.1325734406709671,1.5219280948873621,0.9984988192487458,0.8
medqa_test_00961,llama-3.1-8b-instruct,medqa,A,A,True,True,False,10,10,331.0,0.015458724917650223,0.001359305200886312,0.016818030118536532,0.005259459694558435,0.0497515383107624,0.02419345449697834,0.013926214048367247,0.12114372104406357,0.7219280948873623,0.8807085505147084,0.8
medqa_test_00737,llama-3.1-8b-instruct,medqa,D,C,False,True,False,10,10,412.0,0.005344176643056966,0.0,0.005344176643056966,0.0012488199524489847,0.0679954057402513,0.03403059637959838,0.017729708700256842,0.07830602675676346,0.7219280948873623,0.9996200154965683,1.0
medqa_test_00127,llama-3.1-8b-instruct,medqa,D,D,True,True,False,10,10,382.6,0.005014350651126102,0.0,0.005014350651126102,0.0017889980094329774,0.0880622608292018,0.049599048133029386,0.030583701889719338,0.12480361759662628,0.0,0.9999546023456459,0.9
medqa_test_00922,llama-3.1-8b-instruct,medqa,A,A,True,True,False,10,10,507.9,0.011648028983579176,0.0,0.011648028983579176,0.0020176651217745306,0.05947674893025401,0.028459320667934097,0.015383692723602538,0.09804017841815948,0.7219280948873623,0.9990889559187542,0.8
medqa_test_00784,llama-3.1-8b-instruct,medqa,B,B,True,True,False,10,10,417.1,0.008135642973599887,0.0,0.008135642973599887,0.0019381546178713922,0.08198437401609376,0.04365617071794946,0.02323307860694408,0.09794500470161438,1.1567796494470395,0.9999982397054279,0.8
medqa_test_01102,llama-3.1-8b-instruct,medqa,D,D,True,True,False,10,10,400.3,0.01755664264309211,0.0,0.01755664264309211,0.001052356355838943,0.06558795782739292,0.031765470989504975,0.016475075775361836,0.1238308995962143,0.7219280948873623,0.26894142136999516,0.8
medqa_test_01109,llama-3.1-8b-instruct,medqa,B,B,True,True,False,10,10,312.2,0.011672015962532683,0.0,0.011672015962532683,0.0009022129356176616,0.0449760581787911,0.028033486353436988,0.017514160359851882,0.08962558209896088,0.0,0.0,0.95
medqa_test_00680,llama-3.1-8b-instruct,medqa,E,E,True,True,False,10,10,358.2,0.013114656317105969,0.0,0.013114656317105969,0.0047464939877766114,0.10010450356530678,0.058148155244005094,0.0342036912453758,0.11591219156980515,0.0,9.931184572522865e-08,0.8
medqa_test_00930,llama-3.1-8b-instruct,medqa,A,C,False,True,False,10,10,328.9,0.019474825409934206,0.00653312262935452,0.026007948039288725,0.0010157759470884342,0.07306444582262665,0.05030762117398726,0.03499791185894382,0.19350869953632355,0.4689955935892812,0.0,0.8
medqa_test_00441,llama-3.1-8b-instruct,medqa,D,D,True,True,False,10,10,335.3,0.019344572789748552,0.0,0.019344572789748552,0.0,0.06097599021559023,0.03500833580603753,0.020200583964952435,0.12290141731500626,0.0,0.9999994957094379,0.8
medqa_test_00372,llama-3.1-8b-instruct,medqa,E,E,True,True,False,10,10,334.0,0.020837357541995675,0.0,0.020837357541995675,0.0006440545648779686,0.05583251486422429,0.032445919262606794,0.02096191180566397,0.1273467093706131,0.7219280948873623,0.9986749775827868,0.8
medqa_test_01061,llama-3.1-8b-instruct,medqa,E,E,True,True,False,10,10,440.3,0.013171324244872972,0.00023809523809523812,0.01340941948296821,0.00043465621366142764,0.05746491692321169,0.025483703134586144,0.01243750517811366,0.0692732185125351,0.4689955935892812,0.9994115911463918,0.9
medqa_test_00686,llama-3.1-8b-instruct,medqa,A,B,False,True,False,10,9,488.4,0.009289449216577424,0.0012794612794612794,0.010568910496038702,0.0014726381705973545,0.10826866470629855,0.07268728633301558,0.05573543936895246,0.12149807810783386,0.5032583347756457,0.99970404294821,1.0
medqa_test_00925,llama-3.1-8b-instruct,medqa,C,C,True,True,False,10,10,409.8,0.005061466562245035,0.0,0.005061466562245035,0.0035587951170413037,0.10391682821705579,0.06498771494496113,0.047255132330486206,0.09774916619062424,0.0,0.9999980053275765,0.9
medqa_test_00992,llama-3.1-8b-instruct,medqa,E,E,True,True,False,10,10,283.3,0.024383366827866976,0.00030303030303030303,0.02468639713089728,0.003976895368446372,0.08127342635387291,0.0463664782911473,0.026794884561291567,0.09607841819524765,0.4689955935892812,0.9999930378650269,0.8
medqa_test_00736,llama-3.1-8b-instruct,medqa,A,D,False,True,False,10,10,402.4,0.02933655970589303,0.0,0.02933655970589303,0.0017336836282660982,0.050929806608081406,0.026194058998949544,0.014469626802909374,0.09302522987127304,1.4854752972273344,0.9999898712281979,0.8
medqa_test_00904,llama-3.1-8b-instruct,medqa,C,E,False,True,False,10,10,431.3,0.01796567033429216,0.0,0.01796567033429216,0.00041044681872142656,0.048245535891121794,0.022419817300368537,0.009280903483496361,0.15945661067962646,1.1567796494470395,0.9999869945602596,0.9
medqa_test_00551,llama-3.1-8b-instruct,medqa,A,E,False,True,False,10,9,474.5,0.007378311819193187,0.0007637864670405673,0.008142098286233754,0.0035618816895971557,0.08800964831424939,0.053234973848497104,0.03340142816299526,0.13634109497070312,1.3921472236645345,0.9999999634651617,0.8
medqa_test_00532,llama-3.1-8b-instruct,medqa,B,B,True,True,False,10,10,493.4,0.012086416671528228,0.00015479876160990713,0.012241215433138134,0.0,0.08555827498116415,0.04534612177161288,0.03047555404526302,0.11840236186981201,0.4689955935892812,0.9999910602999431,0.9
medqa_test_01127,llama-3.1-8b-instruct,medqa,C,B,False,True,False,10,10,460.0,0.013536507660863447,0.0,0.013536507660863447,0.0006862953138815208,0.08887168069258469,0.055052664716325306,0.036552863744409615,0.09963143616914749,0.9219280948873623,0.9999991685529458,0.8
medqa_test_00783,llama-3.1-8b-instruct,medqa,B,B,True,True,False,10,10,364.5,0.021683880001184798,0.0,0.021683880001184798,0.0006498084291187739,0.05586348587484809,0.025906263802775865,0.012031451111739222,0.1643417626619339,0.4689955935892812,0.9946701124359595,0.8
medqa_test_01066,llama-3.1-8b-instruct,medqa,A,A,True,True,False,10,9,406.6,0.013315661431701473,0.0,0.013315661431701473,0.0002506265664160401,0.0410219205887002,0.026841262229946906,0.01868490683043148,0.17096704244613647,1.7527152789797045,0.8354835207180245,0.8
medqa_test_01144,llama-3.1-8b-instruct,medqa,C,C,True,True,False,10,10,376.5,0.020148450883354478,0.00030211480362537764,0.020450565686979855,0.0013601028812814304,0.07064856134540712,0.035690318753618,0.020108292045911393,0.06851911544799805,0.4689955935892812,1.0,0.9
medqa_test_00260,llama-3.1-8b-instruct,medqa,C,D,False,True,False,10,10,505.5,0.021894502710662747,0.0,0.021894502710662747,0.000609418840512675,0.029985513565463452,0.011602755776746299,0.006389243355203245,0.12892483174800873,0.8812908992306927,0.9998601779201862,0.8
medqa_test_01181,llama-3.1-8b-instruct,medqa,E,E,True,True,False,10,10,525.7,0.012966891038222742,0.0,0.012966891038222742,0.0005215953919917218,0.061010480722666016,0.03131985029182342,0.017995945704147143,0.07844220846891403,0.4689955935892812,0.9986749774644775,0.9
medqa_test_00590,llama-3.1-8b-instruct,medqa,C,C,True,True,False,10,10,506.1,0.015746985376158915,0.0,0.015746985376158915,0.00015151515151515152,0.052342563030938774,0.023840103998835082,0.012208471864231785,0.13410654664039612,0.4689955935892812,0.9999991684791124,0.8
medqa_test_00394,llama-3.1-8b-instruct,medqa,D,D,True,True,False,10,10,476.7,0.007826787935150072,0.00021834061135371177,0.008045128546503784,0.0018689284130754807,0.042667143701521915,0.015366802773412657,0.006250855759313556,0.11422839760780334,0.0,1.0,0.8
medqa_test_00795,llama-3.1-8b-instruct,medqa,C,D,False,True,False,10,10,448.0,0.014993752969859404,0.0001594896331738437,0.01515324260303325,0.0026967653178660163,0.08892221138980899,0.04606163349076318,0.026768986845681,0.12351708859205246,1.0,0.9999952153604388,0.8
medqa_test_00523,llama-3.1-8b-instruct,medqa,E,E,True,True,False,10,10,375.1,0.008873776985157069,0.00030303030303030303,0.009176807288187372,0.0025507986430928662,0.06924231852845761,0.03692371658852576,0.022134649289980157,0.06524041295051575,0.0,0.9999997300508056,0.8
medqa_test_00620,llama-3.1-8b-instruct,medqa,C,C,True,True,False,10,10,318.1,0.005397075702462094,0.0,0.005397075702462094,0.001814153008400956,0.1318808943943906,0.08973672949546366,0.05826758885771649,0.1191917434334755,0.4689955935892812,1.0,0.8
medqa_test_00446,llama-3.1-8b-instruct,medqa,A,,,False,True,10,10,368.8,0.010861121635662548,0.0,0.010861121635662548,0.001414188934664876,0.09640745446147778,0.05120116890238209,0.027379541839940513,0.14637240767478943,1.3609640474436813,0.9999974387446958,1.0
medqa_test_01072,llama-3.1-8b-instruct,medqa,D,D,True,True,False,10,10,363.5,0.004038808909465266,0.0005020156210632401,0.004540824530528505,0.004257393527223476,0.10619136616594915,0.05774310634641128,0.03372739725294791,0.1125914454460144,0.4689955935892812,1.0,1.0
medqa_test_00746,llama-3.1-8b-instruct,medqa,B,B,True,True,False,10,10,463.9,0.02393446930042055,0.0,0.02393446930042055,0.0003937007874015748,0.059084680423109395,0.03145170918629484,0.018934973140089427,0.14300169050693512,1.5709505944546687,1.0,0.8
medqa_test_00353,llama-3.1-8b-instruct,medqa,B,D,False,True,False,10,10,482.6,0.014224920687288705,0.0,0.014224920687288705,0.00016474464579901152,0.04162321532391837,0.019033067264827473,0.009682542871139432,0.13482140004634857,1.1567796494470395,1.0,0.9
medqa_test_00444,llama-3.1-8b-instruct,medqa,D,D,True,True,False,10,9,319.8,0.016087314198434347,0.0,0.016087314198434347,0.0035084592693987076,0.03739777213226597,0.017186245316143666,0.009329667247989892,0.1638823002576828,0.0,0.8330596842840502,0.8
medqa_test_00610,llama-3.1-8b-instruct,medqa,B,B,True,True,False,10,10,323.0,0.0064333999995597035,0.00025380710659898473,0.006687207106158689,0.009124799037342307,0.09100981361800464,0.05243692607456914,0.031936809294501024,0.10691315680742264,0.0,0.10669286374217041,0.8
medqa_test_00111,llama-3.1-8b-instruct,medqa,C,E,False,True,False,10,10,374.3,0.0142593898241283,0.0,0.0142593898241283,0.00046228814010150124,0.03026066180279996,0.011813476944435098,0.0043952261502549494,0.12914255261421204,1.3609640474436813,0.9998601787416599,0.8
medqa_test_00822,llama-3.1-8b-instruct,medqa,C,A,False,True,False,10,10,507.8,0.01207504605105448,0.0002789400278940028,0.012353986078948482,0.0001394700139470014,0.04088281858599303,0.017479107929896855,0.008799115080327357,0.11993232369422913,1.295461844238322,0.1066905569361,0.8
medqa_test_01198,llama-3.1-8b-instruct,medqa,B,E,False,True,False,10,10,275.1,0.0299541635997299,0.0,0.0299541635997299,0.002687553495719361,0.046289072054241834,0.023143716078618114,0.014980833239143444,0.13661807775497437,1.0,0.9869907191875491,0.8
medqa_test_00594,llama-3.1-8b-instruct,medqa,D,A,False,True,False,10,10,443.3,0.027667439198992238,0.0,0.027667439198992238,0.000978730995156989,0.02223334961790039,0.007474239700565477,0.0036537869328814644,0.07367482781410217,0.4689955935892812,0.8518368176226316,0.8
medqa_test_00182,llama-3.1-8b-instruct,medqa,B,B,True,True,False,10,10,528.4,0.020363694552302268,0.00016778523489932885,0.020531479787201594,0.00046030468038222775,0.031236601109129524,0.012514767372326452,0.00617573793019377,0.10548539459705353,0.0,0.14845004310476903,0.8
medqa_test_00972,llama-3.1-8b-instruct,medqa,C,D,False,True,False,10,10,424.9,0.02222317928354236,0.0,0.02222317928354236,0.0027750680340506333,0.058186787450357026,0.02820083318801834,0.015128866982109346,0.14279010891914368,0.7219280948873623,0.9999995549149497,0.8
medqa_test_00917,llama-3.1-8b-instruct,medqa,E,E,True,True,False,10,9,457.1,0.0170850142526842,0.0,0.0170850142526842,0.0009370915192279828,0.04207950754105325,0.01615188073378505,0.006360915650294996,0.12497257441282272,0.0,0.9999885212269247,0.8
medqa_test_00028,llama-3.1-8b-instruct,medqa,D,D,True,True,False,10,10,408.1,0.018510179965809427,0.0,0.018510179965809427,0.0004236835070836675,0.029144455025941585,0.011282067100954108,0.005052524700440031,0.13391774892807007,0.0,0.9999995549582222,0.8
medqa_test_00339,llama-3.1-8b-instruct,medqa,A,A,True,True,False,10,10,372.1,0.017011044590791044,0.0,0.017011044590791044,0.000211864406779661,0.06633792902204563,0.024172788994585102,0.011944174752049997,0.05903375521302223,0.0,0.9706550621741501,0.9
medqa_test_00549,llama-3.1-8b-instruct,medqa,B,B,True,True,False,10,10,412.7,0.01816545868532129,0.0,0.01816545868532129,0.0005001203659123736,0.06229732924226935,0.029895321985695455,0.018170447718983664,0.11593116819858551,0.7219280948873623,0.5312443489127142,0.8
medqa_test_00695,llama-3.1-8b-instruct,medqa,B,A,False,True,False,10,10,638.8,0.011594235247548986,0.0001430615164520744,0.011737296764001062,0.0007645310676422883,0.0644861981451859,0.031035852038860536,0.016594596944973304,0.0988893210887909,1.4854752972273344,1.0,0.8
medqa_test_00409,llama-3.1-8b-instruct,medqa,C,C,True,True,False,10,10,324.6,0.018310300020258678,0.0,0.018310300020258678,0.0022976785918639013,0.04074735838825473,0.01984880681072655,0.010005831485784534,0.12884366512298584,0.0,0.0,0.9
medqa_test_00521,llama-3.1-8b-instruct,medqa,A,A,True,True,False,10,10,533.0,0.008767592565347395,0.0,0.008767592565347395,0.0005532266260162602,0.054884695529060855,0.03455448972351708,0.0265116744837554,0.10460203886032104,0.0,0.9994472243751726,0.95
medqa_test_00656,llama-3.1-8b-instruct,medqa,D,D,True,True,False,10,10,373.5,0.02548986574818294,0.0,0.02548986574818294,0.0008671727579055568,0.05538706135943837,0.0228581527395194,0.010331760938364187,0.10527881234884262,0.0,0.997675603016614,0.9
medqa_test_00359,llama-3.1-8b-instruct,medqa,D,D,True,True,False,10,10,424.7,0.012650515463589664,0.0,0.012650515463589664,0.0,0.05257734414130032,0.024415383348699037,0.011833837383119782,0.07019603252410889,0.9709505944546686,1.0,0.9
medqa_test_00807,llama-3.1-8b-instruct,medqa,A,D,False,True,False,10,10,486.7,0.017610956890103488,0.0003834545006022086,0.0179944113907057,0.0003729108824650226,0.0437889369512748,0.021078960772217513,0.012925417961342101,0.12790249288082123,0.9219280948873623,1.0,0.8
medqa_test_00791,llama-3.1-8b-instruct,medqa,A,C,False,True,False,10,9,427.8,0.011932024292816748,0.0,0.011932024292816748,0.0,0.05554345749377402,0.023263032319486076,0.009966548457671665,0.12518730759620667,1.5304930567574824,0.9998911030575232,0.8
medqa_test_00071,llama-3.1-8b-instruct,medqa,A,A,True,True,False,10,10,496.8,0.022387937698335015,0.0,0.022387937698335015,0.0009822944457918991,0.0274532057410666,0.00903902896608444,0.002607955587635891,0.10755884647369385,0.0,0.9988305051379992,0.8
medqa_test_01176,llama-3.1-8b-instruct,medqa,D,D,True,True,False,10,10,510.0,0.020841873438008012,0.0,0.020841873438008012,0.00018832391713747646,0.06214700443595457,0.031909873280777344,0.019186163326149884,0.11463084816932678,1.7609640474436812,0.9999785632027072,0.8
medqa_test_00336,llama-3.1-8b-instruct,medqa,A,B,False,True,False,10,10,498.0,0.014542146038665379,0.0,0.014542146038665379,0.0004164468392420062,0.048108402277737605,0.019930900166127752,0.011144884381728736,0.13814832270145416,1.6854752972273344,0.9993736657672725,0.8
medqa_test_00408,llama-3.1-8b-instruct,medqa,A,A,True,True,False,10,10,390.9,0.012295178361242902,0.0,0.012295178361242902,0.0003205128205128205,0.05181278961020839,0.025328348355495987,0.01645838699554163,0.09743638336658478,0.0,0.00020342706291430742,0.95
medqa_test_00197,llama-3.1-8b-instruct,medqa,C,C,True,True,False,10,10,418.6,0.018738644656572212,0.0,0.018738644656572212,0.0,0.03939570446967751,0.01792178620053071,0.010840386753297283,0.10425128787755966,0.0,0.0,0.8
medqa_test_00675,llama-3.1-8b-instruct,medqa,C,C,True,True,False,10,10,382.6,0.01855451398829795,0.0010214266938117884,0.019575940682109737,0.0034679720755842356,0.12723970187061776,0.08104601375936502,0.05619569123339631,0.09329933673143387,0.9709505944546686,1.0,0.8
medqa_test_00024,llama-3.1-8b-instruct,medqa,A,A,True,True,False,10,10,405.7,0.016816034294077988,0.0,0.016816034294077988,0.0008054899859554019,0.04152520760301683,0.023597478708595788,0.014101971893218646,0.11180473864078522,0.4689955935892812,0.9997965793073542,0.8
medqa_test_01146,llama-3.1-8b-instruct,medqa,C,A,False,True,False,10,10,312.8,0.017406934724257108,0.0,0.017406934724257108,0.0043134305306022965,0.058441207501901016,0.029226103185045815,0.01618300231965737,0.12082438915967941,0.9709505944546686,0.980986854119551,1.0
medqa_test_00233,llama-3.1-8b-instruct,medqa,B,B,True,True,False,10,10,334.5,0.014413034838540669,0.00025974025974025974,0.01467277509828093,0.0010457963089542037,0.03721603947516383,0.018651651157259475,0.010788683334896354,0.16593894362449646,0.4689955935892812,0.9999485594630958,0.8
medqa_test_00814,llama-3.1-8b-instruct,medqa,E,C,False,True,False,10,10,456.4,0.01750262363151664,0.00044462229336178917,0.017947245924878428,0.0006545252375497002,0.07417626785107125,0.0394564054801998,0.023483829398101796,0.11789156496524811,1.4854752972273344,0.9890130677765403,0.8
medqa_test_00312,llama-3.1-8b-instruct,medqa,B,D,False,True,False,10,10,569.6,0.015912777765412327,0.0,0.015912777765412327,0.0008244441078232254,0.05391125407595228,0.023277143563840263,0.01016656549338799,0.16221608221530914,1.9609640474436814,1.0,0.8
medqa_test_00358,llama-3.1-8b-instruct,medqa,B,B,True,True,False,10,10,365.2,0.014801035821185405,0.0,0.014801035821185405,0.0013099365976068013,0.040435975027534474,0.014978073395831992,0.006840070733383452,0.13670669496059418,1.3709505944546687,0.0,0.8
medqa_test_01113,llama-3.1-8b-instruct,medqa,E,E,True,True,False,10,10,369.2,0.017995304178757825,0.0,0.017995304178757825,0.00046543559582243164,0.021345206495406853,0.008398405768438177,0.004275983395654914,0.09850050508975983,0.0,0.9999992662031805,0.8
medqa_test_00204,llama-3.1-8b-instruct,medqa,C,C,True,True,False,10,10,336.1,0.0050521438314674195,0.0,0.0050521438314674195,0.003125661775939997,0.11004062960439524,0.06000538033862812,0.03208237387577895,0.13571549952030182,1.1567796494470395,0.9999724643154838,0.8
medqa_test_00227,llama-3.1-8b-instruct,medqa,D,D,True,True,False,10,10,538.7,0.008152193976276135,0.0004214729370008873,0.008573666913277022,0.0003486570247933884,0.07279923110464243,0.037566025524516225,0.021507563643226025,0.09883947670459747,1.5709505944546684,0.9999910617714242,0.8
medqa_test_00481,llama-3.1-8b-instruct,medqa,A,E,False,True,False,10,10,445.4,0.004007941891441323,0.0030967579800975286,0.007104699871538851,0.012657214426919194,0.22559904823064758,0.1586304346652028,0.11245282425385188,0.1187218576669693,2.046439344671015,1.0,1.0
medqa_test_01124,llama-3.1-8b-instruct,medqa,E,C,False,True,False,10,10,502.1,0.014331444423067757,0.0,0.014331444423067757,0.0009581155211932752,0.06292493904479857,0.03559356378674474,0.025469479211311253,0.08254599571228027,1.1567796494470395,0.9999977397887746,0.9
medqa_test_00391,llama-3.1-8b-instruct,medqa,B,B,True,True,False,10,10,331.0,0.012358026748750472,0.0,0.012358026748750472,0.0,0.02889639049847149,0.011688624427054362,0.006912970714438571,0.1367616057395935,0.0,0.9999991685125065,0.8
medqa_test_01062,llama-3.1-8b-instruct,medqa,B,A,False,True,False,10,10,342.1,0.008829670103331792,0.0,0.008829670103331792,0.003603998649228962,0.04857929637761229,0.027177797309233254,0.014440598795239467,0.17206600308418274,1.9709505944546686,1.0,0.8
medqa_test_00718,llama-3.1-8b-instruct,medqa,E,B,False,True,False,10,10,378.5,0.02263538957638265,0.000641025641025641,0.02327641521740829,0.0012451500078604321,0.10485040181149934,0.06795447582833894,0.04543753597536541,0.08514590561389923,0.9709505944546686,0.9999957774749013,0.8
medqa_test_00806,llama-3.1-8b-instruct,medqa,B,B,True,True,False,10,10,440.1,0.02340674786271077,0.0,0.02340674786271077,0.0002277904328018223,0.04532138372877063,0.021505179054272426,0.013530195808331869,0.11436440050601959,0.4689955935892812,0.9999810748454783,0.8
medqa_test_01215,llama-3.1-8b-instruct,medqa,A,D,False,True,False,10,10,301.3,0.023178396035797234,0.0034781113607178895,0.026656507396515122,0.0026010583062454798,0.05931716049344843,0.03594785565645396,0.02456494966588053,0.0835791677236557,1.360964047443681,0.9996655426255607,0.8
medqa_test_00273,llama-3.1-8b-instruct,medqa,A,B,False,True,False,10,10,403.9,0.01882251782040118,0.0,0.01882251782040118,0.00129588094939257,0.066202613484531,0.03565230855772204,0.018908242485262794,0.11241067945957184,1.7609640474436812,0.9999982396575284,0.8
medqa_test_00254,llama-3.1-8b-instruct,medqa,A,A,True,True,False,10,10,393.9,0.014572946533910789,0.0,0.014572946533910789,0.0008618341925411641,0.055245216590918966,0.02822413348312286,0.015925231477958567,0.07676680386066437,0.0,0.9999967112511305,0.9
medqa_test_00752,llama-3.1-8b-instruct,medqa,C,E,False,True,False,10,9,546.9,0.010102520089090971,0.0,0.010102520089090971,0.0012942535163876557,0.1293477082320346,0.08312034419143796,0.05596600857182502,0.11926434934139252,1.6577427265048887,0.9999930380252279,0.8
medqa_test_00970,llama-3.1-8b-instruct,medqa,D,D,True,True,False,10,10,425.7,0.011008846386493262,0.0,0.011008846386493262,0.0010638002722065181,0.10800626361765304,0.0725590464237543,0.05341278990244693,0.08457943797111511,0.0,0.9990889489412329,0.8
medqa_test_01256,llama-3.1-8b-instruct,medqa,B,B,True,True,False,10,10,444.4,0.015879688065837123,0.0,0.015879688065837123,0.00028653295128939826,0.056453678926688844,0.029083172757863363,0.018275098699878756,0.11506330966949463,0.7219280948873623,0.991212001778657,0.8
medqa_test_00421,llama-3.1-8b-instruct,medqa,C,C,True,True,False,10,10,426.6,0.007471083818064451,0.0002178649237472767,0.007688948741811727,0.0013583807964762482,0.059393969737225626,0.025351528437726544,0.01266642934595461,0.12409375607967377,1.1567796494470395,0.9999990577677398,0.8
medqa_test_00801,llama-3.1-8b-instruct,medqa,B,C,False,True,False,10,10,341.6,0.010613871282893136,0.0,0.010613871282893136,0.002971830068839067,0.07164949097466695,0.039258647678284596,0.02295629567009836,0.11429022997617722,1.8464393446710154,0.9996430293649624,0.8
medqa_test_01134,llama-3.1-8b-instruct,medqa,A,C,False,True,False,10,10,302.5,0.022065823971203224,0.0,0.022065823971203224,0.0013491378793869897,0.06885836960429012,0.042612053628571525,0.028074347493796968,0.16915255784988403,0.7219280948873623,0.9516736662510682,0.8
medqa_test_00754,llama-3.1-8b-instruct,medqa,B,B,True,True,False,10,10,431.1,0.02305923534412554,0.0,0.02305923534412554,0.0015258054018385005,0.05199320440884719,0.026231499089471512,0.014568902140348273,0.09514041244983673,0.0,0.06788690957940266,0.8
medqa_test_00183,llama-3.1-8b-instruct,medqa,E,E,True,True,False,10,10,404.4,0.017159327313323196,0.0,0.017159327313323196,0.0006591447767918356,0.07457920443090996,0.03886341257191559,0.023423928951357097,0.12398777902126312,0.8812908992306927,0.9999977430922188,0.8
medqa_test_00025,llama-3.1-8b-instruct,medqa,E,E,True,True,False,10,10,465.7,0.007275776501980333,0.00016891891891891893,0.0074446954208992515,0.0021407319336681245,0.08787539587411401,0.039503809080371176,0.019707297232846765,0.10910028964281082,0.0,0.9999991685001715,0.9
medqa_test_00422,llama-3.1-8b-instruct,medqa,A,E,False,True,False,10,10,521.6,0.01325343479022321,0.0,0.01325343479022321,0.0,0.08334535075317437,0.05395614795208905,0.034731698797121166,0.13137613236904144,1.3609640474436813,0.9999885293727935,0.8
medqa_test_00181,llama-3.1-8b-instruct,medqa,E,E,True,True,False,10,10,403.1,0.016753907220856977,0.0,0.016753907220856977,0.002598226527482434,0.13790729591435752,0.08615827261322685,0.05555222102739178,0.12584570050239563,1.9709505944546686,0.9978172834248388,0.8
medqa_test_00830,llama-3.1-8b-instruct,medqa,B,E,False,True,False,10,10,410.9,0.02359616802638561,0.0,0.02359616802638561,0.0008541084617263537,0.05060340331318299,0.01990051212507311,0.009043036441105878,0.1063423678278923,0.8812908992306927,1.0,0.8
medqa_test_00819,llama-3.1-8b-instruct,medqa,E,E,True,True,False,10,10,578.8,0.013715230179727797,0.0,0.013715230179727797,0.0009629333657269291,0.08315674499732927,0.045825152926432036,0.030523943768538397,0.1448291838169098,0.8812908992306927,1.0,0.8
medqa_test_00166,llama-3.1-8b-instruct,medqa,B,C,False,True,False,10,10,473.1,0.011941174536632262,0.0,0.011941174536632262,0.0006516707185678092,0.08347014434733033,0.04257489131521364,0.023170905650624452,0.0973862037062645,1.4854752972273344,0.7549153015357184,0.8
medqa_test_00242,llama-3.1-8b-instruct,medqa,A,A,True,False,False,9,9,788.9,0.022676866386738735,0.00018416206261510129,0.022861028449353837,0.0019186461520362796,0.13797344542011594,0.10885029739650695,0.09574061843992016,0.13786865770816803,0.5032583347756457,0.18242552380635635,0.8
medqa_test_00158,llama-3.1-8b-instruct,medqa,D,D,True,True,False,10,10,421.8,0.01347035290071485,0.0,0.01347035290071485,0.0012097940794144116,0.038146023356284274,0.019566116092527997,0.012007474136618101,0.1085728332400322,1.1567796494470395,0.8828133850650269,0.8
medqa_test_00767,llama-3.1-8b-instruct,medqa,B,B,True,True,False,10,10,423.1,0.0218693691148572,0.0,0.0218693691148572,0.0006866261074767864,0.04934980339836109,0.023192283211300003,0.011731176819418054,0.10848212987184525,0.0,0.3775406553823156,0.8
medqa_test_00635,llama-3.1-8b-instruct,medqa,C,C,True,True,False,10,10,424.0,0.0179289666969425,0.0,0.0179289666969425,0.0002747252747252747,0.05060969178308046,0.023408825189088267,0.01158760838669356,0.09478048980236053,1.1567796494470395,1.0,0.8
medqa_test_00416,llama-3.1-8b-instruct,medqa,D,A,False,True,False,10,9,475.8,0.010835369585987856,0.0,0.010835369585987856,0.0014828486797105462,0.08762904461968699,0.042476661771455385,0.019411836497299318,0.1312268078327179,1.5304930567574824,0.999796573709013,0.8
medqa_test_00573,llama-3.1-8b-instruct,medqa,C,E,False,True,False,10,10,543.4,0.019245932169818472,0.0,0.019245932169818472,0.0004739361716282276,0.14290942976287088,0.08938806975509879,0.05918149486676318,0.09970080852508545,1.5709505944546684,1.0,0.8
medqa_test_00798,llama-3.1-8b-instruct,medqa,C,D,False,True,False,10,9,479.5,0.012641819909253598,0.0,0.012641819909253598,0.0034852782678258558,0.05658886954356257,0.027624292078436995,0.01564756700920682,0.06994172930717468,1.224394445405986,1.0,0.8
medqa_test_00362,llama-3.1-8b-instruct,medqa,D,B,False,True,False,10,10,465.5,0.02629747739255269,0.0,0.02629747739255269,0.0002257336343115124,0.06644402978976266,0.034015216073365176,0.019576324908125543,0.10477645695209503,1.5709505944546687,0.9999687096349646,0.8
medqa_test_00105,llama-3.1-8b-instruct,medqa,B,B,True,True,False,10,10,423.7,0.014482654393101983,0.0,0.014482654393101983,0.0007049645606017597,0.06123486677824724,0.03467951752409816,0.01826153248272021,0.0912761390209198,0.0,0.0,0.8
medqa_test_00682,llama-3.1-8b-instruct,medqa,D,D,True,True,False,10,10,479.3,0.01633413931404095,0.0,0.01633413931404095,0.0006061265663094646,0.047827311433543115,0.02326369705957817,0.014525027437083693,0.19805651903152466,0.4689955935892812,0.9996646500094056,0.8
medqa_test_01227,llama-3.1-8b-instruct,medqa,C,C,True,True,False,10,9,435.6,0.005094007184008558,0.0009397192325799551,0.0060337264165885125,0.010245683801040906,0.0943051902815796,0.05031259422597266,0.02701964993877768,0.07297227531671524,1.224394445405986,0.5625409456847148,1.0
medqa_test_00698,llama-3.1-8b-instruct,medqa,A,A,True,True,False,10,10,475.6,0.02031259558804442,0.0,0.02031259558804442,0.00020283975659229209,0.06180604335652732,0.027080482782160565,0.013139983310729875,0.08252663165330887,0.0,0.13395946607505138,0.8
medqa_test_00908,llama-3.1-8b-instruct,medqa,C,C,True,True,False,10,10,360.7,0.016984263302417816,0.0,0.016984263302417816,0.0031903878095379387,0.09194405454062436,0.05455713009709542,0.03350651025121112,0.10387520492076874,1.295461844238322,0.9996200162163877,0.8
medqa_test_00366,llama-3.1-8b-instruct,medqa,A,A,True,True,False,10,10,472.1,0.01577805914431474,0.0,0.01577805914431474,0.0006379990666172738,0.04332236136616289,0.017196684125713024,0.00811041178493498,0.10083863139152527,1.1567796494470395,0.999841564861228,0.8
medqa_test_00982,llama-3.1-8b-instruct,medqa,B,B,True,True,False,10,10,440.5,0.01811961964786782,0.00042798353909465016,0.018547603186962473,0.0,0.05855071565821057,0.025393752717421492,0.011845317606985128,0.07137491554021835,0.0,0.999999653369984,0.8
medqa_test_00815,llama-3.1-8b-instruct,medqa,A,A,True,True,False,10,10,374.9,0.02532634164695207,0.0,0.02532634164695207,0.0010781147934814342,0.057948882851684744,0.03012947743469154,0.01597029680347345,0.09337370842695236,0.0,0.09534945718704857,0.8
medqa_test_00373,llama-3.1-8b-instruct,medqa,E,E,True,True,False,10,10,442.1,0.02005003326573818,0.0,0.02005003326573818,0.0008203847169645215,0.03987958092921168,0.014885788423654189,0.00555772292087342,0.1065976470708847,1.4854752972273344,0.9998766068016492,0.8
medqa_test_00315,llama-3.1-8b-instruct,medqa,B,B,True,True,False,10,10,382.2,0.018417141589317176,0.0,0.018417141589317176,0.0009798112189780234,0.06467216065649233,0.03635533223728423,0.02456331826718361,0.08681448549032211,0.4689955935892812,0.7760888242035112,0.8
medqa_test_00042,llama-3.1-8b-instruct,medqa,A,C,False,True,False,10,10,498.3,0.01695612777696493,0.0,0.01695612777696493,0.0,0.06907995228164525,0.038477530577283134,0.02223268534220203,0.13299740850925446,1.0,0.0010987311710509273,0.8
medqa_test_01158,llama-3.1-8b-instruct,medqa,E,D,False,True,False,10,10,470.2,0.021476145968865008,0.0,0.021476145968865008,0.00041510204081632654,0.04296918424580445,0.019514920342049193,0.009045205753407115,0.23625238239765167,1.3609640474436813,0.9999599368931711,0.8
medqa_test_01239,llama-3.1-8b-instruct,medqa,D,,,False,True,10,8,588.8,0.01686111804536237,0.0,0.01686111804536237,0.0006761407734510906,0.06639951111897059,0.03333465500512354,0.018555339049315202,0.1626473367214203,0.5435644431995964,0.9997965764285297,0.8
medqa_test_00151,llama-3.1-8b-instruct,medqa,E,E,True,True,False,10,10,427.1,0.0211316849444901,0.0,0.0211316849444901,0.0006922299136657075,0.06452763681961192,0.027584195846735316,0.013618494447039053,0.1204008087515831,0.9219280948873623,0.9999970977578496,0.8
medqa_test_00565,llama-3.1-8b-instruct,medqa,C,C,True,True,False,10,10,470.9,0.011243856777618291,0.0004527572573603712,0.011696614034978663,0.0006362434958924813,0.032374994083887484,0.013255453170578501,0.004862411020940305,0.11252764612436295,0.4689955935892812,0.9999646437653924,0.9
medqa_test_00596,llama-3.1-8b-instruct,medqa,C,D,False,True,False,10,10,458.9,0.014346905787109726,0.0,0.014346905787109726,0.0009927026317141548,0.036982785629232164,0.018224817864435517,0.009647693243083821,0.1456146389245987,1.6854752972273344,0.9998416341524388,0.8
medqa_test_01179,llama-3.1-8b-instruct,medqa,C,C,True,True,False,10,10,461.2,0.021772735132352075,0.0,0.021772735132352075,0.0002403846153846154,0.06014897409637615,0.03044945781114312,0.018168290252843132,0.10292351990938187,0.4689955935892812,0.9999952149053167,0.8
medqa_test_00854,llama-3.1-8b-instruct,medqa,B,B,True,True,False,10,10,391.0,0.020917504297436634,0.0,0.020917504297436634,0.00062800039188792,0.11764069439873866,0.08042615201370724,0.058161657868803215,0.12621884047985077,0.9219280948873623,0.0293122286844388,0.8
medqa_test_00036,llama-3.1-8b-instruct,medqa,E,D,False,True,False,10,10,445.5,0.015209293907531809,0.00019417475728155338,0.015403468664813364,0.00044153011848779584,0.05034929252108773,0.025017716620762454,0.013623903991347552,0.10829503834247589,0.4689955935892812,0.9999646542012389,0.9
medqa_test_00558,llama-3.1-8b-instruct,medqa,C,C,True,True,False,10,10,438.1,0.016290286007173842,0.0,0.016290286007173842,0.000411522633744856,0.030008627041759918,0.009984292776336246,0.005343066875372449,0.1301720291376114,0.7219280948873623,0.9914225372398155,0.8
medqa_test_00152,llama-3.1-8b-instruct,medqa,A,E,False,True,False,10,10,430.4,0.014863630662288773,0.0,0.014863630662288773,0.0014403704465272946,0.09902748140091708,0.05941043710433175,0.03869948770669607,0.09069949388504028,0.0,0.999998446567193,0.8
medqa_test_00707,llama-3.1-8b-instruct,medqa,D,D,True,True,False,10,10,297.5,0.014609009531308415,0.0,0.014609009531308415,0.002322742511390796,0.06800407567766578,0.041268257036193134,0.028452568887472673,0.1139780804514885,0.0,0.9241418199787564,1.0
medqa_test_00077,llama-3.1-8b-instruct,medqa,B,A,False,True,False,10,10,452.0,0.016567203908373976,0.0,0.016567203908373976,0.0007348808453237411,0.0413089505860782,0.014435687463722268,0.007542818282318608,0.10032165050506592,1.9709505944546688,0.9236221054557557,0.8
medqa_test_01192,llama-3.1-8b-instruct,medqa,A,A,True,True,False,10,10,399.2,0.015521788968367898,0.0,0.015521788968367898,0.0,0.03411234310970387,0.019040541264151157,0.011744158249950764,0.10529279708862305,1.0,0.9998204764566324,0.8
medqa_test_00955,llama-3.1-8b-instruct,medqa,D,C,False,True,False,10,10,306.2,0.006142199289652534,0.0,0.006142199289652534,0.0020856700343368823,0.11469854788783244,0.08054039975848845,0.059659995165853005,0.05639815330505371,0.7219280948873623,0.35023739557770295,0.8
medqa_test_00574,llama-3.1-8b-instruct,medqa,C,C,True,True,False,10,10,458.2,0.010310415373558493,0.0,0.010310415373558493,0.0,0.12172125137271199,0.07383324227893985,0.04376859153527426,0.11359307914972305,1.3709505944546687,0.9999967116303708,1.0
medqa_test_01035,llama-3.1-8b-instruct,medqa,B,B,True,True,False,10,10,297.9,0.027448486042147065,0.0,0.027448486042147065,0.0028905416280113946,0.04114034659646547,0.020473836088048637,0.01198667693733484,0.12495473027229309,0.4689955935892812,0.9999977400164648,0.8
medqa_test_00722,llama-3.1-8b-instruct,medqa,E,E,True,True,False,10,10,447.2,0.02206025296019671,0.0,0.02206025296019671,0.0002277904328018223,0.045167678407455336,0.021966676066621227,0.012310646219942201,0.09923006594181061,0.4689955935892812,7.484619258420381e-05,0.8
medqa_test_00564,llama-3.1-8b-instruct,medqa,A,B,False,True,False,10,10,401.7,0.02088177987468757,0.0,0.02088177987468757,0.0008794105367382172,0.040232851811333833,0.01634397363035752,0.006838276028346868,0.08147518336772919,1.4854752972273344,0.9995121843198832,0.8
medqa_test_00452,llama-3.1-8b-instruct,medqa,C,,,True,False,10,9,393.7,0.020313480729850144,0.0,0.020313480729850144,0.0002257336343115124,0.07808311986223002,0.04284833447666074,0.022812668381930034,0.16996721923351288,1.4466166676282082,0.9999850609150991,0.8
medqa_test_00759,llama-3.1-8b-instruct,medqa,D,D,True,True,False,10,9,492.5,0.01386782783198772,0.0,0.01386782783198772,0.0008467662951922438,0.07945353472499203,0.04997562693746817,0.032170988063265585,0.15240898728370667,1.974937501201927,0.9999982399644973,0.8
medqa_test_00165,llama-3.1-8b-instruct,medqa,B,C,False,True,False,10,10,215.9,0.02759166731971404,0.0029130183790990736,0.030504685698813115,0.010383365409616728,0.05790796229477361,0.0276153744493845,0.014685474748585715,0.14075535535812378,0.4689955935892812,0.9999970978035998,0.8
medqa_test_00268,llama-3.1-8b-instruct,medqa,E,E,True,True,False,10,10,403.5,0.016337547896677573,0.0,0.016337547896677573,0.0006668824086392674,0.06908459544802491,0.03249569225966559,0.01861018046393024,0.14010481536388397,0.8812908992306927,0.9993736658418906,0.9
medqa_test_00652,llama-3.1-8b-instruct,medqa,D,C,False,True,False,10,10,395.2,0.02258283265596744,0.0,0.02258283265596744,0.0015696938132838336,0.05008254430922202,0.024468550733605432,0.013265730640948447,0.13752111792564392,0.0,0.9999982396567735,0.8
medqa_test_00133,llama-3.1-8b-instruct,medqa,B,B,True,True,False,10,10,366.0,0.010240203398960111,0.0,0.010240203398960111,0.00021459227467811158,0.06976872135778898,0.04077457601457759,0.026386149249211323,0.11518660932779312,0.0,0.7054751096906611,0.8
medqa_test_00789,llama-3.1-8b-instruct,medqa,C,C,True,True,False,10,10,445.8,0.011056782303206647,0.0,0.011056782303206647,0.0001949317738791423,0.08115741562324577,0.05251043314186767,0.039131320175608816,0.11244367063045502,0.0,1.0,0.8
medqa_test_00341,llama-3.1-8b-instruct,medqa,C,C,True,True,False,10,10,333.6,0.005251090317933472,0.0,0.005251090317933472,0.0006406111066203218,0.1481867362270477,0.07793883827747214,0.038132317858756495,0.09386538714170456,0.0,0.9999967113315612,0.8
medqa_test_00003,llama-3.1-8b-instruct,medqa,D,B,False,True,False,10,8,455.5,0.013797683536110716,0.0,0.013797683536110716,0.0009694543029249508,0.03301348510864649,0.015262444654202779,0.007927139811199902,0.22169625759124756,1.061278124459133,0.2942149783515162,0.8
medqa_test_00045,llama-3.1-8b-instruct,medqa,E,E,True,True,False,10,10,487.6,0.01121308040872813,0.00016155088852988692,0.011374631297258016,0.0010377094520497478,0.05003035694805293,0.02540487925264957,0.012825070206879997,0.16228905320167542,1.0,0.9999785550435755,0.8
medqa_test_01167,llama-3.1-8b-instruct,medqa,B,C,False,True,False,10,10,380.1,0.007913574581143723,0.00019342359767891682,0.00810699817882264,0.002131875074850979,0.06219445807893496,0.032208650666970616,0.019402782735230484,0.12614718079566956,1.295461844238322,1.0,0.9
medqa_test_00849,llama-3.1-8b-instruct,medqa,E,E,True,True,False,10,10,336.0,0.015814518083891206,0.0,0.015814518083891206,0.0019115470022205774,0.07935763351942289,0.03864595891854848,0.024713906222411708,0.09381746500730515,0.4689955935892812,0.9999987901681812,0.9
medqa_test_01105,llama-3.1-8b-instruct,medqa,A,A,True,True,False,10,10,394.1,0.021628543285760148,0.0,0.021628543285760148,0.0,0.031051971035060986,0.013909789418643837,0.008081287885025023,0.08176007866859436,0.0,0.9045200189737232,0.8
medqa_test_00903,llama-3.1-8b-instruct,medqa,B,B,True,True,False,10,10,444.2,0.014181898996303307,0.0,0.014181898996303307,0.003039551116737147,0.16875267321555684,0.11746118830301433,0.0882953599373775,0.08414837718009949,0.0,0.9999957774392246,0.9
medqa_test_00094,llama-3.1-8b-instruct,medqa,C,E,False,True,False,10,10,453.3,0.020373181079730594,0.0,0.020373181079730594,0.000654892240370928,0.06270549790548131,0.038102920638366046,0.026108270381315545,0.13779400289058685,1.0,1.0,0.9
medqa_test_00052,llama-3.1-8b-instruct,medqa,D,A,False,True,False,10,10,522.7,0.009423514324427808,0.00022727272727272727,0.009650787051700534,0.0018216674886994584,0.12000232976996048,0.07221228317165722,0.04529294420053691,0.07549191266298294,1.5709505944546687,0.9996634208654407,0.8
medqa_test_01139,llama-3.1-8b-instruct,medqa,A,E,False,True,False,10,10,419.2,0.013920375957119776,0.0,0.013920375957119776,0.002789700536602243,0.036338997512822255,0.01744381467714956,0.008289073815168923,0.12417303025722504,0.9219280948873623,0.9770226247376173,0.9
medqa_test_01112,llama-3.1-8b-instruct,medqa,C,C,True,True,False,10,10,346.3,0.020382586207424568,0.0,0.020382586207424568,0.0012597674861825805,0.07043593310305134,0.037387205064937715,0.022582197596266684,0.11784212291240692,0.0,0.9988304991944216,0.8
medqa_test_00500,llama-3.1-8b-instruct,medqa,B,E,False,True,False,10,10,370.8,0.02102601694875187,0.0,0.02102601694875187,0.0,0.05448246324720028,0.02872948085643203,0.015556045979196598,0.14260675013065338,0.0,1.0,0.6
medqa_test_00517,llama-3.1-8b-instruct,medqa,B,B,True,True,False,10,10,349.9,0.014790561135394014,0.0,0.014790561135394014,0.0005738621415416995,0.05429471264782877,0.02783981288692964,0.016548614581873622,0.0923537015914917,0.4689955935892812,0.9940889325447342,0.8
medqa_test_01053,llama-3.1-8b-instruct,medqa,B,E,False,True,False,10,10,501.7,0.014699710399329028,0.00021691973969631238,0.014916630139025338,0.0009241446204596018,0.08712752557505588,0.05817012475477833,0.04138227939793297,0.09998810291290283,0.8812908992306927,0.987114553634919,0.8
medqa_test_01005,llama-3.1-8b-instruct,medqa,E,E,True,True,False,10,10,419.2,0.01431795359167937,0.0,0.01431795359167937,0.00015082956259426848,0.03026766696333103,0.012870542971881971,0.005693236231939569,0.12725681066513062,0.4689955935892812,1.0,0.8
medqa_test_00649,llama-3.1-8b-instruct,medqa,B,B,True,True,False,10,10,384.7,0.01360768080129561,0.0,0.01360768080129561,0.000765775425211336,0.03800333628160292,0.016622885703853806,0.006873623546352325,0.17041218280792236,0.7219280948873623,1.0,0.8
medqa_test_00703,llama-3.1-8b-instruct,medqa,E,E,True,True,False,10,10,373.1,0.026076436978494495,0.0,0.026076436978494495,0.0011433599668137383,0.03952877059384703,0.015186681207621,0.004587560758984144,0.12796491384506226,0.0,0.9565665236971496,0.8
medqa_test_00208,llama-3.1-8b-instruct,medqa,B,B,True,True,False,10,10,365.4,0.004132370369092886,0.0,0.004132370369092886,0.00622799998009452,0.1529562788211246,0.10545007434260127,0.07783072971334445,0.07946573942899704,1.6854752972273344,5.144193060985532e-05,0.0
medqa_test_00351,llama-3.1-8b-instruct,medqa,A,A,True,True,False,10,10,473.8,0.019593892195031458,0.0,0.019593892195031458,0.000697667928670431,0.04717966425392608,0.02769118571742022,0.01829038995331833,0.14885911345481873,0.0,0.13495084272574195,0.8
medqa_test_00734,llama-3.1-8b-instruct,medqa,D,C,False,True,False,10,10,467.3,0.01662276593041131,0.0,0.01662276593041131,0.0023228532826686395,0.0857414013620001,0.049299439610964724,0.033092841297642436,0.09689174592494965,0.8812908992306927,1.0,0.8
medqa_test_00215,llama-3.1-8b-instruct,medqa,D,A,False,True,False,10,10,385.3,0.01773346087357939,0.0,0.01773346087357939,0.0012521908176344816,0.03166937926010425,0.012192887214410818,0.005580309680373608,0.12822401523590088,1.295461844238322,0.0,0.8
medqa_test_00619,llama-3.1-8b-instruct,medqa,D,D,True,True,False,10,10,347.9,0.022145980581042578,0.0,0.022145980581042578,0.0005287061675420387,0.0702463399161367,0.03934375162674429,0.024824759089094393,0.1298782378435135,0.0,0.9997388102869288,0.8
medqa_test_00288,llama-3.1-8b-instruct,medqa,B,B,True,True,False,10,10,446.6,0.017936083702286262,0.0,0.017936083702286262,0.002041742027667812,0.09593235288696514,0.05346519861543551,0.030725214614269015,0.11022567749023438,0.8812908992306927,0.9999995549332608,0.8
medqa_test_00278,llama-3.1-8b-instruct,medqa,A,A,True,True,False,10,10,471.8,0.012493080839539393,0.0,0.012493080839539393,0.0004710734831216759,0.0590607225987939,0.03484506314042366,0.023339640384021466,0.09183059632778168,0.4689955935892812,0.0,0.8
medqa_test_00159,llama-3.1-8b-instruct,medqa,C,C,True,True,False,10,8,503.9,0.013573696658228144,0.0002352941176470588,0.013808990775875201,0.00141773756692482,0.0583615364871532,0.030947676190151586,0.0189530866956096,0.11709409207105637,0.5435644431995964,0.9999600353733532,0.8
medqa_test_00566,llama-3.1-8b-instruct,medqa,B,B,True,True,False,10,10,289.5,0.018341690268818094,0.0,0.018341690268818094,0.0011260007067178252,0.12147588089431789,0.07117319962088678,0.047835554324019855,0.1063820868730545,0.0,0.9238484294606009,0.8
medqa_test_00760,llama-3.1-8b-instruct,medqa,C,C,True,True,False,10,10,392.3,0.03186209108496833,0.0,0.03186209108496833,0.0012681615081921484,0.0581569590317174,0.033631398052424155,0.02051191787300085,0.15030312538146973,0.9709505944546686,1.0,0.8
medqa_test_00109,llama-3.1-8b-instruct,medqa,C,E,False,True,False,10,10,513.2,0.020898961080494917,0.00020161290322580645,0.02110057398372072,0.0003677858683926645,0.04237002470387767,0.017344232367735513,0.006690812395058277,0.1524658352136612,1.8464393446710154,0.9999962737818231,0.8
medqa_test_00987,llama-3.1-8b-instruct,medqa,B,B,True,True,False,10,10,366.7,0.01707616457454284,0.00026041666666666666,0.017336581241209507,0.0,0.02812996401702885,0.007903626449234435,0.0032677276498804474,0.12889519333839417,0.0,0.6513550683976773,0.8
medqa_test_01119,llama-3.1-8b-instruct,medqa,D,D,True,True,False,10,10,478.1,0.01913870681915218,0.0,0.01913870681915218,0.002129617751199477,0.05882009514897012,0.026165069989647384,0.01546933505503939,0.07464411854743958,0.0,0.7978853405799402,0.8
medqa_test_01075,llama-3.1-8b-instruct,medqa,E,B,False,True,False,10,10,443.3,0.012602551364125364,0.0,0.012602551364125364,0.0,0.05317702641880663,0.02190119726130262,0.01001203182312257,0.15070828795433044,0.9709505944546686,1.0,0.8
medqa_test_00137,llama-3.1-8b-instruct,medqa,E,D,False,True,False,10,10,393.8,0.01941126021658984,0.0008867655771977167,0.020298025793787554,0.0007301614232391293,0.034624720970376596,0.013834188315694907,0.005471593184053792,0.07567061483860016,1.7219280948873623,0.999995777266499,0.9
medqa_test_00899,llama-3.1-8b-instruct,medqa,C,A,False,True,False,10,10,515.9,0.009952937887269354,0.0,0.009952937887269354,0.0019079129507694448,0.09941139775557975,0.05693068708386488,0.03794636744323713,0.16296212375164032,2.1219280948873624,0.9973683266509041,0.8
medqa_test_00106,llama-3.1-8b-instruct,medqa,C,E,False,True,False,10,10,367.5,0.01607250775601491,0.00023752969121140142,0.016310037447226308,0.0014092095096213631,0.055834371390213376,0.0317449596570298,0.01746921744290373,0.1421220600605011,0.7219280948873623,1.0,0.8
medqa_test_00679,llama-3.1-8b-instruct,medqa,C,B,False,True,False,10,10,407.7,0.011694570666715852,0.0007924756364735212,0.012487046303189375,0.0012543968031345312,0.05268369602858207,0.028405547553365107,0.01615050865401533,0.1257697194814682,1.5709505944546684,0.9999974387805086,0.8
medqa_test_00306,llama-3.1-8b-instruct,medqa,C,C,True,True,False,10,9,484.3,0.012633628656167906,0.0005305039787798408,0.013164132634947747,0.0004338335466577992,0.06543903843775836,0.029363249580026896,0.01568206614328872,0.14910006523132324,1.3921472236645345,0.9999996533771951,0.8
medqa_test_00567,llama-3.1-8b-instruct,medqa,E,A,False,True,False,10,10,426.8,0.015636934657020044,0.0,0.015636934657020044,0.0,0.05925440206939432,0.03220817901279852,0.022725403490615692,0.108082115650177,1.5709505944546684,1.0,0.8
medqa_test_00836,llama-3.1-8b-instruct,medqa,B,B,True,True,False,10,10,217.9,0.01706642766584582,0.0,0.01706642766584582,0.003708875897079117,0.06413133685798253,0.04215374419986586,0.027046988033878262,0.08965934067964554,0.0,0.7055132725627987,1.0
medqa_test_00683,llama-3.1-8b-instruct,medqa,C,C,True,True,False,10,10,372.1,0.017080890577525373,0.0,0.017080890577525373,0.0008093971336414725,0.035414394250533096,0.014175118014508502,0.006477508362669781,0.1177360936999321,0.0,0.9999910611622811,0.8
medqa_test_00008,llama-3.1-8b-instruct,medqa,C,C,True,True,False,10,9,295.3,0.008253891366835022,0.000949070951431669,0.00920296231826669,0.0029091062572007983,0.1494800537475657,0.09676082884674939,0.06758214335755822,0.058175936341285706,0.5032583347756457,0.999981079270892,1.0
medqa_test_01231,llama-3.1-8b-instruct,medqa,A,A,True,True,False,10,10,272.3,0.010463019720457604,0.0,0.010463019720457604,0.01539145073605679,0.13750617613168073,0.08329254016759045,0.049645776648650594,0.05673079937696457,0.4689955935892812,1.0,1.0
medqa_test_00669,llama-3.1-8b-instruct,medqa,B,B,True,True,False,10,10,429.3,0.011063613847155217,0.0,0.011063613847155217,0.0020060492275863063,0.034435937190209466,0.014030444579485712,0.0067413353650289,0.138406902551651,0.4689955935892812,0.9840936395612652,0.8
medqa_test_00826,llama-3.1-8b-instruct,medqa,C,D,False,True,False,10,10,443.1,0.023401521116594545,0.0,0.023401521116594545,0.003333040071275703,0.04266495692310225,0.018244081550283685,0.0062339192083390674,0.17131786048412323,1.295461844238322,1.0,0.8
medqa_test_00626,llama-3.1-8b-instruct,medqa,E,E,True,True,False,10,10,445.0,0.020507424798695998,0.00017953321364452425,0.02068695801234052,0.0016464917992538544,0.044454604013877776,0.01858873920567745,0.010434070748170354,0.1498672366142273,1.3609640474436813,0.9999967115487479,0.8
medqa_test_00309,llama-3.1-8b-instruct,medqa,D,A,False,True,False,10,10,275.3,0.017830264177402612,0.0,0.017830264177402612,0.010270601876810035,0.07323367291160451,0.037812659575634545,0.022737088672799312,0.1504301130771637,0.9709505944546686,0.9820138077969391,1.0
medqa_test_00720,llama-3.1-8b-instruct,medqa,B,A,False,True,False,10,10,535.0,0.019031354846616867,0.0,0.019031354846616867,0.0012408730904234005,0.08380601762168245,0.04782050880448602,0.03182674736061086,0.14785797894001007,1.8464393446710154,0.9998204907600597,0.8
medqa_test_00556,llama-3.1-8b-instruct,medqa,A,A,True,True,False,10,9,391.3,0.009013956054737893,0.0,0.009013956054737893,0.0005402178344691012,0.05276350060973885,0.02684108098108028,0.01413609308531789,0.11124776303768158,0.0,0.029312230751356316,0.8
medqa_test_00853,llama-3.1-8b-instruct,medqa,D,D,True,True,False,10,10,430.6,0.01656952787795186,0.0,0.01656952787795186,0.0007412194932453963,0.02384768936268856,0.007600682541158232,0.003091110129702879,0.13203558325767517,0.0,0.9999898700081647,0.8
medqa_test_00448,llama-3.1-8b-instruct,medqa,E,C,False,True,False,10,10,398.7,0.012930423587314072,0.0,0.012930423587314072,0.0016250545320312761,0.0510847946070226,0.02294634211196771,0.009283067568522785,0.10132104158401489,1.0,1.0,0.8
medqa_test_01003,llama-3.1-8b-instruct,medqa,E,C,False,True,False,10,10,437.2,0.015731458208012826,0.0,0.015731458208012826,0.0005004435891989154,0.03187948485183263,0.01657557182891457,0.011333341224267901,0.10045335441827774,1.1567796494470395,1.0,0.8
medqa_test_00291,llama-3.1-8b-instruct,medqa,A,A,True,True,False,10,10,337.4,0.019859217091648545,0.0,0.019859217091648545,0.0007054848966613673,0.045980159859244654,0.023841772815095596,0.010736761819227326,0.10196354985237122,0.0,0.9858947003281917,0.8
medqa_test_00378,llama-3.1-8b-instruct,medqa,A,D,False,True,False,10,10,432.2,0.025113306232029276,0.0,0.025113306232029276,0.001092480132066234,0.07393289943742139,0.03735034682583401,0.022062868318014094,0.09621785581111908,1.8464393446710154,0.9108335441266584,0.8
medqa_test_00250,llama-3.1-8b-instruct,medqa,A,D,False,True,False,10,10,392.9,0.02084753695472827,0.0,0.02084753695472827,0.00020040080160320639,0.036565860400740814,0.015249106676532731,0.006862509785760596,0.13076750934123993,0.0,1.0,0.8
medqa_test_00900,llama-3.1-8b-instruct,medqa,C,C,True,True,False,10,10,453.7,0.012489172760041413,0.0001869158878504673,0.012676088647891881,0.001108746628883732,0.05437002054575322,0.023387832006967712,0.01050766875847432,0.09283538162708282,0.0,0.9999930378178165,0.8
medqa_test_01024,llama-3.1-8b-instruct,medqa,C,C,True,True,False,10,10,318.2,0.006080659256951561,0.0,0.006080659256951561,0.0017942321267627828,0.0821563757766204,0.049057346832415485,0.03441547508382403,0.1505666822195053,0.0,0.9991959139207046,1.0
medqa_test_00902,llama-3.1-8b-instruct,medqa,C,B,False,True,False,10,10,396.7,0.014119077158115754,0.0,0.014119077158115754,0.0011670201747369102,0.10097057535299214,0.06521889604855832,0.04296876745239904,0.11306238174438477,1.1567796494470395,0.9999967118440044,0.8
medqa_test_00357,llama-3.1-8b-instruct,medqa,E,E,True,True,False,10,10,422.3,0.016398730935745755,0.0,0.016398730935745755,0.0,0.10162212272744764,0.06313128790108757,0.04066954823155196,0.09648014605045319,0.4689955935892812,0.0,0.8
medqa_test_01186,llama-3.1-8b-instruct,medqa,C,C,True,True,False,10,10,488.3,0.01586521211967677,0.0,0.01586521211967677,0.0013254022863753493,0.033727851672673684,0.012783577019440084,0.006255234544519306,0.1068602055311203,0.4689955935892812,1.0,0.8
medqa_test_00966,llama-3.1-8b-instruct,medqa,C,E,False,True,False,10,10,462.6,0.013517848041917847,0.0,0.013517848041917847,0.0002,0.0648540929671651,0.03308811116337033,0.016209397552844385,0.11537286639213562,0.0,0.9999992662446853,1.0
medqa_test_00518,llama-3.1-8b-instruct,medqa,C,B,False,True,False,10,9,567.2,0.011858813342974183,0.0,0.011858813342974183,0.0,0.022414125496264103,0.00796410947003906,0.00380935026192738,0.10079474747180939,0.5032583347756457,0.8519528019683105,0.8
medqa_test_00218,llama-3.1-8b-instruct,medqa,E,E,True,True,False,10,10,372.4,0.003027210770681172,0.0,0.003027210770681172,0.002018298670524649,0.12116750769063556,0.07697906550557512,0.05357807357097501,0.12646013498306274,0.0,0.9817137161090989,0.8
medqa_test_00550,llama-3.1-8b-instruct,medqa,A,B,False,True,False,10,10,407.8,0.025818301777249725,0.0,0.025818301777249725,0.0010367369377121277,0.045752647064604655,0.021097372978768247,0.01185783475905482,0.07326248288154602,0.4689955935892812,0.9968273363712277,0.8
medqa_test_00075,llama-3.1-8b-instruct,medqa,A,E,False,True,False,10,10,320.3,0.018131613520314612,0.0,0.018131613520314612,0.00034965034965034965,0.055096957914699915,0.0294232540884928,0.014298855504577735,0.1460433006286621,1.3709505944546687,0.9524769094247492,0.9
medqa_test_00102,llama-3.1-8b-instruct,medqa,A,A,True,True,False,10,10,317.2,0.010804396237525118,0.0,0.010804396237525118,0.0016468402483339327,0.04753192825400342,0.019507095624317784,0.008209270564218819,0.07945354282855988,0.0,0.9795478899303123,0.8
medqa_test_00576,llama-3.1-8b-instruct,medqa,E,A,False,True,False,10,10,525.9,0.022589439562386352,0.0,0.022589439562386352,0.0008454106525319896,0.08642873585556196,0.054509577705922886,0.03981278855186967,0.11706934124231339,1.895461844238322,0.946263286273802,0.8
medqa_test_00636,llama-3.1-8b-instruct,medqa,A,E,False,True,False,10,10,457.6,0.014074688269303632,0.0,0.014074688269303632,0.00019417475728155338,0.03208558607166893,0.01159460976842248,0.003956892189187789,0.09546638280153275,0.4689955935892812,1.0,1.0
medqa_test_01191,llama-3.1-8b-instruct,medqa,C,C,True,True,False,10,10,405.7,0.01660462312479945,0.0,0.01660462312479945,0.0018992072377665044,0.0908690944883076,0.04925645473798612,0.031063605988310317,0.10552957653999329,0.7219280948873623,1.0,0.8
medqa_test_00009,llama-3.1-8b-instruct,medqa,A,C,False,True,False,10,9,414.3,0.022795920269205745,0.0,0.022795920269205745,0.0002398081534772182,0.06549058854919847,0.03123506366061877,0.015693000853574966,0.12907305359840393,1.6577427265048887,1.0,0.8
medqa_test_00074,llama-3.1-8b-instruct,medqa,C,C,True,True,False,10,10,539.8,0.024911572188923717,0.0,0.024911572188923717,0.001453838390822942,0.05479644761218046,0.027456378755287746,0.014256150045174554,0.11943508684635162,1.7609640474436812,0.9999996941087577,0.8
medqa_test_00769,llama-3.1-8b-instruct,medqa,C,B,False,True,False,10,10,428.0,0.015058291791769318,0.0,0.015058291791769318,0.0006854874089672721,0.06528693851489889,0.033104327156222156,0.0179303496773772,0.07716673612594604,0.9709505944546686,0.9999994956569116,0.8
medqa_test_00951,llama-3.1-8b-instruct,medqa,C,E,False,True,False,10,10,461.7,0.022363574233640503,0.0,0.022363574233640503,0.0006500077127893536,0.04123532473308381,0.0177221560930771,0.009445533569722608,0.08387704193592072,1.4854752972273344,0.9986749780340523,0.8
medqa_test_00974,llama-3.1-8b-instruct,medqa,E,E,True,True,False,10,10,223.8,0.007224926428602887,0.0,0.007224926428602887,0.00749669490863456,0.05735992771215883,0.02940878300126649,0.01848574129113758,0.10603038221597672,0.0,0.09734712010861536,0.8
medqa_test_01085,llama-3.1-8b-instruct,medqa,A,A,True,True,False,10,10,454.4,0.006330502765751147,0.0,0.006330502765751147,0.0021223350990092556,0.10590280073998555,0.06784864416679089,0.04671267162151758,0.08076126128435135,0.0,0.9992864564342695,0.8
medqa_test_00307,llama-3.1-8b-instruct,medqa,C,D,False,True,False,10,10,327.4,0.0181871078057059,0.0,0.0181871078057059,0.00434236814819606,0.06610871422023458,0.036719241159725656,0.019714668889337438,0.1326381415128708,0.0,0.9999969147073038,0.0
medqa_test_00660,llama-3.1-8b-instruct,medqa,A,A,True,True,False,10,10,468.5,0.0326695364759091,0.0,0.0326695364759091,0.0012851550608398107,0.03414473386953756,0.013669915286560664,0.007779250417524064,0.08430874347686768,0.4689955935892812,0.9043446308197819,0.8
medqa_test_00687,llama-3.1-8b-instruct,medqa,B,A,False,True,False,10,10,433.0,0.02714471704844098,0.0,0.02714471704844098,0.0002173913043478261,0.05758982454431312,0.0273121830025266,0.013318485399431135,0.09138597548007965,0.8812908992306927,0.9971991091963774,0.8
medqa_test_00134,llama-3.1-8b-instruct,medqa,A,A,True,True,False,10,10,390.6,0.00708818137312771,0.0,0.00708818137312771,0.004883833419626543,0.07361848492628492,0.04092592579334657,0.02537254072076135,0.08488261699676514,0.8812908992306927,0.9999999992876849,0.8
medqa_test_00405,llama-3.1-8b-instruct,medqa,A,A,True,True,False,10,9,350.7,0.004591186676367728,0.00243461021137953,0.007025796887747257,0.0047173261074312045,0.0707901195994562,0.04298842303316793,0.025480412628714245,0.0875215008854866,1.224394445405986,1.0,0.8
medqa_test_00271,llama-3.1-8b-instruct,medqa,B,D,False,True,False,10,10,404.2,0.012423827057748804,0.0,0.012423827057748804,0.005063540114640299,0.10982549786985715,0.07144395464921136,0.048458369372988065,0.10514833778142929,1.5709505944546684,1.0,0.8
medqa_test_00244,llama-3.1-8b-instruct,medqa,E,B,False,True,False,10,10,343.2,0.012198544685081901,0.0,0.012198544685081901,0.0014326182739088813,0.06859383380175199,0.036199513179670205,0.021852532168271578,0.08308302611112595,1.0,0.9999785632075793,0.8
medqa_test_01012,llama-3.1-8b-instruct,medqa,A,A,True,True,False,10,10,355.3,0.006484158501285614,0.0,0.006484158501285614,0.002718405925802271,0.1609848265052535,0.10544248295633862,0.06847399595579222,0.0924699679017067,0.0,0.00013135180244712018,0.8
medqa_test_00733,llama-3.1-8b-instruct,medqa,C,C,True,True,False,10,10,340.4,0.015654628466627418,0.0,0.015654628466627418,0.0013237965278478892,0.046438019357146254,0.0200408656469931,0.009248907944583806,0.11038626730442047,0.0,0.7309647435355917,0.8
medqa_test_00685,llama-3.1-8b-instruct,medqa,D,D,True,True,False,10,10,298.8,0.009432397107492201,0.0,0.009432397107492201,0.001064298103771788,0.1446357080950978,0.08955853504061405,0.05543598001601111,0.13422788679599762,0.9219280948873623,0.9999485577803173,0.8
medqa_test_01237,llama-3.1-8b-instruct,medqa,A,E,False,True,False,10,10,512.9,0.018135850994714955,0.0001447178002894356,0.018280568795004393,0.002151514083608472,0.0296673176275118,0.010543989280647125,0.0038567668531392816,0.10116655379533768,1.7609640474436812,0.9999945798698477,0.8
medqa_test_00267,llama-3.1-8b-instruct,medqa,E,C,False,True,False,10,8,422.0,0.009309430181073075,0.0,0.009309430181073075,0.018467083380133673,0.16519796883967172,0.10324799012918677,0.06698307970888108,0.11219717562198639,2.0,0.9999999123574752,1.0
medqa_test_00957,llama-3.1-8b-instruct,medqa,B,B,True,True,False,10,10,338.3,0.01217646736208947,0.0,0.01217646736208947,0.006299018448613856,0.09111242045513548,0.056229292554954236,0.04002969840891525,0.1259004920721054,0.0,0.0,1.0
medqa_test_01143,llama-3.1-8b-instruct,medqa,C,C,True,True,False,10,10,446.5,0.017008622447574236,0.0,0.017008622447574236,0.003834489498954137,0.08594162208210207,0.050830918820451355,0.034137040610436965,0.07630264759063721,0.4689955935892812,0.999991060306245,0.8
medqa_test_00535,llama-3.1-8b-instruct,medqa,D,D,True,True,False,10,10,394.0,0.01358100426257891,0.0010788745278692117,0.014659878790448121,0.004611583225075687,0.10566132614293933,0.05865404524477914,0.035123479287677395,0.0777454674243927,0.0,1.0,0.8
medqa_test_00578,llama-3.1-8b-instruct,medqa,B,B,True,True,False,10,10,484.5,0.014194791915979693,0.000145985401459854,0.014340777317439546,0.00045001607200257157,0.08253670519493986,0.04650052930475042,0.029275637335397852,0.07606241106987,0.0,0.9999997897577857,0.8
medqa_test_00597,llama-3.1-8b-instruct,medqa,C,C,True,True,False,10,10,349.0,0.025238789316947292,0.0,0.025238789316947292,0.0002617801047120419,0.11406370553264471,0.06368833012593236,0.03865894683277761,0.09349170327186584,0.8812908992306927,0.9964070228895753,0.8
medqa_test_00673,llama-3.1-8b-instruct,medqa,E,A,False,True,False,10,7,570.8,0.014862016241903581,0.000411868170350267,0.015273884412253849,0.001505666356931903,0.05497357791517993,0.023490678655202067,0.012878385302207574,0.15856218338012695,1.3787834934861753,0.9987861523596501,0.8
medqa_test_01205,llama-3.1-8b-instruct,medqa,E,E,True,True,False,10,10,415.7,0.017130985241650094,0.0,0.017130985241650094,0.002755985028871929,0.0519613207326165,0.028897515049138123,0.019597076774755483,0.09622740000486374,0.0,0.91451519289914,0.8
medqa_test_00083,llama-3.1-8b-instruct,medqa,B,B,True,True,False,10,10,419.3,0.018827072297264647,0.0,0.018827072297264647,0.0,0.060157011128745094,0.03280642028541991,0.02037064511178831,0.14755146205425262,0.4689955935892812,0.0026316735055430572,0.8
medqa_test_00634,llama-3.1-8b-instruct,medqa,A,E,False,True,False,10,10,530.4,0.01934315011679941,0.00018552875695732838,0.019528678873756738,0.002894741177284661,0.0487820818479147,0.020178154840953377,0.010301872550575797,0.11602755635976791,0.9709505944546686,0.999891103044543,0.8
medqa_test_00040,llama-3.1-8b-instruct,medqa,D,D,True,True,False,10,10,518.1,0.01147213281430733,0.0,0.01147213281430733,0.0021277789118443486,0.049226457114642894,0.018314119623186853,0.009035294375506731,0.0766831561923027,0.0,0.9999852618736532,0.9
medqa_test_00608,llama-3.1-8b-instruct,medqa,D,D,True,True,False,10,9,376.4,0.015546813393132113,0.0,0.015546813393132113,0.004053298698620385,0.050574108194930634,0.02408180188430461,0.013179761484396013,0.18466489017009735,0.0,1.0,0.9
medqa_test_01216,llama-3.1-8b-instruct,medqa,A,E,False,True,False,10,10,443.2,0.021493561349195493,0.0,0.021493561349195493,0.0008091683846940505,0.03217315675952135,0.015530008883074164,0.011076715926449265,0.11544420570135117,0.0,0.0012448433391414138,0.9
medqa_test_00252,llama-3.1-8b-instruct,medqa,A,A,True,True,False,10,9,422.1,0.015333129820755626,0.0004902923308521209,0.01582342215160774,0.0008459295307360164,0.05475760242085812,0.020674087819257402,0.00937670700532518,0.12794847786426544,1.4355205042826666,0.9999885214146801,0.8
medqa_test_00583,llama-3.1-8b-instruct,medqa,E,D,False,True,False,10,10,476.2,0.02191272584997324,0.0,0.02191272584997324,0.0006198820484534771,0.07396009010985177,0.043664274403190186,0.02737679114104217,0.1329502910375595,2.1219280948873624,0.9999785551548755,0.8
medqa_test_00911,llama-3.1-8b-instruct,medqa,D,,,False,True,9,9,682.0,0.023235945201609053,0.00012251899044351877,0.02335846419205257,0.0003676470588235294,0.11387975880156345,0.09587892953851494,0.08896617913205791,0.12892498075962067,0.9910760598382222,0.679178699175393,1.0
medqa_test_00964,llama-3.1-8b-instruct,medqa,D,C,False,True,False,10,10,522.0,0.016539119835009882,0.0,0.016539119835009882,0.00023866348448687351,0.08997416284907525,0.05463516902184863,0.03515438360335532,0.09326981753110886,1.8464393446710154,0.9999995549213483,0.8
medqa_test_00122,llama-3.1-8b-instruct,medqa,E,E,True,True,False,10,10,417.8,0.017145943003784667,0.0,0.017145943003784667,0.0014704209102462799,0.040000838496708865,0.019589702896923578,0.009732870249220139,0.09538726508617401,0.0,0.9999910603051215,0.8
medqa_test_00413,llama-3.1-8b-instruct,medqa,B,A,False,True,False,10,10,418.4,0.0088913769415007,0.00023923444976076553,0.009130611391261466,0.0020179522649777723,0.06742814998061888,0.03646084647702834,0.021179588343264853,0.13593630492687225,0.9219280948873623,0.0,0.8
medqa_test_00240,llama-3.1-8b-instruct,medqa,E,E,True,True,False,10,10,368.1,0.019418823139571807,0.0,0.019418823139571807,0.0010916252039038887,0.08776034140585033,0.04808193695394687,0.027318940948044778,0.13302373886108398,0.9709505944546686,0.9964070393993508,0.9
medqa_test_01067,llama-3.1-8b-instruct,medqa,C,C,True,True,False,10,10,328.0,0.018616836127141084,0.0,0.018616836127141084,0.0010383892864963295,0.07844590785822965,0.042900707721731726,0.026434764982362902,0.11109138280153275,0.0,1.0,0.8
medqa_test_00691,llama-3.1-8b-instruct,medqa,C,B,False,True,False,10,10,370.0,0.008552572942453877,0.0,0.008552572942453877,0.007432944814065381,0.03984133722047173,0.018216883029487995,0.00896653327731467,0.08630707114934921,0.9709505944546686,0.9890130849858669,0.8
medqa_test_00069,llama-3.1-8b-instruct,medqa,A,A,True,True,False,10,9,449.0,0.015249626544121032,0.0,0.015249626544121032,0.0011467175769504581,0.034141156541759456,0.01622571897915177,0.007303599527781923,0.12567460536956787,1.974937501201927,0.9706441794116649,0.8
medqa_test_00609,llama-3.1-8b-instruct,medqa,E,E,True,True,False,10,10,351.0,0.014306719759911105,0.0,0.014306719759911105,0.000411522633744856,0.05466569984712453,0.025388236082849534,0.015301591180532837,0.08773573487997055,0.0,0.9796676514063882,0.9
medqa_test_00070,llama-3.1-8b-instruct,medqa,A,A,True,True,False,10,9,406.0,0.018681444232712417,0.0,0.018681444232712417,0.000390625,0.046139010217364496,0.024509352308700605,0.014905549312925504,0.11782897263765335,0.0,0.9698248637673951,0.8
medqa_test_00190,llama-3.1-8b-instruct,medqa,A,A,True,True,False,10,10,395.0,0.011578117684005861,0.0,0.011578117684005861,0.00029239766081871346,0.05925003670839365,0.026918839572625607,0.013718805151469704,0.07270629703998566,0.0,1.0,0.8
medqa_test_00871,llama-3.1-8b-instruct,medqa,B,B,True,True,False,10,10,451.5,0.016645329618396137,0.0,0.016645329618396137,0.0003696857670979667,0.061771760330555356,0.032386248769626425,0.018996117124373824,0.1022249236702919,0.0,0.0,0.8
medqa_test_00082,llama-3.1-8b-instruct,medqa,C,C,True,True,False,10,10,429.7,0.02154338785815746,0.0,0.02154338785815746,0.001456745897137635,0.09338791828824188,0.0498494907373289,0.025707720296740965,0.09202460199594498,0.0,0.6218702387035585,0.8
