question_id,model,dataset,kind,gold_answer,greedy_prediction,greedy_choice,correct,in_all_clean,greedy_truncated,n_samples_clean,n_samples_with_prediction,n_samples_with_letter,trace_length,hedging_formal,hedging_reasoning,hedging_combined,connector_density,rep_3,rep_4,rep_5,trace_divergence,answer_semantic_entropy,p_true,verbalized_confidence
trivia_qa_validation_01109,qwq-32b,trivia_qa,free_answer,Canada,Canada,,True,True,False,10,10,10,453.9,0.031050459501693016,0.006040040032777326,0.03709049953447035,0.012339071220402719,0.03840907925031698,0.013520590776640095,0.0059527199122551555,0.07091299444437027,-1.4428232973175175e-12,0.9999921107382005,1.0
trivia_qa_validation_01470,qwq-32b,trivia_qa,free_answer,Gerald Ford,Gerald Ford,,True,True,False,10,10,10,476.6,0.03332738834269559,0.010578677430318139,0.043505264169807316,0.014959703766668641,0.06907705166914484,0.02877257125701128,0.013221973313760137,0.05452187731862068,-1.4428232973175175e-12,0.9984988156221327,1.0
trivia_qa_validation_03794,qwq-32b,trivia_qa,free_answer,Reducing,reduction,,True,True,False,10,10,10,362.2,0.042128771109326106,0.011816902258638273,0.05253665178402199,0.015608895520092378,0.03295073492365308,0.013527226910083946,0.006927709899567281,0.034874506294727325,-1.4428232973175175e-12,0.9999980052699393,1.0
trivia_qa_validation_17430,qwq-32b,trivia_qa,free_answer,Montreal,Montreal,,True,True,False,10,10,10,430.2,0.0365589677215073,0.006555958392734476,0.04258582558514124,0.011016543724669616,0.03332710802167584,0.01296181001262441,0.0031696552073710695,0.03953194245696068,-1.4428232973175175e-12,0.9999724643012114,1.0
trivia_qa_validation_04391,qwq-32b,trivia_qa,free_answer,1822,"Alternatively, perhaps the correct answer",,False,False,True,0,10,10,6122.1,0.03578484621586175,0.024173551074973664,0.05685452442832809,0.010342042794311916,0.31782312589152417,0.1912462156045696,0.11712871542528794,0.04097294807434082,3.3219280948729355,0.0003799837394577924,0.5
trivia_qa_validation_02655,qwq-32b,trivia_qa,free_answer,BOUVIER,Bouvier,,True,True,False,10,10,10,509.1,0.031040210752590242,0.015067405022745872,0.04379599471506138,0.01904491447598323,0.06265604534857111,0.021744275627923016,0.0065129235791200005,0.0510793998837471,-1.4428232973175175e-12,0.9999832985856699,1.0
trivia_qa_validation_00167,qwq-32b,trivia_qa,free_answer,8%,2%,,False,True,False,10,10,10,1209.9,0.052945237401819376,0.012826414694231836,0.06489039194045594,0.01479641095925629,0.10022195643456641,0.03961616209646325,0.014409447029864342,0.02741251327097416,-1.4428232973175175e-12,0.7772990266469837,0.9
trivia_qa_validation_13407,qwq-32b,trivia_qa,free_answer,Gerald Scarfe,Peter Duffell,,False,True,False,10,10,10,1488.0,0.04193706128951812,0.030583309251500358,0.06950487094853423,0.01184209784745964,0.1471134358447453,0.0762478769660426,0.04001883750986546,0.1754208207130432,3.1219280948743777,0.9914225012691703,0.95
trivia_qa_validation_07784,qwq-32b,trivia_qa,free_answer,ARBROATH,Arbroath,,True,True,False,10,10,10,721.3,0.048757767905923524,0.015065016154588565,0.061726651485397466,0.010854341952532511,0.06971156446635092,0.026551720908561217,0.010430756559476872,0.05628574267029762,-1.4428232973175175e-12,0.9997388091869727,0.9
trivia_qa_validation_02331,qwq-32b,trivia_qa,free_answer,COMET,de Havilland Comet,,False,True,False,10,10,10,465.3,0.02958576865941523,0.007112892425049956,0.036520725141404684,0.014105411272970636,0.07819095062900164,0.03481708039574151,0.01758685145389525,0.036579396575689316,-1.4428232973175175e-12,0.9996200156199605,0.95
trivia_qa_validation_12374,qwq-32b,trivia_qa,free_answer,New Year,Vietnamese New Year,,False,True,False,10,10,10,421.0,0.026173932323713917,0.003165513987693409,0.028643100725355856,0.019294557345055856,0.09363539724335924,0.0465809923224462,0.026051538435284495,0.05735979229211807,1.3567796494412687,0.9999921107345892,1.0
trivia_qa_validation_04621,qwq-32b,trivia_qa,free_answer,Types of grass,"Marram is a coastal dune grass, fescue refers to a genus of hardy grasses, and rye typically denotes either a cereal grain or ryegrass, depending on context.",,False,True,False,10,10,10,1157.3,0.03407753982247091,0.007362007061439956,0.04089592873224599,0.011325448623453142,0.07750044362970143,0.03131176405936616,0.011652487419909496,0.03883594274520874,2.046439344663802,0.9999546021480311,0.95
trivia_qa_validation_08546,qwq-32b,trivia_qa,free_answer,Sarah Keays,Sara Keays,,False,True,False,10,10,10,681.8,0.03362653540934239,0.01543009944019633,0.048014509263233016,0.00793245114840555,0.08885550949579579,0.044461321615113,0.026030080315133396,0.1543743908405304,1.770950594447455,0.9990889492152465,0.9
trivia_qa_validation_14149,qwq-32b,trivia_qa,free_answer,Thomas Cranmer,Thomas Cranmer,,True,True,False,10,10,10,542.0,0.018263373703233804,0.0036567092008847808,0.021920082904118583,0.011656421205838466,0.05646227381256942,0.027423226249021472,0.012620249100443192,0.04013708606362343,-1.4428232973175175e-12,0.9999546021449415,1.0
trivia_qa_validation_13242,qwq-32b,trivia_qa,free_answer,The Garrick Club,Dramatic Association of Great Britain,,False,True,False,10,10,10,2564.4,0.04662743840338264,0.03635186728436446,0.07841143744723367,0.003653713642956794,0.22879902613404823,0.12972167234267454,0.07570438002283206,0.09300394356250763,2.5219280948772633,0.9992903228080763,0.9
trivia_qa_validation_16107,qwq-32b,trivia_qa,free_answer,ALBERT FINNEY,Oliver Reed,,False,True,False,10,10,10,714.2,0.05089517437564499,0.020407604841000966,0.06643650459292283,0.006018258435104633,0.06476306679096042,0.023338892473385598,0.00993738272300414,0.1792551875114441,1.5219280948830343,0.00013982187192056558,0.85
trivia_qa_validation_15389,qwq-32b,trivia_qa,free_answer,Avignon,"Hmm, I think I",,False,False,True,10,10,10,2115.1,0.04588492224512902,0.031859061112980896,0.07383794164913154,0.006790164042414707,0.26953575668408936,0.16256558587205977,0.10075980322230568,0.05962780863046646,1.8464393446652447,0.005220080025284631,0.7
trivia_qa_validation_04524,qwq-32b,trivia_qa,free_answer,Bread,"Focaccia is an Italian yeast bread typically characterized by a soft interior, crispy crust, and toppings like olive oil, rosemary, tomatoes, or olives. In an Italian restaurant, you would expect it served as a bread, side dish, or appetizer, reflecting traditional preparations from regions like Liguria.",,False,True,False,10,10,10,750.3,0.06770104187815149,0.006801045486994864,0.07354398232117115,0.008605325893245157,0.06147063016173717,0.027231259453356204,0.013915786806392948,0.03357652202248573,3.1219280948743777,0.9998204720556226,0.95
trivia_qa_validation_07587,qwq-32b,trivia_qa,free_answer,'TINTIN',Tintin,,True,True,False,10,10,10,351.8,0.03903472764547857,0.008806074939915101,0.04738443524862677,0.01137520693841831,0.03963649359166492,0.015500736766952305,0.0039603903457034574,0.06822843849658966,-1.4428232973175175e-12,0.9999599363109475,1.0
trivia_qa_validation_17249,qwq-32b,trivia_qa,free_answer,Madonna,Madonna,,True,True,False,10,10,10,519.2,0.052692376882228165,0.007937362692466646,0.060477763890804226,0.013302802679686938,0.0473150536043339,0.015438907026691784,0.005637038399963179,0.03998557850718498,-1.4428232973175175e-12,0.9999938558257276,1.0
trivia_qa_validation_03990,qwq-32b,trivia_qa,free_answer,Imola,Imola,,True,True,False,10,10,10,660.8,0.030427997146304953,0.00800122633389505,0.038080814928185755,0.015177357601566608,0.11691323949865126,0.06562686931643906,0.0370929096375899,0.052295900881290436,0.9219280948830342,0.999972464312539,1.0
trivia_qa_validation_07948,qwq-32b,trivia_qa,free_answer,CANADA (1988),South Korea,,False,False,False,7,10,10,5309.8,0.027156440059021625,0.021886802069332512,0.04791329534998617,0.01768933465931971,0.2791243238323783,0.1757034758821651,0.11176202397000841,0.04046539589762688,1.3567796494412687,0.0015011754913883768,0.8
trivia_qa_validation_03732,qwq-32b,trivia_qa,free_answer,Banshee,banshee,,True,True,False,10,10,10,556.7,0.043386364645515374,0.008542211191752146,0.05052965385918673,0.00943873310486864,0.039229702443293636,0.01337730558601522,0.005354492536777933,0.05098538473248482,-1.4428232973175175e-12,0.9999038975746553,1.0
trivia_qa_validation_11906,qwq-32b,trivia_qa,free_answer,JULES RIMET,Jules Rimet,,True,True,False,10,10,10,437.9,0.025669256145897178,0.005078041772958746,0.030540258581381808,0.01184051151299886,0.059228027004938545,0.024915443559879003,0.012770243370661549,0.03125309571623802,-1.4428232973175175e-12,0.9999832985770376,1.0
trivia_qa_validation_17663,qwq-32b,trivia_qa,free_answer,3,3,,True,True,False,10,10,10,742.5,0.023292346887436626,0.008515902942512674,0.03126171783153966,0.014989726425913858,0.11014030281260853,0.04715706094225972,0.019425561529475877,0.022097861394286156,-1.4428232973175175e-12,0.9959298440268887,0.95
trivia_qa_validation_14175,qwq-32b,trivia_qa,free_answer,ATHLETICS,Athletics (track and field),,False,True,False,10,10,10,605.7,0.03719597600542745,0.007621708326190024,0.04426218106138809,0.011693490638483243,0.049021120011900524,0.014395153503336745,0.005675262593750429,0.04907139763236046,1.2954618442339938,0.9999910603047688,0.95
trivia_qa_validation_11569,qwq-32b,trivia_qa,free_answer,John Rebus,John Rebus,,True,True,False,10,10,10,1820.8,0.03561627676254008,0.028451294608266474,0.060452523690174086,0.006159600524417998,0.13513167811916613,0.07184570365479567,0.042107648960139354,0.13972444832324982,0.9219280948830342,0.9996646496811893,0.95
trivia_qa_validation_11279,qwq-32b,trivia_qa,free_answer,Barack Obama,Barack Obama,,True,True,False,10,10,10,414.4,0.02850297745292163,0.003953358856409851,0.03245633630933148,0.014522420587204207,0.021272615051324606,0.005395850485839637,0.00211524803806683,0.04726842790842056,-1.4428232973175175e-12,0.999903897559882,1.0
trivia_qa_validation_07694,qwq-32b,trivia_qa,free_answer,ARGENTINA,Argentina,,True,True,False,10,10,10,687.4,0.030194613846983652,0.010229673845703544,0.039503656966704985,0.014828814376655269,0.07307732890334326,0.02864873791380549,0.011372721891980886,0.059114836156368256,-1.4428232973175175e-12,0.9990889488972667,1.0
trivia_qa_validation_10119,qwq-32b,trivia_qa,free_answer,Mao Zedong,Mao Zedong,,True,True,False,10,10,10,473.7,0.026555330381218878,0.0037490966655193093,0.03030442704673819,0.008658908028282699,0.068560638887885,0.0341435409418611,0.01691990175885989,0.02962367981672287,-1.4428232973175175e-12,0.9999810748506476,0.95
trivia_qa_validation_13020,qwq-32b,trivia_qa,free_answer,Cricket,Cricket,,True,True,False,10,10,10,451.3,0.0358065408676852,0.004616684068426078,0.03948372469672286,0.007598125891870623,0.018073536573919857,0.006286967250675413,0.0017441836886350926,0.06844301521778107,-1.4428232973175175e-12,0.9999485577708482,1.0
trivia_qa_validation_07528,qwq-32b,trivia_qa,free_answer,Dr. (James) Parkinson,Parkinson,,False,True,False,10,10,10,331.3,0.027730965970093984,0.007624064477191069,0.03535503044728505,0.01306812193099583,0.04227955065823382,0.020787767419485625,0.010986672067014813,0.02475530095398426,-1.4428232973175175e-12,0.9999724643044078,1.0
trivia_qa_validation_06018,qwq-32b,trivia_qa,free_answer,DRAGON,Dragon,,True,True,False,10,10,10,309.8,0.03134642015945037,0.008155257967147075,0.03918917812659744,0.01301416699305459,0.06926328776046875,0.040253740073407096,0.02692453320490057,0.03247353062033653,-1.4428232973175175e-12,0.9999724643157673,1.0
trivia_qa_validation_09962,qwq-32b,trivia_qa,free_answer,Richard Marx,The Outfield,,False,True,False,10,10,10,2202.1,0.05135223107218019,0.04565823615307427,0.09125065250122422,0.003339167951867333,0.21906930024839713,0.12918482902788514,0.07556989155501191,0.18899692595005035,2.246439344663802,0.00020342678296293503,0.7
trivia_qa_validation_14924,qwq-32b,trivia_qa,free_answer,KNUTSFORD,Knutsford,,True,True,False,10,10,10,519.2,0.03927631996420526,0.009729029878448899,0.0482522720887133,0.005843420211524033,0.009537034532142242,0.0007026727686874401,0.0,0.05777759104967117,-1.4428232973175175e-12,0.9997965730696939,1.0
trivia_qa_validation_07120,qwq-32b,trivia_qa,free_answer,54,54,,True,True,False,10,10,10,568.6,0.02535647128502559,0.010213221988490184,0.035077184536864106,0.02363107767533095,0.08869186660283362,0.0430728332783196,0.022122371141956854,0.03353279083967209,-1.4428232973175175e-12,0.9984988176458353,1.0
trivia_qa_validation_02562,qwq-32b,trivia_qa,free_answer,AMERICAN CIVIL WAR,American Civil War,,True,True,False,10,10,10,611.5,0.03743510142613432,0.0063821519608447536,0.043360133067769174,0.009695820412849939,0.059706144278983145,0.022527517526694484,0.009484508653159451,0.04840791970491409,-1.4428232973175175e-12,0.9999852610120766,1.0
trivia_qa_validation_03667,qwq-32b,trivia_qa,free_answer,Not Fair,Smile,,False,True,False,10,10,10,828.4,0.05469230998610647,0.017682347625675804,0.07018362716508693,0.005441598244784011,0.092204305631968,0.04857362179361289,0.027007046382224065,0.15816375613212585,2.6464393446609162,0.9980732615275384,0.8
trivia_qa_validation_04299,qwq-32b,trivia_qa,free_answer,Complain,"A querulous person frequently complains, expresses dissatisfaction, or displays irritability.",,False,True,False,10,10,10,520.3,0.07418068514154123,0.01184548260242133,0.08499654999425427,0.013738980435177444,0.038061553485761256,0.012604366275054036,0.0042280037705967,0.039439260959625244,2.046439344663802,0.9999785550645588,0.95
trivia_qa_validation_11200,qwq-32b,trivia_qa,free_answer,Autons,Autons,,True,True,False,10,10,10,857.8,0.0314311325484486,0.01094175466691128,0.04124255296052709,0.007049442684816334,0.0720935681793108,0.026348213816347433,0.008144582742080752,0.059637513011693954,-1.4428232973175175e-12,0.9999687981011736,0.95
trivia_qa_validation_12688,qwq-32b,trivia_qa,free_answer,Japan,Japan,,True,True,False,10,10,10,439.3,0.03813169164752597,0.005220582200210007,0.04247239765338918,0.010409140256957283,0.029933397440282283,0.012518717588380069,0.0070735068012651395,0.05125019699335098,-1.4428232973175175e-12,0.9999485577911307,1.0
trivia_qa_validation_09855,qwq-32b,trivia_qa,free_answer,Valkyries,Valkyries,,True,True,False,10,10,10,576.2,0.031543662098521844,0.007625481208618966,0.03836963640192605,0.010581579120593322,0.06688971204423454,0.028012940926159424,0.012886412665662362,0.04704021289944649,-1.4428232973175175e-12,0.9999546017841734,1.0
trivia_qa_validation_05061,qwq-32b,trivia_qa,free_answer,Karl Marx,Karl Marx,,True,True,False,10,10,10,381.1,0.047184824916035685,0.005247344516073257,0.052235319038408154,0.008610939669593216,0.014426716552579155,0.004197832357318176,0.0017436483236010214,0.04790711775422096,-1.4428232973175175e-12,0.9999977396771772,1.0
trivia_qa_validation_12868,qwq-32b,trivia_qa,free_answer,Sardinia,Sardinia,,True,True,False,10,10,10,1635.6,0.01630592156240442,0.007493772707533912,0.023205381625314655,0.0109461792849334,0.09898263637922824,0.03837979789255726,0.01261418839734596,0.0647982731461525,0.4689955935863958,0.9997694933732354,0.95
trivia_qa_validation_05181,qwq-32b,trivia_qa,free_answer,Edward Hopper,Andrew Wyeth,,False,True,False,10,10,10,951.3,0.04705662837818932,0.022329166767396758,0.06521536909743111,0.004987408089282807,0.07668342730752506,0.030547163592666616,0.013018919746414892,0.09049230068922043,1.3609640474393532,0.9998415635793336,0.95
trivia_qa_validation_11411,qwq-32b,trivia_qa,free_answer,HUSBAND,husbands,,False,True,False,10,10,10,498.3,0.03651024814867153,0.010812901005882862,0.04645270331428704,0.02546429993093824,0.102745342204647,0.05308780031953843,0.026310968037052386,0.044163141399621964,-1.4428232973175175e-12,0.9999885212336056,1.0
trivia_qa_validation_16167,qwq-32b,trivia_qa,free_answer,EARL DERR BIGGERS,Earl Derr Biggers,,True,True,False,10,10,10,435.2,0.04053282615872415,0.008899547538805263,0.04808168520793709,0.00792841468448525,0.02884689931475063,0.004530652615674924,0.000516968778497251,0.0693562850356102,-1.4428232973175175e-12,0.9999546021504353,1.0
trivia_qa_validation_07276,qwq-32b,trivia_qa,free_answer,Marcel Duchamp,Marcel Duchamp,,True,True,False,10,10,10,550.5,0.03741608210487063,0.004136015828676372,0.04155209793354701,0.00696984908428352,0.04593856577447895,0.02182013461378357,0.010667255532976715,0.03786557912826538,-1.4428232973175175e-12,0.999820472023526,1.0
trivia_qa_validation_06309,qwq-32b,trivia_qa,free_answer,1957,1957,,True,True,False,10,10,10,412.3,0.03001731199072476,0.0069324691398169975,0.036740137524671736,0.012615611991768774,0.03463610871169861,0.01613900249160325,0.008012395500172076,0.052779849618673325,-1.4428232973175175e-12,0.9999810748317276,1.0
trivia_qa_validation_02388,qwq-32b,trivia_qa,free_answer,HARRY PATCH,Harry Patch,,True,True,False,10,10,10,586.3,0.02441348260191655,0.005203827830334862,0.02961731043225142,0.01586843858925402,0.08024440967386752,0.03148572277670686,0.012815481169001419,0.044158730655908585,-1.4428232973175175e-12,0.9999599362138634,1.0
trivia_qa_validation_11514,qwq-32b,trivia_qa,free_answer,ART,art,,True,True,False,10,10,10,471.8,0.03877408714958317,0.011360701667786665,0.049104682370095146,0.010497289732274193,0.05251398707346076,0.01865870612348953,0.007573232690044851,0.050225235521793365,1.1567796494427114,0.9997694933268874,1.0
trivia_qa_validation_17551,qwq-32b,trivia_qa,free_answer,Fidelio,Fidelio,,True,True,False,10,10,10,378.3,0.0477108116653941,0.0074239574317244384,0.054632601649162484,0.007738841147524796,0.014281197513001309,0.006347061138566745,0.004299401197604791,0.07792305201292038,-1.4428232973175175e-12,0.9999417084210286,0.95
trivia_qa_validation_06082,qwq-32b,trivia_qa,free_answer,CAST,"Alternatively, maybe the answer is ""a kettle""",,False,False,True,10,10,10,2860.8,0.05163949348408832,0.02846091662541007,0.0761876372480528,0.015332768204606103,0.34245309107962557,0.22592963561318163,0.15308200550036596,0.06450393795967102,0.9219280948830342,0.9995694430546359,0.9
trivia_qa_validation_06331,qwq-32b,trivia_qa,free_answer,Helly Hansen,Helly Hansen,,True,True,False,10,10,10,1443.8,0.056077196681534956,0.02947569627568215,0.08165398938139298,0.005658296793880155,0.13345902005904198,0.06603407346025522,0.037605892572914815,0.13027812540531158,1.770950594447455,0.0007096690756921497,0.8
trivia_qa_validation_01768,qwq-32b,trivia_qa,free_answer,Las Vegas,Las Vegas,,True,True,False,10,10,10,387.9,0.046150172843043014,0.0047167559865036925,0.049836048282654435,0.010536354373281594,0.01956247533799137,0.004026034378359111,0.0004839880144201558,0.05686706304550171,-1.4428232973175175e-12,0.9999852610229578,1.0
trivia_qa_validation_07828,qwq-32b,trivia_qa,free_answer,1931,1931,,True,True,False,10,10,10,634.9,0.05007840606517132,0.01640080020637988,0.0639369470639481,0.009315006971841334,0.0732710462069459,0.029982225611898238,0.01219833771037816,0.027085738256573677,-1.4428232973175175e-12,0.9997040423992682,0.95
trivia_qa_validation_05245,qwq-32b,trivia_qa,free_answer,Velma,Velma Kelly,,False,True,False,10,10,10,770.3,0.030266568062928247,0.012965982615889562,0.04209927754128309,0.011529758751803296,0.05756231167921878,0.02713889073710828,0.01673801898182743,0.052753299474716187,0.4689955935863958,0.9988304842994242,1.0
trivia_qa_validation_00707,qwq-32b,trivia_qa,free_answer,Pacific,Pacific Ocean,,True,True,False,10,10,10,373.2,0.04651998164529917,0.005552305481520374,0.05207228712681955,0.01327138518227632,0.06100701058777348,0.01848380512861093,0.004555380777783069,0.0699809268116951,-1.4428232973175175e-12,0.9999724643164059,1.0
trivia_qa_validation_10470,qwq-32b,trivia_qa,free_answer,Lamb Chop.,Lamb Chop,,True,True,False,10,10,10,407.9,0.05265499259277541,0.008567283481751032,0.059757964948966256,0.008233858276501636,0.029675562866149287,0.009402849234361776,0.002692229539514579,0.06686107814311981,-1.4428232973175175e-12,0.99998329858036,1.0
trivia_qa_validation_09051,qwq-32b,trivia_qa,free_answer,Violet,Violet,,True,True,False,10,10,10,784.9,0.06098857197779138,0.025943787455597982,0.08389746516925367,0.005696325028268183,0.08171518081635828,0.037060476826417,0.01620517806208267,0.13982881605625153,1.770950594447455,0.9999546018969965,0.95
trivia_qa_validation_01134,qwq-32b,trivia_qa,free_answer,Ambassador bridge,Ambassador Bridge,,True,True,False,10,10,10,856.2,0.04311662024759205,0.021329149546951143,0.06199862902946611,0.011528044615033399,0.12472019277675636,0.055073997743349534,0.026171163985846856,0.06401067972183228,-1.4428232973175175e-12,0.9998204720023739,0.95
trivia_qa_validation_07057,qwq-32b,trivia_qa,free_answer,Tottenham Hotspur,"So, the 1901 final was between Sheffield United (Football League) and Southampton (Southern League?). Wait, but Southampton joined the Football League in 1899, so they were in the league by",,False,False,True,6,10,10,4410.0,0.03272584866690272,0.026064670381562786,0.05741754340342459,0.013531629370321424,0.36250509416881105,0.23916425616096806,0.15710684719238466,0.09792076796293259,2.321928094878706,0.0004878555386670435,0.6
trivia_qa_validation_15086,qwq-32b,trivia_qa,free_answer,FIRETHORN,Firethorn,,True,True,False,10,10,10,349.8,0.05165014567033416,0.006188697601288152,0.05758946671301882,0.015746475701530722,0.030596215397582505,0.01592961026546207,0.010692475794573376,0.06110439449548721,-1.4428232973175175e-12,0.9999977396757211,0.95
trivia_qa_validation_06856,qwq-32b,trivia_qa,free_answer,STEVE PRESCOTT,Sean Long,,False,True,False,10,10,10,761.7,0.03946118933660749,0.01828926021051492,0.05323526527505072,0.0062587479210415645,0.08977568278496603,0.044752898317000245,0.023091118432000967,0.15425752103328705,2.1219280948801487,0.9994472215107452,0.9
trivia_qa_validation_00992,qwq-32b,trivia_qa,free_answer,Buried alive,buried alive,,True,True,False,10,10,10,482.1,0.040131595652195366,0.010388948420640993,0.049482033807057776,0.015390557735467334,0.06619936712905604,0.03094377343103648,0.013252357698044503,0.0359579473733902,-1.4428232973175175e-12,0.9999546021291481,1.0
trivia_qa_validation_08306,qwq-32b,trivia_qa,free_answer,RIHANNA,Rihanna,,True,True,False,10,10,10,679.5,0.048994680486271106,0.007835734940179766,0.056219201975401104,0.005952499421197697,0.06455003155738338,0.02335636984993881,0.007639216440582608,0.054868996143341064,-1.4428232973175175e-12,0.9996646498177254,1.0
trivia_qa_validation_15787,qwq-32b,trivia_qa,free_answer,ZACHARY TAYLOR,Zachary Taylor,,True,True,False,10,10,10,578.8,0.030368244691092096,0.008205926726029262,0.03809254559171556,0.013807028053658646,0.044517735752209554,0.02000367003900444,0.012564161656536598,0.03565569594502449,-1.4428232973175175e-12,0.9988304862148648,1.0
trivia_qa_validation_08600,qwq-32b,trivia_qa,free_answer,ADDAMS,The Addams Family,,True,True,False,10,10,10,713.5,0.04209598028955443,0.0155242263754133,0.05522146224805737,0.012032639136458688,0.06727472434738638,0.021448465219447498,0.008681406247539603,0.07985728979110718,-1.4428232973175175e-12,0.9984988155499093,1.0
trivia_qa_validation_12223,qwq-32b,trivia_qa,free_answer,12th,12th,,True,True,False,10,10,10,609.0,0.02579658701606923,0.009421364488976552,0.03504730304088196,0.019804666103057585,0.08001135983926834,0.029020702297737965,0.010548958450188184,0.04910677671432495,-1.4428232973175175e-12,0.9998204720368231,1.0
trivia_qa_validation_10288,qwq-32b,trivia_qa,free_answer,The Penguin,The Penguin,,True,True,False,10,10,10,320.2,0.04024405227528518,0.008202897324987753,0.04781973843591421,0.012682914423849015,0.03282111361231395,0.019474162658168804,0.013022952432049994,0.045635540038347244,0.8812908992278072,0.999975699765668,1.0
trivia_qa_validation_04138,qwq-32b,trivia_qa,free_answer,Harriet Tubman,Harriet Tubman,,True,True,False,10,10,10,571.5,0.03324951533914219,0.005016879229644435,0.038266394568786624,0.010870958101222935,0.06273467661931773,0.0262019939041771,0.013098225794675466,0.044899072498083115,-1.4428232973175175e-12,0.999989870013589,1.0
trivia_qa_validation_05974,qwq-32b,trivia_qa,free_answer,HONG KONG,Hong Kong Island,,False,True,False,10,10,10,522.2,0.02778948237773784,0.006349727263801894,0.033981231758443364,0.012948122989349373,0.08013167085385457,0.03665890692917334,0.01616694511813238,0.03661598265171051,0.4689955935863958,0.9999339478707326,1.0
trivia_qa_validation_09595,qwq-32b,trivia_qa,free_answer,Karl Marx and Friedrich Engels,Karl Marx and Friedrich Engels,,True,True,False,10,10,10,336.8,0.03795702426001966,0.005047368194040583,0.043004392454060236,0.01015062607063787,0.04051659662775582,0.015540613250164436,0.006377063454025755,0.03945640102028847,-1.4428232973175175e-12,0.9999962733616461,1.0
trivia_qa_validation_14968,qwq-32b,trivia_qa,free_answer,Six,6,,True,True,False,10,10,10,1191.1,0.03814748377765516,0.013597962244791534,0.050513357703567886,0.0205816950402642,0.12588458906702243,0.06312058147862634,0.03402916998616744,0.04235400632023811,0.7219280948844771,0.9998415636001643,1.0
trivia_qa_validation_07189,qwq-32b,trivia_qa,free_answer,The Red Sea,Red Sea,,True,True,False,10,10,10,629.9,0.03923907290416604,0.007749809150933035,0.04606542580020722,0.011514509859350508,0.08560601002076719,0.03117975617575989,0.009797593337657406,0.057950932532548904,-1.4428232973175175e-12,0.9999339478531752,1.0
trivia_qa_validation_17148,qwq-32b,trivia_qa,free_answer,West Ham United,West Ham United,,True,True,False,10,10,10,543.2,0.03403316798364363,0.012088603905988588,0.044308193566352884,0.011047201913722248,0.06182586912359598,0.0248744263244415,0.012575724816125566,0.042852532118558884,0.9219280948830342,0.9999038973376878,0.9
trivia_qa_validation_08616,qwq-32b,trivia_qa,free_answer,POLYSTYRENE,polystyrene,,True,True,False,10,10,10,391.3,0.03115844112683579,0.007848852058426415,0.03852352425991641,0.012102127269006143,0.0258244744004262,0.009578154645081948,0.0045908687490106345,0.04183299466967583,-1.4428232973175175e-12,0.9999417086317515,0.95
trivia_qa_validation_10437,qwq-32b,trivia_qa,free_answer,Tallahassee,Tallahassee,,True,True,False,10,10,10,514.3,0.04686084292540973,0.009030380606452055,0.0551484364950995,0.013462527282228043,0.0367738909701712,0.014450049299993429,0.005638204210568298,0.04275481030344963,-1.4428232973175175e-12,0.9999785550119699,1.0
trivia_qa_validation_01348,qwq-32b,trivia_qa,free_answer,Manchester,Manchester,,True,True,False,10,10,10,474.1,0.050979169515694034,0.010328562113455605,0.06005926346358995,0.01187623799774861,0.032257771934441994,0.010713420646107951,0.003984009003481681,0.06058046966791153,-1.4428232973175175e-12,0.9820137734269684,0.95
trivia_qa_validation_05378,qwq-32b,trivia_qa,free_answer,Malta,Cyprus,,False,True,False,10,10,10,2064.6,0.04083660169315799,0.015333504375559128,0.0546802959984027,0.022211975229247175,0.17072134458514227,0.08367908454663021,0.040283982486856204,0.09042885154485703,1.2954618442339936,0.9984988183400065,0.0
trivia_qa_validation_04789,qwq-32b,trivia_qa,free_answer,New Orleans,New Orleans,,True,True,False,10,10,10,1038.4,0.07557378336454486,0.02815558709101948,0.09852909394690765,0.007190750346301122,0.1334674915169392,0.056848287943820186,0.024638614694998083,0.054190296679735184,-1.4428232973175175e-12,0.993307131801319,0.95
trivia_qa_validation_07367,qwq-32b,trivia_qa,free_answer,NORMAN MAILER,Norman Mailer,,True,True,False,10,10,10,457.3,0.04391638503228627,0.01002616368328811,0.05225490738084617,0.0063823748306274675,0.03719799292985361,0.01427951245447463,0.004434480249307449,0.07551953941583633,-1.4428232973175175e-12,0.999860177887758,1.0
trivia_qa_validation_08505,qwq-32b,trivia_qa,free_answer,TRINITY,Trinity College,,False,True,False,10,10,10,781.7,0.042069711614715136,0.02085543759288968,0.06075289476086111,0.009588592872931423,0.10738789636836148,0.04998833727530422,0.028515867935026473,0.06574507057666779,-1.4428232973175175e-12,0.9996200155399905,0.95
trivia_qa_validation_14168,qwq-32b,trivia_qa,free_answer,DENNIS POTTER,Dennis Potter,,True,True,False,10,10,10,502.3,0.041397286423516706,0.005019985697325494,0.046202679846164094,0.005033420414353266,0.055373433306401765,0.029415022738371564,0.01774493060826049,0.04544491693377495,-1.4428232973175175e-12,0.9999546021204685,1.0
trivia_qa_validation_06174,qwq-32b,trivia_qa,free_answer,127 HOURS,127 Hours,,True,True,False,10,10,10,389.6,0.028772206737331264,0.004879760787643748,0.033651967524975006,0.00825437597573808,0.04834678109951033,0.02552684856076145,0.015309406086801435,0.04325195029377937,-1.4428232973175175e-12,0.9999967112506997,1.0
trivia_qa_validation_06963,qwq-32b,trivia_qa,free_answer,GORKY,Gorky,,True,True,False,10,10,10,543.1,0.027125089639892734,0.005955654592232098,0.032840359616740214,0.01309433327631957,0.052064043656786504,0.021287834662256734,0.008798246107636765,0.04722297564148903,-1.4428232973175175e-12,0.9999852609546536,1.0
trivia_qa_validation_03853,qwq-32b,trivia_qa,free_answer,Father Brown,Father Brown,,True,True,False,10,10,10,401.4,0.04763303816370182,0.010260647398986071,0.05724925580094679,0.008322544650737231,0.025418796475464245,0.008741287826642985,0.004055358369168005,0.051604874432086945,-1.4428232973175175e-12,0.9999646437518217,1.0
trivia_qa_validation_15639,qwq-32b,trivia_qa,free_answer,SUSSEX POND,Banoffee pie,,False,True,False,10,10,10,888.4,0.042915809628690425,0.02326627132556524,0.06145046456000813,0.006852152142187945,0.11157408452879988,0.05774235699329764,0.03154560026743897,0.11892060190439224,1.5709505944488977,0.9999251536182056,0.95
trivia_qa_validation_16501,qwq-32b,trivia_qa,free_answer,'ROCK-A-BYE BABY',The Grand Old Duke of York,,False,True,False,10,10,10,1580.3,0.04584368319017382,0.019467872063952597,0.06112130046281246,0.00723214500575757,0.10517817439845764,0.05362230243331508,0.02862444764672848,0.11802834272384644,1.2954618442339936,0.9933071543504554,0.7
trivia_qa_validation_06651,qwq-32b,trivia_qa,free_answer,(Benito) Mussolini,Benito Mussolini,,True,True,False,10,10,10,437.9,0.04253189064191233,0.007013766336052831,0.04913276133957482,0.009287425921620745,0.0235746207438835,0.006116519394105724,0.0020710840553788356,0.057233989238739014,-1.4428232973175175e-12,0.9999151889491394,1.0
trivia_qa_validation_13081,qwq-32b,trivia_qa,free_answer,Cat,Percy is the Clarks' dog.,,False,True,False,10,10,10,566.2,0.049461528110138285,0.010733324744207675,0.05881449866564893,0.009185287587518444,0.05054627452415415,0.02321575712935344,0.013573292581176667,0.07371719926595688,2.4464393446623593,0.9996646490729633,0.95
trivia_qa_validation_03557,qwq-32b,trivia_qa,free_answer,1296,1296,,True,True,False,10,10,10,1057.8,0.016496328997422045,0.011636794705063357,0.027206640908472007,0.014022251976436884,0.05130823473717039,0.020432218128389835,0.008093335621399278,0.05372906103730202,-1.4428232973175175e-12,0.9999990577555998,1.0
trivia_qa_validation_02866,qwq-32b,trivia_qa,free_answer,The US Federal Reserve,Federal Reserve,,True,True,False,10,10,10,367.5,0.04048372239787552,0.0044550210226340665,0.04493874342050958,0.007713456300467188,0.07106255966658845,0.029839255675627053,0.010402173155681904,0.04543570429086685,-1.4428232973175175e-12,0.9997965731860279,1.0
trivia_qa_validation_01079,qwq-32b,trivia_qa,free_answer,3 to 1,10/11,,False,True,False,10,10,10,1256.0,0.0510080656855537,0.02226158744830619,0.06968110416606148,0.014672403857904864,0.08816024428507431,0.039560787394102806,0.0202565528559716,0.09063298255205154,1.7219280948815916,0.9046503988215883,0.8
trivia_qa_validation_07959,qwq-32b,trivia_qa,free_answer,PERCY TOPLIS,Eddie Mayhew,,False,True,False,10,10,10,1120.5,0.043712135813934926,0.02022181991373478,0.06239470972978384,0.008178082960483411,0.11032134274653997,0.05433006008403738,0.029723936749487933,0.14356210827827454,3.3219280948729355,0.9399132335759838,0.9
trivia_qa_validation_01227,qwq-32b,trivia_qa,free_answer,River Tigris,Tigris River,,True,True,False,10,10,10,491.7,0.040534791597096866,0.009151233755539166,0.04855498762335783,0.011246475185686802,0.04620616027803913,0.014945622006146719,0.0046187047022768326,0.05064377188682556,-1.4428232973175175e-12,0.9999038972437795,1.0
trivia_qa_validation_09862,qwq-32b,trivia_qa,free_answer,The News,the News,,True,True,False,10,10,10,711.9,0.04459005110279459,0.01351659551275299,0.05641101098689002,0.011693094468851088,0.09490673063809547,0.0435059131046525,0.02031883769381896,0.15785302221775055,2.8464393446594736,0.9997388094562575,0.95
trivia_qa_validation_07086,qwq-32b,trivia_qa,free_answer,SILVERSTONE,Silverstone,,True,True,False,10,10,10,436.7,0.042314635465686895,0.009620269645791227,0.051305508252973496,0.012369351408796192,0.06076463459449516,0.03388906433339959,0.020448739131807458,0.03635181486606598,0.4689955935863958,0.999985261019983,1.0
trivia_qa_validation_07099,qwq-32b,trivia_qa,free_answer,Whooping Cough,whooping cough,,True,True,False,10,10,10,312.9,0.0440480553867544,0.0062198368965026745,0.05026789228325708,0.011703481748978988,0.011893525377784986,0.0030550238183633003,0.0011725732653295462,0.08038468658924103,-1.4428232973175175e-12,0.9999945777790618,1.0
trivia_qa_validation_03628,qwq-32b,trivia_qa,free_answer,The Double,Double Duty,,False,True,False,10,10,10,1390.7,0.03793471564965425,0.023372539346865683,0.058415699366188435,0.011963620652641553,0.17947729566142115,0.09323829177174157,0.05039354701831196,0.058391131460666656,1.1567796494427114,0.9989677693178258,0.9
trivia_qa_validation_00007,qwq-32b,trivia_qa,free_answer,Lauren Bacall,Virginia Mayo,,False,True,False,10,10,10,1356.4,0.0586826723549303,0.02714140818440054,0.08263933530802889,0.007233714926194934,0.12444231817907325,0.05880754308595717,0.028069690974399052,0.22355274856090546,2.6464393446609167,0.9994472208169204,0.9
trivia_qa_validation_11597,qwq-32b,trivia_qa,free_answer,CARLY SIMON,Carly Simon,,True,True,False,10,10,10,523.0,0.047360796824598,0.010392599688447171,0.05656977761826535,0.014912195343206227,0.05661831709657085,0.02155629088208295,0.006963995189103322,0.04888307675719261,-1.4428232973175175e-12,0.9999339475189387,1.0
trivia_qa_validation_17346,qwq-32b,trivia_qa,free_answer,Aardvark,aardvark,,True,True,False,10,10,10,528.7,0.033462477230362775,0.010212852689049612,0.04227575374399824,0.017352855947774044,0.03260641018024031,0.012869598764100643,0.005510985360566445,0.06576412171125412,-1.4428232973175175e-12,0.9998415634534352,1.0
trivia_qa_validation_07893,qwq-32b,trivia_qa,free_answer,'MEASURE FOR MEASURE',Measure for Measure,,True,True,False,10,10,10,473.4,0.023661117849044615,0.005150538241897969,0.02819439736781564,0.006102374315359838,0.018113958884066562,0.0038486939923109364,0.0015373687504835031,0.04406861215829849,-1.4428232973175175e-12,0.9999038975777635,1.0
trivia_qa_validation_16320,qwq-32b,trivia_qa,free_answer,CORRIDA,corrida de toros,,False,True,False,10,10,10,974.4,0.04582546713016124,0.014016097746701161,0.058934545584285236,0.013215896207399422,0.11028049879264552,0.05439455998279895,0.025778286653870032,0.057494573295116425,-1.4428232973175175e-12,0.9999921107388934,0.95
trivia_qa_validation_07580,qwq-32b,trivia_qa,free_answer,GEORGES SEURAT,Georges Seurat,,True,True,False,10,10,10,372.3,0.03016436833305588,0.00662349261645725,0.03661692077857295,0.008276490840977887,0.045147850174100876,0.02981718270837298,0.01949574872238178,0.04552586376667023,-1.4428232973175175e-12,0.9999756997696755,1.0
trivia_qa_validation_05626,qwq-32b,trivia_qa,free_answer,Hard Times,Hard Times,,True,True,False,10,10,10,571.6,0.04262665130044912,0.007638576001358038,0.048902180747169906,0.0075484806859722016,0.01720033916817785,0.0049163510409000796,0.0019548402816225497,0.05663272365927696,-1.4428232973175175e-12,0.9999832985796208,1.0
trivia_qa_validation_14109,qwq-32b,trivia_qa,free_answer,SIR THOMAS GRESHAM,Gresham,,False,True,False,10,10,10,589.1,0.033885861179931746,0.007602570881509269,0.04148843206144102,0.012414910063387323,0.04038181448053443,0.019219971049696406,0.009215813909234215,0.048062536865472794,0.7219280948844771,0.9996200156880675,1.0
trivia_qa_validation_13294,qwq-32b,trivia_qa,free_answer,Vulture,Black Meanie Squadron,,False,True,False,10,10,10,1486.8,0.05060870423927666,0.029991616024753993,0.07794973361830708,0.007174469852510629,0.19261965758355296,0.11017483114034583,0.06598898709665668,0.12376819550991058,2.3709505944460125,0.9914224832884171,0.8
trivia_qa_validation_16883,qwq-32b,trivia_qa,free_answer,PHILIPPINES,Philippines,,True,True,False,10,10,10,322.7,0.0347523074094066,0.005101836693342599,0.039576366324971426,0.012863786300766502,0.031221484129620593,0.008231372227785616,0.00383522034658631,0.030443424358963966,-1.4428232973175175e-12,0.9999724643088764,1.0
trivia_qa_validation_14588,qwq-32b,trivia_qa,free_answer,CARTHAGE,"The word ""Punic"" originates from the Latin ""Poenicus"" (from the Greek ""Phoinikios""), referring to the Phoenicians, whose colonists founded Carthage. The term was applied to Carthaginians and their culture by the Romans, leading to the designation of the conflicts as the Punic Wars.",,False,True,False,10,10,10,590.2,0.021012481867011337,0.0034426378012451715,0.02445511966825651,0.0189327175359834,0.04329004511289828,0.010443868737790074,0.0020919204730475483,0.050042882561683655,2.7219280948772635,0.9999945777822978,1.0
trivia_qa_validation_06845,qwq-32b,trivia_qa,free_answer,NERO,Nero,,True,True,False,10,10,10,510.4,0.020789500564653833,0.00532197808553907,0.026111478650192903,0.011254684153806782,0.07655351705077564,0.053398773844027914,0.04262000232951698,0.0530240572988987,-1.4428232973175175e-12,0.9999038973974228,1.0
trivia_qa_validation_00556,qwq-32b,trivia_qa,free_answer,Tommy Lee Jones,Tommy Lee Jones,,True,True,False,10,10,10,765.9,0.051480667545916334,0.028864916951917573,0.07467374531144219,0.006987909865071702,0.065086236446851,0.02430884142929679,0.008390847650951393,0.1452018916606903,1.6854752972215634,0.9997040416165168,0.95
trivia_qa_validation_06013,qwq-32b,trivia_qa,free_answer,Eight,3,,False,True,False,10,10,10,1404.9,0.05751250676154067,0.027363806494166375,0.08063410618709956,0.010255628109918194,0.13362876048109268,0.06294280273594437,0.031155363128715963,0.07656559348106384,1.8954618442325508,0.9706876829665793,0.85
trivia_qa_validation_13577,qwq-32b,trivia_qa,free_answer,Halloween,Halloween,,True,True,False,10,10,10,502.1,0.033875652264711724,0.0044813840992789355,0.03795049031149498,0.011212762948487887,0.03043802807960614,0.012233994174596797,0.005354399291435797,0.06735751032829285,-1.4428232973175175e-12,0.9999646437605195,1.0
trivia_qa_validation_17892,qwq-32b,trivia_qa,free_answer,Nova,Nova,,True,True,False,10,10,10,516.1,0.03769132133132865,0.007115196956379338,0.04407681311246577,0.016147384778183296,0.03562646591489634,0.02046848027448872,0.014109094968352599,0.042046818882226944,-1.4428232973175175e-12,0.9999952149048046,1.0
trivia_qa_validation_16619,qwq-32b,trivia_qa,free_answer,210,210,,True,True,False,10,10,10,877.0,0.024000927238295354,0.007862981055064767,0.03170416388441444,0.018233121629570408,0.06646768690340386,0.02281126457154329,0.00997061717275105,0.048325274139642715,-1.4428232973175175e-12,0.9998766051421661,1.0
trivia_qa_validation_16346,qwq-32b,trivia_qa,free_answer,ART NOUVEAU,Art Nouveau,,True,True,False,10,10,10,898.6,0.04444887214166866,0.01176191610782341,0.05479881905186079,0.010119733916886567,0.07509084279143763,0.027443869033024603,0.011976136867141818,0.04962717741727829,-1.4428232973175175e-12,0.9999546021427325,1.0
trivia_qa_validation_17493,qwq-32b,trivia_qa,free_answer,Hugh Grant,Hugh Grant,,True,True,False,10,10,10,582.8,0.034525580866056206,0.012177332993451938,0.045453234782913694,0.017786981743246756,0.07875835703794379,0.03669800347566404,0.019092592398537767,0.058546457439661026,-1.4428232973175175e-12,0.9525740138435888,1.0
trivia_qa_validation_06472,qwq-32b,trivia_qa,free_answer,HISPANIOLA,Haiti and the Dominican Republic share the island of Hispaniola.,,False,True,False,10,10,10,285.5,0.033186875360122665,0.008482022701134974,0.041668898061257634,0.013304313035223147,0.04646804677434192,0.02125204458200928,0.009413136159516455,0.04996198043227196,-1.4428232973175175e-12,0.9999984465024377,0.95
trivia_qa_validation_12409,qwq-32b,trivia_qa,free_answer,Golf,golf,,True,True,False,10,10,10,712.2,0.03599706190380873,0.010534917900246438,0.04321641198017865,0.012741698248397354,0.05255048356541627,0.018765738747558304,0.009595523399157424,0.040637627243995667,-1.4428232973175175e-12,0.9997694933449248,0.95
trivia_qa_validation_13085,qwq-32b,trivia_qa,free_answer,"Bodega Bay, California","Bodega Bay, California",,True,True,False,10,10,10,465.6,0.04019761142638141,0.00656524042555511,0.0463745485288506,0.009701297488571039,0.031227014908943453,0.011936887297016118,0.004675378307435485,0.04825970157980919,-1.4428232973175175e-12,0.9999898700095997,0.95
trivia_qa_validation_13882,qwq-32b,trivia_qa,free_answer,Blue Ivy,Blue Ivy Carter,,False,True,False,10,10,10,489.6,0.047460548856713226,0.015349354280642985,0.06072625857575552,0.013955094357619366,0.07213311540389956,0.030803387550459138,0.015609501889837474,0.06550460308790207,0.7219280948844771,0.9999952149052858,1.0
trivia_qa_validation_02030,qwq-32b,trivia_qa,free_answer,HALF A LOAF,Half a loaf,,True,True,False,10,10,10,679.1,0.05510163130844781,0.022971934505108947,0.07485847155683499,0.007477849316225665,0.1003084040038765,0.047528149098557335,0.02478038304495598,0.07655104249715805,-1.4428232973175175e-12,0.9998415631886459,1.0
trivia_qa_validation_02558,qwq-32b,trivia_qa,free_answer,DERWENT WATER,Derwentwater,,True,True,False,10,10,10,999.3,0.044084098677647246,0.019573500938163603,0.06173384439110017,0.013293466177012311,0.15155752320660837,0.0634583395418097,0.02849268060991512,0.05083383619785309,0.4689955935863958,0.9996646482468702,0.95
trivia_qa_validation_09754,qwq-32b,trivia_qa,free_answer,Momentum,momentum,,True,True,False,10,10,10,437.1,0.03645653507532147,0.010221055215859462,0.04623263770659539,0.017500006250780284,0.03036009621277479,0.0069858074524194345,0.0026757709612648894,0.05357475206255913,-1.4428232973175175e-12,0.9999599363451319,1.0
trivia_qa_validation_05365,qwq-32b,trivia_qa,free_answer,Richardson,Richardsons,,False,True,False,10,10,10,627.3,0.03372520909440323,0.011317104294797636,0.04338999739159771,0.008557383001005872,0.096400254833568,0.047678295481960765,0.025216013521429805,0.08352744579315186,0.4689955935863958,0.9999251538128321,0.95
trivia_qa_validation_03930,qwq-32b,trivia_qa,free_answer,The first space burial,Earthview 01: The Founders Flight was an educational mission that carried student-designed experiments aboard a sounding rocket to provide hands-on space science experience and inspire interest in STEM.,,False,True,False,10,10,10,1367.9,0.045889572333057724,0.017371020076889794,0.061403842254097896,0.004388610041107041,0.09344267063402578,0.03773942948453133,0.015243231564881221,0.088876873254776,3.3219280948729355,0.9990889471632318,0.85
trivia_qa_validation_17373,qwq-32b,trivia_qa,free_answer,Michael Miles,Bob Monkhouse,,False,True,False,10,10,10,765.6,0.05313662562827739,0.01941085139867314,0.0705693746562556,0.005283285581000418,0.05993378072627812,0.018745899431200884,0.007187672048253657,0.13133302330970764,2.1609640474350247,0.9984988159458142,0.9
trivia_qa_validation_00354,qwq-32b,trivia_qa,free_answer,Three,3,,True,True,False,10,10,10,1242.5,0.04851045717867015,0.020174179709896798,0.06567579760799405,0.012321461639151678,0.1616108382606917,0.0851339916477589,0.0490490737322873,0.03698311001062393,-1.4428232973175175e-12,0.952574063837213,0.7
trivia_qa_validation_14823,qwq-32b,trivia_qa,free_answer,HORACE WALPOLE,Horace Walpole,,True,True,False,10,10,10,380.0,0.03991391437154127,0.00746067296864607,0.047374587340187346,0.010885931818344909,0.025871609578422283,0.00857271576519585,0.0017669771914966882,0.04292971268296242,-1.4428232973175175e-12,0.9999910603061025,1.0
trivia_qa_validation_11064,qwq-32b,trivia_qa,free_answer,Malcolm Bradbury,Malcolm Bradbury,,True,True,False,10,10,10,610.8,0.04874412821500442,0.016303396209903023,0.061656405008781515,0.006181486340645559,0.03249257410097939,0.008177318064301563,0.0024946549436149048,0.15888351202011108,0.9219280948830342,0.9999151890048938,0.95
trivia_qa_validation_14595,qwq-32b,trivia_qa,free_answer,Stephenie Meyer,Stephanie Meyer,,True,True,False,10,10,10,343.3,0.04638272025298434,0.01022764859789659,0.05636099229227744,0.0072213199835152704,0.010301895315076703,0.0027888141425998713,0.0006191950464396245,0.05855903774499893,-1.4428232973175175e-12,0.03732684069376914,1.0
trivia_qa_validation_00743,qwq-32b,trivia_qa,free_answer,37,37,,True,True,False,10,10,10,1408.4,0.05424256179989242,0.0191563020530513,0.070470408257125,0.005927740785809685,0.09552690080726867,0.03772538972317174,0.013418058443988634,0.07195982336997986,-1.4428232973175175e-12,0.977022569545823,0.85
trivia_qa_validation_02892,qwq-32b,trivia_qa,free_answer,Better,better,,True,True,False,10,10,10,976.6,0.03807850637236507,0.01080479675919312,0.04835143751666657,0.024707412662550474,0.16646362437216372,0.1076290647699428,0.06937486917579411,0.07142823189496994,0.4689955935863958,0.9999869928718401,0.95
trivia_qa_validation_17899,qwq-32b,trivia_qa,free_answer,Theodore Roosevelt,Theodore Roosevelt,,True,True,False,10,10,10,566.0,0.02116865584497913,0.006360506559704928,0.027202385441027904,0.0067745062888348445,0.0645378141934948,0.036227646434493256,0.021105765783274055,0.05550624057650566,-1.4428232973175175e-12,0.9998415633678583,1.0
trivia_qa_validation_10125,qwq-32b,trivia_qa,free_answer,James Watt,James Watt,,True,True,False,10,10,10,380.3,0.028655527649943325,0.007019894779124393,0.03507909538150227,0.012303757994417994,0.029250300202757373,0.0072939908236288155,0.0027209814600463343,0.05977480113506317,-1.4428232973175175e-12,0.9999852610125094,1.0
trivia_qa_validation_11686,qwq-32b,trivia_qa,free_answer,Salzburg,Salzburg,,True,True,False,10,10,10,375.1,0.04133701073825128,0.009964548931198048,0.0508742092420989,0.012799938249727022,0.03180549809889299,0.011315930803650277,0.0035122369767552676,0.03167812153697014,-1.4428232973175175e-12,0.9999646436635621,0.95
trivia_qa_validation_16317,qwq-32b,trivia_qa,free_answer,DANAE,Danaë,,True,True,False,10,10,10,462.2,0.027313649248411696,0.005972524424429929,0.03328617367284163,0.011995785998861336,0.05372173756157587,0.025728253389132528,0.012299465179131242,0.053029149770736694,-1.4428232973175175e-12,0.999985261024388,0.95
trivia_qa_validation_12332,qwq-32b,trivia_qa,free_answer,The Blessed,Blessed,,True,True,False,10,10,10,599.0,0.02803539058406814,0.0069371370057738965,0.034850278201088984,0.01933558264933561,0.046302060597627384,0.018820784490882182,0.008857791618053968,0.05929594114422798,-1.4428232973175175e-12,0.9998204720011413,1.0
trivia_qa_validation_03235,qwq-32b,trivia_qa,free_answer,Per Annum Exclusive,Persons allowed to occupy the property,,False,True,False,10,10,10,588.7,0.04712178861814152,0.00856319653482399,0.05518262037004046,0.010285261756336556,0.056916847633829794,0.028796855021397127,0.01520819222123564,0.05782092362642288,-1.4428232973175175e-12,0.9999339472917966,0.95
trivia_qa_validation_15146,qwq-32b,trivia_qa,free_answer,HISPANIOLA,Haiti and the Dominican Republic share the island of Hispaniola.,,False,True,False,10,10,10,274.5,0.036598042224305224,0.009358294793363352,0.045293874505857236,0.013565133745808122,0.052071392583880896,0.023376439704868246,0.008883793790689242,0.05405190959572792,-1.4428232973175175e-12,0.9999984465024377,0.95
trivia_qa_validation_07402,qwq-32b,trivia_qa,free_answer,Australia,Australia,,True,True,False,10,10,10,358.4,0.032808699388394494,0.007447013152461786,0.03972791619504522,0.013318277591353993,0.0869896617955162,0.04458631545518388,0.019580701450045535,0.05465215444564819,-1.4428232973175175e-12,0.9999646437348718,1.0
trivia_qa_validation_01772,qwq-32b,trivia_qa,free_answer,Sardinia,Sardinia,,True,True,False,10,10,10,319.4,0.042604229355669404,0.008334588196130956,0.05057780672147545,0.012827271083291106,0.038344581117547516,0.016516992264125518,0.0036773175822965463,0.05005898326635361,-1.4428232973175175e-12,0.9999756997557003,1.0
trivia_qa_validation_04069,qwq-32b,trivia_qa,free_answer,Antediluvian,antediluvian,,True,True,False,10,10,10,458.8,0.0339586133749661,0.00509146269510615,0.03905007607007225,0.013635989671474774,0.047620104552344,0.020817900765928755,0.010743156355777128,0.040797434747219086,-1.4428232973175175e-12,0.9999852610294176,1.0
trivia_qa_validation_11524,qwq-32b,trivia_qa,free_answer,DONALD TRUMP,Jeff Greene,,False,True,False,10,10,10,1091.8,0.05726658616487246,0.027600371424018593,0.07971385457532137,0.008307900379973318,0.10280961026330564,0.05082013993173703,0.027342418049995033,0.1290789246559143,2.9219280948758204,0.9988304881613432,0.9
trivia_qa_validation_17778,qwq-32b,trivia_qa,free_answer,11,Apollo 11,,False,True,False,10,10,10,501.0,0.029092835468867134,0.0052666384940845135,0.03413872341107527,0.012123029897842096,0.06352183394078048,0.026941464654025738,0.01198184408783951,0.03143961355090141,-1.4428232973175175e-12,0.9998911030482297,1.0
trivia_qa_validation_04834,qwq-32b,trivia_qa,free_answer,Sudan,Sudan,,True,True,False,10,10,10,506.0,0.043103532967724664,0.007254074640548963,0.04998860391823672,0.014985885401529838,0.041855619597373626,0.015006187755601651,0.003962280968797338,0.03159599378705025,-1.4428232973175175e-12,0.9999785550496013,0.95
trivia_qa_validation_03380,qwq-32b,trivia_qa,free_answer,Tiananmen Square,Tiananmen Square,,True,True,False,10,10,10,402.8,0.030668620673711712,0.00663537759411958,0.0373039982678313,0.01293099963908174,0.03756029115319883,0.014155789868782997,0.0034967015033807282,0.04955929517745972,-1.4428232973175175e-12,0.9999339478464593,0.95
trivia_qa_validation_13761,qwq-32b,trivia_qa,free_answer,London,London,,True,True,False,10,10,10,514.1,0.04891689670959922,0.008534240943238007,0.05573167773725628,0.010886934611383117,0.06278706495305311,0.030513209372498427,0.017237871572350082,0.040946923196315765,-1.4428232973175175e-12,0.9999546019706175,0.95
trivia_qa_validation_07059,qwq-32b,trivia_qa,free_answer,Para Handy,Jimmy Perez,,False,True,False,10,10,10,905.0,0.035701583945132204,0.01837810931947596,0.052332474544218424,0.009257676545470404,0.10571496933435358,0.04651045875251406,0.02159821577398414,0.20417249202728271,3.1219280948743777,0.9914225062827745,0.95
trivia_qa_validation_00437,qwq-32b,trivia_qa,free_answer,The Penguin,Penguin,,True,True,False,10,10,10,365.8,0.04325731333445353,0.01159535419361864,0.05349608072597003,0.01437226277370048,0.03305580350097283,0.017299611852656094,0.010198106322925515,0.0528436042368412,0.9709505944517833,0.9999832985863195,1.0
trivia_qa_validation_04003,qwq-32b,trivia_qa,free_answer,Dish,the dish,,True,True,False,10,10,10,351.1,0.030730943219720967,0.009152152009717236,0.03930249871469289,0.01879015899865181,0.14490934651437765,0.09723747839444279,0.06645072775654634,0.023839669302105904,-1.4428232973175175e-12,0.9988304869201767,0.95
trivia_qa_validation_02667,qwq-32b,trivia_qa,free_answer,1599-1660,1656,,False,True,False,10,10,10,948.0,0.03898178387510961,0.016041225281173636,0.05375316241119875,0.016622619469697415,0.06854156962916694,0.027484900523306932,0.01163919794815228,0.04755716398358345,-1.4428232973175175e-12,0.9992903291280483,1.0
trivia_qa_validation_04104,qwq-32b,trivia_qa,free_answer,Hawaii,Hawaii,,True,True,False,10,10,10,392.6,0.03365985285559875,0.007189434442308148,0.040604189258691206,0.012999125939077993,0.05025816214336998,0.014429797586413906,0.0061486255709122025,0.05918177589774132,-1.4428232973175175e-12,0.9999417087658237,1.0
trivia_qa_validation_16915,qwq-32b,trivia_qa,free_answer,(Klaus) Barbie,Klaus Barbie,,True,True,False,10,10,10,478.2,0.030354422833152556,0.006694854767495434,0.03549039434813746,0.005603204823604492,0.042466623184841956,0.020296854548561137,0.010256416633624709,0.04228927195072174,-1.4428232973175175e-12,0.9999646437372335,1.0
trivia_qa_validation_10323,qwq-32b,trivia_qa,free_answer,Gone with the wind,Gone with the Wind,,True,True,False,10,10,10,701.6,0.037555040788637625,0.015643682266221516,0.05169546352194663,0.011888101904942928,0.13238505963749145,0.07595133105647156,0.04833318626075532,0.10203126072883606,0.4689955935863958,0.999903897158765,1.0
trivia_qa_validation_12112,qwq-32b,trivia_qa,free_answer,Second,second,,True,True,False,10,10,10,423.2,0.03849976629445074,0.0081443552915695,0.046644121586020236,0.018762027886620854,0.027693999257767065,0.005045421013356121,0.0009240317603411818,0.045047007501125336,-1.4428232973175175e-12,0.99999879013469,1.0
trivia_qa_validation_17283,qwq-32b,trivia_qa,free_answer,Cymbals,cymbals,,True,True,False,10,10,10,468.2,0.04176629784567197,0.01144886946639039,0.051804308649154605,0.009124958283923883,0.030919668946519728,0.011156354005268565,0.004061907052928049,0.03794967755675316,-1.4428232973175175e-12,0.9999339478412979,1.0
trivia_qa_validation_02696,qwq-32b,trivia_qa,free_answer,Scotland,United Kingdom,,False,True,False,10,10,10,508.7,0.05457720880331747,0.012383893288597986,0.06534814233573126,0.017274874840059677,0.07725092052489492,0.03096560476495176,0.012864043878397768,0.07686448842287064,0.7219280948844771,0.9999151889368825,1.0
trivia_qa_validation_01826,qwq-32b,trivia_qa,free_answer,Smallpox,Smallpox,,True,True,False,10,10,10,784.1,0.05005825860192418,0.014559187828437395,0.06270678880020973,0.008574045977186046,0.05294364977747511,0.023027195146999323,0.01161978779226197,0.058596283197402954,-1.4428232973175175e-12,0.9994472197684889,0.95
trivia_qa_validation_10310,qwq-32b,trivia_qa,free_answer,The Earl and Countess of Wessex,Vernon and Petunia Dursley,,False,True,False,10,10,10,2837.5,0.04320890158707033,0.03186601785827835,0.07151748090952464,0.006597022658308671,0.2237374904540376,0.128382537478929,0.0742824592089921,0.18324489891529083,2.8464393446594736,0.9997965726478183,1.0
trivia_qa_validation_02645,qwq-32b,trivia_qa,free_answer,SUO JURE,in proprio jure,,False,True,False,10,10,10,628.8,0.03706888524275004,0.012478608330719496,0.04824222968707455,0.012122128294004286,0.0656945148321672,0.026848204773068474,0.01505934039116159,0.0678296610713005,0.9709505944517833,0.999195906031663,0.85
trivia_qa_validation_11547,qwq-32b,trivia_qa,free_answer,William Blake,William Blake,,True,True,False,10,10,10,362.4,0.034235667090203946,0.006509666244912034,0.04013487553671989,0.015108915121079883,0.03696978935955375,0.015058717575326707,0.004883350889274318,0.03332331404089928,-1.4428232973175175e-12,0.9999417087187776,1.0
trivia_qa_validation_15114,qwq-32b,trivia_qa,free_answer,RONSEAL,"Alternatively, maybe",,False,False,True,10,10,10,789.0,0.05232023883637595,0.01867168380254542,0.06800255498838845,0.00733486044299107,0.1260961762941129,0.09100297688205297,0.06863058738221868,0.1642158031463623,2.6464393446609167,0.0001795276477476832,0.0
trivia_qa_validation_14340,qwq-32b,trivia_qa,free_answer,Jenkins,Parry,,False,True,False,10,10,10,588.3,0.0497485464523334,0.017997268838574408,0.06536718717267156,0.01786094623892106,0.08059696715363693,0.036526329942052474,0.01780995786435593,0.09159225970506668,0.4689955935863958,0.005220114806778555,
trivia_qa_validation_00285,qwq-32b,trivia_qa,free_answer,Mice,mice,,True,True,False,10,10,10,2995.7,0.042126355738396064,0.026554323680337312,0.06608274754651047,0.004487455424112495,0.24013274225684525,0.1408329925950369,0.087085343244132,0.0618099644780159,0.4689955935863958,0.9995694430157976,0.95
trivia_qa_validation_14573,qwq-32b,trivia_qa,free_answer,San Francisco,San Francisco,,True,True,False,10,10,10,560.6,0.03236072359010047,0.009478113271379127,0.03875022019453778,0.007741468566357314,0.0549162774930654,0.02048879944941483,0.008627056865892036,0.036912158131599426,-1.4428232973175175e-12,0.9999785550443947,0.95
trivia_qa_validation_07158,qwq-32b,trivia_qa,free_answer,The Dalai Lama,14th Dalai Lama,,False,True,False,10,10,10,440.7,0.03275031389759159,0.007299297361942148,0.039592985505425136,0.01542578042792162,0.08438965538361701,0.03511190701810861,0.012112954324683378,0.037812575697898865,0.9709505944517833,0.9999724643024209,1.0
trivia_qa_validation_07315,qwq-32b,trivia_qa,free_answer,AMY TAN,Amy Tan,,True,True,False,10,10,10,618.0,0.047801509098010286,0.016587230474251414,0.06214879724777882,0.006659169236553733,0.05421215614341622,0.02147186039451989,0.005380096593367101,0.06737934052944183,-1.4428232973175175e-12,0.9992903286046031,1.0
trivia_qa_validation_07320,qwq-32b,trivia_qa,free_answer,SYRIZA,Syriza,,True,True,False,10,10,10,429.5,0.04103509429998041,0.006263518948040307,0.04654043707242102,0.011618157579489247,0.026067066275497663,0.012525551838785088,0.004889629749247682,0.03807531297206879,-1.4428232973175175e-12,0.9998911031385218,0.95
trivia_qa_validation_13922,qwq-32b,trivia_qa,free_answer,2010 World Cup,2010 FIFA World Cup,,True,True,False,10,10,10,432.5,0.03380667168006833,0.006798877450932628,0.04017587557308426,0.0120841308438887,0.07415333433063485,0.03344290427382033,0.014544700649908416,0.039695367217063904,-1.4428232973175175e-12,0.9998766054224996,0.95
trivia_qa_validation_11533,qwq-32b,trivia_qa,free_answer,Alessandro Volta,Alessandro Volta,,True,True,False,10,10,10,418.6,0.04006750925924195,0.007002144853102787,0.046834359994697664,0.013245048549396132,0.02814758827743923,0.00746290907672389,0.0010284174272691127,0.0343574620783329,-1.4428232973175175e-12,0.9999251538046552,1.0
trivia_qa_validation_09351,qwq-32b,trivia_qa,free_answer,Joe Louis,Joe Louis,,True,True,False,10,10,10,1814.4,0.03378138697782643,0.016092274562628163,0.04777872396964351,0.012634765283140956,0.10280100861403559,0.04319103113502991,0.018822500009979627,0.07753429561853409,-1.4428232973175175e-12,0.9980732629331766,0.95
trivia_qa_validation_00248,qwq-32b,trivia_qa,free_answer,Wisdom teeth,Third molars (wisdom teeth),,False,True,False,10,10,10,526.3,0.03427432086082398,0.004365375171308077,0.03863969603213206,0.013678663899693203,0.07716609394119753,0.030155519131726215,0.012590721607064847,0.029436003416776657,-1.4428232973175175e-12,0.9999485578158522,1.0
trivia_qa_validation_10030,qwq-32b,trivia_qa,free_answer,Roger Corman,Scott Glenn,,False,False,False,7,10,10,3248.9,0.04662905677560561,0.02969177606976438,0.07322557189991394,0.0074912297325977085,0.280402369749847,0.17977242150333964,0.11744348104991638,0.15793022513389587,2.8464393446594736,0.0024726160353339905,1.0
trivia_qa_validation_14521,qwq-32b,trivia_qa,free_answer,John Flamsteed,John Flamsteed,,True,True,False,10,10,10,496.4,0.03826424142761921,0.006571256872644429,0.044835498300263635,0.012017064225906133,0.05337472423635492,0.02107261558970861,0.006577824525907916,0.038096219301223755,-1.4428232973175175e-12,0.9999810748529222,0.95
trivia_qa_validation_05091,qwq-32b,trivia_qa,free_answer,King David,David,,True,True,False,10,10,10,724.0,0.05435716335277602,0.006381775254124045,0.05991338211266413,0.013670476651695537,0.050353448243606526,0.017146020829410392,0.005107615158490586,0.033856067806482315,-1.4428232973175175e-12,0.9993736629623403,1.0
trivia_qa_validation_14753,qwq-32b,trivia_qa,free_answer,Gnocchi,gnocchi,,True,True,False,10,10,10,2038.5,0.045027574511905095,0.030834276047915034,0.07288351430582897,0.010134538679227603,0.16379410632941277,0.08016804181331856,0.039834281297316324,0.05446145683526993,1.3567796494412687,0.9989677689884515,0.95
trivia_qa_validation_02624,qwq-32b,trivia_qa,free_answer,LEW HOAD,Lew Hoad,,True,False,False,9,10,10,1320.8,0.03846066101338331,0.018045509937387245,0.05431277745551807,0.008664836216646116,0.09436640632840773,0.04382591261847975,0.023398683109928244,0.08048265427350998,0.9219280948830342,0.999948557786061,1.0
trivia_qa_validation_01668,qwq-32b,trivia_qa,free_answer,Illinois,Illinois,,True,True,False,10,10,10,427.6,0.03865118877912731,0.004933601071465244,0.043372925443812896,0.014458334183126264,0.09075633972396267,0.042742354292905835,0.014810809238506417,0.02923613041639328,-1.4428232973175175e-12,0.9999646437524712,1.0
trivia_qa_validation_01359,qwq-32b,trivia_qa,free_answer,Margaret Thatcher,Margaret Thatcher,,True,True,False,10,10,10,466.1,0.03345187214810244,0.003231516389705651,0.036457654903496575,0.00924645598768423,0.04029741630602229,0.016941026203102706,0.006047400030545736,0.049131277948617935,-1.4428232973175175e-12,0.9998204720204625,1.0
trivia_qa_validation_04596,qwq-32b,trivia_qa,free_answer,Chuck Hagel,Chuck Hagel,,True,True,False,10,10,10,649.9,0.029838119067266956,0.009140176740554189,0.03853908309895577,0.013550154179928543,0.05553342522229306,0.016742672140919023,0.004552026376196061,0.0273137167096138,-1.4428232973175175e-12,0.9999938558229367,1.0
trivia_qa_validation_17637,qwq-32b,trivia_qa,free_answer,USS Maine,USS Maine,,True,True,False,10,10,10,366.9,0.029685796482997358,0.006554530753629198,0.03595784136092034,0.007843745646985112,0.05225721529516049,0.031133808796254915,0.021742275133635303,0.030166935175657272,-1.4428232973175175e-12,0.99999457777938,1.0
trivia_qa_validation_17819,qwq-32b,trivia_qa,free_answer,Woodstock,Woodstock,,True,True,False,10,10,10,585.7,0.028170526792802193,0.005148225654060267,0.03314663540727554,0.0057905651594000965,0.052971637824332375,0.033357674338659916,0.02140267339077744,0.03645036742091179,-1.4428232973175175e-12,0.9999756997512215,1.0
trivia_qa_validation_07547,qwq-32b,trivia_qa,free_answer,Anna Kournikova,Andy Roddick,,False,True,False,10,10,10,922.1,0.042355233915662885,0.021010807822371892,0.06012651969638842,0.011652373325097604,0.05605086670777076,0.022041324964520326,0.008565260493772053,0.08938679099082947,0.9219280948830342,0.996406369784213,0.9
trivia_qa_validation_08170,qwq-32b,trivia_qa,free_answer,COSTA DEL SOL,Costa del Sol,,True,True,False,10,10,10,451.3,0.03128419796818536,0.0032146024972497557,0.03408243708115034,0.0139191932623905,0.05356526378963781,0.017526487970437533,0.0027530261214575914,0.043797567486763,-1.4428232973175175e-12,0.9999785550643572,0.95
trivia_qa_validation_06812,qwq-32b,trivia_qa,free_answer,Estimate,Estimate,,True,True,False,10,10,10,1699.8,0.0539887782275688,0.025506800223332893,0.07637036362640946,0.008492194935151309,0.15428898547658282,0.07975520492907857,0.04017337559088764,0.19686122238636017,3.1219280948743777,7.889253213211097e-06,0.85
trivia_qa_validation_08506,qwq-32b,trivia_qa,free_answer,ANDORRA,Principality of Wallachia,,False,True,False,10,10,10,2699.8,0.036022837279968245,0.024378221602886434,0.05720609190129411,0.0032896965414400034,0.19865726685089907,0.10858968609098274,0.06007771032118421,0.1350158303976059,1.3709505944503406,0.9706873876140167,0.8
trivia_qa_validation_07645,qwq-32b,trivia_qa,free_answer,ALBERT FINNEY,Dirk Bogarde,,False,True,False,10,10,10,521.3,0.04843906123271133,0.01938524911950923,0.06376280986565637,0.007210310312151835,0.0474365978759986,0.014858998873952345,0.006428628594502073,0.19886253774166107,1.5219280948830343,5.829123106537687e-05,0.95
trivia_qa_validation_11081,qwq-32b,trivia_qa,free_answer,Iceland,Iceland,,True,True,False,10,10,10,976.7,0.061386000287326846,0.019475661640814095,0.07838501953780135,0.01341800874952653,0.06149832593805234,0.01847086009052048,0.005016891961865888,0.03140144422650337,-1.4428232973175175e-12,0.9997388091275745,0.95
trivia_qa_validation_12656,qwq-32b,trivia_qa,free_answer,Dionysus,Dionysus,,True,True,False,10,10,10,616.0,0.030342526330973806,0.014464415143191736,0.04170170716320272,0.013177005503061412,0.039115171791839584,0.018299059821090858,0.011131392645306859,0.04136313498020172,-1.4428232973175175e-12,0.998498814660242,0.95
trivia_qa_validation_07327,qwq-32b,trivia_qa,free_answer,LAKE DISTRICT,Lake District,,True,True,False,10,10,10,456.1,0.047850793514180576,0.005988447659656868,0.0526857919080921,0.008273207236215186,0.05111069912308075,0.016294740283234976,0.004398471122012715,0.06404826045036316,-1.4428232973175175e-12,0.9999910603038922,0.95
trivia_qa_validation_17516,qwq-32b,trivia_qa,free_answer,Mona Lisa,The Color of Money,,False,True,False,10,10,10,1102.2,0.041765098489837206,0.02228047532114517,0.06088897079751489,0.005252925699097225,0.11892781361692095,0.06809019011947563,0.038667140948389314,0.20338866114616394,2.9219280948758204,0.9626729670453427,0.95
trivia_qa_validation_07022,qwq-32b,trivia_qa,free_answer,POKEMON,Pokémon,,True,True,False,10,10,10,391.7,0.03872907561845089,0.006153474089076956,0.044666566986145566,0.01063631249194816,0.04305343623727039,0.020994668395570924,0.011244860042702842,0.061543677002191544,-1.4428232973175175e-12,0.9999910603116557,1.0
trivia_qa_validation_04357,qwq-32b,trivia_qa,free_answer,Epiphany,Epiphany,,True,True,False,10,10,10,506.8,0.023705359557226635,0.005425041591935792,0.029130401149162426,0.014983104628246754,0.041235751534984356,0.013882956224979936,0.0038343209951766212,0.039266761392354965,-1.4428232973175175e-12,0.9999646437385611,1.0
trivia_qa_validation_14731,qwq-32b,trivia_qa,free_answer,Nissan,Nissan,,True,True,False,10,10,10,416.6,0.05656200802599241,0.014174153973503764,0.06808515338053474,0.012539340170354166,0.03386025527252973,0.010253071313854145,0.0015267570979960565,0.06427741795778275,-1.4428232973175175e-12,0.9999251537826498,0.95
trivia_qa_validation_10475,qwq-32b,trivia_qa,free_answer,Dolores HAZE,Dolores Haze,,True,True,False,10,10,10,405.8,0.0316281078606509,0.004961629644574914,0.03658973750522582,0.012724204799482044,0.044249059764585374,0.014740221958418342,0.005290667561999363,0.03522578254342079,-1.4428232973175175e-12,0.99997246431948,0.95
trivia_qa_validation_17744,qwq-32b,trivia_qa,free_answer,Tom Mix,Tom Mix,,True,True,False,10,10,10,680.6,0.038507557880135615,0.008073849322339255,0.04492164894168143,0.008700649186239584,0.04524116653245499,0.016740296412278966,0.006822069114243423,0.04825453832745552,-1.4428232973175175e-12,0.9999785550020276,1.0
trivia_qa_validation_01812,qwq-32b,trivia_qa,free_answer,Richard WAGNER,Richard Wagner,,True,True,False,10,10,10,345.7,0.03929311156727046,0.0076451466155070535,0.04658238629665652,0.009321044832744287,0.01377185423014271,0.0028868422178012334,0.0009182736455463747,0.0751306563615799,-1.4428232973175175e-12,0.999998790134451,1.0
trivia_qa_validation_16058,qwq-32b,trivia_qa,free_answer,ZAGREB,Zagreb,,True,True,False,10,10,10,379.9,0.05001820844156839,0.009110193030008708,0.05765768594912222,0.010723673942929918,0.017354752224259272,0.006164892957822887,0.0004166666666666652,0.0733736976981163,-1.4428232973175175e-12,0.9999417087484546,1.0
trivia_qa_validation_02111,qwq-32b,trivia_qa,free_answer,Stillwell,Joseph Stilwell,,False,True,False,10,10,10,514.2,0.051139738175210295,0.007632356016400889,0.058045471255243855,0.008246218070774951,0.0265876299249042,0.009409549910233428,0.0031369654699981765,0.056778017431497574,-1.4428232973175175e-12,0.9999921107345077,1.0
trivia_qa_validation_00115,qwq-32b,trivia_qa,free_answer,Gary Lewis and the Playboys,The Tymes,,False,True,False,10,10,10,1915.0,0.05095254836113435,0.027561793140685596,0.07342005639048095,0.00482034249159558,0.16932260133895827,0.09540679637095738,0.05623693600372128,0.20408812165260315,2.4464393446623593,0.00023050659450117567,0.95
trivia_qa_validation_12647,qwq-32b,trivia_qa,free_answer,Hair,Hair,,True,True,False,10,10,10,476.6,0.039670573357112326,0.0066973199830618795,0.0463678933401742,0.005234624110497856,0.043389568781997956,0.016685478855826108,0.004786243836844395,0.0733562484383583,-1.4428232973175175e-12,0.9999339479012709,0.95
trivia_qa_validation_05643,qwq-32b,trivia_qa,free_answer,FINCH,Fringillidae,,True,True,False,10,10,10,608.3,0.04650904059298008,0.009525526580745718,0.05564457958988028,0.009006306188692515,0.03323043370117086,0.008486703704837784,0.0030334591651357766,0.06919866800308228,-1.4428232973175175e-12,0.9999339478504685,0.95
trivia_qa_validation_16766,qwq-32b,trivia_qa,free_answer,PANTHEON,Pantheon,,True,True,False,10,10,10,547.1,0.02218241000019911,0.007278292713019144,0.02904512517576076,0.010579369701415887,0.060655356722318386,0.03428938897276347,0.02200007046423912,0.04484015703201294,-1.4428232973175175e-12,0.9999785550127462,0.95
trivia_qa_validation_14883,qwq-32b,trivia_qa,free_answer,PATIENCE,Patience,,True,True,False,10,10,10,576.5,0.03812057298633011,0.010560742992298323,0.04754211649620932,0.006851771747301283,0.027807321727018088,0.008124143216804325,0.0015834307386351832,0.07712230831384659,0.4689955935863958,0.977022559747336,0.95
trivia_qa_validation_08242,qwq-32b,trivia_qa,free_answer,BILL BRYSON,David McCullough,,False,True,False,10,10,10,473.3,0.047935957395609415,0.00950055185654652,0.056677834251188206,0.005276526090310464,0.024057208893587444,0.009829630715995574,0.004869933265996706,0.13705167174339294,0.7219280948844771,1.4738967424197368e-05,0.95
trivia_qa_validation_13284,qwq-32b,trivia_qa,free_answer,Knife,Bowie knife,,False,True,False,10,10,10,469.9,0.05577152373757314,0.011592114581306325,0.06382881590746488,0.010929047281590805,0.05370230558057822,0.018164766262710928,0.003782465216551545,0.06184602901339531,-1.4428232973175175e-12,0.9999151889642065,0.95
trivia_qa_validation_16621,qwq-32b,trivia_qa,free_answer,MARK,Mark,,True,True,False,10,10,10,1276.7,0.048675047707661054,0.03781484412178203,0.08106809295803799,0.00828888253569959,0.15963891165569832,0.07806057454003215,0.04151702029289439,0.08352874219417572,0.4689955935863958,0.9999417087542674,1.0
trivia_qa_validation_10004,qwq-32b,trivia_qa,free_answer,Seymour Hersh,Seymour Hersh,,True,True,False,10,10,10,632.7,0.03787921010405766,0.010950383587759568,0.047192899531850865,0.006147732685294917,0.043602139096260276,0.014044356494409337,0.003989461662674143,0.04717448726296425,-1.4428232973175175e-12,0.9933071512734938,0.95
trivia_qa_validation_16699,qwq-32b,trivia_qa,free_answer,'HOLLY',Holly,,True,True,False,10,10,10,479.1,0.05040986391592339,0.017689661274073655,0.06610410094458768,0.0064006231419348565,0.03900028304846438,0.015497961090473389,0.006601572554420354,0.057471901178359985,-1.4428232973175175e-12,0.9980732566435212,1.0
trivia_qa_validation_09986,qwq-32b,trivia_qa,free_answer,27,27,,True,True,False,10,10,10,887.2,0.030430193622159492,0.01287294538615801,0.04210901387647127,0.01903144223495126,0.11131054734089227,0.04985798834597086,0.025869509341323326,0.04193239286541939,-1.4428232973175175e-12,0.999290328268311,1.0
trivia_qa_validation_17420,qwq-32b,trivia_qa,free_answer,Jawbone,Mandible,,False,False,False,9,10,10,1769.5,0.046864337878490245,0.03562334062637655,0.07979791831441037,0.013595385308465577,0.1704365871092676,0.10121602332626041,0.06936438583687715,0.1092626228928566,1.360964047439353,0.9980732526861308,0.9
trivia_qa_validation_01836,qwq-32b,trivia_qa,free_answer,Green,green,,True,True,False,10,10,10,382.4,0.06277550227397968,0.006693543434036375,0.06896484717750173,0.013788737765950316,0.03714263745016775,0.008499613996841415,0.0018386219058735942,0.04249785467982292,0.8812908992278072,0.9999810748596858,0.95
trivia_qa_validation_07897,qwq-32b,trivia_qa,free_answer,'WUTHERING HEIGHTS',Wuthering Heights,,True,True,False,10,10,10,2298.9,0.04022774118204225,0.02691183501631773,0.06413491521091146,0.005832064970250241,0.19804409820009403,0.12597182043162297,0.08739887573575127,0.13826262950897217,1.7609640474379105,0.9988304861070918,1.0
trivia_qa_validation_16863,qwq-32b,trivia_qa,free_answer,(Gerald) Ford,Gerald Ford,,True,True,False,10,10,10,394.0,0.03378817139112149,0.01005670047821336,0.043321376835658204,0.015586215903193673,0.07987186240318833,0.04170989055648887,0.018672389203440422,0.06153642386198044,-1.4428232973175175e-12,0.9999251537491034,1.0
trivia_qa_validation_12602,qwq-32b,trivia_qa,free_answer,Cormorant,"Alternatively, maybe the answer is the """,,False,False,True,9,10,10,3609.9,0.04627207336682384,0.03315351537652762,0.07715357155103134,0.007389509302533637,0.2900042116825309,0.17355635681079842,0.10548506120460974,0.07574059069156647,1.5709505944488977,0.0004305562020741305,
trivia_qa_validation_00593,qwq-32b,trivia_qa,free_answer,Croatia,Croatia,,True,True,False,10,10,10,446.8,0.041566949704786055,0.006376734849361934,0.047400023856802795,0.0127853878679757,0.027601951176846596,0.007053319547080284,0.002182399516849021,0.08285567164421082,-1.4428232973175175e-12,0.999996273359549,1.0
trivia_qa_validation_02317,qwq-32b,trivia_qa,free_answer,28,28,,True,True,False,10,10,10,943.8,0.01592800628450721,0.010111536714537855,0.025850614944960732,0.018504529037574418,0.07291899832298558,0.034806144216945126,0.0171602135292692,0.04474637284874916,-1.4428232973175175e-12,0.9980732631933482,1.0
trivia_qa_validation_10344,qwq-32b,trivia_qa,free_answer,Vienna,Lord Whiskerworth,,False,True,False,10,10,10,1064.9,0.061145107255600184,0.033003788042829885,0.09044526602104548,0.005974392467241558,0.10517771797710003,0.04472391492470795,0.016931728033847303,0.1615992933511734,2.8464393446594736,0.9890130227949013,0.8
trivia_qa_validation_03416,qwq-32b,trivia_qa,free_answer,General Motors,General Motors,,True,True,False,10,10,10,545.7,0.043647410912016,0.009100044713376353,0.05142321266926035,0.009736461005459095,0.03407082497534204,0.01137591595313352,0.004231910378242642,0.07603901624679565,-1.4428232973175175e-12,0.9999646437431985,0.95
trivia_qa_validation_16755,qwq-32b,trivia_qa,free_answer,Glasgow,Glasgow,,True,True,False,10,10,10,455.5,0.053549445025509956,0.016526040741495905,0.06581858469981745,0.0067022016148278515,0.08183113849270976,0.0401688781591392,0.016599176568220863,0.05832413211464882,-1.4428232973175175e-12,0.9999417085985168,0.95
trivia_qa_validation_00178,qwq-32b,trivia_qa,free_answer,Pittsburgh,Pittsburgh,,True,True,False,10,10,10,834.3,0.04949285840918217,0.019230617434725903,0.06354301278228619,0.009195211476984915,0.09417276127933374,0.03815855740959614,0.016070720045569274,0.06764647364616394,-1.4428232973175175e-12,0.9980732597756643,0.95
trivia_qa_validation_16919,qwq-32b,trivia_qa,free_answer,The Whitehouse,White House,,True,True,False,10,10,10,438.8,0.050666459022904495,0.006190729998901898,0.055918762143718284,0.010952637212220763,0.0662831319232499,0.026801522437723945,0.01351832179313336,0.045284781605005264,-1.4428232973175175e-12,0.999841563813729,1.0
trivia_qa_validation_06491,qwq-32b,trivia_qa,free_answer,The Norwich School,Norwich School,,True,True,False,10,10,10,386.4,0.034077135863219254,0.010506364810772134,0.04348671517477531,0.012125346393298559,0.057498096454079314,0.014721871531831321,0.004378528947876892,0.05606924742460251,-1.4428232973175175e-12,0.9999756996664799,1.0
trivia_qa_validation_03355,qwq-32b,trivia_qa,free_answer,Rick Wakeman,Renaissance,,False,True,False,10,10,10,2181.6,0.052340586401418886,0.030931046044818177,0.07935291828686454,0.007238913007547004,0.253330934752232,0.16513596316208892,0.11035883963243313,0.25834181904792786,3.1219280948743777,0.9998204720178833,0.95
trivia_qa_validation_05462,qwq-32b,trivia_qa,free_answer,MACAVITY,the devil,,False,True,False,10,10,10,1151.1,0.04086988913852838,0.021066043595067988,0.059014761768952706,0.005415541258150277,0.14785326008424401,0.09367444239344509,0.06607016342728303,0.1546318233013153,2.046439344663802,0.9890130327282669,0.95
trivia_qa_validation_05589,qwq-32b,trivia_qa,free_answer,Richard 3rd,Richard III,,True,True,False,10,10,10,528.1,0.038376902390416044,0.006711888568519189,0.0449463408164851,0.012296968288869064,0.05048158073936219,0.026986084965483804,0.017520800397928315,0.06456226855516434,-1.4428232973175175e-12,0.9997388099678297,1.0
trivia_qa_validation_05583,qwq-32b,trivia_qa,free_answer,M69,M69,,True,True,False,10,10,10,3068.2,0.04019028000464783,0.026055061010882157,0.06382254441669451,0.010493512216153382,0.30930174951446043,0.18216719338427956,0.11132914581494768,0.05100971832871437,0.9219280948830342,0.9984988076363013,0.9
trivia_qa_validation_12465,qwq-32b,trivia_qa,free_answer,Neon,neon,,True,True,False,10,10,10,511.5,0.028783548648861575,0.005594990584119898,0.03396526322090306,0.015110955288264163,0.05336194038932383,0.025339871836908757,0.012864270402294143,0.04390227422118187,-1.4428232973175175e-12,0.9999038973636661,1.0
trivia_qa_validation_03861,qwq-32b,trivia_qa,free_answer,A sports celebrity of the host country,A celebrated athlete from the host nation,,False,True,False,10,10,10,811.3,0.047813076988568494,0.01085246096783581,0.05701713105946389,0.007786678246644652,0.0876053780212318,0.04168098569583516,0.02117127093078127,0.07844535261392593,2.121928094880149,0.9820136993642694,0.95
trivia_qa_validation_15751,qwq-32b,trivia_qa,free_answer,Azerbaijan,Azerbaijan,,True,True,False,10,10,10,393.5,0.04464540321358295,0.00956874815296285,0.05403461815290127,0.009355681284981394,0.0516734290245755,0.020984817308147476,0.00910891074415301,0.04064824432134628,-1.4428232973175175e-12,0.999860177991508,0.95
trivia_qa_validation_15744,qwq-32b,trivia_qa,free_answer,B3,Vitamin B3,,False,True,False,10,10,10,505.7,0.037778584622738934,0.007482278216715493,0.0450467300771418,0.012930934661162966,0.04115359337113992,0.016759877338149674,0.00904243521826793,0.04442320019006729,-1.4428232973175175e-12,0.9999980052696542,1.0
trivia_qa_validation_01891,qwq-32b,trivia_qa,free_answer,Wales,Wales,,True,True,False,10,10,10,574.1,0.04996393481764056,0.01573668729605783,0.06346974570079582,0.011261644012786069,0.05449421802913033,0.019970381555060403,0.007249213882116879,0.08195225149393082,0.4689955935863958,0.9991959091852934,0.9
trivia_qa_validation_15454,qwq-32b,trivia_qa,free_answer,JACK THE RIPPER,Jack the Ripper,,True,True,False,10,10,10,461.0,0.028445724616435027,0.005865587196709447,0.03414844536363307,0.008491371344313547,0.04886834388264956,0.0138537478021177,0.007370997827622683,0.04764891788363457,-1.4428232973175175e-12,0.9999151890175942,1.0
trivia_qa_validation_13058,qwq-32b,trivia_qa,free_answer,The Flintstones,The Flintstones,,True,True,False,10,10,10,410.5,0.04831747975792926,0.007104508977230128,0.05495373476690542,0.006423474003601201,0.022668102098286992,0.006885986673297273,0.0017218247851102596,0.08103075623512268,-1.4428232973175175e-12,0.9999756997530141,1.0
trivia_qa_validation_02379,qwq-32b,trivia_qa,free_answer,PAKISTAN,Pakistan,,True,True,False,10,10,10,2223.7,0.03793496926116067,0.023115692094048696,0.059013021704564815,0.007360643357401495,0.154749347402994,0.08568563171729557,0.050342143295902045,0.13571690022945404,1.4854752972230063,0.9982992536816957,0.95
trivia_qa_validation_13834,qwq-32b,trivia_qa,free_answer,The Quran,the Quran,,True,True,False,10,10,10,579.6,0.042503214238717994,0.008923354998700938,0.050437620901849625,0.013893538605657191,0.04718494736464026,0.021824849002041246,0.010318023152944843,0.051998015493154526,0.4689955935863958,0.9997694932238791,1.0
trivia_qa_validation_10481,qwq-32b,trivia_qa,free_answer,A Hippopotamus.,vulture,,False,True,False,10,10,10,613.3,0.04387939244843471,0.02362765587539579,0.0630779435512491,0.010089290157997585,0.08077445882075544,0.04200625527873416,0.024405948506020014,0.1553434580564499,2.046439344663802,0.9626730182449127,0.9
trivia_qa_validation_04100,qwq-32b,trivia_qa,free_answer,American football,American football,,True,True,False,10,10,10,551.9,0.029421611126929682,0.0037829874249368984,0.03320459855186658,0.005843265029728407,0.06579967388791018,0.03917142750833992,0.030211910399809683,0.03919324278831482,-1.4428232973175175e-12,0.9999910603014027,1.0
trivia_qa_validation_13536,qwq-32b,trivia_qa,free_answer,Florence,Florence,,True,True,False,10,10,10,295.2,0.050100896535948715,0.00810661321314513,0.05749724504673428,0.013555306364230682,0.006884930759352292,0.0011235955056179802,0.0003759398496240629,0.07554050534963608,-1.4428232973175175e-12,0.9999885212344705,1.0
trivia_qa_validation_04424,qwq-32b,trivia_qa,free_answer,Melbourne,Melbourne,,True,True,False,10,10,10,327.9,0.040284103578508236,0.007743388743520365,0.0480274923220286,0.015003516607337957,0.04518914445632403,0.016813524225797814,0.007083268530954823,0.04569965973496437,-1.4428232973175175e-12,0.9999885212360243,0.95
trivia_qa_validation_12939,qwq-32b,trivia_qa,free_answer,Jack Brabham,Jack Brabham,,True,False,False,9,10,10,2089.6,0.038851290974225336,0.025976660388330748,0.06180826268646691,0.011904102222640177,0.179674739426063,0.09611833037844,0.050944389474628815,0.09762229025363922,0.4689955935863958,0.0031726756408071368,1.0
trivia_qa_validation_07416,qwq-32b,trivia_qa,free_answer,Grace Slick,Grace Slick,,True,True,False,10,10,10,936.4,0.04153539119178211,0.009835789895414237,0.04961764550378448,0.00999941051683189,0.07910286558410405,0.03343506644183812,0.0131968764743696,0.06158040463924408,-1.4428232973175175e-12,0.999903897624493,0.95
trivia_qa_validation_02273,qwq-32b,trivia_qa,free_answer,CYCLOPS,Cyclopes,,False,True,False,10,10,10,495.2,0.035537443578843406,0.007617039693227579,0.042443876156405255,0.011039473019910543,0.07593282697402769,0.04150058184780168,0.029146327269222515,0.04256376251578331,-1.4428232973175175e-12,0.9999339478929138,0.95
trivia_qa_validation_09192,qwq-32b,trivia_qa,free_answer,The Wind in the Willows,The Wind in the Willows,,True,True,False,10,10,10,444.6,0.03727711332114035,0.008276828843532407,0.045312978309251066,0.006518339138096558,0.08275633145786668,0.053315937875685296,0.037949347508527596,0.04052768275141716,-1.4428232973175175e-12,0.999841563787592,1.0
trivia_qa_validation_01170,qwq-32b,trivia_qa,free_answer,All the President’s Men,All the President's Men,,True,True,False,10,10,10,457.3,0.03480798507356656,0.0038290613984441604,0.03842696243839727,0.007628291542633683,0.046997774403934045,0.017247231206043233,0.0024942897583635102,0.04333312064409256,-1.4428232973175175e-12,0.9999724643136244,1.0
trivia_qa_validation_14424,qwq-32b,trivia_qa,free_answer,The Matterhorn,Matterhorn,,True,True,False,10,10,10,501.3,0.039459334249797126,0.007790211094695602,0.04632343243817798,0.014613414779261726,0.0481039950735571,0.01666454078773393,0.006669420433143114,0.04351438954472542,-1.4428232973175175e-12,0.9999967112507622,1.0
trivia_qa_validation_04291,qwq-32b,trivia_qa,free_answer,Jon Stewart,Jon Stewart and Jack Nicholson,,False,True,False,10,10,10,1802.7,0.05197987558777438,0.029529751373325353,0.07830996611694954,0.006678690901220033,0.14833186842649806,0.0754132827565129,0.03982422426811465,0.1075235903263092,0.9219280948830342,0.0009110503622921292,0.0
trivia_qa_validation_16467,qwq-32b,trivia_qa,free_answer,'HAPPY EVER AFTER',Terry and June,,False,True,False,10,10,10,1255.8,0.0383125813533892,0.021197693658053955,0.05712934493146238,0.007549504698477069,0.09185787535950021,0.044721882466340936,0.02527381551494191,0.16498571634292603,0.4689955935863958,0.9947798618968231,0.95
trivia_qa_validation_00715,qwq-32b,trivia_qa,free_answer,Horse racing,Cricket,,False,True,False,10,10,10,451.7,0.05588450682904855,0.010442311878295153,0.06482487491246663,0.006515269496752391,0.041381978756041896,0.015269302503688409,0.004241663591174671,0.07145489752292633,-1.4428232973175175e-12,0.9999251536164512,0.95
trivia_qa_validation_00283,qwq-32b,trivia_qa,free_answer,28,28,,True,True,False,10,10,10,938.8,0.017638762101867746,0.012211413001494021,0.02912082622014143,0.018191309257827783,0.0670690494603797,0.02822222563903115,0.011507443102337967,0.04626587778329849,-1.4428232973175175e-12,0.9999724642736251,1.0
trivia_qa_validation_02416,qwq-32b,trivia_qa,free_answer,L'OREAL,L'Oréal,,True,True,False,10,10,10,404.5,0.052682113986847454,0.01096264570553372,0.06247907501739323,0.018663864863589282,0.039436198451831196,0.020582509617216048,0.008359674658327876,0.08785232901573181,0.4689955935863958,0.9999038974939776,1.0
trivia_qa_validation_00270,qwq-32b,trivia_qa,free_answer,Helium,helium,,True,True,False,10,10,10,591.9,0.03436622138610503,0.009661225358247,0.04390768626531012,0.027000126178746066,0.06815927544514853,0.022694525944215182,0.0072694986128156724,0.03419455885887146,-1.4428232973175175e-12,0.9995694419983444,1.0
trivia_qa_validation_12272,qwq-32b,trivia_qa,free_answer,Rupee,Pakistani Rupee,,False,True,False,10,10,10,471.5,0.06234488438353615,0.009600789230529634,0.07055583654594515,0.014853321128692656,0.0322137376481774,0.01267544928753287,0.00429965261828813,0.0571044459939003,-1.4428232973175175e-12,0.9998204714605912,1.0
trivia_qa_validation_10201,qwq-32b,trivia_qa,free_answer,Sam Cooke,The Capitols,,False,True,False,10,10,10,1051.1,0.04953276867504096,0.019691646514210747,0.0659200235023513,0.0072543663645665045,0.09993030959453149,0.04427572403967132,0.021125343676039143,0.08399786055088043,0.7219280948844771,0.9984988167648988,0.95
trivia_qa_validation_08707,qwq-32b,trivia_qa,free_answer,Z,Z,,True,True,False,10,10,10,480.8,0.025435408608871647,0.012905448463565334,0.03725213300580622,0.01634408798666416,0.11075438999403024,0.05072813372779513,0.02633268894521428,0.056556474417448044,1.1567796494427114,0.9995694412993806,0.8
trivia_qa_validation_10204,qwq-32b,trivia_qa,free_answer,Fred Perry,Bunny Austin,,False,True,False,10,10,10,1725.2,0.03364961460555526,0.02057008215595338,0.05212147083322418,0.01794148105023912,0.12621571649566327,0.06371634064932664,0.03510262500232085,0.07460155338048935,1.360964047439353,0.962673062230793,0.95
trivia_qa_validation_04236,qwq-32b,trivia_qa,free_answer,Roger Bannister,Ben Hogan,,False,True,False,10,10,10,1617.8,0.050524492711396154,0.026734776031660606,0.07352883245983766,0.006565759015198213,0.17782845266051572,0.10615512583779592,0.06680533710168993,0.15797480940818787,2.046439344663802,0.8175739812422094,0.95
trivia_qa_validation_00545,qwq-32b,trivia_qa,free_answer,1st,1st,,True,True,False,10,10,10,358.5,0.05767676456631392,0.011799549696656924,0.06837946814295091,0.01475890465199221,0.031939780018870254,0.008862410472182858,0.001981240336706125,0.04155850037932396,-1.4428232973175175e-12,0.9999832985951762,0.95
trivia_qa_validation_13981,qwq-32b,trivia_qa,free_answer,Oklahoma,Oklahoma,,True,True,False,10,10,10,377.4,0.036943443800018995,0.006368670485205753,0.04331211428522476,0.008294379714592449,0.02567851865270654,0.0103578748111264,0.003024184067879565,0.0744069293141365,-1.4428232973175175e-12,0.9999810748536088,1.0
trivia_qa_validation_06747,qwq-32b,trivia_qa,free_answer,1919,1919,,True,True,False,10,10,10,567.7,0.0321054487690722,0.006822943303122303,0.03860445639546016,0.012077881436660767,0.04859731616421904,0.01785419678645648,0.007944618824228356,0.060905519872903824,-1.4428232973175175e-12,0.9984988133734493,0.95
trivia_qa_validation_09686,qwq-32b,trivia_qa,free_answer,This American Life,This American Life,,True,True,False,10,10,10,867.9,0.039276905769965065,0.01967473975357998,0.05707215884628412,0.005694927032198923,0.09606939232186573,0.032645540853172395,0.013847839882758173,0.06322207301855087,-1.4428232973175175e-12,0.0021827106893653,0.95
trivia_qa_validation_11251,qwq-32b,trivia_qa,free_answer,Edmund,Edmund,,True,True,False,10,10,10,889.3,0.03406142442917624,0.018132932766689334,0.05058404586840137,0.010762165556439923,0.11272894936934996,0.05107381419194477,0.023385229152929243,0.09559756517410278,-1.4428232973175175e-12,0.9975273773447958,1.0
trivia_qa_validation_15865,qwq-32b,trivia_qa,free_answer,Barings,Barings Bank,,True,True,False,10,10,10,326.1,0.04024904426600059,0.004652568893695329,0.044901613159695916,0.012275585372112407,0.020083801568893812,0.004018293229902414,0.0012016145426841263,0.07545298337936401,-1.4428232973175175e-12,0.9999970976871092,1.0
trivia_qa_validation_12733,qwq-32b,trivia_qa,free_answer,Deep Blue,Deep Blue,,True,True,False,10,10,10,359.4,0.031127213403499332,0.008306175464617586,0.03893253635319791,0.010474491459090268,0.033465363573819754,0.010328115207747091,0.0034910144587176227,0.03382495790719986,-1.4428232973175175e-12,0.9999930377415985,0.95
trivia_qa_validation_16908,qwq-32b,trivia_qa,free_answer,Batley,Batley,,True,True,False,10,10,10,1082.3,0.052447228666489785,0.022206959348494298,0.07069465079354391,0.006187679412946017,0.11002675939122257,0.05219602780816248,0.02681546592225026,0.07596098631620407,0.7219280948844771,0.9968273120455893,0.85
trivia_qa_validation_09434,qwq-32b,trivia_qa,free_answer,Used furniture dealer,used furniture dealer,,True,True,False,10,10,10,586.9,0.05043256970910218,0.016796433058388308,0.06494278135757706,0.009407770254275678,0.06062801160174062,0.02460171180547919,0.010217179761097117,0.059503596276044846,0.9219280948830342,0.9890130250012799,0.95
trivia_qa_validation_04837,qwq-32b,trivia_qa,free_answer,Microsoft,Microsoft,,True,True,False,10,10,10,734.8,0.046667412295500185,0.015671983277838874,0.06034692968702103,0.011415274010357915,0.05962365695458409,0.024720274173117875,0.011664193513411813,0.08155974000692368,-1.4428232973175175e-12,0.9998766053858205,0.99
trivia_qa_validation_15515,qwq-32b,trivia_qa,free_answer,DOC,Doc,,True,True,False,10,10,10,377.4,0.043711419947774055,0.005110335803365963,0.04823395139862979,0.012131129435182329,0.03979665251428825,0.014311510048286336,0.006091047109070891,0.038099393248558044,-1.4428232973175175e-12,0.9998415638303354,1.0
trivia_qa_validation_16047,qwq-32b,trivia_qa,free_answer,BARYONS,hadrons,,False,True,False,10,10,10,566.4,0.026585787734223647,0.007649381731482033,0.03394383340061468,0.01784939503727159,0.07469402061602902,0.025549706516374237,0.006256964602466353,0.057203665375709534,0.7219280948844771,0.9999756997564103,1.0
trivia_qa_validation_04863,qwq-32b,trivia_qa,free_answer,Tet,Tet,,True,True,False,10,10,10,318.5,0.03168557882364349,0.006041709100399478,0.037391717454244314,0.013807427549756005,0.04566471024540362,0.01793902490824456,0.007496777856529258,0.041098929941654205,-1.4428232973175175e-12,0.9999810748554397,1.0
trivia_qa_validation_14642,qwq-32b,trivia_qa,free_answer,HOTEL CALIFORNIA,Hotel California,,True,True,False,10,10,10,398.3,0.05656994421645904,0.006298016037485444,0.06250023246427691,0.006403691419380135,0.10874364764677966,0.08405162717492513,0.06861154586615921,0.03911460191011429,-1.4428232973175175e-12,0.9999910603068332,1.0
trivia_qa_validation_16744,qwq-32b,trivia_qa,free_answer,TARTARIC ACID,tartaric acid,,True,True,False,10,10,10,379.4,0.05319667552923015,0.010420128228568954,0.06241888068302502,0.01378885257014013,0.025852086167256906,0.00855171781280072,0.0042843856882525564,0.03973986953496933,-1.4428232973175175e-12,0.9999957771709895,0.95
trivia_qa_validation_01288,qwq-32b,trivia_qa,free_answer,Four,Par 4,,False,True,False,10,10,10,1046.7,0.046204746602761616,0.010920968486868002,0.056348573697707335,0.015486704150079234,0.10400284603841307,0.04322720913178947,0.018460337830153217,0.03580270707607269,-1.4428232973175175e-12,0.9933070862224262,0.9
trivia_qa_validation_15941,qwq-32b,trivia_qa,free_answer,Standard Oil,Standard Oil,,True,True,False,10,10,10,393.3,0.029290447119388892,0.003608714571634588,0.032899161691023485,0.010845961063723366,0.025448208177918485,0.010609820155620264,0.004771655601613745,0.04446408897638321,-1.4428232973175175e-12,0.9999832985788705,1.0
trivia_qa_validation_14754,qwq-32b,trivia_qa,free_answer,Daily Mirror,The Daily Mirror,,True,True,False,10,10,10,1158.0,0.04555997635973809,0.027486067176028573,0.06829373724060192,0.0058687121052952975,0.12304745173575324,0.05740357989210926,0.027024623981793706,0.052069373428821564,0.4689955935863958,0.991422501148068,0.95
trivia_qa_validation_06632,qwq-32b,trivia_qa,free_answer,FRANKLIN D ROOSEVELT,Franklin D. Roosevelt,,True,True,False,10,10,10,1024.6,0.015104087512859415,0.008347398536104764,0.023228277251182438,0.016240882391802106,0.10863848895019856,0.058536863243663015,0.03161596024477401,0.03370789811015129,-1.4428232973175175e-12,0.999985261016064,1.0
trivia_qa_validation_09573,qwq-32b,trivia_qa,free_answer,Jackie Robinson,Jackie Robinson,,True,True,False,10,10,10,528.1,0.026113331308872258,0.0071040703026675105,0.03299542602885386,0.011668730757903187,0.044213850376015926,0.01633804460474293,0.007037683617060442,0.0436483658850193,-1.4428232973175175e-12,0.9999930377416858,1.0
trivia_qa_validation_02737,qwq-32b,trivia_qa,free_answer,John Le Carré,John le Carré,,True,True,False,10,10,10,361.4,0.03411853388283491,0.007722854488864903,0.04184138837169982,0.009341674526907354,0.053484367975854694,0.020562151521252015,0.009253414638475422,0.07445591688156128,-1.4428232973175175e-12,0.9999970976881436,1.0
trivia_qa_validation_00636,qwq-32b,trivia_qa,free_answer,Manfred von Richtofen.,Manfred von Richthofen,,True,True,False,10,10,10,463.4,0.03899968872126735,0.00584349235402731,0.044457192677258076,0.010033248694191931,0.04796705870572421,0.017890040889675007,0.006888759720860604,0.04829372838139534,-1.4428232973175175e-12,0.9999992661788714,1.0
trivia_qa_validation_02472,qwq-32b,trivia_qa,free_answer,PENTECOST,Ascension Day,,False,True,False,10,10,10,467.9,0.02597587460277771,0.008766906824802361,0.03365071153567521,0.0173930208453784,0.0630774269751175,0.022854321003908884,0.010792211868849188,0.034190043807029724,-1.4428232973175175e-12,0.9999251537658448,0.95
trivia_qa_validation_08712,qwq-32b,trivia_qa,free_answer,MARNE-LA-VALLEE,Marne-la-Vallée,,True,True,False,10,10,10,763.5,0.03613948352190777,0.01370002730371112,0.04858167996661779,0.010962512632510819,0.08411179811088204,0.03004091655092832,0.012140246272023392,0.05424903705716133,-1.4428232973175175e-12,0.9990889455260994,1.0
trivia_qa_validation_04202,qwq-32b,trivia_qa,free_answer,People's Republic of China,China,,True,True,False,10,10,10,941.9,0.028377194907657277,0.0148301912279712,0.041293646300946674,0.016859154574898737,0.12792931058480123,0.05656950802718195,0.026391911099758282,0.03688845410943031,0.7219280948844771,0.9996200155611181,1.0
trivia_qa_validation_13742,qwq-32b,trivia_qa,free_answer,Euthanasia,Utopia,,False,True,False,10,10,10,1414.0,0.054654465348554206,0.0212093038858304,0.0733930529633341,0.006833393620163486,0.1439542704032255,0.06982737366138946,0.0372277096018931,0.083949975669384,0.9709505944517833,0.0005527771844515583,0.5
trivia_qa_validation_12330,qwq-32b,trivia_qa,free_answer,Rafael Nadal,Rafael Nadal,,True,True,False,10,10,10,1964.7,0.029456885928873883,0.013891501159276556,0.04255447625784825,0.014106917834409028,0.12266520625742214,0.0591440993269506,0.0304151403966871,0.07627053558826447,-1.4428232973175175e-12,0.9999646437361425,1.0
trivia_qa_validation_17220,qwq-32b,trivia_qa,free_answer,Bedser,Bedser,,True,True,False,10,10,10,460.0,0.04459205101106598,0.016601749587533566,0.057942348799458,0.008534561713032001,0.0696957082925427,0.03194432223133096,0.01496620642129115,0.1320875734090805,2.1609640474350247,0.9999910603077068,1.0
trivia_qa_validation_06955,qwq-32b,trivia_qa,free_answer,FRIENDS REUNITED,LoveFilm,,False,True,False,10,10,10,981.8,0.05422557558057154,0.02508289029666596,0.07461653101281993,0.007902513910492705,0.09121955396271955,0.047725478093722205,0.024928132148157967,0.24862827360630035,1.9609640474364676,0.9998415635484167,0.95
trivia_qa_validation_15566,qwq-32b,trivia_qa,free_answer,1989,1989,,True,True,False,10,10,10,880.1,0.05324343653202655,0.017710812900672734,0.06970170296050085,0.007949185816971478,0.10778358259417749,0.04679825060821309,0.0206453427982512,0.045844778418540955,0.4689955935863958,0.9241415862625088,0.95
trivia_qa_validation_10936,qwq-32b,trivia_qa,free_answer,Prometheus,Prometheus,,True,True,False,10,10,10,460.1,0.03143264818815939,0.006338797677457627,0.03719056206790006,0.013761415395553159,0.02997517741792437,0.01774053319109048,0.01152894653957992,0.051354292780160904,-1.4428232973175175e-12,0.9997040429426628,1.0
trivia_qa_validation_02186,qwq-32b,trivia_qa,free_answer,UNA STUBBS,Una Stubbs,,True,True,False,10,10,10,537.5,0.047092024971408734,0.017526110606876377,0.06257845706068389,0.004665455503934582,0.04324381506178383,0.020351784526355686,0.009300407376493102,0.07026392966508865,-1.4428232973175175e-12,0.999841563293064,0.95
trivia_qa_validation_10355,qwq-32b,trivia_qa,free_answer,David Tennant,David Tennant,,True,True,False,10,10,10,498.5,0.019637985849252703,0.009041190751924633,0.028679176601177338,0.01426507059972551,0.028566964924602978,0.007424877079939307,0.0017533543023585895,0.04875849559903145,-1.4428232973175175e-12,0.9999599363172167,0.95
trivia_qa_validation_06069,qwq-32b,trivia_qa,free_answer,BLACKBERRY,BlackBerry,,True,True,False,10,10,10,393.4,0.03858044751330576,0.013278068878442278,0.05024739247125121,0.013240654734644608,0.03907781789978239,0.010312105552201046,0.004199407877574901,0.046409811824560165,-1.4428232973175175e-12,0.9996646499133638,1.0
trivia_qa_validation_04587,qwq-32b,trivia_qa,free_answer,Barber,Barber,,True,True,False,10,10,10,398.8,0.03827286343249903,0.004259265382272128,0.042532128814771156,0.015195110684940769,0.038868471825583485,0.01642920958327021,0.00869055387403731,0.033185504376888275,-1.4428232973175175e-12,0.9999339478406427,1.0
trivia_qa_validation_11038,qwq-32b,trivia_qa,free_answer,Manchester,Manchester,,True,True,False,10,10,10,513.7,0.04666267715035961,0.011889753781090213,0.057494380545530924,0.01096366131623547,0.04620454457471561,0.015016381051495553,0.005610404488421872,0.06394119560718536,-1.4428232973175175e-12,0.9959298597467262,0.95
trivia_qa_validation_00722,qwq-32b,trivia_qa,free_answer,David Bowie,David Bowie,,True,True,False,10,10,10,445.8,0.04092221632861985,0.010404438260057233,0.049558676395842605,0.007087781888430395,0.02537837751819093,0.012302262844848222,0.007926407796336432,0.05730147287249565,-1.4428232973175175e-12,0.9999038974417751,1.0
trivia_qa_validation_10575,qwq-32b,trivia_qa,free_answer,Kamikaze,kamikaze,,True,True,False,10,10,10,429.2,0.02479854647532018,0.008362001503953309,0.0324678414896486,0.01665849943952461,0.024487145895996532,0.009612361001300996,0.004600165114352794,0.05314638465642929,-1.4428232973175175e-12,0.9999151882986169,1.0
trivia_qa_validation_14394,qwq-32b,trivia_qa,free_answer,Turandot,Turandot,,True,True,False,10,10,10,493.0,0.03812676438905262,0.008116621569623719,0.04503288648122679,0.011164425245750422,0.023651063718992914,0.005732448403084178,0.0010776786331880728,0.04650021716952324,-1.4428232973175175e-12,0.9988304869554597,0.95
trivia_qa_validation_14904,qwq-32b,trivia_qa,free_answer,EDWARD I,Edward I,,True,True,False,10,10,10,497.9,0.024796684112535543,0.0064507853457161455,0.03079039453792759,0.01012761231769048,0.05628268210117783,0.020989988607370745,0.00817733643250208,0.04426434636116028,-1.4428232973175175e-12,0.999978555042174,1.0
trivia_qa_validation_17874,qwq-32b,trivia_qa,free_answer,Bolivia,Bolivia,,True,True,False,10,10,10,354.1,0.03473399243201549,0.0033779334869105124,0.03755116365713282,0.010546743304983286,0.020072615022390917,0.0040411336642406145,0.0,0.04845907911658287,-1.4428232973175175e-12,0.9999910603053667,1.0
trivia_qa_validation_04795,qwq-32b,trivia_qa,free_answer,Mushrooms,"Fairy rings are formed by fungal mycelium and the mushrooms (fruiting bodies) that grow from it, creating a circular pattern in grassy areas.",,False,True,False,10,10,10,604.7,0.03953638768007491,0.0062038655565211775,0.04355846213980823,0.014226134207466545,0.06047271499594257,0.020921514079809266,0.006697889144024538,0.035359110683202744,2.170950594447455,0.9999599362164812,0.95
trivia_qa_validation_10105,qwq-32b,trivia_qa,free_answer,Nixon,Gerald R. Ford,,False,True,False,10,10,10,1490.9,0.05110679825360308,0.023707096653066313,0.07242086011400514,0.008477330924378705,0.14077519572621372,0.06810664921901399,0.03490985512587448,0.05154918134212494,0.7219280948844771,0.989013030156729,0.9
trivia_qa_validation_05520,qwq-32b,trivia_qa,free_answer,James Hogg,James Hogg,,True,True,False,10,10,10,481.9,0.02814154945328163,0.005944234984841287,0.034085784438122914,0.00897720616205155,0.05122429810607888,0.02321256592820007,0.012017544204136588,0.06213663890957832,-1.4428232973175175e-12,0.9997040425801048,1.0
trivia_qa_validation_13652,qwq-32b,trivia_qa,free_answer,France,France,,True,False,False,9,10,10,2483.1,0.020020630235596654,0.01634266159706231,0.03469681313316694,0.0062449834806664805,0.13421477825082107,0.0737470106546696,0.0450232221598645,0.06702863425016403,0.9219280948830342,0.0011695063058317662,1.0
trivia_qa_validation_03711,qwq-32b,trivia_qa,free_answer,Elijah,Elijah,,True,True,False,10,10,10,476.9,0.03208654672160339,0.005733444844469384,0.03757668256363968,0.011686541346682523,0.04691022980353922,0.016735728325983846,0.005074635694005136,0.05833429843187332,-1.4428232973175175e-12,0.9999417087465987,1.0
trivia_qa_validation_11604,qwq-32b,trivia_qa,free_answer,Mr Waverly,Alexander Waverly,,False,True,False,10,10,10,725.0,0.04024923345194719,0.012650004056856668,0.05180181979225042,0.00804844639947411,0.06696131957106496,0.02863146543750923,0.013731963936138547,0.09540390223264694,0.4689955935863958,0.9998204720222824,0.95
trivia_qa_validation_13932,qwq-32b,trivia_qa,free_answer,The Breakfast Club,Ferris Bueller's Day Off,,False,True,False,10,10,10,539.9,0.03404958794139694,0.011977422737406863,0.04395774869075923,0.01130417846567986,0.05618453309369929,0.022902958307106768,0.009411092341963145,0.08518973737955093,0.8812908992278072,0.999569442983626,1.0
trivia_qa_validation_04772,qwq-32b,trivia_qa,free_answer,South Caucasus,Lesser Caucasus Mountains,,False,True,False,10,10,10,839.2,0.0346262387361398,0.01328384492454313,0.046684503208164946,0.012852183254915637,0.15273350625707977,0.06578971604745582,0.03004301118159731,0.03901764750480652,0.4689955935863958,0.977022584610326,0.95
trivia_qa_validation_12312,qwq-32b,trivia_qa,free_answer,Ice Age,Little Ice Age,,False,True,False,10,10,10,498.9,0.04224816049831068,0.0061526383374621105,0.04840079883577279,0.007737189757283517,0.049518976972557485,0.022635195830341636,0.00933261775155404,0.04392850771546364,-1.4428232973175175e-12,0.9999898700077059,1.0
trivia_qa_validation_00143,qwq-32b,trivia_qa,free_answer,Swimming,Chinese national swimming team,,False,True,False,10,10,10,1679.9,0.05375609342108345,0.029076640222657317,0.07873391673188992,0.004917357797163504,0.2259682735898399,0.14154437475573398,0.08887500550764107,0.10630471259355545,2.321928094878706,0.00015843613168891468,0.6
trivia_qa_validation_16356,qwq-32b,trivia_qa,free_answer,CANADA (1988),"Alternatively, maybe the question is considering that the 2022 Winter Olympics were",,False,False,True,5,10,10,5635.6,0.02763598753350824,0.02399295457344417,0.05042176302422121,0.018109764397177156,0.30600693022441,0.19504786208999592,0.12666274538982392,0.03407519310712814,2.1609640474350247,0.00012339412035365578,0.5
trivia_qa_validation_05430,qwq-32b,trivia_qa,free_answer,8,8,,True,True,False,10,10,10,1411.1,0.03335602528989609,0.014137388170099569,0.046413843972586695,0.010515545996834519,0.11053621075552582,0.04871416914307771,0.022812459014467722,0.05080574005842209,0.7219280948844771,0.9980732564244058,0.95
trivia_qa_validation_07902,qwq-32b,trivia_qa,free_answer,JEROME K. JEROME,Douglas Adams,,False,True,False,10,10,10,1136.4,0.05351965978163444,0.021655386512133626,0.07282017095100748,0.006772867057574803,0.13825566386267832,0.08586011133028892,0.05586338631918751,0.17784549295902252,2.1609640474350247,0.996827310201553,0.9
trivia_qa_validation_02704,qwq-32b,trivia_qa,free_answer,Rainfall,pluvial refers to a climatic period of increased rainfall or wetter conditions,,False,True,False,10,10,10,535.8,0.04267187074966152,0.006988450327079386,0.049427220843640686,0.010488217425387213,0.02864850171740415,0.01192412875185459,0.005310959701127671,0.05586566776037216,2.1609640474350247,0.9999599363067319,0.95
trivia_qa_validation_03370,qwq-32b,trivia_qa,free_answer,Carbon,Carbon,,True,True,False,10,10,10,395.0,0.02931702468188969,0.008123679483091683,0.03744070416498139,0.01635882318138655,0.04275827345614165,0.022585703026389348,0.014083701445524765,0.03614616021513939,-1.4428232973175175e-12,0.9999910603043068,1.0
trivia_qa_validation_09132,qwq-32b,trivia_qa,free_answer,Memory,Walking in the Air,,False,True,False,10,10,10,651.5,0.04375982785486597,0.011688232540058822,0.05391424104203578,0.006373511115455659,0.07272179156035585,0.033843212793945456,0.014807549251800101,0.1544971615076065,2.6464393446609162,0.9933071111997593,0.95
trivia_qa_validation_10486,qwq-32b,trivia_qa,free_answer,Dancing With The Stars,Dancing with the Stars,,True,True,False,10,10,10,430.3,0.04068468729204607,0.006546770472718261,0.047009235542542105,0.0099348591750823,0.066334819030872,0.028550027703598425,0.008104198795651552,0.0649828240275383,-1.4428232973175175e-12,0.9999810748573353,1.0
trivia_qa_validation_05398,qwq-32b,trivia_qa,free_answer,PICKWICK,Bye Bye Birdie,,False,True,False,10,10,10,544.6,0.049684619617173645,0.01785139525844585,0.06382972784921283,0.00529818367796518,0.0897688193765137,0.05693458239355585,0.03708945543400947,0.2531152069568634,2.6464393446609167,0.9984988122172759,0.95
trivia_qa_validation_14741,qwq-32b,trivia_qa,free_answer,SAMOA,Samoa,,True,True,False,10,10,10,956.5,0.029158797167134966,0.017364743608989718,0.045036618024382614,0.010903528317619633,0.0794476049576962,0.032725150479397024,0.013060127392065957,0.07437693327665329,0.4689955935863958,0.9975273785268063,1.0
trivia_qa_validation_00484,qwq-32b,trivia_qa,free_answer,St Jude,Saint Jude Thaddeus,,True,True,False,10,10,10,552.4,0.053553484520158734,0.009796545511178908,0.06216850497890759,0.00786061685736317,0.05234640605113218,0.02531534341913918,0.013201698571997444,0.05318145826458931,-1.4428232973175175e-12,0.9996200156723607,0.95
trivia_qa_validation_02728,qwq-32b,trivia_qa,free_answer,Heel bone,calcaneum is the heel bone,,False,True,False,10,10,10,519.6,0.04146878336547628,0.007623837170146161,0.04892050349603552,0.010321984512628609,0.06490039654192216,0.02160928623351289,0.00909508404788999,0.048813480883836746,-1.4428232973175175e-12,0.9999646437413927,0.95
trivia_qa_validation_06667,qwq-32b,trivia_qa,free_answer,SOUTH AFRICA,United Kingdom,,False,True,False,10,10,10,643.1,0.0538648797702926,0.02221482529493835,0.07387626722851001,0.0135176827000094,0.1062596746904821,0.0525841455753807,0.02483764617368154,0.14053253829479218,1.2954618442339936,0.0001088966449886176,0.1
trivia_qa_validation_02265,qwq-32b,trivia_qa,free_answer,VICE ADMIRAL,Vice Admiral,,True,True,False,10,10,10,976.4,0.04085491102597395,0.012608939708291234,0.05245797391795276,0.014746026574853518,0.11634628385466561,0.04869606088096636,0.022787670059435515,0.05529681220650673,-1.4428232973175175e-12,0.9975273697232531,0.95
trivia_qa_validation_10405,qwq-32b,trivia_qa,free_answer,Wildcats,Private Lessons,,False,False,False,9,10,10,2683.3,0.04629776299906633,0.03574462950835931,0.07871636869734673,0.003730176284401968,0.19598865773066243,0.10926667061097066,0.0633572983945632,0.17459462583065033,2.6464393446609167,0.9993736636895928,1.0
trivia_qa_validation_00148,qwq-32b,trivia_qa,free_answer,USA,United States,,True,True,False,10,10,10,464.9,0.026314593341739672,0.005544975759277182,0.031624827316979284,0.01354359341932838,0.04248720820215897,0.014335741569976223,0.004590701613275139,0.05227048695087433,-1.4428232973175175e-12,0.9999417087599645,1.0
trivia_qa_validation_14527,qwq-32b,trivia_qa,free_answer,HECTOR BERLIOZ,Hector Berlioz,,True,True,False,10,10,10,760.2,0.028736744355900033,0.0122281841116345,0.03937405380369,0.009464586469632563,0.05007257148605149,0.019746591368326395,0.007071564948853648,0.0414801724255085,-1.4428232973175175e-12,0.9998766051398136,1.0
trivia_qa_validation_04829,qwq-32b,trivia_qa,free_answer,Space Jam,Space Jam,,True,True,False,10,10,10,467.7,0.04199707511611846,0.011527561299153844,0.05188452544732054,0.008652386293678831,0.02591266945434486,0.009169650027590449,0.0039673828988116555,0.1085897758603096,-1.4428232973175175e-12,0.9999417087613182,0.95
trivia_qa_validation_14601,qwq-32b,trivia_qa,free_answer,BRIDGE OVER TROUBLED WATER,Queen's Greatest Hits,,False,True,False,10,10,10,1257.6,0.0474030441607247,0.015503234826277903,0.05899698997894605,0.010585400286233643,0.09907279595068912,0.0486155653464085,0.02340886511386715,0.16893179714679718,1.9609640474364676,0.9525740002137348,0.9
trivia_qa_validation_07232,qwq-32b,trivia_qa,free_answer,Humidity,humidity,,True,True,False,10,10,10,448.1,0.04478567903700557,0.006046145998902632,0.05063765027862664,0.01406542858481088,0.03132680932896444,0.012954132275217656,0.005954050260204902,0.0478302426636219,-1.4428232973175175e-12,0.9999977396782458,0.95
trivia_qa_validation_14234,qwq-32b,trivia_qa,free_answer,1973,1973,,True,True,False,10,10,10,701.4,0.04964762495263413,0.017212926814593403,0.06401980542083548,0.008069007218063197,0.0418124086380974,0.014264130674881036,0.005533706164822938,0.07514605671167374,-1.4428232973175175e-12,0.9997965726714394,0.95
trivia_qa_validation_03932,qwq-32b,trivia_qa,free_answer,Donna Summer,Donna Summer,,True,True,False,10,10,10,432.0,0.04623249593684681,0.00855792292014133,0.05363475654278924,0.009337561672193875,0.045462724894735705,0.02559948841962927,0.013705158938793848,0.07541909068822861,-1.4428232973175175e-12,0.9999687980758789,0.95
trivia_qa_validation_05020,qwq-32b,trivia_qa,free_answer,Vincent Van Gogh,Vincent van Gogh,,True,True,False,10,10,10,498.7,0.04667054038609687,0.005732819186010802,0.05155010737608155,0.006442760686337308,0.03801693334926391,0.010373966980072914,0.002984134427795182,0.0741967111825943,-1.4428232973175175e-12,0.9995694430072463,1.0
trivia_qa_validation_05092,qwq-32b,trivia_qa,free_answer,Tết,Tet,,False,True,False,10,10,10,243.5,0.04281606484049267,0.013007592408985849,0.05454637880944348,0.008920635764134207,0.03299822720733849,0.009826253090882264,0.0030069132029916347,0.042427223175764084,-1.4428232973175175e-12,0.9999852610168198,1.0
trivia_qa_validation_07151,qwq-32b,trivia_qa,free_answer,Vienna,Vienna,,True,True,False,10,10,10,538.6,0.052577789871643674,0.011676993485753418,0.06246175534745796,0.009163982902283237,0.02446922642141961,0.004800917949099359,0.0011402852471143255,0.06157057732343674,-1.4428232973175175e-12,0.9999546021300342,1.0
trivia_qa_validation_04086,qwq-32b,trivia_qa,free_answer,Emma Bunton,Emma Bunton,,True,True,False,10,10,10,453.5,0.035807667762847065,0.005746647023667766,0.0408894643134487,0.009033240414951396,0.09247492061990184,0.05427386931411338,0.03677068960464445,0.04949179291725159,-1.4428232973175175e-12,0.9999869928703198,1.0
trivia_qa_validation_15597,qwq-32b,trivia_qa,free_answer,Octopussy,Octopussy,,True,True,False,10,10,10,839.5,0.04221408354495532,0.019832636447496853,0.05889019199501274,0.008107782369126503,0.06559648886033456,0.0239387519249619,0.01104288737134541,0.14115028083324432,1.6854752972215634,0.9999251537682061,1.0
trivia_qa_validation_04148,qwq-32b,trivia_qa,free_answer,Ballet,"Ballet, specifically as a founder and director of the Royal Ballet",,False,True,False,10,10,10,420.5,0.039840622435935974,0.008786604867439813,0.046871601276219546,0.012409183706109151,0.06445003059392776,0.024705934317098076,0.0060994402762451164,0.06812526285648346,2.4464393446623593,0.9999785550600675,0.95
trivia_qa_validation_02766,qwq-32b,trivia_qa,free_answer,Haggis,haggis,,True,True,False,10,10,10,807.8,0.03717565900320395,0.008894344813631322,0.044580141433174056,0.010236793223235313,0.05010176503743167,0.019543860884346752,0.008152097584312335,0.07500357925891876,0.7219280948844771,0.9975273730349248,1.0
trivia_qa_validation_07242,qwq-32b,trivia_qa,free_answer,SOME LIKE IT HOT,Some Like It Hot,,True,True,False,10,10,10,586.0,0.04498186696215208,0.009510010258498684,0.05371351331540754,0.004922657713389096,0.05942459339648178,0.02584160229052087,0.011567428852048377,0.05539968982338905,-1.4428232973175175e-12,0.9999991684716161,1.0
trivia_qa_validation_00160,qwq-32b,trivia_qa,free_answer,South Africa,United Kingdom,,False,True,False,10,10,10,848.2,0.03535655888554401,0.011499080998750138,0.046265150338257,0.019742340043315154,0.09671428904499253,0.04569586073254696,0.023729007212791354,0.08268574625253677,0.9709505944517833,0.9994472177009345,1.0
trivia_qa_validation_08757,qwq-32b,trivia_qa,free_answer,1883,1883,,True,True,False,10,10,10,484.9,0.037461263320624105,0.0039404249454476235,0.04140168826607173,0.009379558663367416,0.04313479393729332,0.019372434940975635,0.01009186790691261,0.06304416805505753,-1.4428232973175175e-12,0.9999417087200352,1.0
trivia_qa_validation_15944,qwq-32b,trivia_qa,free_answer,Australia,Australia,,True,True,False,10,10,10,474.1,0.026577011125723728,0.003369877494958615,0.029746085407830934,0.006029764547895946,0.04276233603183684,0.017289620082468128,0.008095872586108476,0.03368885815143585,-1.4428232973175175e-12,0.9999977396762685,1.0
trivia_qa_validation_03325,qwq-32b,trivia_qa,free_answer,Diamond,diamond,,True,True,False,10,10,10,989.9,0.04219008536707673,0.01577820839754293,0.057123628944568086,0.011631142488802117,0.11300067079564453,0.05103636649342282,0.026358745343693635,0.055741213262081146,0.8812908992278072,0.4378226896398017,1.0
trivia_qa_validation_03466,qwq-32b,trivia_qa,free_answer,225 degrees,225,,False,True,False,10,10,10,692.3,0.01586480179315728,0.009856143022620483,0.0255973354214638,0.019940592780219348,0.04738081040167545,0.015843608355060722,0.007119199258232256,0.06300930678844452,-1.4428232973175175e-12,0.9968273124546115,1.0
trivia_qa_validation_04152,qwq-32b,trivia_qa,free_answer,Baily's Beads,solar corona,,False,True,False,10,10,10,589.3,0.04285122835909921,0.006384017336107895,0.04795716063404777,0.015933576652236915,0.08715936846618935,0.04140131696873325,0.02096701795433442,0.03866449370980263,-1.4428232973175175e-12,0.999512143164019,0.95
trivia_qa_validation_08334,qwq-32b,trivia_qa,free_answer,PDSA,PDSA,,True,True,False,10,10,10,414.4,0.05126849503292445,0.006068214861748908,0.05666875767403125,0.01070494811626487,0.0563182882050717,0.025948370543233457,0.009508113732663515,0.03563600033521652,-1.4428232973175175e-12,0.9999038975942202,1.0
trivia_qa_validation_12413,qwq-32b,trivia_qa,free_answer,Panama Canal,Panama Canal,,True,True,False,10,10,10,1050.1,0.02912206942915404,0.020277514934431314,0.047875896321304554,0.01748753851409701,0.14641363905255567,0.06561531062369423,0.02938600042834664,0.04654154181480408,-1.4428232973175175e-12,0.9997694926611387,1.0
trivia_qa_validation_02300,qwq-32b,trivia_qa,free_answer,BARTOK,Béla Bartók,,True,True,False,10,10,10,552.9,0.041173430688344816,0.008451575498622996,0.04889192643518043,0.0067112859391486885,0.0267281528269561,0.004174409484242569,0.0008168766140132955,0.03458227589726448,-1.4428232973175175e-12,0.9999687980885054,1.0
trivia_qa_validation_08500,qwq-32b,trivia_qa,free_answer,VINCE CABLE,Tom Pursglove,,False,True,False,10,10,10,1366.4,0.035911063786668355,0.01924956874734402,0.053572870867380606,0.009182464862872362,0.16882615131415463,0.10050937594156348,0.0643337096141698,0.0910019800066948,1.9609640474364676,0.9933071358524348,0.95
trivia_qa_validation_10340,qwq-32b,trivia_qa,free_answer,Cliff Thorburn,Barry Hawkins,,False,True,False,10,10,10,1157.7,0.05087598455728416,0.02612713093575273,0.07341761622011507,0.010916326629086889,0.09121997740274532,0.04451546633445648,0.022641695078004655,0.12680482864379883,2.321928094878706,0.9940889176470784,0.95
trivia_qa_validation_12394,qwq-32b,trivia_qa,free_answer,White,white,,True,True,False,10,10,10,614.1,0.054684441667436454,0.009485835658420514,0.06317050915346557,0.008232741594527077,0.034023055547336215,0.007445750546134988,0.0025438398487065304,0.05119785666465759,-1.4428232973175175e-12,0.9968272928080558,0.95
trivia_qa_validation_03713,qwq-32b,trivia_qa,free_answer,Sweeney Todd,Sweeney Todd,,True,True,False,10,10,10,427.6,0.024714589796599372,0.007552241100547924,0.03186450906391696,0.018321939256659307,0.05765760776908431,0.026240740426837238,0.014469416889036657,0.037619177252054214,-1.4428232973175175e-12,0.9999546021255177,1.0
trivia_qa_validation_11027,qwq-32b,trivia_qa,free_answer,November,November,,True,True,False,10,10,10,399.3,0.04012606738421675,0.011725666080711055,0.05045764472795976,0.017947151388309775,0.07068158725796599,0.029085020511022373,0.012089171135443277,0.058680206537246704,-1.4428232973175175e-12,0.9998415630986567,1.0
trivia_qa_validation_08979,qwq-32b,trivia_qa,free_answer,Roy Keane,Roy Keane,,True,True,False,10,10,10,1313.5,0.03731649103589959,0.016531264955694215,0.05128944832981476,0.009958536638957115,0.13221164486459833,0.06356126160582051,0.029897898106392228,0.12389793246984482,1.7219280948815914,0.9998415638444531,0.95
trivia_qa_validation_06209,qwq-32b,trivia_qa,free_answer,Downton Abbey,Downton Abbey,,True,True,False,10,10,10,1270.7,0.05429985979407699,0.03159451703396438,0.0817997254858325,0.009404429287770182,0.11917058715052478,0.05619956917618925,0.029985811257623972,0.07009686529636383,1.1567796494427114,0.9990889452116476,0.9
trivia_qa_validation_01498,qwq-32b,trivia_qa,free_answer,Grover,Grover,,True,True,False,10,10,10,1321.4,0.03977208925015539,0.023948400888117564,0.05891416051462965,0.009665528609119196,0.1103964521095075,0.049829578648615744,0.019055145710183054,0.06937376409769058,0.4689955935863958,0.9859363234505939,1.0
trivia_qa_validation_16056,qwq-32b,trivia_qa,free_answer,(Orchestral) CONDUCTOR,conductor,,False,True,False,10,10,10,425.5,0.04645309215895383,0.0076760178125761915,0.053464901077456814,0.010877422684239057,0.03227321814062793,0.01529365288211464,0.007645590882544917,0.0462418869137764,-1.4428232973175175e-12,0.999933947452503,0.95
trivia_qa_validation_09720,qwq-32b,trivia_qa,free_answer,George Orwell,George Orwell,,True,True,False,10,10,10,318.3,0.025541766230652546,0.006828059525198915,0.031800757595016084,0.00942653861176165,0.07193306279085374,0.04185316282149815,0.02481279086192756,0.055706851184368134,-1.4428232973175175e-12,0.9999930377406057,1.0
trivia_qa_validation_16784,qwq-32b,trivia_qa,free_answer,MICROSOFT,Microsoft,,True,True,False,10,10,10,364.0,0.03934285824463121,0.004798190344956278,0.04390124043611028,0.014634038823998607,0.03465235524479138,0.011678055440321588,0.00440723309151968,0.0393955372273922,-1.4428232973175175e-12,0.9999990577552859,1.0
trivia_qa_validation_03661,qwq-32b,trivia_qa,free_answer,Jawbone,"Hmm. I think I need to conclude. The answer is the temporomandibular joint, but",,False,False,True,10,10,10,2448.9,0.037188877689414826,0.024189426659389314,0.05909193143885928,0.012126232869862658,0.3133102294504239,0.20351325862033942,0.13761691730280898,0.06470778584480286,-1.4428232973175175e-12,0.9990889401033332,0.85
trivia_qa_validation_17758,qwq-32b,trivia_qa,free_answer,Function,function,,True,True,False,10,10,10,375.0,0.04331868032167682,0.00610988129842076,0.04892851161509708,0.010885860835840708,0.03984919197671403,0.016524646774489848,0.008840543966280168,0.05397873371839523,-1.4428232973175175e-12,0.9999485577872853,1.0
trivia_qa_validation_11813,qwq-32b,trivia_qa,free_answer,UNDER MILKWOOD,A Child's Christmas in Wales,,False,True,False,10,10,10,627.0,0.04548861548091539,0.012348065661205405,0.056311542100684786,0.006419907402107917,0.10054275295764126,0.052809765158051844,0.0278786452329259,0.05866753309965134,0.4689955935863958,0.9998415627039668,1.0
trivia_qa_validation_11982,qwq-32b,trivia_qa,free_answer,KRYPTON,krypton,,True,True,False,10,10,10,402.3,0.03658660571024156,0.009347005190134561,0.04446168067110245,0.02670353754778577,0.04946252187055783,0.016319453699790376,0.0038832493726801086,0.03366585820913315,-1.4428232973175175e-12,0.9999151890105586,1.0
trivia_qa_validation_13147,qwq-32b,trivia_qa,free_answer,Manuel Noriega,Manuel Noriega,,True,True,False,10,10,10,590.9,0.017835222702373917,0.006100524349089221,0.02330879052358865,0.006696340120792854,0.08495279330073312,0.040233709899837565,0.01826951810993068,0.03458443656563759,-1.4428232973175175e-12,0.999985261019513,1.0
trivia_qa_validation_03883,qwq-32b,trivia_qa,free_answer,China,China,,True,True,False,10,10,10,635.9,0.04451836672069401,0.01241842024769002,0.05488074063743762,0.01073435615199914,0.02602447636583701,0.007812655985886697,0.002548604813206579,0.07397639006376266,-1.4428232973175175e-12,0.9999756997611007,1.0
trivia_qa_validation_00710,qwq-32b,trivia_qa,free_answer,Charles II,Charles II,,True,True,False,10,10,10,654.4,0.031812280469754525,0.008215615362698334,0.0392988901601245,0.011484850045289641,0.054199773043736035,0.023593832582657327,0.012353257481197954,0.043355148285627365,-1.4428232973175175e-12,0.9975273719187208,0.95
trivia_qa_validation_01443,qwq-32b,trivia_qa,free_answer,Henry V,Henry V,,True,True,False,10,10,10,1254.3,0.022405046623119644,0.014124421542214414,0.03492938107516322,0.021228862855849705,0.14204814466708615,0.06489208258231167,0.032220748153414455,0.046586424112319946,-1.4428232973175175e-12,0.9990889457524832,1.0
trivia_qa_validation_02550,qwq-32b,trivia_qa,free_answer,John NAPIER,John Napier,,True,True,False,10,10,10,538.6,0.028933584563824367,0.007330028440903506,0.03563756217086163,0.00924009499602546,0.034448316492891595,0.02149719536060717,0.016070323132043117,0.04332643747329712,-1.4428232973175175e-12,0.9999952149057324,1.0
trivia_qa_validation_00348,qwq-32b,trivia_qa,free_answer,Maria Sharapova,Amélie Mauresmo,,False,True,False,10,10,10,1877.4,0.045542361454167735,0.02570689323558925,0.06797852785072105,0.007489208296103958,0.1538707371991098,0.07682155745999944,0.03972951470002789,0.09424559026956558,1.7219280948815914,0.0024726148268397804,0.9
trivia_qa_validation_05540,qwq-32b,trivia_qa,free_answer,SANTIAGO,Santiago,,True,True,False,10,10,10,429.5,0.029856679916699554,0.004634224660184939,0.03410042914461302,0.009384660767220523,0.05737492050668075,0.019905009590751623,0.013520492205175306,0.024564191699028015,-1.4428232973175175e-12,0.9999992661788789,1.0
trivia_qa_validation_17936,qwq-32b,trivia_qa,free_answer,Geoffrey,Geoffrey,,True,True,False,10,10,10,381.1,0.05520855522063754,0.011213159559099435,0.06465910820060979,0.010319207823224175,0.039999568629128346,0.020017709282128225,0.016805363595490654,0.05099218338727951,-1.4428232973175175e-12,0.9999485577711351,0.95
trivia_qa_validation_04756,qwq-32b,trivia_qa,free_answer,Romeo and Juliet,Romeo and Juliet,,True,True,False,10,10,10,320.8,0.034598704916536646,0.008793213154188118,0.0424248423908297,0.010018930531380425,0.02028160547366109,0.002790008929976118,0.0005681818181818232,0.06369705498218536,-1.4428232973175175e-12,0.9999599362975077,1.0
trivia_qa_validation_01754,qwq-32b,trivia_qa,free_answer,The Bridge,Wallander,,False,True,False,10,10,10,566.4,0.03201636447669108,0.013241964882626989,0.0437724115280656,0.010492062460863564,0.0717094850078631,0.029034238697747062,0.012876166624122321,0.0761309489607811,-1.4428232973175175e-12,0.995390429717354,0.85
trivia_qa_validation_01899,qwq-32b,trivia_qa,free_answer,Dover,Dover,,True,True,False,10,10,10,535.1,0.049141933164860666,0.010504460038108334,0.059312010387677826,0.009163058585392745,0.017235352296589256,0.003170128161313834,0.0005107182826015744,0.06829915940761566,-1.4428232973175175e-12,0.9999599359994122,0.95
trivia_qa_validation_00420,qwq-32b,trivia_qa,free_answer,Elysian Fields,Elysian Fields,,True,True,False,10,10,10,623.2,0.04106950678197258,0.00480535156363885,0.04568794245776097,0.011699174535268447,0.03105966475825215,0.009901716752216882,0.004357831753242569,0.04868096858263016,0.9999999999971146,0.9997388097064321,0.95
trivia_qa_validation_01711,qwq-32b,trivia_qa,free_answer,IBM,IBM,,True,True,False,10,10,10,453.6,0.050910420568737624,0.00781862884256596,0.05795684576122513,0.010844358933651625,0.01954969925834721,0.006683785020754918,0.0027372800452579392,0.06305413693189621,-1.4428232973175175e-12,0.9999869928761767,0.99
trivia_qa_validation_13181,qwq-32b,trivia_qa,free_answer,Spain,Spain,,True,True,False,10,10,10,490.3,0.06866045604459106,0.009337168335865998,0.0760655767681798,0.009159195476270438,0.028247214823379375,0.012333660790669044,0.007272538185352895,0.04013270139694214,-1.4428232973175175e-12,0.9995694429668155,0.95
trivia_qa_validation_15521,qwq-32b,trivia_qa,free_answer,FERDINAND PORSCHE,Ferdinand Porsche,,True,True,False,10,10,10,512.9,0.03633036729579841,0.006368170087063958,0.042515722026372424,0.01189001473860257,0.02551869469437784,0.007732644492091411,0.0034205564499118156,0.0488700270652771,-1.4428232973175175e-12,0.9994472208365367,0.95
trivia_qa_validation_11277,qwq-32b,trivia_qa,free_answer,Buckingham Palace,Buckingham Palace,,True,True,False,10,10,10,554.3,0.03132377013729289,0.007429367050496854,0.03791241645910987,0.014692158919001991,0.06971179154551686,0.021023742744830133,0.007545539274040325,0.04632292687892914,-1.4428232973175175e-12,0.9990889473904357,0.95
trivia_qa_validation_03142,qwq-32b,trivia_qa,free_answer,Neon,neon,,True,True,False,10,10,10,575.0,0.029887252061186614,0.0076841308036385576,0.03724501349775813,0.01204425021145063,0.051903639296456784,0.023130400599471922,0.011552559353246328,0.039308588951826096,-1.4428232973175175e-12,0.9999251537429211,1.0
trivia_qa_validation_17657,qwq-32b,trivia_qa,free_answer,NASCAR,NASCAR,,True,True,False,10,10,10,802.9,0.057840052051264045,0.016539454661490656,0.07007074531916453,0.009190057232229472,0.11476248701014066,0.05988658187508825,0.026750041571679817,0.03548886999487877,-1.4428232973175175e-12,0.9996200144353811,1.0
trivia_qa_validation_04364,qwq-32b,trivia_qa,free_answer,Architecture,Architecture,,True,True,False,10,10,10,451.5,0.04555588559781594,0.012793108754494877,0.056651183716353096,0.009988051284162235,0.04771085791197597,0.01686741082704607,0.006880104921114261,0.08797076344490051,-1.4428232973175175e-12,0.9999869928769709,0.95
trivia_qa_validation_03140,qwq-32b,trivia_qa,free_answer,30,30,,True,True,False,10,10,10,1018.3,0.01517714746799747,0.005059117691749873,0.02023626515974734,0.01933259053057925,0.09142648753998188,0.042395491364652635,0.013827506234714371,0.04075990244746208,-1.4428232973175175e-12,0.9999977396749998,1.0
trivia_qa_validation_06689,qwq-32b,trivia_qa,free_answer,ASTOR,Astor,,True,True,False,10,10,10,811.3,0.030537957168860642,0.0068996641602106345,0.03686346754541412,0.009170784636717815,0.0604255040268767,0.02045281645137038,0.009226096438914233,0.05495015159249306,-1.4428232973175175e-12,0.9988304841988909,0.9
trivia_qa_validation_15502,qwq-32b,trivia_qa,free_answer,Pineapple,pineapple,,True,True,False,10,10,10,362.0,0.05127335327710779,0.010088026312530671,0.061088155545922604,0.013422062069358965,0.013716059776719835,0.0008888888888888835,0.0,0.05317407101392746,-1.4428232973175175e-12,0.9999974387179035,1.0
trivia_qa_validation_14235,qwq-32b,trivia_qa,free_answer,Tanzania,Tanzania,,True,True,False,10,10,10,459.6,0.05030503781280893,0.011422429442367186,0.05984661586305597,0.013158596344800141,0.038237352567359606,0.00777171491432932,0.0017107894930666224,0.0461374931037426,-1.4428232973175175e-12,0.9999038972307146,1.0
trivia_qa_validation_00418,qwq-32b,trivia_qa,free_answer,Kenneth Branagh,Kenneth Branagh,,True,True,False,10,10,10,593.1,0.039592543058843875,0.010913767777608418,0.0499067621438009,0.01250166968216887,0.04143747624807852,0.013384784262844729,0.0043013863652410335,0.0525774322450161,-1.4428232973175175e-12,0.9996646499478474,1.0
trivia_qa_validation_14036,qwq-32b,trivia_qa,free_answer,Sufjan Stevens,Jason Isbell,,False,True,False,10,10,10,752.5,0.044148865035328985,0.02558290262223765,0.06615446129136907,0.007406413057150027,0.07171076871388522,0.0336403508287218,0.018098380712415773,0.13787998259067535,1.1567796494427114,0.001325020531361075,0.9
trivia_qa_validation_12824,qwq-32b,trivia_qa,free_answer,Elsinor,Elsinore,,False,True,False,10,10,10,917.7,0.0359039955795144,0.01499381551687721,0.049422971929315225,0.015572357248269001,0.09451146835209473,0.04352220999412817,0.023296034609686746,0.05946335941553116,-1.4428232973175175e-12,0.9984988180840939,0.95
trivia_qa_validation_00649,qwq-32b,trivia_qa,free_answer,Seth,Set,,False,True,False,10,10,10,658.5,0.03639896227253801,0.0075642351874152195,0.042658919266380754,0.011442674566597724,0.04513338012448818,0.014499355124019786,0.005865472066754962,0.0713159441947937,0.9709505944517833,0.9984988146716196,0.95
trivia_qa_validation_08477,qwq-32b,trivia_qa,free_answer,Worshipful Company of MERCERS,Mercers' Company,,True,True,False,10,10,10,505.9,0.039695373817889935,0.010472720816258257,0.049809615280438924,0.011271481086457721,0.03582237547177016,0.01034641405773622,0.0034387806152405,0.06514395773410797,0.7219280948844771,0.9997965721426191,1.0
trivia_qa_validation_05433,qwq-32b,trivia_qa,free_answer,JOWETT,Jowett,,True,True,False,10,10,10,1716.5,0.0475595795378153,0.025372850026902382,0.06885263431461539,0.005466733955517255,0.15144770062851967,0.09014346578487498,0.054200095136937784,0.13443975150585175,1.3567796494412687,0.9997040408562168,0.9
trivia_qa_validation_15011,qwq-32b,trivia_qa,free_answer,BEA,British European Airways,,False,True,False,10,10,10,417.0,0.042543013817959115,0.005238449889161287,0.04778146370712039,0.012164562268623577,0.04513260858143977,0.026243777829725656,0.018062362405651622,0.03976207971572876,0.9709505944517833,0.9999957771672388,1.0
trivia_qa_validation_02765,qwq-32b,trivia_qa,free_answer,Kyrgystan,Kyrgyzstan,,True,True,False,10,10,10,697.5,0.04313703063690365,0.022591185161227656,0.0618270946582942,0.007622583291461288,0.07055130995751847,0.025867414920367295,0.008027215327734072,0.042155422270298004,-1.4428232973175175e-12,0.002472620338375551,0.9
trivia_qa_validation_11178,qwq-32b,trivia_qa,free_answer,Greg Davies,Ant McPartlin,,False,True,False,10,10,10,1074.3,0.05363188262191633,0.03480648736604882,0.0844077921797391,0.0036204441770374754,0.09893681010118403,0.044162742561668814,0.019553849844314353,0.10303815454244614,2.8464393446594736,1.1478745222041892e-05,1.0
trivia_qa_validation_08194,qwq-32b,trivia_qa,free_answer,VANCOUVER,Vancouver,,True,True,False,10,10,10,387.4,0.04689797970510788,0.01188045219975954,0.05784608200752944,0.01727783295367282,0.02712604508449392,0.006599292496245024,0.0007968127490039833,0.06186338886618614,-1.4428232973175175e-12,0.9999151889990777,1.0
trivia_qa_validation_13169,qwq-32b,trivia_qa,free_answer,Reginald Mitchell,R. J. Mitchell,,True,True,False,10,10,10,480.5,0.03488658699677237,0.00896660120282,0.0434714476957968,0.010624606135236766,0.026625276089376072,0.00912180816208592,0.003938574793674154,0.04894406348466873,-1.4428232973175175e-12,0.9968273137732107,1.0
trivia_qa_validation_12626,qwq-32b,trivia_qa,free_answer,Rick Wakeman,Queen,,False,True,False,10,10,10,1539.8,0.05029791026298556,0.02767145942222613,0.07420420288304182,0.006477710825324431,0.18782970803086735,0.1117371262580781,0.06608205860978182,0.20443089306354523,2.1609640474350247,0.00020342689763416927,0.8
trivia_qa_validation_09431,qwq-32b,trivia_qa,free_answer,All 50 states,The names of the 36 states from the time of Lincoln's death.,,False,True,False,10,10,10,1710.8,0.04020076498499038,0.024288693064290906,0.061734491488330843,0.005153521914964279,0.2577605733876602,0.15700588252338224,0.10388287632552098,0.07145125418901443,1.2954618442339936,5.829119983269109e-05,0.8
trivia_qa_validation_00109,qwq-32b,trivia_qa,free_answer,April 30th,"April 30, 1945",,False,True,False,10,10,10,619.1,0.04680069568105032,0.006271794131262301,0.052857436048871755,0.009804222309054391,0.031576605093887225,0.008614548123528876,0.003900815332956509,0.030993642285466194,-1.4428232973175175e-12,0.9998601779960912,0.95
trivia_qa_validation_08678,qwq-32b,trivia_qa,free_answer,Gallbladder,gallbladder,,True,True,False,10,10,10,388.0,0.032165424008619055,0.0028446104790623883,0.035010034487681446,0.01713061579310269,0.022064500707092316,0.0054903511160451,0.0007092198581560294,0.03380624204874039,-1.4428232973175175e-12,0.9999977396762422,1.0
trivia_qa_validation_06127,qwq-32b,trivia_qa,free_answer,ANDROMEDA,Andromeda,,True,True,False,10,10,10,514.4,0.025239846456764338,0.006514792387814853,0.031553431601118426,0.008262748782627085,0.0555693989436016,0.03288007279544662,0.023269081186324213,0.0490812249481678,-1.4428232973175175e-12,0.9999646437407411,1.0
trivia_qa_validation_13219,qwq-32b,trivia_qa,free_answer,A strait,"The Solent is a strait between the southern coast of England and the Isle of Wight, serving as an important waterway for shipping and ferries.",,False,True,False,10,10,10,587.9,0.03672061894288481,0.006823388180192773,0.04181091148887848,0.009237942839802636,0.10276496713556293,0.052233714476160396,0.024413017009730996,0.042290233075618744,2.9219280948758204,0.9999646436974851,0.95
trivia_qa_validation_04599,qwq-32b,trivia_qa,free_answer,Reggae,reggae,,True,True,False,10,10,10,2148.5,0.03200933234588863,0.014117626416633286,0.043918151720380674,0.012430651032159078,0.15181050191719084,0.08520299194547275,0.051548860662449,0.07382731139659882,1.5219280948830343,0.9994472190635008,0.95
trivia_qa_validation_01994,qwq-32b,trivia_qa,free_answer,ROB LOWE,Andrew McCarthy,,False,False,False,7,10,10,3403.2,0.05103657204857113,0.034322095603140874,0.08089453736832032,0.004258590724409317,0.24661425032445888,0.14453907916598469,0.08532113679566075,0.13923943042755127,2.6464393446609167,0.9997388095983243,0.8
trivia_qa_validation_12224,qwq-32b,trivia_qa,free_answer,Ethiopia,Ethiopia,,True,True,False,10,10,10,966.6,0.04428549454935131,0.013752331654641223,0.056765194693097175,0.016901630269915445,0.07499996578429381,0.031527741300236375,0.014385252152392568,0.048302825540304184,-1.4428232973175175e-12,0.9990889491499567,1.0
trivia_qa_validation_15179,qwq-32b,trivia_qa,free_answer,David Mitchell,Alan Davies,,False,True,False,10,10,10,935.8,0.05268090877905527,0.031308611292279034,0.08071287938338037,0.006291529308363232,0.10866895178993767,0.055322273405613576,0.02969366023977741,0.18267887830734253,3.3219280948729355,0.9914225088092162,0.9
trivia_qa_validation_07641,qwq-32b,trivia_qa,free_answer,GUARDIAN,The Times,,False,True,False,10,10,10,1495.0,0.04968149188657532,0.030769837744895633,0.07671973656505672,0.010573515211456672,0.16613446105483526,0.07992528587583776,0.04029372968366769,0.0860912874341011,2.121928094880149,0.9947798675719358,0.95
trivia_qa_validation_02282,qwq-32b,trivia_qa,free_answer,BATTLE OF THE SOMME,Battle of the Somme,,True,True,False,10,10,10,566.9,0.027259658863506186,0.0045814512699550855,0.03168085372320486,0.00874805359383909,0.059540924252018915,0.023498414476140993,0.006588673675830592,0.037809547036886215,-1.4428232973175175e-12,0.9998415638662348,0.99
trivia_qa_validation_04513,qwq-32b,trivia_qa,free_answer,Halloween,Halloween,,True,True,False,10,10,10,468.0,0.032814257507976605,0.0041199422378742755,0.03693419974585088,0.011933587574373915,0.031671217432126066,0.009696714442167697,0.003853191944869894,0.07478292286396027,-1.4428232973175175e-12,0.9998911029682149,1.0
trivia_qa_validation_01366,qwq-32b,trivia_qa,free_answer,Amsterdam,Amsterdam,,True,True,False,10,10,10,441.7,0.06261472302029619,0.019239724612346475,0.07616407035211151,0.008705568982913177,0.04475544026329949,0.019154309967271556,0.008232244464315652,0.0763380378484726,-1.4428232973175175e-12,0.9999546021401909,1.0
trivia_qa_validation_07458,qwq-32b,trivia_qa,free_answer,Holocaust Museum,United States Holocaust Memorial Museum,,False,True,False,10,10,10,502.3,0.0332026347209786,0.005795493879993717,0.03698397023489717,0.00598540769844448,0.05356415723937644,0.026023559470350066,0.012890467526361471,0.05960926413536072,-1.4428232973175175e-12,0.9999989322975827,0.95
trivia_qa_validation_01883,qwq-32b,trivia_qa,free_answer,The Golden Fleece,Golden Fleece,,True,True,False,10,10,10,326.6,0.029773662942964706,0.007137779189135177,0.03659498643589735,0.006366018134346152,0.030152816302438445,0.004418494677673179,0.00037453183520599345,0.06054852902889252,-1.4428232973175175e-12,0.9999910603024966,1.0
trivia_qa_validation_14255,qwq-32b,trivia_qa,free_answer,Cabaret,Cabaret,,True,True,False,10,10,10,336.6,0.03575022084340555,0.006249573780462912,0.04199979462386847,0.006167989881255195,0.030606799781739635,0.007270451825730162,0.003181925251256279,0.06885217875242233,-1.4428232973175175e-12,0.9999832985714985,1.0
trivia_qa_validation_00591,qwq-32b,trivia_qa,free_answer,Rupee,Indian Rupee,,False,True,False,10,10,10,374.6,0.05350559124212566,0.007848405467146791,0.06135399670927244,0.01484706392616173,0.02682801755847066,0.00933601795707425,0.0024937838233143215,0.05234304443001747,-1.4428232973175175e-12,0.9999339478510674,1.0
trivia_qa_validation_10818,qwq-32b,trivia_qa,free_answer,22,22,,True,True,False,10,10,10,1484.8,0.025277042824232453,0.015608296002648214,0.039281849305314795,0.019840138673305342,0.19619124722229028,0.1028442256617342,0.054301902453721976,0.03184223175048828,0.8812908992278072,0.03732687591405888,1.0
trivia_qa_validation_13177,qwq-32b,trivia_qa,free_answer,Napoleon Bonaparte,Napoleon Bonaparte,,True,True,False,10,10,10,459.2,0.027266046875588264,0.005420086702017485,0.03268613357760573,0.014794408198994644,0.04836841867924365,0.021449856746032902,0.006847214372291721,0.04126247763633728,0.4689955935863958,0.9999151889937272,1.0
trivia_qa_validation_08933,qwq-32b,trivia_qa,free_answer,Jo Moore,Lucy Thomas,,False,True,False,10,10,10,1292.1,0.039799947404228,0.020748493734059206,0.05737805013054183,0.006120119287132282,0.10150267417879225,0.05163866180460845,0.029043171544906043,0.17529262602329254,2.9219280948758204,0.9859363450920156,0.9
trivia_qa_validation_16046,qwq-32b,trivia_qa,free_answer,BRAD PITT,Brad Pitt,,True,True,False,10,10,10,422.3,0.04014819013166775,0.00912475496949338,0.0485089474007121,0.014227984598648585,0.016762666720348728,0.0039752258469771375,0.0008807858807858837,0.06032127887010574,-1.4428232973175175e-12,0.9998415637981702,1.0
trivia_qa_validation_11077,qwq-32b,trivia_qa,free_answer,14,14,,True,True,False,10,10,10,721.0,0.04598784629693481,0.016145315578781114,0.05831920315975745,0.01193563011408708,0.05865406064132348,0.01729569180616154,0.004832266508658989,0.07406624406576157,0.9219280948830342,0.9984988161005233,0.9
trivia_qa_validation_16190,qwq-32b,trivia_qa,free_answer,MONKEY PUZZLE,Monkey Puzzle Tree,,False,True,False,10,10,10,422.9,0.03102038317909721,0.0071004617412352465,0.03789662967369568,0.010719582354665306,0.049404379768658226,0.016536076573333967,0.0026318141341748593,0.03636571019887924,-1.4428232973175175e-12,0.999891103136907,1.0
trivia_qa_validation_16727,qwq-32b,trivia_qa,free_answer,LAURA ROBSON,"Alright, I think I'll go with Laura",,False,False,True,10,10,10,1824.8,0.054570341244402895,0.02964934579608422,0.08117094902125067,0.011281832639314638,0.17540098748521132,0.09880195795006466,0.0589467782081568,0.08233658224344254,1.360964047439353,0.993307143166064,0.7
trivia_qa_validation_14999,qwq-32b,trivia_qa,free_answer,Andres Iniesta,Andrés Iniesta,,True,True,False,10,10,10,578.9,0.04155217489606028,0.006707130527210663,0.04707971218138492,0.009625695048448481,0.04565067778137033,0.018484068687080434,0.007303199101575186,0.041975073516368866,-1.4428232973175175e-12,0.9999417085923209,1.0
trivia_qa_validation_01906,qwq-32b,trivia_qa,free_answer,Sir Bedevere,Sir Bedivere,,False,True,False,10,10,10,563.3,0.028373689011332116,0.009230605471254247,0.03628071913039751,0.01171576816688569,0.06085330581589704,0.031742567916224596,0.01768727707611093,0.057353317737579346,0.8812908992278072,0.9984988121695076,1.0
trivia_qa_validation_14350,qwq-32b,trivia_qa,free_answer,Weimar Republic,Weimar Republic,,True,True,False,10,10,10,485.1,0.0221143322212445,0.004636713038199222,0.02627580101370767,0.011314416022708192,0.055402860088891115,0.026566104537268553,0.01594810101027816,0.050709791481494904,-1.4428232973175175e-12,0.9999957771679897,1.0
trivia_qa_validation_13361,qwq-32b,trivia_qa,free_answer,Photography,photography and visual art,,False,True,False,10,10,10,1782.4,0.05089736829472781,0.01559301422829649,0.06511172694377303,0.016286635077026542,0.17411740658825012,0.09640499483226607,0.05558795353086772,0.09253042936325073,2.046439344663802,0.9996200126155408,1.0
trivia_qa_validation_08206,qwq-32b,trivia_qa,free_answer,LESLEY GARRETT,Sarah Brightman,,False,True,False,10,10,10,1680.8,0.053745491620326005,0.03162191534857976,0.08004101765472267,0.007500130202020057,0.14815850448767282,0.07671871232842875,0.03932018483517437,0.11750134080648422,2.170950594447455,0.9992903285576923,0.95
trivia_qa_validation_06733,qwq-32b,trivia_qa,free_answer,SERGIO GARCIA,Sergio García,,True,True,False,10,10,10,597.6,0.05212441206756916,0.013147714068092477,0.06273965315233679,0.013506878498066857,0.0424720949014352,0.01791456166062516,0.007210685372304337,0.0760267972946167,0.4689955935863958,0.9997965731384957,0.95
trivia_qa_validation_10955,qwq-32b,trivia_qa,free_answer,X,X,,True,True,False,10,10,10,533.8,0.04019507077983219,0.007686751593644753,0.04755728445123348,0.020332919654537422,0.020779157561610185,0.0048365506494227216,0.0008012682625786471,0.05196265131235123,-1.4428232973175175e-12,0.9995694417623293,1.0
trivia_qa_validation_03780,qwq-32b,trivia_qa,free_answer,USA,United States,,True,True,False,10,10,10,346.3,0.034956479127582804,0.004805748701634491,0.039762227829217296,0.012061904073829786,0.014390120371741056,0.0011437568812811215,0.0,0.05293644964694977,-1.4428232973175175e-12,0.999915188954914,1.0
trivia_qa_validation_03600,qwq-32b,trivia_qa,free_answer,Hogmanay,Hogmanay,,True,True,False,10,10,10,489.8,0.0421773194828627,0.011252554818568006,0.05246002495993798,0.007702569983549847,0.04655517339853532,0.020657316269307613,0.008700007934671516,0.07179787755012512,-1.4428232973175175e-12,0.9997388096776363,1.0
trivia_qa_validation_13199,qwq-32b,trivia_qa,free_answer,Crimean War,Crimean War,,True,True,False,10,10,10,391.0,0.026108029102763587,0.0033076813001508545,0.029415710402914446,0.008870791904232437,0.08272595242520984,0.03737651330709017,0.01865585330909102,0.059505823999643326,-1.4428232973175175e-12,0.9999921107400542,1.0
trivia_qa_validation_00375,qwq-32b,trivia_qa,free_answer,Horseracing,Horse racing,,True,True,False,10,10,10,354.0,0.06136298548400121,0.0059531626807064145,0.06680769940948665,0.010226331629357443,0.01935336286217735,0.0040579577111742645,0.0015377405380019194,0.08168759942054749,-1.4428232973175175e-12,0.999925153794809,1.0
trivia_qa_validation_03752,qwq-32b,trivia_qa,free_answer,Rugby League,Rugby League,,True,True,False,10,10,10,379.0,0.02496273589094288,0.007431086401686435,0.032114492683690765,0.01844719766937445,0.03011387328723918,0.007302252281453048,0.003509066341170308,0.04663515463471413,-1.4428232973175175e-12,0.9999885212391264,1.0
trivia_qa_validation_10641,qwq-32b,trivia_qa,free_answer,Excrement,feces or excrement,,False,True,False,10,10,10,494.6,0.05322585335067533,0.010338226910859146,0.06265115176092827,0.014613240617029294,0.05285684573633844,0.02465269177443813,0.011687651290361001,0.05047217383980751,-1.4428232973175175e-12,0.9997965730457035,1.0
trivia_qa_validation_06744,qwq-32b,trivia_qa,free_answer,CARBON,carbon,,True,True,False,10,10,10,381.4,0.047037828827595704,0.006735658004090465,0.05377348683168616,0.017984541329003807,0.04571565427139747,0.020735471429281893,0.00967260853990315,0.03483536094427109,-1.4428232973175175e-12,0.9999921107432416,1.0
trivia_qa_validation_01081,qwq-32b,trivia_qa,free_answer,Paul Gauguin,Paul Gauguin,,True,True,False,10,10,10,477.3,0.04508078078811293,0.009294680713399783,0.0534142632351761,0.007350881585172037,0.04551776978663759,0.025767183053264787,0.018604633335553754,0.053257301449775696,-1.4428232973175175e-12,0.9999417087425062,1.0
trivia_qa_validation_10157,qwq-32b,trivia_qa,free_answer,White,Yellow,,False,True,False,10,10,10,835.7,0.06298225678115332,0.022803753723340914,0.08377172947502612,0.012727465897532212,0.09766373243941363,0.04565825570362699,0.022881316982333165,0.047265004366636276,0.7219280948844771,0.9984988145097531,0.9
trivia_qa_validation_03172,qwq-32b,trivia_qa,free_answer,"43,200",43200,,True,True,False,10,10,10,983.9,0.02066088014813895,0.011002982430775507,0.03126279577580818,0.0258400012521346,0.14623068077070198,0.0755183884370427,0.04257058721155514,0.019792282953858376,-1.4428232973175175e-12,0.9859363521699605,1.0
trivia_qa_validation_17673,qwq-32b,trivia_qa,free_answer,Yuri Gagarin,Yuri Gagarin,,True,True,False,10,10,10,466.3,0.029055532838309545,0.004302362180169103,0.03335789501847865,0.012502625829926289,0.03561050128652045,0.00926462389151187,0.0030941594040392872,0.05066531524062157,-1.4428232973175175e-12,0.999993037744639,1.0
trivia_qa_validation_14895,qwq-32b,trivia_qa,free_answer,Les Invalides,Les Invalides,,True,True,False,10,10,10,553.1,0.034183605655542765,0.00478894039576165,0.038298543200457245,0.011525236576385992,0.03070685937973807,0.009610484268168674,0.004356082773385128,0.046372540295124054,0.4689955935863958,0.9984988154210591,1.0
trivia_qa_validation_00064,qwq-32b,trivia_qa,free_answer,Walter Hagen,Chick Evans,,False,True,False,10,10,10,1890.3,0.04027468011921882,0.024432698122951638,0.06251920629608322,0.010807084389746164,0.17473488543449137,0.09325914023268086,0.05212829924761882,0.1296655386686325,2.6464393446609167,0.9770225837815241,0.9
trivia_qa_validation_00787,qwq-32b,trivia_qa,free_answer,John,John,,True,True,False,10,10,10,520.0,0.03316398946473492,0.006053064004708002,0.03873947495718233,0.016363742368087193,0.03243830409802887,0.007699462895145304,0.002074949420729033,0.05914221331477165,-1.4428232973175175e-12,0.9914224972108411,0.95
trivia_qa_validation_08496,qwq-32b,trivia_qa,free_answer,Guilder,Netherlands Gulden,,False,True,False,10,10,10,665.9,0.029302772883888956,0.0049874543549130335,0.03413848217051671,0.01317363223130053,0.05795253700925838,0.02151965311155162,0.008153937927140299,0.04062439501285553,-1.4428232973175175e-12,0.9997965722740935,1.0
trivia_qa_validation_06234,qwq-32b,trivia_qa,free_answer,The Comedy of Errors,The Comedy of Errors,,True,True,False,10,10,10,1028.4,0.055610927212352126,0.012512739598434661,0.06619238094170114,0.009319954023710199,0.08104464981023132,0.03511197689868828,0.01342640808964013,0.072743259370327,-1.4428232973175175e-12,0.9997694933321154,0.95
trivia_qa_validation_00277,qwq-32b,trivia_qa,free_answer,White,White,,True,True,False,10,10,10,679.2,0.030920979769652922,0.02050535419231869,0.049680584873999664,0.019827019846067714,0.1586811765277552,0.06950817095841091,0.03316476006378653,0.05364186316728592,0.4689955935863958,0.0001233944513989554,1.0
trivia_qa_validation_04031,qwq-32b,trivia_qa,free_answer,George W Bush,George W. Bush,,True,True,False,10,10,10,622.1,0.03220345554986857,0.00873843247616676,0.0398015602111134,0.01853853024580248,0.053254831540368586,0.014193888685621025,0.004129334668863815,0.04903632774949074,-1.4428232973175175e-12,0.9984988165871441,0.95
trivia_qa_validation_04619,qwq-32b,trivia_qa,free_answer,William Hogarth,George Knapton,,False,True,False,10,10,10,750.0,0.05125608618985019,0.02265706939482661,0.07056380269275772,0.009678705285665841,0.06988127194362961,0.03121649336026938,0.017649892020651325,0.13361896574497223,2.5219280948787066,0.9975273715418438,0.95
trivia_qa_validation_09944,qwq-32b,trivia_qa,free_answer,‘The No. 1 Ladies’ Detective Agency’ by Alexander McCall Smith,The No. 1 Ladies' Detective Agency,,False,True,False,10,10,10,361.1,0.031142235412529546,0.0034287264603470465,0.03430429520620993,0.004833999730469914,0.05210695801390751,0.025298741890285702,0.01031873734702291,0.03176296129822731,-1.4428232973175175e-12,0.9999992661788502,1.0
trivia_qa_validation_10365,qwq-32b,trivia_qa,free_answer,1963,1963,,True,True,False,10,10,10,476.9,0.038607383987197694,0.007756345320918355,0.046072184118611685,0.00793539197062442,0.030873631219705388,0.01337431232049433,0.006291796205889733,0.05167091265320778,-1.4428232973175175e-12,0.9999810748539059,1.0
trivia_qa_validation_04211,qwq-32b,trivia_qa,free_answer,A Series of Unfortunate Events,A Series of Unfortunate Events,,True,True,False,10,10,10,383.2,0.031424107183692436,0.007040573373107976,0.03846468055680041,0.006021329616868184,0.029862955358901922,0.009297047509613354,0.004417215132307251,0.06762314587831497,-1.4428232973175175e-12,0.9999687980920017,1.0
trivia_qa_validation_01224,qwq-32b,trivia_qa,free_answer,Sheep,sheep,,True,True,False,10,10,10,403.8,0.04330783759761964,0.006377687223346638,0.04944911820158094,0.01225984346903474,0.023493431607991645,0.0053162602655783655,0.0018455386889960402,0.04646706581115723,-1.4428232973175175e-12,0.9999417086027301,0.95
trivia_qa_validation_00412,qwq-32b,trivia_qa,free_answer,5,4,,False,True,False,10,10,10,1255.6,0.02558044282641999,0.018331215409540316,0.042044751497461744,0.01565982039474665,0.10681395122926918,0.042547453439507776,0.01681612481553414,0.05840015411376953,1.3567796494412687,0.9964063822080467,1.0
trivia_qa_validation_08936,qwq-32b,trivia_qa,free_answer,West Ham United,West Ham United,,True,True,False,10,10,10,599.9,0.03354818482735551,0.011900058832531825,0.0442549254167378,0.010831028116864205,0.07288979421173222,0.03210329033702216,0.016232465997975253,0.04077169671654701,1.1567796494427114,0.9998415633587445,0.9
trivia_qa_validation_06107,qwq-32b,trivia_qa,free_answer,Buddy Holly,Buddy Holly,,True,True,False,10,10,10,1006.3,0.04217256196690694,0.02028097569562187,0.05975391282790028,0.008378717237650098,0.08585061486605292,0.04154678780163383,0.0214929937686546,0.16047213971614838,-1.4428232973175175e-12,0.9999724642462605,0.9
trivia_qa_validation_12470,qwq-32b,trivia_qa,free_answer,Sparta,Sparta,,True,True,False,10,10,10,370.9,0.02457101067968977,0.004697490432647357,0.02926850111233713,0.020091684326232186,0.04929317657492112,0.015074632179151925,0.005262041361548375,0.024754267185926437,-1.4428232973175175e-12,0.9999832985845034,1.0
trivia_qa_validation_13149,qwq-32b,trivia_qa,free_answer,Neptune,Neptune,,True,True,False,10,10,10,1857.1,0.03579490872465588,0.0212578077866623,0.054866942838791455,0.01257238139469213,0.184831875811357,0.09540944925222246,0.049546115493375384,0.03876584395766258,-1.4428232973175175e-12,0.9968273196356402,0.95
trivia_qa_validation_12901,qwq-32b,trivia_qa,free_answer,Ren Descartes,Pierre de Fermat,,False,True,False,10,10,10,1435.0,0.03389976168207663,0.013189692943804876,0.04484240581719326,0.008300871716782569,0.09218786592576073,0.03916115230780818,0.015870784222350765,0.049988433718681335,-1.4428232973175175e-12,0.9890130267016775,0.9
trivia_qa_validation_00716,qwq-32b,trivia_qa,free_answer,George I,George I,,True,True,False,10,10,10,509.8,0.022671826715135353,0.004643074223200113,0.02711164890581514,0.019744566422409165,0.0558850669701074,0.02765303809991717,0.012278864468050755,0.035926319658756256,-1.4428232973175175e-12,0.9999417087258933,1.0
trivia_qa_validation_00608,qwq-32b,trivia_qa,free_answer,George W Bush,"The question contains a grammatical error (""is"" instead of ""are"" for the plural ""children"") and was famously used to critique educational accountability.",,False,True,False,10,10,10,548.9,0.04169422288911536,0.00750925737206456,0.04878495862054874,0.019864620418450524,0.0984206513582551,0.04744149997066183,0.02547536554477884,0.09991798549890518,2.8464393446594736,0.9999599363153178,0.95
trivia_qa_validation_13701,qwq-32b,trivia_qa,free_answer,Rome and Carthage,Rome and Carthage,,True,True,False,10,10,10,507.9,0.030758219343671345,0.003608060031532298,0.03418738849863835,0.012916287620816893,0.05964405337505363,0.024419706613147373,0.01233516712927014,0.04091453552246094,0.8812908992278072,0.9998415634965274,1.0
trivia_qa_validation_08925,qwq-32b,trivia_qa,free_answer,The Crickets,The Jordanaires,,False,True,False,10,10,10,1157.8,0.046722397474703824,0.021343849881879748,0.06551231473290245,0.005858022160132816,0.1317101831804277,0.062261564631769836,0.031075914971122387,0.09318489581346512,0.4689955935863958,0.9947798515363855,0.7
trivia_qa_validation_04562,qwq-32b,trivia_qa,free_answer,Denmark,Denmark,,True,True,False,10,10,10,508.9,0.038359370748610545,0.006778830844959014,0.044472103660792614,0.015193555036083755,0.057604674125238065,0.024767441545515467,0.012139158404770178,0.06880020350217819,-1.4428232973175175e-12,0.9990889468918751,0.95
trivia_qa_validation_09516,qwq-32b,trivia_qa,free_answer,Apple,apple tree,,True,True,False,10,10,10,394.1,0.06145832906868766,0.008772295031201837,0.06797386780479184,0.01094805015842999,0.042091464736571584,0.013426429294194376,0.00335864663253449,0.059250906109809875,-1.4428232973175175e-12,0.9997694933130312,1.0
trivia_qa_validation_02833,qwq-32b,trivia_qa,free_answer,Hair,hair,,True,True,False,10,10,10,491.8,0.054454475601751505,0.008138654117146702,0.06161226152719509,0.016429565790153276,0.033806138253844965,0.011058521032425073,0.005074533924374469,0.0508781336247921,-1.4428232973175175e-12,0.99994170878452,1.0
trivia_qa_validation_00073,qwq-32b,trivia_qa,free_answer,White Shirt,Trusty Scout,,False,True,False,10,10,10,908.8,0.0454655083434548,0.012970866322837355,0.05725776446607937,0.00772050606946344,0.07390642573881684,0.028655317738264352,0.013498044829345357,0.053460121154785156,1.770950594447455,0.00026118811367083726,0.85
trivia_qa_validation_02820,qwq-32b,trivia_qa,free_answer,Perfume,perfume,,True,True,False,10,10,10,374.0,0.048639721575174724,0.0089069835192352,0.05509297853591712,0.00812647983295683,0.01980156789163272,0.0028579398839949756,0.00037453183520599345,0.04499076306819916,2.321928094878706,0.9995121373882349,0.95
trivia_qa_validation_07941,qwq-32b,trivia_qa,free_answer,ETHIOPIA,Ethiopia,,True,True,False,10,10,10,447.5,0.04327824466008588,0.005464875080950204,0.04807366045161065,0.009325989592333736,0.07708513216088948,0.03712493572608973,0.01892313374117429,0.04790772497653961,-1.4428232973175175e-12,0.9999687981029185,1.0
trivia_qa_validation_00450,qwq-32b,trivia_qa,free_answer,Hudson,Jennings,,False,True,False,10,10,10,566.5,0.03802936664257062,0.01870090237908228,0.053765660947618844,0.006273726004437106,0.040705181892968643,0.01384895181620055,0.004717435116465096,0.0597914382815361,0.4689955935863958,0.9999038974070942,1.0
trivia_qa_validation_12257,qwq-32b,trivia_qa,free_answer,Las Vegas,Las Vegas,,True,True,False,10,10,10,614.4,0.03979306824943554,0.014705854758800563,0.051898936222688666,0.016905370906627207,0.053620367877564766,0.019424354930983413,0.007524736972844737,0.06702630966901779,-1.4428232973175175e-12,0.9999687980943023,1.0
trivia_qa_validation_11885,qwq-32b,trivia_qa,free_answer,BULLDOG DRUMMOND,Gimlet,,False,True,False,10,10,10,1263.6,0.03502559868850673,0.020043147416333215,0.0530884532521169,0.007443490940972669,0.12399360133135487,0.061452802494107304,0.03323222461353935,0.17470118403434753,1.5709505944488977,0.9947798606439286,1.0
trivia_qa_validation_09049,qwq-32b,trivia_qa,free_answer,King Baudouin Stadium,King Baudouin Stadium,,True,True,False,10,10,10,1121.6,0.03684453390721705,0.016732409108279032,0.05167590783967779,0.008158579188885517,0.11990039672464617,0.05041412690322576,0.023705653389855218,0.07045154273509979,0.4689955935863958,0.9996200155607279,0.95
trivia_qa_validation_15912,qwq-32b,trivia_qa,free_answer,Leonard Bernstein,Leonard Bernstein,,True,True,False,10,10,10,600.6,0.042376691653567035,0.007972402946527856,0.04882782521785517,0.008039758356198813,0.029674274341846517,0.01143550453795299,0.005645015826094413,0.06098199263215065,-1.4428232973175175e-12,0.9998911031370383,1.0
trivia_qa_validation_05976,qwq-32b,trivia_qa,free_answer,BEDIVERE,Sir Bedivere,,False,True,False,10,10,10,522.1,0.032488428911239105,0.00890075548012877,0.040324814574989244,0.014644593585549806,0.054002852626985606,0.026401530543440743,0.011377816310991473,0.03573174402117729,-1.4428232973175175e-12,0.9996200156704539,0.95
trivia_qa_validation_12227,qwq-32b,trivia_qa,free_answer,Hair,hair,,True,True,False,10,10,10,490.1,0.057584390433589004,0.009689338422237148,0.06544838107007986,0.015349260297224623,0.028513811742054185,0.0076885605990013595,0.0013975518380274221,0.06029075011610985,-1.4428232973175175e-12,0.99994170878452,1.0
trivia_qa_validation_07174,qwq-32b,trivia_qa,free_answer,14,14,,True,True,False,10,10,10,465.9,0.053661978308094646,0.0059727799741523275,0.05939552383248621,0.010823564127787203,0.04526192644177342,0.025940765822601464,0.017728238011125587,0.04130314290523529,-1.4428232973175175e-12,0.9999417087365797,1.0
trivia_qa_validation_15395,qwq-32b,trivia_qa,free_answer,Benjamin Britten,Benjamin Britten,,True,True,False,10,10,10,579.5,0.03030387716388159,0.004193651737438205,0.03422524237894771,0.006287075933484182,0.03236812600837572,0.01234125296237254,0.005565215301628135,0.06052900850772858,-1.4428232973175175e-12,0.999860177950509,1.0
trivia_qa_validation_12988,qwq-32b,trivia_qa,free_answer,Hawaii,Hawaii,,True,True,False,10,10,10,350.4,0.032405700552859996,0.005126580679836126,0.03753228123269612,0.01650897287618329,0.029027835985295757,0.0074886453035091,0.0035669480737794412,0.06988748908042908,-1.4428232973175175e-12,0.9999785550580902,1.0
trivia_qa_validation_02995,qwq-32b,trivia_qa,free_answer,A minor,A minor,,True,True,False,10,10,10,792.1,0.016651131065229162,0.016535758361708376,0.032529683799888895,0.023905880201365637,0.1682266668036204,0.0874739026649112,0.043397914513283974,0.06572841107845306,0.4689955935863958,0.9999785548733549,1.0
trivia_qa_validation_00899,qwq-32b,trivia_qa,free_answer,Arthur Conan Doyle,Arthur Conan Doyle,,True,True,False,10,10,10,469.3,0.03477918805894966,0.0052765985494583716,0.040055786608408035,0.015058181430544642,0.05582827777320898,0.022967038148042972,0.00967855639539933,0.032755296677351,-1.4428232973175175e-12,0.9999724643135106,1.0
trivia_qa_validation_09891,qwq-32b,trivia_qa,free_answer,The Statue of Liberty,Statue of Liberty,,True,True,False,10,10,10,450.8,0.0254391817779493,0.005133111429914438,0.030572293207863734,0.012813988912324329,0.059677415376684584,0.022103029221434357,0.006172426093765837,0.0702371895313263,-1.4428232973175175e-12,0.9999962733602178,1.0
trivia_qa_validation_17099,qwq-32b,trivia_qa,free_answer,Herald of Free Enterprise,MS Herald of Free Enterprise,,True,True,False,10,10,10,546.4,0.03310269373343168,0.007775283818309402,0.03872225734637414,0.006302487657505703,0.05219526077989014,0.02164521565353226,0.006426024267490593,0.051711611449718475,1.2954618442339936,0.9999957771660317,0.95
trivia_qa_validation_16828,qwq-32b,trivia_qa,free_answer,NULLARBOR PLAIN,Nullarbor Plain,,True,True,False,10,10,10,445.3,0.02998764187983869,0.006753405638073526,0.03515775089158551,0.01061687862273005,0.02905215875654482,0.007653465435084539,0.0024607420490331045,0.046044476330280304,-1.4428232973175175e-12,0.999996273361204,1.0
trivia_qa_validation_00780,qwq-32b,trivia_qa,free_answer,Peter Paul Rubens,Peter Paul Rubens,,True,True,False,10,10,10,424.1,0.046522780993287965,0.008159600410947382,0.05165262484368631,0.008676391524640985,0.029593617863558408,0.008029828166289454,0.0015407219102670732,0.04579644650220871,-1.4428232973175175e-12,0.9999852610178185,1.0
trivia_qa_validation_10939,qwq-32b,trivia_qa,free_answer,Sheep,sheep,,True,True,False,10,10,10,396.1,0.04657977553446442,0.009713129188905118,0.05572139428017035,0.013615956236122795,0.025166513826697066,0.00705465763670785,0.0021913159563359376,0.045021433383226395,-1.4428232973175175e-12,0.9999417086027301,0.95
trivia_qa_validation_00686,qwq-32b,trivia_qa,free_answer,QANTAS,Qantas,,True,True,False,10,10,10,408.5,0.04495411429566921,0.005861926935846603,0.049831867701699284,0.015613700829303778,0.008313510479432884,0.0013979200394696357,0.00027548209366391464,0.04110846295952797,-1.4428232973175175e-12,0.9999417087259808,1.0
trivia_qa_validation_11066,qwq-32b,trivia_qa,free_answer,Carrefour,Carrefour,,True,True,False,10,10,10,584.7,0.03927335867563071,0.014033102859060505,0.04991663488949115,0.009959500989238108,0.04656421917225138,0.02020739819172549,0.00865823754959889,0.05537290498614311,-1.4428232973175175e-12,0.9999992661793332,0.95
trivia_qa_validation_00315,qwq-32b,trivia_qa,free_answer,Ridley Scott,Ridley Scott,,True,True,False,10,10,10,841.4,0.035142885081459775,0.030260242110935347,0.06266873028596083,0.008272969889241146,0.11315918376169623,0.045529876199337606,0.019099724944959616,0.03277973458170891,-1.4428232973175175e-12,0.9975273696677122,1.0
trivia_qa_validation_12757,qwq-32b,trivia_qa,free_answer,British,British Army,,False,True,False,10,10,10,564.1,0.0361165475628482,0.006682404502111328,0.041733538218310315,0.016212017462783626,0.05619964843630826,0.019679462525567182,0.007303645363785349,0.04485740512609482,-1.4428232973175175e-12,0.9999417086496013,0.95
trivia_qa_validation_12617,qwq-32b,trivia_qa,free_answer,Heath Ledger,Heath Ledger,,True,True,False,10,10,10,413.4,0.02683834299402496,0.005977687722851649,0.03237355284077042,0.01077506475204901,0.04652318718372728,0.02083563326264277,0.006447567692472433,0.06462495774030685,-1.4428232973175175e-12,0.999964643754136,1.0
trivia_qa_validation_10158,qwq-32b,trivia_qa,free_answer,57,57,,True,True,False,10,10,10,408.5,0.03696789131486987,0.010221382784475059,0.0467959903490632,0.0168332217700808,0.03928428734860023,0.015105263212624887,0.005587273686820759,0.06606358289718628,-1.4428232973175175e-12,0.9999832985779453,0.95
trivia_qa_validation_10368,qwq-32b,trivia_qa,free_answer,David Nixon,David Nixon,,True,True,False,10,10,10,718.3,0.04221648373848946,0.019989928524137147,0.05909210270640512,0.007446907299576667,0.06846015172607756,0.02400017451237909,0.01191639250734694,0.15427182614803314,1.6854752972215634,0.992422760145456,1.0
trivia_qa_validation_13479,qwq-32b,trivia_qa,free_answer,Amy Johnson,Amy Johnson,,True,True,False,10,10,10,613.2,0.0330639506451343,0.010312405589506453,0.04189855278377674,0.00993664840468994,0.09718893538880835,0.057862556045486804,0.03534919579763353,0.04747151955962181,-1.4428232973175175e-12,0.999704042085795,0.95
trivia_qa_validation_09320,qwq-32b,trivia_qa,free_answer,Killer Whale,Orcas,,True,True,False,10,10,10,481.5,0.031548303673276545,0.00692441186948814,0.03847271554276468,0.011299086219966632,0.061218404118468864,0.026454058366535593,0.013764584364357024,0.03624480590224266,-1.4428232973175175e-12,0.9999038976192026,1.0
trivia_qa_validation_08733,qwq-32b,trivia_qa,free_answer,CHARLIE DRAKE,Bud Springall,,False,False,False,6,10,10,4662.7,0.050602975886957634,0.03682405657102179,0.08390395166059636,0.00881657394833165,0.41114912653182856,0.28037567151088405,0.19097323389175105,0.07197157293558121,2.6464393446609167,0.9959298559004482,1.0
trivia_qa_validation_14646,qwq-32b,trivia_qa,free_answer,A SATYR,Pan,,False,True,False,10,10,10,1296.8,0.05422631182998768,0.016835222700985347,0.06913604670568772,0.01516457386625392,0.14043187355960796,0.07056942839022425,0.03623376845519384,0.06330173462629318,0.9999999999971146,0.9992903277287042,1.0
trivia_qa_validation_01563,qwq-32b,trivia_qa,free_answer,Cricket,Cricket,,True,True,False,10,10,10,505.4,0.04648552286848938,0.006753106219261462,0.051084862645984476,0.010726548763937385,0.023603934363623978,0.0072810800369737414,0.002565605998018761,0.05473749339580536,-1.4428232973175175e-12,0.9999251537627453,1.0
trivia_qa_validation_15635,qwq-32b,trivia_qa,free_answer,THE QUEEN,Prince Khaled Abdullah,,False,True,False,10,10,10,1517.5,0.046795992366740875,0.023982783538271706,0.06823238893636414,0.00943099079265607,0.15969782723420972,0.07863393375723884,0.038215846150777985,0.2033805251121521,2.9219280948758204,0.9975273737267212,0.9
trivia_qa_validation_13342,qwq-32b,trivia_qa,free_answer,Dionysius,"Alternatively, maybe the answer is the tyrants were called Hicetas and Clearchus, but that's",,False,False,True,9,10,10,3337.3,0.0494293065244415,0.04192452839952194,0.08701552870567361,0.003574586471716749,0.3248000351017132,0.21032512252063804,0.1382098925193718,0.10159799456596375,2.5219280948772633,5.14421732692073e-05,0.4
trivia_qa_validation_07741,qwq-32b,trivia_qa,free_answer,'UNSEEN ACADEMICALS',Unseen Academicals,,True,True,False,10,10,10,530.4,0.02931512651702588,0.004211636982365587,0.033327956342333806,0.006782933795779647,0.029051960498038588,0.009524365125554334,0.0025019801842817713,0.03850727900862694,-1.4428232973175175e-12,0.9999646437623348,0.95
trivia_qa_validation_16493,qwq-32b,trivia_qa,free_answer,'BINKY',Dawn,,False,True,False,10,10,10,546.6,0.04882536979175812,0.01692597965155176,0.0630907182733277,0.006423042938154546,0.02852802587748913,0.008813298611786391,0.004022337844200108,0.07236970216035843,-1.4428232973175175e-12,2.4300190094476277e-05,0.0
trivia_qa_validation_11201,qwq-32b,trivia_qa,free_answer,New Zealand,Australia,,False,True,False,10,10,10,912.9,0.055701721447640476,0.023560121285008652,0.07586823090373798,0.009948948928708099,0.08247738315199568,0.03774848984670613,0.020264887197252224,0.05251559242606163,0.9219280948830342,0.9996646486708181,0.95
trivia_qa_validation_10438,qwq-32b,trivia_qa,free_answer,Pete Best,Pete Best,,True,True,False,10,10,10,497.5,0.03308262849277528,0.007858285882051392,0.039522552433941184,0.011860260175854736,0.04200232241516055,0.014791784141159869,0.004736124190733082,0.047908004373311996,-1.4428232973175175e-12,0.9997388096874515,1.0
trivia_qa_validation_05441,qwq-32b,trivia_qa,free_answer,The Four Seasons,The Four Seasons,,True,True,False,10,10,10,430.1,0.04158303631060497,0.004884808772251162,0.04577178729499555,0.010755389155830691,0.04970067368171829,0.019229852100789847,0.010360423057867708,0.05726170167326927,-1.4428232973175175e-12,0.9999339478321813,1.0
trivia_qa_validation_07101,qwq-32b,trivia_qa,free_answer,Henry the Sixth,Henry VI,,True,True,False,10,10,10,601.3,0.030175926661514512,0.005135797083029258,0.034734947257545154,0.014155405376501947,0.030858162036736046,0.009611093036295959,0.003181538009688023,0.05125638470053673,-1.4428232973175175e-12,0.9999930377433996,1.0
trivia_qa_validation_01851,qwq-32b,trivia_qa,free_answer,Malmö,Malmö,,True,True,False,10,10,10,318.7,0.03036208794440558,0.0018954422883043006,0.03225753023270988,0.017521370131035892,0.027542158568193087,0.004722092013612167,0.0009317935462353044,0.05564766004681587,-1.4428232973175175e-12,0.9999994284971405,1.0
trivia_qa_validation_09161,qwq-32b,trivia_qa,free_answer,Bell tower,Bell tower for the Pisa Cathedral,,False,True,False,10,10,10,454.1,0.03178713749298781,0.004000764499893379,0.035573769230568555,0.015800785969695093,0.058606348259156824,0.025477786483727883,0.013967262400825419,0.045490577816963196,0.4689955935863958,0.9999646437455555,1.0
trivia_qa_validation_10402,qwq-32b,trivia_qa,free_answer,Allan Donald,Allan Donald,,True,True,False,10,10,10,601.6,0.0630441231110934,0.021158093144413234,0.07914744996878047,0.009304444987087424,0.06287853129500001,0.023934126695466774,0.007575270109553689,0.06795931607484818,0.8812908992278072,0.9999417086461847,0.95
trivia_qa_validation_08645,qwq-32b,trivia_qa,free_answer,The Whitehouse,The White House,,True,True,False,10,10,10,444.3,0.048334307811928864,0.004689078157940907,0.053023385969869774,0.010006924750153379,0.06257698117680757,0.030763035343052293,0.01841644755169918,0.04139032959938049,-1.4428232973175175e-12,0.9997965731220776,1.0
trivia_qa_validation_12847,qwq-32b,trivia_qa,free_answer,Inflation,Demand-pull inflation,,False,True,False,10,10,10,610.9,0.038457907590362383,0.006206416407864603,0.04422731166328801,0.01772820256263878,0.05995309777679615,0.02971625385469595,0.01747609747282114,0.034599803388118744,1.1567796494427114,0.9999957771690587,1.0
trivia_qa_validation_11922,qwq-32b,trivia_qa,free_answer,PENTECOST,Ascension Day,,False,True,False,10,10,10,436.5,0.023616988948810032,0.008199036558043282,0.03157849581564191,0.01644333075963963,0.06545156321839662,0.028298776159194395,0.012319909452384781,0.032937366515398026,-1.4428232973175175e-12,0.9999038976303293,1.0
trivia_qa_validation_08999,qwq-32b,trivia_qa,free_answer,Percy Thrower,Blue Peter presenters,,False,True,False,10,10,10,2945.2,0.04910833323177847,0.02813210318257081,0.07423747576207981,0.009312486746568501,0.3392346966890464,0.2196827060789465,0.14920003177027225,0.12397687882184982,3.3219280948729355,0.9980732527105103,0.9
trivia_qa_validation_03131,qwq-32b,trivia_qa,free_answer,Brawn,brawn,,True,True,False,10,10,10,421.1,0.03313117737527233,0.010788305436604882,0.043680248362116446,0.012164753854241752,0.06130645388970465,0.026012871179860796,0.011367059495379816,0.04473789036273956,-1.4428232973175175e-12,0.9999417087560245,1.0
trivia_qa_validation_09993,qwq-32b,trivia_qa,free_answer,Angola,Angola,,True,True,False,10,10,10,496.6,0.0545344214890008,0.013827628691172022,0.06546515846695986,0.010240749109301993,0.040042791816365345,0.015513185635343218,0.005863072441385097,0.05372605472803116,-1.4428232973175175e-12,0.9999687979188301,0.95
trivia_qa_validation_11766,qwq-32b,trivia_qa,free_answer,OLIVER MELLORS,Oliver Mellors,,True,True,False,10,10,10,483.6,0.043654105165713566,0.011482306447462957,0.05368721808785136,0.010603875262010957,0.03176268464101205,0.01030098738567543,0.002672884664852915,0.050518978387117386,1.2954618442339936,0.9999151887590785,1.0
trivia_qa_validation_07344,qwq-32b,trivia_qa,free_answer,Portugal,Portugal,,True,True,False,10,10,10,675.1,0.03027575418743475,0.00940755085213693,0.03848250571016206,0.013385222368897595,0.06778732707794953,0.026466411347621333,0.009925817802747528,0.04984895884990692,-1.4428232973175175e-12,0.9995121430846424,0.95
trivia_qa_validation_08688,qwq-32b,trivia_qa,free_answer,RAMNARESH,Ramnaresh,,True,True,False,10,10,10,959.9,0.053942927245406266,0.023108182934521805,0.0748815517465625,0.011503473111209101,0.11198724284108166,0.05029905868772262,0.024309431101645275,0.13890473544597626,1.9609640474364676,0.9995121408879764,0.9
trivia_qa_validation_15804,qwq-32b,trivia_qa,free_answer,Radish,radish,,True,True,False,10,10,10,369.7,0.03037573121012992,0.005346998786764489,0.03572272999689441,0.011920910748721888,0.02227421741410126,0.007384305897765886,0.00273899410881816,0.03554835170507431,-1.4428232973175175e-12,0.9999910603034917,1.0
trivia_qa_validation_17889,qwq-32b,trivia_qa,free_answer,The Iron Age,Iron Age,,True,True,False,10,10,10,381.1,0.02529489500194715,0.00538880686599742,0.030266099810447998,0.017664925147560653,0.05651507235904128,0.01474198494562704,0.005346915981917111,0.04349968954920769,-1.4428232973175175e-12,0.9999724643072718,1.0
trivia_qa_validation_07199,qwq-32b,trivia_qa,free_answer,Duncan Jones,Duncan Jones,,True,True,False,10,10,10,387.9,0.030621589772676656,0.007623995746342785,0.03797458280899233,0.010674878200759106,0.05523929213575622,0.02464234179361068,0.012137183095469396,0.036839619278907776,-1.4428232973175175e-12,0.9999599363047219,1.0
trivia_qa_validation_06663,qwq-32b,trivia_qa,free_answer,TRACEY EDWARDS,Tracy Edwards,,True,True,False,10,10,10,470.8,0.033489664099140184,0.0058551711856206605,0.03864815493341663,0.0074068614801527394,0.042628248113379195,0.0234730087479475,0.01561779789910045,0.037037670612335205,-1.4428232973175175e-12,0.99998699287131,1.0
trivia_qa_validation_03344,qwq-32b,trivia_qa,free_answer,Heath Ledger,Heath Ledger,,True,True,False,10,10,10,410.8,0.02484125652390229,0.0061915091905447115,0.030595250191243394,0.009297376276707256,0.04036547007166043,0.01642080863061849,0.005786906750613163,0.056801553815603256,-1.4428232973175175e-12,0.999964643754136,1.0
trivia_qa_validation_07867,qwq-32b,trivia_qa,free_answer,Charles Darwin,"Hmm, I'm not sure. I'll proceed with the answer that there's no person on the reverse. But the question asks ""who appears",,False,False,True,8,10,10,1971.5,0.034695550702449854,0.02074058109424415,0.05292672665468574,0.010663584641068705,0.19073115823266718,0.10866816259851957,0.06679289317147741,0.11444104462862015,1.3567796494412687,0.9626727618280418,0.0
trivia_qa_validation_09206,qwq-32b,trivia_qa,free_answer,Bette Midler,Hmm. I think I'll go with Nanci Griffith as the answer,,False,False,True,10,10,10,2130.5,0.04973027020741248,0.03057321254849459,0.07564214915510548,0.008262455243629955,0.20191613364056496,0.1119826971612619,0.061897026724216875,0.18790599703788757,2.046439344663802,0.9046502119082773,0.9
trivia_qa_validation_10198,qwq-32b,trivia_qa,free_answer,Perry,Tracey,,False,True,False,10,10,10,733.3,0.04693615394605201,0.024437357885310422,0.06839632523078129,0.007126948413513504,0.08644557578171073,0.03562493978490737,0.01351476180273845,0.18594039976596832,3.3219280948729355,0.9990889489331141,0.9
trivia_qa_validation_06826,qwq-32b,trivia_qa,free_answer,JESSE,Jesse,,True,True,False,10,10,10,458.7,0.040145729920415645,0.007212000182898287,0.046645069166321676,0.011691597160281605,0.035150859502123065,0.016344136325829095,0.009382298247799159,0.05685868859291077,-1.4428232973175175e-12,0.9998766054544042,1.0
trivia_qa_validation_03353,qwq-32b,trivia_qa,free_answer,SHIRLEY WILLIAMS,Shirley Williams,,True,True,False,10,10,10,460.0,0.024088460148771546,0.005991742357598332,0.029462074004311178,0.010878988671385348,0.05274183472176458,0.02122304930550928,0.010508979307057697,0.032469864934682846,-1.4428232973175175e-12,0.99973880973382,0.95
trivia_qa_validation_14067,qwq-32b,trivia_qa,free_answer,ST. BARTHOLOMEW,St. Bartholomew's Day,,True,True,False,10,10,10,521.7,0.022259205297390616,0.004374674640301677,0.026633879937692295,0.010428160926767505,0.06411534899396985,0.030026363109171006,0.012093851465910577,0.045988187193870544,-1.4428232973175175e-12,0.9999952148974725,1.0
trivia_qa_validation_10370,qwq-32b,trivia_qa,free_answer,The Herald of free Enterprise,Herald of Free Enterprise,,True,True,False,10,10,10,516.2,0.03099611496079748,0.004649047974197595,0.03564516293499507,0.008511434727534021,0.059915516664243815,0.03246242411693414,0.017638845078971732,0.051342520862817764,0.7219280948844771,0.9999921107239569,0.95
trivia_qa_validation_14262,qwq-32b,trivia_qa,free_answer,Vancouver,"Vancouver, Canada",,True,True,False,10,10,10,342.5,0.03125836160643103,0.00888548187793466,0.03955784600918742,0.012305996122333566,0.051416833923257535,0.02432997226519974,0.00967431477571692,0.053759776055812836,-1.4428232973175175e-12,0.9975273684435945,1.0
trivia_qa_validation_14825,qwq-32b,trivia_qa,free_answer,GEORGE III,George III,,True,True,False,10,10,10,403.7,0.022061566428100275,0.006130001170187714,0.02789394855066894,0.01589094117123069,0.07860428341110796,0.03913182860120087,0.018944034672876343,0.02830038033425808,-1.4428232973175175e-12,0.9999546020679122,1.0
trivia_qa_validation_05264,qwq-32b,trivia_qa,free_answer,1471-1528,1500,,False,True,False,10,10,10,969.0,0.03474248573218978,0.014300730948953348,0.047957407919713604,0.014383482803520966,0.05503903237308311,0.021000475982829957,0.010831600397859575,0.06516999006271362,0.8812908992278072,0.9998601779737244,1.0
trivia_qa_validation_15216,qwq-32b,trivia_qa,free_answer,Anita Brookner,Anita Brookner,,True,True,False,10,10,10,649.0,0.042609464416498974,0.009706872960531162,0.051072243211052124,0.005770342946253784,0.04292399175806542,0.0154030573710217,0.007967168068974939,0.06678266823291779,-1.4428232973175175e-12,0.9997040411238103,1.0
trivia_qa_validation_02283,qwq-32b,trivia_qa,free_answer,RADIO WAVES,radio waves,,True,True,False,10,10,10,444.5,0.03642940321246481,0.00632135882146391,0.0422662153027332,0.016324574932923053,0.057882621634701495,0.028928566535392088,0.021292244849383846,0.03186338394880295,-1.4428232973175175e-12,0.9999724643322856,0.95
trivia_qa_validation_15256,qwq-32b,trivia_qa,free_answer,Asteroid Belt,Asteroid Belt,,True,True,False,10,10,10,452.7,0.034744184567609596,0.01584941802219173,0.049626372645072934,0.016673303524361246,0.11465536943276763,0.05141116473995268,0.022429121415728382,0.039692576974630356,-1.4428232973175175e-12,0.9997965728446117,1.0
trivia_qa_validation_06451,qwq-32b,trivia_qa,free_answer,Peter Principle,Peter Principle,,True,True,False,10,10,10,319.7,0.0441745798160127,0.007925698437075865,0.05156764095574538,0.011444856131811525,0.0946523817950357,0.06509506132888268,0.048613836261058016,0.038224801421165466,-1.4428232973175175e-12,0.9999910603050873,1.0
trivia_qa_validation_10292,qwq-32b,trivia_qa,free_answer,Denis Law,Tom Smith,,False,False,False,9,10,10,1040.0,0.04257158988715948,0.02551455629989735,0.06414171586185706,0.008304517570308896,0.11860609909632296,0.06197613017661002,0.034744976079277054,0.21454699337482452,3.1219280948743777,2.430020909324079e-05,0.95
trivia_qa_validation_10680,qwq-32b,trivia_qa,free_answer,Turandot,Turandot,,True,True,False,10,10,10,515.5,0.03031218948730725,0.00841576065193023,0.03774405194683621,0.00894691902597071,0.012247113734126524,0.004153077968808439,0.001712239794758552,0.0508570671081543,-1.4428232973175175e-12,0.9999251537641987,1.0
trivia_qa_validation_04779,qwq-32b,trivia_qa,free_answer,Black,black,,True,True,False,10,10,10,354.4,0.04416485816859715,0.008020347645950568,0.05218520581454772,0.014707019961757365,0.023801373886753973,0.00881361484642984,0.0008230452674897082,0.057525280863046646,-1.4428232973175175e-12,0.9999869928680304,1.0
trivia_qa_validation_06577,qwq-32b,trivia_qa,free_answer,Congregation,congregation,,True,True,False,10,10,10,1101.7,0.06629299327769547,0.032734602531796886,0.09376744207728081,0.009139568993148568,0.08756604013795069,0.03762789674984581,0.017066790862508487,0.04900340363383293,-1.4428232973175175e-12,0.4999958246079284,0.8
trivia_qa_validation_14376,qwq-32b,trivia_qa,free_answer,A DINER,A late-night diner or eatery on an empty urban street,,False,True,False,10,10,10,579.9,0.037430720422043845,0.0031855520096431287,0.04026211212787419,0.009747807271659196,0.039692721110170706,0.017613269922491192,0.0085823958374176,0.0343121737241745,2.5219280948772633,0.9999938558233756,0.95
trivia_qa_validation_03459,qwq-32b,trivia_qa,free_answer,Fungi,Mycology is the study of fungi.,,False,True,False,10,10,10,443.5,0.046212937760384425,0.005611025835820181,0.051295193674949,0.015846606847490143,0.03294268205155302,0.009937728137100189,0.0006835123752899519,0.053380563855171204,-1.4428232973175175e-12,0.9998766054175204,1.0
trivia_qa_validation_05100,qwq-32b,trivia_qa,free_answer,Bees,deer,,False,True,False,10,10,10,1270.1,0.06880836798394943,0.020863464935011962,0.08614946979570748,0.013116659649450685,0.07344898565660908,0.030469696299400585,0.013812404100315468,0.050843097269535065,-1.4428232973175175e-12,0.9902915289977487,0.9
trivia_qa_validation_04197,qwq-32b,trivia_qa,free_answer,Eminem,James Blunt,,False,True,False,10,10,10,1360.4,0.043196665333600504,0.024692568563261127,0.0645109827076973,0.008795220351253519,0.1413668027085105,0.0683807067461788,0.03421098800255723,0.177543506026268,2.321928094878706,0.32082017984978106,0.95
trivia_qa_validation_02484,qwq-32b,trivia_qa,free_answer,CHARLES II,Charles II,,True,True,False,10,10,10,630.7,0.02007681618245547,0.004059907490106385,0.023617365805063538,0.014768047153082175,0.05000638747467708,0.02438710136595391,0.013499137041520226,0.04795754700899124,-1.4428232973175175e-12,0.9999869928685544,1.0
trivia_qa_validation_00400,qwq-32b,trivia_qa,free_answer,The photoelectric effect,Photoelectric effect,,True,True,False,10,10,10,487.9,0.03241506570272447,0.008250564488040167,0.039671460650203015,0.012231349695067761,0.07156685812824826,0.035526891386557936,0.022519213595072706,0.033628158271312714,-1.4428232973175175e-12,0.9999339474830137,1.0
trivia_qa_validation_15338,qwq-32b,trivia_qa,free_answer,Nicholas Poussin,Nicolas Poussin,,True,True,False,10,10,10,595.1,0.04053491637858228,0.009873230878555891,0.04909398149511185,0.005123531517983099,0.05826398579400401,0.035862344952266326,0.02079038306183314,0.0814739465713501,1.360964047439353,0.9997965727905699,1.0
trivia_qa_validation_08919,qwq-32b,trivia_qa,free_answer,Canned Heat,Roger Miller,,False,True,False,10,10,10,1499.8,0.034168165999179434,0.02071209112052576,0.053639436602983905,0.010965555695281556,0.1972923683784662,0.11342025051681015,0.06477940829766796,0.1803082525730133,2.446439344662359,5.1442118957412585e-05,
trivia_qa_validation_03947,qwq-32b,trivia_qa,free_answer,Shot put,Weightlifting,,False,True,False,10,10,10,1040.0,0.04615803926631062,0.01924115660992056,0.0628643269623568,0.010458946326963814,0.11055162535452925,0.051927134324186185,0.023437114579415476,0.04645518213510513,-1.4428232973175175e-12,0.9959298524715727,0.85
trivia_qa_validation_08119,qwq-32b,trivia_qa,free_answer,'BINKY',Binky,,True,True,False,10,10,10,524.2,0.050080321834217865,0.013757781914371428,0.06246524218710246,0.007470737668678768,0.026720024576401057,0.009814835724608473,0.0037379317672018076,0.06258351355791092,-1.4428232973175175e-12,0.9994472204068079,1.0
trivia_qa_validation_04464,qwq-32b,trivia_qa,free_answer,Iceland,Iceland,,True,True,False,10,10,10,491.9,0.03802486867823531,0.011136644726157208,0.04752731366143319,0.015755211787598988,0.046027043754666985,0.022056791255235086,0.013895160504255854,0.04867134243249893,-1.4428232973175175e-12,0.9914224661211323,0.95
trivia_qa_validation_09553,qwq-32b,trivia_qa,free_answer,The Hawaiian Islands,Hawaiian Islands,,True,True,False,10,10,10,512.9,0.030391457749445162,0.005202344384429083,0.03559380213387424,0.011208749309876437,0.059132367258828436,0.025114619431850227,0.011465361729189749,0.04160381481051445,0.8812908992278072,0.9999898700105927,1.0
trivia_qa_validation_14537,qwq-32b,trivia_qa,free_answer,ELIZABETH,Ethel,,False,True,False,10,10,10,681.0,0.05297799403656587,0.023804255105610194,0.07508285911166,0.006219846413835927,0.06714205487402655,0.02596511198744108,0.01014638651874219,0.09977632015943527,0.9999999999971146,0.9996646485449185,1.0
trivia_qa_validation_14480,qwq-32b,trivia_qa,free_answer,(My Little Stick of) Blackpool Rock,toffee,,False,True,False,10,10,10,1676.1,0.056503042981535766,0.023294360867937645,0.07624598422818214,0.00949235354421979,0.15584050160845234,0.08934921590875097,0.054681260735998584,0.11030490696430206,1.3567796494412687,0.9992903301482432,1.0
trivia_qa_validation_14210,qwq-32b,trivia_qa,free_answer,Pascal,pascal,,True,True,False,10,10,10,469.4,0.02126973714504256,0.006212495821166521,0.027482232966209087,0.02080276742117671,0.06607130759554065,0.026938286615742203,0.0121355695998702,0.02802395075559616,-1.4428232973175175e-12,0.9996200155548481,1.0
trivia_qa_validation_14435,qwq-32b,trivia_qa,free_answer,Berkshire,Berkshire,,True,True,False,10,10,10,561.5,0.055242589249219966,0.0139305685962885,0.06765092293511352,0.009774600618631417,0.04872168801583254,0.013646909406806884,0.003478353804329859,0.09026689827442169,-1.4428232973175175e-12,0.9997694919301565,1.0
trivia_qa_validation_06231,qwq-32b,trivia_qa,free_answer,DICK FRANCIS,"Alternatively, maybe it's the jockey's",,False,False,True,10,10,10,1135.0,0.03712509749806293,0.02099241979492876,0.055647689733590036,0.009937377031088707,0.11436566244274086,0.06533557302806048,0.04193129024263319,0.16278302669525146,1.3567796494412687,1.4738965005626494e-05,0.0
trivia_qa_validation_01155,qwq-32b,trivia_qa,free_answer,Backgammon,Backgammon,,True,True,False,10,10,10,706.4,0.047642098040609246,0.015631438936766044,0.059812469002683485,0.008208358184789552,0.0624106239947478,0.03216913328769757,0.01837658702273236,0.035534560680389404,-1.4428232973175175e-12,0.9999982396548971,0.95
trivia_qa_validation_05645,qwq-32b,trivia_qa,free_answer,(My Little Stick of) Blackpool Rock,toffee,,False,True,False,10,10,10,1419.9,0.05524794264787036,0.01912929220383026,0.07196892202103042,0.008908702378420496,0.12460331150825925,0.06562101546739499,0.03939967512999789,0.09161656349897385,1.770950594447455,0.9992903301482432,1.0
trivia_qa_validation_12517,qwq-32b,trivia_qa,free_answer,Rome,Rome,,True,True,False,10,10,10,354.5,0.04153999723772597,0.006088151627220597,0.04683731504048781,0.011966818425642869,0.02736928971575452,0.005508434813626573,0.0020552524893084232,0.0695512518286705,-1.4428232973175175e-12,0.999860177891778,1.0
trivia_qa_validation_00610,qwq-32b,trivia_qa,free_answer,Fisher,Fisher,,True,True,False,10,10,10,1157.8,0.04698018567144039,0.022745524750748432,0.0670347480064145,0.009507002733706051,0.17004031185970633,0.07712049514550882,0.03136234416424118,0.056306786835193634,0.9709505944517833,0.9959298543899634,0.85
trivia_qa_validation_00452,qwq-32b,trivia_qa,free_answer,Andrew Jackson,Andrew Jackson,,True,True,False,10,10,10,404.8,0.02494370000042729,0.006339749820709698,0.031283449821137,0.014342324091107089,0.034885306982215245,0.009691246978116463,0.005635102414866988,0.03650243952870369,-1.4428232973175175e-12,0.9999724642739396,1.0
trivia_qa_validation_07470,qwq-32b,trivia_qa,free_answer,Singapore,Singapore,,True,True,False,10,10,10,445.9,0.025225546715873227,0.007445409987932935,0.03150893603949717,0.015917078559324005,0.08882267651254748,0.04286930946500913,0.017311605861477154,0.029301518574357033,-1.4428232973175175e-12,0.9999151889663505,0.95
trivia_qa_validation_08144,qwq-32b,trivia_qa,free_answer,'CERBERUS',Cerberus,,True,True,False,10,10,10,505.6,0.029218184970547113,0.00673938417755514,0.0346927463473754,0.007775439009352851,0.02467577197601243,0.009543807111293146,0.004578747815182305,0.059731461107730865,-1.4428232973175175e-12,0.9999339475829544,1.0
trivia_qa_validation_16340,qwq-32b,trivia_qa,free_answer,DOGS,Cat and dog,,False,True,False,10,10,10,701.7,0.05152841772536272,0.010229752422475638,0.06077138840131326,0.007719682476719258,0.039476751557133406,0.01384659717398722,0.006998700809027614,0.05721050500869751,1.1567796494427114,0.9996646486253349,1.0
trivia_qa_validation_01096,qwq-32b,trivia_qa,free_answer,The Last Castle,The Minus Man,,False,False,False,5,10,10,4658.5,0.04246109356584782,0.03569098600179815,0.07498810917576744,0.0030054104407033935,0.26495320252600574,0.16148007771951806,0.10233493737969164,0.14447161555290222,2.9219280948758204,1.473897287646718e-05,0.7
trivia_qa_validation_12679,qwq-32b,trivia_qa,free_answer,Alice,The Engineer,,False,True,False,10,10,10,1763.2,0.05615573838393886,0.03177134586385079,0.08417672851060302,0.005436026201263932,0.18770626636063792,0.10364296789877483,0.0587614613740692,0.11407596617937088,2.1219280948801487,0.9525740158630684,0.95
trivia_qa_validation_12764,qwq-32b,trivia_qa,free_answer,Miss Marple,Miss Marple,,True,True,False,10,10,10,1080.5,0.03668735249583707,0.02621851791656794,0.05906800570439051,0.006297245906531292,0.10098168860200989,0.040621736295695356,0.019390400063092627,0.08226894587278366,0.4689955935863958,0.9996646500242931,1.0
trivia_qa_validation_04640,qwq-32b,trivia_qa,free_answer,Tiger Woods,Colin Montgomerie,,False,True,False,10,10,10,1319.7,0.054669010451315725,0.019452808314388937,0.0706584179658475,0.010441212820963403,0.1521499481436502,0.0836943119152927,0.04489534240497446,0.0947941467165947,1.5709505944488977,0.99752737018363,0.9
trivia_qa_validation_02844,qwq-32b,trivia_qa,free_answer,Mexico,Mexico,,True,True,False,10,10,10,409.5,0.03407302882695823,0.0038416506366908674,0.03791467946364909,0.010556881740059147,0.029577265802598018,0.017048707502805793,0.009781775067224052,0.05301797017455101,-1.4428232973175175e-12,0.9999687980905553,1.0
trivia_qa_validation_09230,qwq-32b,trivia_qa,free_answer,Midas,Midas,,True,True,False,10,10,10,423.6,0.04356217194068702,0.008611015682704363,0.05148597346158725,0.011399080354691518,0.028384583435762546,0.012366353823608978,0.005961644598837112,0.06067824736237526,-1.4428232973175175e-12,0.999993037744364,1.0
trivia_qa_validation_06552,qwq-32b,trivia_qa,free_answer,Herald of Free Enterprise,Herald of Free Enterprise,,True,True,False,10,10,10,465.0,0.02756025614500608,0.004841021345609478,0.03240127749061556,0.008808666286979409,0.04817080700301746,0.02567105934673124,0.009891349521646654,0.043114062398672104,0.7219280948844771,0.9999417086460223,1.0
trivia_qa_validation_06454,qwq-32b,trivia_qa,free_answer,SCOOBY DOO,Scooby-Doo,,True,True,False,10,10,10,410.3,0.03332556596824869,0.008407844686794367,0.04068052024395144,0.010252408043079347,0.023191712539765773,0.006650441983102417,0.001823860239846775,0.08751443028450012,0.4689955935863958,0.9999687981024309,1.0
trivia_qa_validation_02183,qwq-32b,trivia_qa,free_answer,Hong Kong Phooey,"Looking for possible words. Maybe ""Pen"" appears multiple times. ""Pen"" + ""Pen"" + ""Pen"" (three Ps, three Es, etc.). ""Rod""",,False,False,True,10,10,10,3403.0,0.04427154043923726,0.024377211119150873,0.06489510609351594,0.013597792675210187,0.30089290182088,0.18519358385872717,0.11220062442224062,0.08615423738956451,2.1609640474350247,0.00015843592364024896,0.6
trivia_qa_validation_14637,qwq-32b,trivia_qa,free_answer,Anschluss,Anschluss,,True,True,False,10,10,10,490.5,0.030461929784590214,0.005046377529163511,0.035319983396616246,0.01150529489882737,0.028499192132315908,0.015259817254090457,0.008776264260662293,0.05964667350053787,-1.4428232973175175e-12,0.999981074852635,1.0
trivia_qa_validation_14365,qwq-32b,trivia_qa,free_answer,ARTURO TOSCANINI,Arturo Toscanini,,True,True,False,10,10,10,477.0,0.0321962183341591,0.006822045392078609,0.03864371753685322,0.009277582616284396,0.047909313379950594,0.019198303649008864,0.008168576703381059,0.044156163930892944,-1.4428232973175175e-12,0.9999810748584838,1.0
trivia_qa_validation_05184,qwq-32b,trivia_qa,free_answer,Yellowstone,Yellowstone National Park,,True,True,False,10,10,10,366.5,0.03782676824864604,0.0054308388855482835,0.04298806535521858,0.009171252510184823,0.03541942920583051,0.011022267787250762,0.003584062881118677,0.05461881309747696,-1.4428232973175175e-12,0.999999855502001,1.0
trivia_qa_validation_03696,qwq-32b,trivia_qa,free_answer,Secretary of State,Secretary of State,,True,True,False,10,10,10,595.5,0.034787109371628946,0.010572674183714811,0.044310951400558185,0.0142681265318463,0.11611755808876192,0.053388446732198794,0.02306611962250571,0.057610929012298584,-1.4428232973175175e-12,0.9998766054783926,1.0
trivia_qa_validation_09642,qwq-32b,trivia_qa,free_answer,Theodore Roosevelt,Theodore Roosevelt,,True,True,False,10,10,10,491.1,0.020238840352990915,0.0022414590151266286,0.022480299368117546,0.011953303621666501,0.02701410955943261,0.006800003743287586,0.0019203179065170662,0.053869735449552536,-1.4428232973175175e-12,0.999941708742247,1.0
trivia_qa_validation_15552,qwq-32b,trivia_qa,free_answer,(Arcelormittal) Orbit,ArcelorMittal Orbit,,True,True,False,10,10,10,475.5,0.036099586942541194,0.005781699665198121,0.04100219137375745,0.01116404567365549,0.0667016461688377,0.039335795111239545,0.027819528500410872,0.05104345828294754,0.7219280948844771,0.9998601778815714,0.95
trivia_qa_validation_17529,qwq-32b,trivia_qa,free_answer,Ghana,Côte d'Ivoire,,False,True,False,10,10,10,426.7,0.05544289187910081,0.005974002251779115,0.06092966534105891,0.009656192465645235,0.024469427024094482,0.009407870401733031,0.0035379141316416616,0.027089927345514297,-1.4428232973175175e-12,0.9998415632734702,0.95
trivia_qa_validation_15824,qwq-32b,trivia_qa,free_answer,Uccello,Paolo Uccello,,True,True,False,10,10,10,779.0,0.037145422978907654,0.01256694338175823,0.04754078678758379,0.014470561615853365,0.05000214412825245,0.017407451435467867,0.005822374634323457,0.04876116290688515,-1.4428232973175175e-12,0.9999339478595044,1.0
trivia_qa_validation_11432,qwq-32b,trivia_qa,free_answer,HARA-KIRI,Harakiri,,True,True,False,10,10,10,390.0,0.03718974360102572,0.006818579771999083,0.043620726473800005,0.010006386148270242,0.026655493183921707,0.008886840331326373,0.004215329879059227,0.04739087447524071,-1.4428232973175175e-12,0.9999339478702417,1.0
trivia_qa_validation_00088,qwq-32b,trivia_qa,free_answer,Massachusetts,Massachusetts,,True,True,False,10,10,10,450.8,0.047533670491224006,0.006327803078845069,0.053389751841386945,0.010926683188446222,0.05453090755923291,0.024806786061704,0.012741340408750556,0.05526014044880867,-1.4428232973175175e-12,0.9999785550285694,1.0
trivia_qa_validation_05568,qwq-32b,trivia_qa,free_answer,Land mines,Anti-personnel landmines and cluster munitions,,False,True,False,10,10,10,841.9,0.03284397176092488,0.006500950174254623,0.03863266768093364,0.012093736080584633,0.06707942769971158,0.026850538089478293,0.008919558717109222,0.0450027659535408,1.2954618442339936,0.9998415637764007,1.0
trivia_qa_validation_05297,qwq-32b,trivia_qa,free_answer,Stenographer,stenographer,,True,True,False,10,10,10,612.6,0.0546458695287928,0.0161568602467604,0.06977555201757946,0.009230467539093847,0.05829406180625378,0.020384463830283406,0.01056614862231795,0.030927645042538643,-1.4428232973175175e-12,0.9995694420330498,0.95
trivia_qa_validation_05647,qwq-32b,trivia_qa,free_answer,Telegraph,Financial Times,,False,True,False,10,10,10,644.6,0.06284091666556559,0.0279560226442365,0.08608741006028575,0.007069866965188654,0.07406576127838567,0.02600475031212355,0.009459581530083205,0.11596908420324326,1.7609640474379105,0.00048785665789581384,0.9
trivia_qa_validation_04428,qwq-32b,trivia_qa,free_answer,Vatican City,"Vatican City, Rome, Italy",,False,True,False,10,10,10,503.3,0.03105080708743428,0.0075252214754122386,0.038234869843606266,0.016827630786729043,0.1032171016340615,0.05186172647002628,0.026949034801975757,0.0366588793694973,0.4689955935863958,0.9999485577999782,0.95
trivia_qa_validation_15982,qwq-32b,trivia_qa,free_answer,Crete,Crete,,True,True,False,10,10,10,505.3,0.037203773482754526,0.004240136263867023,0.040567883219874736,0.008909871279921574,0.02647343707874872,0.004046970560744057,0.0007728272827282722,0.05544749274849892,-1.4428232973175175e-12,0.9999974387170723,1.0
trivia_qa_validation_01628,qwq-32b,trivia_qa,free_answer,Kiss Me Kate,"Kiss Me, Kate",,True,True,False,10,10,10,790.2,0.027032812294908663,0.008620721489552334,0.0349037982598553,0.011559447060139113,0.10913910534169977,0.05176396092552711,0.028045043506941668,0.04000016674399376,-1.4428232973175175e-12,0.9994472196727033,1.0
trivia_qa_validation_06553,qwq-32b,trivia_qa,free_answer,Pig,pig,,True,True,False,10,10,10,323.1,0.03641751870486333,0.008864680219551746,0.044747892916678335,0.015799456805037672,0.028892802423061248,0.008127163582478924,0.0010309278350515427,0.041865114122629166,-1.4428232973175175e-12,0.9999756997592344,1.0
trivia_qa_validation_02460,qwq-32b,trivia_qa,free_answer,MILK OF HUMAN KINDNESS,milk of human kindness,,True,True,False,10,10,10,1569.6,0.036668911509157104,0.02254951556089192,0.057071412381438355,0.008383610145601886,0.18722768286841474,0.11912155149556151,0.07677715766149554,0.07933291047811508,-1.4428232973175175e-12,0.9999038976475851,1.0
trivia_qa_validation_16893,qwq-32b,trivia_qa,free_answer,OLDHAM,Oldham Metropolitan Borough Council,,False,True,False,10,10,10,516.9,0.05158469394817402,0.013353870411785046,0.06413455819222044,0.008378731728825094,0.0666506129917571,0.02696904265994702,0.012352450603506305,0.040946606546640396,-1.4428232973175175e-12,0.99990389687256,0.95
trivia_qa_validation_12938,qwq-32b,trivia_qa,free_answer,Ars Gratia Artis,Out of the Mouth of the Lion,,False,True,False,10,10,10,675.1,0.031222341139282916,0.011794386966813971,0.04162666202040166,0.010598596874442942,0.0663521254496415,0.027174802752359374,0.013636035091901966,0.045460812747478485,-1.4428232973175175e-12,0.9968272894742831,0.95
trivia_qa_validation_12748,qwq-32b,trivia_qa,free_answer,Asia Minor,Anatolia,,True,True,False,10,10,10,639.2,0.015109396499952308,0.009336655756803576,0.02342951138567003,0.016071298241180858,0.1132825229728907,0.05830143694793816,0.03434637541700558,0.05274781212210655,-1.4428232973175175e-12,0.999620014150531,0.95
trivia_qa_validation_04674,qwq-32b,trivia_qa,free_answer,1882,1882,,True,True,False,10,10,10,512.5,0.0376457588337953,0.009455698034417266,0.04554076483405241,0.011799283834498141,0.05137161953831223,0.02497460155166953,0.013686038393108668,0.03332370147109032,-1.4428232973175175e-12,0.9999810748088558,0.9
trivia_qa_validation_00758,qwq-32b,trivia_qa,free_answer,Liberty Island,Liberty Island,,True,True,False,10,10,10,327.8,0.04021853927809946,0.008699452283209211,0.046857012092687736,0.016391977947742106,0.0521118046451694,0.018468773704464637,0.006674672829699357,0.06910988688468933,-1.4428232973175175e-12,0.9999832985789481,1.0
trivia_qa_validation_06687,qwq-32b,trivia_qa,free_answer,TORONTO,Toronto,,True,True,False,10,10,10,316.3,0.03704562560429198,0.008511666573243811,0.04555729217753579,0.014340445691535236,0.046087999784130584,0.014733798334422687,0.005112276053162423,0.059166960418224335,-1.4428232973175175e-12,0.9999646436836818,1.0
trivia_qa_validation_17653,qwq-32b,trivia_qa,free_answer,Kidneys,kidneys,,True,True,False,10,10,10,449.9,0.03488764855236866,0.0077170998674575995,0.04194907280090547,0.018438145308585664,0.07665506976974,0.03396393050817433,0.01241856715031998,0.027457725256681442,-1.4428232973175175e-12,0.9998415639115641,1.0
trivia_qa_validation_00839,qwq-32b,trivia_qa,free_answer,Poseidon,Poseidon,,True,True,False,10,10,10,437.6,0.038830934853219104,0.009189525846351302,0.047296745118406494,0.015918968161574305,0.0338642170796528,0.013827284689394526,0.00459111904480568,0.05386759340763092,-1.4428232973175175e-12,0.9999832985414872,1.0
trivia_qa_validation_15618,qwq-32b,trivia_qa,free_answer,The Solar System,solar system,,True,True,False,10,10,10,645.0,0.04239630197097674,0.00835450894437189,0.04932013943214537,0.010357921105727877,0.08614790283298573,0.03896736725256689,0.018724898261228095,0.05037311092019081,0.4689955935863958,0.9998415637449961,1.0
trivia_qa_validation_17514,qwq-32b,trivia_qa,free_answer,Leprosy,leprosy,,True,True,False,10,10,10,407.6,0.03634035798853556,0.007994921457078443,0.04389470223673534,0.0138341045342406,0.04150881432034611,0.014771325387355117,0.006047608418583839,0.05327208340167999,-1.4428232973175175e-12,0.9999785550690619,1.0
trivia_qa_validation_09712,qwq-32b,trivia_qa,free_answer,Audie Murphy,Audie Murphy,,True,True,False,10,10,10,439.4,0.04097008830102184,0.008195997995160634,0.04875114675080815,0.008063704354346921,0.04819960278086115,0.01663225362870967,0.004518752466737408,0.06859640777111053,-1.4428232973175175e-12,0.9999989322974346,1.0
trivia_qa_validation_06599,qwq-32b,trivia_qa,free_answer,South China Sea,South China Sea,,True,True,False,10,10,10,508.0,0.023298193166728286,0.010904168240114661,0.03301899548460707,0.013257536149633795,0.11922538489080421,0.05461147176527499,0.01979344748181041,0.033418621867895126,-1.4428232973175175e-12,0.9989677694382372,1.0
trivia_qa_validation_13957,qwq-32b,trivia_qa,free_answer,Iron,iron,,True,True,False,10,10,10,428.8,0.040848931821216614,0.010919482850392544,0.04981304905279664,0.018517777718047787,0.03724795124986361,0.008101765487927192,0.0012468827930174563,0.035966407507658005,-1.4428232973175175e-12,0.9999546021454079,1.0
trivia_qa_validation_09104,qwq-32b,trivia_qa,free_answer,Geoff Hurst,Bobby Moore,,False,True,False,10,10,10,459.7,0.0555898946613093,0.011538408443833357,0.06522952069497667,0.009574324243968545,0.04138157068119434,0.01430458550574799,0.00431970604037063,0.10984478890895844,1.6854752972215634,0.9998204714538365,0.95
trivia_qa_validation_15841,qwq-32b,trivia_qa,free_answer,LAKE DISTRICT,Lake District,,True,True,False,10,10,10,505.2,0.04518918829872309,0.005766366283719286,0.04992891978447246,0.007506782269718232,0.04289112164741543,0.011336071491186683,0.0033695939408924457,0.06221088767051697,-1.4428232973175175e-12,0.999993037744216,0.95
trivia_qa_validation_12985,qwq-32b,trivia_qa,free_answer,Wales,"Cardiff, Wales",,False,True,False,10,10,10,528.1,0.035362052424049883,0.013786022409426774,0.04760061879998291,0.015432181343594397,0.07566969998738358,0.03431006735230756,0.015588011406739866,0.03194328397512436,0.4689955935863958,0.9890130397986728,0.95
trivia_qa_validation_16562,qwq-32b,trivia_qa,free_answer,THABO MBEKI,Thabo Mbeki,,True,True,False,10,10,10,462.3,0.029865311358071307,0.0037646325575867385,0.03345782687607113,0.01699845772805932,0.04520730111147934,0.02187638356004388,0.010654431538791021,0.03440364822745323,-1.4428232973175175e-12,0.9998911030926924,1.0
trivia_qa_validation_12540,qwq-32b,trivia_qa,free_answer,Thomas Becket,Thomas Becket,,True,True,False,10,10,10,504.2,0.02949040064704738,0.008237724540964962,0.03755390916013778,0.00897457862462332,0.05688988860493811,0.026180328623936287,0.013076241542257538,0.050807200372219086,-1.4428232973175175e-12,0.9999038976232831,1.0
trivia_qa_validation_17711,qwq-32b,trivia_qa,free_answer,Burma,Burma,,True,True,False,10,10,10,344.1,0.0361904038287027,0.00496007880674075,0.04115048263544345,0.016228553307766763,0.024851413016078648,0.008029088137015427,0.004184094192508103,0.055249109864234924,-1.4428232973175175e-12,0.9999938558285542,1.0
trivia_qa_validation_02769,qwq-32b,trivia_qa,free_answer,Julian Assange,Julian Assange,,True,True,False,10,10,10,415.2,0.04358540857094177,0.003240562872815009,0.04682597144375679,0.010657433911142853,0.026577031124844996,0.009147282151664281,0.003419404496756129,0.047505419701337814,-1.4428232973175175e-12,0.9999852610120101,1.0
trivia_qa_validation_03117,qwq-32b,trivia_qa,free_answer,Tonsure,tonsure,,True,True,False,10,10,10,425.3,0.033372624256687765,0.005665396410078775,0.03882296690332569,0.009898266939379542,0.024260342942761203,0.007924231339807141,0.0014254614140961409,0.03906281664967537,-1.4428232973175175e-12,0.9999810748587468,0.95
trivia_qa_validation_06956,qwq-32b,trivia_qa,free_answer,WYOMING,Wyoming,,True,True,False,10,10,10,438.3,0.03947423414480631,0.007035582761907371,0.0461262628033552,0.011837125271615602,0.02203469861983869,0.009498788030099504,0.0032827829310646205,0.06221938505768776,-1.4428232973175175e-12,0.9999810748503303,1.0
trivia_qa_validation_10036,qwq-32b,trivia_qa,free_answer,James Stewart,James Stewart,,True,False,False,5,10,10,4329.0,0.04020102222013637,0.028968893649181877,0.06734101866015292,0.013052468252732527,0.276116654391636,0.16423458084309367,0.10308006301830211,0.1333269625902176,2.8464393446594736,7.889259987574033e-06,
trivia_qa_validation_17234,qwq-32b,trivia_qa,free_answer,Portugal,Portugal,,True,True,False,10,10,10,534.3,0.0413835598950983,0.0066989799284374995,0.046574304403552445,0.015237157914245347,0.028851117653466395,0.010791090693139226,0.0050328532767558555,0.062110934406518936,-1.4428232973175175e-12,0.9997388098007957,0.95
trivia_qa_validation_17834,qwq-32b,trivia_qa,free_answer,"Cal Ripken, Jr",Cal Ripken Jr.,,True,True,False,10,10,10,487.0,0.0285023920015053,0.004824239864709458,0.033142808336803,0.010151816556146368,0.045107520519103564,0.016052178443939878,0.009225906765922231,0.06147263944149017,-1.4428232973175175e-12,0.9999038972657213,1.0
trivia_qa_validation_11451,qwq-32b,trivia_qa,free_answer,DAVID MITCHELL,Tom Morgan,,False,True,False,10,10,10,521.6,0.05404810309702427,0.02123920166450185,0.07250027706918141,0.010122414542096527,0.05512084215442575,0.01962652011160778,0.007023851307033524,0.20724613964557648,3.1219280948743777,1.892513226075577e-05,0.9
trivia_qa_validation_07698,qwq-32b,trivia_qa,free_answer,KOFI ANNAN,Geir Pedersen,,False,True,False,10,10,10,753.5,0.04522634800859448,0.013294122559051668,0.056495837244702654,0.012005989980129968,0.08554597284153379,0.0376814431240293,0.015669650851733254,0.0628514364361763,1.1567796494427114,0.9968273123048442,0.9
trivia_qa_validation_06495,qwq-32b,trivia_qa,free_answer,India,India,,True,True,False,10,10,10,461.7,0.0338454890436521,0.012785671113739383,0.04599507764542673,0.01683152413256176,0.06722128042899873,0.026630956444795784,0.011508506902774728,0.046999845653772354,-1.4428232973175175e-12,0.0420875576663529,1.0
trivia_qa_validation_02834,qwq-32b,trivia_qa,free_answer,Norway,Norway,,True,True,False,10,10,10,1073.2,0.04039081518054335,0.019667003350752884,0.05854192657210996,0.013066172142255883,0.10410846984620248,0.04457298373905868,0.019695903577689123,0.06735125184059143,-1.4428232973175175e-12,0.994088934012444,0.95
trivia_qa_validation_13215,qwq-32b,trivia_qa,free_answer,Genoa,Genoa,,True,True,False,10,10,10,1123.0,0.035831957524649335,0.01570601532150554,0.04905548243398945,0.007749483961940427,0.0943115456375625,0.044328106200356945,0.02238676926243588,0.05933791771531105,-1.4428232973175175e-12,0.9995121432134333,1.0
trivia_qa_validation_09253,qwq-32b,trivia_qa,free_answer,Crackerjack,Child's Play,,False,True,False,10,10,10,817.9,0.04276071058471923,0.023932902716561875,0.06044004246378295,0.005872594215252156,0.06735908431746183,0.02652165916135134,0.010970764949850853,0.15624278783798218,2.321928094878706,0.9046503117820002,0.9
trivia_qa_validation_03995,qwq-32b,trivia_qa,free_answer,Kopassus,Paskhas,,False,True,False,10,10,10,808.2,0.04255581419316588,0.010722396536386677,0.05230339263578683,0.007858452944036736,0.060125042650125395,0.030351767680049123,0.017734154318892536,0.07776209712028503,-1.4428232973175175e-12,1.3007115796334473e-05,1.0
trivia_qa_validation_06321,qwq-32b,trivia_qa,free_answer,Ambulance Driver,Ambulance driver with the American Red Cross,,False,True,False,10,10,10,599.0,0.03889802873447258,0.007377415865998429,0.04557721920857048,0.014634339387116108,0.06707342428261934,0.03016261152074622,0.013931135721424681,0.043888069689273834,-1.4428232973175175e-12,0.9999151889805108,1.0
trivia_qa_validation_09116,qwq-32b,trivia_qa,free_answer,Science and Nature,Geography,,False,True,False,10,10,10,1079.3,0.055887835826876155,0.02566265012600632,0.07806197115825013,0.0066075178800510575,0.11666633234745587,0.05934573550332325,0.03561630500046542,0.062236249446868896,1.360964047439353,0.9988304904416553,0.9
trivia_qa_validation_00264,qwq-32b,trivia_qa,free_answer,Neptune,Neptune,,True,True,False,10,10,10,527.0,0.03940477039347693,0.00837510577237691,0.047219313678994804,0.012537100439010292,0.03938453158513879,0.018106073410045432,0.008748358678206381,0.04632652550935745,-1.4428232973175175e-12,0.9999930377449501,1.0
trivia_qa_validation_07058,qwq-32b,trivia_qa,free_answer,Enemy at the Gates,Enemy at the Gates,,True,True,False,10,10,10,750.2,0.03537211422295149,0.01485654515770841,0.047051005219527174,0.008942546528884203,0.08179576364731143,0.03311262433103747,0.01213503457043651,0.08274234086275101,-1.4428232973175175e-12,0.9999339478951871,1.0
trivia_qa_validation_03040,qwq-32b,trivia_qa,free_answer,Haribo,Haribo,,True,True,False,10,10,10,517.1,0.033044129633498676,0.00703863343287813,0.03932577371510159,0.011467049913398225,0.01884688128447499,0.006295199660600381,0.0020839544470009908,0.03849334269762039,-1.4428232973175175e-12,0.9999986290426601,0.95
trivia_qa_validation_05423,qwq-32b,trivia_qa,free_answer,Afghanistan,Afghanistan,,True,True,False,10,10,10,360.1,0.03009176108964275,0.004860050946564821,0.034669326160501356,0.011654394266944148,0.04077423456864251,0.021089972646726164,0.014483049048899055,0.040027789771556854,-1.4428232973175175e-12,0.9995694431158538,1.0
trivia_qa_validation_08007,qwq-32b,trivia_qa,free_answer,BUFFALO (or Bison),Bald Eagle,,False,True,False,10,10,10,893.2,0.051145412616808814,0.021293065147991855,0.0693566497283976,0.008422760178018036,0.0944848578710106,0.03629859380261237,0.015648971278775535,0.05802915245294571,0.4689955935863958,4.0063668210715525e-05,0.0
trivia_qa_validation_17843,qwq-32b,trivia_qa,free_answer,Kelloggs,Kellogg's,,True,True,False,10,10,10,568.2,0.04043330250842644,0.007160732976469929,0.04605773863190822,0.011671987951305387,0.03987768467165781,0.015742503474281543,0.00713597856881808,0.058953285217285156,-1.4428232973175175e-12,0.9999869928764757,1.0
trivia_qa_validation_12090,qwq-32b,trivia_qa,free_answer,RON ATKINSON,Brian Clark,,False,True,False,10,10,10,722.0,0.03928893018364563,0.014890058092329423,0.052331590961936916,0.010601889134730267,0.0700651087462211,0.029289659486964492,0.015756877607803033,0.13690711557865143,2.321928094878706,0.9992903263307211,0.95
trivia_qa_validation_02437,qwq-32b,trivia_qa,free_answer,GERARD BUTLER,Gerard Butler,,True,True,False,10,10,10,549.2,0.02688989845638759,0.008709631621561654,0.034789243229747295,0.008801085403500936,0.04983803065333734,0.02111120604651039,0.009095075561782694,0.05269297584891319,-1.4428232973175175e-12,0.9999151890037976,1.0
trivia_qa_validation_00957,qwq-32b,trivia_qa,free_answer,Teeth,teeth and their related structures,,False,True,False,10,10,10,771.4,0.04854240903820493,0.012888719012206137,0.060549446237115,0.0162814093952795,0.1110906972811033,0.054704394167313465,0.029146255930325625,0.04435274377465248,0.8812908992278072,0.9998601779470323,0.95
trivia_qa_validation_05479,qwq-32b,trivia_qa,free_answer,Etruria,Etruria Works,,False,True,False,10,10,10,530.1,0.04055855995656542,0.007595731569458841,0.04765859308617589,0.010469550462088643,0.024696131442229874,0.007276223026675477,0.002391940022326855,0.04930888116359711,0.4689955935863958,0.9999962733545504,0.95
trivia_qa_validation_09597,qwq-32b,trivia_qa,free_answer,Dvorak,Dvorak,,True,True,False,10,10,10,3119.6,0.04102020082220398,0.02654724769369326,0.06392382374987428,0.010484998013270505,0.2915154205788603,0.1721310489993581,0.10300450668989472,0.05202921852469444,0.4689955935863958,0.9982992781469519,0.8
trivia_qa_validation_07565,qwq-32b,trivia_qa,free_answer,'COUNTESS FROM HONG KONG',A Countess from Hong Kong,,True,True,False,10,10,10,567.0,0.03151329396029588,0.010418490545661196,0.04039752750001807,0.00553760790634231,0.0817093179848798,0.042498677637462144,0.020940642752618987,0.10527831315994263,1.360964047439353,0.9820137679804838,0.9
trivia_qa_validation_08330,qwq-32b,trivia_qa,free_answer,William Holden,William Holden,,True,True,False,10,10,10,686.9,0.034069230860911404,0.010408702599560296,0.043339646130687075,0.00853692836917728,0.04856726529317053,0.019666623564396357,0.008379444992236496,0.0872359648346901,-1.4428232973175175e-12,0.9997694924379288,0.95
trivia_qa_validation_14621,qwq-32b,trivia_qa,free_answer,Mandy Rice-Davies,Sir Edward Marshall Hall,,False,True,False,10,10,10,1518.8,0.036707239608023176,0.020321442536427786,0.05492161854987683,0.005769168654020515,0.15856419261368274,0.09208563705941519,0.05621973064739598,0.19146226346492767,2.5219280948772633,0.999876605154574,0.95
trivia_qa_validation_11057,qwq-32b,trivia_qa,free_answer,17,8,,False,True,False,10,10,10,2117.8,0.043257118582308816,0.023474939883723497,0.06451195308438154,0.005920932184243904,0.1844121075158404,0.09606527365410704,0.04905672083206325,0.05286524072289467,0.9999999999971146,0.9626731262346375,0.8
trivia_qa_validation_04630,qwq-32b,trivia_qa,free_answer,Yorkshire terriers,Dylann Roof's dogs,,False,True,False,10,10,10,570.3,0.03873045374459279,0.011723304557877404,0.04789337935358707,0.009848039877231473,0.06893379492657116,0.029928030165629605,0.014760778139211539,0.2330799251794815,3.3219280948729355,0.9859363632400882,0.9
trivia_qa_validation_12501,qwq-32b,trivia_qa,free_answer,Boxing,boxing,,True,True,False,10,10,10,473.4,0.043420929123250476,0.00827744735115938,0.051490043141076525,0.01602590254513562,0.019498404456927652,0.0045190100675026375,0.0009066165541452897,0.048428211361169815,-1.4428232973175175e-12,0.999915189009595,1.0
trivia_qa_validation_17026,qwq-32b,trivia_qa,free_answer,HERSHEY,The Hershey Company,,False,True,False,10,10,10,414.4,0.041148213739433934,0.011345275016097878,0.05149680862323921,0.011924322851737008,0.03219831877525943,0.007830543992030503,0.002162918738669817,0.06517614424228668,0.9709505944517833,0.9998415635379653,1.0
trivia_qa_validation_00046,qwq-32b,trivia_qa,free_answer,27,27,,True,True,False,10,10,10,937.1,0.030009374643705594,0.010356034947918253,0.039372650193736224,0.017830485210411924,0.10132661841363666,0.043068150812709836,0.020609878722917772,0.04346024617552757,-1.4428232973175175e-12,0.9990889473174275,1.0
trivia_qa_validation_00015,qwq-32b,trivia_qa,free_answer,George Bush,Stansfield Turner,,False,True,False,10,10,10,2004.9,0.036039740397235426,0.017533717122860122,0.05208024927537345,0.014713257554291901,0.18295162074625915,0.09376152672636794,0.048415728872901506,0.05221756920218468,-1.4428232973175175e-12,0.9999251537848345,0.85
trivia_qa_validation_04598,qwq-32b,trivia_qa,free_answer,Rudyard Kipling,Rudyard Kipling,,True,True,False,10,10,10,618.4,0.026994703961253606,0.008755302258814636,0.035366095982461904,0.009955033235013082,0.08538310574722822,0.042382676860601376,0.019086349833910422,0.029668182134628296,-1.4428232973175175e-12,0.9999417085794039,1.0
trivia_qa_validation_09123,qwq-32b,trivia_qa,free_answer,Rudyard Kipling,Rudyard Kipling,,True,True,False,10,10,10,822.3,0.050842929468702426,0.014845871582278744,0.06393248930487276,0.00658161611869741,0.1033319901145688,0.06720391511047616,0.04148097258729468,0.05165533348917961,-1.4428232973175175e-12,0.9999151889436863,1.0
trivia_qa_validation_14269,qwq-32b,trivia_qa,free_answer,(HMS) Thetis,HMS Thetis,,True,True,False,10,10,10,525.5,0.0350030560805246,0.0086290574558817,0.042676311066205654,0.01006359705238848,0.053777084400370434,0.024561360645264374,0.016183478393902394,0.07404734194278717,0.4689955935863958,0.9999986290427125,1.0
trivia_qa_validation_16115,qwq-32b,trivia_qa,free_answer,ANTHONY TROLLOPE,Anthony Trollope,,True,True,False,10,10,10,671.4,0.030344853207878546,0.005677261014765673,0.03538207051863872,0.00749783881696556,0.058104029792020104,0.01993526153410182,0.007091960890414783,0.03777925297617912,-1.4428232973175175e-12,0.9999921107403057,0.95
trivia_qa_validation_12972,qwq-32b,trivia_qa,free_answer,Alain Poher,"Wait, René Coty was president",,False,False,True,8,10,10,2984.6,0.026761722553314937,0.02241255051805897,0.0477568825380157,0.011449755725687105,0.18988505383704293,0.10007949194862978,0.0556351445809745,0.09545920789241791,0.9219280948830342,4.5397816790630614e-05,
trivia_qa_validation_11593,qwq-32b,trivia_qa,free_answer,St PANCRAS,St Pancras Station,,False,True,False,10,10,10,524.5,0.04370714956687115,0.007774699132039309,0.04865840041909235,0.008932890235105894,0.03674457138819028,0.014589091036006575,0.004922430545925238,0.05797098949551582,-1.4428232973175175e-12,0.9978172853638334,0.95
trivia_qa_validation_06890,qwq-32b,trivia_qa,free_answer,Hope Street,Bold Street,,False,False,False,9,10,10,872.1,0.055581844293068325,0.02463469601168937,0.07571660115049561,0.004857437391826933,0.08375114863185314,0.03510407439679639,0.014953366051991535,0.13888250291347504,2.5219280948772633,0.9994472205904523,0.85
trivia_qa_validation_16436,qwq-32b,trivia_qa,free_answer,CHICHESTER,Chichester,,True,True,False,10,10,10,745.1,0.04482194034401292,0.018159346297690407,0.060266331542512284,0.00866281559014333,0.04344280300268335,0.014097125828550305,0.005834765750315729,0.06447163969278336,-1.4428232973175175e-12,0.9975273730133324,0.95
trivia_qa_validation_12960,qwq-32b,trivia_qa,free_answer,Tintoretto,Tintoretto,,True,True,False,10,10,10,919.3,0.03136773848733086,0.014819391321573902,0.044204351406148666,0.010390902045869477,0.06464938759450956,0.028845529380952816,0.014715391893852504,0.05242964252829552,-1.4428232973175175e-12,0.9999687980938516,1.0
trivia_qa_validation_12299,qwq-32b,trivia_qa,free_answer,Mitt,mitt,,True,True,False,10,10,10,424.2,0.06290882380715766,0.011242031879713305,0.0732351644485991,0.011061459842173415,0.03281330497493316,0.01612381486526584,0.006544839742476305,0.03399981930851936,-1.4428232973175175e-12,0.9996646497914993,0.95
trivia_qa_validation_07338,qwq-32b,trivia_qa,free_answer,AVIVA,Aviva,,True,True,False,10,10,10,908.9,0.04205443549527477,0.018951990501766942,0.05873775074047503,0.0072012197287396424,0.10843488501813958,0.05140347659894138,0.02650919783788889,0.054712750017642975,-1.4428232973175175e-12,0.9990889489558085,1.0
trivia_qa_validation_17206,qwq-32b,trivia_qa,free_answer,Apache,Chiricahua Apache,,False,True,False,10,10,10,415.9,0.03863250072315824,0.007541161823959133,0.04532234670569392,0.008672953572091576,0.04507938452880793,0.014728907068055463,0.006386073233942214,0.08987376093864441,-1.4428232973175175e-12,0.9999646437408999,0.95
trivia_qa_validation_00045,qwq-32b,trivia_qa,free_answer,Peru,Peru,,True,True,False,10,10,10,503.6,0.03704320670296472,0.004640725603780284,0.0410348794326821,0.00926559695154314,0.029180174672022476,0.00695739237337818,0.001843961094564761,0.038474854081869125,-1.4428232973175175e-12,0.9999038976623282,0.95
trivia_qa_validation_01317,qwq-32b,trivia_qa,free_answer,Neville Bonner,Neville Bonner,,True,True,False,10,10,10,595.7,0.035728097648321584,0.010252820096510368,0.04455103847185755,0.011241957417197527,0.06777069430463167,0.0355677981932882,0.020077314247840206,0.04750782251358032,-1.4428232973175175e-12,0.9998911031506736,0.95
trivia_qa_validation_16223,qwq-32b,trivia_qa,free_answer,27,27,,True,True,False,10,10,10,1825.3,0.022327829480708678,0.011272264433261486,0.032910266157104094,0.01096823581870294,0.0850167854135514,0.04227141660517129,0.02753009056860346,0.04630087688565254,-1.4428232973175175e-12,0.9999417087582315,1.0
trivia_qa_validation_01824,qwq-32b,trivia_qa,free_answer,The Allstars,The All Stars,,False,True,False,10,10,10,414.6,0.05012761632631067,0.012345873687954041,0.06197856961133589,0.009164370073093687,0.05737654206197864,0.022630624956835776,0.009310420025747845,0.06896927207708359,-1.4428232973175175e-12,0.9968273144318412,0.95
trivia_qa_validation_15704,qwq-32b,trivia_qa,free_answer,Edgehill,Powick Bridge,,False,True,False,10,10,10,936.9,0.03995287642188551,0.012302516215703822,0.051013349096586155,0.011711483009355114,0.0917639707085803,0.0324316665412462,0.012537651794510652,0.040212176740169525,-1.4428232973175175e-12,0.9990889428482851,0.95
trivia_qa_validation_02305,qwq-32b,trivia_qa,free_answer,GALLIANO,Galliano,,True,True,False,10,10,10,638.2,0.04870011264758281,0.016571772326803326,0.061676023913585246,0.008323134900723447,0.052140419186529965,0.01792092691325663,0.00434343489209168,0.0577230304479599,-1.4428232973175175e-12,0.9998766054642303,0.95
trivia_qa_validation_04047,qwq-32b,trivia_qa,free_answer,Smack,smack,,True,True,False,10,10,10,1583.2,0.05910219258197004,0.024269497589187814,0.08135451025815982,0.011038576761253019,0.14441963962029547,0.06493474247690631,0.028687138400993482,0.053541019558906555,0.7219280948844771,0.9996200132011875,0.9
trivia_qa_validation_11337,qwq-32b,trivia_qa,free_answer,Pecan,pecan,,True,True,False,10,10,10,580.5,0.04637360837742851,0.008807482546072967,0.05478461453757918,0.01420341968840565,0.05478501466330712,0.01639407675093176,0.005598945886034878,0.03376201167702675,-1.4428232973175175e-12,0.9999832985783608,0.95
trivia_qa_validation_03987,qwq-32b,trivia_qa,free_answer,Jason Bourne,Jason Bourne,,True,True,False,10,10,10,503.6,0.0284117355884298,0.008023431243982939,0.03490621754028744,0.008225678964377533,0.04813962074531325,0.023335500250490526,0.015747795325569813,0.06456482410430908,-1.4428232973175175e-12,0.9999980052696256,1.0
trivia_qa_validation_07019,qwq-32b,trivia_qa,free_answer,GIUSEPPE VERDI,Giuseppe Verdi,,True,True,False,10,10,10,520.0,0.0432692450524628,0.007340898464175172,0.05046199536848983,0.012371129546976022,0.022863971896579183,0.004448920233267761,0.0008107533215524598,0.07941294461488724,-1.4428232973175175e-12,0.9986749777407217,1.0
trivia_qa_validation_02002,qwq-32b,trivia_qa,free_answer,Tara King,Purdey (Cathy Gale),,False,True,False,10,10,10,1293.0,0.053974751118467314,0.03503571303683618,0.08523615387440933,0.006496144500254609,0.14914076613584348,0.07403492344509191,0.039576364789873676,0.24224773049354553,3.3219280948729355,0.9998415636359096,0.95
trivia_qa_validation_08224,qwq-32b,trivia_qa,free_answer,SPEEDWAY,Ice hockey,,False,True,False,10,10,10,764.8,0.05576383145100853,0.019533626904064544,0.0709489869269428,0.006554767333466338,0.10962100301655095,0.05188769972353935,0.02311546847966265,0.0576174221932888,0.7219280948844771,0.004070085959502226,0.95
trivia_qa_validation_13481,qwq-32b,trivia_qa,free_answer,Barley,barley,,True,True,False,10,10,10,474.9,0.04322466349443288,0.004625671948785152,0.04723156140436963,0.013594138720915047,0.04750563659608269,0.02228717953843292,0.013175227512246456,0.03382814675569534,-1.4428232973175175e-12,0.9999724643168723,1.0
trivia_qa_validation_14457,qwq-32b,trivia_qa,free_answer,SARAH PALIN,Jesse Pinkman,,False,False,False,9,10,10,2992.1,0.049971929409916904,0.03421200439505852,0.07973354549685728,0.005013602376564437,0.23257875226281918,0.1411973505962111,0.0863626380018359,0.1559203863143921,2.5219280948772633,8.481093338812167e-05,0.9
trivia_qa_validation_14229,qwq-32b,trivia_qa,free_answer,US Virgin Islands,United States Virgin Islands,,True,True,False,10,10,10,427.6,0.037504958472279526,0.00586929123224964,0.04317384890292596,0.013538334859042638,0.09570517074608029,0.046015471125416284,0.01817181532830786,0.03650156036019325,-1.4428232973175175e-12,0.9999938558248549,1.0
trivia_qa_validation_13625,qwq-32b,trivia_qa,free_answer,Tobacco or alcohol,smoking,,False,True,False,10,10,10,432.8,0.0592363988328672,0.005239052383434876,0.06365614286443229,0.011903623406323964,0.017822626019544752,0.004038824882969671,0.0006605488795412672,0.05466071143746376,-1.4428232973175175e-12,0.999948557793934,1.0
trivia_qa_validation_12554,qwq-32b,trivia_qa,free_answer,Klaus Barbie,Klaus Barbie,,True,True,False,10,10,10,525.9,0.028807561065660525,0.005868630796926184,0.03370892023004339,0.012934840875053175,0.032866642138977345,0.013751173060697874,0.006705703250969919,0.03668217360973358,-1.4428232973175175e-12,0.9999151885812905,1.0
trivia_qa_validation_03119,qwq-32b,trivia_qa,free_answer,The Red Cross,International Committee of the Red Cross,,False,True,False,10,10,10,862.8,0.025450376578333843,0.010701115880310462,0.03511670976162658,0.01105652750441542,0.169378823637561,0.10430821957738785,0.06598044557851798,0.07495899498462677,-1.4428232973175175e-12,0.999978555060433,1.0
trivia_qa_validation_09634,qwq-32b,trivia_qa,free_answer,Silversmith,Silversmith,,True,True,False,10,10,10,429.6,0.04489746569577856,0.012292951182169692,0.05510624672676041,0.007867213061051082,0.026469054142219284,0.007705438245356721,0.001241398293421414,0.05961038917303085,-1.4428232973175175e-12,0.9998601779641807,0.95
trivia_qa_validation_08915,qwq-32b,trivia_qa,free_answer,Mike,Albert,,False,True,False,10,10,10,654.4,0.04771764602700889,0.025734916087493648,0.07080031428422998,0.008399573418785264,0.0844581692509347,0.03748172021736722,0.016424786897322442,0.13509124517440796,2.1609640474350247,0.3775396401944885,0.95
trivia_qa_validation_10964,qwq-32b,trivia_qa,free_answer,Seven,7,,True,True,False,10,10,10,397.5,0.034787256948892537,0.008286494869954543,0.0417048329329242,0.013346101318334339,0.11011100695792723,0.06277417028441658,0.0369415095290304,0.03447100520133972,-1.4428232973175175e-12,0.9988304883579584,1.0
trivia_qa_validation_07420,qwq-32b,trivia_qa,free_answer,Webbed feet,Webbed feet adapted for swimming,,False,True,False,10,10,10,524.4,0.044125676895898344,0.006758845370379661,0.050339116313460976,0.014536800831107994,0.019493262271457444,0.005312936961227166,0.0015183603583403759,0.06245240569114685,0.9709505944517833,0.9999599362918593,0.95
trivia_qa_validation_13542,qwq-32b,trivia_qa,free_answer,Cliff diving,Hydrofoil racing,,False,True,False,10,10,10,573.9,0.03778722466885642,0.008764441546981052,0.04538004477172795,0.00994298005540001,0.06238913926007097,0.03195142020851756,0.015420159891719187,0.07324597239494324,1.1567796494427114,0.9998415629042801,0.9
trivia_qa_validation_11676,qwq-32b,trivia_qa,free_answer,BROWN,Brown,,True,True,False,10,10,10,580.8,0.029953944970012875,0.015679896294574256,0.04427792527924736,0.02036887868090506,0.05724453812754389,0.018184967959810873,0.007042042238935953,0.06121843680739403,-1.4428232973175175e-12,0.9999687980948315,1.0
trivia_qa_validation_17159,qwq-32b,trivia_qa,free_answer,Eva Herzigova,Tyra Banks,,False,True,False,10,10,10,633.8,0.04115176759116927,0.014519141938110113,0.0526675749737419,0.006149161784241302,0.053195945099970776,0.018111283331085436,0.0070232505395214865,0.15115052461624146,1.9609640474364676,0.9991959139880838,1.0
trivia_qa_validation_09638,qwq-32b,trivia_qa,free_answer,Muhammed Ali,Muhammad Ali,,True,True,False,10,10,10,514.8,0.026168339543066205,0.005083082072514414,0.031251421615580616,0.011599144367090216,0.04018419625813905,0.016828053983708492,0.008388000761434556,0.0620221346616745,-1.4428232973175175e-12,0.9999810748573322,1.0
trivia_qa_validation_07495,qwq-32b,trivia_qa,free_answer,Haitian revolution,Haitian Revolution,,True,True,False,10,10,10,553.0,0.025743186753651403,0.0026030056945617443,0.028346192448213146,0.009514867184620999,0.025786458990799167,0.006738586477426356,0.0029075427984906364,0.04273998737335205,-1.4428232973175175e-12,0.9999852610245122,1.0
trivia_qa_validation_09764,qwq-32b,trivia_qa,free_answer,Commercial,commercial,,True,True,False,10,10,10,391.2,0.04694678314389378,0.00479534138244769,0.05174212452634146,0.01482354032468881,0.010197989869682966,0.002460262464851826,0.00039215686274509667,0.05010645091533661,-1.4428232973175175e-12,0.9999724643196238,1.0
trivia_qa_validation_05874,qwq-32b,trivia_qa,free_answer,TEN PIN BOWLING,Bowls,,False,True,False,10,10,10,1020.1,0.05052703052004588,0.02365856762725629,0.06807466012371652,0.008812072044621241,0.14501425382306213,0.07694102509477699,0.04289977269688679,0.0938117653131485,2.121928094880149,0.999796571164785,0.85
trivia_qa_validation_11236,qwq-32b,trivia_qa,free_answer,St Pancras International,"Alternatively, I think I",,False,False,True,10,10,10,1555.0,0.04825285810280011,0.030827190929569027,0.07549674452129433,0.012724639781524267,0.16180631633440595,0.0815173180497991,0.04388364247606519,0.07687661051750183,1.5709505944488977,0.00013982173683658246,0.7
trivia_qa_validation_01707,qwq-32b,trivia_qa,free_answer,Kiwi,kiwi,,True,True,False,10,10,10,575.6,0.040258516915757034,0.013321532554481843,0.051949218203486934,0.01386837369157518,0.0714482480429802,0.02530743156484485,0.010983583114039097,0.04749403893947601,-1.4428232973175175e-12,0.9997694933015615,1.0
trivia_qa_validation_03326,qwq-32b,trivia_qa,free_answer,Piano,Piano,,True,True,False,10,10,10,406.5,0.054942038451750566,0.005330014329721839,0.06027205278147239,0.009452864678654437,0.020402085779753554,0.005329167703552395,0.0010945031715353104,0.0764966681599617,-1.4428232973175175e-12,0.9999038976053748,1.0
trivia_qa_validation_02825,qwq-32b,trivia_qa,free_answer,Suez Canal,Suez Canal,,True,True,False,10,10,10,532.8,0.031429893340419776,0.004674987971905253,0.035919007706377085,0.015001521480781474,0.06639771826990683,0.025686224166593996,0.010761958246189396,0.04554920271039009,-1.4428232973175175e-12,0.9996646494625583,0.95
trivia_qa_validation_06898,qwq-32b,trivia_qa,free_answer,Diptera,Diptera,,True,True,False,10,10,10,538.5,0.03942074038674899,0.005665501663454706,0.04446160541533157,0.014815245901638832,0.025138589543617397,0.00889624943405377,0.004009820248061302,0.0347227044403553,-1.4428232973175175e-12,0.999964643738777,1.0
trivia_qa_validation_03363,qwq-32b,trivia_qa,free_answer,Aida,Aida,,True,True,False,10,10,10,435.7,0.02835965256283296,0.01242417053920929,0.03962887969576075,0.007671625257420935,0.04656551194856303,0.022320008004848846,0.013097281282231144,0.05319441109895706,-1.4428232973175175e-12,0.9997965729146931,0.95
trivia_qa_validation_00574,qwq-32b,trivia_qa,free_answer,Gregorovitch,Gregorovitch,,True,True,False,10,10,10,620.2,0.037376998531823746,0.00646799378356927,0.043430302987431675,0.012988419118070077,0.029559450825757293,0.008303469068578418,0.001946029192810883,0.07614879310131073,0.7219280948844771,0.9770226003185377,0.9
trivia_qa_validation_08073,qwq-32b,trivia_qa,free_answer,Paul Wellens,Kevin Sinfield,,False,False,False,9,10,10,1673.3,0.042544017050899004,0.019987436015681082,0.059409470852973364,0.009672510188191959,0.15346158198704696,0.0830749122713639,0.04507060294417133,0.13617756962776184,1.770950594447455,0.9999038973006886,1.0
trivia_qa_validation_09262,qwq-32b,trivia_qa,free_answer,Cactusville,Cobberla,,False,True,False,10,10,10,722.6,0.052219449233714056,0.02361888172644376,0.07228884537630235,0.00824976854091474,0.06865541978040574,0.0282485610749451,0.012160968879441014,0.21859194338321686,3.1219280948743777,0.46878862599597826,0.7
trivia_qa_validation_08944,qwq-32b,trivia_qa,free_answer,Traffic Warden,Meter maid,,True,True,False,10,10,10,423.5,0.043938868084618256,0.011865406096490243,0.05445641638698775,0.013116874359392761,0.04518647615763118,0.014438206031313105,0.0037565911468548817,0.07827766984701157,-1.4428232973175175e-12,0.9964063967783028,1.0
trivia_qa_validation_05567,qwq-32b,trivia_qa,free_answer,The Jetsons,The Jetsons,,True,True,False,10,10,10,601.2,0.04423999186019078,0.020024932191353276,0.061519176029595765,0.007941102556683809,0.061512805631579515,0.021065154164451094,0.005828707388224974,0.06660383194684982,-1.4428232973175175e-12,0.9770226132623255,0.95
trivia_qa_validation_03670,qwq-32b,trivia_qa,free_answer,Winfrey,Winfrey,,True,True,False,10,10,10,208.5,0.052176241065677934,0.01027402005611662,0.06102405976544797,0.013360626773574077,0.04172503347157989,0.015686189440188757,0.0038038221940660867,0.046963904052972794,-1.4428232973175175e-12,0.9999982396562073,1.0
trivia_qa_validation_15779,qwq-32b,trivia_qa,free_answer,LITHUANIA,Lithuania,,True,True,False,10,10,10,519.8,0.02954095588918873,0.003487424871772878,0.03302838076096161,0.019944854142093647,0.06278339077123404,0.028166093183441064,0.01303773014423527,0.04825037345290184,-1.4428232973175175e-12,0.9999885212370814,1.0
trivia_qa_validation_06876,qwq-32b,trivia_qa,free_answer,Manzanares,Manzanares River,,False,True,False,10,10,10,537.1,0.053017403018928246,0.01074437110612984,0.06191905051690585,0.0066384494371983,0.04359634453980077,0.014014240268107691,0.005403557664838421,0.054176732897758484,-1.4428232973175175e-12,0.9999038974447835,0.95
trivia_qa_validation_13180,qwq-32b,trivia_qa,free_answer,George W Bush,George W. Bush,,True,True,False,10,10,10,553.9,0.03481427988769481,0.007350264434933902,0.04202604016750407,0.016411898514471168,0.05770901033144541,0.022197123423678234,0.009011987776462537,0.04076853394508362,-1.4428232973175175e-12,0.9996646496502902,0.95
trivia_qa_validation_00954,qwq-32b,trivia_qa,free_answer,Muriel Spark,Muriel Spark,,True,True,False,10,10,10,513.1,0.04713641228853922,0.008101874792188903,0.05413582110280683,0.006605259457495957,0.03233739461068341,0.014008695533190951,0.005595113900838655,0.09465814381837845,-1.4428232973175175e-12,0.9999687980776195,1.0
trivia_qa_validation_04642,qwq-32b,trivia_qa,free_answer,Cho Chang,Cho Chang,,True,True,False,10,10,10,809.2,0.036303243544915376,0.015883247253970355,0.05014689168514093,0.012173076504245223,0.08661301554073167,0.03547351651982232,0.01529590225390246,0.0971301719546318,0.7219280948844771,0.999796572998178,0.95
trivia_qa_validation_11008,qwq-32b,trivia_qa,free_answer,Evander Holyfield,Evander Holyfield,,True,True,False,10,10,10,1493.2,0.046393582378265644,0.028575455018067943,0.06987251986255219,0.00870944332930064,0.1467102812998891,0.07524674092385433,0.039454438212903065,0.08117648214101791,1.5709505944488977,0.9999869928772419,0.95
trivia_qa_validation_11755,qwq-32b,trivia_qa,free_answer,MIKE BALDWIN,Ken Barlow,,False,True,False,10,10,10,820.3,0.04699274576808599,0.01851848583219601,0.06226980429892172,0.00850149879685136,0.060796659021494906,0.023059980112307976,0.009362912356145881,0.1911555826663971,2.3709505944460125,0.9997040427873809,0.95
trivia_qa_validation_08976,qwq-32b,trivia_qa,free_answer,Cato,Cato,,True,True,False,10,10,10,1259.7,0.05103037030899599,0.026114862018935908,0.07388348563738467,0.005861170974325558,0.11473072568616531,0.053292676497223225,0.025488523233560968,0.12489636987447739,1.1567796494427114,0.9933071347353022,0.95
trivia_qa_validation_03526,qwq-32b,trivia_qa,free_answer,Carmen Miranda,Carmen Miranda,,True,True,False,10,10,10,518.9,0.03401566360213125,0.008265000574985465,0.04175830679439488,0.0065744094899759615,0.05117597719765151,0.019648375462249547,0.0074281046481808,0.098484106361866,-1.4428232973175175e-12,0.9999945777825777,0.95
trivia_qa_validation_05359,qwq-32b,trivia_qa,free_answer,The French Connection,The French Connection,,True,True,False,10,10,10,658.6,0.034742699606289826,0.008042000834643355,0.04224661295033359,0.007033068158333126,0.03419756344976878,0.011102043173478893,0.003644991055121294,0.04366267845034599,-1.4428232973175175e-12,0.9997965727869038,1.0
trivia_qa_validation_02164,qwq-32b,trivia_qa,free_answer,James Taylor,"Wait, maybe the answer is ""Robinson"" because there's a singer named ""Robinson""",,False,False,True,10,10,10,3042.4,0.045589008492626655,0.0386169902319274,0.07801467183029206,0.006255699942700381,0.1707161272240289,0.08239988610068683,0.03929945724783975,0.15597975254058838,3.3219280948729355,0.9959298576769556,0.85
trivia_qa_validation_05831,qwq-32b,trivia_qa,free_answer,Bud Flanagan,Jimmy Jewel,,False,True,False,10,10,10,2121.5,0.06195682168070612,0.04183952581702713,0.0983205984187196,0.0060435029415062905,0.2385027656213979,0.1432269138975606,0.08844236736245249,0.16166846454143524,2.9219280948758204,0.9998601775119387,0.95
trivia_qa_validation_12222,qwq-32b,trivia_qa,free_answer,Couscous,couscous,,True,True,False,10,10,10,2198.6,0.04063332906546773,0.022064175310585042,0.06016315043889144,0.012845486891076771,0.20756796545005657,0.10911507357291608,0.058916750130807084,0.04831959307193756,0.4689955935863958,0.9999151890020292,0.95
trivia_qa_validation_02413,qwq-32b,trivia_qa,free_answer,L Frank BAUM,L. Frank Baum,,True,True,False,10,10,10,358.2,0.0405354569830567,0.006616759428317206,0.04715221641137392,0.011001259881586987,0.04711047481863563,0.02219226718559846,0.008898249982386175,0.06851466745138168,-1.4428232973175175e-12,0.9999599362957421,1.0
trivia_qa_validation_00559,qwq-32b,trivia_qa,free_answer,Leo.,Leo,,True,True,False,10,10,10,576.0,0.047210921369265905,0.01132755816548506,0.056904257113716786,0.013544416296019926,0.03575689886285044,0.010986871458023994,0.004004513215595052,0.0764387995004654,-1.4428232973175175e-12,0.9995694430773031,1.0
trivia_qa_validation_11322,qwq-32b,trivia_qa,free_answer,RED,Not specified,,False,True,False,10,10,10,2392.8,0.060586523432129745,0.02960063686320219,0.08764937324607038,0.009206449691347596,0.1858534757732094,0.10601347989038079,0.06579144621128821,0.10612213611602783,2.321928094878706,0.9820137637988484,0.9
trivia_qa_validation_12263,qwq-32b,trivia_qa,free_answer,Charles Dickens,"A Tale of Two Cities is a novel by Charles Dickens set during the French Revolution, focusing on themes of duality, sacrifice, and resurrection through characters in London and Paris, with Sydney Carton's ultimate sacrifice as a central motif.",,False,True,False,10,10,10,571.2,0.03462622091119946,0.006974246554232316,0.04098761629804125,0.009647034725294261,0.05538985922508342,0.02585884873641022,0.012250538956390122,0.09310459345579147,2.321928094878706,0.9995121415857693,0.95
trivia_qa_validation_07375,qwq-32b,trivia_qa,free_answer,Puttanesca,Puttanesca,,True,True,False,10,10,10,508.5,0.033561679886470595,0.006138070600619539,0.03880536086627081,0.00883780768254716,0.01898234725370319,0.00875948727803072,0.00531986633682432,0.042438894510269165,-1.4428232973175175e-12,0.999995214907283,1.0
trivia_qa_validation_11180,qwq-32b,trivia_qa,free_answer,Freeman,Freeman,,True,True,False,10,10,10,1127.1,0.042989951729488,0.025724653774076584,0.06571489100494284,0.014128154734531825,0.1225751280383145,0.05939859419207465,0.027734013173019066,0.09067465364933014,1.9609640474364676,0.9964063803351153,0.9
trivia_qa_validation_14609,qwq-32b,trivia_qa,free_answer,Bury,Bury FC,,False,True,False,10,10,10,935.8,0.04685936075060455,0.018465355137892513,0.06336153275769345,0.011366401234637849,0.08519250650074436,0.03737907311009212,0.01652916507254567,0.09746576845645905,-1.4428232973175175e-12,0.9999869928567195,0.95
trivia_qa_validation_16983,qwq-32b,trivia_qa,free_answer,GARE DU NORD,Gare du Nord,,True,True,False,10,10,10,516.6,0.05127731914489928,0.01202139680689591,0.06186331924747267,0.011138549535131482,0.04999805887165237,0.017448577909661155,0.007395062904953065,0.039015334099531174,-1.4428232973175175e-12,0.9999417087218005,1.0
trivia_qa_validation_03035,qwq-32b,trivia_qa,free_answer,Island,land area,,False,True,False,10,10,10,516.7,0.04015770799850669,0.011046460151511242,0.048738432540940325,0.019280287260830788,0.08190678233813842,0.034541522044724396,0.011858707302581883,0.046800509095191956,-1.4428232973175175e-12,0.9997388096931379,0.95
trivia_qa_validation_10195,qwq-32b,trivia_qa,free_answer,Nick Hornby,Nick Hornby,,True,True,False,10,10,10,528.4,0.056198410949575006,0.006398957508549112,0.06203262128723169,0.0061475464088248674,0.049097626438765016,0.01999986730472685,0.011442133023094603,0.0630694031715393,-1.4428232973175175e-12,0.9998204719773441,1.0
trivia_qa_validation_04029,qwq-32b,trivia_qa,free_answer,Shania Twain,Shania Twain,,True,True,False,10,10,10,1214.0,0.040519030792246724,0.022548730965976926,0.061271734449148706,0.006903760611807705,0.1567229967968043,0.08333740408925958,0.04472989353421496,0.0677366778254509,-1.4428232973175175e-12,0.9999687980108404,1.0
trivia_qa_validation_04916,qwq-32b,trivia_qa,free_answer,New Orleans,New Orleans,,True,True,False,10,10,10,385.4,0.04698058015204424,0.008968410249733777,0.05555528961437643,0.009047111147401768,0.03125816263030838,0.008955324464305381,0.002116098924690657,0.07229691743850708,-1.4428232973175175e-12,0.9999898700007132,0.95
trivia_qa_validation_04652,qwq-32b,trivia_qa,free_answer,Malaria,Malaria,,True,True,False,10,10,10,452.5,0.032727438708040346,0.002746787754937691,0.035230324023953645,0.01145187964124646,0.02887336605110059,0.013575563461252304,0.006009087427458437,0.06678194552659988,-1.4428232973175175e-12,0.9999869928791068,1.0
trivia_qa_validation_03007,qwq-32b,trivia_qa,free_answer,Brussels,Brussels,,True,True,False,10,10,10,411.6,0.049895251062540724,0.006947999842768069,0.05579752246862846,0.01136395809556385,0.021661615695530156,0.008666990219032023,0.0034835763333515234,0.03923783823847771,-1.4428232973175175e-12,0.999948557777109,1.0
trivia_qa_validation_00968,qwq-32b,trivia_qa,free_answer,Austria,Austria,,True,True,False,10,10,10,334.1,0.03541691266274277,0.00772742657973145,0.0424203534119998,0.02152328436562443,0.047498985335959046,0.017321631930635528,0.003428046803512286,0.059357013553380966,-1.4428232973175175e-12,0.9999810748584009,1.0
trivia_qa_validation_06380,qwq-32b,trivia_qa,free_answer,Spinach,spinach,,True,True,False,10,10,10,479.4,0.0528708683937432,0.010468890984338503,0.061611348500748564,0.012440984121103253,0.022920447118056776,0.0061072982961191905,0.002058527156966794,0.07698236405849457,-1.4428232973175175e-12,0.9999724643273669,0.95
trivia_qa_validation_13769,qwq-32b,trivia_qa,free_answer,Israel,Israel,,True,True,False,10,10,10,320.0,0.0374658698512155,0.005139650052857963,0.04260551990407346,0.01082495147257434,0.013930973930954937,0.0042692455130412975,0.0,0.06338107585906982,-1.4428232973175175e-12,0.9999898700075824,1.0
trivia_qa_validation_07125,qwq-32b,trivia_qa,free_answer,Frankel,Frankel,,True,True,False,10,10,10,1585.5,0.024859969349102083,0.011257688462791196,0.03464403334333689,0.01037634879381087,0.09954052702581642,0.04858830775664569,0.023357857648901782,0.09526922553777695,-1.4428232973175175e-12,0.9998766055222231,0.95
trivia_qa_validation_00810,qwq-32b,trivia_qa,free_answer,Double X,Double X,,True,True,False,10,10,10,804.0,0.05203947676797431,0.023225859374476722,0.07170996314081073,0.015659880106701617,0.06493583753838184,0.026160278447365282,0.011926566164673736,0.10726577788591385,0.9219280948830342,0.9890130443351003,0.85
trivia_qa_validation_04212,qwq-32b,trivia_qa,free_answer,General Schwarzkopf,H. Norman Schwarzkopf,,True,True,False,10,10,10,457.0,0.042562779474500885,0.0052906932653506026,0.0476083747006358,0.0089092666555713,0.04701673373697753,0.01952445217175869,0.00465092241217282,0.051081571727991104,1.4854752972230063,0.9999785550585337,0.95
trivia_qa_validation_02642,qwq-32b,trivia_qa,free_answer,SUMO WRESTLING,sumo,,True,True,False,10,10,10,396.2,0.029729056976154477,0.0026479842936965583,0.03237704126985103,0.011399560340696929,0.0270490125743309,0.011914651201548509,0.0063809870050957505,0.031860705465078354,-1.4428232973175175e-12,0.9999999586006623,1.0
trivia_qa_validation_12833,qwq-32b,trivia_qa,free_answer,Zanzibar,Zanzibar,,True,True,False,10,10,10,1545.7,0.04013447894665881,0.020823751017218655,0.057705073867457546,0.008559965107800797,0.1288669560463629,0.060284166559063844,0.02937713824392175,0.040900349617004395,-1.4428232973175175e-12,0.9924227228314588,0.85
trivia_qa_validation_00192,qwq-32b,trivia_qa,free_answer,His wife,Cora Crippen,,False,True,False,10,10,10,860.3,0.037986070405256665,0.010023280804223763,0.046858004565094154,0.01318127382527019,0.0633200436066706,0.028726560140889847,0.014528195581434079,0.14320698380470276,2.046439344663802,0.9999546021197415,1.0
trivia_qa_validation_16982,qwq-32b,trivia_qa,free_answer,CALYPSO,calypso,,True,True,False,10,10,10,492.3,0.034864188632535174,0.0055335145540275415,0.039569004198674866,0.01084127698150225,0.05002544558206244,0.02908245738742754,0.017340592365354113,0.03483213484287262,-1.4428232973175175e-12,0.9964063397737564,0.95
trivia_qa_validation_14641,qwq-32b,trivia_qa,free_answer,JULIUS,Julius,,True,True,False,10,10,10,493.9,0.037082205572750805,0.008593849832144836,0.044526590343572106,0.013932143369659686,0.043999944836585106,0.017305341514692173,0.005580404787252802,0.04316173493862152,-1.4428232973175175e-12,0.9999724643075629,0.95
trivia_qa_validation_08669,qwq-32b,trivia_qa,free_answer,The Hitchhiker’s Guide To The Galaxy,The Hitchhiker's Guide to the Galaxy,,True,True,False,10,10,10,856.2,0.021227994816530163,0.012969105975651655,0.032918947556897685,0.012407845546054905,0.11910606631421125,0.05736394765148306,0.03226054697896698,0.03639918565750122,-1.4428232973175175e-12,0.9959298502057121,0.95
trivia_qa_validation_06037,qwq-32b,trivia_qa,free_answer,2011 Women's World Cup,UEFA Champions League,,False,True,False,10,10,10,2407.7,0.053838455786397496,0.031558959805221415,0.08094960690873093,0.004795754362464466,0.24369813428087647,0.14886077697156502,0.09018418153240783,0.14946600794792175,2.3219280948787064,0.9995694429827747,0.85
trivia_qa_validation_15439,qwq-32b,trivia_qa,free_answer,Tequila,Tequila,,True,True,False,10,10,10,408.8,0.049571005791088495,0.008435324405079284,0.05783966352950111,0.0151406468233888,0.04061119772187564,0.010199691240475029,0.004416902534723021,0.04687664285302162,-1.4428232973175175e-12,0.9998204720851676,0.95
trivia_qa_validation_08560,qwq-32b,trivia_qa,free_answer,MacBeth,Macbeth,,True,True,False,10,10,10,1683.5,0.05209497901585949,0.02642134604555721,0.07627701735013662,0.006838640036083386,0.1645067928803273,0.09693649084680801,0.05897670425989706,0.04716619476675987,-1.4428232973175175e-12,0.9241413960369452,0.95
trivia_qa_validation_14118,qwq-32b,trivia_qa,free_answer,Fidelio,Fidelio,,True,True,False,10,10,10,457.1,0.05144780717436868,0.009632397338777873,0.0592943939005031,0.008122664317277858,0.024118099526974978,0.012431223041601025,0.008231151417526273,0.05642268434166908,-1.4428232973175175e-12,0.9995694430010167,0.95
trivia_qa_validation_06569,qwq-32b,trivia_qa,free_answer,Foot,feet,,True,True,False,10,10,10,482.2,0.05831056040286266,0.009667042612565761,0.06654829276646647,0.015825639530189985,0.05424624604317239,0.018718788521224515,0.006384614696203173,0.04920842871069908,-1.4428232973175175e-12,0.9998204707613325,1.0
trivia_qa_validation_13554,qwq-32b,trivia_qa,free_answer,Il Divo,Amy Winehouse,,False,True,False,10,10,10,1539.9,0.05061060597730578,0.02293406984811826,0.07014620062632373,0.008697929852813554,0.13839356209109305,0.06634254873453185,0.029963187669543024,0.06644667685031891,0.9219280948830342,0.9994472208595627,0.95
trivia_qa_validation_13115,qwq-32b,trivia_qa,free_answer,USA,United States,,True,False,False,5,10,10,4004.8,0.014969514418731619,0.009603720611634796,0.02401935006350118,0.010719870239408704,0.11069254238616874,0.05516719515278877,0.034027845872500184,0.09099479019641876,2.1609640474350247,0.9525741221101401,0.02
trivia_qa_validation_11304,qwq-32b,trivia_qa,free_answer,Illinois,Illinois,,True,True,False,10,10,10,416.3,0.04341529247990206,0.0044993663656614615,0.04791465884556352,0.013313896213378279,0.08015527129270571,0.04182024776356571,0.01809878798432062,0.034904371947050095,-1.4428232973175175e-12,0.9999687980986591,1.0
trivia_qa_validation_14620,qwq-32b,trivia_qa,free_answer,James Callaghan,James Callaghan,,True,True,False,10,10,10,611.8,0.0335554871736587,0.015055517063430623,0.04725072521821007,0.014632680660605515,0.09938024871695189,0.04386454264561122,0.019887553222172883,0.03368622809648514,-1.4428232973175175e-12,0.9996646492483087,1.0
trivia_qa_validation_05519,qwq-32b,trivia_qa,free_answer,David Copperfield,David Copperfield,,True,True,False,10,10,10,560.3,0.031986161308016056,0.011137386731469082,0.041936698853624096,0.0072712150545982315,0.022330577978884457,0.004766478562004484,0.0006172839506172866,0.07254999876022339,-1.4428232973175175e-12,0.9990889479182348,0.95
trivia_qa_validation_03282,qwq-32b,trivia_qa,free_answer,Kazakhstan,Kazakhstan,,True,True,False,10,10,10,378.7,0.03787355973804408,0.008864490750092012,0.04642845296491628,0.01984444411777848,0.03731419811458975,0.010246270795289891,0.0025105122508773613,0.056059207767248154,-1.4428232973175175e-12,0.9992903254919787,1.0
trivia_qa_validation_08727,qwq-32b,trivia_qa,free_answer,The Big Bopper,The Big Bopper,,True,True,False,10,10,10,510.0,0.022121584269757792,0.0036040339915744063,0.025388593843387847,0.01367199476970149,0.057339096503943296,0.020631365109460186,0.008462061161315048,0.04713526368141174,-1.4428232973175175e-12,0.9999885212323867,1.0
trivia_qa_validation_16377,qwq-32b,trivia_qa,free_answer,BLUEBELL,Common Bluebell,,False,True,False,10,10,10,604.3,0.04033912557836648,0.009898170430105917,0.04889473547561456,0.010454799904843725,0.03158589473295875,0.006311718742454353,0.0014962327293153055,0.04945676773786545,0.8812908992278072,0.9999785550494925,1.0
trivia_qa_validation_07969,qwq-32b,trivia_qa,free_answer,CANTERBURY,Canterbury Cathedral,,False,True,False,10,10,10,1201.2,0.03412175878648214,0.008942757196639776,0.04197986697935377,0.016639023330872124,0.07161079118093866,0.026906570769001846,0.010693738926419527,0.07288844883441925,-1.4428232973175175e-12,0.9988304871175326,0.95
trivia_qa_validation_06289,qwq-32b,trivia_qa,free_answer,Belgium,Belgium,,True,True,False,10,10,10,428.9,0.04633130163303051,0.007438018417615423,0.05331886046011776,0.010177223910227145,0.019261046651576862,0.00664053457931899,0.0017649719752121595,0.0594528391957283,-1.4428232973175175e-12,0.9996646492977506,0.95
trivia_qa_validation_15611,qwq-32b,trivia_qa,free_answer,Attar,rose otto,,False,True,False,10,10,10,1195.2,0.04390640619759226,0.014259986520067824,0.0573902629729958,0.013978126032335999,0.1164131576207487,0.04874706014984144,0.021994115956633087,0.047596655786037445,0.8812908992278072,0.9998204719920581,0.95
trivia_qa_validation_07166,qwq-32b,trivia_qa,free_answer,Brecon Beacons,Brecon Beacons National Park,,False,True,False,10,10,10,495.3,0.03072488010327153,0.005848658201645565,0.036406871638250425,0.011541435078377193,0.11789906826365457,0.05286677328764413,0.02258794240074735,0.043164946138858795,-1.4428232973175175e-12,0.9999869928770826,0.95
trivia_qa_validation_14389,qwq-32b,trivia_qa,free_answer,Galway Bay,Galway Bay,,True,True,False,10,10,10,421.6,0.03208475253463418,0.00851386930852507,0.03959994845991544,0.011966876202404863,0.0907518417040907,0.04141301119731167,0.010384652267307759,0.0702807754278183,-1.4428232973175175e-12,0.9999151889554866,0.95
trivia_qa_validation_05321,qwq-32b,trivia_qa,free_answer,Affairs,Affairs,,True,True,False,10,10,10,475.0,0.029264105761432947,0.011079813000003776,0.038648091901143995,0.020606583097672777,0.07948211070074732,0.04990470707377761,0.03446176121169139,0.029164481908082962,-1.4428232973175175e-12,0.9998204720466591,1.0
trivia_qa_validation_17007,qwq-32b,trivia_qa,free_answer,Ming,Ming Dynasty,,True,True,False,10,10,10,466.3,0.02471053823260904,0.006541451517111519,0.031050782506259793,0.0151535279715008,0.05139074433056192,0.01780566844810786,0.008024406713645182,0.04362919181585312,-1.4428232973175175e-12,0.9999982396571027,1.0
trivia_qa_validation_04632,qwq-32b,trivia_qa,free_answer,Ostinato,ostinato,,True,True,False,10,10,10,775.2,0.032493771513841155,0.010043999781619437,0.040871377912557946,0.010303692425267429,0.040071595705553964,0.013115917198875759,0.0064927482477929125,0.05081707984209061,-1.4428232973175175e-12,0.9999251537742884,0.95
trivia_qa_validation_05991,qwq-32b,trivia_qa,free_answer,Gnocchi,gnocchi,,True,True,False,10,10,10,1464.4,0.04507176889032077,0.027365107823633106,0.06983359779721632,0.009045107224995474,0.12883896139170264,0.06130856525805241,0.030641109677239674,0.044588603079319,-1.4428232973175175e-12,0.9991959141797826,0.95
trivia_qa_validation_00184,qwq-32b,trivia_qa,free_answer,George W. Bush,Ronald Reagan,,False,True,False,10,10,10,1372.9,0.05585883151895199,0.015721933102412843,0.06863815044876306,0.012095651962516307,0.11297774566947409,0.052135859571199525,0.02817440865224079,0.059717241674661636,0.7219280948844771,0.0009110483718365672,0.1
trivia_qa_validation_09763,qwq-32b,trivia_qa,free_answer,People,people,,True,True,False,10,10,10,424.7,0.04482723957469699,0.009769008576801356,0.053254587566821034,0.016525990404323117,0.045160082865317176,0.016545719622543476,0.003947637809144244,0.04739551618695259,-1.4428232973175175e-12,0.9996646502015265,1.0
trivia_qa_validation_09518,qwq-32b,trivia_qa,free_answer,Vagabonds,The Dragons,,False,True,False,10,10,10,804.5,0.040593231133530985,0.02666192118656391,0.06378170312021085,0.00790372817487384,0.11644437257625886,0.05251579729563357,0.022938757830664614,0.27052852511405945,3.3219280948729355,0.00012339449670605902,0.2
trivia_qa_validation_16639,qwq-32b,trivia_qa,free_answer,CAROL REED,Carol Reed,,True,True,False,10,10,10,517.0,0.040913829256174275,0.00905337866312516,0.04865207053960356,0.005291294222007925,0.02096190915564321,0.003481752927651205,0.0007319141339759861,0.09271185845136642,-1.4428232973175175e-12,0.9999485578068092,1.0
trivia_qa_validation_09224,qwq-32b,trivia_qa,free_answer,Your Song,Jenny Wren,,False,True,False,10,10,10,646.9,0.044634295778889596,0.024144672496727283,0.06678695885542754,0.005932314848782063,0.12099668510538963,0.07699146976114793,0.05344313009131459,0.2469554841518402,3.1219280948743777,0.996406370242735,0.95
trivia_qa_validation_17608,qwq-32b,trivia_qa,free_answer,The Hawaiian Islands,Hawaiian Islands,,True,True,False,10,10,10,469.7,0.02787926146556142,0.0068749742034841955,0.03457074943051351,0.015902328206528937,0.06311324096617359,0.022995600520890735,0.01036964662859532,0.03296610340476036,0.9709505944517833,0.9999885212331342,1.0
trivia_qa_validation_06330,qwq-32b,trivia_qa,free_answer,FLAGEOLET,flageolet,,True,True,False,10,10,10,677.6,0.04177036007500825,0.026872430239209023,0.06644128555071185,0.005741817216465706,0.07555822934288811,0.028725555256688694,0.009338899461191274,0.0656445324420929,-1.4428232973175175e-12,0.9998204714246289,1.0
trivia_qa_validation_15429,qwq-32b,trivia_qa,free_answer,Fusilli,fusilli,,True,True,False,10,10,10,883.5,0.0462078576325126,0.019074903735549407,0.06321014165742715,0.014148107011125361,0.03957149548776758,0.013053062705051476,0.005021142749218577,0.06353259086608887,-1.4428232973175175e-12,0.9984988159879504,0.95
trivia_qa_validation_05586,qwq-32b,trivia_qa,free_answer,Romania,Romania,,True,True,False,10,10,10,401.9,0.0439188787270093,0.005110006313288406,0.04883731415907166,0.01430592084557861,0.04965378774230659,0.01787201500021779,0.005881854552322574,0.05860113725066185,-1.4428232973175175e-12,0.9997040416106453,1.0
trivia_qa_validation_10691,qwq-32b,trivia_qa,free_answer,Pain,The study of pain,,False,True,False,10,10,10,474.8,0.04741554011485288,0.009800948412890722,0.056344293241039,0.016660123313487034,0.059068100072336815,0.024698789226412443,0.006145759609864021,0.044031839817762375,-1.4428232973175175e-12,0.9998204721560778,1.0
trivia_qa_validation_15504,qwq-32b,trivia_qa,free_answer,Frankincense,frankincense,,True,True,False,10,10,10,407.6,0.03951908224786327,0.009074128427721399,0.04753630604818766,0.009396878765791438,0.014137625216514071,0.00425089435824787,0.0004514672686230292,0.05466559901833534,-1.4428232973175175e-12,0.9999974387174884,1.0
trivia_qa_validation_12758,qwq-32b,trivia_qa,free_answer,Asgard,Asgard,,True,True,False,10,10,10,459.1,0.02574315031898816,0.0056313436049209836,0.030281127299525683,0.011396092909267857,0.05487515360512605,0.024889212852166255,0.011939380672508604,0.038213375955820084,-1.4428232973175175e-12,0.9999921107365989,1.0
trivia_qa_validation_04935,qwq-32b,trivia_qa,free_answer,Meatloaf,Bryan Adams,,False,True,False,10,10,10,455.6,0.03565239383679915,0.011642698447155618,0.04673187723685111,0.007826128570081376,0.09576230723552252,0.0599005579039759,0.04005524657664704,0.19239544868469238,1.6854752972215634,0.9998415635692619,0.9
trivia_qa_validation_12705,qwq-32b,trivia_qa,free_answer,Snake,venomous snake (Agkistrodon contortrix),,False,True,False,10,10,10,528.8,0.046307894034274606,0.00510495965626484,0.05108058285116921,0.010391972730867954,0.04148804952191315,0.017042665529264867,0.008214048619834347,0.05113869905471802,1.7219280948815914,0.999995214907908,1.0
trivia_qa_validation_03447,qwq-32b,trivia_qa,free_answer,Pluto,Eris,,False,False,False,8,10,10,4104.9,0.029959457045783993,0.019874778350350793,0.04823593335818585,0.018879497711948814,0.20124415916461508,0.10460632572890889,0.062284875473454335,0.04374144226312637,1.3567796494412687,0.952573918043818,0.95
trivia_qa_validation_10307,qwq-32b,trivia_qa,free_answer,Gordonston,Gordonstoun,,True,True,False,10,10,10,794.7,0.03878399609345929,0.01726209667214489,0.053278331504520646,0.012157268699434568,0.06880231212944535,0.023789851600681654,0.0074808036072503085,0.05570802092552185,-1.4428232973175175e-12,0.9999599363175153,1.0
trivia_qa_validation_16861,qwq-32b,trivia_qa,free_answer,Skull,skull,,True,True,False,10,10,10,900.6,0.034666244624950715,0.009514327456372703,0.04381202838891484,0.015346623302947346,0.16706935183412522,0.0845439727398504,0.04392015709324422,0.07406752556562424,0.9219280948830342,0.9992903298327476,1.0
trivia_qa_validation_04311,qwq-32b,trivia_qa,free_answer,Kathryn,Kathryn,,True,True,False,10,10,10,706.0,0.0631177533688386,0.027385641444854725,0.0847009898321912,0.00982140862139037,0.09865160331292501,0.048524974088317,0.02306494569998061,0.0918632298707962,0.4689955935863958,0.9995121416096487,0.85
trivia_qa_validation_01872,qwq-32b,trivia_qa,free_answer,Little Plum,Beryl the Peril,,False,True,False,10,10,10,2661.8,0.051438699088034424,0.027395215969984656,0.07636563427042278,0.005795391154922722,0.2734983650229101,0.17045355393421108,0.1113063145129048,0.12513664364814758,3.3219280948729355,0.0002305062086219499,0.8
trivia_qa_validation_15578,qwq-32b,trivia_qa,free_answer,GENOA,Genoa,,True,True,False,10,10,10,507.8,0.042148888559863804,0.007831124570708945,0.04957704586303981,0.012202343166488428,0.022587796572321052,0.011237247004315564,0.005108231097697547,0.05964740738272667,-1.4428232973175175e-12,0.9999151881888252,1.0
trivia_qa_validation_05318,qwq-32b,trivia_qa,free_answer,British Leyland,British Leyland,,True,True,False,10,10,10,629.3,0.022188122561172287,0.0062417801689606004,0.028024139490257505,0.015560053452312391,0.07234377536330759,0.028308046253319886,0.012968759932170615,0.03512686491012573,-1.4428232973175175e-12,0.9997694929074692,1.0
trivia_qa_validation_12207,qwq-32b,trivia_qa,free_answer,Winds,winds,,True,True,False,10,10,10,515.5,0.03030407200231488,0.005354303562262028,0.03396644781135918,0.012109463549674985,0.06595314985662822,0.028525995422509987,0.011703626802405965,0.047204453498125076,-1.4428232973175175e-12,0.999993855827073,1.0
trivia_qa_validation_11540,qwq-32b,trivia_qa,free_answer,Fleet Street,Fleet Street,,True,True,False,10,10,10,325.4,0.03868553527727208,0.006722773631613656,0.04444162162126679,0.010955998250175417,0.04897801507359295,0.025608383961888748,0.016045056629622266,0.054797206073999405,-1.4428232973175175e-12,0.9890130416540789,1.0
trivia_qa_validation_14213,qwq-32b,trivia_qa,free_answer,William Fox Talbot,William Henry Fox Talbot,,True,True,False,10,10,10,487.4,0.03696003062584348,0.006690277714802424,0.043486373914416405,0.011097497465850386,0.040127388747039715,0.01454917092047744,0.0052352854390923294,0.05288621410727501,-1.4428232973175175e-12,0.9999910603078618,1.0
trivia_qa_validation_02288,qwq-32b,trivia_qa,free_answer,CROW,Corvidae,,False,True,False,10,10,10,456.1,0.04759894916503525,0.009227972978271843,0.05543613530255287,0.008843764054972844,0.027827445741927314,0.005302061455922491,0.000739614472734762,0.06730957329273224,-1.4428232973175175e-12,0.9999339478348805,1.0
trivia_qa_validation_02457,qwq-32b,trivia_qa,free_answer,NORTHERN IRELAND,European Economic Community (EEC),,False,True,False,10,10,10,1226.5,0.038961456310305904,0.017278225699005494,0.05489997194453172,0.007064352365956879,0.0986269672024334,0.04293196247222164,0.017962065928696303,0.09154853969812393,1.7609640474379105,0.9626729832198536,0.95
trivia_qa_validation_02449,qwq-32b,trivia_qa,free_answer,ST AIDAN,St. Aidan,,True,True,False,10,10,10,574.2,0.027940843550243982,0.005405705984376386,0.033346549534620365,0.013781814462624189,0.03347590322601677,0.017160778189046443,0.01013977333965067,0.0485585480928421,-1.4428232973175175e-12,0.9998601779957309,0.9
trivia_qa_validation_03143,qwq-32b,trivia_qa,free_answer,Museums,Guggenheim Museums,,False,True,False,10,10,10,509.8,0.03756083547852061,0.00664385036092197,0.044021870482952634,0.016395142826219573,0.08069498816997524,0.03351375505829568,0.016970734908362393,0.05278468504548073,-1.4428232973175175e-12,0.9999832985479244,1.0
trivia_qa_validation_10312,qwq-32b,trivia_qa,free_answer,Jack Ruby,Jack Ruby,,True,True,False,10,10,10,455.2,0.03122514996569567,0.005420124095326837,0.0358383648588905,0.008071545636558887,0.035696307168232896,0.012368587374561025,0.005560060756678453,0.03574371710419655,-1.4428232973175175e-12,0.9999910603038121,0.99
trivia_qa_validation_07733,qwq-32b,trivia_qa,free_answer,'THE DUCHESS',The Duchess,,True,True,False,10,10,10,361.2,0.030529543709635315,0.005604520806454723,0.035911842293867804,0.006430775497397775,0.031339424010255114,0.01277916003346502,0.004031197031333067,0.06144390255212784,-1.4428232973175175e-12,0.9999810748551786,0.95
trivia_qa_validation_13133,qwq-32b,trivia_qa,free_answer,Japan,Japan,,True,True,False,10,10,10,2249.2,0.030390803103523684,0.01758115914533765,0.046653814502208124,0.013036890872362783,0.3273168662316564,0.19953588024351526,0.12369297220331477,0.04062730818986893,0.4689955935863958,0.003172675272074767,0.95
trivia_qa_validation_13478,qwq-32b,trivia_qa,free_answer,1822,Hmm. I'm really,,False,False,True,4,10,10,5869.6,0.03736939054291105,0.025593169028662283,0.059008017938022905,0.009832648477029504,0.30484391785643716,0.17488480406725054,0.10154995676364531,0.04276902228593826,2.5219280948772633,0.000804083707190585,0.5
trivia_qa_validation_12205,qwq-32b,trivia_qa,free_answer,"Tinker, Tailor, Soldier, Spy",Smiley's People,,False,True,False,10,10,10,1029.3,0.034646113510928,0.02034878500162274,0.05206244662830543,0.006647674298647116,0.13502508764755025,0.07433950442858331,0.04477361003745863,0.0652344599366188,0.9219280948830342,0.9999339478980018,0.95
trivia_qa_validation_04417,qwq-32b,trivia_qa,free_answer,1975,1975,,True,True,False,10,10,10,700.5,0.03751829931907092,0.009936394742063781,0.04649219161001979,0.020333292526982596,0.1154232887180661,0.05248198286396917,0.025495895355955513,0.05264127999544144,0.9219280948830342,0.9999970976889314,1.0
trivia_qa_validation_04688,qwq-32b,trivia_qa,free_answer,Eagle,Eagle,,True,True,False,10,10,10,280.4,0.02481773260111661,0.00856641082498171,0.03305301759828375,0.01529102032874422,0.03769929207767736,0.011695199361917952,0.004573626198446856,0.04632505401968956,-1.4428232973175175e-12,0.9999980052699361,1.0
trivia_qa_validation_00576,qwq-32b,trivia_qa,free_answer,Rosslyn Chapel,Rosslyn Chapel,,True,True,False,10,10,10,503.7,0.03358252949332462,0.008254028139226276,0.04042753490253575,0.008494296144745794,0.05181630187049435,0.01711312767511781,0.0044584945923576424,0.04194419085979462,-1.4428232973175175e-12,0.999915188987977,1.0
trivia_qa_validation_01269,qwq-32b,trivia_qa,free_answer,Canada,Canada,,True,True,False,10,10,10,522.7,0.027658738026455753,0.008894333318780655,0.036253972439326355,0.012661655582205241,0.04284496287102717,0.015386656900492346,0.0052414490574606235,0.03722676262259483,-1.4428232973175175e-12,0.9999938558273823,0.95
trivia_qa_validation_12288,qwq-32b,trivia_qa,free_answer,Pearson plc,Pearson,,False,True,False,10,10,10,724.6,0.040410971806218554,0.0131867915618746,0.05166892638513236,0.01199207497199885,0.07849681616758844,0.03172269173935562,0.015196821922204961,0.08405576646327972,0.4689955935863958,0.9999724643161718,1.0
trivia_qa_validation_12614,qwq-32b,trivia_qa,free_answer,Bashir,Waltz with Bashir,,False,True,False,10,10,10,469.1,0.03930135107214026,0.006331058052392686,0.04512037966513507,0.005346343367069362,0.049773024909085625,0.021325552430468873,0.010707650233949506,0.0749257430434227,0.9709505944517833,0.9999785550170135,1.0
trivia_qa_validation_06335,qwq-32b,trivia_qa,free_answer,Lemon,lemon,,True,True,False,10,10,10,3169.1,0.05774219981984728,0.031593001679827475,0.08578118205803006,0.007801921040106045,0.20590879412620317,0.10219450994966035,0.05093696820756136,0.0930284783244133,1.5709505944488977,0.9465962950013985,0.8
trivia_qa_validation_09625,qwq-32b,trivia_qa,free_answer,White Star Line,White Star Line,,True,True,False,10,10,10,483.2,0.03138232368262016,0.008912948706383091,0.039828670155326276,0.012671475544863892,0.07729481956202347,0.024876744741325653,0.008468556385548632,0.0442681647837162,-1.4428232973175175e-12,0.9999485578146823,1.0
trivia_qa_validation_05731,qwq-32b,trivia_qa,free_answer,DODGE,Dodge,,True,True,False,10,10,10,1700.8,0.047671194326490265,0.0312024846139149,0.0751055011428288,0.009117255152865867,0.16083796530342695,0.0802598868281297,0.03943383814247089,0.13653820753097534,2.121928094880149,4.006365965044338e-05,0.8
trivia_qa_validation_06659,qwq-32b,trivia_qa,free_answer,Siegfried,Sigurd,,False,True,False,10,10,10,540.6,0.03595845868948535,0.012515117810911386,0.047092926131162685,0.010779603652353083,0.028081054568506014,0.007770731234702477,0.0009057971014492794,0.07182900607585907,-1.4428232973175175e-12,0.9988304897521703,0.95
trivia_qa_validation_06410,qwq-32b,trivia_qa,free_answer,Frost,Jimmy Perez,,False,True,False,10,10,10,1115.0,0.04238257284309947,0.027495603269492408,0.0660056277138404,0.006576583786375538,0.09683779451507721,0.040878770054638414,0.017808404339263995,0.20810171961784363,3.1219280948743777,0.9984988167581337,0.9
trivia_qa_validation_08319,qwq-32b,trivia_qa,free_answer,VOLKSWAGEN,Volkswagen Group,,False,True,False,10,10,10,443.1,0.05763558475718113,0.009947512898731328,0.06523098885563608,0.01221756628836176,0.027564691541981146,0.006634363301292389,0.0010858562398114557,0.07754198461771011,0.8812908992278072,0.9998766054449878,1.0
trivia_qa_validation_13636,qwq-32b,trivia_qa,free_answer,Barber,Barber,,True,True,False,10,10,10,464.5,0.042219434825251374,0.0034167148121549465,0.04563614963740632,0.014270779626738107,0.0433674524067957,0.015032644911795835,0.007721047538526515,0.044708263128995895,-1.4428232973175175e-12,0.9997965730906176,1.0
trivia_qa_validation_07588,qwq-32b,trivia_qa,free_answer,ZAGREB,Zagreb,,True,True,False,10,10,10,392.5,0.05080691978934332,0.007698265041585997,0.05735017362333287,0.009264939784828796,0.021945385047835508,0.008043385250118718,0.002329384822398628,0.07507633417844772,-1.4428232973175175e-12,0.9999599363065483,1.0
trivia_qa_validation_00382,qwq-32b,trivia_qa,free_answer,Sunny Afternoon,Taxman,,False,True,False,10,10,10,781.5,0.04674217266854776,0.01344501145612926,0.05924625213659649,0.008330585740045618,0.1398349544240038,0.09014253647149968,0.05963706256482011,0.09738726913928986,-1.4428232973175175e-12,0.9989677691878369,0.95
trivia_qa_validation_06409,qwq-32b,trivia_qa,free_answer,DV,DV,,True,True,False,10,10,10,1020.7,0.030646500391081737,0.013532881769648003,0.0432661309847803,0.026706367745405545,0.050097374540201224,0.01627039779368067,0.005497125779096834,0.042495302855968475,-1.4428232973175175e-12,0.977022607611154,1.0
trivia_qa_validation_08139,qwq-32b,trivia_qa,free_answer,GERALD FORD,Gerald R. Ford,,True,True,False,10,10,10,463.4,0.033706974309844,0.008626000717896829,0.04146706880828328,0.011852740352951313,0.030612993669009558,0.0077773729524893585,0.0029015546814752822,0.06438862532377243,-1.4428232973175175e-12,0.9997694933422008,1.0
trivia_qa_validation_16555,qwq-32b,trivia_qa,free_answer,KIEL CANAL,Kiel Canal,,True,True,False,10,10,10,464.9,0.03652161112880316,0.010926252957630767,0.04625024718023437,0.010727770675279925,0.0712087700482549,0.02837618387801668,0.013763961120623891,0.06554330140352249,-1.4428232973175175e-12,0.9999646437490897,0.95
trivia_qa_validation_08816,qwq-32b,trivia_qa,free_answer,Karachi,Karachi,,True,True,False,10,10,10,486.1,0.06190726812572696,0.005567084269913895,0.06728092879796192,0.012769589594922767,0.04050837217215199,0.01304815217239429,0.0036973488858621064,0.04653090983629227,-1.4428232973175175e-12,0.9997040405745801,0.95
trivia_qa_validation_01660,qwq-32b,trivia_qa,free_answer,George Washington,George Washington,,True,True,False,10,10,10,432.5,0.0417638744097509,0.007906322842289622,0.049425698474534416,0.011475355933155578,0.03670105570861728,0.010142744654475044,0.0026029797913720955,0.05134366825222969,-1.4428232973175175e-12,0.9994472206432015,1.0
trivia_qa_validation_06551,qwq-32b,trivia_qa,free_answer,J M W Turner,J.M.W. Turner,,True,True,False,10,10,10,609.7,0.040732582368795824,0.005172795285067008,0.045047052112511636,0.007017297745187159,0.03632247508879356,0.017936954008849138,0.009313708929548114,0.043963152915239334,-1.4428232973175175e-12,0.9999832985304119,1.0
trivia_qa_validation_11168,qwq-32b,trivia_qa,free_answer,Ceefax,ORACLE,,False,True,False,10,10,10,1241.3,0.04029729398371204,0.018971073886993425,0.05684094653871402,0.010902378808426618,0.10256070071232241,0.04308753354410616,0.020357364277779854,0.0673421323299408,1.360964047439353,0.9914224774473648,0.9
trivia_qa_validation_08325,qwq-32b,trivia_qa,free_answer,CUCKOO,Cuckoo,,True,True,False,10,10,10,579.1,0.0477367739559036,0.011451415375309398,0.0572787175133162,0.009568483467249787,0.03689353144964769,0.00859660728676952,0.002267340695285713,0.056344304233789444,-1.4428232973175175e-12,0.9999852609643983,0.95
trivia_qa_validation_11958,qwq-32b,trivia_qa,free_answer,CARMEN MIRANDA,Anitta,,False,True,False,10,10,10,602.5,0.054270130441393005,0.01529246552934851,0.06504022515136304,0.006588196955620322,0.0329613628921156,0.008110684640104459,0.0021863559572331435,0.07143606245517731,0.4689955935863958,0.9964063986784981,0.95
trivia_qa_validation_02824,qwq-32b,trivia_qa,free_answer,Seahorse,seahorse,,True,True,False,10,10,10,379.8,0.03740079513206408,0.007386062675135389,0.04419325532710365,0.014358864063909554,0.02423983350507831,0.009014076367732483,0.003913123456782052,0.056875087320804596,-1.4428232973175175e-12,0.9999921107376405,1.0
trivia_qa_validation_08656,qwq-32b,trivia_qa,free_answer,'MONOPOLY',Sorry!,,False,True,False,10,10,10,1068.2,0.05065787051972759,0.02224438618817071,0.06994584754364985,0.006836722593913563,0.09845730219714997,0.04288411543081301,0.021227850268694903,0.09739090502262115,0.8812908992278072,0.9740424016381949,1.0
trivia_qa_validation_10866,qwq-32b,trivia_qa,free_answer,Uganda,Uganda,,True,True,False,10,10,10,388.8,0.030499741690821158,0.0036137177805625116,0.034113459471383674,0.010982719500995558,0.02467384404184425,0.011295471591578255,0.006601247109414077,0.049343936145305634,-1.4428232973175175e-12,0.9999852610244337,1.0
trivia_qa_validation_05539,qwq-32b,trivia_qa,free_answer,Vehicles,fear of defeat,,False,True,False,10,10,10,2260.8,0.06232515470874485,0.039435132217115906,0.09629665361957776,0.013276091180749164,0.25628867838066827,0.15695536576940605,0.09390442204761398,0.05413581058382988,1.3609640474393532,0.005911054089140542,0.8
trivia_qa_validation_09236,qwq-32b,trivia_qa,free_answer,Winston Churchill,Winston Churchill,,True,True,False,10,10,10,524.8,0.02965926396725852,0.007727547574669327,0.037228833658831485,0.017520656876307866,0.030593294179664433,0.008137247073410547,0.000802954116907606,0.041004784405231476,-1.4428232973175175e-12,0.9996646494586539,1.0
trivia_qa_validation_10550,qwq-32b,trivia_qa,free_answer,Belgium,Belgium,,True,True,False,10,10,10,512.0,0.05272744495091539,0.014208335110330424,0.06472349293011866,0.010855533176707087,0.059202202171181516,0.024163433422559832,0.013247807869888217,0.05022377520799637,-1.4428232973175175e-12,0.9999646436538144,1.0
trivia_qa_validation_14475,qwq-32b,trivia_qa,free_answer,LINDISFARNE,Lindisfarne,,True,True,False,10,10,10,560.9,0.02864291425969176,0.00430413893821744,0.03294705319790919,0.01013375246939311,0.0529663578698049,0.021501774178224943,0.010848431178733298,0.039136625826358795,-1.4428232973175175e-12,0.9999810747704356,0.95
trivia_qa_validation_03911,qwq-32b,trivia_qa,free_answer,Cat,Percy is the Clarks' terrier dog.,,False,True,False,10,10,10,532.3,0.04886410242806919,0.012213666939172807,0.06001794821699169,0.008616030831431568,0.051601064953624085,0.026863971704784793,0.018087894761684542,0.08977161347866058,2.046439344663802,0.9999785550218341,0.95
trivia_qa_validation_01244,qwq-32b,trivia_qa,free_answer,Leo Tolstoy,Leo Tolstoy,,True,True,False,10,10,10,445.9,0.03273934185706624,0.006941917427128898,0.038940749208067865,0.010114244664229496,0.042695567917471,0.02578176320557164,0.01669705245526689,0.04715101420879364,-1.4428232973175175e-12,0.9999417086280122,0.95
trivia_qa_validation_09996,qwq-32b,trivia_qa,free_answer,Hockney,David Hockney,,True,True,False,10,10,10,444.8,0.048447122416033155,0.014260196936037087,0.05930298806108671,0.009215023224704515,0.0405269028363194,0.017200039950489254,0.007833672102285926,0.0660172626376152,-1.4428232973175175e-12,0.9975273737302486,0.95
trivia_qa_validation_07510,qwq-32b,trivia_qa,free_answer,Roman history,Roman history,,True,True,False,10,10,10,1118.1,0.04050271444659705,0.010925556569468985,0.0500970543874424,0.01655897900073835,0.1914024538562547,0.10427384164788878,0.060609264021101304,0.031004728749394417,-1.4428232973175175e-12,0.9999921107408799,0.95
trivia_qa_validation_11128,qwq-32b,trivia_qa,free_answer,Chastity belt,decorative belt or sash,,False,True,False,10,10,10,724.8,0.05441419162098702,0.008404978088939126,0.06185959749303134,0.007592666335842627,0.0716604391343773,0.029299550616739677,0.01267906444661413,0.05100331827998161,2.4464393446623593,0.9994472199825123,0.9
trivia_qa_validation_05526,qwq-32b,trivia_qa,free_answer,Permissible,Permissible,,True,True,False,10,10,10,689.8,0.04101315995853276,0.01004788960835062,0.05010856015122186,0.014415856361875845,0.05656485666419762,0.018098758305909977,0.005755988891024788,0.03074292093515396,-1.4428232973175175e-12,0.9999785549859364,1.0
trivia_qa_validation_16310,qwq-32b,trivia_qa,free_answer,MADONNA,Madonna,,True,True,False,10,10,10,445.3,0.03947954549913064,0.009214432698856544,0.04700769435769869,0.011708480593680761,0.022660501590152992,0.00686788357423399,0.0028008184170273285,0.0814502164721489,-1.4428232973175175e-12,0.9999646437401324,1.0
trivia_qa_validation_17912,qwq-32b,trivia_qa,free_answer,Friday the 13th,Friday the 13th,,True,True,False,10,10,10,1567.2,0.019202094593999793,0.008205676389979875,0.02690589249839882,0.018645718862066073,0.177554644752216,0.09288071232093104,0.04613202311681056,0.047964613884687424,-1.4428232973175175e-12,0.04742557927150328,1.0
trivia_qa_validation_03045,qwq-32b,trivia_qa,free_answer,Fluid,fluid,,True,True,False,10,10,10,677.9,0.03610425774160377,0.013348463682890976,0.048307136744542664,0.017667584938900367,0.06386439513141899,0.02271455358240092,0.008009903702889575,0.04300544410943985,-1.4428232973175175e-12,0.9999251538018266,1.0
trivia_qa_validation_01048,qwq-32b,trivia_qa,free_answer,Bradley Walsh,Daniel Rigby,,False,True,False,10,10,10,1277.0,0.05068057474235606,0.02574865359473384,0.07337076415643316,0.010468443765876478,0.11544184471877879,0.062053168624651656,0.034312527626307696,0.21734975278377533,2.4464393446623593,0.9980732581552041,0.95
trivia_qa_validation_17468,qwq-32b,trivia_qa,free_answer,Never The Twain,The Old Crowd,,False,True,False,10,10,10,1341.1,0.048769494229765946,0.03967696216036541,0.08428544005586026,0.0021532675079073823,0.19609275925388908,0.10186490027824831,0.05463013484857043,0.11712292581796646,2.121928094880149,0.9046502253561858,0.95
trivia_qa_validation_16448,qwq-32b,trivia_qa,free_answer,PETER NICHOLS,Peter Nichols,,True,True,False,10,10,10,590.7,0.0491250901579281,0.016143171615300222,0.062021672094699255,0.006452284846415078,0.056555768909883564,0.031233524891056484,0.019053470843008336,0.10089600086212158,0.7219280948844771,0.9999599363073528,1.0
trivia_qa_validation_03998,qwq-32b,trivia_qa,free_answer,Break the sound barrier,break the sound barrier,,True,True,False,10,10,10,467.7,0.029853240687632038,0.0047093288262272355,0.03456256951385928,0.011464787219682065,0.07343863435161166,0.03617412234438226,0.017569482077764997,0.06572913378477097,-1.4428232973175175e-12,0.9999980052708429,1.0
trivia_qa_validation_08162,qwq-32b,trivia_qa,free_answer,MARK PHILIPPOUSSIS,Mark Philippoussis,,True,True,False,10,10,10,836.0,0.04608447086757678,0.01811453766734847,0.060881123851183494,0.008006213974767664,0.06275833045627446,0.02210442346790977,0.00955368750410993,0.050494734197854996,1.1567796494427114,0.9933071212058285,1.0
trivia_qa_validation_01957,qwq-32b,trivia_qa,free_answer,Manic Street Preachers,Busted,,False,False,False,9,10,10,2771.6,0.04890612120032086,0.026213580093999655,0.0702935373548784,0.005308598854899897,0.21438111784155728,0.12418733572543686,0.07324911572223232,0.1592969000339508,2.1609640474350247,0.9968273137892799,0.7
trivia_qa_validation_01813,qwq-32b,trivia_qa,free_answer,Dame Nellie MELBA,Nellie Melba,,True,True,False,10,10,10,476.0,0.0363917475732672,0.012624138644322758,0.047277660667155955,0.009177962435675969,0.07413712616237614,0.03522363089681706,0.017488786825642012,0.046127572655677795,-1.4428232973175175e-12,0.9999852610203969,0.95
trivia_qa_validation_06827,qwq-32b,trivia_qa,free_answer,GOOSE PIMPLES,goosebumps,,False,True,False,10,10,10,554.8,0.03129125758936482,0.007798778083111765,0.038775688978175044,0.016113705939649975,0.03556124451057132,0.012467616579586538,0.005694242907367431,0.04668096825480461,-1.4428232973175175e-12,0.9998911010142498,1.0
trivia_qa_validation_11844,qwq-32b,trivia_qa,free_answer,BLENHEIM PALACE,Blenheim Palace,,True,True,False,10,10,10,513.9,0.041109445787013234,0.011078625416385443,0.05045612928837632,0.008940934729563716,0.05555655933900829,0.025473660327132164,0.01243404325065195,0.04475541040301323,-1.4428232973175175e-12,0.999972464250145,1.0
trivia_qa_validation_01305,qwq-32b,trivia_qa,free_answer,Hong Kong Phooey,Spike,,False,True,False,10,10,10,1550.1,0.0496084822001755,0.030063035454244012,0.07560352242796778,0.007383989840597896,0.1622667337884046,0.08506762578323922,0.04433515117915089,0.21481789648532867,2.9219280948758204,0.9706875576041667,0.9
trivia_qa_validation_09774,qwq-32b,trivia_qa,free_answer,In God we trust,In God We Trust,,True,True,False,10,10,10,399.2,0.02864099830786012,0.0057443626301988925,0.03438536093805901,0.010338286109978341,0.08998749584527214,0.0394068047391806,0.014862109576024985,0.030699480324983597,-1.4428232973175175e-12,0.999941708762521,1.0
trivia_qa_validation_14858,qwq-32b,trivia_qa,free_answer,All Things Must Pass,All Things Must Pass,,True,True,False,10,10,10,588.9,0.04023044420476089,0.007523963411513078,0.04775440761627399,0.011346619019082016,0.061102789928608556,0.028369210636219444,0.012962604955409851,0.06146540120244026,-1.4428232973175175e-12,0.9996646499030624,0.99
trivia_qa_validation_15970,qwq-32b,trivia_qa,free_answer,Qatar,Qatar,,True,True,False,10,10,10,1015.6,0.035198880720067494,0.02197669797463132,0.05493060064966311,0.011526780289347985,0.12922431533252407,0.06154420531462904,0.031606627706534066,0.06776678562164307,-1.4428232973175175e-12,0.9968272721237393,0.95
trivia_qa_validation_09881,qwq-32b,trivia_qa,free_answer,Silver,Silver,,True,True,False,10,10,10,505.2,0.022596803203486893,0.007595779466521213,0.03002918397719765,0.017663634978881314,0.04575974855527622,0.01374912194682435,0.0039488258423326485,0.043874677270650864,-1.4428232973175175e-12,0.9999930377440585,1.0
trivia_qa_validation_01887,qwq-32b,trivia_qa,free_answer,Starting the Great Fire,starting the Great Fire of London,,False,True,False,10,10,10,491.4,0.037131557688423605,0.01113372630731977,0.04695892704860078,0.011344928702587105,0.09123311788263565,0.05725106526756748,0.0368598392768711,0.04048662632703781,0.4689955935863958,0.9996200156859502,1.0
trivia_qa_validation_03596,qwq-32b,trivia_qa,free_answer,The Kinks,The Kinks,,True,True,False,10,10,10,651.0,0.040961377105207385,0.005877345802362004,0.04683872290756939,0.006650156114101831,0.07055777959646012,0.03765293926946291,0.022307945384519766,0.04017641395330429,-1.4428232973175175e-12,0.9999339478660413,1.0
trivia_qa_validation_17095,qwq-32b,trivia_qa,free_answer,Amelia Earheart,Amelia Earhart,,True,True,False,10,10,10,788.7,0.035438061678600086,0.017194904645214976,0.04896406772335961,0.01213777877351543,0.09416497762580203,0.049156209967404586,0.027058793010228142,0.03451470658183098,-1.4428232973175175e-12,0.9975273721634357,1.0
trivia_qa_validation_04736,qwq-32b,trivia_qa,free_answer,Borgia,Borgia,,True,True,False,10,10,10,294.7,0.025042312071116558,0.006646223455882382,0.03168853552699894,0.01085723868749655,0.03431725196681655,0.012817504194298123,0.005988605387064183,0.04362471401691437,-1.4428232973175175e-12,0.9999339478476307,1.0
trivia_qa_validation_09426,qwq-32b,trivia_qa,free_answer,Mona Lisa,Nothing in Common,,False,True,False,10,10,10,1405.2,0.04595371191132675,0.03091078008240276,0.07215674319024347,0.004535329367010588,0.14150991424188175,0.07529229191395825,0.04180118957847151,0.12778888642787933,1.3567796494412687,0.9626730004767492,0.95
trivia_qa_validation_06297,qwq-32b,trivia_qa,free_answer,Russia,Russia,,True,True,False,10,10,10,430.6,0.02531261493671852,0.006059208904791308,0.03093107476053903,0.01178758548489058,0.027558905802009027,0.01204644340429023,0.007916797123340879,0.04984874650835991,-1.4428232973175175e-12,0.999941708636935,0.95
trivia_qa_validation_01243,qwq-32b,trivia_qa,free_answer,Coffee,Dibs,,False,True,False,10,10,10,1872.0,0.04988548175872902,0.03167368804372446,0.07708572498781847,0.009080195832471926,0.14956087437218984,0.06981576168638456,0.032995203555444406,0.1424642950296402,2.3709505944460125,0.8354811283235993,0.2
trivia_qa_validation_03237,qwq-32b,trivia_qa,free_answer,Everything Everywhere,Everything Everywhere,,True,False,False,9,10,10,2368.4,0.03290689684457683,0.01709017182790324,0.04876991820145675,0.02171784948694538,0.32789926477376696,0.21508858461577698,0.14407260267831212,0.0736774206161499,1.2954618442339936,0.9995694430807378,0.95
trivia_qa_validation_13654,qwq-32b,trivia_qa,free_answer,Mirror galvanometer,induction coil system,,False,True,False,10,10,10,962.9,0.042085333437554134,0.016475489691970577,0.05661728459885701,0.012277471069088868,0.10304405246563655,0.047317766317440446,0.021716423479100466,0.04486602544784546,-1.4428232973175175e-12,0.6224543729869487,0.7
trivia_qa_validation_08293,qwq-32b,trivia_qa,free_answer,Schilling,Austrian Schilling,,False,True,False,10,10,10,413.2,0.03551553482618268,0.008395563317815909,0.04333458863200521,0.01196495275499845,0.032498405653555294,0.00808319011180575,0.0032725341942061005,0.05137040838599205,-1.4428232973175175e-12,0.9999038975808592,0.95
trivia_qa_validation_03167,qwq-32b,trivia_qa,free_answer,John Nash,John Nash,,True,True,False,10,10,10,450.9,0.02457613159121464,0.004043816842487079,0.02861994843370172,0.008988408706847221,0.05260833076905876,0.020544907937479172,0.009532915514923612,0.04343607276678085,-1.4428232973175175e-12,0.9999952149034231,1.0
trivia_qa_validation_07979,qwq-32b,trivia_qa,free_answer,SHEPHERD NEAME,Shepherd Neame,,True,True,False,10,10,10,524.9,0.04453711528953203,0.008687227027873796,0.05151001252880547,0.01020971393787998,0.02617254211782799,0.006251056374000696,0.0010974339423031275,0.0380382314324379,-1.4428232973175175e-12,0.9999251538053016,0.9
trivia_qa_validation_04874,qwq-32b,trivia_qa,free_answer,Sweeney Todd,Sweeney Todd,,True,True,False,10,10,10,536.4,0.038466584858814504,0.008636345459377416,0.044663771148836344,0.007472796502975862,0.055809763442255314,0.02897338302150153,0.016292167464637252,0.0548139251768589,-1.4428232973175175e-12,0.9999785550522218,1.0
trivia_qa_validation_05256,qwq-32b,trivia_qa,free_answer,TRINIDAD,Trinidad,,True,True,False,10,10,10,556.2,0.04492804985277553,0.007480062333486769,0.05119456387223944,0.0095825204605678,0.02430352651951858,0.005847560376092487,0.0016724375350187116,0.0783652514219284,-1.4428232973175175e-12,0.9999898699217995,1.0
trivia_qa_validation_16478,qwq-32b,trivia_qa,free_answer,'GERTRUDE',Gertrude,,True,True,False,10,10,10,403.4,0.030091954318560203,0.005443219953757775,0.03553517427231798,0.012237985628382445,0.01656742892001394,0.0074084640102190956,0.0032787622926428337,0.053110312670469284,-1.4428232973175175e-12,0.9999945777806852,1.0
trivia_qa_validation_06008,qwq-32b,trivia_qa,free_answer,"""James (""""Buster"""") Douglas""",James Douglas,,False,True,False,10,10,10,686.4,0.035090056749857004,0.015473911352999772,0.04857576678286567,0.010930076753239128,0.05724334102379801,0.024523600534367095,0.011290887799417237,0.06732452660799026,0.8812908992278072,0.9998911027074586,1.0
trivia_qa_validation_07853,qwq-32b,trivia_qa,free_answer,BRITISH AIRWAYS,British Airways,,True,True,False,10,10,10,776.2,0.051608317635804576,0.019571680723751258,0.06858989928248108,0.010279724936087666,0.09324432087094668,0.0411553894234559,0.018288356191485066,0.05352722853422165,0.9219280948830342,0.962673055261907,0.9
trivia_qa_validation_01757,qwq-32b,trivia_qa,free_answer,ARTOIS,Artois,,True,True,False,10,10,10,655.4,0.04925679823191238,0.02089269769319714,0.06696677195012007,0.0061010472631142215,0.04271489565298704,0.015583860036447138,0.006014167597979158,0.09168677777051926,0.9219280948830342,0.9706877100537882,0.95
trivia_qa_validation_00254,qwq-32b,trivia_qa,free_answer,Luteinizing hormone,Luteinizing hormone (LH),,False,True,False,10,10,10,585.4,0.0280682304912236,0.007371059915885524,0.035303789052095566,0.012310049386109249,0.04124906720318374,0.013839614084809538,0.0045224138240603,0.02659245952963829,-1.4428232973175175e-12,0.9999885212377108,1.0
trivia_qa_validation_09503,qwq-32b,trivia_qa,free_answer,Nigeria,Nigeria,,True,True,False,10,10,10,565.5,0.07921236793494296,0.009642278223624918,0.08723582986413717,0.011219292058884753,0.036398371734791955,0.01170425667306394,0.004970337777312217,0.034789156168699265,-1.4428232973175175e-12,0.9988304883562419,0.95
trivia_qa_validation_08256,qwq-32b,trivia_qa,free_answer,POTTERY,Soda ash (sodium carbonate),,False,True,False,10,10,10,743.5,0.03568722174641739,0.01133501375731906,0.04496161990799431,0.007819247192480065,0.0673742192390708,0.02846719633567666,0.012545986257673591,0.06634863466024399,2.321928094878706,0.9998204721731145,0.95
trivia_qa_validation_00165,qwq-32b,trivia_qa,free_answer,On the Roof,on the roof,,True,True,False,10,10,10,603.0,0.029094268241420196,0.007401738865393331,0.03610047215443917,0.013146351875855439,0.14139326944117753,0.0742228761207153,0.045730706782774314,0.050623003393411636,-1.4428232973175175e-12,0.9980732584242182,1.0
trivia_qa_validation_05923,qwq-32b,trivia_qa,free_answer,Ted Hankey,John Part,,False,True,False,10,10,10,874.7,0.053208461514583284,0.026857251548692916,0.07433097851893444,0.0072220396233185396,0.09901784530429995,0.044505435951093776,0.018874328169533737,0.09269370138645172,1.9609640474364676,0.0017007208769912819,1.0
trivia_qa_validation_14833,qwq-32b,trivia_qa,free_answer,Edward the First,Edward I,,True,True,False,10,10,10,499.0,0.03425657429239719,0.004761461453265318,0.03888470241232918,0.015395775177285086,0.032208046430095894,0.011310205742491353,0.004304052207648979,0.05710187554359436,-1.4428232973175175e-12,0.9999599363316904,1.0
trivia_qa_validation_15305,qwq-32b,trivia_qa,free_answer,BRIAN SEWELL,"Wait, I think I need to recall that the correct answer is the art critic Brian Sewell.",,False,False,True,10,10,10,1364.5,0.04742210360507537,0.03107106038138018,0.07514077676990619,0.008977084726586895,0.20460929757799223,0.12402564879401021,0.07974798960866736,0.11113093793392181,2.8464393446594736,2.7535637068726382e-05,0.0
trivia_qa_validation_11739,qwq-32b,trivia_qa,free_answer,Sandra Bullock,Sandra Bullock,,True,True,False,10,10,10,454.6,0.037910911826417384,0.007095215840572757,0.04440794512984587,0.00905475955261415,0.018797508041942877,0.0046877831833675,0.0011658690561042629,0.042365774512290955,-1.4428232973175175e-12,0.9999962733607707,1.0
trivia_qa_validation_14837,qwq-32b,trivia_qa,free_answer,THE KING AND I,The King and I,,True,True,False,10,10,10,374.1,0.055141806337299724,0.008465331751196925,0.06280900738758641,0.007304080346175178,0.06801689974329742,0.031621974775265224,0.015385620784692189,0.06731515377759933,-1.4428232973175175e-12,0.999954602130454,1.0
trivia_qa_validation_13216,qwq-32b,trivia_qa,free_answer,Andrew Johnson,Andrew Johnson,,True,True,False,10,10,10,541.2,0.016758847416472704,0.007991741251229893,0.02461265763321984,0.020649550724446707,0.09378555183236342,0.04156971586846222,0.018708242408505826,0.0288039892911911,-1.4428232973175175e-12,0.9992903253212971,1.0
trivia_qa_validation_06785,qwq-32b,trivia_qa,free_answer,ELLIE SIMMONDS,Ellie Simmonds,,True,True,False,10,10,10,1662.1,0.04547318837042601,0.02778958320600982,0.06735095023822801,0.005910740860664156,0.14581684445532656,0.07671729143425424,0.04417440899982731,0.13367532193660736,1.5709505944488977,0.999891103102781,1.0
trivia_qa_validation_10282,qwq-32b,trivia_qa,free_answer,Will Smith,Will Smith,,True,True,False,10,10,10,973.5,0.054706064903579786,0.015955981817125413,0.06730858117626945,0.010199095100462883,0.0713156503094538,0.032602863096965695,0.01661318846384059,0.07824157923460007,2.1609640474350247,0.9999785550503523,1.0
trivia_qa_validation_05089,qwq-32b,trivia_qa,free_answer,Valhalla,Gladsheim,,False,True,False,10,10,10,634.9,0.03169134589288556,0.010742245367973479,0.04181324775487723,0.010000447973080254,0.05773603572754445,0.020994268304196827,0.011674995932123889,0.05481353774666786,-1.4428232973175175e-12,0.9992903296054714,0.9
trivia_qa_validation_06908,qwq-32b,trivia_qa,free_answer,(Common) Ash,European Ash,,True,True,False,10,10,10,814.9,0.05351164777333395,0.020837390638862217,0.07226690351851708,0.013203205900689727,0.06381321066908772,0.019480224372321154,0.007900786398095761,0.0489458367228508,0.4689955935863958,0.9999687980958779,1.0
trivia_qa_validation_15553,qwq-32b,trivia_qa,free_answer,Bangladesh,Bangladesh,,True,True,False,10,10,10,569.1,0.037203827084382676,0.010900781334923334,0.046831110835825515,0.013595366666474137,0.04565424828809621,0.017164243098733732,0.0054819399580653076,0.0392572358250618,-1.4428232973175175e-12,0.9996646461860513,1.0
trivia_qa_validation_07316,qwq-32b,trivia_qa,free_answer,Faversham,Faversham,,True,True,False,10,10,10,446.4,0.05420685309749949,0.012066393594174836,0.06497405282684081,0.01062650963396025,0.03593882444236044,0.012195832652651294,0.004748370278688829,0.04064583405852318,-1.4428232973175175e-12,0.9999952148961185,0.95
trivia_qa_validation_03888,qwq-32b,trivia_qa,free_answer,Charlie Chan,Charlie Chan,,True,True,False,10,10,10,611.9,0.026236946381918876,0.004715593351637966,0.030313688258628867,0.008541939131625029,0.04766863176951526,0.01647042768100515,0.010074906890901403,0.058959249407052994,-1.4428232973175175e-12,0.9999952149057602,1.0
trivia_qa_validation_09916,qwq-32b,trivia_qa,free_answer,Cleveland Brown,Cleveland Brown,,True,True,False,10,10,10,518.9,0.028213712623375076,0.008175911966192285,0.03550008458798807,0.009604553163118593,0.06231611102170026,0.03423534580338107,0.02599159720600568,0.06360504031181335,-1.4428232973175175e-12,0.999876605217264,0.95
trivia_qa_validation_12738,qwq-32b,trivia_qa,free_answer,Tattoo,traditional Māori tattoo,,False,True,False,10,10,10,562.2,0.04400151281728923,0.006174731182837634,0.0493760688231263,0.00905178216645144,0.03330922175499622,0.008953247399139563,0.0028771919052586804,0.05365356430411339,0.4689955935863958,0.9999687981087853,0.95
trivia_qa_validation_03099,qwq-32b,trivia_qa,free_answer,America,the eastern United States to the western territories,,False,True,False,10,10,10,603.3,0.02852144345776878,0.0039010416224087878,0.0322702780786555,0.013746188521947,0.09453834425743121,0.04404124102256337,0.023269463858984717,0.05314332991838455,0.9709505944517833,0.9999921107342816,0.95
trivia_qa_validation_15150,qwq-32b,trivia_qa,free_answer,PROHIBITION IN THE USA,"The Volstead Act introduced the legal framework for enforcing Prohibition by defining intoxicating liquor, setting enforcement rules, and establishing penalties for violating the 18th Amendment's alcohol ban.",,False,True,False,10,10,10,844.7,0.027920230063923725,0.008432403944761132,0.036234848378531734,0.012661141943239135,0.12804517564287404,0.0627037969091985,0.03391189711059195,0.04392309859395027,2.3709505944460125,0.9997388089412321,1.0
trivia_qa_validation_10944,qwq-32b,trivia_qa,free_answer,Stephen Fry,Stephen Fry,,True,True,False,10,10,10,631.1,0.04626010990260824,0.010866012473449224,0.05568426753304295,0.011937186868323539,0.05470929972999701,0.02465658235102235,0.011635910179107678,0.0960025042295456,0.9219280948830342,0.9998415638117486,1.0
trivia_qa_validation_04194,qwq-32b,trivia_qa,free_answer,Cole Porter,Cole Porter,,True,True,False,10,10,10,630.2,0.03194829315910727,0.010172142840598603,0.04068023860774374,0.008513745236932005,0.1264576837177696,0.08023125208976253,0.05470146122158111,0.08004479855298996,0.7219280948844771,0.9999151889778364,1.0
trivia_qa_validation_00552,qwq-32b,trivia_qa,free_answer,Frankie Laine,Frankie Laine,,True,True,False,10,10,10,605.3,0.044483618938674314,0.012284312168232985,0.054900699275862296,0.0052893610318704015,0.04675501255526175,0.019707191915011458,0.010452470648165823,0.09529730677604675,-1.4428232973175175e-12,0.9984988179531036,0.95
trivia_qa_validation_02570,qwq-32b,trivia_qa,free_answer,THE MANTLE,Mantle,,True,True,False,10,10,10,516.1,0.040620711379284295,0.011223882671674734,0.051172976255448185,0.01669188369221441,0.1246992634661231,0.054263036852429836,0.024800080171961947,0.027862468734383583,-1.4428232973175175e-12,0.9999339478757748,1.0
trivia_qa_validation_07163,qwq-32b,trivia_qa,free_answer,Edgehill,Powick Bridge,,False,True,False,10,10,10,914.6,0.04136142756305716,0.012325429832242052,0.052840600803821934,0.012820975143775868,0.10119060808663591,0.0412118583766687,0.01739117891945663,0.036543913185596466,-1.4428232973175175e-12,0.999088942503546,0.95
trivia_qa_validation_00416,qwq-32b,trivia_qa,free_answer,Croquet,croquet,,True,True,False,10,10,10,2285.8,0.04180605451310845,0.021776359397003918,0.05949012174239029,0.011679617198923612,0.16148270848182972,0.0753135825721649,0.037555979118926476,0.07535538077354431,1.770950594447455,0.9968272982153276,1.0
trivia_qa_validation_06215,qwq-32b,trivia_qa,free_answer,THE BUTTERFLY,butterfly,,True,True,False,10,10,10,371.1,0.05017251599134074,0.005872385946153693,0.055483696407344796,0.021060071577082843,0.01489663554599172,0.004187601197355307,0.001294357816096936,0.03873508796095848,-1.4428232973175175e-12,0.9999785550577812,1.0
trivia_qa_validation_11403,qwq-32b,trivia_qa,free_answer,TARA,Tara,,True,True,False,10,10,10,397.3,0.030957192614037305,0.006481311776993815,0.03719984090654424,0.009578774867548467,0.022961887512924318,0.0068152357931579146,0.0009336119657127329,0.0646621510386467,-1.4428232973175175e-12,0.9998766051972958,1.0
trivia_qa_validation_01583,qwq-32b,trivia_qa,free_answer,Leeds,Leeds,,True,True,False,10,10,10,477.0,0.05470651181753265,0.015170512385859846,0.06564151040090457,0.007710748321884055,0.07462850350327395,0.032768113542304425,0.01779788327923021,0.058387868106365204,-1.4428232973175175e-12,0.999991060270148,0.95
trivia_qa_validation_07236,qwq-32b,trivia_qa,free_answer,CUNEIFORM,cuneiform,,True,True,False,10,10,10,501.2,0.040750047994020426,0.003650966434325575,0.04440101442834601,0.013301068605284289,0.021297238462293554,0.00620956246387705,0.000917434377578874,0.041562166064977646,-1.4428232973175175e-12,0.9999970976876831,1.0
trivia_qa_validation_02418,qwq-32b,trivia_qa,free_answer,HARWICH,Harwich,,True,True,False,10,10,10,763.6,0.04339080339841287,0.015428281098388166,0.05627838589768984,0.010598510024507063,0.0499820395649873,0.019979731606040774,0.009121317522316685,0.08294632285833359,-1.4428232973175175e-12,0.998498812351554,1.0
trivia_qa_validation_02307,qwq-32b,trivia_qa,free_answer,UNION CARBIDE,Union Carbide,,True,True,False,10,10,10,460.4,0.03284436969869096,0.006539182365425634,0.03889064219620673,0.00965151511808183,0.048593130280393984,0.01906435444819049,0.009412217185020522,0.03833536058664322,-1.4428232973175175e-12,0.999994577782652,0.95
trivia_qa_validation_17862,qwq-32b,trivia_qa,free_answer,Valkyries,Valkyries,,True,True,False,10,10,10,596.1,0.030632885872034787,0.007300262301491008,0.03698099046049186,0.012473907689174652,0.061007309973008905,0.024609369891607523,0.010494443290433786,0.037929147481918335,-1.4428232973175175e-12,0.9999785549885971,1.0
trivia_qa_validation_03564,qwq-32b,trivia_qa,free_answer,Alligator,alligator,,True,True,False,10,10,10,568.0,0.02871929668394657,0.013849666927836532,0.040321863465885295,0.013667951346294041,0.09167388291577955,0.039915237840026443,0.01526537828411555,0.03995130583643913,-1.4428232973175175e-12,0.9999810748449612,1.0
trivia_qa_validation_14532,qwq-32b,trivia_qa,free_answer,LONG ISLAND,"southern part of New York City, across the East River from Manhattan",,False,True,False,10,10,10,1537.7,0.032834437996865654,0.01628983975912974,0.04826306530691464,0.02692571177938599,0.3781188621186218,0.26472016885703037,0.18795823907756765,0.04758628085255623,0.4689955935863958,0.9980732616699477,0.95
trivia_qa_validation_15759,qwq-32b,trivia_qa,free_answer,Humidity,humidity,,True,True,False,10,10,10,455.2,0.04482775025637241,0.006235892485010388,0.05053269498581233,0.014566190897076826,0.03593446240429734,0.015594339568390791,0.007697210438111291,0.05135254189372063,0.4689955935863958,0.9999980052711623,0.95
trivia_qa_validation_02898,qwq-32b,trivia_qa,free_answer,Elvis Costello,"Alternatively, maybe the answer is that the father is the actor's father. Wait,",,False,False,True,10,10,10,2135.6,0.03905443237109325,0.025777839082803216,0.06174695061835393,0.014229254729229271,0.24604474904769616,0.15590033316379376,0.1036169210114795,0.22792164981365204,3.3219280948729355,0.0007096692285297635,0.5
trivia_qa_validation_03231,qwq-32b,trivia_qa,free_answer,Par,par,,True,True,False,10,10,10,414.7,0.023978831760776715,0.012891396914994269,0.03512348276195329,0.012915324508813636,0.05129973483082233,0.022950021720637804,0.010684188498489877,0.03157278522849083,-1.4428232973175175e-12,0.9998766054410837,0.95
trivia_qa_validation_08321,qwq-32b,trivia_qa,free_answer,NEWBURY,Newbury,,True,True,False,10,10,10,467.8,0.02558700956279151,0.008873425989993891,0.0336663096761814,0.014834829148532333,0.1289921353516641,0.07689425643046707,0.047732769898416426,0.04220413789153099,-1.4428232973175175e-12,0.996827314503985,1.0
trivia_qa_validation_11548,qwq-32b,trivia_qa,free_answer,Martin Ruane,Paul Edward Smith,,False,True,False,10,10,10,2099.7,0.046916860928743954,0.026360874798865404,0.06990417317439848,0.009018772745012452,0.17901892983838832,0.10038954277012593,0.055613341357006386,0.16395536065101624,3.3219280948729355,0.9820137330503701,1.0
trivia_qa_validation_05774,qwq-32b,trivia_qa,free_answer,Arthur,Arthur,,True,True,False,10,10,10,355.6,0.030164665616415103,0.005495958878436363,0.03545098088898145,0.015622037082416648,0.03876194713434165,0.013693194632653772,0.00809212828925523,0.05953315272927284,-1.4428232973175175e-12,0.9998601779738474,1.0
trivia_qa_validation_11957,qwq-32b,trivia_qa,free_answer,PINOCCHIO,Pinocchio,,True,True,False,10,10,10,423.0,0.025181945591578166,0.007852667092550818,0.03280887904981746,0.007709922443316294,0.06658235134316245,0.02442122472603243,0.007297457762285275,0.058952998369932175,-1.4428232973175175e-12,0.9999339478537873,0.95
trivia_qa_validation_08244,qwq-32b,trivia_qa,free_answer,SAN DIEGO,San Diego,,True,True,False,10,10,10,348.6,0.04036893244619698,0.007127830469451676,0.046901714286117266,0.014231680073005085,0.0762100024402764,0.023186048409539584,0.006533485080554513,0.0481417290866375,-1.4428232973175175e-12,0.9999982396562228,0.95
trivia_qa_validation_05419,qwq-32b,trivia_qa,free_answer,Berlin,Berlin,,True,True,False,10,10,10,539.5,0.03639043197914876,0.010403919061950439,0.046489131664672396,0.01210687288388353,0.042031690132666166,0.016707407155685427,0.006492382119061146,0.056457772850990295,-1.4428232973175175e-12,0.9999832985374284,0.95
trivia_qa_validation_14522,qwq-32b,trivia_qa,free_answer,Anton Chekhov,Anton Chekhov,,True,True,False,10,10,10,424.7,0.04608485866381065,0.006476937942845484,0.05230205634691587,0.00999951251646441,0.013250771328178635,0.001858768515478415,0.0,0.06347402185201645,-1.4428232973175175e-12,0.9999852610180782,1.0
trivia_qa_validation_02106,qwq-32b,trivia_qa,free_answer,Tripe,cheese,,False,True,False,10,10,10,2216.7,0.05621652928125105,0.026337735586363393,0.0759842360737267,0.008154178214059258,0.16732464890782453,0.08389559967088744,0.042607268906077855,0.07899530231952667,1.9609640474364676,0.9998601779533876,0.8
trivia_qa_validation_12553,qwq-32b,trivia_qa,free_answer,Piano,piano,,True,True,False,10,10,10,438.0,0.049255828321150066,0.00864077142626021,0.05684117470822814,0.007829702424257661,0.03313363358916328,0.01024104334165774,0.0036109934644292683,0.08632596582174301,-1.4428232973175175e-12,0.9999599363066349,1.0
trivia_qa_validation_08926,qwq-32b,trivia_qa,free_answer,Harrow,Harrow,,True,True,False,10,10,10,389.2,0.04775852425612409,0.016707068475016386,0.06194757217403294,0.011177176229011525,0.042494473179372806,0.017119751673405702,0.008349364225522349,0.046837158501148224,-1.4428232973175175e-12,0.9995694424750039,0.9
trivia_qa_validation_15063,qwq-32b,trivia_qa,free_answer,Audi,Audi,,True,True,False,10,10,10,480.8,0.04261503285012037,0.01259559748232989,0.05298026895346929,0.011199701934160908,0.02736839886048754,0.008423878311551202,0.0009696484022838847,0.04570126160979271,0.4689955935863958,0.9998601773562499,1.0
trivia_qa_validation_14942,qwq-32b,trivia_qa,free_answer,ARCHITECT,Architecture,,False,True,False,10,10,10,387.6,0.04886544461629215,0.012346875479426664,0.05881990198230722,0.011726955769217142,0.030119844035074707,0.013168276382384114,0.004876801326163272,0.05432521924376488,-1.4428232973175175e-12,0.9998766054374884,1.0
trivia_qa_validation_09813,qwq-32b,trivia_qa,free_answer,Methadone,Hmm.,,False,False,True,10,10,10,1957.5,0.049246104300402174,0.022773971101780494,0.07078590629253231,0.01868389882067454,0.2221208331610775,0.12372935286718426,0.06721628297539302,0.039005305618047714,0.4689955935863958,0.00010889657487415235,0.9
trivia_qa_validation_06729,qwq-32b,trivia_qa,free_answer,Oregon,Oregon,,True,True,False,10,10,10,379.6,0.040864167719416436,0.009597991461691605,0.0499085023116617,0.01738571984225118,0.04487428724544049,0.016199162572485992,0.005928414519867231,0.036590076982975006,-1.4428232973175175e-12,0.9999930377406073,1.0
trivia_qa_validation_04822,qwq-32b,trivia_qa,free_answer,Shaolin,Shaolin Monastery,,False,True,False,10,10,10,417.3,0.03990614819766619,0.008477571218165142,0.04782222869800741,0.01266916420825788,0.03581955761517832,0.008872496740107816,0.0007559043273328902,0.040999241173267365,-1.4428232973175175e-12,0.9999885212363157,1.0
trivia_qa_validation_02890,qwq-32b,trivia_qa,free_answer,Botulism,botulism,,True,True,False,10,10,10,443.0,0.03057637389605039,0.005863669043390888,0.0361949449002256,0.009794195161774816,0.0220345165516182,0.0081977293561461,0.003320304807568819,0.06275703758001328,-1.4428232973175175e-12,0.9999986290428995,1.0
trivia_qa_validation_13779,qwq-32b,trivia_qa,free_answer,Spartacus,Spartacus,,True,True,False,10,10,10,439.5,0.03977659424928927,0.005207669972132694,0.04473237505265621,0.009182040491615608,0.028436316263506435,0.01319615038327,0.005376411529758563,0.04083169251680374,-1.4428232973175175e-12,0.9999485577984927,1.0
trivia_qa_validation_08187,qwq-32b,trivia_qa,free_answer,RINGO STARR,Alan Jackson,,False,True,False,10,10,10,1100.6,0.04482264604426759,0.020020720961326354,0.06190475819258169,0.0073966393928194905,0.06431409747567624,0.0233515677342782,0.010914716925225854,0.19389191269874573,2.7219280948772635,0.9959298570431411,0.9
trivia_qa_validation_14359,qwq-32b,trivia_qa,free_answer,PARIS,Paris,,True,True,False,10,10,10,602.0,0.03421318284929469,0.010786990278368875,0.04397911067691517,0.016410360129028526,0.03434408117817489,0.012300893866038276,0.005265549103331468,0.05358566716313362,-1.4428232973175175e-12,0.9978172845380213,0.95
trivia_qa_validation_01700,qwq-32b,trivia_qa,free_answer,In Dreams,In Dreams,,True,True,False,10,10,10,891.3,0.042640871909657437,0.01689201600697582,0.05750927093130866,0.005798673633722911,0.06853693611800907,0.023996527738696417,0.01010184031310315,0.11619274318218231,0.9219280948830342,0.9999251537631959,0.95
trivia_qa_validation_15638,qwq-32b,trivia_qa,free_answer,READING,Reading,,True,True,False,10,10,10,564.2,0.04006706224975275,0.012918447528447416,0.050542489531779235,0.014730241344655818,0.052493900075444674,0.022832005891739005,0.009226144223248156,0.0618782714009285,-1.4428232973175175e-12,0.9984988183254276,0.95
trivia_qa_validation_03362,qwq-32b,trivia_qa,free_answer,France,Netherlands,,False,True,False,10,10,10,3012.3,0.026997162112471572,0.016834794100516574,0.04229555943139886,0.01472949400616037,0.2585166964278892,0.14583901394028165,0.0884608744566996,0.08845800161361694,2.6464393446609167,0.012431606629805563,0.95
trivia_qa_validation_04721,qwq-32b,trivia_qa,free_answer,Coast Redwood,Coast redwood,,True,True,False,10,10,10,579.9,0.05246421327560211,0.007313172865490736,0.05927083931433319,0.011156953992807717,0.056153248982391823,0.019535007783312096,0.008845587002139355,0.036439504474401474,0.7219280948844771,0.9990889460667562,0.95
trivia_qa_validation_03303,qwq-32b,trivia_qa,free_answer,Manhunt 2,Manhunt 2,,True,True,False,10,10,10,920.9,0.03991093828537435,0.010464942793824955,0.04848038799493857,0.007652238984999858,0.060271300291367215,0.02070258533021413,0.007590464776340411,0.06329387426376343,-1.4428232973175175e-12,0.9997040417225783,0.95
trivia_qa_validation_06978,qwq-32b,trivia_qa,free_answer,(Arcelormittal) Orbit,ArcelorMittal Orbit,,True,True,False,10,10,10,445.2,0.042363580793009954,0.007754814937569002,0.048157332579830445,0.011848602112689318,0.0643643406528911,0.038628703381809446,0.029936318629979274,0.044108856469392776,0.9219280948830342,0.9998601779020341,0.95
trivia_qa_validation_16241,qwq-32b,trivia_qa,free_answer,BENJAMIN BRITTEN,Benjamin Britten,,True,True,False,10,10,10,527.9,0.03290975610695486,0.009586477798890854,0.04172970158366082,0.00854365154910978,0.049276508454909364,0.019524669406895012,0.006746596719868425,0.05482024699449539,-1.4428232973175175e-12,0.999959936325466,0.95
trivia_qa_validation_17918,qwq-32b,trivia_qa,free_answer,40 seconds,40 seconds,,True,True,False,10,10,10,934.1,0.03578850666312785,0.011927093124106648,0.046635657979249553,0.014073473043844579,0.17090114943868362,0.08935181977836333,0.05211160974566623,0.05294428765773773,0.4689955935863958,0.9959298451202083,0.9
trivia_qa_validation_15357,qwq-32b,trivia_qa,free_answer,Muriel Spark,Muriel Spark,,True,True,False,10,10,10,349.9,0.040573713038748,0.007344758101806448,0.046447470962835594,0.003520358751873797,0.035624778035234804,0.01459888585852891,0.00412893117145271,0.08556331694126129,-1.4428232973175175e-12,0.9999957771446235,1.0
trivia_qa_validation_05019,qwq-32b,trivia_qa,free_answer,Cuba,Cuba,,True,False,False,9,10,10,2235.5,0.03205835618782406,0.016584648571515155,0.04647848292247274,0.013154236962212212,0.11028505212517929,0.05503912003693943,0.028064798819510284,0.08373716473579407,0.4689955935863958,0.9998911024120545,0.95
trivia_qa_validation_06211,qwq-32b,trivia_qa,free_answer,Katherine Hepburn,Katharine Hepburn,,True,True,False,10,10,10,1236.0,0.03343074842464644,0.02208312042675901,0.05400929173725566,0.007558182514210277,0.11441560804153539,0.05741972419523519,0.02913893951158909,0.06694529950618744,-1.4428232973175175e-12,0.9999151889469485,1.0
trivia_qa_validation_06435,qwq-32b,trivia_qa,free_answer,Lee Marvin,"Wait, I think the answer is... Oh! I think the answer is... Oh! I think it's... Oh",,False,False,True,1,10,10,5951.1,0.039542712775478515,0.04057960894512576,0.0783623698079016,0.005399234508670317,0.3792762504367156,0.26607682849783065,0.19239233023577423,0.10845525562763214,2.5219280948772633,,
trivia_qa_validation_11926,qwq-32b,trivia_qa,free_answer,SWITZERLAND,Switzerland,,True,True,False,10,10,10,459.1,0.05408235945652905,0.007506078959919759,0.06115786342038841,0.013891486573935125,0.025810236543049526,0.007968384275853325,0.0018409095944089127,0.05647040903568268,-1.4428232973175175e-12,0.9999785550583766,1.0
trivia_qa_validation_03640,qwq-32b,trivia_qa,free_answer,Olympic Village,Olympic Village,,True,True,False,10,10,10,388.1,0.04609018128644214,0.007598679909683624,0.053105431587279414,0.009570566279332596,0.027979043173011274,0.0102899367471607,0.004617832478356576,0.04147109016776085,-1.4428232973175175e-12,0.9999832985833846,1.0
trivia_qa_validation_03927,qwq-32b,trivia_qa,free_answer,David Hilbert,David Hilbert,,True,True,False,10,10,10,520.0,0.028899551805451895,0.0055501843487142915,0.03391776782219785,0.009909405298899457,0.049459945413281727,0.02689259078940235,0.015925664663028007,0.0449310839176178,-1.4428232973175175e-12,0.9999832985864956,1.0
trivia_qa_validation_14928,qwq-32b,trivia_qa,free_answer,THE HINDENBERG LINE,West Wall,,False,True,False,10,10,10,2318.4,0.034955175799676795,0.019190150705905636,0.05255534442549774,0.01762780264787277,0.3146806482421081,0.20150348438306934,0.1326876548189093,0.06868158280849457,0.8812908992278072,0.9999339478743733,1.0
trivia_qa_validation_12834,qwq-32b,trivia_qa,free_answer,Lady Emma Hamilton,Emma Hamilton,,True,True,False,10,10,10,829.0,0.026273777827699234,0.012561096066377911,0.03752009199170569,0.011583840842782666,0.0731911657698577,0.02534947453858464,0.010360101811606903,0.049125976860523224,-1.4428232973175175e-12,0.9999599363181998,1.0
trivia_qa_validation_09497,qwq-32b,trivia_qa,free_answer,A frog,A tadpole becomes a frog or a toad.,,False,True,False,10,10,10,431.7,0.041017343190741934,0.00935707413871148,0.049424008164876854,0.019213204443922625,0.03729634715285762,0.015866532636462805,0.007908132415195812,0.05322752892971039,0.4689955935863958,0.9999810748487149,0.95
trivia_qa_validation_02033,qwq-32b,trivia_qa,free_answer,OMEGA,Omega,,True,True,False,10,10,10,293.0,0.030808019305590472,0.011241260988950553,0.04180297487582181,0.01594094513872384,0.047569826381155686,0.020702957385898325,0.0122374508417456,0.03569352254271507,-1.4428232973175175e-12,0.9999885212278917,1.0
trivia_qa_validation_03233,qwq-32b,trivia_qa,free_answer,Flowers,flowers,,True,True,False,10,10,10,1385.8,0.026324653565667676,0.014770420550992851,0.03927241531894615,0.02908861880392542,0.22138177423862454,0.1275140715223885,0.07128734557814262,0.05741824582219124,1.2954618442339936,0.9999785550765394,0.95
trivia_qa_validation_10014,qwq-32b,trivia_qa,free_answer,Kiefer Sutherland,Kiefer Sutherland,,True,True,False,10,10,10,788.2,0.04991113081357564,0.017755729618830825,0.0658119070714825,0.012186493115228587,0.08823752967765804,0.03591892459003561,0.013704807403934616,0.08058524876832962,-1.4428232973175175e-12,0.9999546020737335,0.9
trivia_qa_validation_15187,qwq-32b,trivia_qa,free_answer,Colorado,Colorado,,True,True,False,10,10,10,474.7,0.03162956367520659,0.0069920454571548276,0.038621609132361415,0.01744764022631853,0.035292362716355066,0.010912906921851118,0.0025490585563713642,0.04295971244573593,-1.4428232973175175e-12,0.9999980052706122,1.0
trivia_qa_validation_08965,qwq-32b,trivia_qa,free_answer,Persia,Parthian Empire,,False,True,False,10,10,10,1554.3,0.027647063528049593,0.014976671551607007,0.042247323364971764,0.01750868576891407,0.21428431284214625,0.12065305944884464,0.06998932699949098,0.052981216460466385,-1.4428232973175175e-12,0.9999785550170259,1.0
trivia_qa_validation_01385,qwq-32b,trivia_qa,free_answer,Malcolm Bradbury,Malcolm Bradbury,,True,True,False,10,10,10,570.2,0.045898699365181914,0.015514191336184317,0.05970401948362199,0.004959526094573366,0.03388735128324978,0.009773197983635207,0.0017640016245358049,0.1473580002784729,0.4689955935863958,0.9999151889652924,0.95
trivia_qa_validation_05066,qwq-32b,trivia_qa,free_answer,Canada,Canada,,True,True,False,10,10,10,477.4,0.036394581475717024,0.004664208778483889,0.040614326896422095,0.012598583384525953,0.035163844359013686,0.013400087154702246,0.003281740799108546,0.048884179443120956,-1.4428232973175175e-12,0.9968273074492587,0.95
trivia_qa_validation_12559,qwq-32b,trivia_qa,free_answer,40,40,,True,True,False,10,10,10,865.5,0.028145726833812133,0.014531375175398964,0.04134340546228088,0.02249958811783189,0.07578616630032645,0.032491293958309665,0.01457194041105725,0.04636828228831291,-1.4428232973175175e-12,0.9988304861163363,1.0
trivia_qa_validation_06603,qwq-32b,trivia_qa,free_answer,Masada,Masada,,True,True,False,10,10,10,468.2,0.03610574082041222,0.005725292266556504,0.04162819333037643,0.00560986727244211,0.026389216978238185,0.00884646614884831,0.0038598849798758272,0.07242785394191742,-1.4428232973175175e-12,0.9999151889390175,0.95
trivia_qa_validation_08453,qwq-32b,trivia_qa,free_answer,Lady Gaga,Lady Gaga,,True,True,False,10,10,10,326.8,0.030943432856423238,0.008813139078913033,0.03915212234415123,0.00956766456855379,0.03938390862768868,0.016636381551682178,0.007746757731023024,0.057164665311574936,-1.4428232973175175e-12,0.9999992661793775,1.0
trivia_qa_validation_14931,qwq-32b,trivia_qa,free_answer,Montmorency,Montmorency,,True,True,False,10,10,10,538.4,0.04455926200675376,0.015570544853503846,0.05830425551170597,0.005221179488785646,0.0643893224647099,0.02789709610648774,0.01201053106328982,0.0681825503706932,0.4689955935863958,0.9999646437085475,0.95
trivia_qa_validation_15106,qwq-32b,trivia_qa,free_answer,DARTMOOR,Dartmoor National Park,,True,True,False,10,10,10,407.2,0.03524699950515772,0.008854828504229214,0.04363123977409281,0.011174968760256412,0.044811872596233995,0.013857723861845972,0.005114629085700306,0.0560653880238533,-1.4428232973175175e-12,0.9770225502286896,1.0
trivia_qa_validation_08675,qwq-32b,trivia_qa,free_answer,Evelyn Glennie,Evelyn Glennie,,True,True,False,10,10,10,457.8,0.04027942236476582,0.009705985816515121,0.04935262768571557,0.012395017400490623,0.05079185046306397,0.027876846886026395,0.01762825913745549,0.05525168776512146,-1.4428232973175175e-12,0.9999898700096299,1.0
trivia_qa_validation_10591,qwq-32b,trivia_qa,free_answer,Compact Pussycat,The French Maid Special,,False,True,False,10,10,10,949.0,0.05207912906346588,0.028966733505900632,0.0765262975627353,0.004977130683478852,0.09098577267087248,0.04098296345098751,0.01863738034180924,0.1731671839952469,3.3219280948729355,0.9399131768159783,0.95
trivia_qa_validation_05745,qwq-32b,trivia_qa,free_answer,(David) Soul,The Sweet,,False,False,False,9,10,10,1973.3,0.04794803984820119,0.02462219194671623,0.06783417670068329,0.0033368697738984402,0.14894216152829864,0.07987903533849858,0.04287985554795566,0.16497404873371124,2.1609640474350247,0.0008040828499342421,0.9
trivia_qa_validation_03936,qwq-32b,trivia_qa,free_answer,Matthew Pinsent,Matthew Pinsent,,True,True,False,10,10,10,2393.8,0.025938699437593173,0.017711054804311364,0.04243998233159825,0.015313944173012675,0.16169674417909438,0.082524858093148,0.04355815310237708,0.07806898653507233,-1.4428232973175175e-12,0.9999930377470846,1.0
trivia_qa_validation_11173,qwq-32b,trivia_qa,free_answer,Red,red,,True,True,False,10,10,10,769.4,0.04272257164148094,0.015067580638591113,0.05622318604017087,0.016660649130024983,0.09998191091984719,0.048282693180961914,0.02173920523945373,0.03451940044760704,-1.4428232973175175e-12,0.9999251538121955,0.95
trivia_qa_validation_00846,qwq-32b,trivia_qa,free_answer,Boise,Boise,,True,True,False,10,10,10,421.5,0.0587133280544979,0.012780644786342448,0.07048110068463936,0.0159733311088973,0.033876793719338015,0.011039448863891665,0.004021245439185495,0.07172790169715881,-1.4428232973175175e-12,0.9999977396761263,0.95
trivia_qa_validation_03873,qwq-32b,trivia_qa,free_answer,Ben Hur,Ben-Hur,,True,True,False,10,10,10,484.0,0.03873258312536074,0.007066543912259663,0.04565768432192026,0.008417628685894185,0.044477854680887316,0.01573559432237559,0.006300727627999392,0.053721871227025986,-1.4428232973175175e-12,0.9997388092449981,0.95
trivia_qa_validation_03973,qwq-32b,trivia_qa,free_answer,England,England,,True,True,False,10,10,10,714.6,0.026867483153172465,0.004926452362028402,0.031321491501347706,0.00784806800718742,0.05039547277019467,0.023893008300225126,0.011754702640580195,0.05358617752790451,-1.4428232973175175e-12,0.9997694933241825,1.0
trivia_qa_validation_02775,qwq-32b,trivia_qa,free_answer,Staines,Coulsdon,,False,True,False,10,10,10,1427.4,0.03684918934975431,0.023616594462140157,0.0583461245400267,0.010517774985382871,0.14504229113989217,0.06958458965198608,0.03592191473743175,0.10536524653434753,2.1219280948801487,0.9959298445021185,0.95
trivia_qa_validation_10251,qwq-32b,trivia_qa,free_answer,Bat,bat,,True,True,False,10,10,10,2013.4,0.05028570913684956,0.030509040876463313,0.07580499764663731,0.008708203755059539,0.17987830062800803,0.0912254676760164,0.04534485799930923,0.046581439673900604,-1.4428232973175175e-12,0.9986749783280046,0.9
trivia_qa_validation_05687,qwq-32b,trivia_qa,free_answer,THE WOODPECKER,Helmeted hornbill,,False,True,False,10,10,10,1033.2,0.0534967193446245,0.016125167780263124,0.06447377877074105,0.01181490253273847,0.08053592483631519,0.037376525604007484,0.018980543050611677,0.0872521847486496,0.9219280948830342,0.9998601773672838,0.95
trivia_qa_validation_09848,qwq-32b,trivia_qa,free_answer,Michael Faraday,Michael Faraday,,True,True,False,10,10,10,610.7,0.025514565799355748,0.010065667330820314,0.0348356169977054,0.011259596841668799,0.07028601031709546,0.03155887197923435,0.016473279418768517,0.03777823969721794,-1.4428232973175175e-12,0.9998766054419876,1.0
trivia_qa_validation_06820,qwq-32b,trivia_qa,free_answer,Fusilli,fusilli,,True,True,False,10,10,10,876.1,0.045255895396968414,0.023126188887235666,0.06460517607993965,0.013361884325395087,0.04310875004763422,0.01654232270213587,0.0061693561436272915,0.05841740593314171,-1.4428232973175175e-12,0.9990889458673244,0.95
trivia_qa_validation_14907,qwq-32b,trivia_qa,free_answer,DONEGAL,County Donegal,,False,True,False,10,10,10,651.7,0.04543450453057833,0.015903356399139004,0.05916211016675292,0.012896614061084295,0.07966872974808362,0.025732712357374943,0.007343695921861959,0.04268307238817215,-1.4428232973175175e-12,0.9997388096160178,0.95
trivia_qa_validation_08421,qwq-32b,trivia_qa,free_answer,LORD MELBOURNE,Lord Melbourne,,True,True,False,10,10,10,669.9,0.02631988687344346,0.011276322747146732,0.03589401747154913,0.017711175135600422,0.05699075942302342,0.020854712121488483,0.007640542958282681,0.04835636168718338,-1.4428232973175175e-12,0.9994472216307849,0.95
trivia_qa_validation_11989,qwq-32b,trivia_qa,free_answer,CHRISTINE KEELER,Christine Keeler,,True,True,False,10,10,10,592.1,0.027316704484465805,0.005266423985380216,0.03195802952346054,0.008427869347799644,0.04993998842579813,0.022567258608380825,0.010855509072937076,0.044579558074474335,-1.4428232973175175e-12,0.9995694430681676,1.0
trivia_qa_validation_07038,qwq-32b,trivia_qa,free_answer,Judges,Book of Judges,,False,True,False,10,10,10,470.9,0.03535846783966526,0.0032550524606368434,0.03821781893227259,0.011848002931634408,0.07789887179412783,0.03910794403728377,0.01727152338491491,0.05584176257252693,-1.4428232973175175e-12,0.9999546020479563,1.0
trivia_qa_validation_03319,qwq-32b,trivia_qa,free_answer,Graham Nash,Graham Nash,,True,True,False,10,10,10,405.0,0.02526109092420476,0.003710853625261545,0.028971944549466305,0.013780349305647626,0.04627176035870696,0.02017166425173166,0.010735374580620672,0.05508147180080414,-1.4428232973175175e-12,0.9999810748514111,0.95
trivia_qa_validation_02548,qwq-32b,trivia_qa,free_answer,AUSTRALIAN,Australian,,True,True,False,10,10,10,1124.2,0.053181004323001255,0.023902700795820114,0.0749635761709852,0.010656419459068128,0.12018942640226564,0.06049015964787208,0.03489326779762517,0.04701574146747589,1.360964047439353,0.9998766052520647,0.9
trivia_qa_validation_04261,qwq-32b,trivia_qa,free_answer,Blue,deep blue,,False,True,False,10,10,10,464.0,0.05009448493367461,0.005345816987048967,0.055075971824407946,0.011445026780209294,0.02351190961391526,0.005184303851027483,0.0013764187410445273,0.05063418298959732,0.9709505944517833,0.9999646436930941,0.95
trivia_qa_validation_10175,qwq-32b,trivia_qa,free_answer,Q,Q,,True,True,False,10,10,10,1701.6,0.029594732747244085,0.019539426234533107,0.04828980223287298,0.013762229585337168,0.08250868569279932,0.0462833964230253,0.03391016419948521,0.055226974189281464,-1.4428232973175175e-12,0.9706877074057553,1.0
trivia_qa_validation_14853,qwq-32b,trivia_qa,free_answer,DIJON,Dijon,,True,True,False,10,10,10,495.7,0.03831408972100225,0.007849765266471184,0.045381580380323215,0.013606384862049481,0.03344290381638659,0.011914709941416112,0.00122890778004896,0.04998704046010971,-1.4428232973175175e-12,0.9999646437188433,1.0
trivia_qa_validation_07931,qwq-32b,trivia_qa,free_answer,DOGS,Dogs,,True,True,False,10,10,10,676.6,0.05289362686192435,0.008695102633416921,0.06052471882539978,0.00937173542020323,0.0334314125700391,0.012905442613094453,0.0057491886336446755,0.05728812888264656,1.1567796494427114,0.9998766048750148,1.0
trivia_qa_validation_09718,qwq-32b,trivia_qa,free_answer,The Flying Dutchman,The Flying Dutchman,,True,True,False,10,10,10,537.9,0.04266163115409764,0.011910602949149862,0.053282484944351186,0.008374910372012611,0.05929167774616666,0.02611629372189007,0.012987219712700648,0.028579775243997574,0.4689955935863958,0.9997694925196813,1.0
trivia_qa_validation_05292,qwq-32b,trivia_qa,free_answer,WILLIAM CODY,Bill Doolin,,False,True,False,10,10,10,1359.6,0.04767644651698173,0.02518156615283309,0.06822373667865457,0.008114110065589621,0.12273963740455134,0.06007967828946169,0.030546261164056697,0.1925513744354248,3.3219280948729355,0.00037998406780878364,0.7
trivia_qa_validation_13456,qwq-32b,trivia_qa,free_answer,Tommy Burns,Tommy Burns,,True,True,False,10,10,10,1819.5,0.021538438357592192,0.014374915870279777,0.03459615234309743,0.01609002275409402,0.1624450196213058,0.07555909281213655,0.03682131756115224,0.05973192676901817,-1.4428232973175175e-12,0.9998204720001675,0.95
trivia_qa_validation_09330,qwq-32b,trivia_qa,free_answer,York,"York, England",,True,True,False,10,10,10,1080.5,0.04484621369388051,0.0176593385524039,0.06108523093628064,0.01398198491224222,0.07938241217081249,0.030181105012981678,0.011900479170901989,0.08197561651468277,1.1567796494427114,0.9875682936375252,0.85
trivia_qa_validation_08852,qwq-32b,trivia_qa,free_answer,I Will Survive,Petrified,,False,True,False,10,10,10,596.2,0.03725512786306998,0.016384531862798212,0.0514649560803284,0.005971118907792286,0.09835885032175914,0.061354493680432595,0.04137137918297601,0.22951915860176086,2.046439344663802,0.9986749782439136,1.0
trivia_qa_validation_07136,qwq-32b,trivia_qa,free_answer,UTTOXETER,Uttoxeter Racecourse,,False,True,False,10,10,10,652.9,0.052398664608711745,0.02345863499605694,0.07214375193668808,0.007224240191136785,0.09168423706992926,0.04445918608713649,0.017717564201246094,0.08384371548891068,1.3567796494412687,0.9984988095868268,0.95
trivia_qa_validation_14543,qwq-32b,trivia_qa,free_answer,Livingston,Livingston,,True,True,False,10,10,10,1101.1,0.036789760100299274,0.02288311971053749,0.05724084998798536,0.008619823902565047,0.1445379050444299,0.07482013912875152,0.04029418424383126,0.09937059879302979,1.9609640474364676,0.9999885212462772,1.0
trivia_qa_validation_12564,qwq-32b,trivia_qa,free_answer,Woad,Woad,,True,True,False,10,10,10,382.5,0.04025376480213026,0.005378841681405943,0.045408892837003764,0.010488579718120112,0.025348510568210227,0.01143247363033334,0.006589450646075213,0.04521056264638901,-1.4428232973175175e-12,0.9999869928774541,0.95
trivia_qa_validation_02672,qwq-32b,trivia_qa,free_answer,IN GOD WE TRUST,In God We Trust,,True,True,False,10,10,10,2119.4,0.040046156292744314,0.022006326617114963,0.059634759811401414,0.006319702363811269,0.23107009163916353,0.13164386745480275,0.07635794473893445,0.05178012698888779,-1.4428232973175175e-12,0.9740425584326642,0.9
trivia_qa_validation_01604,qwq-32b,trivia_qa,free_answer,World War I,World War I,,True,True,False,10,10,10,548.5,0.03335099615016697,0.003828465836412343,0.0370459506381147,0.007900844167425109,0.02983429371042532,0.008659682692037629,0.0019050344728359981,0.06539828330278397,-1.4428232973175175e-12,0.9999687980918283,1.0
trivia_qa_validation_07684,qwq-32b,trivia_qa,free_answer,GEORGE FOX,George Fox,,True,True,False,10,10,10,459.8,0.041293842159850304,0.004592037022031792,0.045421391788260844,0.00959374977154981,0.03557749610205635,0.015541892512404353,0.00689347181294051,0.04835989326238632,-1.4428232973175175e-12,0.999876605436765,0.95
trivia_qa_validation_01782,qwq-32b,trivia_qa,free_answer,PHIL DANIELS,Alex James,,False,True,False,10,10,10,1018.0,0.05410459557843665,0.025473132177614717,0.07716155604639156,0.0064699965492248015,0.0892513682117344,0.04076692850980303,0.017833851882719753,0.1305432766675949,1.3567796494412687,0.851951351676294,0.9
trivia_qa_validation_17582,qwq-32b,trivia_qa,free_answer,Vickers Vimy,Vickers Vimy,,True,True,False,10,10,10,587.0,0.03597250685105681,0.005570182955447683,0.04115035119953649,0.010424970357578417,0.03657487494213311,0.008290059361660019,0.0017833613665788838,0.06294609606266022,-1.4428232973175175e-12,0.9999646437360581,1.0
trivia_qa_validation_16071,qwq-32b,trivia_qa,free_answer,(BBC) RADIO 4 EXTRA,BBC 6 Music,,False,True,False,10,10,10,1453.4,0.042317022334691264,0.023122829028989354,0.06251040761808191,0.00634196094480643,0.21236348701419971,0.1263179114305288,0.07913630466917962,0.09650880843400955,1.6854752972215634,0.6224585740300113,
trivia_qa_validation_02529,qwq-32b,trivia_qa,free_answer,TRITON,Triton,,True,True,False,10,10,10,1689.4,0.04130552951641774,0.029010178815963177,0.06649845662010528,0.007198694853066216,0.16307062615202392,0.08826619249986681,0.05058009562815693,0.06879568845033646,0.9219280948830342,0.9579117676685825,0.9
trivia_qa_validation_06312,qwq-32b,trivia_qa,free_answer,PHIL WOOLAS,Eric Pickles,,False,True,False,10,10,10,2248.9,0.03121771708653303,0.02202590734318429,0.050307110519822305,0.007737047455154961,0.1888283160144943,0.10471278296952877,0.05930512979386824,0.15500777959823608,2.3709505944460125,0.9984988154232375,0.95
trivia_qa_validation_15880,qwq-32b,trivia_qa,free_answer,NICK OWEN,Eamonn Andrews,,False,True,False,10,10,10,1369.7,0.043762341573714614,0.026512884175697728,0.0661550512902109,0.00591327330461539,0.14152393233167443,0.07838535240341923,0.04462294391378452,0.1735231578350067,2.9219280948758204,0.9914224986698913,0.85
trivia_qa_validation_11305,qwq-32b,trivia_qa,free_answer,Peter Kay,Richard E. Grant,,False,True,False,10,10,10,931.0,0.044951833103288596,0.028323633550407883,0.06945786031037343,0.006327276755543737,0.07568807086571148,0.031648267541293004,0.013182785580975432,0.1953391134738922,3.1219280948743777,0.9990889467756278,0.95
trivia_qa_validation_13979,qwq-32b,trivia_qa,free_answer,Hispaniola,Hispaniola,,True,True,False,10,10,10,310.2,0.03627596272997879,0.006907292164998935,0.04277675082993707,0.011412465861860925,0.06727880055339838,0.040692762201613976,0.022269532825381723,0.05052958428859711,-1.4428232973175175e-12,0.9999921107384235,1.0
trivia_qa_validation_13336,qwq-32b,trivia_qa,free_answer,Blues musicians,blues musicians,,True,True,False,10,10,10,754.7,0.03916561824631559,0.003575225793240892,0.042149483289613134,0.006896043629950052,0.08254738618934376,0.03858524689717223,0.02221698728542453,0.0536019541323185,-1.4428232973175175e-12,0.9999832985846004,1.0
trivia_qa_validation_08509,qwq-32b,trivia_qa,free_answer,ALBERTO JUANTORENA,Alberto Juantorena,,True,True,False,10,10,10,535.0,0.032773448284103224,0.005059122627376212,0.03736840415527444,0.011227823871079418,0.05393130761782187,0.028340516242276993,0.014454897191480043,0.04621857404708862,-1.4428232973175175e-12,0.9999852610173763,0.95
trivia_qa_validation_13845,qwq-32b,trivia_qa,free_answer,Tigris,Tigris,,True,True,False,10,10,10,540.9,0.03531506367058448,0.005578437170361545,0.0407431249010964,0.014457909398514105,0.05017691250118509,0.016528964425466475,0.0065510834899573656,0.0444553941488266,-1.4428232973175175e-12,0.9999417087475942,0.95
trivia_qa_validation_13351,qwq-32b,trivia_qa,free_answer,Vertical axis,"Alternatively, maybe the question is referring to the unit circle? Like, in the unit circle, points are (cosθ, sinθ), but that's not directly related to i and j. Wait, perhaps the question is about the standard basis vectors in the Cartesian plane. The standard basis vectors are i hat and j hat, which are vectors of length 1 pointing along the positive x and y axes. So the units (as in the basis vectors) are along the x and y axes. So the answer would be that the unit vectors i and j are along the x and y axes respectively. Therefore, the answer is that i is on the x-axis and j on the y-axis. The question is probably asking for the axes each corresponds to. So the answer is that the unit vectors i and j represent the directions of the x and y axes. Therefore, the answer is the x-axis is i and y-axis is j. So the final answer would be that the unit vectors i and j are the standard basis vectors along the x and y axes respectively. So the answer is the x-axis is represented by i and the y-axis by j. So the answer is the unit vectors i and j correspond to the x and y axes. Therefore, the answer is the unit vectors i and j are along the x and y axes. So the question is asking where (in the Cartesian plane) these units (i and j) are located. So the answer is that they are along the x and y axes. So the answer is the x-axis is the direction of i, and the y-axis is the direction of j. Therefore, the answer is the unit vectors i and j are the standard basis vectors along the x and y axes respectively. So the final answer is that the unit vectors i and j are along the x and y axes. So the answer is the x-axis is i and y-axis is j. So the answer is the unit vectors i and j correspond to the x and y axes respectively. Therefore, the answer is the unit vectors i and j are along the x and y axes. So the answer is the x-axis is represented by i and the y-axis by j. So the final answer is that the unit vectors i and j are along the x and y axes respectively. Therefore, the answer is the unit vectors i and j are along the x and y axes. So the answer is the x-axis is the direction of i, and the y-axis is the direction of j. So the answer is the unit vectors i and j are along the x and y axes respectively. Therefore, the answer is the unit vectors i and j are along the x and y axes. So the answer is the x-axis is represented by i and the y-axis by j. So the final answer is that the unit vectors i and j are along the x and y axes respectively. Therefore, the answer is the unit vectors i and j are along the x and y axes. So the answer is the x-axis is the direction of i, and the y-axis is the direction of j. So the answer is the unit vectors i and j are along the x and y axes respectively. Therefore, the answer is the unit vectors i and j are along the x and y axes. So the answer is the x-axis is represented by i and the y-axis by j. So the final answer is that the unit vectors i and j are along the x and y axes respectively. Therefore, the answer is the unit vectors i and j are along the x and y axes. So the answer is the x-axis is the direction of i, and the y-axis is the direction of j. So the answer is the unit vectors i and j are along the x and y axes respectively. Therefore, the answer is the unit vectors i and j are along the x and y axes. So the answer is the x-axis is represented by i and the y-axis by j. So the final answer is that the unit vectors i and j are along the x and y axes respectively. Therefore, the answer is the unit vectors i and j are along the x and y axes. So the answer is the x-axis is the direction of i, and the y-axis is the direction of j. So the answer is the unit vectors i and j are along the x and y axes respectively. Therefore, the answer is the unit vectors i and j are along the x and y axes. So the answer is the x-axis is represented by i and the y-axis by j. So the final answer is that the unit vectors i and j are along the x and y axes respectively. Therefore, the answer is the unit vectors i and j are along the x and y axes. So the answer is the x-axis is the direction of i, and the y-axis is the direction of j. So the answer is the unit vectors i and j are along the x and y axes respectively. Therefore, the answer is the unit vectors i and j are along the x and y axes. So the answer is the x-axis is represented by i and the y-axis by j. So the final answer is that the unit vectors i and j are along the x and y axes respectively. Therefore, the answer is the unit vectors i and j are along the x and y axes. So the answer is the x-axis is the direction of i, and the y-axis is the direction of j. So the answer is the unit vectors i and j are along the x and y axes respectively. Therefore, the answer is the unit vectors i and j are along the x and y axes. So the answer is the x-axis is represented by i and the y-axis by j. So the final answer is that the unit vectors i and j are along the x and y axes respectively. Therefore, the answer is the unit vectors i and j are along the x and y axes. So the answer is the x-axis is the direction of i, and the y-axis is the direction of j. So the answer is the unit vectors i and j are along the x and y axes respectively. Therefore, the answer is the unit vectors i and j are along the x and y axes. So the answer is the x-axis is represented by i and the y-axis by j. So the final answer is that the unit vectors i and j are along the x and y axes respectively. Therefore, the answer is the unit vectors i and j are along the x and y axes. So the answer is the x-axis is the direction of i, and the y-axis is the direction of j. So the answer is the unit vectors i and j are along the x and y axes respectively. Therefore, the answer is the unit vectors i and j are along the x and y axes. So the answer is the x-axis is represented by i and the y-axis by j. So the final answer is that the unit vectors i and j are along the x and y axes respectively. Therefore, the answer is the unit vectors i and j are along the x and y axes. So the answer is the x-axis is the direction of i, and the y-axis is the direction of j. So the answer is the unit vectors i and j are along the x and y axes respectively. Therefore, the answer is the unit vectors i and j are along the x and y axes. So the answer is the x-axis is represented by i and the y-axis by j. So the final answer is that the unit vectors i and j are along the x and y axes respectively. Therefore, the answer is the unit vectors i and j are along the x and y axes. So the answer is the x-axis is the direction of i, and the y-axis is the direction of j. So the answer is the unit vectors i and j are along the x and y axes respectively. Therefore, the answer is the unit vectors i and j are along the x and y axes. So the answer is the x-axis is represented by i and the y-axis by j. So the final answer is that the unit vectors i and j are along the x and y axes respectively. Therefore, the answer is the unit vectors i and j are along the x and y axes. So the answer is the x-axis is the direction of i, and the y-axis is the direction of j. So the answer is the unit vectors i and j are along the x and y axes respectively. Therefore, the answer is the unit vectors i and j are along the x and y axes. So the answer is the x-axis is represented by i and the y-axis by j. So the final answer is that the unit vectors i and j are along the x and y axes respectively. Therefore, the answer is the unit vectors i and j are along the x and y axes. So the answer is the x-axis is the direction of i, and the y-axis is the direction of j. So the answer is the unit vectors i and j are along the x and y axes respectively. Therefore, the answer is the unit vectors i and j are along the x and y axes. So the answer is the x-axis is represented by i and the y-axis by j. So the final answer is that the unit vectors i and j are along the x and y axes respectively. Therefore, the answer is the unit vectors i and j are along the x and y axes. So the answer is the x-axis is the direction of i, and the y-axis is the direction of j. So the answer is the unit vectors i and j are along the x and y axes respectively. Therefore, the answer is the unit vectors i and j are along the x and y axes. So the answer is the x-axis is represented by i and the y-axis by j. So the final answer is that the unit vectors i and j are along the x and y axes respectively. Therefore, the answer is the unit vectors i and j are along the x and y axes. So the answer is the x-axis is the direction of i, and the y-axis is the direction of j. So the answer is the unit vectors i and j are along the x and y axes respectively. Therefore, the answer is the unit vectors i and j are along the x and y axes. So the answer is the x-axis is represented by i and the y-axis by j. So the final answer is that the unit vectors i and j are along the x and y axes respectively. Therefore, the answer is the unit vectors i and j are along the x and y axes. So the answer is the x-axis is the direction of i, and the y-axis is the direction of j. So the answer is the unit vectors i and j are along the x and y axes respectively. Therefore, the answer is the unit vectors i and j are along the x and y axes. So the answer is the x-axis is represented by i and the y-axis by j. So the final answer is that the unit vectors i and j are along the x and y axes respectively. Therefore, the answer is the unit vectors i and j are along the x and y axes. So the answer is the x-axis is the direction of i, and the y-axis is the direction of j. So the answer is the unit vectors i and j are along the x and y axes respectively. Therefore, the answer is the unit vectors i and j are along the x and y axes. So the answer is the x-axis is represented by i and the y-axis by j. So the final answer is that the unit vectors i and j are along the x and y axes respectively. Therefore, the answer is the unit vectors i and j are along the x and y axes. So the answer is the x-axis is the direction of i, and the y-axis is the direction of j. So the answer is the unit vectors i and j are along the x and y axes respectively. Therefore, the answer is the unit vectors i and j are along the x and y axes. So the answer is the x-axis is represented by i and the y-axis by j. So the final answer is that the unit vectors i and j are along the x and y axes respectively. Therefore, the answer is the unit vectors i and j are along the x and y axes. So the answer is the x-axis is the direction of i, and the y-axis is the direction of j. So the answer is the unit vectors i and j are along the x and y axes respectively. Therefore, the answer is the unit vectors i and j are along the x and y axes. So the answer is the x-axis is represented by i and the y-axis by j. So the final answer is that the unit vectors i and j are along the x and y axes respectively. Therefore, the answer is the unit vectors i and j are along the x and y axes. So the answer is the x-axis is the direction of i, and the y-axis is the direction of j. So the answer is the unit vectors i and j are along the x and y axes respectively. Therefore, the answer is the unit vectors i and j are along the x and y axes. So the answer is the x-axis is represented by i and the y-axis by j. So the final answer is that the unit vectors i and j are along the x and y axes respectively. Therefore, the answer is the unit vectors i and j are along the x and y axes. So the answer is the x-axis is the direction of i, and the y-axis is the direction of j. So the answer is the unit vectors i and j are along the x and y axes respectively. Therefore, the answer is the unit vectors i and j are along the x and y axes. So the answer is the x-axis is represented by i and the y-axis by j. So the final answer is that the unit vectors i and j are along the x and y axes respectively. Therefore, the answer is the unit vectors i and j are along the x and y axes. So the answer is the x-axis is the direction of i, and the y-axis is the direction of j. So the answer is the unit vectors i and j are along the x and y axes respectively. Therefore, the answer is the unit vectors i and j are along the x and y axes. So the answer is the x-axis is represented by i and the y-axis by j. So the final answer is that the unit vectors i and j are along the x and y axes respectively. Therefore, the answer is the unit vectors i and j are along the x and y axes. So the answer is the x-axis is the direction of i, and the y-axis is the direction of j. So the answer is the unit vectors i and j are along the x and y axes respectively. Therefore, the answer is the unit vectors i and j are along the x and y axes. So the answer is the x-axis is represented by i and the y-axis by j. So the final answer is that the unit vectors i and j are along the x and y axes respectively. Therefore, the answer is the unit vectors i and j are along the x and y axes. So the answer is the x-axis is the direction of i, and the y-axis is the direction of j. So the answer is the unit vectors i and j are along the x and y axes respectively. Therefore, the answer is the unit vectors i and j are along the x and y axes. So the answer is the x-axis is represented by i and the y-axis by j. So the final answer is that the unit vectors i and j are along the x and y axes respectively. Therefore, the answer is the unit vectors i and j are along the x and y axes. So the answer is the x-axis is the direction of i, and the y-axis is the direction of j. So the answer is the unit vectors i and j are along the x and y axes respectively. Therefore, the answer is the unit vectors i and j are along the x and y axes. So the answer is the x-axis is represented by i and the y-axis by j. So the final answer is that the unit vectors i and j are along the x and y axes respectively. Therefore, the answer is the unit vectors i and j are along the x and y axes. So the answer is the x-axis is the direction of i, and the y-axis is the direction of j. So the answer is the unit vectors i and j are along the x and y axes respectively. Therefore, the answer is the unit vectors i and j are along the x and y axes. So the answer is the x-axis is represented by i and the y-axis by j. So the final answer is that the unit vectors i and j are along the x and y axes respectively. Therefore, the answer is the unit vectors i and j are along the x and y axes. So the answer is the x-axis is the direction of i, and the y-axis is the direction of j. So the answer is the unit vectors i and j are along the x and y axes respectively. Therefore, the answer is the unit vectors i and j are along the x and y axes. So the answer is the x-axis is represented by i and the y-axis by j. So the final answer is that the unit vectors i and j are along the x and y axes respectively. Therefore, the answer is the unit vectors i and j are along the x and y axes. So the answer is the x-axis is the direction of i, and the y-axis is the direction of j. So the answer is the unit vectors i and j are along the x and y axes respectively. Therefore, the answer is the unit vectors i and j are along the x and y axes. So the answer is the x-axis is represented by i and the y-axis by j. So the final answer is that the unit vectors i and j are along the x and y axes respectively. Therefore, the answer is the unit vectors i and j are along the x and y axes. So the answer is the x-axis is the direction of i, and the y-axis is the direction of j. So the answer is the unit vectors i and j are along the x and y axes respectively. Therefore, the answer is the unit vectors i and j are along the x and y axes. So the answer is the x-axis is represented by i and the y-axis by j. So the final answer is that the unit vectors i and j are along the x and y axes respectively. Therefore, the answer is the unit vectors i and j are along the x and y axes. So the answer is the x-axis is the direction of i, and the y-axis is the direction of j. So the answer is the unit vectors i and j are along the x and y axes respectively. Therefore, the answer is the unit vectors i and j are along the x and y axes. So the answer is the x-axis is represented by i and the y-axis by j. So the final answer is that the unit vectors i and j are along the x and y axes respectively. Therefore, the answer is the unit vectors i and j are along the x and y axes. So the answer is the x-axis is the direction of i, and the y-axis is the direction of j. So the answer is the unit vectors i and j are along the x and y axes respectively. Therefore, the answer is the unit vectors i and j are along the x and y axes. So the answer is the x-axis is represented by i and the y-axis by j. So the final answer is that the unit vectors i and j are along the x and y axes respectively. Therefore, the answer is the unit vectors i and j are along the x and y axes. So the answer is the x-axis is the direction of i, and the y-axis is the direction of j. So the answer is the unit vectors i and j are along the x and y axes respectively. Therefore, the answer is the unit vectors i and j are along the x and y axes. So the answer is the x-axis is represented by i and the y-axis by j. So the final answer is that the unit vectors i and j are along the x and y axes respectively. Therefore, the answer is the unit vectors i and j are along the x and y axes. So the answer is the x-axis is the direction of i, and the y-axis is the direction of j. So the answer is the unit vectors i and j are along the x and y axes respectively. Therefore, the answer is the unit vectors i and j are along the x and y axes. So the answer is the x-axis is represented by i and the y-axis by j. So the final answer is that the unit vectors i and j are along the x and y axes respectively. Therefore, the answer is the unit vectors i and j are along the x and y axes. So the answer is the x-axis is the direction of i, and the y-axis is the direction of j. So the answer is the unit vectors i and j are along the x and y axes respectively. Therefore, the answer is the unit vectors i and j are along the x and y axes. So the answer is the x-axis is represented by i and the y-axis by j. So the final answer is that the unit vectors i and j are along the x and y axes respectively. Therefore, the answer is the unit vectors i and j are along the x and y axes. So the answer is the x-axis is the direction of i, and the y-axis is the direction of j. So the answer is the unit vectors i and j are along the x and y axes respectively. Therefore, the answer is the unit vectors i and j are along the x and y axes. So the answer is the x-axis is represented by i and the y-axis by j. So the final answer is that the unit vectors i and j are along the x and y axes respectively. Therefore, the answer is the unit vectors i and j are along the x and y axes. So the answer is the x-axis is the direction of i, and the y-axis is the direction of j. So the answer is the unit vectors i and j are along the x and y axes respectively. Therefore, the answer is the unit vectors i and j are along the x and y axes. So the answer is the x-axis is represented by i and the y-axis by j. So the final answer is that the unit vectors i and j are along the x and y axes respectively. Therefore, the answer is the unit vectors i and j are along the x and y axes. So the answer is the x-axis is the direction of i, and the y-axis is the direction of j. So the answer is the unit vectors i and j are along the x and y axes respectively. Therefore, the answer is the unit vectors i and j are along the x and y axes. So the answer is the x-axis is represented by i and the y-axis by j. So the final answer is that the unit vectors i and j are along the x and y axes respectively. Therefore, the answer is the unit vectors i and j are along the x and y axes. So the answer is the x-axis is the direction of i, and the y-axis is the direction of j. So the answer is the unit vectors i and j are along the x and y axes respectively. Therefore, the answer is the unit vectors i and j are along the x and y axes. So the answer is the x-axis is represented by i and the y-axis by j. So the final answer is that the unit vectors i and j are along the x and y axes respectively. Therefore, the answer is the unit vectors i and j are along the x and y axes. So the answer is the x-axis is the direction of i, and the y-axis is the direction of j. So the answer is the unit vectors i and j are along the x and y axes respectively. Therefore, the answer is the unit vectors i and j are along the x and y axes. So the answer is the x-axis is represented by i and the y-axis by j. So the final answer is that the unit vectors i and j are along the x and y axes respectively. Therefore, the answer is the unit vectors i and j are along the x and y axes. So the answer is the x-axis is the direction of i, and the y-axis is the direction of j. So the answer is the unit vectors i and j are along the x and y axes respectively. Therefore, the answer is the unit vectors i and j are along the x and y axes. So the answer is the x-axis is represented by i and the y-axis by j. So the final answer is that the unit vectors i and j are along the x and y axes respectively. Therefore, the answer is the unit vectors i and j are along the x and y axes. So the answer is the x-axis is the direction of i, and the y-axis is the direction of j. So the answer is the unit vectors i and j are along the x and y axes respectively. Therefore, the answer is the unit vectors i and j are along the x and y axes. So the answer is the x-axis is represented by i and the y-axis by j. So the final answer is that the unit vectors i and j are along the x and y axes respectively. Therefore, the answer is the unit vectors i and j are along the x and y axes. So the answer is the x-axis is the direction of i, and the y-axis is the direction of j. So the answer is the unit vectors i and j are along the x and y axes respectively. Therefore, the answer is the unit vectors i and j are along the x and y axes. So the answer is the x-axis is represented by i and the y-axis by j. So the final answer is that the unit vectors i and j are along the x and y axes respectively. Therefore, the answer is the unit vectors i and j are along the x and y axes. So the answer is the x-axis is the direction of i, and the y-axis is the direction of j. So the answer is the unit vectors i and j are along the x and y axes respectively. Therefore, the answer is the unit vectors i and j are along the x and y axes. So the answer is the x-axis is represented by i and the y-axis by j. So the final answer is that the unit vectors i and j are along the x and y axes respectively. Therefore, the answer is the unit vectors i and j are along the x and y axes. So the answer is the x-axis is the direction of i, and the y-axis is the direction of j. So the answer is the unit vectors i and j are along the x and y axes respectively. Therefore, the answer is the unit vectors i and j are along the x and y axes. So the answer is the x-axis is represented by i and the y-axis by j. So the final answer is that the unit vectors i and j are along the x and y axes respectively. Therefore, the answer is the unit vectors i and j are along the x and y axes. So the answer is the x-axis is the direction of i, and the y-axis is the direction of j. So the answer is the unit vectors i and j are along the x and y axes respectively. Therefore, the answer is the unit vectors i and j are along the x",,False,False,True,10,10,10,751.6,0.03293473763735148,0.009820066259732276,0.04265686070413567,0.021003383202264775,0.17772832054580073,0.09779163652662175,0.05990746812879044,0.04175795242190361,0.7219280948844771,0.9999977396755528,1.0
