question_id,model,dataset,gold_answer,greedy_choice,correct,in_all_clean,greedy_truncated,n_samples_clean,n_samples_with_letter,trace_length,rep_3,rep_4,rep_5,trace_divergence,answer_semantic_entropy,p_true,verbalized_confidence,hedging_formal,hedging_reasoning,hedging_combined,connector_density
medqa_test_00990,qwen3-4b,medqa,E,E,True,True,False,10,10,1026.4,0.11663625787283687,0.06592291595089855,0.03866774113790909,0.08216670155525208,0.0,1.0,1.0,0.014845392857305729,0.0063163860914459136,0.020750629977182713,0.0096973976374678
medqa_test_00202,qwen3-4b,medqa,D,C,False,True,False,10,10,824.4,0.19620102813399404,0.11037857052975115,0.06614008371737454,0.056607671082019806,0.0,0.9999151891196324,0.9,0.016515127918289567,0.009501291729183722,0.025384050009398234,0.015508740570672886
medqa_test_01258,qwen3-4b,medqa,A,A,True,True,False,10,10,1498.9,0.24856492845809072,0.1559469238937901,0.10292339508558442,0.05945507064461708,0.0,1.0,0.95,0.02859674834251853,0.01155233722748614,0.03767208079225938,0.01000554433037776
medqa_test_00277,qwen3-4b,medqa,D,D,True,True,False,10,10,829.1,0.09170674378593677,0.04288176092763237,0.023811700464524375,0.0690130889415741,0.0,1.670141985355567e-05,0.95,0.01449795264501363,0.0035682830425548895,0.017345139791435583,0.006881899174158104
medqa_test_00427,qwen3-4b,medqa,B,B,True,True,False,10,10,499.2,0.03780913326297699,0.01564840982277943,0.005560531165570026,0.04034699872136116,0.0,0.9995694648527527,1.0,0.007640553524149413,0.0020416669346053932,0.009682220458754805,0.013415668224019541
medqa_test_00015,qwen3-4b,medqa,B,A,False,False,False,9,9,2601.1,0.43238037700589677,0.31715242525552056,0.2317629782662872,0.031006908044219017,0.9910760598382222,1.0,0.7,0.03754334864070742,0.014102235826902806,0.048856263835507965,0.020915321911810565
medqa_test_01202,qwen3-4b,medqa,A,A,True,True,False,10,10,571.5,0.05823038731341105,0.023298006575736364,0.011117471784397103,0.05579162761569023,0.0,0.999999999782756,1.0,0.015173735333843094,0.002158350229295174,0.01673155777278332,0.0073908782482766345
medqa_test_01027,qwen3-4b,medqa,B,B,True,True,False,10,10,1000.2,0.18748072996442594,0.11144375671863252,0.06741373690484664,0.04053395614027977,0.0,6.224144622490015e-11,1.0,0.011485993590681677,0.01422360382954264,0.02528275677039151,0.021738021090314374
medqa_test_00827,qwen3-4b,medqa,B,B,True,True,False,10,10,968.3,0.0875479222956101,0.04076139162580755,0.021326213524391614,0.060367606580257416,0.0,0.0,0.95,0.011640837235495628,0.006767474558077388,0.017993000463014348,0.01390332455731937
medqa_test_00503,qwen3-4b,medqa,B,B,True,True,False,10,10,1631.3,0.3351056335492385,0.21531993547330167,0.13954558312334092,0.04558482766151428,0.8812908992306927,0.9999999998973812,0.95,0.005439131040641752,0.009401153442590456,0.014343064659215629,0.015836183035841056
medqa_test_00325,qwen3-4b,medqa,C,C,True,True,False,10,10,885.7,0.08218683701132934,0.03302495046909444,0.013593330767646771,0.05054643005132675,0.0,0.9999724643500196,0.95,0.020882616333706562,0.002438377011179903,0.021819150134473372,0.0064485163910955445
medqa_test_00681,qwen3-4b,medqa,B,B,True,True,False,10,10,1200.3,0.15360865200561974,0.08753462612503946,0.05292473844787939,0.062139712274074554,0.0,0.009708474744266565,0.95,0.013305277766228302,0.007365906660434085,0.019765679238520246,0.007440897151959493
medqa_test_00932,qwen3-4b,medqa,E,D,False,True,False,10,10,1377.0,0.2005089085035605,0.11654895751297763,0.07044743073779482,0.0439971387386322,0.0,0.9999999970010377,0.95,0.029087468570053815,0.012466691654825241,0.039910281506038106,0.010444894101284302
medqa_test_00387,qwen3-4b,medqa,B,B,True,True,False,10,10,1008.0,0.15097370250587638,0.0862416642187448,0.054257747458585935,0.054954640567302704,0.0,0.0,0.95,0.021395279232907176,0.008752740523927802,0.029518474717263165,0.011029987459011546
medqa_test_00235,qwen3-4b,medqa,B,B,True,True,False,10,10,740.7,0.11677983900435014,0.051186585832180276,0.02056300898200485,0.046061813831329346,0.0,0.9999997897566089,1.0,0.010646847762828501,0.008298089703249235,0.018657219611037532,0.02992207279617661
medqa_test_00066,qwen3-4b,medqa,D,D,True,True,False,10,10,877.9,0.1517414663693525,0.07977461742723332,0.0418965542365472,0.058370862156152725,0.0,1.0,1.0,0.017659215965251572,0.005689869071214356,0.022385654425220378,0.01356880102951325
medqa_test_00347,qwen3-4b,medqa,A,A,True,True,False,10,10,1271.8,0.19717414714769319,0.11428146616880075,0.06741458715851575,0.03468896821141243,0.0,2.681003867779034e-14,0.95,0.009447462540267765,0.01155093331847147,0.02036127741654162,0.0176569177234969
medqa_test_00442,qwen3-4b,medqa,C,D,False,False,False,9,9,2784.5,0.4027375143090917,0.2900908869959377,0.2117506853775563,0.046317681670188904,0.0,0.0,0.95,0.020524380543568345,0.015264767263883195,0.033522427371871964,0.016821612323689703
medqa_test_01121,qwen3-4b,medqa,A,A,True,True,False,10,10,1223.5,0.13796441815216715,0.07547123368965472,0.044467741357445835,0.07750572264194489,0.0,1.147876982684027e-05,0.95,0.02405706975246414,0.006967954721009648,0.028665849074880796,0.006566256641376432
medqa_test_00376,qwen3-4b,medqa,D,B,False,True,False,10,10,1847.0,0.24961000256700921,0.156951618424231,0.10036165556422101,0.08082140982151031,0.9219280948873623,0.0,0.95,0.030324297986366166,0.009553861638947581,0.0383680037338353,0.005715412002645753
medqa_test_00035,qwen3-4b,medqa,A,A,True,True,False,10,10,756.9,0.06655862833973193,0.02845295015356958,0.013805325914730372,0.04347211867570877,0.0,1.0,0.95,0.01492448493906139,0.0024431544772246885,0.0166176509853878,0.00639943263937004
medqa_test_00332,qwen3-4b,medqa,D,D,True,True,False,10,10,2193.8,0.28453019527077733,0.184133158705855,0.12020855969376343,0.05699911713600159,0.7219280948873623,1.0,1.0,0.014145976557388477,0.010430996785001877,0.02338842313494489,0.01950071919079985
medqa_test_00400,qwen3-4b,medqa,B,B,True,True,False,10,10,1963.0,0.2885845990025203,0.1810214423094722,0.11564553388577462,0.11169556528329849,0.4689955935892812,1.0,0.9,0.017973536051279642,0.012100395538640403,0.028242817384610392,0.009994913789776095
medqa_test_01145,qwen3-4b,medqa,A,A,True,True,False,10,10,1120.3,0.17836035639139078,0.10635938834170289,0.06736448397917806,0.03980215638875961,0.0,0.9999962733611601,0.95,0.018556341616518847,0.006978304947587372,0.02380703208127822,0.007920563663198708
medqa_test_00975,qwen3-4b,medqa,C,C,True,True,False,10,10,464.8,0.06447717403043103,0.02847922158659244,0.01687588316420292,0.04692160338163376,0.0,1.0,1.0,0.012290897879779536,0.009077330258029098,0.0195807315254427,0.014595221699499412
medqa_test_00950,qwen3-4b,medqa,A,A,True,False,False,9,10,2250.8,0.4256693633262792,0.29976422582161016,0.21537901192556025,0.04166216775774956,0.7219280948873623,0.999999999782756,0.7,0.022997762344134712,0.02903940881776817,0.04808738320127553,0.01288195608622034
medqa_test_00825,qwen3-4b,medqa,D,C,False,False,False,8,10,2610.3,0.3794006412889661,0.2591541640687892,0.17704103910023275,0.04011579602956772,0.7219280948873623,0.9992903389096641,0.95,0.029256323396526583,0.010308724884014422,0.037467146687839924,0.017285976678269713
medqa_test_01030,qwen3-4b,medqa,A,C,False,False,False,8,8,3310.5,0.37919044450896777,0.26382150915846553,0.18574171798865513,0.07244358956813812,0.5435644431995964,1.0,0.95,0.018155633740871157,0.01805306069550207,0.033530123584459545,0.006744017165750788
medqa_test_00845,qwen3-4b,medqa,A,A,True,True,False,10,10,939.8,0.11417648199244726,0.05266552275572357,0.026741827272200945,0.05097390338778496,0.0,0.9999999999954912,0.95,0.024580330804234184,0.007227880398532699,0.0298238852915558,0.016107228505899136
medqa_test_00802,qwen3-4b,medqa,E,E,True,False,False,8,8,2839.1,0.3347900840563999,0.21141913936089832,0.13420069281220032,0.06907057017087936,0.8112781244591328,0.9999999973534264,1.0,0.023184203823098302,0.013993153710343556,0.035891041149479386,0.016786894237999013
medqa_test_00650,qwen3-4b,medqa,C,C,True,True,False,10,10,1435.0,0.22190981085741796,0.12913686108788192,0.07221357729326842,0.030226178467273712,0.0,3.535625493415653e-05,0.95,0.022826068799142993,0.012486596676139428,0.03314898689407523,0.015869797822111602
medqa_test_00540,qwen3-4b,medqa,E,D,False,True,False,10,10,2154.5,0.2781308931496697,0.17417260449379177,0.10827829534231728,0.04253476858139038,0.0,1.0129990226138453e-05,0.95,0.023866891131695704,0.009141958234946113,0.03182955785448236,0.008465996568135677
medqa_test_00796,qwen3-4b,medqa,D,D,True,True,False,10,10,1641.1,0.29785516917791094,0.18652265618256322,0.1170889986626803,0.05268274247646332,0.9709505944546686,0.9998766061518348,0.95,0.014892532364107614,0.008926227621789806,0.022183271880399057,0.022997885391820256
medqa_test_00715,qwen3-4b,medqa,B,B,True,True,False,10,10,1143.9,0.21285112310789994,0.12324365852779176,0.07357687013517764,0.051264308393001556,0.0,0.9399133443624088,0.95,0.023303922913302404,0.014178787407632227,0.03500389641961797,0.021905631202270907
medqa_test_00002,qwen3-4b,medqa,C,C,True,True,False,10,10,1111.2,0.09163802766200389,0.04031295065148309,0.018992778850664294,0.07236991822719574,0.0,0.9999910603199289,0.95,0.012764969472969661,0.0018921748030296041,0.014272712267843653,0.0033627648416402972
medqa_test_00395,qwen3-4b,medqa,C,C,True,True,False,10,10,811.4,0.07998198342771035,0.036655512944131205,0.01969525007240902,0.05463637411594391,0.0,0.9999999999994615,0.95,0.015478410576758033,0.0029997625661349865,0.018069112598876474,0.01304866995320333
medqa_test_00464,qwen3-4b,medqa,C,C,True,True,False,10,10,2163.3,0.2830002455715777,0.17443590471978027,0.10904798993747244,0.057255785912275314,0.8812908992306927,0.0,0.95,0.019584579736286165,0.008402290982971586,0.026911164145655538,0.005809380285967549
medqa_test_00331,qwen3-4b,medqa,B,D,False,True,False,10,10,2213.1,0.2691780082427847,0.16585218306161859,0.10379655433133259,0.06209654361009598,0.0,0.9999999994094697,0.95,0.01190725663542477,0.008965726791024973,0.02050830104873575,0.00911765372492226
medqa_test_00959,qwen3-4b,medqa,B,B,True,True,False,10,10,654.2,0.08903449808658362,0.04705462270867751,0.029022919084360378,0.04585150629281998,0.0,0.9998766053808288,0.95,0.021530790484228485,0.001033358616506739,0.021677418050210888,0.004696827719267471
medqa_test_00761,qwen3-4b,medqa,E,C,False,False,False,9,10,2721.6,0.34022311594544397,0.23128668814941405,0.16100189323023137,0.05748084932565689,0.0,0.9999999999622486,0.95,0.01973270070208287,0.011003618785022016,0.02920580197766039,0.008008481575593219
medqa_test_00454,qwen3-4b,medqa,E,B,False,True,False,10,10,1481.6,0.32500829924805164,0.21195973038266763,0.139098370536952,0.060605309903621674,1.3709505944546687,1.1253509824741543e-07,0.95,0.013966347369959895,0.005842401464270603,0.019273716438609076,0.014921971201187092
medqa_test_00107,qwen3-4b,medqa,A,,,False,True,5,6,3244.4,0.4134604609973699,0.28629410284656176,0.20115581054958165,0.06475265324115753,0.0,0.9999999999934397,0.47,0.0088632303988393,0.010228837408930849,0.018738809850718383,0.015403463737079227
medqa_test_00920,qwen3-4b,medqa,A,A,True,True,False,10,10,646.2,0.05254771381754775,0.02009680957709179,0.009118609054029059,0.05847525969147682,0.0,0.9999999999972653,0.95,0.011998605812515111,0.0008013982715816524,0.01249591505718165,0.005718474253530207
medqa_test_00528,qwen3-4b,medqa,D,D,True,True,False,10,10,1662.1,0.16852224652320286,0.0959960558519877,0.055426652694056854,0.08070529252290726,0.0,0.9999938558189573,0.95,0.016425749261657095,0.013495319789885824,0.028284829012899786,0.0112588320956781
medqa_test_01166,qwen3-4b,medqa,D,D,True,True,False,10,10,1191.9,0.14238326191285153,0.07417840675127615,0.043019530873756706,0.04769274219870567,0.0,1.0,0.95,0.014484010979392007,0.008662739726167929,0.022113836394576238,0.012844181282282255
medqa_test_00187,qwen3-4b,medqa,B,B,True,True,False,10,10,490.0,0.05444924369113274,0.02289399587760651,0.006938821121063676,0.02262597531080246,0.0,1.0,1.0,0.011404053651712839,0.006453339880036475,0.01734730932699773,0.015369839608822444
medqa_test_00823,qwen3-4b,medqa,D,D,True,True,False,10,10,1842.5,0.3592621870140344,0.24171976029052109,0.16146107755870842,0.045531049370765686,0.4689955935892812,0.9999898700607369,0.95,0.00883926317227767,0.011741886556239265,0.019649613660691994,0.02340991390774326
medqa_test_00997,qwen3-4b,medqa,E,E,True,True,False,10,10,906.0,0.10381416629551166,0.04624935720684505,0.02045029219462192,0.05991891771554947,0.0,0.9999869930647934,1.0,0.012868749383334733,0.0056092493570497216,0.017548130339687485,0.022734953945526604
medqa_test_00371,qwen3-4b,medqa,A,B,False,False,False,7,8,3088.8,0.3089618381301358,0.19730903971110827,0.12921849648395223,0.06178019195795059,1.4056390622295665,1.4449786204528577e-07,0.95,0.021986004357937523,0.015223013410216674,0.03429129678604196,0.004536226253267347
medqa_test_01142,qwen3-4b,medqa,A,B,False,True,False,10,10,1015.5,0.20649464116092764,0.12927319792396202,0.0808745807810958,0.0436113104224205,0.0,0.9999989322969967,0.95,0.01689813656744022,0.005532854131275402,0.02191740098779986,0.019726958942164814
medqa_test_00586,qwen3-4b,medqa,B,B,True,True,False,10,10,1505.8,0.1894227048246822,0.10596038919946138,0.06222658715552319,0.06590978056192398,0.0,0.0,1.0,0.017376574203634157,0.00931271447432104,0.025566775863925667,0.008135711384616618
medqa_test_00195,qwen3-4b,medqa,C,C,True,False,False,9,10,1812.2,0.3395216710820973,0.24689288512717092,0.18489214815013252,0.04776879400014877,0.0,0.9999999956365377,1.0,0.039164519849761145,0.01156995492333025,0.047034421214082474,0.014433248721074399
medqa_test_01155,qwen3-4b,medqa,E,E,True,True,False,10,10,1383.7,0.1781066809427423,0.10402904324423154,0.06875175058053215,0.10268876701593399,0.9219280948873623,0.0,1.0,0.028711049235743424,0.018313724732365828,0.04232546595476553,0.007107044218319
medqa_test_00536,qwen3-4b,medqa,E,E,True,True,False,10,10,1878.1,0.25439760972480235,0.15372883856630598,0.09491478135797828,0.06063578277826309,0.0,0.9999999677581336,0.95,0.01618318153804541,0.010718349451648086,0.02559759866084992,0.011792570349211814
medqa_test_00510,qwen3-4b,medqa,A,A,True,True,False,10,10,1207.6,0.1716905894932014,0.09115043513643165,0.05117825027762489,0.05406379699707031,0.0,0.9999999715466436,0.95,0.03205527860637951,0.003874610665735776,0.03519878377334261,0.015544113565086629
medqa_test_00976,qwen3-4b,medqa,E,E,True,True,False,10,10,2049.2,0.2663980190425242,0.15475204529059805,0.0913289681379553,0.06399302929639816,0.0,0.9999999928058669,0.95,0.01473402663461299,0.010896791280496273,0.02432933743809801,0.016057726089420757
medqa_test_01050,qwen3-4b,medqa,D,D,True,True,False,10,10,1007.2,0.114435301574483,0.05528448288256045,0.02849578964376782,0.04448477551341057,0.0,0.9999898700217972,1.0,0.031642675127699124,0.013327520106475057,0.039280367151418985,0.018237103253684914
medqa_test_00742,qwen3-4b,medqa,B,E,False,True,False,10,10,2479.2,0.366818241835321,0.25187971921946317,0.1786903024721532,0.05365753173828125,0.7219280948873623,1.0,0.9,0.03225813195208599,0.02754228888454862,0.05331336477026988,0.004864733036954499
medqa_test_01263,qwen3-4b,medqa,A,D,False,True,False,10,10,890.8,0.08844626308792143,0.041669742488348774,0.020586309376979427,0.061698585748672485,0.0,0.9999999827421766,0.95,0.02691113984192105,0.006892652668119706,0.03200912095754525,0.007729606297639692
medqa_test_00631,qwen3-4b,medqa,B,B,True,True,False,10,10,1503.6,0.19431177895134474,0.11763555837012458,0.07446355609155171,0.07743847370147705,0.8812908992306927,0.0,1.0,0.012898047771726382,0.009624036390370763,0.021158920177988844,0.0064254884297255815
medqa_test_01157,qwen3-4b,medqa,E,E,True,True,False,10,10,1137.2,0.1408050843348519,0.07407045561940598,0.03921294846329036,0.0881766825914383,0.0,0.9999999981810366,1.0,0.017888302299155008,0.007004378799967038,0.022967220502999368,0.013170445395713461
medqa_test_00473,qwen3-4b,medqa,D,D,True,True,False,10,10,568.1,0.03780545298404762,0.013702575129789984,0.005752032329621126,0.06376386433839798,0.0,0.9999999999377585,1.0,0.015594400058298218,0.0016234345034516165,0.0162406751248729,0.008027932616745777
medqa_test_00812,qwen3-4b,medqa,E,E,True,True,False,10,10,1229.5,0.1556059711877941,0.08188057495569165,0.04500656397214503,0.05937116593122482,0.0,0.9999339479813708,0.95,0.02432221611865817,0.006695233132669733,0.02833174800714807,0.007302243177784039
medqa_test_00299,qwen3-4b,medqa,B,B,True,True,False,10,10,1372.1,0.2643485570911285,0.1605280588549746,0.09953575808076805,0.0645139142870903,0.0,1.0,1.0,0.004025537825420137,0.011988864322427283,0.015447444641579156,0.0360995163967753
medqa_test_00717,qwen3-4b,medqa,B,B,True,True,False,10,10,1530.5,0.19964524862026345,0.11870787820217861,0.07594550999139288,0.06350015848875046,0.0,0.9999785550413585,0.95,0.01361585598275183,0.007726112596883923,0.021106507611662335,0.012082621515881346
medqa_test_00850,qwen3-4b,medqa,C,A,False,True,False,10,10,1672.1,0.28820917634753485,0.1822558618856361,0.11676810409838567,0.04654461145401001,0.9709505944546686,0.9999952149051121,0.95,0.029925611201701275,0.011338643901823193,0.03871105040437188,0.01639415916507988
medqa_test_00049,qwen3-4b,medqa,D,D,True,True,False,10,10,1702.7,0.28229946723578453,0.17660562444765332,0.11324718912592732,0.04971349984407425,0.4689955935892812,1.5229978534062754e-08,1.0,0.01583795108805467,0.012236136155869796,0.02605427919568956,0.01830017693361374
medqa_test_00793,qwen3-4b,medqa,B,B,True,False,False,9,10,2040.0,0.35726932011313817,0.2501716676407341,0.17577072125490753,0.10704848170280457,0.8812908992306927,4.8473679645818296e-11,0.95,0.019509385207792527,0.015695941670965503,0.033198548778497136,0.016090888605031127
medqa_test_00100,qwen3-4b,medqa,E,E,True,True,False,10,10,2340.1,0.4363132368993301,0.31460805518911805,0.2227105372729592,0.05987844616174698,0.0,2.940077738474274e-11,,0.00882771012613649,0.011438008288403783,0.019865931195493465,0.03260925282027183
medqa_test_00662,qwen3-4b,medqa,E,E,True,True,False,10,10,1142.8,0.19013409842796195,0.10942312855598764,0.06592288263763132,0.06499917060136795,0.0,0.9999999317439628,0.95,0.025544956944641047,0.009333302127874156,0.03185821621180541,0.007223444001054423
medqa_test_00665,qwen3-4b,medqa,C,,,False,True,0,3,4021.9,0.5906911132080457,0.46216044581981286,0.35883863488327344,0.047606416046619415,0.9182958340544896,1.0,,0.015110959056965767,0.017867770916745247,0.031808749477711964,0.008953740046708075
medqa_test_01254,qwen3-4b,medqa,B,B,True,True,False,10,10,976.0,0.11966917738403607,0.059297333521799375,0.03196314488054558,0.03643161058425903,0.0,0.9999986290434111,0.95,0.017654421374111346,0.004533637455462218,0.021062787225835673,0.006812663228715469
medqa_test_01150,qwen3-4b,medqa,A,C,False,True,False,10,10,1475.7,0.2175877557566955,0.12222029694394791,0.06905182557991497,0.0469665564596653,0.9709505944546686,0.9999999317439628,0.95,0.0323247119109675,0.01260190974592931,0.04259221851714661,0.012277960624828341
medqa_test_00044,qwen3-4b,medqa,B,A,False,True,False,10,10,2564.6,0.2798862905586408,0.1686842314478542,0.10461000889325885,0.07965506613254547,1.7219280948873623,0.9999999998837177,0.95,0.031922583207951105,0.013183352042469088,0.04278920936702104,0.005940212137564977
medqa_test_00289,qwen3-4b,medqa,D,D,True,False,False,9,10,1739.6,0.23856430537586046,0.14690739454070703,0.09115469830836008,0.08194700628519058,0.4689955935892812,0.9999999804443193,0.95,0.022697061899723963,0.010080836000035533,0.030035029886763827,0.010964497582738136
medqa_test_01201,qwen3-4b,medqa,D,D,True,False,False,9,10,2633.0,0.30763109784989895,0.1844654485293756,0.11066165275726021,0.042889270931482315,0.4689955935892812,0.9999999999972653,0.9,0.024824292001409724,0.010565231123889017,0.03310608852630726,0.007262177823838416
medqa_test_00861,qwen3-4b,medqa,C,E,False,True,False,10,10,1907.6,0.24992011679093146,0.14779271118571308,0.0882789882004567,0.08626151084899902,0.0,0.9999999966017321,0.95,0.019068347965852987,0.015657475992237883,0.03358747946499712,0.012242852874683807
medqa_test_00898,qwen3-4b,medqa,C,C,True,True,False,10,10,748.5,0.11724159178649858,0.06809626408742067,0.04111766245273063,0.06409187614917755,0.0,2.3659776091339326e-14,1.0,0.020078597511545254,0.0025236877491788033,0.02195384076315806,0.012401996384790009
medqa_test_00328,qwen3-4b,medqa,B,B,True,True,False,10,10,1417.7,0.19653502139671136,0.11009440099172611,0.06351943591621524,0.04338942468166351,0.0,4.363463388629549e-09,0.95,0.023131679765610022,0.008701201240264545,0.03053973840454094,0.014691293485698826
medqa_test_01071,qwen3-4b,medqa,A,A,True,True,False,10,10,963.2,0.07982373549026664,0.03163460956071572,0.014296328361324884,0.07440169900655746,0.0,1.0,0.95,0.013454139027043326,0.008336953647373881,0.020428422771793447,0.010252971877324652
medqa_test_01032,qwen3-4b,medqa,C,C,True,True,False,10,10,867.2,0.0701107735065171,0.033744982139582234,0.018652671998288482,0.07510789483785629,0.0,0.0017007225758829416,0.95,0.017935425388652032,0.005757594713638984,0.022672445857849312,0.00951496780001774
medqa_test_00892,qwen3-4b,medqa,E,E,True,True,False,10,10,929.3,0.1190820257135476,0.05496166423088259,0.02445218929827092,0.06137203797698021,0.0,0.9999986290422727,0.95,0.023061515090487626,0.011702666541194121,0.030690601931400684,0.015247100622903043
medqa_test_00623,qwen3-4b,medqa,A,A,True,True,False,10,10,466.4,0.04145512403167924,0.013113383897684794,0.004699899317223866,0.04424825310707092,0.0,0.9999999999989939,1.0,0.008417431648528536,0.003000154518798549,0.011190828797712573,0.017791760148884696
medqa_test_01173,qwen3-4b,medqa,A,A,True,True,False,10,10,651.2,0.07242524225594893,0.0284608269705278,0.013058458251711823,0.06079285964369774,0.0,0.9999996072136125,1.0,0.0076928360967083165,0.0045352764333411715,0.011952237339790736,0.012271718307519422
medqa_test_00246,qwen3-4b,medqa,A,E,False,False,False,8,10,2765.8,0.4491221492686737,0.3242966147414946,0.23495120065513656,0.08296013623476028,1.6854752972273346,1.0,0.95,0.020880333788568912,0.015659687147617483,0.03442841645077671,0.01279965516736406
medqa_test_00272,qwen3-4b,medqa,C,C,True,True,False,10,10,633.4,0.034286326397499435,0.011404830524668197,0.0060306503558889115,0.05731476843357086,0.0,0.9999251538011492,1.0,0.022375192144745,0.008388598506483954,0.024967241121522224,0.011651310062472562
medqa_test_00581,qwen3-4b,medqa,D,B,False,False,True,4,7,3559.8,0.4749117027943264,0.3560637349065954,0.2675625133608918,0.03427358344197273,1.5566567074628228,0.6791787064096351,0.75,0.022610056888725687,0.020387968398317552,0.037604486349289055,0.008941507448075266
medqa_test_00489,qwen3-4b,medqa,D,D,True,True,False,10,10,667.1,0.08037688667960942,0.04140120284922011,0.021449683511313156,0.05726541951298714,0.0,0.9999945777819558,1.0,0.005643952128350661,0.0008211971555129195,0.006194473142921525,0.011335491541074952
medqa_test_01185,qwen3-4b,medqa,C,C,True,True,False,10,10,924.3,0.10587095362141907,0.05705398199199515,0.032259023476642126,0.06406288594007492,0.0,0.9999999936512033,1.0,0.012654250890396115,0.009944903610603606,0.020528451593726727,0.011612572647091217
medqa_test_01138,qwen3-4b,medqa,E,E,True,False,False,6,6,3280.8,0.393142331396063,0.2780192301185789,0.20022293567817329,0.05234300345182419,1.0,0.9999989322970029,1.0,0.020530628575907144,0.018767370896624534,0.034552831397188705,0.012832860327462439
medqa_test_00214,qwen3-4b,medqa,B,A,False,False,True,2,7,3938.2,0.4054118314225268,0.27389746702036805,0.1858666098002572,0.041363831609487534,1.8423709931771088,1.0,0.5,0.024238809776660618,0.01742939807596265,0.03890710574526173,0.01490243083704575
medqa_test_00848,qwen3-4b,medqa,C,C,True,True,False,10,10,772.5,0.067503480378552,0.03105690851104854,0.016238345648537912,0.06753551959991455,0.0,1.0,1.0,0.020622330192715595,0.0037954294099540654,0.02286369305519574,0.0047773115237587085
medqa_test_00455,qwen3-4b,medqa,D,D,True,False,False,9,9,1575.0,0.3546051218811061,0.23291626991534828,0.15678083200650475,0.07630794495344162,0.0,1.0,0.95,0.009974666689915097,0.012723858979141061,0.021725798806056164,0.01862185925630537
medqa_test_00835,qwen3-4b,medqa,C,C,True,True,False,10,10,1039.7,0.13635774766653955,0.06770573357255688,0.03465264264885415,0.05483818054199219,0.0,0.0,1.0,0.00958495674659278,0.007642271712859664,0.016219502380772837,0.01196197991836413
medqa_test_00078,qwen3-4b,medqa,D,C,False,False,False,9,10,2730.9,0.3189237045391864,0.20589727507290384,0.13309729719430102,0.07442656904459,1.3567796494470397,1.0,1.0,0.019636868016139203,0.01475023157384479,0.03146058722300935,0.007926902113429488
medqa_test_00860,qwen3-4b,medqa,D,D,True,True,False,10,10,2394.4,0.23992547517726837,0.1367604293261713,0.08018566299678495,0.04927973076701164,0.4689955935892812,1.0,0.95,0.02781449284520961,0.011539119546497917,0.03742780712003524,0.00733841438581596
medqa_test_00022,qwen3-4b,medqa,D,,,False,True,9,9,2346.1,0.3015618685786269,0.1963526094131094,0.13324693843107885,0.06359025835990906,0.5032583347756457,0.9999996072136592,0.95,0.015148664189274403,0.010818407931083632,0.024795424410729794,0.011149006410928274
medqa_test_00603,qwen3-4b,medqa,B,B,True,True,False,10,10,1110.0,0.12684240158616916,0.061137359640613044,0.029242958084916126,0.04777172952890396,0.0,7.338028642216822e-07,0.95,0.022404836395517335,0.010851313741711326,0.030537225743237577,0.006576718156006048
medqa_test_00356,qwen3-4b,medqa,A,A,True,True,False,10,10,1186.2,0.15765407437763984,0.08961003910386475,0.05230351478638127,0.060116227716207504,0.0,0.9999999999622486,0.95,0.01800464674005982,0.009361978341524673,0.026366596877769065,0.012624868638588384
medqa_test_01236,qwen3-4b,medqa,C,,,False,True,2,2,3838.9,0.34655888938469304,0.22370207819174004,0.14258170230419273,0.058895550668239594,0.0,0.9999999715466664,,0.014836836277795449,0.01784156529415514,0.031325181622128905,0.010870913643892578
medqa_test_00185,qwen3-4b,medqa,D,A,False,True,False,10,10,1230.6,0.24386642190497806,0.14064421443532787,0.0840718645771936,0.034105442464351654,0.0,0.9999724643187465,0.95,0.031648772121876244,0.00600817503603015,0.03571790453217387,0.015585287606031981
medqa_test_01193,qwen3-4b,medqa,D,A,False,True,False,10,10,1263.5,0.1678122839193795,0.08744635134470692,0.04456228861493268,0.05090169236063957,0.0,0.007577240819644226,1.0,0.017566408903209155,0.009325572623351283,0.025319572690551555,0.019026142136727375
medqa_test_00711,qwen3-4b,medqa,C,C,True,True,False,10,10,759.0,0.11757929351715508,0.0671032108983036,0.041888992285541236,0.045061346143484116,0.0,0.9999999928058669,0.95,0.012640003179462424,0.0016169549824123057,0.014116311185784717,0.011636238059581054
medqa_test_00263,qwen3-4b,medqa,C,C,True,True,False,10,10,1795.6,0.2739105184236649,0.163007639528935,0.09677835112755813,0.0259415153414011,0.9709505944546686,0.9999967112509354,0.95,0.019241503036814937,0.010952083878549485,0.028962557875176365,0.014640753778318277
medqa_test_00667,qwen3-4b,medqa,A,A,True,True,False,10,10,576.1,0.0602171191815842,0.027122123928475506,0.012069746601688015,0.05556362494826317,0.0,4.508755242258663e-12,1.0,0.009792045669384889,0.0043268154988267225,0.013757816254094071,0.010179057071573749
medqa_test_01187,qwen3-4b,medqa,B,B,True,True,False,10,10,1281.8,0.14653471801216336,0.08041239149428363,0.043785017954238614,0.06831280887126923,0.0,0.0,0.95,0.019213503753382426,0.012318244108116187,0.02972043289888914,0.008163410070533289
medqa_test_00463,qwen3-4b,medqa,B,B,True,False,False,9,9,2633.1,0.29721752580260563,0.1950152103464099,0.12708645158562487,0.04630734771490097,0.7642045065086203,0.9999999985833917,0.95,0.028607674623084705,0.01424015960417172,0.038289473995309777,0.008175428099571124
medqa_test_00639,qwen3-4b,medqa,A,D,False,False,False,0,3,4060.8,0.43030262297339233,0.31760786682295417,0.23827899382599554,0.08349014818668365,1.584962500721156,,0.95,0.014427900584522882,0.016538958237859207,0.0287745582239931,0.010095977916047806
medqa_test_01238,qwen3-4b,medqa,D,D,True,False,False,9,10,2701.6,0.3576796604799407,0.23634558720857868,0.1566949725406357,0.0541994534432888,0.4689955935892812,0.9940889299504789,0.3,0.030971995830604743,0.015708947399629143,0.042917966362741956,0.014092302271767925
medqa_test_00231,qwen3-4b,medqa,A,A,True,True,False,10,10,1384.7,0.21449885629745352,0.12835033767827114,0.07827266205915351,0.06615520268678665,0.0,0.9999999950555508,0.95,0.020265014881410703,0.008815060283963021,0.027948751008018552,0.010126093648912864
medqa_test_00177,qwen3-4b,medqa,D,B,False,True,False,10,10,1353.4,0.1318911856366854,0.07304190268324809,0.0425489909927008,0.08786450326442719,0.4689955935892812,1.0,0.95,0.013908877426252918,0.00500191918602048,0.01809486108709899,0.008599256413799997
medqa_test_00296,qwen3-4b,medqa,A,A,True,True,False,10,10,742.5,0.0896856225807555,0.04204185942940771,0.021515274358964033,0.058859068900346756,0.0,7.338206524821806e-07,0.95,0.027364625858785414,0.00668682275460499,0.03180368959924042,0.019145655195363154
medqa_test_00482,qwen3-4b,medqa,C,C,True,True,False,10,10,758.8,0.09588975691951804,0.04190700252324343,0.020622754652868336,0.03449166193604469,0.0,0.9999967112706512,0.95,0.016591753668193435,0.01100612526315785,0.02699040236588628,0.020118164855357928
medqa_test_01255,qwen3-4b,medqa,B,,,False,True,7,8,2951.8,0.5306447065742056,0.4123152799136817,0.3215597033591278,0.07571572065353394,1.061278124459133,0.9998204728742234,1.0,0.009712996750754809,0.012173469261518969,0.021045101817131113,0.015946739399448552
medqa_test_00857,qwen3-4b,medqa,D,D,True,True,False,10,10,544.7,0.04663011095999956,0.02133663551162488,0.009521402900591747,0.04907625913619995,0.0,0.9999417090149889,1.0,0.01933422326190039,0.008935179012168417,0.026728884025612954,0.013375582117114667
medqa_test_01251,qwen3-4b,medqa,A,A,True,True,False,10,10,718.1,0.08544776462003276,0.03549303451555334,0.014567213615729258,0.06633447855710983,0.0,0.0,0.95,0.014267714443503032,0.007369594466754209,0.02138751707012402,0.007066644797607516
medqa_test_00021,qwen3-4b,medqa,A,A,True,True,False,10,10,1460.6,0.20077197322090617,0.11026781598043645,0.06389916782570436,0.06117282435297966,0.0,0.9999921107392947,0.95,0.022605608213681454,0.01496851213009932,0.03409386362514436,0.00718125358845194
medqa_test_00056,qwen3-4b,medqa,C,C,True,True,False,10,10,1815.1,0.25386908030647704,0.15403918142166143,0.09243527521627112,0.055295318365097046,0.0,0.9999999847700205,0.95,0.035966190716549065,0.024194988175063884,0.05397396883988035,0.011877188279391515
medqa_test_00485,qwen3-4b,medqa,E,B,False,True,False,10,10,788.1,0.07610079077971746,0.036319980755711835,0.017783211840295687,0.049117311835289,0.0,0.0059110692064883365,1.0,0.012015782079540651,0.00736875917222266,0.01908446606809092,0.012561002705366206
medqa_test_00887,qwen3-4b,medqa,A,B,False,True,False,10,10,1911.0,0.3107918202409466,0.20323977061612414,0.13745838277153152,0.04904427006840706,0.0,0.9999996072136593,0.95,0.022702636626572716,0.009741821121386081,0.029821803599566783,0.011435689459337357
medqa_test_00090,qwen3-4b,medqa,E,E,True,True,False,10,10,1052.2,0.10827859870405851,0.05543224803681039,0.030969631515049445,0.06771772354841232,0.0,0.9999996940976636,0.95,0.013608921699900045,0.0073108005834744885,0.020190287372341558,0.011228411680606589
medqa_test_00886,qwen3-4b,medqa,A,E,False,False,True,10,10,2121.9,0.2969732776983762,0.1854289868831726,0.11666575792764093,0.05151263251900673,0.9709505944546686,0.9999999999771026,0.22,0.03157074335405043,0.008315296986960471,0.038050970527493344,0.02190236119746448
medqa_test_01026,qwen3-4b,medqa,A,B,False,True,False,10,10,1043.7,0.20285065629656854,0.1248923723748772,0.07723446451908714,0.04728178307414055,0.0,7.43368146502165e-12,0.95,0.0307053661975636,0.013655384796165501,0.041060254630733733,0.013616934711622569
medqa_test_00529,qwen3-4b,medqa,C,A,False,False,False,7,9,2833.8,0.3895321046953952,0.26771384940111076,0.18412645011389533,0.07627647370100021,0.7642045065086203,0.9999999950555478,0.95,0.01730030718441283,0.01308935549240553,0.029143117594223576,0.012085069889581763
medqa_test_00055,qwen3-4b,medqa,B,B,True,True,False,10,10,499.5,0.03452371886832576,0.010148586571454944,0.0037622714937219025,0.05437251180410385,0.0,1.0,0.95,0.021113660337017844,0.0020266016506583387,0.022335328793140288,0.012645997737519492
medqa_test_00658,qwen3-4b,medqa,D,D,True,True,False,10,10,891.4,0.1909592809583836,0.11823353018881519,0.07835087243087656,0.06996171921491623,0.0,0.999999974890009,1.0,0.0060460452870474525,0.00748008462590617,0.013101294421029488,0.014670219896840017
medqa_test_00706,qwen3-4b,medqa,C,E,False,True,False,10,10,1988.2,0.30643790699004103,0.19618640848450322,0.12756020957681372,0.06235392764210701,0.0,0.0,0.9,0.0349388983097121,0.017128600872749634,0.0488581095564242,0.007312737290879683
medqa_test_00545,qwen3-4b,medqa,D,D,True,True,False,10,10,657.5,0.06879278290559677,0.02814257288615609,0.013398281564352266,0.03848584368824959,0.0,0.9999999999964886,0.95,0.014765238338872643,0.0004411764705882353,0.015059355985931467,0.00950783288724498
medqa_test_00238,qwen3-4b,medqa,B,B,True,False,False,1,5,3854.9,0.45628800355052396,0.32344339756881624,0.22875727506300514,0.04424133151769638,0.7219280948873623,0.5000000004013065,0.95,0.018755484912197945,0.011613486533259144,0.02868030799382131,0.01874296426551498
medqa_test_00878,qwen3-4b,medqa,D,D,True,True,False,10,10,767.8,0.1601405704650228,0.08513398266764484,0.04880502702241886,0.042032256722450256,0.0,0.9999998144609075,1.0,0.02683378878474338,0.006990173922005521,0.03329521532892891,0.01487713472016432
medqa_test_00192,qwen3-4b,medqa,E,E,True,True,False,10,10,561.0,0.07079057489033873,0.03450283598833827,0.018568493934406138,0.039179522544145584,0.0,0.0,1.0,0.011866099105799183,0.002158084304600251,0.013133425383785851,0.015865140045915965
medqa_test_00738,qwen3-4b,medqa,A,A,True,True,False,10,10,402.6,0.05677493331035831,0.018531907438525164,0.007381811736887578,0.04228782281279564,0.0,0.9999999999999656,1.0,0.009306989554425795,0.011597267284212967,0.020904256838638766,0.023233885150635663
medqa_test_01250,qwen3-4b,medqa,B,B,True,False,False,7,10,3100.4,0.39077071804369484,0.26855380381973926,0.18785653154702692,0.040442317724227905,0.9219280948873623,0.9999999995400944,0.95,0.018384232830826346,0.017126005053258207,0.03384222739398429,0.021240631280710007
medqa_test_01233,qwen3-4b,medqa,B,D,False,False,False,5,8,3782.3,0.3562215368292894,0.23537129983250998,0.15775313959276552,0.07181432098150253,1.2987949406953985,0.9999810748569005,0.85,0.02679750019007569,0.016103136576900705,0.04045990650465252,0.0030766347573692584
medqa_test_00531,qwen3-4b,medqa,D,C,False,True,False,10,10,1290.1,0.130062914704778,0.061540933332502414,0.030861383162767896,0.057903267443180084,0.0,1.0,1.0,0.01386518788605134,0.007202847636504736,0.020134230391176348,0.01847956539633927
medqa_test_00568,qwen3-4b,medqa,A,A,True,True,False,10,10,745.4,0.06379459510943965,0.023195791028477197,0.009148239079314936,0.06804628670215607,0.0,0.9999996940977731,1.0,0.00837565515154309,0.0023636676888631166,0.010449257575721651,0.006798014850714408
medqa_test_00286,qwen3-4b,medqa,D,D,True,True,False,10,10,518.8,0.067634982210414,0.030547641768512324,0.015466232830550508,0.04262789711356163,0.0,0.9999999981810392,1.0,0.02292445722017598,0.0014141692570263365,0.023945322956963812,0.02186064649235616
medqa_test_00757,qwen3-4b,medqa,E,A,False,False,False,9,9,2468.2,0.27608075931644704,0.16941654796274722,0.10637331614088189,0.08778823912143707,0.7642045065086203,0.00043055700436816455,0.95,0.025908825862909164,0.01332544240522491,0.037288393156883634,0.0049462496398702755
medqa_test_00785,qwen3-4b,medqa,D,C,False,True,False,10,10,1486.1,0.2719385763577037,0.17549197917562853,0.11911913808273136,0.0650695189833641,0.0,0.0,0.95,0.014084147234348874,0.00935890810041573,0.02206762499706933,0.011453204609843224
medqa_test_00067,qwen3-4b,medqa,C,C,True,True,False,10,10,781.3,0.1314569905951295,0.06744278048750181,0.03561271037179472,0.07541488111019135,0.0,0.9999999996839122,1.0,0.02070148141930138,0.007858105237831557,0.02827618766969734,0.018558840976728837
medqa_test_01108,qwen3-4b,medqa,D,D,True,False,False,9,10,2477.2,0.3670554324878192,0.2545426700026442,0.17961505056077778,0.04760793223977089,0.4689955935892812,1.0,0.95,0.03253431605362437,0.01205791118993996,0.041977349704872394,0.012558956883148231
medqa_test_00571,qwen3-4b,medqa,C,C,True,True,False,10,10,1744.8,0.20130942624099718,0.11352048239240886,0.0673533869543318,0.04724975302815437,0.7219280948873623,0.0,0.95,0.028775845108462945,0.007332040100035873,0.03427588821622378,0.005622257684616813
medqa_test_00212,qwen3-4b,medqa,E,A,False,True,False,10,10,802.1,0.1598859661466815,0.0845058164457443,0.04844574259403861,0.05088445171713829,0.0,1.0,1.0,0.012291035034376802,0.0037112496203931455,0.01577914651143927,0.015639609537120455
medqa_test_00220,qwen3-4b,medqa,D,D,True,True,False,10,10,1005.2,0.16711644212608828,0.09536992978427171,0.0588267016236564,0.05575777590274811,0.0,0.9933074926514432,0.95,0.01211789502025341,0.009869213845678024,0.021321426550757815,0.018715122740047697
medqa_test_01132,qwen3-4b,medqa,E,C,False,True,False,10,10,2049.0,0.309756679942207,0.20754626392147876,0.14093391151273194,0.08230314403772354,0.4689955935892812,0.9999997617630333,0.95,0.02133288192129925,0.010346310843556153,0.02998192364405794,0.00932126902900942
medqa_test_01020,qwen3-4b,medqa,D,B,False,False,False,7,7,3021.1,0.40805634039641053,0.2882072758047928,0.20351043484558123,0.05565021187067032,0.0,6.22414981343499e-11,0.85,0.025433305088016073,0.01970766134955259,0.041592606339769626,0.01384952926683366
medqa_test_00492,qwen3-4b,medqa,C,C,True,True,False,10,10,954.4,0.13664081543292386,0.08488910651333617,0.057907574870893805,0.053562555462121964,0.0,1.0,0.95,0.012760431158286381,0.007163781228371584,0.018539933458671984,0.010068435299654836
medqa_test_00988,qwen3-4b,medqa,B,E,False,False,True,2,7,3878.5,0.5582600817451696,0.42749422782295,0.32239522885701943,0.03141633793711662,0.863120568566631,1.0,0.01,0.00948190080817628,0.010770057676394384,0.019260674240901936,0.026555608185340845
medqa_test_00420,qwen3-4b,medqa,B,B,True,True,False,10,10,1361.0,0.22351054274172982,0.13658488417387543,0.08642503235223267,0.06172453612089157,1.1567796494470395,0.6791787121620145,0.95,0.0318469650797656,0.022372402226425864,0.047831480965985655,0.010774943557175664
medqa_test_00978,qwen3-4b,medqa,C,C,True,True,False,10,10,642.7,0.07051542781908877,0.02864078040307716,0.012978559268282796,0.060136955231428146,0.0,0.9998415637098013,1.0,0.007120726873561807,0.004160889214980397,0.01088959576147532,0.017815947268196314
medqa_test_00699,qwen3-4b,medqa,A,A,True,True,False,10,10,1298.8,0.12994023146719086,0.06264904822941655,0.031569729830570534,0.06386717408895493,0.0,1.0,0.95,0.012947010630179464,0.005749423065289147,0.018258546671959874,0.009964383253800035
medqa_test_00730,qwen3-4b,medqa,D,D,True,True,False,10,10,2417.2,0.33543744979872786,0.20961045874720793,0.12726947208525174,0.04303935542702675,0.4689955935892812,0.0,0.75,0.02630760712196433,0.016612446393920503,0.03983196327600097,0.018306255600268072
medqa_test_00969,qwen3-4b,medqa,C,C,True,True,False,10,10,853.2,0.07876837027310804,0.03309863947410151,0.01593042095157752,0.06904120743274689,0.0,1.0,0.95,0.020664863760249626,0.006843974205338274,0.025219070473512118,0.01163207203665222
medqa_test_00719,qwen3-4b,medqa,A,,,False,True,3,5,3735.7,0.4428436424360779,0.3221484264455974,0.23725991161479904,0.0534922294318676,1.3709505944546687,0.0,,0.034164843252705315,0.020695545367116108,0.050785592276920886,0.008171606185945823
medqa_test_00032,qwen3-4b,medqa,E,C,False,True,False,10,10,1935.1,0.24430285297609539,0.1475730039896405,0.09171954194921875,0.07173047959804535,0.0,0.999995214903794,0.95,0.02155760003148437,0.010277617960562854,0.03073513133656373,0.0073075936784246995
medqa_test_00876,qwen3-4b,medqa,D,D,True,True,False,10,10,1203.1,0.15039296091083781,0.07791757226981386,0.042731297848142946,0.04419577866792679,0.0,0.9999999928058684,0.95,0.017382891685730647,0.010046402480231535,0.026141329786712027,0.013571690666155217
medqa_test_00126,qwen3-4b,medqa,A,A,True,True,False,10,10,2185.1,0.28467073260249964,0.1693622035888011,0.1008649457746313,0.07315743714570999,0.0,0.9999999998506905,0.95,0.016607552327996395,0.0072914757397775035,0.023118806008860786,0.01161774314216217
medqa_test_00179,qwen3-4b,medqa,D,D,True,True,False,10,10,967.9,0.1257941550982384,0.06410969990348679,0.035137688010472,0.06878574937582016,0.0,1.0,0.95,0.021844027813816815,0.004405555244532148,0.0258129271946543,0.014429012349875144
medqa_test_00367,qwen3-4b,medqa,D,A,False,True,False,10,10,1662.5,0.3011500723975832,0.19219091146270803,0.12473008800864635,0.05290791019797325,0.0,0.9999993524050141,0.95,0.014503876551756546,0.0119322121346795,0.02540492225902642,0.02840782449953557
medqa_test_00480,qwen3-4b,medqa,B,A,False,False,False,6,7,3232.7,0.3440570750603174,0.2211177895163475,0.14182401577936093,0.0726204439997673,1.3787834934861753,0.9999852610309236,0.7,0.027173859974153093,0.016632544753647945,0.040044715144484815,0.018379099780252515
medqa_test_00121,qwen3-4b,medqa,B,B,True,True,False,10,10,405.5,0.028155603887200287,0.00605752862166532,0.001598586079952302,0.05457288399338722,0.0,0.9984988180062319,1.0,0.018768798266245345,0.005308593674922061,0.023050554719604953,0.007898173816974144
medqa_test_00081,qwen3-4b,medqa,B,D,False,False,False,9,9,3105.2,0.4050418550346988,0.28143231403161795,0.1975704117439076,0.062250617891550064,0.9864267287308424,1.0,0.85,0.031243189179307344,0.028043155063232045,0.053083348022899324,0.006678864014627102
medqa_test_00011,qwen3-4b,medqa,D,D,True,True,False,10,10,1063.6,0.08810528648248495,0.04211808497955851,0.02148383262240695,0.07294246554374695,0.0,1.0,0.95,0.013447263334407938,0.007202180352241667,0.020053128567325718,0.007024842678597291
medqa_test_00829,qwen3-4b,medqa,E,D,False,True,False,10,10,1737.7,0.1457891145140669,0.07937808641657143,0.044918395711899164,0.05851178616285324,0.0,0.9999999804443193,0.95,0.02492588125372702,0.005375757566678112,0.029453956131380514,0.013217906280412339
medqa_test_01171,qwen3-4b,medqa,D,D,True,False,True,4,5,3692.2,0.30561791669900534,0.19275188281421896,0.1258783021687672,0.08343926817178726,0.9709505944546686,1.3887943857533562e-11,0.95,0.017037220270996627,0.014612354791115213,0.029883026113739136,0.009625995371547747
medqa_test_01068,qwen3-4b,medqa,B,B,True,True,False,10,10,1392.4,0.22199285091717041,0.1266989137635793,0.07601447973294534,0.04498179629445076,0.0,0.9995694429221863,0.9,0.019133303746645715,0.01552155381566948,0.03230237868661153,0.025442605067036377
medqa_test_01203,qwen3-4b,medqa,C,C,True,True,False,10,10,1913.8,0.306296998232768,0.2042594187677805,0.13552249585184906,0.0389983169734478,0.0,1.1253510440984891e-07,0.95,0.02128334342522948,0.01101933281957038,0.030627762645604822,0.019141309254347885
medqa_test_00820,qwen3-4b,medqa,C,C,True,True,False,10,10,786.5,0.06132827113602089,0.02366986139122339,0.008593247203673559,0.032263658940792084,0.0,0.0,0.95,0.012048868880073024,0.0033607975605326698,0.01465506340126076,0.0079517057748137
medqa_test_01180,qwen3-4b,medqa,A,A,True,True,False,10,10,1355.4,0.18006495838101166,0.10061029433199487,0.057843618957684764,0.03308485820889473,0.0,0.9999999999985363,1.0,0.027607374005361295,0.017829551435025553,0.042040256254338694,0.01501015041847296
medqa_test_00901,qwen3-4b,medqa,E,E,True,True,False,10,10,2114.2,0.2952843150830583,0.1939805935296953,0.1287712916672667,0.07433362305164337,0.0,0.9998601779192492,0.95,0.02000617071802936,0.008637106460113094,0.027671568767606503,0.013632484515525747
medqa_test_01100,qwen3-4b,medqa,B,A,False,False,False,5,9,3296.3,0.3362329842912842,0.2179125605742839,0.1425530878642495,0.051434192806482315,1.6577427265048887,1.1861119684349584e-08,0.95,0.023922282427810686,0.01805000705554967,0.037451272785600946,0.011764986441483955
medqa_test_01163,qwen3-4b,medqa,C,A,False,True,False,10,10,1500.2,0.26257076676342866,0.16574491117594584,0.10824664943969498,0.05660274252295494,0.4689955935892812,0.9999999998973812,0.95,0.023510618185884857,0.012830444664343734,0.03413319204395166,0.009605778763611569
medqa_test_00426,qwen3-4b,medqa,C,C,True,True,False,10,10,1754.2,0.2242070137242897,0.12855125110168839,0.0761037955304523,0.06859113276004791,0.4689955935892812,0.9999999943972036,0.95,0.02540408840034635,0.02160980943555828,0.044260312142379216,0.004655382935679136
medqa_test_01044,qwen3-4b,medqa,B,B,True,True,False,10,10,495.1,0.05443281695926192,0.02107961998495026,0.00723399873577103,0.06892091780900955,0.0,0.9999921108724662,0.95,0.012724743309653378,0.008746954858704737,0.019859284824499453,0.016122416207252667
medqa_test_01212,qwen3-4b,medqa,B,B,True,True,False,10,10,1176.8,0.14124468831655806,0.07372701075829037,0.0417561503185209,0.06241830810904503,0.0,0.9999999999960211,0.95,0.032005826630797596,0.017488893503494064,0.04620520366123364,0.02155139118597383
medqa_test_00888,qwen3-4b,medqa,A,E,False,False,True,9,9,3231.2,0.4551436929116795,0.3329899214011313,0.23963435931960247,0.03952701389789581,0.0,0.9999999865595907,0.6,0.010798351338371193,0.01250490123630176,0.021644768078804333,0.022205966540050998
medqa_test_00813,qwen3-4b,medqa,C,D,False,False,True,9,9,3113.0,0.3995410911536462,0.27409179687474544,0.18718999948323173,0.03747233748435974,0.7642045065086203,1.0,0.7,0.02083128803379031,0.017354385551874203,0.03609417798484708,0.009896891246644602
medqa_test_01107,qwen3-4b,medqa,A,,,False,True,0,8,4007.1,0.4153972124275066,0.28611229951283823,0.1999606863542025,0.0334760807454586,1.5,1.0,0.76,0.038950531622996956,0.023667323759797847,0.0577852721381361,0.0229264032073042
medqa_test_00875,qwen3-4b,medqa,E,E,True,True,False,10,10,971.5,0.09939373898272388,0.04779481072196936,0.02594916153598088,0.06667550653219223,0.0,0.9999999999978701,0.95,0.020723727039919166,0.012187552316534251,0.03015314170506836,0.012903556204764735
medqa_test_00659,qwen3-4b,medqa,D,C,False,False,False,9,10,2411.1,0.3477848643426865,0.23816845753118193,0.16400551944445058,0.06428635120391846,0.4689955935892812,0.9999930377437596,0.95,0.023140113590001905,0.011400955953673794,0.03161916986373596,0.012162443876819168
medqa_test_00125,qwen3-4b,medqa,A,A,True,True,False,10,10,1387.3,0.2575281288258838,0.15286526524064242,0.08980658791783128,0.06627964228391647,0.0,1.0,0.8,0.019659811677628848,0.011103442097094005,0.03028280361801216,0.02235387153773122
medqa_test_00269,qwen3-4b,medqa,D,D,True,True,False,10,10,954.1,0.10383224120174413,0.04598383850174563,0.021870658727172986,0.059186480939388275,0.0,0.9999998555020065,0.95,0.015650978207212844,0.010200348539062064,0.0244948694149038,0.009087856042545297
medqa_test_00148,qwen3-4b,medqa,B,B,True,True,False,10,10,532.4,0.03796468982637354,0.016332668311250187,0.009547494313309923,0.05909327417612076,0.0,0.9999898700126424,0.95,0.018916568995209597,0.0011383383437209645,0.020054907338930568,0.008527593238356047
medqa_test_00462,qwen3-4b,medqa,B,B,True,True,False,10,10,1256.7,0.1201129342797584,0.059358034523039574,0.03239417084011274,0.04363903030753136,0.0,1.917172172688887e-10,0.95,0.01948831696457872,0.0057455100497207975,0.02430073899892145,0.01012215697505726
medqa_test_00960,qwen3-4b,medqa,D,B,False,True,False,10,10,1901.2,0.20248834331312363,0.11877242058493598,0.07223080079335285,0.08661933243274689,0.0,4.0063687453434584e-05,0.95,0.023286995131588537,0.011998262652222855,0.03370106718944315,0.009512287374752747
medqa_test_00314,qwen3-4b,medqa,A,A,True,True,False,10,10,2021.8,0.27587310654068875,0.17517016590963647,0.10961190751702521,0.04830565303564072,0.7219280948873623,1.0,0.5,0.03146571891943097,0.02175421185039025,0.04735923789575909,0.012027737361797242
medqa_test_00300,qwen3-4b,medqa,D,E,False,False,False,8,9,2422.3,0.4036469815336208,0.2834261200287832,0.20431648027616625,0.0657423585653305,2.058813890331201,0.99999998813888,0.95,0.016693760842800387,0.010854536829575077,0.026327575869928326,0.011993522523987924
medqa_test_00241,qwen3-4b,medqa,B,D,False,False,False,6,7,3299.2,0.44454949992879145,0.31135629255375685,0.21820848736494808,0.052961625158786774,0.863120568566631,0.9999967112528573,0.95,0.020362537425911383,0.010527243903524214,0.029055248414468344,0.007924051144346307
medqa_test_01031,qwen3-4b,medqa,E,E,True,False,False,9,10,1530.9,0.24784776548694243,0.15294628606224775,0.09865526032030447,0.05181536823511124,0.9219280948873623,1.0,0.95,0.015142103302880978,0.014151335983513601,0.028450781455531555,0.01244418537291878
medqa_test_00087,qwen3-4b,medqa,D,D,True,True,False,10,10,1758.2,0.24555174730382495,0.15230740849435942,0.09668607089938203,0.05531245842576027,0.0,0.9999990577555188,0.95,0.011815185096862548,0.004473446141744687,0.015977054514880046,0.018701811444152762
medqa_test_00726,qwen3-4b,medqa,E,E,True,True,False,10,10,1137.0,0.13260877783321784,0.06771180500779421,0.03757255131575223,0.06445249170064926,0.0,0.9999999961492599,1.0,0.01898871270206911,0.017706364755774057,0.03441144208444795,0.017223700034540594
medqa_test_00771,qwen3-4b,medqa,C,,,False,True,5,9,3317.7,0.42610233316544416,0.3107741561422804,0.22727882196730498,0.07739284634590149,0.9182958340544896,,,0.02281611135174267,0.017320287449847666,0.0369871135654111,0.006198854706694757
medqa_test_00017,qwen3-4b,medqa,E,E,True,True,False,10,10,610.1,0.0861683454114418,0.03886116170812106,0.018441413371372617,0.041117891669273376,0.0,0.9999999999997118,1.0,0.010761069024146159,0.0024283571123917243,0.013027875248007997,0.017602927687418238
medqa_test_00034,qwen3-4b,medqa,B,E,False,True,False,10,10,1819.4,0.24641123737379828,0.14840617374812765,0.09374908355824502,0.05103005841374397,0.0,1.0,0.95,0.019686211734507752,0.010135642008286178,0.0287851295127302,0.018333116569250907
medqa_test_01041,qwen3-4b,medqa,D,D,True,True,False,10,10,1711.5,0.2012852248824626,0.11392414916139626,0.06584218911069042,0.09437764436006546,1.295461844238322,1.6701429809456426e-05,0.95,0.0199709829135481,0.016121493567892508,0.0331308606866455,0.007459762608766234
medqa_test_01006,qwen3-4b,medqa,C,C,True,True,False,10,10,1095.4,0.11765747502980783,0.057336390233853875,0.029450746585784116,0.048984166234731674,0.0,0.9999999999429681,1.0,0.018590891078746917,0.013385487660901824,0.029470887559062093,0.013204599188594165
medqa_test_00153,qwen3-4b,medqa,A,A,True,True,False,10,10,634.6,0.13516827900991285,0.07323249924038755,0.04474409763948918,0.030804770067334175,0.0,1.0,1.0,0.013900181966217052,0.0027447645591355224,0.01606398269459742,0.0091210109978814
medqa_test_00298,qwen3-4b,medqa,E,E,True,True,False,10,10,1344.0,0.20502651493662669,0.12383437868842999,0.08068007774366383,0.09350688010454178,0.0,0.0,0.95,0.020393297557346583,0.011085850056211008,0.029807027960204624,0.007673432522790538
medqa_test_00428,qwen3-4b,medqa,A,A,True,False,False,9,9,2802.6,0.35477582146549935,0.23653457602829442,0.1615779409541171,0.07787245512008667,1.3516441151533922,4.7850929663296595e-06,0.95,0.02671600843814075,0.012166482089861912,0.03702556753158787,0.012363344527165716
medqa_test_00893,qwen3-4b,medqa,B,B,True,True,False,10,10,791.3,0.07877903927945545,0.0349561068580043,0.017520056029208975,0.05554124340415001,0.0,5.789353567059048e-12,0.95,0.016717690820084778,0.006872007819594042,0.022868851825369595,0.016488515265706497
medqa_test_00294,qwen3-4b,medqa,A,A,True,True,False,10,10,931.2,0.15657747515766737,0.08853851770155724,0.05197357024391343,0.040838923305273056,0.0,8.878265478445638e-13,1.0,0.011599320803558025,0.006789832050569875,0.01778727118749928,0.01710775874052812
medqa_test_00599,qwen3-4b,medqa,D,D,True,True,False,10,10,1025.8,0.14353671547583163,0.08099194887985159,0.04960467812971166,0.06117436662316322,0.0,6.10193666334996e-13,0.95,0.018626715964952113,0.011918876688983397,0.02795105027337507,0.008423218899154393
medqa_test_01014,qwen3-4b,medqa,C,C,True,True,False,10,10,1066.8,0.1193928998452656,0.06226104279162716,0.033722852670914814,0.08347094804048538,0.0,5.492788123254969e-11,1.0,0.012911320952247934,0.011655821641078456,0.023349845220674813,0.014867579858553168
medqa_test_01033,qwen3-4b,medqa,B,,,False,True,8,8,1675.3,0.2016980551858417,0.11950106496874965,0.07138436150663603,0.07883456349372864,0.0,0.9999999999771025,1.0,0.013078352546994998,0.017840241060507064,0.02953742340563134,0.013759902498517811
medqa_test_00587,qwen3-4b,medqa,E,D,False,True,False,10,10,1229.9,0.22873117156109385,0.14047562172235364,0.09134919492165891,0.05032346397638321,0.0,0.9999999928058669,0.9,0.024795523735127962,0.013515927863374716,0.03720816259465638,0.00950326817387315
medqa_test_00677,qwen3-4b,medqa,A,E,False,True,False,10,10,1689.9,0.3289883713967722,0.2246175196457303,0.15144083449557755,0.05200335010886192,0.0,0.9999998874648245,0.95,0.02018811227352585,0.006520484554192624,0.025881364996106177,0.016978127105858873
medqa_test_01037,qwen3-4b,medqa,A,D,False,True,False,10,10,1984.2,0.2986023650290995,0.19619677422216744,0.12721412909149504,0.05602448433637619,0.0,0.999997739676759,0.95,0.03086727983318342,0.01511620257539579,0.04143666293301719,0.01142805920200905
medqa_test_00834,qwen3-4b,medqa,D,D,True,True,False,10,10,787.1,0.09867077137548086,0.04430891393818467,0.025158225679166046,0.06349645555019379,0.0,0.9999999804443193,0.95,0.022855396947258428,0.012202202182108692,0.033142625464222926,0.012907800211432632
medqa_test_01065,qwen3-4b,medqa,A,A,True,False,False,9,9,2562.7,0.31251913311662227,0.18980674085244256,0.113591434083032,0.0428912416100502,0.5032583347756457,0.9998766053787043,0.95,0.024069138150905035,0.012314800309679876,0.03476342668592917,0.026645188321007984
medqa_test_01058,qwen3-4b,medqa,D,A,False,False,True,10,10,2594.0,0.4287582684025229,0.322771533555051,0.24315404045169392,0.05173015594482422,0.0,1.0,0.5,0.03238482528575681,0.024068994679546367,0.05131883975157866,0.011538608749311152
medqa_test_00837,qwen3-4b,medqa,D,D,True,True,False,10,10,1100.2,0.11032527556316155,0.058506845797169305,0.03669785939077204,0.06210755184292793,0.0,5.109089028037222e-12,0.95,0.014309556518560685,0.0030379092929238094,0.01713679246544354,0.010611492666549985
medqa_test_01029,qwen3-4b,medqa,A,A,True,True,False,10,10,1114.2,0.14426975597508335,0.07702274608183428,0.04019920167373514,0.04817492142319679,0.0,0.9999999956365377,0.95,0.02554562265429918,0.007374745368016654,0.031253887282657475,0.011719200731231765
medqa_test_00790,qwen3-4b,medqa,B,B,True,False,False,9,9,2575.8,0.33364881301471705,0.22802227376643974,0.16476067506001113,0.0656566321849823,0.0,0.9999687981305123,1.0,0.012010429451523707,0.01677117888868683,0.02740663537047668,0.01890852980885283
medqa_test_00259,qwen3-4b,medqa,D,D,True,True,False,10,10,364.4,0.037295984730180885,0.00689015863080108,0.0016756845384489293,0.04611898586153984,0.0,0.999991060312415,1.0,0.019083593515821857,0.005865791964348629,0.023802172895166278,0.014287789341814395
medqa_test_00714,qwen3-4b,medqa,B,,,False,True,10,10,2343.3,0.357006441466165,0.23863242202620674,0.16285171852760055,0.049884382635354996,0.8812908992306927,0.9999986290422685,0.95,0.018545731332130423,0.013606019559165525,0.03001383619110919,0.008507626466897142
medqa_test_00954,qwen3-4b,medqa,C,C,True,True,False,10,10,978.5,0.11893133936362381,0.06605827352183223,0.03888013789502763,0.09571558982133865,0.0,0.0,0.95,0.0165084760198442,0.011820515093944137,0.025536754717234527,0.009235952904286793
medqa_test_00602,qwen3-4b,medqa,A,,,False,True,6,9,2943.7,0.40053463108894294,0.28507455288699113,0.19987671656707515,0.06837957352399826,0.5032583347756457,0.9999999999987081,0.95,0.02366819155595582,0.019526527052533483,0.03839362297819996,0.01767426445480716
medqa_test_00728,qwen3-4b,medqa,D,D,True,True,False,10,10,840.9,0.15229547269451865,0.0803400683242213,0.04291922290920348,0.0642913430929184,0.0,0.0,1.0,0.015994560013952153,0.005828119094812337,0.02043097227434111,0.012948825169885261
medqa_test_00057,qwen3-4b,medqa,B,B,True,True,False,10,10,2216.8,0.33490980962230776,0.22296430476617374,0.1522272874304175,0.04638148471713066,0.4689955935892812,0.0,0.95,0.020608343763967932,0.014259518980965644,0.032184411838716155,0.009594913899002532
medqa_test_00580,qwen3-4b,medqa,A,A,True,True,False,10,10,1425.0,0.24938514726962174,0.15055935398356432,0.09537838796209727,0.04873077571392059,0.0,1.0,0.95,0.011411751454534791,0.007292834497284623,0.018589676357710076,0.021219196199255726
medqa_test_01195,qwen3-4b,medqa,B,B,True,True,False,10,10,979.9,0.18858550338118718,0.10729321881610887,0.062225897019501986,0.07401056587696075,0.0,1.0,0.95,0.017867784861103672,0.00960217501725999,0.026403423538661125,0.01561794769840551
medqa_test_00605,qwen3-4b,medqa,C,D,False,True,False,10,10,1527.0,0.20454320697657252,0.11677617936797424,0.06929187933343775,0.04788564145565033,0.4689955935892812,0.9999810750016206,0.95,0.02821145135680516,0.008174526775214009,0.03446319405016572,0.009088086419483204
medqa_test_00889,qwen3-4b,medqa,B,B,True,True,False,10,10,1666.1,0.3341198193651086,0.22353463977215174,0.15136202166135532,0.07037138193845749,0.0,1.0,0.95,0.008034332248757702,0.00870198538734568,0.01625618191868913,0.020679351365940245
medqa_test_00768,qwen3-4b,medqa,B,C,False,True,False,10,10,1446.6,0.18297822317732262,0.10085094425643848,0.05921401623422447,0.052226290106773376,0.7219280948873623,3.5817487411455435e-10,0.95,0.021628515303059502,0.004712509751137402,0.025037722218213508,0.011905348579388807
medqa_test_00645,qwen3-4b,medqa,B,B,True,False,False,8,9,3289.9,0.4420763427551974,0.31968054286643677,0.2308483257040253,0.05776866152882576,1.5304930567574826,0.8175744853181887,0.95,0.02486964254107331,0.012468949372702648,0.03437710679104568,0.0131481182044328
medqa_test_00858,qwen3-4b,medqa,A,A,True,True,False,10,10,2078.5,0.3445370971585742,0.2282437784018357,0.1532951783892365,0.048997167497873306,1.4854752972273344,0.9999970976877606,0.9,0.03989457913767851,0.023788382666756668,0.05631455101798423,0.012038838829359317
medqa_test_01118,qwen3-4b,medqa,D,D,True,True,False,10,10,659.8,0.08809099690957982,0.037987318913684634,0.017922647197268715,0.06279284507036209,0.0,0.9999999994094697,1.0,0.022375125669423297,0.012963107930427912,0.033969474283743514,0.011934485079873068
medqa_test_00434,qwen3-4b,medqa,C,C,True,True,False,10,10,523.0,0.03378052127285773,0.013830781524483693,0.006752528008402259,0.048784904181957245,0.0,0.9999999907625493,1.0,0.00659105495580624,0.0032041972840393743,0.009795252239845616,0.010276974330990396
medqa_test_00562,qwen3-4b,medqa,B,B,True,True,False,10,10,649.2,0.07838344459628817,0.03198958691538636,0.012934829621647437,0.06675653159618378,0.0,7.484622304976247e-05,1.0,0.011990192977051865,0.003599558108113307,0.01455305082473245,0.01581595599653635
medqa_test_01021,qwen3-4b,medqa,E,,,False,True,10,10,2678.5,0.33244651176311757,0.20709775817467194,0.1292557631279404,0.043650444597005844,0.4689955935892812,3.266131342785439e-13,0.85,0.032953923212784356,0.01097299880274765,0.04191162607396613,0.010759735372706318
medqa_test_00261,qwen3-4b,medqa,C,C,True,True,False,10,10,661.9,0.06417448387883601,0.02896093743701561,0.012616485716587366,0.09376360476016998,0.0,0.9999990577556291,0.95,0.02019323434396222,0.002972318532884921,0.02273147211166942,0.014235210626892921
medqa_test_00410,qwen3-4b,medqa,C,C,True,True,False,10,10,1118.2,0.17853653517403922,0.09529007573379505,0.05071592724960609,0.050008852034807205,0.0,0.9999999530883683,1.0,0.006741130244237623,0.008696555851275814,0.014706604736806761,0.024721634733188943
medqa_test_00880,qwen3-4b,medqa,C,D,False,True,False,10,10,878.7,0.0981098625173921,0.04618592008837176,0.022874104756785685,0.056263718754053116,0.0,0.999999855501979,0.95,0.02102460758890798,0.004812268348614381,0.023808508188993063,0.0051556902104855345
medqa_test_00458,qwen3-4b,medqa,D,D,True,True,False,10,10,985.1,0.18459906393826278,0.10222282674827636,0.05658251491090074,0.04997721686959267,0.0,0.9999999998082828,1.0,0.012983151027563321,0.006046184301748577,0.018399763334940106,0.02064289332440816
medqa_test_00275,qwen3-4b,medqa,A,A,True,True,False,10,10,879.0,0.10082434003620191,0.04545197505812285,0.023867267988716336,0.053749263286590576,0.0,0.99999999902638,0.95,0.016590651018533603,0.009910385550066406,0.023594367970780135,0.007721531182763745
medqa_test_00575,qwen3-4b,medqa,C,C,True,True,False,10,10,1503.4,0.3076908470133429,0.20239957953872798,0.13484188405502345,0.08097055554389954,0.9219280948873623,6.7786393428075624e-15,0.95,0.010876882283011795,0.011645952188961176,0.021504102423426968,0.012745950487465896
medqa_test_00112,qwen3-4b,medqa,B,A,False,True,False,10,10,689.9,0.10649818600010748,0.06244309452938811,0.04033544243321714,0.06231744959950447,0.0,0.999999814460854,0.95,0.017842922128813686,0.008801252864645889,0.02572634885532789,0.01499620115571063
medqa_test_00073,qwen3-4b,medqa,B,B,True,True,False,10,10,1879.7,0.25825775884049423,0.16513379525268151,0.10956998446415649,0.036433152854442596,0.0,3.0590229473030007e-07,1.0,0.01211648090778412,0.008624456777818238,0.019826113281549086,0.01004298258578935
medqa_test_00963,qwen3-4b,medqa,E,E,True,False,True,7,7,3288.5,0.26117200690601605,0.16357670414543207,0.1085605288277686,0.04041871055960655,0.0,0.9999898700426356,0.95,0.022819201878066717,0.017555529645495366,0.03893297005690048,0.011318514507027014
medqa_test_00383,qwen3-4b,medqa,A,A,True,True,False,10,10,1131.3,0.10037556624338206,0.04392927587742248,0.021445369609629495,0.0577283576130867,0.0,2.2447770550199664e-13,0.95,0.021192868194663417,0.008740990379852678,0.027692281723385732,0.009013798228778134
medqa_test_00668,qwen3-4b,medqa,B,B,True,True,False,10,10,1655.2,0.2450717415706834,0.1362532752337223,0.0722563139346891,0.0397600457072258,0.0,0.9999339480389632,0.95,0.015230825726589911,0.007875902956971274,0.021787565296010038,0.014580505136299538
medqa_test_00068,qwen3-4b,medqa,D,D,True,True,False,10,10,1261.5,0.1475028819664553,0.0771121585385066,0.04246679561400422,0.05941566452383995,0.0,0.9999993524054334,0.95,0.011107607751879394,0.011982217436128153,0.022118564955860252,0.012320196298274525
medqa_test_00396,qwen3-4b,medqa,D,D,True,True,False,10,10,733.0,0.13585852264943094,0.07296170754304415,0.04016826571726127,0.04680900648236275,0.0,0.9999999999981204,0.95,0.01244105041997726,0.007902233426360296,0.019024614845878193,0.01918746060041735
medqa_test_01013,qwen3-4b,medqa,D,D,True,True,False,10,10,545.9,0.02553325364675225,0.006890376200185466,0.0031090591900678755,0.045395515859127045,0.0,0.999999999868235,0.95,0.011382729713735098,0.0024902287990858298,0.013687084906872973,0.006378622486851074
medqa_test_00361,qwen3-4b,medqa,A,A,True,True,False,10,10,1720.5,0.1893332087377974,0.10270444324239594,0.05806981591618456,0.07189293950796127,0.0,0.9999967112689627,1.0,0.01890771910539536,0.009124676686269434,0.026891801979247593,0.01001234264416068
medqa_test_00461,qwen3-4b,medqa,D,D,True,True,False,10,10,1895.6,0.2870715884625463,0.18664998531108767,0.1211014247881919,0.06859847158193588,0.0,0.9999910604063109,0.95,0.025853250329522737,0.006864723868487822,0.031863130623991945,0.016866829334941946
medqa_test_00160,qwen3-4b,medqa,D,D,True,True,False,10,10,1722.6,0.27980232638938085,0.17823421687113838,0.11992982122655063,0.07481282204389572,1.5219280948873621,0.0,1.0,0.00840664777338522,0.007721424962721127,0.015387536367514845,0.009451420917526435
medqa_test_00423,qwen3-4b,medqa,E,B,False,True,False,10,10,2602.5,0.2982624873686266,0.18929994954048746,0.12239035570366816,0.05510081723332405,0.0,6.691581956267767e-10,0.95,0.027023025864115712,0.015206685077498483,0.03929594214875446,0.005168939106799423
medqa_test_01069,qwen3-4b,medqa,B,B,True,True,False,10,10,1949.0,0.27124051804339777,0.17166592586178678,0.11136355370685762,0.04136190563440323,0.0,0.9626731105157736,0.95,0.021071435943525767,0.010536642610567911,0.029770964359938024,0.0055532234608478975
medqa_test_00912,qwen3-4b,medqa,B,D,False,False,True,9,10,2252.7,0.2923335949097773,0.18684989863932538,0.12622316077445567,0.07836654782295227,0.0,2.7894684243084434e-10,0.9,0.027821963450602533,0.02946662455388583,0.052840456085311446,0.011483606268508119
medqa_test_00280,qwen3-4b,medqa,B,B,True,True,False,10,10,530.1,0.03879836179664607,0.014466920502834213,0.006893896049779835,0.04839376360177994,0.0,0.9997965743079491,1.0,0.008349009849615204,0.000557177760562541,0.008906187610177743,0.010564311163330349
medqa_test_00491,qwen3-4b,medqa,A,A,True,True,False,10,10,791.6,0.18940715673133662,0.11308798171091064,0.07073908060042158,0.07437872886657715,0.0,0.999769493366041,1.0,0.015124834798378417,0.0031427947165378932,0.018138430548508038,0.0231095635652468
medqa_test_00048,qwen3-4b,medqa,B,B,True,True,False,10,10,1422.1,0.2939031491454502,0.1856524044245962,0.11457181046469378,0.053314950317144394,0.0,0.9999999979388471,0.95,0.024690668938375127,0.008106321245847255,0.03069688909764145,0.015192743388821109
medqa_test_01172,qwen3-4b,medqa,E,C,False,True,False,10,10,1268.4,0.23720619021200218,0.14387513087728246,0.09121509069925464,0.05045848339796066,0.0,0.9999999999954912,0.95,0.028111627309553994,0.007995745792974372,0.035038915679774144,0.016629745486007007
medqa_test_00852,qwen3-4b,medqa,D,D,True,True,False,10,10,2437.3,0.5598801665645337,0.4697864469428554,0.3980966631674443,0.044322218745946884,0.0,0.9999999778405028,0.95,0.024858729454968358,0.014960236838877313,0.03903157891857617,0.008733866711863391
medqa_test_00847,qwen3-4b,medqa,D,D,True,True,False,10,10,744.7,0.12032138040636789,0.06402048992044772,0.03800717258607182,0.03339792788028717,0.0,0.9999999956365377,1.0,0.010940472284500452,0.009394703978357484,0.020058995070068898,0.02150724691295129
medqa_test_00731,qwen3-4b,medqa,B,B,True,False,False,9,10,2040.8,0.31140579584090855,0.20026647520751667,0.13177672383442612,0.04538183659315109,0.4689955935892812,0.0,0.95,0.01262228741866582,0.010384410349775282,0.021503782665765803,0.011687220360720597
medqa_test_00745,qwen3-4b,medqa,A,C,False,True,False,10,10,1963.3,0.21027437112028258,0.12144446575254424,0.07350656714073417,0.037027619779109955,0.0,0.9046505325302033,0.95,0.02495233097240566,0.011960977635438946,0.034821470032820157,0.017402082926580523
medqa_test_01018,qwen3-4b,medqa,B,C,False,False,True,7,7,3098.2,0.32336551126284113,0.20849466369089348,0.13623694104090825,0.05074187368154526,0.0,0.9978172864837438,0.95,0.022192937874161708,0.009545993695587732,0.030856681569896866,0.011152729949291725
medqa_test_00779,qwen3-4b,medqa,E,E,True,True,False,10,10,2199.6,0.27162180973290767,0.16828741232127792,0.10430074234319804,0.050324440002441406,0.0,0.9999970976880149,0.95,0.020547205750438204,0.01053553198303697,0.028746855249250015,0.016338815281632727
medqa_test_00386,qwen3-4b,medqa,D,A,False,True,False,10,10,1831.5,0.281227861141293,0.17397753129994364,0.1079067800041817,0.05260559543967247,0.0,0.9999999997210535,0.95,0.02290113508838872,0.010383412764940782,0.03214803137557933,0.019679616072536425
medqa_test_00498,qwen3-4b,medqa,A,C,False,False,False,9,9,2756.7,0.2755792877289707,0.16817243149983835,0.10145472146942133,0.05442213639616966,0.9182958340544896,0.999985261018904,1.0,0.015420971202418404,0.010615015930463548,0.025174758928764123,0.014412243666043831
medqa_test_01226,qwen3-4b,medqa,E,E,True,True,False,10,10,1335.7,0.19680008001647692,0.11937472717930371,0.07704587129432922,0.0346054807305336,0.0,0.9999999317439628,0.95,0.01349615664791457,0.008859669947677538,0.021739817000005147,0.013725415188206086
medqa_test_00640,qwen3-4b,medqa,E,E,True,True,False,10,10,1175.3,0.12421877136778683,0.05781627138973131,0.02767353036874316,0.05542708933353424,0.0,0.9999999999999696,1.0,0.017207779296240476,0.008836017366830626,0.025122994891927423,0.011419636880574255
medqa_test_00018,qwen3-4b,medqa,B,B,True,True,False,10,10,1112.2,0.09272875704588132,0.04003993860817708,0.017933251098153725,0.045939985662698746,0.0,1.0,0.95,0.012831724162762154,0.0037429721604311933,0.01616718572928727,0.013904494332568513
medqa_test_00382,qwen3-4b,medqa,C,C,True,False,False,7,7,2491.6,0.3373976501921403,0.2329850310847997,0.15911386647248726,0.04754608869552612,0.0,0.00013982202148362044,0.95,0.033814191701922916,0.020324185491851995,0.0499249991802115,0.009768762334749607
medqa_test_01016,qwen3-4b,medqa,D,D,True,True,False,10,10,1063.2,0.11483814252642968,0.05633954524329844,0.031021719927571977,0.056169524788856506,0.0,1.0,1.0,0.013232776886668993,0.0036257310863151834,0.016225043297839394,0.0078079973255274025
medqa_test_00607,qwen3-4b,medqa,D,D,True,True,False,10,10,379.1,0.06558319017728867,0.020632581405519823,0.006669646577049626,0.032863494008779526,0.0,0.9994472276389282,1.0,0.010876419940386257,0.005235431262458255,0.016111851202844512,0.013720776737353155
medqa_test_00210,qwen3-4b,medqa,C,C,True,True,False,10,10,960.5,0.2259103482842087,0.13205033299905194,0.07579089954034292,0.05795867741107941,0.0,0.9999999677581336,0.95,0.006963578013051358,0.010893418729668572,0.017173377425016755,0.022868877702434856
medqa_test_00168,qwen3-4b,medqa,B,B,True,True,False,10,10,615.2,0.061488395527432835,0.026157909181819518,0.014482729230178026,0.05997312441468239,0.0,0.0,1.0,0.013744690099264555,0.0030342426281988618,0.01667699592827891,0.017570792210443116
medqa_test_01207,qwen3-4b,medqa,B,B,True,True,False,10,10,1467.1,0.21082828527740327,0.12970084672920373,0.08317412757974932,0.0748540535569191,0.4689955935892812,1.2501525655726433e-09,0.95,0.016785688839969216,0.011020551272054363,0.02682434055740609,0.012232654171138295
medqa_test_01211,qwen3-4b,medqa,C,A,False,True,False,10,10,1050.2,0.1162874502681698,0.06385163977594821,0.03796839985358373,0.10445993393659592,1.5219280948873621,0.9999992661791071,0.9,0.020270029191428902,0.01249052418797347,0.028651520287505856,0.009964786972869445
medqa_test_00164,qwen3-4b,medqa,A,A,True,True,False,10,10,761.0,0.0818501348969574,0.032114150228246194,0.013273814314259624,0.053631026297807693,0.0,7.484625427570942e-05,0.95,0.020496832323242238,0.0030242916446350278,0.021674271586645304,0.00707152988808935
medqa_test_00170,qwen3-4b,medqa,C,C,True,True,False,10,10,2442.1,0.33331997873809316,0.2250333660728931,0.15229760291997557,0.070958711206913,0.8812908992306927,0.999999855501979,0.95,0.039688295697180215,0.015996077056348597,0.050967395179895715,0.008967264814497238
medqa_test_00808,qwen3-4b,medqa,D,D,True,True,False,10,10,551.5,0.04607863110850983,0.017586463229592664,0.006757866492730147,0.07325529307126999,0.0,0.9999999994094697,1.0,0.019767913773843494,0.006635611863219754,0.024007828010562338,0.013274771130811372
medqa_test_00766,qwen3-4b,medqa,E,E,True,False,False,9,9,2047.8,0.28943139376947846,0.17846106350891647,0.10976508097601578,0.07345220446586609,0.0,0.998498817444129,1.0,0.015381012649503359,0.009798189634794067,0.02426879328317048,0.01908295318023785
medqa_test_00474,qwen3-4b,medqa,B,B,True,True,False,10,10,586.2,0.09859871416245068,0.041815884189732574,0.01900531029021433,0.039753176271915436,0.0,0.9992903296950979,1.0,0.020498885892027523,0.004029688038530366,0.024367023042028,0.016087867896181204
medqa_test_00712,qwen3-4b,medqa,C,C,True,True,False,10,10,1941.1,0.29935008196281304,0.19770383442113068,0.13193770972758648,0.052481263875961304,0.4689955935892812,1.0,0.95,0.025939218496753617,0.011471288445638366,0.035710427312287706,0.012885097405017452
medqa_test_00936,qwen3-4b,medqa,B,C,False,True,False,10,10,2651.8,0.34343677892163377,0.22468130672632197,0.14826736797879864,0.05745001882314682,0.9219280948873623,0.0,0.95,0.027109080529266267,0.013853493195724625,0.038868898178199836,0.006544339524766947
medqa_test_01126,qwen3-4b,medqa,E,A,False,False,False,9,10,2543.8,0.37095906185517397,0.2567238299315465,0.17775826931197108,0.03851194307208061,1.295461844238322,1.5229974902953404e-08,0.95,0.019044135132596042,0.011452743095812411,0.028045065817273042,0.01631556543156723
medqa_test_00092,qwen3-4b,medqa,D,D,True,True,False,10,10,867.5,0.09455138699769014,0.0492791358803495,0.025537857730572523,0.04588399454951286,0.0,1.3615261080893809e-13,0.95,0.021857453103740473,0.0026170190641081658,0.024369978959907147,0.013628033060492917
medqa_test_01219,qwen3-4b,medqa,C,C,True,True,False,10,10,611.2,0.06847447464560076,0.03442881399608071,0.019046040969175983,0.056189849972724915,0.0,0.9999999999377585,0.95,0.017813345131604364,0.003244372766659973,0.020895116272248077,0.007234920433808979
medqa_test_00787,qwen3-4b,medqa,D,D,True,True,False,10,10,1526.3,0.21460681649058744,0.12450636263736936,0.07954203271542346,0.05459469556808472,0.0,0.9999994284994177,0.95,0.019083074433592532,0.01653448823423234,0.03164268774342867,0.0099064980512402
medqa_test_00655,qwen3-4b,medqa,B,B,True,True,False,10,10,1742.2,0.3652662125508043,0.2448658165250393,0.1688732791649826,0.04314341023564339,0.7219280948873623,0.0,0.95,0.014555650723725907,0.012633253772106407,0.02511984215477958,0.00765931799801764
medqa_test_01208,qwen3-4b,medqa,D,D,True,True,False,10,10,1403.4,0.15128477611167623,0.07696920863211168,0.039084519139248465,0.0670681819319725,0.0,0.9999999997210529,0.95,0.028758258672733905,0.01047328614729032,0.03580100307455209,0.010279316585532503
medqa_test_00089,qwen3-4b,medqa,C,C,True,True,False,10,10,1353.9,0.23352457652234465,0.14331264963082693,0.08690967385921422,0.05827004462480545,0.0,0.9999999999797932,,0.017881481579276767,0.013155873055289697,0.02900056676470243,0.021780308073122843
medqa_test_00651,qwen3-4b,medqa,D,B,False,True,False,10,10,2108.9,0.28948020833950366,0.17905158401257876,0.10940603991100281,0.07113237679004669,0.4689955935892812,0.9999986290423029,0.95,0.02548368242426095,0.010771631392548105,0.0342402891319459,0.016135413699796746
medqa_test_01248,qwen3-4b,medqa,E,E,True,True,False,10,10,866.6,0.11373855808580138,0.06046513318855189,0.03531479889640401,0.05414395406842232,0.0,1.0,0.95,0.01981183049431196,0.014644020707444364,0.032830143048019914,0.012140694821340224
medqa_test_00010,qwen3-4b,medqa,E,E,True,True,False,10,10,2272.7,0.372131700294921,0.2568510261206061,0.17514541396294253,0.050139524042606354,0.7219280948873623,0.9997965729731304,1.0,0.02418526206439429,0.022620972232393843,0.04209810535999005,0.010585173568666666
medqa_test_00949,qwen3-4b,medqa,A,A,True,True,False,10,10,759.4,0.05357134885735171,0.02344300960270542,0.011576965929928407,0.054337091743946075,0.0,0.9999785550605265,1.0,0.007317304064003013,0.001962597281402869,0.009279901345405883,0.007476012188350406
medqa_test_00046,qwen3-4b,medqa,C,C,True,True,False,10,10,1033.3,0.12868257984164905,0.058735979746363756,0.025350889197904493,0.0538785420358181,0.0,0.9999962733617463,1.0,0.005980284770674202,0.008750643707740213,0.014730928478414418,0.02191733489071223
medqa_test_01245,qwen3-4b,medqa,B,,,False,True,7,10,3069.1,0.32094662725621653,0.20840273785471056,0.1363757617750046,0.054469022899866104,1.5709505944546687,0.9999898700111789,0.95,0.01848164764756751,0.00846123642010188,0.025484134588432017,0.009366357717387638
medqa_test_01247,qwen3-4b,medqa,B,A,False,False,False,5,6,3263.1,0.46763383471346504,0.3382076981193937,0.24410121307462526,0.06720263510942459,0.6500224216483541,0.9999945777835313,1.0,0.009375696448812663,0.0128413500163008,0.02140302032436698,0.016340289307070648
medqa_test_00883,qwen3-4b,medqa,B,B,True,True,False,10,10,459.4,0.0352721895998789,0.010344974201342894,0.003882651437782059,0.05056746304035187,0.0,0.9971990753316834,1.0,0.005105599633134395,0.000590606312304656,0.005696205945439051,0.006925330984546679
medqa_test_00221,qwen3-4b,medqa,A,D,False,True,False,10,10,2421.8,0.36618129071669886,0.24828089658201735,0.16884244201786078,0.06633708626031876,1.7219280948873623,0.999988521311106,0.95,0.01628948724754094,0.011688683193076642,0.026952461278576235,0.01605592115135206
medqa_test_00962,qwen3-4b,medqa,B,A,False,True,False,10,10,2418.6,0.260199113492256,0.1582087729853019,0.09785013217980618,0.05738604813814163,0.7219280948873623,0.9999999983947706,0.85,0.021526288097080185,0.006930858966753002,0.027238465136534586,0.01314256544773881
medqa_test_01223,qwen3-4b,medqa,A,B,False,True,False,10,10,1279.2,0.17376761292189996,0.0934805123234556,0.05545574142780042,0.06716639548540115,0.7219280948873623,0.9999999973534258,0.95,0.027605934416892897,0.015098897468071932,0.03711233629519283,0.009174685692475778
medqa_test_00923,qwen3-4b,medqa,C,C,True,True,False,10,10,533.8,0.10315632985981964,0.0483790657121238,0.026227937209016637,0.052586305886507034,0.0,1.0,1.0,0.012699270715078061,0.006031846953457417,0.018397415399581413,0.022929346427052237
medqa_test_01036,qwen3-4b,medqa,B,B,True,True,False,10,10,1792.8,0.3471994876957555,0.2316127503129491,0.15624822829041887,0.05768778175115585,0.7219280948873623,0.0,0.95,0.020895737556857082,0.013751601144639086,0.03309789215050646,0.010402641909051756
medqa_test_01064,qwen3-4b,medqa,E,E,True,True,False,10,10,420.7,0.024970542293706887,0.011648586453899667,0.006370906873890514,0.05042993277311325,0.0,0.9999989322989141,1.0,0.0038629303812321132,0.0009065679728649769,0.0043022161813426555,0.004244923477503283
medqa_test_00256,qwen3-4b,medqa,D,B,False,True,False,10,10,1862.3,0.2893986163162421,0.1718214466016167,0.10382974073618967,0.033957917243242264,0.4689955935892812,2.1724408134660164e-10,0.95,0.02642354838020844,0.010613487674941587,0.034583393595915626,0.009255583420819296
medqa_test_00139,qwen3-4b,medqa,D,E,False,False,True,2,7,3604.9,0.5060557096096371,0.3851904161482661,0.29312267186028673,0.04381260275840759,1.5566567074628228,0.999999967758152,0.9,0.013030539743333278,0.010268797372015925,0.022141851390261303,0.012470138752941284
medqa_test_01213,qwen3-4b,medqa,E,C,False,True,False,10,10,1802.2,0.29439295852476627,0.19125683955292103,0.13019636333900206,0.07796220481395721,0.9709505944546686,1.0060392792818267e-12,0.95,0.01902387342178746,0.007868046961589801,0.025961433755154067,0.010063276568563763
medqa_test_00763,qwen3-4b,medqa,A,A,True,True,False,10,10,1159.3,0.1183887826624154,0.06458367863425504,0.03704590567357431,0.05792754143476486,0.0,1.8795288101484082e-12,1.0,0.009381106345155961,0.005388212197280634,0.014497211398145244,0.009855135110996198
medqa_test_00239,qwen3-4b,medqa,A,D,False,True,False,10,10,908.9,0.13069135855627323,0.06972517987772345,0.04193513872283391,0.07249210774898529,0.0,1.0,0.95,0.02577022864708937,0.006162720191737119,0.031407171226865566,0.008378815481866399
medqa_test_00624,qwen3-4b,medqa,E,E,True,False,True,9,9,2795.8,0.29237028631630163,0.1866895057857863,0.12149175107588317,0.060026030987501144,0.7642045065086203,1.0,1.0,0.018002180041520564,0.014173645035582235,0.029419910077781802,0.010019141065218493
medqa_test_00606,qwen3-4b,medqa,E,E,True,True,False,10,10,1513.5,0.3456293179407977,0.22795815852967483,0.1503890957596675,0.054883845150470734,0.4689955935892812,0.9999646440155394,1.0,0.01018429217665986,0.01178964328965482,0.021590616819717377,0.018182311054651054
medqa_test_00723,qwen3-4b,medqa,D,D,True,False,False,9,9,1347.9,0.15431104284929692,0.08478893844820204,0.05093865325589157,0.14909790456295013,0.9182958340544896,0.999999998394772,0.95,0.014999193783716312,0.011775876153964523,0.025427623016480088,0.009689147287519526
medqa_test_00459,qwen3-4b,medqa,E,E,True,True,False,10,10,760.4,0.09809569126413285,0.05077328546702943,0.029064558974466213,0.08380631357431412,0.0,0.9999999317440323,1.0,0.012383511517507679,0.006136536045230354,0.01816773383162052,0.011931103547033957
medqa_test_00579,qwen3-4b,medqa,E,A,False,False,False,9,9,2770.1,0.2996491178454662,0.19167849170091245,0.12623669698844725,0.06097937747836113,0.9864267287308424,0.9999999994094698,0.95,0.021794337802938185,0.012293054247012736,0.032885315318684716,0.006564822458246763
medqa_test_00157,qwen3-4b,medqa,A,A,True,True,False,10,10,790.6,0.057462850454218985,0.024847531524614653,0.01181940379452684,0.05167650803923607,0.0,1.0,0.95,0.01340003093903345,0.0032198638463202256,0.015364384794415303,0.008781917209122466
medqa_test_00084,qwen3-4b,medqa,D,D,True,True,False,10,10,988.8,0.10411221849043661,0.050865165374020485,0.02512327056021747,0.04836689680814743,0.0,0.999999761763215,0.95,0.02536201677548306,0.007401605099860943,0.031010794677004655,0.015092873048600316
medqa_test_00352,qwen3-4b,medqa,A,E,False,False,False,5,8,3598.7,0.3914559313729673,0.2692127836105362,0.18592253896156233,0.05358252674341202,0.5435644431995964,1.0,0.9,0.02185467051521233,0.018903820835840558,0.037167762608345936,0.009712354379250073
medqa_test_00612,qwen3-4b,medqa,B,B,True,True,False,10,10,1958.3,0.23194145355348716,0.1390333578081005,0.0882281111568092,0.06277529150247574,0.7219280948873623,0.999569442856118,0.95,0.02521134156666771,0.01215799006549269,0.035473600059470256,0.015299289555043703
medqa_test_00072,qwen3-4b,medqa,C,C,True,True,False,10,10,1446.6,0.15024433208549232,0.08380758996638928,0.04863560492293194,0.07326188683509827,0.4689955935892812,1.0,0.95,0.015616355022312242,0.0061841948098298235,0.02085998382482424,0.010238319232619725
medqa_test_00724,qwen3-4b,medqa,E,D,False,True,False,10,10,2299.1,0.24548810814446273,0.14481645307411978,0.08816950752355998,0.06543952971696854,0.9709505944546686,0.9999993524054334,0.95,0.017989272015117328,0.014878979889321178,0.031631391594138435,0.011373478146738275
medqa_test_00374,qwen3-4b,medqa,D,D,True,True,False,10,10,1504.8,0.1781128548322258,0.10495388327412045,0.06425889426027787,0.08684520423412323,1.3609640474436813,0.0,,0.007967881262984994,0.00967603261943606,0.0162167135666664,0.007703711878219205
medqa_test_00363,qwen3-4b,medqa,D,D,True,True,False,10,10,1360.5,0.18846431615709336,0.10219983155469856,0.05693856786631192,0.05880751088261604,0.9709505944546686,0.999989870073674,0.95,0.02105298632557322,0.008732431633217713,0.027560130689287664,0.007226051178680354
medqa_test_00642,qwen3-4b,medqa,B,B,True,False,False,8,10,2981.8,0.3835611329238158,0.2649977197475628,0.17873981858797908,0.042432572692632675,0.4689955935892812,1.0,0.95,0.01993870073361436,0.012126951260445652,0.030348601646024133,0.011401325711411763
medqa_test_01095,qwen3-4b,medqa,D,A,False,True,False,10,10,1762.8,0.42848452045331253,0.3056574559725223,0.21859255510645292,0.04797055944800377,0.7219280948873623,0.999999814460854,0.95,0.009440614433694237,0.011262108551226554,0.019573759012526108,0.014627654841782994
medqa_test_01168,qwen3-4b,medqa,A,A,True,True,False,10,10,513.9,0.05049273079886455,0.014670115566839493,0.00500296792567817,0.05862048640847206,0.0,0.9998601779836399,1.0,0.012532332672765037,0.0040333602754715064,0.013890319640873764,0.008148313007809858
medqa_test_00101,qwen3-4b,medqa,A,A,True,True,False,10,10,685.3,0.14675658184426982,0.07681948768939753,0.04341902052220127,0.04888228327035904,0.0,0.9999417089304334,1.0,0.011537080252650322,0.01225933670919519,0.023304013138350566,0.019005913000035412
medqa_test_00401,qwen3-4b,medqa,C,E,False,False,True,10,10,2344.7,0.34137916729791246,0.2199441854486146,0.1431362228459831,0.07849033921957016,0.9219280948873623,1.0,,0.01807741290406263,0.00928562864847113,0.02601301527696248,0.020855843935178135
medqa_test_00348,qwen3-4b,medqa,D,B,False,True,False,10,10,1435.6,0.2713317970544824,0.17077588765550664,0.1092366596221345,0.03296637907624245,0.4689955935892812,1.0,0.95,0.027048923708143637,0.01294000093383453,0.03842704657292122,0.016777981567236568
medqa_test_00346,qwen3-4b,medqa,C,A,False,True,False,10,10,1524.6,0.27226170121105764,0.17336282436186784,0.11316054998965963,0.040668684989213943,0.4689955935892812,1.0,0.95,0.023274900795545887,0.01500205641767063,0.03636325392386831,0.01767134027543652
medqa_test_00119,qwen3-4b,medqa,C,C,True,True,False,10,10,1065.6,0.1715376953346847,0.0991380545265165,0.05730028770899972,0.06792685389518738,0.0,0.9998415639881569,0.95,0.02402608086335576,0.010649977414665026,0.032676375995990825,0.018043449131928034
medqa_test_00870,qwen3-4b,medqa,A,A,True,True,False,10,10,967.8,0.10536728529640249,0.04957172413071107,0.024996536849557115,0.05437406525015831,0.0,0.999999999782756,0.95,0.0215120109512985,0.004731125980040641,0.0254403694513295,0.006922157893482668
medqa_test_00525,qwen3-4b,medqa,E,B,False,False,False,7,8,3185.1,0.3626602453363319,0.2419609083593496,0.16129981911671037,0.05161683261394501,1.5,0.0,0.95,0.019989409465757828,0.011537138487379292,0.028833752524198612,0.012391787538596188
medqa_test_00749,qwen3-4b,medqa,C,E,False,True,False,10,10,2452.3,0.3381797885463448,0.22061887143406364,0.1449787945714167,0.05977763235569,0.8812908992306927,0.9999999999622486,0.95,0.0205255375586858,0.011157848293742596,0.029776377490015094,0.00645591841791675
medqa_test_00147,qwen3-4b,medqa,D,D,True,True,False,10,10,879.8,0.08724565980989595,0.04024713031114054,0.020890217730810547,0.05587933957576752,0.0,0.9999999999915765,0.95,0.02349663604843156,0.006263792517913806,0.028341359458940042,0.01002635447076718
medqa_test_00439,qwen3-4b,medqa,A,A,True,True,False,10,10,1584.2,0.24018069555338634,0.14618231699720852,0.09126161557199435,0.04365527629852295,0.0,6.778639342808959e-15,0.95,0.01565584190197239,0.006997215295787107,0.02200913730391431,0.016691385441251677
medqa_test_00016,qwen3-4b,medqa,E,E,True,True,False,10,10,1212.1,0.2362883183722632,0.1440614868405346,0.08956065649872892,0.046944379806518555,0.0,0.0,0.95,0.010580797108726616,0.010432886519390932,0.02004266208420012,0.014908212750596703
medqa_test_00402,qwen3-4b,medqa,B,B,True,True,False,10,10,1646.8,0.23499531399949758,0.14628587218550534,0.0908383198657939,0.049512822180986404,0.0,0.9999785550413586,0.95,0.026037038086722426,0.019191948960165035,0.039575833127687025,0.005044649431883608
medqa_test_00708,qwen3-4b,medqa,B,B,True,False,False,6,10,3367.8,0.38475054151015786,0.25934233734167617,0.1743193111468392,0.04240390658378601,1.5709505944546687,0.32082130731838393,1.0,0.016181880455506264,0.010447396632422423,0.024742400642760662,0.016258013556516855
medqa_test_00304,qwen3-4b,medqa,A,A,True,True,False,10,10,1360.2,0.13881819843213455,0.06626770530558793,0.034481850974307934,0.05654343590140343,0.0,0.9999996533675123,0.95,0.01664540838240506,0.006595397104775231,0.022535748597669575,0.011681219496475968
medqa_test_00614,qwen3-4b,medqa,D,D,True,True,False,10,10,1907.8,0.26564777921780036,0.16743694032776407,0.1066135696930905,0.0439300462603569,0.0,0.9999993524051151,1.0,0.010959386723696823,0.008178830465909505,0.018510031087502737,0.015947025917857953
medqa_test_00971,qwen3-4b,medqa,E,,,False,True,2,5,3992.9,0.3644138208870968,0.23765851276694566,0.15472208269362536,0.051530711352825165,0.0,1.0,0.95,0.01856382825069538,0.008908264607555097,0.02647070784853085,0.016491968617744775
medqa_test_00772,qwen3-4b,medqa,E,E,True,True,False,10,10,788.0,0.10971510953470606,0.05338431897201087,0.02697884281767795,0.04243824630975723,0.0,0.9999999950555457,1.0,0.0189743354786177,0.013650955249923897,0.02954099334772068,0.016886499951511265
medqa_test_00894,qwen3-4b,medqa,A,A,True,True,False,10,10,806.3,0.0826128295943235,0.03789826764056633,0.020309768972966713,0.04763847962021828,0.0,0.9999980052733772,1.0,0.023716520724124262,0.004782302142631508,0.026572258393266,0.008768160790176501
medqa_test_00038,qwen3-4b,medqa,E,C,False,False,True,4,4,3689.1,0.392591198512538,0.27724836767680355,0.20212124687905214,0.03972872719168663,0.8112781244591328,0.999999974890009,1.0,0.011438102618391517,0.008492031466125911,0.019523075486430303,0.009437642221388261
medqa_test_00282,qwen3-4b,medqa,A,A,True,True,False,10,10,804.5,0.10159767517813986,0.04997709602659976,0.02652608466648263,0.06343985348939896,0.0,1.0,0.95,0.014637080254125768,0.0033941344654775884,0.01803121471960336,0.011534696858676953
medqa_test_00512,qwen3-4b,medqa,B,A,False,True,False,10,10,2895.6,0.36289089488383547,0.246353168738663,0.16618735189599249,0.0504319928586483,0.7219280948873623,0.9999996940976638,0.95,0.01974546510631056,0.012838636392340943,0.03156602868461722,0.022496495829965935
medqa_test_00989,qwen3-4b,medqa,B,E,False,True,False,10,10,2305.5,0.30557854812708507,0.19925895123039275,0.13482910305138657,0.08115561306476593,0.4689955935892812,0.9999417088353115,0.95,0.02237768071486555,0.012664634671979818,0.03397182724527444,0.008961125980702077
medqa_test_00080,qwen3-4b,medqa,B,B,True,True,False,10,10,2129.4,0.25288182942097465,0.1558083898135474,0.0984571699008437,0.05898939073085785,0.9709505944546686,0.999999999683912,0.95,0.031165563031211492,0.01298752474866686,0.04021072056413573,0.011319789496171101
medqa_test_01174,qwen3-4b,medqa,C,C,True,True,False,10,10,1474.2,0.1917459417427155,0.09808682668853821,0.051711197552611575,0.04238061606884003,0.0,1.0,0.95,0.018637149222693477,0.007197464373992218,0.02497579317315524,0.009984518371217967
medqa_test_00628,qwen3-4b,medqa,C,C,True,True,False,10,10,1520.8,0.1821901168084227,0.10306997385451448,0.06152397197335927,0.0505305752158165,0.0,1.0,0.95,0.014599383476943905,0.00931481784915756,0.023440915738035435,0.015427574705459524
medqa_test_00945,qwen3-4b,medqa,B,B,True,False,False,9,9,2427.5,0.41228205092048037,0.29431171344379936,0.21185341116299936,0.07106194645166397,0.7642045065086203,0.0,0.95,0.016097476107508633,0.012385647152473134,0.026442873076941896,0.011031547046433644
medqa_test_00494,qwen3-4b,medqa,A,A,True,True,False,10,10,1934.5,0.1877005719154592,0.10113126308184972,0.05695772265326697,0.07063547521829605,0.0,0.999999999990455,0.95,0.014057326732859695,0.007779738689114787,0.02036948758423945,0.014673569974859812
medqa_test_00320,qwen3-4b,medqa,D,B,False,True,False,10,10,1067.7,0.10959071716097268,0.056414710125032595,0.02912418826010784,0.0505514033138752,0.0,0.0,0.95,0.016032335632312426,0.003935690481192697,0.019222074082502462,0.011648211076609979
medqa_test_00921,qwen3-4b,medqa,B,A,False,True,False,10,10,1184.4,0.21360951780983678,0.1350314907259981,0.09112283836020017,0.06253886967897415,0.7219280948873623,2.413364209900577e-12,1.0,0.010981167087943135,0.008460877479901386,0.018616819476932035,0.01621751683583252
medqa_test_00050,qwen3-4b,medqa,E,E,True,True,False,10,10,744.8,0.07229045619778848,0.025224379646906946,0.009527111150033995,0.042544975876808167,0.0,0.9999998724809306,1.0,0.025286577491009803,0.014601053064177305,0.03569982845551872,0.013275642016687522
medqa_test_00504,qwen3-4b,medqa,C,C,True,True,False,10,10,862.3,0.10724658534574374,0.05170897839317708,0.02846016471504692,0.0547441691160202,0.0,0.9999990577557685,0.03,0.01610470466567126,0.0017064117565548421,0.01753021594155556,0.009372268427006092
medqa_test_01042,qwen3-4b,medqa,E,B,False,True,False,10,10,1881.3,0.34445337665992476,0.2297043765706063,0.15380091241748034,0.03724446892738342,0.8812908992306927,0.0,0.95,0.027160679104793417,0.018539402216872468,0.04011104276820352,0.012658564535146497
medqa_test_01110,qwen3-4b,medqa,D,D,True,True,False,10,10,2331.8,0.4458070894197162,0.3379427846627133,0.2582290008853107,0.0589120015501976,0.0,0.9999995549147359,0.95,0.03140929857877563,0.02384340834768105,0.050688038208857554,0.0069202384220493655
medqa_test_01175,qwen3-4b,medqa,B,B,True,True,False,10,10,1603.2,0.25031905126761966,0.1513019102406581,0.09083783045662472,0.03955282270908356,0.0,2.0611553650259345e-09,0.95,0.021515147575293127,0.010927215489518286,0.030171728983971885,0.012453866819855311
medqa_test_00762,qwen3-4b,medqa,C,C,True,False,False,8,10,2982.7,0.3534155486223208,0.24246295097156093,0.16452350264539514,0.0343560129404068,0.4689955935892812,1.0,0.7,0.025098202668254365,0.012343170839311074,0.034786899882394653,0.007388493809389734
medqa_test_00632,qwen3-4b,medqa,E,E,True,True,False,10,10,754.5,0.14466817798471304,0.09159620769976676,0.05925581520002501,0.053798992186784744,0.0,1.0,1.0,0.01631049578059897,0.0031653224803252196,0.018602329073741843,0.006090893480355628
medqa_test_00839,qwen3-4b,medqa,B,B,True,True,False,10,10,1262.2,0.22084420145829314,0.13460566388001483,0.08250463753887687,0.0600411519408226,0.0,0.0,0.95,0.015133106156133402,0.011010932765078285,0.024917026653594448,0.012999989318477238
medqa_test_00872,qwen3-4b,medqa,D,D,True,False,True,5,6,3747.2,0.6226673867951338,0.5092558815387306,0.41696050148996083,0.03280320763587952,1.2516291673878228,0.9999546021903062,0.95,0.008836395118126375,0.014213407321329922,0.021934511750124678,0.019163789873240515
medqa_test_00226,qwen3-4b,medqa,D,D,True,False,False,7,9,2721.4,0.2928599799639727,0.18592793363994914,0.12241860583472364,0.06541315466165543,1.224394445405986,4.553683565050288e-11,0.95,0.016628383316469098,0.011106642850143334,0.02601730224345896,0.005680592897368498
medqa_test_01056,qwen3-4b,medqa,D,D,True,True,False,10,10,761.0,0.12078637626677931,0.06796099051391863,0.0406020109222607,0.04941980168223381,0.0,0.0,1.0,0.02383069885197795,0.006863222446301236,0.030185232143223117,0.017975788110699668
medqa_test_00502,qwen3-4b,medqa,B,B,True,True,False,10,10,640.0,0.12974925894230868,0.07172578576025981,0.03979984130108618,0.02739199809730053,0.0,1.0,0.95,0.016828309314192373,0.008097664473763562,0.024329861442107772,0.017351564513293456
medqa_test_00794,qwen3-4b,medqa,E,E,True,True,False,10,10,1177.2,0.1557806037937594,0.08432077676395386,0.04706951059441187,0.06269165873527527,0.0,1.0,0.95,0.017856986365783797,0.005319576158954403,0.022239493486730055,0.006719547268073879
medqa_test_00115,qwen3-4b,medqa,E,E,True,False,False,9,10,1594.5,0.29561490248502875,0.19392074510157614,0.1287552371233654,0.04563433304429054,0.9219280948873623,0.9999952151517668,0.95,0.007888369789462772,0.009259521985261287,0.016364778227080455,0.016933984159763125
medqa_test_00751,qwen3-4b,medqa,C,,,False,True,5,6,3233.0,0.3515660929037615,0.23288192910159838,0.1596117670410475,0.06347277760505676,1.2516291673878228,0.9999999998506905,0.95,0.027122361568164534,0.021949996758092533,0.042413396818503105,0.0066638478742040135
medqa_test_00419,qwen3-4b,medqa,B,B,True,False,False,3,5,3762.5,0.441661603171287,0.32348674449176695,0.24194007496995978,0.04653879627585411,1.3709505944546687,1.1628244118339711e-10,0.9,0.023827994899843413,0.016732090480673527,0.03659838299813528,0.009082560535098042
medqa_test_00310,qwen3-4b,medqa,B,A,False,True,False,10,10,519.9,0.11382339731811605,0.05800279188669581,0.030796053385046217,0.028719400987029076,0.0,0.9999999999969011,1.0,0.01066086920527124,0.004868637663470055,0.015410032555718595,0.013073185357096612
medqa_test_00213,qwen3-4b,medqa,A,A,True,True,False,10,10,1488.1,0.21687938152886005,0.12308267157764186,0.07017497132647353,0.054518651217222214,0.0,0.9999999999954912,0.95,0.01860769896194361,0.009250450995278645,0.026917485495401856,0.016451359012716795
medqa_test_01047,qwen3-4b,medqa,B,A,False,False,True,8,9,3397.1,0.36104027812059797,0.24491881820363268,0.16892619429819314,0.05387029051780701,1.3921472236645345,3.224183937655781e-08,,0.02599064890343773,0.020043054273378,0.040862747690800956,0.00563592331565627
medqa_test_00060,qwen3-4b,medqa,D,D,True,True,False,10,10,1228.4,0.14055001104744075,0.06915319879619612,0.03331457331338196,0.05669202655553818,0.0,1.0,0.95,0.022923510602610754,0.010911905338215063,0.030559033453485686,0.007492074740220939
medqa_test_00755,qwen3-4b,medqa,D,D,True,False,False,9,9,2813.9,0.34598901054845427,0.23099749607664183,0.15622931855883054,0.05599973350763321,0.5032583347756457,1.0,0.95,0.01974100917689416,0.01118289202428064,0.028236542807740773,0.012457380256096596
medqa_test_00479,qwen3-4b,medqa,D,D,True,True,False,10,10,928.8,0.12131498374556071,0.06243358513397159,0.033550357848207826,0.042674437165260315,0.0,1.0,0.95,0.015109743725592628,0.006371808032869455,0.021129551547499004,0.012277079155432752
medqa_test_00155,qwen3-4b,medqa,E,C,False,True,False,10,10,1817.2,0.22060366028394784,0.131260824119069,0.08287469328568749,0.06760561466217041,0.0,0.0,0.95,0.019950261218795486,0.007821240429487342,0.027115604452585297,0.008308570186921754
medqa_test_00910,qwen3-4b,medqa,C,B,False,True,False,10,10,2235.2,0.34129529044237544,0.22586588894783838,0.15104269545309026,0.040636736899614334,0.7219280948873623,1.8522771295437793e-09,0.95,0.0316285863652895,0.018039296305814877,0.044919562012513556,0.007472353865506852
medqa_test_00076,qwen3-4b,medqa,B,B,True,True,False,10,10,983.5,0.1339798560041575,0.07168653138656553,0.039686179300058536,0.049111682921648026,0.0,1.0,0.95,0.022717915265161176,0.009273076670513263,0.030187378161443495,0.016262479340880723
medqa_test_01210,qwen3-4b,medqa,C,C,True,True,False,10,10,2525.8,0.26183989031348903,0.1560540598534514,0.09619560524852667,0.05798071250319481,0.0,0.999983298585082,0.95,0.031823858969950165,0.015020881284508139,0.042298165330137444,0.006700268880014022
medqa_test_00404,qwen3-4b,medqa,A,,,False,True,10,10,1061.9,0.12242781775858033,0.06100456270169906,0.030710813796377235,0.06569405645132065,0.0,0.999999995055547,1.0,0.016241471268205607,0.014643583871555945,0.026883135274360526,0.0150888487238447
medqa_test_00906,qwen3-4b,medqa,E,C,False,True,False,10,10,2226.2,0.33086102171383946,0.2247235892677887,0.1549602341027844,0.0647900328040123,0.4689955935892812,1.0,0.95,0.024170890846835685,0.021852707522689314,0.04163685624558379,0.007655612796112124
medqa_test_00322,qwen3-4b,medqa,D,D,True,True,False,10,10,901.8,0.13527455046669848,0.07283379286464602,0.04184661509390095,0.06191747635602951,0.0,0.9999998144608999,0.95,0.012813577298562334,0.007910213825187607,0.020028055265170933,0.010779921350585094
medqa_test_00295,qwen3-4b,medqa,B,B,True,True,False,10,10,539.4,0.03650962526346409,0.014056413677763724,0.005467154669429264,0.03797227144241333,0.0,0.999290337910335,1.0,0.0198243148755648,0.004212356165371509,0.0217226268716002,0.010605548878418707
medqa_test_00037,qwen3-4b,medqa,A,E,False,True,False,10,10,1775.5,0.17830717281765054,0.09305996196264729,0.0489243537194462,0.04942014068365097,0.0,1.0,0.95,0.02351883796041377,0.008818046176738797,0.02922799195467215,0.01032356266060888
medqa_test_00397,qwen3-4b,medqa,B,C,False,False,False,5,5,3329.5,0.42718155959944654,0.29618328221346124,0.2027530909846543,0.0668436661362648,0.9709505944546686,,0.95,0.014166299291373577,0.008309964834344794,0.021978794320943056,0.009901325750194612
medqa_test_00205,qwen3-4b,medqa,B,B,True,True,False,10,10,1367.8,0.21503667065961393,0.1289999850039542,0.08008005840251911,0.05313870683312416,0.0,5.384940217744179e-13,0.95,0.02424289067668401,0.010818380680986877,0.03414393422866663,0.01650011630357284
medqa_test_00033,qwen3-4b,medqa,B,D,False,False,True,2,4,3851.8,0.3831468341813445,0.25720961968543266,0.1739503919922837,0.04785536229610443,1.0,1.0,0.95,0.020811815168443486,0.01552222501560463,0.03433690890592117,0.004727220100254311
medqa_test_01002,qwen3-4b,medqa,B,B,True,True,False,10,10,2104.0,0.26365290830242,0.15920947040405392,0.09375583157915823,0.04654574394226074,0.8812908992306927,2.789469723574906e-10,0.85,0.035016092705521855,0.014131487015688157,0.045452182368184754,0.007325150819055187
medqa_test_00666,qwen3-4b,medqa,A,A,True,False,True,10,10,1579.0,0.2671014391420068,0.16743310902260106,0.10647823120881825,0.05883536860346794,0.0,0.9999982396575241,0.95,0.017706617807817716,0.01113221514150552,0.028156683359628554,0.021490488535192385
medqa_test_00998,qwen3-4b,medqa,B,B,True,True,False,10,10,661.6,0.08164332069840693,0.03933826910349312,0.02150768444959472,0.03845594823360443,0.0,9.237441686032088e-09,0.95,0.019567819304773765,0.00300241062001416,0.022392924960248917,0.009724294693004785
medqa_test_00595,qwen3-4b,medqa,B,B,True,True,False,10,10,438.4,0.076105370022879,0.04036112204449029,0.021213023133394692,0.03044280968606472,0.0,0.9890130584221651,1.0,0.010595657212068631,0.004157788973941841,0.014476437875761167,0.015531840518049959
medqa_test_01135,qwen3-4b,medqa,E,C,False,False,False,8,9,2967.2,0.40294256910776305,0.28616588038467655,0.203406961657411,0.06282710283994675,0.9910760598382222,1.0,0.95,0.015983351097012995,0.01896183906984052,0.03174843021014433,0.008979478984730572
medqa_test_01120,qwen3-4b,medqa,D,D,True,True,False,10,10,433.8,0.04916008304946684,0.016373931842956414,0.006247550204417529,0.04454953968524933,0.0,0.9999980052719921,1.0,0.009664082938007754,0.00754454417107944,0.017208627109087195,0.011379838635368431
medqa_test_01001,qwen3-4b,medqa,C,C,True,True,False,10,10,855.6,0.09210754494305931,0.043494282252907704,0.021367894030546574,0.055467329919338226,0.0,1.0,0.95,0.01335181395521581,0.004202701499743734,0.016716293238472908,0.00935295590165108
medqa_test_00245,qwen3-4b,medqa,D,D,True,False,False,9,9,1986.1,0.2677895279179455,0.16783812365412545,0.1065348499716845,0.046843644231557846,0.5032583347756457,1.0,0.95,0.02112229111092031,0.007664404652327339,0.028028034077316882,0.01544968574854989
medqa_test_00643,qwen3-4b,medqa,E,C,False,True,False,10,10,1181.1,0.22917425979244296,0.1371737786389396,0.08751704220739073,0.04638608917593956,0.0,0.0024726226068943623,0.95,0.029540685228279552,0.006154196750679013,0.035010987846629725,0.01482869365435725
medqa_test_01081,qwen3-4b,medqa,E,E,True,True,False,10,10,1973.3,0.25294670715785,0.15686625800376391,0.09922229332310617,0.07169736921787262,0.4689955935892812,0.9999417087273834,1.0,0.016062634176988146,0.01216440114151065,0.02649195253849716,0.00908571720710544
medqa_test_00729,qwen3-4b,medqa,D,D,True,False,False,9,9,2359.1,0.29210134774977503,0.1878000145032098,0.12391171152213612,0.07317672669887543,0.9182958340544896,1.0,0.95,0.019518255385964668,0.01202678699927628,0.02981342832893875,0.011389962085590951
medqa_test_00615,qwen3-4b,medqa,A,,,False,True,10,10,1930.6,0.22113697150684325,0.1339311834090436,0.08592112977045094,0.056077320128679276,0.0,1.0,0.95,0.019366266329280575,0.011870067773156953,0.029270963318901194,0.008661388147483115
medqa_test_00896,qwen3-4b,medqa,E,E,True,False,False,9,10,1813.5,0.2561612614137906,0.1544854879306797,0.09477633645596117,0.0450933612883091,0.0,2.6995787438062265e-07,0.95,0.01694506843168236,0.0053837593954772275,0.02203043130209068,0.010496946986158667
medqa_test_00926,qwen3-4b,medqa,B,B,True,True,False,10,10,1356.7,0.14581154161343568,0.08102114801141282,0.04726772703468237,0.06947299838066101,0.0,4.944450303800802e-09,0.95,0.02262241415494085,0.007294925165597351,0.02864586596932831,0.010875916191311643
medqa_test_00385,qwen3-4b,medqa,E,D,False,True,False,10,10,1573.8,0.22953857757308893,0.1450663534175298,0.09622523691812332,0.06352238357067108,0.9709505944546686,0.0,0.95,0.02296492499303101,0.011854178649824406,0.0315546426465471,0.006732157704398228
medqa_test_01244,qwen3-4b,medqa,A,D,False,True,False,10,10,1345.4,0.24867295920400156,0.1473421649413303,0.08705103904366682,0.03179613873362541,0.0,0.9994472213630764,1.0,0.018333509409194957,0.011172396502084984,0.0275593573409784,0.021394719445979184
medqa_test_01152,qwen3-4b,medqa,B,A,False,False,True,4,7,3745.7,0.3938209566032281,0.2739710391181003,0.190913290371436,0.04238884150981903,1.1488348542809166,1.0,0.95,0.020247052267127415,0.013860442705042521,0.03045519482418697,0.011909227720868115
medqa_test_00944,qwen3-4b,medqa,E,C,False,True,False,10,10,1709.3,0.13707198262524128,0.0719192493796825,0.04393296646816721,0.06664838641881943,0.0,4.508755242263614e-12,1.0,0.009187476019659496,0.009204801416531919,0.01803870913698297,0.011850018758922293
medqa_test_00149,qwen3-4b,medqa,E,A,False,True,False,10,10,1650.1,0.31647772396762275,0.20365347336972253,0.1304342833092675,0.04029344022274017,0.0,0.9999999992417447,0.95,0.021715498363278983,0.018437337796851968,0.03665846646016913,0.010111734004997852
medqa_test_00933,qwen3-4b,medqa,A,B,False,False,True,10,10,2425.5,0.2500474778675788,0.153681860845376,0.09734659614080181,0.08272966742515564,0.7219280948873623,0.0,,0.01463007231196473,0.007534664237951278,0.021586461107890836,0.004940046954671969
medqa_test_00591,qwen3-4b,medqa,C,C,True,False,False,9,10,2654.0,0.3756834441786111,0.24890992617559027,0.1674719730507815,0.04230998456478119,0.4689955935892812,0.9999996940976638,0.95,0.02890097520767529,0.012903699354481626,0.03957440139613788,0.01325962062538646
medqa_test_01151,qwen3-4b,medqa,B,B,True,True,False,10,10,1742.8,0.2018790883994075,0.11777587667520417,0.07295844976694674,0.06272872537374496,0.0,1.0,0.95,0.022333224882864412,0.01403957665358892,0.03440514235261154,0.008041523125061777
medqa_test_00140,qwen3-4b,medqa,D,D,True,True,False,10,10,825.9,0.09464784151050719,0.04285226283108148,0.023425546644489592,0.05264222249388695,0.0,0.9999251539416534,1.0,0.0122573010551949,0.008158276744487217,0.020150998684087554,0.023128991850208957
medqa_test_01154,qwen3-4b,medqa,D,D,True,True,False,10,10,662.1,0.0943360420322033,0.045567735743645,0.022301164370547112,0.05241787061095238,0.0,1.0,1.0,0.006745419218020091,0.008637155817492793,0.015091631319897145,0.027189457721308825
medqa_test_00828,qwen3-4b,medqa,C,C,True,True,False,10,10,920.2,0.08964890049271669,0.04009745212090203,0.020636768657629877,0.06378810107707977,0.0,0.0,0.95,0.01976519716601764,0.0038630141236332904,0.022674855869167232,0.006611532071207035
medqa_test_00851,qwen3-4b,medqa,C,C,True,True,False,10,10,2003.0,0.2962411614426968,0.18962229261198918,0.12081006033903592,0.04145432636141777,0.4689955935892812,1.9947285020401464e-06,0.95,0.03378484191807498,0.017099042213381467,0.04686018519228553,0.01837659804994546
medqa_test_00007,qwen3-4b,medqa,C,C,True,True,False,10,10,1142.0,0.1241140930609459,0.06267246389175611,0.0342941788007155,0.07207687199115753,0.0,4.3634591101673996e-09,1.0,0.01920584927038847,0.006370851705284511,0.025075582775953377,0.02060056157814041
medqa_test_00953,qwen3-4b,medqa,D,C,False,True,False,10,10,751.3,0.07982417676249569,0.035821643681143975,0.017619755813776318,0.06521251052618027,0.0,1.1628234415026176e-10,1.0,0.01205420708073874,0.007233936345382686,0.017693433674887453,0.012787998896056748
medqa_test_00091,qwen3-4b,medqa,B,B,True,False,False,9,10,2516.9,0.30120270571974217,0.18979923133866616,0.11986903012147768,0.052765559405088425,0.7219280948873623,0.0,0.95,0.028413962805678362,0.015079949173833679,0.038490426466812354,0.02030504881257003
medqa_test_00184,qwen3-4b,medqa,B,A,False,True,False,10,10,1364.2,0.18188955602172827,0.10051870539710901,0.059200121145656,0.04332437366247177,0.0,0.0,0.95,0.020004331359163,0.009278215327689063,0.027862948718885193,0.015660292026443305
medqa_test_00116,qwen3-4b,medqa,D,D,True,True,False,10,10,1518.7,0.1599463080180253,0.08859304373374444,0.051379032480298494,0.06892778724431992,0.0,1.0,0.95,0.019417150819018604,0.012117017235725875,0.028410375129976396,0.00780874148383353
medqa_test_00684,qwen3-4b,medqa,B,B,True,True,False,10,10,2294.2,0.26799994001638006,0.16792085293512932,0.10904894463590838,0.08734637498855591,0.7219280948873623,3.530031266377023e-09,0.95,0.02259774531658351,0.009891645672663358,0.03055984466421613,0.009822835889419639
medqa_test_00099,qwen3-4b,medqa,C,C,True,True,False,10,10,1092.8,0.2502354190745474,0.15523059154912583,0.09660844040282425,0.038028694689273834,0.0,0.9999999999622486,1.0,0.012044586487673006,0.013931361190532097,0.025749806354623643,0.026451409582797004
medqa_test_00585,qwen3-4b,medqa,E,E,True,False,False,8,8,3290.0,0.354371394687408,0.2278082583187528,0.14774549049059785,0.040778715163469315,0.8112781244591328,1.0,0.95,0.023600034116668358,0.009818582370869322,0.03174385829071516,0.008381316472501173
medqa_test_00144,qwen3-4b,medqa,D,D,True,False,False,9,9,3128.9,0.3836071762777487,0.2685955979361759,0.18800265031132168,0.0556349977850914,0.9182958340544896,1.0,0.7,0.025831856317078856,0.012768285953605477,0.03579663924161232,0.018909077862682772
medqa_test_01079,qwen3-4b,medqa,E,E,True,True,False,10,10,991.7,0.1443117511530539,0.07954505378946711,0.04878847231964102,0.06492434442043304,0.0,1.0,0.95,0.012487677348416286,0.00417701335765473,0.016145285604252945,0.00987525817401763
medqa_test_00884,qwen3-4b,medqa,A,A,True,True,False,10,10,293.6,0.026221032137611767,0.005142177821234195,0.0014492753623188358,0.03486725315451622,0.0,0.9999996072137832,1.0,0.008800590241631052,0.0015998456341389077,0.01040043587576996,0.01836724497741534
medqa_test_00617,qwen3-4b,medqa,B,B,True,True,False,10,10,715.1,0.06814458317260544,0.033556091730129786,0.017487508259269348,0.0694996640086174,0.0,0.9933071503311273,1.0,0.022806933244517068,0.007918777464381832,0.027214353159906703,0.018977700059578422
medqa_test_00301,qwen3-4b,medqa,D,D,True,False,False,7,8,3167.4,0.53143851861087,0.398751296023839,0.2979311639430418,0.05516219511628151,0.954434002924965,0.9999994956525318,0.95,0.017232282346709014,0.020780825948289575,0.034942007311809874,0.01292567845292333
medqa_test_00524,qwen3-4b,medqa,B,E,False,True,False,10,10,2424.0,0.3206664356666133,0.2146888739406671,0.14663128543811094,0.05124089866876602,0.0,1.0,0.95,0.02427502326939381,0.020680712464153827,0.04178072789209994,0.004876800393322701
medqa_test_00557,qwen3-4b,medqa,C,C,True,True,False,10,10,1096.7,0.10731080192520519,0.04665574343862271,0.021747069123460017,0.07422582060098648,0.0,0.9999998874648245,0.95,0.014922507910302921,0.0031024857312525857,0.016373178679973985,0.004038596650928159
medqa_test_01096,qwen3-4b,medqa,D,D,True,True,False,10,10,823.6,0.12533743664058522,0.05634313128911368,0.026863259825825193,0.04092401638627052,0.0,0.9999999928058669,0.95,0.020287991924962796,0.013413149249787329,0.03176803007407156,0.016713679124697525
medqa_test_00868,qwen3-4b,medqa,D,D,True,False,False,8,9,2343.1,0.3307245798797171,0.2206323125395102,0.14664681602903232,0.07110650092363358,0.0,0.9999999966017321,0.95,0.016157254733318055,0.009850994936855128,0.02521251837416612,0.014976177299158715
medqa_test_00547,qwen3-4b,medqa,E,E,True,True,False,10,10,1580.9,0.3026834840594414,0.19995512271818483,0.13271315107220655,0.04269556328654289,0.0,0.999999999989184,0.95,0.01741062151679982,0.006296609896500813,0.02328816749970432,0.01623876403645246
medqa_test_00661,qwen3-4b,medqa,A,A,True,False,False,9,10,2420.6,0.29778752683261844,0.19608244274243156,0.1300689712293856,0.048539623618125916,0.8812908992306927,0.999959936322684,0.9,0.02266868717154557,0.017213278795103704,0.036848768888590046,0.012736066543273875
medqa_test_00895,qwen3-4b,medqa,D,D,True,True,False,10,10,960.5,0.2191753784629523,0.1347805760760517,0.08281424950336434,0.04057340323925018,0.4689955935892812,0.9998601793978383,1.0,0.009212408204609838,0.011064099635453947,0.0197600035934462,0.01828616942030692
medqa_test_00818,qwen3-4b,medqa,B,B,True,True,False,10,10,539.0,0.06602848955686086,0.02862082287372092,0.011649251132534422,0.051521021872758865,0.0,4.1399408516595346e-08,1.0,0.008384169280368628,0.001985095973267948,0.010369265253636576,0.01608927267996026
medqa_test_00390,qwen3-4b,medqa,A,A,True,True,False,10,10,2300.5,0.3343147112843397,0.22483647794391154,0.15182219770816813,0.047760069370269775,0.4689955935892812,1.0,0.58,0.021893567378912262,0.009344104351590846,0.02968611793225908,0.018257321752759344
medqa_test_00515,qwen3-4b,medqa,D,B,False,True,False,10,10,2103.9,0.24972123790563366,0.15886750323868967,0.10576605484460644,0.10168769955635071,0.7219280948873623,0.9999998144609692,0.9,0.025793716253123093,0.019183899910669086,0.039763928131076945,0.009791766753561814
medqa_test_00380,qwen3-4b,medqa,B,C,False,True,False,10,10,1592.2,0.2083889677931626,0.11801542542368648,0.0712965160637519,0.08513929694890976,0.4689955935892812,1.0,0.95,0.009685950961895295,0.01200482818961885,0.02086328084473612,0.012908534634896959
medqa_test_00534,qwen3-4b,medqa,C,C,True,True,False,10,10,935.0,0.09409877924152935,0.04063629781859983,0.018826546216933436,0.05199238285422325,0.0,0.9999999998973813,0.95,0.027553242190365812,0.007313002159139029,0.032199171900243594,0.009172042194511034
medqa_test_00937,qwen3-4b,medqa,D,D,True,True,False,10,10,1937.3,0.28587236590117415,0.18312101629072403,0.12068417828541338,0.08228438347578049,0.0,1.0,0.95,0.01771575302011506,0.008891128270397555,0.025126917975163126,0.010490347797994067
medqa_test_00098,qwen3-4b,medqa,C,A,False,True,False,10,10,2197.5,0.37229837359586937,0.2498153611709127,0.16962542761460092,0.06226174160838127,1.3709505944546687,1.0,0.9,0.027415128997928157,0.013478875335836929,0.03834849069578354,0.010913652570539004
medqa_test_00369,qwen3-4b,medqa,E,C,False,True,False,10,10,1360.4,0.38029822682977954,0.2867040444967235,0.217630913770041,0.047358252108097076,0.0,0.9999962733611601,1.0,0.007508282434591616,0.013940839209248924,0.01985926841178502,0.009235689967753404
medqa_test_01260,qwen3-4b,medqa,C,B,False,True,False,10,10,1948.6,0.3629868540985598,0.2583655497886955,0.18642763987930575,0.059300728142261505,0.0,1.0,0.95,0.01659018685855774,0.009674314526608316,0.025568479374393487,0.014328549516386683
medqa_test_00780,qwen3-4b,medqa,D,D,True,False,False,8,9,2236.0,0.23768669165474704,0.14001232788408893,0.08497238422467987,0.08363159000873566,0.5032583347756457,0.0,0.95,0.014147874097730754,0.00965640935962869,0.02315779337404953,0.010522004886529521
medqa_test_00128,qwen3-4b,medqa,A,C,False,False,False,9,9,2760.9,0.3271275212045285,0.21337369323117317,0.1380236940591179,0.06850361824035645,0.9910760598382222,0.9999992661801151,0.95,0.021173991912461082,0.010863901494367178,0.03027333753106381,0.009824416400908281
medqa_test_01268,qwen3-4b,medqa,E,E,True,True,False,10,10,564.5,0.07771835311991626,0.034686739725672155,0.014752148837896462,0.04924539849162102,0.0,0.9999999999842629,1.0,0.019127041532404958,0.0119882608711106,0.03028352511171588,0.023530985667468262
medqa_test_00588,qwen3-4b,medqa,A,A,True,True,False,10,10,2074.8,0.23497311437465998,0.13666203332733087,0.07897072422499707,0.05078883841633797,0.0,0.9999999999666845,0.95,0.01983443367419848,0.008887067360040943,0.02755204791697722,0.013345665657287708
medqa_test_00232,qwen3-4b,medqa,D,D,True,False,False,6,9,3440.8,0.41761641811125383,0.29802742688787537,0.2133018306557593,0.04812955483794212,0.9864267287308424,0.999999855501979,0.9,0.024640241380034563,0.01049250356243608,0.033374679926326326,0.009248075333776135
medqa_test_00657,qwen3-4b,medqa,D,E,False,True,False,10,10,1480.8,0.2210462016941866,0.13323949224133008,0.083208225025,0.05248674750328064,0.0,2.9989608158580863e-09,0.9,0.011253872355991557,0.0042101763909674185,0.015239532416035076,0.013554146517350365
medqa_test_01125,qwen3-4b,medqa,D,D,True,True,False,10,10,1574.1,0.2509314986437149,0.16244990762379566,0.10937369665482458,0.03782983496785164,0.0,1.0,0.95,0.021707895215433155,0.007889139045048968,0.028602142908344324,0.01154812612506147
medqa_test_00782,qwen3-4b,medqa,E,E,True,True,False,10,10,846.5,0.07696734686073411,0.03838203113750972,0.02090422089260837,0.03471413627266884,0.0,0.9999999999705993,1.0,0.011523641708907338,0.0073771272438392325,0.017303895364464455,0.0093468785774764
medqa_test_00647,qwen3-4b,medqa,C,A,False,True,False,10,10,1937.7,0.2338665333817766,0.13473461480463336,0.07900451850622102,0.06545720994472504,0.0,0.0,0.95,0.020115073397648814,0.011143412892865875,0.02797812555161443,0.01466061586437076
medqa_test_00381,qwen3-4b,medqa,C,,,False,True,2,4,3884.9,0.4330747425876858,0.3142951417793395,0.23282008321717554,0.09496696293354034,1.5,0.9999995549153619,,0.018600272371813022,0.017348039358720126,0.03294214189122932,0.0062934911737802844
medqa_test_01136,qwen3-4b,medqa,E,C,False,False,False,7,7,2917.0,0.3026325053401503,0.19363541400445378,0.12762311084865297,0.07330095767974854,0.0,0.9999999990263796,0.95,0.027635506214547627,0.018756581288898955,0.04248517529195265,0.0043083502069202135
medqa_test_00176,qwen3-4b,medqa,E,E,True,True,False,10,10,964.9,0.16336991067740034,0.09314131784648269,0.05817803272552692,0.04259072244167328,0.4689955935892812,0.9996646912360455,1.0,0.004683070804036578,0.01021832913370003,0.014145272660714147,0.021226142851977846
medqa_test_00805,qwen3-4b,medqa,C,C,True,True,False,10,10,1448.1,0.27605318176879134,0.18038821322246026,0.12416881992563784,0.051150836050510406,0.0,0.9999999999999272,0.95,0.023108058821309382,0.008003759671858963,0.030226723630701568,0.013809698441311236
medqa_test_00653,qwen3-4b,medqa,A,A,True,True,False,10,10,1238.2,0.1309785398589715,0.07136784112740682,0.04274892891422658,0.06341948360204697,0.0,0.020293976858456887,0.95,0.0128927366691931,0.004701462532988254,0.01692773045296741,0.01498281566041267
medqa_test_00844,qwen3-4b,medqa,A,A,True,False,False,9,10,2579.3,0.3669769078293197,0.25558953034798204,0.1807243956462473,0.05380933731794357,1.295461844238322,0.9999994284993488,1.0,0.014941544885166688,0.01087168662569658,0.024562694977064464,0.028783216309595117
medqa_test_00188,qwen3-4b,medqa,E,D,False,True,False,10,10,1808.8,0.2903852636525832,0.18761862437103313,0.1205962344415977,0.06073504686355591,0.4689955935892812,0.9999898700126424,0.95,0.02177947798879596,0.010448497448038914,0.03002033121523704,0.009449949273703104
medqa_test_00297,qwen3-4b,medqa,D,D,True,False,False,6,7,3355.7,0.37453701180823273,0.2569256170407511,0.17561368714760786,0.06339752674102783,0.5916727785823275,0.999999974890009,0.95,0.013557560974451802,0.01278344429164158,0.02546079666853577,0.013180825742037498
medqa_test_00797,qwen3-4b,medqa,E,E,True,True,False,10,10,730.7,0.0674202633084779,0.032158822786062614,0.017324344600543228,0.06966379284858704,0.0,0.9996200155104428,0.95,0.01571644665861826,0.006251501425821052,0.02043503198203313,0.008625370321288585
medqa_test_00522,qwen3-4b,medqa,D,D,True,True,False,10,10,1014.4,0.1310660237469087,0.06931739242596605,0.03940994229731788,0.05302548035979271,0.0,0.9999994956523514,0.95,0.019839921349183966,0.006385934760879082,0.024565941764167012,0.009728662570366942
medqa_test_00508,qwen3-4b,medqa,C,D,False,False,True,7,10,3250.5,0.43133858000032976,0.30887527135552456,0.2210324420225554,0.06190880015492439,0.9219280948873623,0.9999999943971983,0.02,0.0162090289708511,0.008153426935714038,0.023404909206897993,0.015327657891232799
medqa_test_00354,qwen3-4b,medqa,D,D,True,True,False,10,10,664.5,0.08401080851383855,0.037024375157069536,0.018995965032370454,0.05216959863901138,0.0,0.9999999950555507,0.95,0.02347632122173644,0.00316108277622665,0.025829245356574847,0.017050030843432405
medqa_test_00207,qwen3-4b,medqa,A,A,True,True,False,10,10,714.0,0.09168439454351585,0.043192218436612376,0.02394105153884297,0.051367633044719696,0.0,0.9999999987498471,0.95,0.017642582916152984,0.006961643508024726,0.023545424486580237,0.00843448358858798
medqa_test_00113,qwen3-4b,medqa,D,D,True,True,False,10,10,948.6,0.10038436735794591,0.050841010798242256,0.027567780667367293,0.079560287296772,0.0,0.9999038981227214,0.95,0.013993805826149498,0.007333063892637865,0.02088149384497775,0.01611766141245667
medqa_test_00700,qwen3-4b,medqa,C,C,True,True,False,10,10,695.5,0.06790240457318165,0.033768079891409696,0.0168154946626927,0.04565262421965599,0.0,0.9999999317439628,0.95,0.01345040178134454,0.0016736835414603434,0.014572934469532164,0.013970484185892237
medqa_test_00855,qwen3-4b,medqa,B,D,False,False,False,7,9,2459.3,0.2545556119055748,0.15766184496966898,0.10135338443760611,0.08058380335569382,0.9864267287308424,0.9999997300421581,0.95,0.015577363308422593,0.017558307419503382,0.03072145749345779,0.005555463786905127
medqa_test_00927,qwen3-4b,medqa,C,C,True,True,False,10,10,2118.2,0.2773467086412601,0.17721362223782486,0.11400499841294917,0.06392616033554077,0.0,0.9999999865595903,1.0,0.01487747278724252,0.007538627020440799,0.021894193155136406,0.012750335474435623
medqa_test_00965,qwen3-4b,medqa,D,D,True,True,False,10,10,1004.1,0.14052367893138334,0.07629474069067774,0.04458324283715094,0.04829833656549454,0.0,0.9999999987498471,0.95,0.011751097778811457,0.011899049936486054,0.022643383810918176,0.014426981419934762
medqa_test_00744,qwen3-4b,medqa,D,D,True,True,False,10,10,1205.8,0.14754850545367285,0.08110756785279759,0.048561867695686975,0.055320534855127335,0.0,0.0,0.95,0.014730306002736508,0.008577054874291553,0.022735248901629326,0.012355605236277791
medqa_test_00513,qwen3-4b,medqa,D,D,True,True,False,10,10,1695.3,0.22646686894886833,0.13793970839419495,0.08767608555805659,0.0659579411149025,0.0,0.0,0.95,0.023567481281710642,0.00871239029247255,0.031381894533682314,0.007473570856183337
medqa_test_00364,qwen3-4b,medqa,A,E,False,False,False,9,10,3021.5,0.356682557863019,0.22891205029428638,0.147144342449928,0.0344168096780777,0.9709505944546686,7.991967125027697e-11,0.95,0.028895791063209213,0.016864036652164165,0.04285573211950685,0.015112807675413797
medqa_test_01007,qwen3-4b,medqa,B,B,True,True,False,10,10,2610.0,0.35423629928980127,0.24059806002299067,0.16392609565152835,0.0502893440425396,0.7219280948873623,1.0,0.95,0.01651780317693968,0.009734241170479326,0.024420493527271867,0.011781926420331356
medqa_test_00243,qwen3-4b,medqa,A,A,True,True,False,10,10,2395.2,0.38461477340105277,0.26325938914183034,0.18100806750577722,0.03870077431201935,0.0,0.9999999961492545,0.9,0.028056571155514704,0.00730673013627652,0.033799711416266816,0.01392769263915911
medqa_test_00786,qwen3-4b,medqa,E,E,True,True,False,10,10,1246.8,0.21271953439946018,0.11830709732491637,0.06683555936819474,0.05801999196410179,0.0,1.0,1.0,0.011737843159937542,0.011617774697746558,0.022231094914350637,0.02170613761573433
medqa_test_00977,qwen3-4b,medqa,B,B,True,True,False,10,10,654.8,0.05020224273582502,0.01630907899886753,0.006439491094819849,0.023137154057621956,0.0,0.9964064029678259,0.95,0.016719090509105392,0.0008463729369295898,0.016719090509105392,0.010525916512909137
medqa_test_00984,qwen3-4b,medqa,D,A,False,True,False,10,10,1801.8,0.2736238901176679,0.16906116529214957,0.10467842156611513,0.04014778137207031,0.0,1.0,0.95,0.019540465290221846,0.014539332872277613,0.03214564746294185,0.01231259954795295
medqa_test_00483,qwen3-4b,medqa,D,C,False,True,False,10,10,1207.9,0.16137260932985117,0.0848514366300445,0.046802166523636876,0.05462150648236275,0.0,2.5436656473760054e-13,1.0,0.018292335532945736,0.007865804172162066,0.025083311884596504,0.014048713394360568
medqa_test_00697,qwen3-4b,medqa,E,E,True,True,False,10,10,1012.1,0.10654158101877516,0.0529085047410083,0.029960293039771334,0.06407695263624191,0.0,0.9999998362622706,1.0,0.014120467596707218,0.005852016360435287,0.01878970242965293,0.007992309404435533
medqa_test_00905,qwen3-4b,medqa,A,C,False,True,False,10,10,1679.3,0.3619891078092118,0.2483377313428144,0.176461188008822,0.0523550845682621,0.0,0.9999952149038333,0.95,0.0217138340908756,0.009112535908966799,0.030344372933172593,0.013250477981853272
medqa_test_00368,qwen3-4b,medqa,D,D,True,True,False,10,10,1281.8,0.16377353258264885,0.08864192918510447,0.050565185923234945,0.041022635996341705,0.0,0.999999872480978,0.95,0.0180440283719748,0.009041568853535136,0.026204134840976723,0.009617483469887965
medqa_test_00537,qwen3-4b,medqa,A,A,True,True,False,10,10,1656.9,0.19662724188285108,0.11297887116306175,0.06623688019565985,0.05826452001929283,0.0,0.0075772394749946265,0.95,0.01911648338467854,0.009639771327554305,0.027686238373489536,0.0135875824423391
medqa_test_01091,qwen3-4b,medqa,D,D,True,False,False,9,10,1915.3,0.21407091756166033,0.13160679178561946,0.08474865020085869,0.08525127917528152,0.0,0.0,0.95,0.017502917562010917,0.008171515345589426,0.02479371459879942,0.01221113217740476
medqa_test_00097,qwen3-4b,medqa,B,B,True,True,False,10,10,901.5,0.0950754734784691,0.0405681495052691,0.019591680246028954,0.07456827163696289,0.0,7.338211554818561e-07,0.95,0.018904272735819922,0.0039052214907349344,0.020958144250181776,0.014072977628839009
medqa_test_00264,qwen3-4b,medqa,A,C,False,False,True,4,7,3766.8,0.3826325267453981,0.25216064615319295,0.16936686999078146,0.054445330053567886,0.5916727785823275,1.0,0.95,0.020461489578410857,0.011466333298130002,0.031119466428631858,0.00855903159126242
medqa_test_00750,qwen3-4b,medqa,B,B,True,True,False,10,10,985.3,0.12591316969907387,0.06469057737656354,0.037215966050517635,0.04808947071433067,0.0,3.701011112524286e-13,1.0,0.016917789348072622,0.010125242089975188,0.024100836671236563,0.013075907442285198
medqa_test_00952,qwen3-4b,medqa,A,B,False,False,False,8,10,2595.6,0.363697579773402,0.24802669355156662,0.16965842677558843,0.03429965674877167,1.1567796494470395,0.9947798751624266,0.85,0.03379789936043712,0.014440448683722537,0.04359876448119688,0.017092388202833958
medqa_test_00637,qwen3-4b,medqa,A,A,True,False,True,8,10,2662.4,0.3917874189223637,0.2779909218495642,0.1980536908207282,0.05969678983092308,0.4689955935892812,0.9999999999200804,0.95,0.016855091877016053,0.01351258179872648,0.0289759731744908,0.020645763269749234
medqa_test_00616,qwen3-4b,medqa,E,C,False,False,False,5,9,3605.7,0.38521611821728985,0.26057785419062474,0.18097052269121358,0.04339537024497986,1.974937501201927,0.9999999956365377,0.9,0.026174689296359625,0.014254904746795399,0.03737959749848986,0.004677156193323836
medqa_test_00803,qwen3-4b,medqa,B,C,False,True,False,10,10,2061.3,0.34154891822233124,0.2308540495851011,0.15891239785900912,0.060719702392816544,1.3709505944546687,0.9999251537641415,0.95,0.019549856018070355,0.008304215553773874,0.02690776239087641,0.020220048081186617
medqa_test_00613,qwen3-4b,medqa,D,D,True,True,False,10,10,1178.5,0.23863098493114468,0.15347097083431516,0.10206179528903095,0.0454377718269825,0.0,0.9999997617630333,1.0,0.010461426994190368,0.013834766543685872,0.023196915455819506,0.012592218948039652
medqa_test_01189,qwen3-4b,medqa,D,D,True,True,False,10,10,583.6,0.11464373477764644,0.06727230170815457,0.042816970108722055,0.058466408401727676,0.0,0.9999974387357742,1.0,0.0048792680061873735,0.00675087167219641,0.011630139678383784,0.01838345746130369
medqa_test_00143,qwen3-4b,medqa,B,B,True,True,False,10,10,668.1,0.09712775926393775,0.042730444493122424,0.020002160406580503,0.056712791323661804,0.0,1.0,0.95,0.019860506977579004,0.009550834168353766,0.026736434428537192,0.009968677532496058
medqa_test_00174,qwen3-4b,medqa,E,E,True,True,False,10,10,1288.1,0.2833339688648382,0.18729939329274217,0.12815809304784548,0.04245959222316742,0.0,0.9999999586006244,1.0,0.02314950953746097,0.010710030594811397,0.03228287665608549,0.023750928998357162
medqa_test_00132,qwen3-4b,medqa,A,A,True,True,False,10,10,1176.4,0.12504931527390212,0.06191000871721895,0.032306071061506146,0.05982068553566933,0.0,0.9999852610685591,0.95,0.017797487821813125,0.0032365921979758405,0.0205165746878258,0.009644156850544159
medqa_test_00809,qwen3-4b,medqa,B,B,True,True,False,10,10,854.8,0.09169857203626089,0.04077823405528682,0.0188962769657136,0.043544262647628784,0.0,0.000709670557402779,1.0,0.015816476124089218,0.009742568349181854,0.023684885503596986,0.016736362243281525
medqa_test_00840,qwen3-4b,medqa,D,D,True,True,False,10,10,540.7,0.05652651888064562,0.01961189041442496,0.0063813360521836286,0.055619291961193085,0.0,0.9999930377505092,1.0,0.009820590217049192,0.006558079116991115,0.01433395562405627,0.015791208926119824
medqa_test_00526,qwen3-4b,medqa,D,A,False,False,False,5,7,3411.1,0.39997171514291463,0.2846682999895276,0.2060856456342381,0.0698845311999321,0.5916727785823275,1.0,,0.014005161925162773,0.01351890482183991,0.026246239505992964,0.017339345261064357
medqa_test_00831,qwen3-4b,medqa,A,A,True,False,False,5,6,3573.1,0.3974206286170713,0.2742775847956617,0.19286794152965978,0.06531830132007599,1.4591479170272448,1.0,0.95,0.027269761757461375,0.01745631850004293,0.04185102306370631,0.005975413453925693
medqa_test_01218,qwen3-4b,medqa,B,B,True,True,False,10,10,1517.5,0.25444490891237864,0.1671912458390934,0.11197784836551179,0.09300068020820618,0.7219280948873623,0.9999999961492544,0.95,0.027800871533990197,0.009374716198896129,0.03505108312527037,0.0175439579404992
medqa_test_00843,qwen3-4b,medqa,D,B,False,True,False,10,10,1150.7,0.16072469855949234,0.08986568274834175,0.05127129714142956,0.06800413876771927,0.8812908992306927,3.028842019408151e-08,0.95,0.014697064425873837,0.006830522195192835,0.02056968561850519,0.009241577463019086
medqa_test_01222,qwen3-4b,medqa,D,C,False,True,False,10,10,1230.4,0.1524181327411804,0.08858654868669344,0.053989472206041125,0.08300229907035828,0.4689955935892812,1.3176503256543397e-10,1.0,0.021760416561117154,0.013719178993554498,0.03387940571228799,0.0156498749920948
medqa_test_01270,qwen3-4b,medqa,C,B,False,True,False,10,10,1896.1,0.2618624687871602,0.15571324947639353,0.09344591662648553,0.0570589080452919,0.0,0.0,0.95,0.024713610610511205,0.007443378550682407,0.03115310241031364,0.015882980338339524
medqa_test_01088,qwen3-4b,medqa,B,B,True,True,False,10,10,1896.5,0.32774018432482305,0.21397536457487795,0.13689442394070486,0.036549706012010574,0.0,0.9999982396569965,0.95,0.022577320024094183,0.01737104761072495,0.03896924357436585,0.021357068983473598
medqa_test_00172,qwen3-4b,medqa,C,C,True,True,False,10,10,2373.3,0.26730042364954276,0.16736419776577463,0.10687408290361378,0.03866409882903099,0.7219280948873623,0.9999999990263801,0.9,0.021741773357355047,0.010077318849426788,0.02970833914120679,0.006529421709795055
medqa_test_01197,qwen3-4b,medqa,C,C,True,True,False,10,10,2133.7,0.23441896060478085,0.13166583716415606,0.07638364942343881,0.05116584524512291,0.9709505944546686,1.0060392792822654e-12,0.9,0.02854715250563412,0.0103295019943489,0.03658974304639564,0.005434952143730122
medqa_test_00342,qwen3-4b,medqa,D,D,True,True,False,10,10,679.5,0.05328153116446148,0.025156297988013276,0.015978462869425336,0.05241384357213974,0.0,7.287724095818988e-14,1.0,0.009492000384004148,0.005545655683277323,0.014610838580059645,0.013662886873028138
medqa_test_00816,qwen3-4b,medqa,A,C,False,True,False,10,10,1654.7,0.28140286365173517,0.1796791983296307,0.11547946733678334,0.04802239313721657,0.7219280948873623,0.9999999827421723,1.0,0.017698027604728703,0.019500957875503162,0.03481910137123836,0.018614707354057784
medqa_test_00938,qwen3-4b,medqa,D,C,False,True,False,10,10,2059.9,0.31996540820668995,0.20921641938016272,0.142446591236503,0.05416519194841385,1.0,0.9914225135877879,0.85,0.03938885379365696,0.020554650714507627,0.05482501858310575,0.014649387247642512
medqa_test_00237,qwen3-4b,medqa,B,C,False,True,False,10,10,1739.2,0.22175824374720526,0.13075896140876225,0.07931236178553716,0.0704149380326271,0.7219280948873623,0.9990889490014202,0.75,0.016942326255378122,0.013532208975347801,0.02760916407318021,0.010552756372421906
medqa_test_00544,qwen3-4b,medqa,C,C,True,True,False,10,10,943.5,0.16324338603638006,0.09105939157390246,0.05254595555180992,0.039155956357717514,0.0,0.9998601785349913,0.95,0.010309297897876794,0.005395377921246396,0.014931381493678203,0.014671547216726167
medqa_test_00672,qwen3-4b,medqa,B,B,True,True,False,10,10,575.6,0.14482813248160675,0.08360293997794584,0.05061113769642065,0.05364244431257248,0.0,0.9859363735771991,1.0,0.008167059748084427,0.01318218060597626,0.020253516877903242,0.02531632088345202
medqa_test_00702,qwen3-4b,medqa,D,,,False,True,8,8,3194.9,0.32136920669842095,0.21349570534614842,0.14144680093044842,0.05715328827500343,0.0,1.0,0.9,0.015855923495198675,0.010666654402399172,0.02551835983794437,0.024172594916921312
medqa_test_01089,qwen3-4b,medqa,B,B,True,True,False,10,10,1250.4,0.15602315540130798,0.0805708346255714,0.04259117334022946,0.05697822570800781,0.0,0.9999869928761862,0.95,0.03231676580544172,0.0055862917303054855,0.03567272672305317,0.011930183563615412
medqa_test_00804,qwen3-4b,medqa,A,A,True,True,False,10,10,1237.5,0.1532604901456128,0.08621780100564294,0.050204124361119006,0.08315026760101318,0.0,0.9999999999985363,0.95,0.018748634067307122,0.011337164457452045,0.02820090618382669,0.009256840402026949
medqa_test_01230,qwen3-4b,medqa,E,E,True,False,False,7,9,2969.4,0.34165712471408016,0.2286793305040625,0.15861122671982378,0.042610421776771545,0.5032583347756457,0.9999999999925664,0.95,0.017972745470694277,0.011130157219513276,0.0275590545140261,0.007363499223421834
medqa_test_00251,qwen3-4b,medqa,B,B,True,True,False,10,10,680.2,0.0679784885904711,0.02801040425040019,0.011957796836581158,0.05047822371125221,0.0,0.0,0.95,0.014798504220134087,0.004084620705162285,0.018206356177606728,0.009992528975634305
medqa_test_01224,qwen3-4b,medqa,E,E,True,False,False,9,10,2843.0,0.3775818255879309,0.26502279843865484,0.18849735023825862,0.05764786899089813,0.9219280948873623,0.9859363717893626,0.95,0.025992487162147332,0.021449618443443706,0.04112080815124884,0.00820253974017557
medqa_test_00274,qwen3-4b,medqa,A,A,True,True,False,10,10,880.5,0.11063617972865081,0.05103704863553217,0.02517507271659236,0.05022147670388222,0.0,1.0,0.95,0.016993246889598614,0.0028909476479898177,0.01856102927484838,0.006239874839547156
medqa_test_00604,qwen3-4b,medqa,A,A,True,True,False,10,10,478.0,0.04999977199620215,0.017700815608930387,0.009403328927218235,0.023498328402638435,0.0,0.9999999999981204,1.0,0.013051767802019406,0.0031762509971717395,0.015561421404522283,0.007121575035583978
medqa_test_00554,qwen3-4b,medqa,A,C,False,False,True,9,10,2734.8,0.4888274294452666,0.37221552381408496,0.2832543625623914,0.05052674561738968,0.0,0.00015843623598553943,0.95,0.0222648560183382,0.011375591615557916,0.03237176008737257,0.016333716275883238
medqa_test_00495,qwen3-4b,medqa,A,B,False,True,False,10,10,2143.2,0.3430784154228408,0.23317443231560048,0.15548319494258594,0.03595224395394325,0.7219280948873623,0.07749923281734236,0.8,0.01750643035654468,0.009872863918158946,0.026297863349308854,0.01584060673919139
medqa_test_00276,qwen3-4b,medqa,C,E,False,False,False,9,10,2439.5,0.3025348246501084,0.19555797814148906,0.12621936157287222,0.058352209627628326,0.4689955935892812,0.9999999998082829,0.2,0.0128296311513625,0.008012873191579482,0.019573911788536465,0.0149678516183103
medqa_test_00678,qwen3-4b,medqa,B,B,True,True,False,10,10,2657.2,0.39148586883110237,0.26913252931438053,0.18431438598752906,0.06346028298139572,0.4689955935892812,5.21141248303977e-10,0.95,0.014138178086858928,0.012697575327603789,0.02460241497193041,0.02181524081741261
medqa_test_00445,qwen3-4b,medqa,B,E,False,False,True,10,10,1858.9,0.25832573644517887,0.15930691420150428,0.10126789700285052,0.04650038480758667,1.0,7.83504178503397e-13,0.9,0.023872084257173208,0.00915393532329418,0.03098265482700177,0.01491050457831839
medqa_test_00560,qwen3-4b,medqa,A,E,False,False,True,10,10,2412.0,0.3041883789339613,0.19775989527084617,0.12939224456307255,0.045995477586984634,0.0,0.9999869928761863,0.95,0.021132581274756847,0.014242805526769747,0.033367846500980194,0.015649396968347055
medqa_test_00470,qwen3-4b,medqa,A,A,True,True,False,10,10,1232.2,0.2054851859803731,0.12566130818797377,0.08071252268824711,0.0500652939081192,0.0,1.0,0.95,0.01579276974337545,0.007630012281334494,0.02276973879893773,0.007748782537733136
medqa_test_00370,qwen3-4b,medqa,E,E,True,True,False,10,10,1070.7,0.12987480346459607,0.07410345951822336,0.04374341884838603,0.05253879725933075,0.0,0.9977661955855867,1.0,0.008336214153348285,0.007804314152530313,0.015502952201705267,0.015852895223205953
medqa_test_00443,qwen3-4b,medqa,B,C,False,False,False,9,9,2909.8,0.27579321820158265,0.16333450218550147,0.09928645665536065,0.06175563111901283,0.5032583347756457,0.9999910602994332,0.85,0.021065330466333392,0.012787228901746064,0.030501324292513905,0.008839460499781503
medqa_test_00108,qwen3-4b,medqa,E,E,True,True,False,10,10,890.9,0.09711053707685749,0.04569541033733423,0.021917560311712624,0.05185931548476219,0.0,1.6701425826502662e-05,1.0,0.022083203187691774,0.013446778644941542,0.03397892744566278,0.01651275164372803
medqa_test_01200,qwen3-4b,medqa,B,B,True,True,False,10,10,1510.3,0.25622556703272575,0.16028868858627857,0.10218272282500478,0.06579291820526123,0.0,0.9999998874649051,0.95,0.012544161936943573,0.008588543239714717,0.020695885149277622,0.016057761601243215
medqa_test_00622,qwen3-4b,medqa,C,C,True,True,False,10,10,2194.4,0.29669976183539,0.19394429830880577,0.12939271704552766,0.05395546555519104,0.0,0.9999977396746242,0.95,0.024478985162091918,0.013187041612512884,0.0357906074859529,0.005390817192493563
medqa_test_00012,qwen3-4b,medqa,B,B,True,True,False,10,10,1539.5,0.25785789526617664,0.16263699073242727,0.10502689199943527,0.039968397468328476,0.4689955935892812,0.998299277360868,0.95,0.023839984197317237,0.022538712156738614,0.04238462580586392,0.008938032126985662
medqa_test_00349,qwen3-4b,medqa,C,C,True,True,False,10,10,902.0,0.08761897641390304,0.04117876353926767,0.021579359372813422,0.06244012340903282,0.0,0.9999977396763786,0.95,0.023135952892023512,0.008139972810249257,0.02752295720948449,0.014854557471028918
medqa_test_01048,qwen3-4b,medqa,B,D,False,False,False,7,9,3523.7,0.46825853972891657,0.3538284440566957,0.27186479229888433,0.06927550584077835,0.9182958340544896,0.017986208034365344,0.95,0.0309191512683038,0.02332779857330307,0.04799967153518405,0.004315484717208298
medqa_test_00913,qwen3-4b,medqa,E,E,True,False,False,9,10,3030.8,0.4379586478686486,0.31220464856345376,0.2251458715223098,0.062159888446331024,0.8812908992306927,0.9999999999997118,1.0,0.013639816971227112,0.012096413395363551,0.023820493056273255,0.008350032543131694
medqa_test_00379,qwen3-4b,medqa,D,D,True,True,False,10,10,1500.5,0.21532858933553262,0.13158427626352903,0.0819985658878046,0.07991895824670792,0.0,4.0586532207511187e-10,0.95,0.02119922613162376,0.006231081231856849,0.02672694306348154,0.0059578365774150795
medqa_test_00618,qwen3-4b,medqa,C,C,True,True,False,10,10,1413.7,0.1716312321986908,0.09583010222164241,0.05620048581005451,0.05164732411503792,0.0,0.0,0.95,0.018585469446315728,0.011056035795429832,0.02856408411697922,0.013279957029795928
medqa_test_00355,qwen3-4b,medqa,A,E,False,True,False,10,10,1176.6,0.26501271259032216,0.17491457013166709,0.12468094863901587,0.041374027729034424,0.0,9.545034920903743e-12,1.0,0.023324815556794786,0.013337540848355653,0.03454597926235571,0.010218436034188311
medqa_test_00862,qwen3-4b,medqa,B,A,False,True,False,10,10,2058.8,0.35498624732318607,0.24224157592747314,0.16459216516413416,0.05381554365158081,0.8812908992306927,0.9999992661871914,0.85,0.0318627199657069,0.013319752647266248,0.042459823978467606,0.02106402531870105
medqa_test_00123,qwen3-4b,medqa,A,A,True,True,False,10,10,1905.8,0.23586018228031075,0.1413927581254513,0.08796218528175295,0.08164427429437637,0.0,1.0,0.95,0.01896393753904336,0.009116532913967612,0.027249980254435202,0.011366560184103725
medqa_test_01045,qwen3-4b,medqa,A,D,False,True,False,10,10,1917.1,0.38553001372168233,0.262668801641856,0.17791384538897462,0.06472953408956528,0.9709505944546686,0.9999996940974094,0.95,0.017674558750237126,0.014596609752524595,0.03130278126571481,0.010510340685135334
medqa_test_00104,qwen3-4b,medqa,C,C,True,False,False,7,9,2982.1,0.38892646944880427,0.2601481994744493,0.17873481699363175,0.04815538600087166,0.0,4.0063682677662494e-05,0.95,0.016332680352494897,0.014669348703339751,0.02961615525131322,0.00653437392227201
medqa_test_00248,qwen3-4b,medqa,C,C,True,True,False,10,10,1189.0,0.14452694603892474,0.07307198406537443,0.03924579464606829,0.0660407766699791,0.0,0.9999546021327103,0.95,0.0113594708874001,0.008885418051793348,0.01847363722276112,0.015254951790941223
medqa_test_00874,qwen3-4b,medqa,E,A,False,True,False,10,10,1266.7,0.1743860203331264,0.0938578125446948,0.05208229384486832,0.049085043370723724,0.0,1.0,0.95,0.025696821775728913,0.008452665468416212,0.03238033347371839,0.010360802804434705
medqa_test_00701,qwen3-4b,medqa,D,E,False,False,False,6,7,3444.4,0.38623340657666977,0.26214708397515946,0.18144897399372223,0.0572887621819973,1.664497779200461,4.277787865110457e-11,0.95,0.02345237417787711,0.022019061838758035,0.042700938430497,0.005482203658440954
medqa_test_00406,qwen3-4b,medqa,C,C,True,True,False,10,10,1301.1,0.18241599488851148,0.11030988525660246,0.07089359428223485,0.07094769179821014,0.4689955935892812,1.0,0.5,0.02542384345629691,0.019200826265020104,0.04066570685153646,0.008947671683382978
medqa_test_00384,qwen3-4b,medqa,E,E,True,True,False,10,10,2061.7,0.2389118497418819,0.1439579663370337,0.09049012637122832,0.0601062998175621,0.0,1.0,0.95,0.014607217490533795,0.007373967345128273,0.020951785383280436,0.010897208015247937
medqa_test_00319,qwen3-4b,medqa,B,B,True,True,False,10,10,1054.5,0.15024549841164214,0.07618249889196062,0.040635388344662016,0.059302277863025665,0.0,0.0,0.95,0.011545515839145764,0.0037371881888991487,0.015282704028044913,0.012352590501759455
medqa_test_00026,qwen3-4b,medqa,E,E,True,True,False,10,10,1854.7,0.2903791059915715,0.19357858696400987,0.13058570710109754,0.07130623608827591,0.0,0.017986205712486453,0.95,0.02498612735452576,0.01882984858917958,0.040748601070146696,0.006631169056628456
medqa_test_01228,qwen3-4b,medqa,C,C,True,False,False,8,8,3025.4,0.24701106401184295,0.13938554743072434,0.08347928614794062,0.06015700846910477,0.5435644431995964,0.9999039025678355,0.95,0.021698774715352247,0.007456219865617492,0.0278945432911953,0.007801347582003753
medqa_test_01240,qwen3-4b,medqa,A,A,True,True,False,10,10,1934.2,0.35403638909884644,0.24140163121949865,0.16556439385570293,0.043883226811885834,0.0,0.9999999467395828,1.0,0.010701487881315057,0.007170628725148275,0.017032754888408358,0.015733438827815364
medqa_test_00167,qwen3-4b,medqa,D,D,True,True,False,10,10,935.7,0.08248836731151145,0.03884874820201621,0.01933885095457427,0.062215011566877365,0.0,0.999999974890009,0.95,0.021159619176109794,0.002880128612678087,0.023020380961276076,0.008297768468307414
medqa_test_00934,qwen3-4b,medqa,B,E,False,True,False,10,10,1465.0,0.28371283752712473,0.18054662142138148,0.11665027223919995,0.0392339825630188,0.0,0.9999999123575151,0.95,0.02346576088918548,0.006999325375164079,0.02910164826882842,0.018270466534075755
medqa_test_00171,qwen3-4b,medqa,D,B,False,True,False,10,10,1845.6,0.2014866089997574,0.11237952236826296,0.06518798818419894,0.06466075032949448,0.4689955935892812,9.056076988852742e-11,0.95,0.025675054449847173,0.022085348829627295,0.043659444477812615,0.008889951570997836
medqa_test_00377,qwen3-4b,medqa,E,C,False,True,False,10,10,2680.6,0.31688003792784997,0.2013431589538756,0.12962574330232807,0.05819740146398544,0.9709505944546686,0.9999992661791945,0.95,0.015884478187311063,0.010483700041779325,0.02483747059002634,0.010412849712523774
medqa_test_01111,qwen3-4b,medqa,C,C,True,True,False,10,10,519.9,0.02008324762213881,0.00758771331663447,0.0025976117801323694,0.06333861500024796,0.0,0.9999999677581303,1.0,0.005685915830997175,0.0019399947747180408,0.00742265857319489,0.009902776456732543
medqa_test_00879,qwen3-4b,medqa,E,D,False,True,False,10,10,3035.0,0.29218725288777847,0.1793250569010307,0.11207981450847057,0.054049719125032425,0.8812908992306927,0.9999999317439546,0.95,0.02173847502475481,0.011512584428114803,0.03244649223516035,0.01765188180470165
medqa_test_01057,qwen3-4b,medqa,B,B,True,True,False,10,10,2785.0,0.3249791432896139,0.2078958011738799,0.13067812775039492,0.051174014806747437,0.0,0.0,0.95,0.015584746930588611,0.011768933129135581,0.024370375992883254,0.016556838069605645
medqa_test_00117,qwen3-4b,medqa,D,A,False,True,False,10,10,2043.2,0.24249691131447845,0.14775103827996028,0.09431901542216593,0.060784902423620224,0.4689955935892812,0.0,0.95,0.015357712035432828,0.007862366210131519,0.022405123896376992,0.012704387962332264
medqa_test_00716,qwen3-4b,medqa,D,E,False,True,False,10,10,1017.1,0.09809430216969292,0.03934285746404435,0.01807700255140392,0.07429756224155426,0.0,1.0,0.95,0.024935938893602388,0.011165525810550215,0.032402410360226175,0.012262061618891746
medqa_test_00129,qwen3-4b,medqa,A,A,True,False,False,9,9,2157.9,0.2140239003881374,0.1254335488523564,0.07707468748632736,0.10058450698852539,0.5032583347756457,0.9999999990263799,0.95,0.020649322872208307,0.01412028470833451,0.03245217169661664,0.00564110256490899
medqa_test_00709,qwen3-4b,medqa,B,B,True,False,False,6,8,3253.0,0.5033051036158576,0.3776400021767492,0.281593220900388,0.037342388182878494,0.954434002924965,0.0,0.75,0.01910723092758772,0.019648254237670422,0.03619603162111862,0.01844166720037575
medqa_test_00633,qwen3-4b,medqa,B,E,False,True,False,10,10,2013.7,0.2662705309581845,0.16752291358996912,0.10414832983713788,0.061801470816135406,0.7219280948873623,0.9993736851486332,0.9,0.021202476122599963,0.010222702726326267,0.028871605988649816,0.00847037276220593
medqa_test_00909,qwen3-4b,medqa,B,A,False,True,False,10,10,2122.5,0.3328810759021469,0.22540872337503962,0.1567554060540832,0.05337965860962868,1.3609640474436813,0.9999999991407835,0.85,0.028934892349974522,0.021837851975798964,0.04560851268626996,0.011637361346347807
medqa_test_00842,qwen3-4b,medqa,C,C,True,True,False,10,10,851.1,0.09608134628556764,0.04823352624903452,0.025283593171359354,0.07082542777061462,0.0,4.94445025300324e-09,0.95,0.01872075281967866,0.002869892619717144,0.02070833001858365,0.011678781252101728
medqa_test_00654,qwen3-4b,medqa,B,B,True,True,False,10,10,2241.7,0.2849749805035523,0.17283439767961983,0.10831030666426704,0.06702624261379242,0.0,1.0,0.95,0.013175739905601341,0.013143792466659133,0.025564285723056256,0.02295829027585946
medqa_test_00031,qwen3-4b,medqa,C,D,False,False,False,4,8,3679.0,0.37565067475535036,0.24317845770104154,0.15776140200495223,0.046821266412734985,0.5435644431995964,0.9999999997538302,0.95,0.02434619672995097,0.007022641808198697,0.02981890258733026,0.007766459125263643
medqa_test_00041,qwen3-4b,medqa,C,C,True,True,False,10,10,903.1,0.11291945092735452,0.05398318950140011,0.026431485563134027,0.04834703728556633,0.0,1.0,0.95,0.014803554155998965,0.007883431031916549,0.022126882871990227,0.018386757914402065
medqa_test_00942,qwen3-4b,medqa,B,B,True,True,False,10,10,1622.4,0.25979995527991967,0.1606582781691054,0.0979089080895154,0.0411045178771019,0.0,5.602794802912369e-09,0.95,0.01111345705149396,0.01478270276392966,0.0251961119193775,0.02353558207305661
medqa_test_01123,qwen3-4b,medqa,E,E,True,True,False,10,10,1187.7,0.16925859638023583,0.0917092541842614,0.04902729645174151,0.042518701404333115,0.0,0.9996646499045014,1.0,0.01634706990289917,0.015973946667710556,0.029566000277889533,0.008114892667127772
medqa_test_01101,qwen3-4b,medqa,A,A,True,True,False,10,10,568.7,0.03498972303934763,0.012072552407109504,0.005897266348741404,0.03917795419692993,0.0,0.999620017416019,0.95,0.020784494107809515,0.005266589076540256,0.023855167506948355,0.014516224192510977
medqa_test_00053,qwen3-4b,medqa,D,D,True,False,False,9,9,2557.8,0.3100647601614682,0.2005670489271497,0.12948237994324358,0.03712758049368858,0.0,0.9999991684718732,1.0,0.019775036422684567,0.010817880845991909,0.02885100462598684,0.016422469117870563
medqa_test_01196,qwen3-4b,medqa,D,D,True,True,False,10,10,776.0,0.05854687999207371,0.02796714970212024,0.01574889390095322,0.04408670589327812,0.0,0.9999999992417438,0.95,0.013301325000059459,0.00244715978384324,0.015495381924429738,0.012925458194039521
medqa_test_00019,qwen3-4b,medqa,E,C,False,True,False,10,10,1754.9,0.277280658996756,0.1739455820148758,0.10996800518947429,0.03564296290278435,0.0,0.0,0.9,0.028860800944228538,0.010541228601085039,0.0385987182910334,0.008529302028609492
medqa_test_01038,qwen3-4b,medqa,A,B,False,False,False,1,5,4017.6,0.4295524776028108,0.30277117220985733,0.21563834167860482,0.06167936325073242,1.9219280948873623,8.592166316068626e-10,0.9,0.025643819344187607,0.01763811495252853,0.03989616328691599,0.008315903913498691
medqa_test_00980,qwen3-4b,medqa,C,B,False,False,True,10,10,2199.7,0.2804080191572879,0.17946406166667367,0.11892897728707559,0.06284896284341812,0.7219280948873623,1.0,0.95,0.0264906179768636,0.007765139258978697,0.03302698072591721,0.012052193459867045
medqa_test_00258,qwen3-4b,medqa,E,E,True,True,False,10,10,1825.3,0.21960841821746682,0.1346628140463544,0.08679010288770289,0.09193988144397736,0.0,0.9999999999982343,0.95,0.01282999151274121,0.013008198765328775,0.024433676163253183,0.011472656113487176
medqa_test_00431,qwen3-4b,medqa,B,D,False,True,False,10,10,909.8,0.17515417776296233,0.1032615608502542,0.06220313408401425,0.06100642308592796,0.0,0.9991959141740138,0.85,0.02392724327319058,0.010433664664353724,0.032639004114233344,0.013533891514447092
medqa_test_00284,qwen3-4b,medqa,B,D,False,False,False,7,10,3326.5,0.3466158933003611,0.23437086413356858,0.16319968547761626,0.04351671412587166,1.1567796494470395,0.9999785550664473,0.95,0.015529917047310831,0.011537182064592472,0.024739937134829897,0.008604446406589427
medqa_test_00986,qwen3-4b,medqa,D,C,False,True,False,10,10,899.4,0.11897310126503431,0.06178547217187891,0.03427434465527217,0.06299169361591339,0.0,0.0,0.95,0.027439660004263382,0.0037853648071594337,0.0298090728911581,0.01396716631947581
medqa_test_00345,qwen3-4b,medqa,C,C,True,True,False,10,10,812.0,0.06718546770015416,0.02881041197363533,0.013259989741983502,0.05273382365703583,0.0,1.0,0.95,0.02015880652328797,0.004748342972084378,0.02387670488067516,0.01784684234774973
medqa_test_00748,qwen3-4b,medqa,A,A,True,True,False,10,10,1129.2,0.13024354347155667,0.06783977246793033,0.03615799697716863,0.08002003282308578,0.4689955935892812,0.9999999993308415,1.0,0.017672232613359713,0.012117962220571482,0.027747001064740918,0.013604035407066135
medqa_test_00465,qwen3-4b,medqa,D,E,False,True,False,10,10,2054.6,0.22627431120478234,0.12467246100128451,0.06916353219122753,0.046393830329179764,0.4689955935892812,0.9999999999985363,0.9,0.02660572410205539,0.012092596889252126,0.03591021514185102,0.009397132059327911
medqa_test_00216,qwen3-4b,medqa,E,B,False,False,True,9,9,2698.4,0.29604182247660393,0.1846917612739251,0.11433983054631938,0.05906299501657486,1.836591668108979,1.0,0.03,0.026995071637145734,0.01219788253379642,0.036170052165255075,0.011971568779547966
medqa_test_00335,qwen3-4b,medqa,B,B,True,True,False,10,10,2132.5,0.23687488416119953,0.14049956440187938,0.08357838844436521,0.06965309381484985,0.0,1.0,0.95,0.028258551629298644,0.013784995158950519,0.038371704635916375,0.008176882070351717
medqa_test_00739,qwen3-4b,medqa,A,C,False,True,False,10,10,2261.6,0.29113638139898607,0.18219467084464694,0.11724335069459726,0.0487658828496933,0.4689955935892812,0.999999986559597,0.9,0.018931770067943842,0.007722577419993737,0.025588600323913017,0.0074282602002423755
medqa_test_00266,qwen3-4b,medqa,B,D,False,True,False,10,10,2961.5,0.3939223453042763,0.27325122008865005,0.18965711086451525,0.044278811663389206,0.9709505944546686,0.9999869928761862,0.95,0.016809378818273085,0.00800295616480497,0.023938368143190523,0.01572778246063929
medqa_test_00811,qwen3-4b,medqa,E,E,True,True,False,10,10,929.5,0.09535766253680947,0.04600590839007133,0.022536333913447802,0.0458516851067543,0.0,0.9999999992417438,0.95,0.02248786781803424,0.0048304281128185335,0.02639765140799747,0.007055285142608905
medqa_test_01164,qwen3-4b,medqa,A,,,False,True,2,7,3769.5,0.4031187170031087,0.2780558273517418,0.1873165197181291,0.03838372230529785,0.9852281360342515,0.0,0.02,0.02281905201376672,0.012490992001838674,0.03303225436727903,0.01619559749552547
medqa_test_00472,qwen3-4b,medqa,D,,,False,True,5,7,3731.3,0.38047998564222857,0.2536061270722955,0.17013280570115993,0.04866869002580643,0.5916727785823275,0.9999785550592565,1.0,0.01777254340856966,0.01636617754914567,0.03173040220452906,0.02039587693864821
medqa_test_01084,qwen3-4b,medqa,D,B,False,False,True,4,6,3479.3,0.39804056577744495,0.28038025211143375,0.2014977381846661,0.08961358666419983,1.4591479170272448,0.999948557771248,0.95,0.025207904107296637,0.013131643960160182,0.03613340017563974,0.010758209175054764
medqa_test_01076,qwen3-4b,medqa,B,E,False,True,False,10,10,1005.5,0.24830727253528034,0.16117172139062436,0.10407957200850645,0.04168802872300148,0.0,0.9999994956525846,1.0,0.02583295181088003,0.004942865993097431,0.030504902629649243,0.016696566722104948
medqa_test_00085,qwen3-4b,medqa,C,A,False,True,False,10,10,2029.5,0.3542621608435435,0.2377343756640279,0.157943344396361,0.06982508301734924,0.0,0.999933947839739,0.95,0.01552048665059481,0.008639981989854719,0.02308188718592728,0.017260138374594496
medqa_test_00792,qwen3-4b,medqa,C,C,True,False,False,9,9,2991.8,0.31686129164875343,0.19256841431598545,0.11796890553039516,0.025746438652276993,0.5032583347756457,0.9999994956527893,0.9,0.02398262377942783,0.012292496057619203,0.034186257069727444,0.015063318823365876
medqa_test_00577,qwen3-4b,medqa,B,B,True,False,False,9,10,2215.3,0.2902570907409805,0.18275846246574085,0.1183986306375846,0.07133962959051132,0.0,1.0,0.95,0.02465539900279886,0.007092662667889625,0.0308994261109743,0.010349788079423702
medqa_test_00403,qwen3-4b,medqa,E,D,False,True,False,10,10,1851.4,0.23985682376593748,0.14686539408830057,0.09182453271386042,0.04298606887459755,0.0,0.999999999594135,0.95,0.03119867786138953,0.018337623537187465,0.04319402809370825,0.009932556419297937
medqa_test_00027,qwen3-4b,medqa,A,A,True,True,False,10,10,601.3,0.04696712199220308,0.01683728861881747,0.0074195483432556554,0.050814151763916016,0.0,0.9999999999999762,1.0,0.01842945055178217,0.004286325264524844,0.020256780826950933,0.00904072209211861
medqa_test_01148,qwen3-4b,medqa,A,A,True,True,False,10,10,594.1,0.07858725175302321,0.040722992061147746,0.021826908069488025,0.02757125347852707,0.0,0.9999885212373201,1.0,0.01030825488555023,0.005464922190038114,0.015356768486248881,0.024173469697489264
medqa_test_01122,qwen3-4b,medqa,A,A,True,True,False,10,10,1401.0,0.16224119158202707,0.09059462092919708,0.05208864781686814,0.05501390993595123,0.0,1.0,0.95,0.013101793336961143,0.004892380241920957,0.017925065078536563,0.00969059416653191
medqa_test_00478,qwen3-4b,medqa,C,C,True,True,False,10,10,1742.9,0.2703633970919288,0.16814080886654406,0.10700950560715242,0.050740908831357956,0.4689955935892812,1.3176514264683715e-10,0.95,0.02438312238595599,0.016192657549050297,0.03781707624178039,0.020866407905479584
medqa_test_00169,qwen3-4b,medqa,D,D,True,True,False,10,10,543.1,0.03522764952888504,0.010347541228766455,0.0027897063650043743,0.051498740911483765,0.0,1.0,1.0,0.01313500526187974,0.0025973529009149674,0.013871684775386112,0.006983661199105628
medqa_test_00414,qwen3-4b,medqa,E,E,True,True,False,10,10,946.5,0.10396211673424635,0.05195778521708808,0.026929686160692624,0.05925188213586807,0.0,0.9999999123575151,0.95,0.02265565476016161,0.002508946595956322,0.024466902426402638,0.010474758546396715
medqa_test_00344,qwen3-4b,medqa,A,D,False,False,False,9,9,2376.0,0.2979622395117846,0.19184840519857715,0.12572110463869607,0.06399556994438171,0.0,0.9999970976876688,0.95,0.025336316566616564,0.013315943563888762,0.03616876047413068,0.00935333193558276
medqa_test_00774,qwen3-4b,medqa,E,D,False,False,True,10,10,2665.0,0.421872039962499,0.3152173346512377,0.23914374544235253,0.05307747423648834,0.9709505944546686,0.9999599365658586,0.95,0.03295027955291092,0.02678188001688834,0.052642550412610546,0.005095635163900457
medqa_test_00029,qwen3-4b,medqa,D,A,False,True,False,10,10,1902.0,0.3122728815531116,0.2181767480970474,0.1552050232464098,0.07657206058502197,0.9219280948873623,0.999999999721053,0.95,0.019505674266713374,0.01260938512579204,0.030009540647153117,0.009952850048987907
medqa_test_01073,qwen3-4b,medqa,E,B,False,True,False,10,10,1262.5,0.19610018437182078,0.11088333309485843,0.06558289632427734,0.03141072764992714,0.9219280948873623,0.0,1.0,0.008751294416976677,0.010135323977146731,0.018085452937409784,0.01693079484696422
medqa_test_00773,qwen3-4b,medqa,A,A,True,True,False,10,10,1979.1,0.3136546431269932,0.21029159467721098,0.14300638401035104,0.06462054699659348,0.4689955935892812,0.9999999468421439,0.95,0.028517445837335335,0.017679230951058073,0.042027152054788026,0.013364046385170053
medqa_test_00279,qwen3-4b,medqa,B,B,True,True,False,10,10,1943.1,0.25735153498949187,0.16114506115462873,0.1044227193835292,0.0847785696387291,0.4689955935892812,0.0,0.95,0.02316721819988175,0.010591349668925727,0.03283941480992838,0.009277271339839143
medqa_test_00710,qwen3-4b,medqa,D,D,True,False,False,9,9,2396.4,0.2807787939653369,0.16900213113966028,0.1053770716863989,0.04862155020236969,0.0,,0.85,0.022322875987537485,0.013274238856111403,0.033871031687338314,0.011177931599633675
medqa_test_00499,qwen3-4b,medqa,D,D,True,True,False,10,10,1269.9,0.1526675782261822,0.08080695107380323,0.044182384575032554,0.09121765196323395,0.0,0.99999998813888,0.95,0.014012228536001776,0.009900427035375529,0.022727139384307243,0.012144744284714785
medqa_test_00225,qwen3-4b,medqa,C,C,True,True,False,10,10,725.5,0.12964717762184036,0.061017428567225515,0.031053096402720293,0.05257072299718857,0.0,0.9999832985895647,1.0,0.01116281262215577,0.006837604227263094,0.017165660830235782,0.024139690576481528
medqa_test_00559,qwen3-4b,medqa,B,B,True,True,False,10,10,479.9,0.07081037605134291,0.03320522133705245,0.016768048013351588,0.028754515573382378,0.0,1.0,1.0,0.015865024176219093,0.00298039401370011,0.01827685615825067,0.022044326834840366
medqa_test_00770,qwen3-4b,medqa,B,B,True,True,False,10,10,638.0,0.09747635979978213,0.048946706692667596,0.026140647753758017,0.055510349571704865,0.0,0.9984988176519516,1.0,0.023604373346264286,0.005653271679983342,0.02902562646476271,0.031113740454813014
medqa_test_00979,qwen3-4b,medqa,D,D,True,False,False,8,8,2928.4,0.33360728539853823,0.22031480753933788,0.14832759360239658,0.053002480417490005,0.0,0.9999038976943744,0.95,0.014209770041613386,0.013811016777956648,0.027310546573442847,0.014395561922676816
medqa_test_00399,qwen3-4b,medqa,B,B,True,True,False,10,10,2135.8,0.22375816438265664,0.1385731202046013,0.0860359510977825,0.08187108486890793,0.0,0.962673110514086,0.95,0.02320120656280187,0.008996531872984352,0.030443145845402763,0.0033131627469934325
medqa_test_00305,qwen3-4b,medqa,B,B,True,True,False,10,10,994.9,0.14394318786797303,0.07251017970070892,0.03991520556216462,0.055953916162252426,0.0,1.0,0.95,0.01750170846355731,0.006762913413253547,0.023980451745444643,0.01570918453959514
medqa_test_00360,qwen3-4b,medqa,A,A,True,True,False,10,10,1103.9,0.12427914719745306,0.0621495884717745,0.03360241162025272,0.07017713785171509,0.0,0.0,0.95,0.019125597063891314,0.010101635618346422,0.027346810469102496,0.009387921753848928
medqa_test_01141,qwen3-4b,medqa,C,C,True,True,False,10,10,923.1,0.08643688943459836,0.039013361580614025,0.017475593273410462,0.05873473361134529,0.0,0.9999724643058863,0.95,0.024440343332918134,0.003497625272916748,0.027238313421250583,0.020066451273924518
medqa_test_01008,qwen3-4b,medqa,E,D,False,False,True,6,6,3715.9,0.3166327664577768,0.19875953390014525,0.12635112547369784,0.05018802359700203,0.9182958340544896,0.9999998362623169,0.85,0.020018936757320395,0.009124897341791187,0.02749135316429329,0.00952015711183802
medqa_test_01054,qwen3-4b,medqa,A,A,True,True,False,10,10,1472.6,0.30238631366730706,0.1963818491039558,0.129907442324494,0.060282591730356216,0.4689955935892812,1.0,0.95,0.015031757747439117,0.011323628785607606,0.025685319768687896,0.016770796138794848
medqa_test_00690,qwen3-4b,medqa,B,B,True,True,False,10,10,1583.8,0.2938427935994638,0.20152299632334708,0.14250159569664267,0.04505722224712372,0.0,0.270614581845179,0.95,0.025714605124965973,0.01837944907989235,0.040546700627693624,0.013036181855623783
medqa_test_00020,qwen3-4b,medqa,C,C,True,True,False,10,10,1199.7,0.23294369340756674,0.14208799699018929,0.08665314231554751,0.05663429945707321,0.0,0.9914225129643958,0.95,0.022969334492009177,0.010399227495844224,0.031117643576736714,0.012164253667201383
medqa_test_01009,qwen3-4b,medqa,D,D,True,True,False,10,10,2122.6,0.2700232173632007,0.16530062930064685,0.10250876583863718,0.03960978612303734,0.0,4.058654274763731e-10,0.95,0.012951363520568476,0.014240555289614942,0.0261867396692938,0.017597191583536054
medqa_test_00398,qwen3-4b,medqa,E,E,True,True,False,10,10,1204.9,0.15297333203532087,0.07405363977702323,0.03689501146754074,0.05643705651164055,0.0,1.0,1.0,0.013939352106108421,0.009251408110028425,0.021191750690228262,0.02433758324211427
medqa_test_01169,qwen3-4b,medqa,C,C,True,True,False,10,10,1653.3,0.18672284750785947,0.1002931729645495,0.05441868551199408,0.04389651119709015,0.0,0.9999921107469587,0.95,0.02029093384974401,0.004382839362767684,0.02393101443533494,0.010806276476442988
medqa_test_00211,qwen3-4b,medqa,B,D,False,True,False,10,10,1509.9,0.20447365056811262,0.12187640843759313,0.07355801175591026,0.06448490172624588,0.0,0.0,0.95,0.01798207539484386,0.01288137756464463,0.028610032895061255,0.009811359052533948
medqa_test_00063,qwen3-4b,medqa,A,A,True,True,False,10,10,1556.0,0.3149522395906935,0.2128222271315811,0.14603066915143717,0.07143402099609375,0.0,0.9999997617631549,0.8,0.026217802042363746,0.009824194819858311,0.03433221210147023,0.01740497526988176
medqa_test_00425,qwen3-4b,medqa,C,D,False,True,False,10,10,1289.6,0.27234460204342453,0.17529114194798173,0.11759331776251032,0.05186107009649277,0.0,1.0,0.95,0.02447914114166134,0.0059819217074442346,0.029746616629024468,0.026452036727174822
medqa_test_00477,qwen3-4b,medqa,B,E,False,False,False,7,8,2890.9,0.45046220053003394,0.326065924245317,0.23647103503026598,0.05732577294111252,0.0,0.9999999804443193,0.95,0.01368952429009793,0.01331442989386146,0.025728479695906525,0.014767059242262664
medqa_test_01015,qwen3-4b,medqa,A,A,True,True,False,10,10,862.5,0.11196175096568495,0.058511762839844605,0.03476121984136325,0.05147576332092285,0.0,1.0,1.0,0.013326042185553754,0.00295969458610272,0.01537917188483651,0.007779744972473168
medqa_test_00846,qwen3-4b,medqa,D,D,True,True,False,10,10,1096.6,0.17535807730714043,0.09991568511167917,0.05746403071892142,0.06101127341389656,0.0,0.9999999804443193,0.95,0.022363435767824312,0.004446768936606881,0.026709194603421093,0.00584696279413126
medqa_test_00417,qwen3-4b,medqa,A,A,True,True,False,10,10,1029.9,0.10745394288800617,0.0510166029668128,0.024184905704317184,0.044823698699474335,0.0,0.9999999997510958,1.0,0.01597171493539383,0.004162504967633792,0.019712380526859277,0.014011061986616108
medqa_test_01092,qwen3-4b,medqa,C,C,True,False,False,9,9,1969.4,0.4030957136855321,0.2986800879747502,0.22497802364376662,0.07751532644033432,0.0,0.9999984465030859,0.06,0.02088476336747044,0.009901782728165285,0.02995642682730722,0.023929871916441255
medqa_test_01190,qwen3-4b,medqa,E,E,True,True,False,10,10,874.6,0.11348623382151199,0.061025916114548814,0.03659648844742517,0.0398927740752697,0.0,0.9999987901358801,1.0,0.020749774235563772,0.00964597355612826,0.026097688796741892,0.014670670317511741
medqa_test_00219,qwen3-4b,medqa,A,A,True,True,False,10,10,1735.7,0.19940528588152814,0.12225086959535489,0.077943677297483,0.08371372520923615,0.7219280948873623,0.9999999999705992,0.95,0.02168243354870701,0.010784676933969516,0.030385882208763627,0.009601820687822329
medqa_test_00156,qwen3-4b,medqa,B,B,True,True,False,10,10,1357.1,0.13414383089423526,0.06841347933178718,0.033548018818549394,0.06600071489810944,0.0,5.043474683243211e-07,0.95,0.018442042722854154,0.007115621662481008,0.02439335464895345,0.012864873867102278
medqa_test_01055,qwen3-4b,medqa,C,C,True,False,False,9,10,1665.9,0.216037639761243,0.1286568908172373,0.08130086303531794,0.07014934718608856,0.4689955935892812,0.9999999865595918,0.95,0.022335699768210704,0.01606511794871715,0.034821702487250035,0.009375510566118227
medqa_test_00236,qwen3-4b,medqa,A,A,True,True,False,10,10,471.7,0.024074262995592434,0.008272842359292898,0.003977733450268073,0.04644213616847992,0.0,0.9999999995941349,1.0,0.01039583679483638,0.003481873942643773,0.013209213421131641,0.01239903385125141
medqa_test_01046,qwen3-4b,medqa,B,B,True,True,False,10,10,1174.8,0.2551682696308556,0.1616297725054922,0.10548635010193645,0.03242127224802971,0.0,1.0,1.0,0.004963954238517503,0.01224900757392645,0.01714898228589245,0.024756289060402847
medqa_test_01114,qwen3-4b,medqa,D,B,False,False,True,10,10,2013.7,0.3167353647720579,0.20595021282166695,0.13274354278401387,0.05698743835091591,0.0,0.9982992822123185,0.95,0.02553541003535078,0.018711165432769968,0.04169559095845671,0.01426508980556879
medqa_test_00999,qwen3-4b,medqa,E,E,True,True,False,10,10,1307.4,0.22400589804395343,0.13622366899596408,0.08390452459780184,0.05378684401512146,0.0,0.9999999966017321,0.95,0.02419553831185876,0.0143855459224291,0.0361012669284162,0.013871297555843497
medqa_test_00553,qwen3-4b,medqa,B,B,True,True,False,10,10,597.9,0.0744702645488344,0.029551985050220685,0.015563243416647743,0.03210467845201492,0.0,0.0,0.95,0.013272889602094768,0.007121611540132515,0.020262400745926095,0.0190091916736589
medqa_test_01160,qwen3-4b,medqa,C,C,True,True,False,10,10,779.1,0.06935722086650739,0.030682640796012017,0.013665977110511086,0.0406312420964241,0.0,1.0,0.95,0.014174425786804598,0.0016544331851511978,0.014812745268353317,0.007237725440219567
medqa_test_00943,qwen3-4b,medqa,E,E,True,True,False,10,10,655.4,0.09570960442624094,0.04282264315232294,0.0186261420721075,0.05265934765338898,0.0,0.996406402567654,1.0,0.009316680421482048,0.006055036397501915,0.014958562797841182,0.01806247432362689
medqa_test_00916,qwen3-4b,medqa,A,A,True,True,False,10,10,1413.7,0.18880045953946342,0.10463597431159558,0.06276161282253054,0.05321173742413521,0.0,1.0,0.95,0.024352355441471144,0.00969552005299146,0.03294985511585465,0.011674054488420444
medqa_test_00705,qwen3-4b,medqa,D,D,True,True,False,10,10,1046.5,0.09645793950271184,0.04759288654551698,0.025997312478216128,0.05714685097336769,0.0,0.9999599363048219,0.95,0.017265362245170945,0.003746240366623505,0.02084675272683261,0.01568123361069291
medqa_test_01178,qwen3-4b,medqa,B,B,True,True,False,10,10,1039.5,0.1425639026293874,0.07349408381842226,0.03863135324349524,0.05967322364449501,0.0,0.9959298617353358,1.0,0.01494006580327312,0.016304135655738454,0.028282583981827543,0.011523176921858577
medqa_test_00079,qwen3-4b,medqa,C,C,True,True,False,10,10,1823.4,0.32943703710387384,0.22570733462961598,0.15379825629949012,0.04952491074800491,0.0,0.9999999634651793,0.95,0.016756693967884335,0.009797900162627441,0.024986009338316018,0.01841028546062064
medqa_test_00450,qwen3-4b,medqa,B,B,True,True,False,10,10,1470.6,0.20232555606462918,0.12669374061251562,0.08508049712672641,0.07304549962282181,0.0,0.11920293287157854,1.0,0.018234997666785678,0.015446323381528645,0.03014925568145339,0.011619384712953935
medqa_test_00281,qwen3-4b,medqa,D,D,True,True,False,10,10,664.5,0.10121695310092105,0.0466825387867351,0.022273789631226983,0.06335229426622391,0.0,0.999999554915348,0.95,0.004866030351345507,0.005424500821591781,0.009291152452002257,0.011064807153605638
medqa_test_00967,qwen3-4b,medqa,C,D,False,True,False,10,10,1673.9,0.32641938757209776,0.22161311054982363,0.14984112215525103,0.052838124334812164,0.9709505944546686,0.9999977396759162,0.95,0.02360388555828399,0.011307253821385428,0.032985660841157824,0.02136844748552929
medqa_test_00641,qwen3-4b,medqa,A,A,True,True,False,10,10,697.3,0.09218587524043029,0.04047205361935914,0.017238730875453846,0.05057290941476822,0.0,0.9998204726246782,1.0,0.02066284933372963,0.010037677476993249,0.028680848527641335,0.012461420021874857
medqa_test_00496,qwen3-4b,medqa,D,D,True,False,False,8,8,2704.1,0.3262952957508124,0.2124179922031677,0.13804427078687423,0.06304604560136795,0.0,6.560200167586453e-12,1.0,0.01189530136891261,0.013531226079750805,0.024876614880827368,0.017038063285775996
medqa_test_00533,qwen3-4b,medqa,B,B,True,True,False,10,10,1173.0,0.16056428420857,0.09476719334484815,0.05592207984697105,0.036463432013988495,0.0,1.0,0.95,0.013172072763284474,0.008825681707373054,0.020254261638981065,0.006883210863803268
medqa_test_00891,qwen3-4b,medqa,A,E,False,False,True,8,8,3284.6,0.47333591092551436,0.3483649263309826,0.25514559420523025,0.07484559714794159,1.4056390622295665,0.9999999999972653,0.7,0.018482814220331396,0.011922654573008088,0.02832271571702799,0.01801080405384356
medqa_test_00885,qwen3-4b,medqa,C,C,True,False,False,8,10,3464.6,0.3975063224864308,0.2684804041485588,0.18222191020837974,0.04496882110834122,0.9219280948873623,0.0010322308279788511,0.7,0.02795888422621115,0.012814386803832295,0.038680531893543625,0.004665998049335654
medqa_test_00253,qwen3-4b,medqa,D,D,True,True,False,10,10,2095.1,0.29958983123657074,0.19138175366808063,0.12427653374001577,0.08335897326469421,0.0,1.0,0.95,0.019651157532825404,0.012564645390273693,0.029963894181694282,0.0184227467000549
medqa_test_00265,qwen3-4b,medqa,E,B,False,True,False,10,10,1900.5,0.27288511932001547,0.16538151753897096,0.10070313146531004,0.04560665413737297,0.0,0.9999251537370122,0.95,0.025514909682515723,0.01106992797190955,0.03397457250384632,0.010327615517060077
medqa_test_01094,qwen3-4b,medqa,C,A,False,True,False,10,10,1974.2,0.2495121240243939,0.16189653584849897,0.10928132805430484,0.07719586789608002,1.3609640474436813,0.9999999226557447,0.95,0.01847036883506812,0.013213874646183284,0.02923779123538669,0.004971152498913152
medqa_test_01147,qwen3-4b,medqa,A,A,True,True,False,10,10,1003.2,0.15371381203175946,0.08355851485418937,0.04644097347198835,0.04961177334189415,0.0,0.999860177910115,0.95,0.03389977585556405,0.00607758500744942,0.03850885486337591,0.020961762427299094
medqa_test_00162,qwen3-4b,medqa,D,D,True,True,False,10,10,1055.5,0.09869654368991579,0.04464039382164599,0.021834185301326303,0.05115482956171036,0.0,0.9999997897566794,1.0,0.017034392294312747,0.015318472244847869,0.02976610165660979,0.013190463994776863
medqa_test_00456,qwen3-4b,medqa,B,A,False,True,False,10,10,2899.9,0.49342145847545876,0.38836645608747783,0.3033648687379434,0.038853053003549576,0.9709505944546686,0.9999999907625504,0.95,0.021029946082275736,0.010157337764767986,0.03012412857783256,0.012695321404253414
medqa_test_00732,qwen3-4b,medqa,B,B,True,True,False,10,10,1534.4,0.2150408366158943,0.12738934351019432,0.07641573511592926,0.06130872294306755,0.0,0.9999999999771028,0.95,0.019698126830886002,0.010463043731973248,0.028944364334142197,0.011261567517565785
medqa_test_00436,qwen3-4b,medqa,C,C,True,True,False,10,10,1663.2,0.24253372421199018,0.14765070468578984,0.09299165979462282,0.07452135533094406,0.0,0.9975273768433652,0.95,0.018033240321976132,0.011888366382108403,0.02900193553435329,0.014690055571810365
medqa_test_00516,qwen3-4b,medqa,E,E,True,True,False,10,10,1079.6,0.1627983037499784,0.08600682887135311,0.049484570508997724,0.0495632104575634,0.0,0.9999999847698662,1.0,0.01223850773634063,0.007998087902683932,0.019619506704091353,0.018286128197273852
medqa_test_00627,qwen3-4b,medqa,D,C,False,False,False,6,9,3026.1,0.41292426081122147,0.3005907134505038,0.22202646574408497,0.06329087167978287,0.5032583347756457,0.22270013366638422,,0.019647814496702717,0.009294178447075413,0.027635228599127436,0.01125334655665983
medqa_test_00453,qwen3-4b,medqa,C,C,True,True,False,10,10,2639.0,0.29436958596467955,0.1898900835479759,0.12389723566710156,0.05848157778382301,0.9709505944546686,0.9999999928058669,0.95,0.02803162149076895,0.008601346133578354,0.03546915047753957,0.005652837725523077
medqa_test_00324,qwen3-4b,medqa,A,A,True,True,False,10,10,1064.3,0.14169019799450183,0.07776536845239981,0.04423132519213554,0.06417766958475113,0.0,1.0,0.95,0.01400265078617314,0.005017330355180634,0.019019981141353774,0.011813274850062498
medqa_test_01115,qwen3-4b,medqa,E,E,True,True,False,10,10,1754.6,0.20889452927163984,0.12347708605600785,0.07600185420650138,0.05689043551683426,0.4689955935892812,7.582563035375486e-10,1.0,0.012749402155054823,0.006745512046591871,0.019103502356602284,0.006646210618433818
medqa_test_00572,qwen3-4b,medqa,C,C,True,True,False,10,10,2522.6,0.2702561091707629,0.16005598959301162,0.0972482190158713,0.04017670825123787,0.0,0.9999999123575151,0.85,0.03083393687626309,0.017508439718816864,0.0452805188800953,0.008659921029742914
medqa_test_01004,qwen3-4b,medqa,D,C,False,True,False,10,10,2246.3,0.2197769203700058,0.13152526012178592,0.08155638775179441,0.04912150278687477,0.0,0.9998911032841689,0.95,0.016467479606493966,0.005156105452340502,0.021099430145066125,0.00733074376358815
medqa_test_01082,qwen3-4b,medqa,C,C,True,True,False,10,10,828.9,0.10674942170523072,0.051715215624723365,0.027758897487896027,0.0604696162045002,0.0,0.00029595720168907913,1.0,0.007804170239391469,0.002051933548063916,0.009551689784411243,0.006140343765088084
medqa_test_00136,qwen3-4b,medqa,D,D,True,True,False,10,10,756.0,0.07561923405214341,0.03245137910363398,0.015829752657662823,0.046950940042734146,0.0,0.9999999586006244,0.95,0.022955013283023767,0.00328841056114048,0.024934578926482834,0.016083695615794674
medqa_test_00467,qwen3-4b,medqa,E,D,False,True,False,10,10,2136.2,0.4055574057016787,0.2889369646651024,0.20932746481029246,0.053910382091999054,0.0,0.9999417087636987,0.95,0.009775910952433573,0.009476443605246748,0.018068901694033794,0.012491784571986273
medqa_test_01060,qwen3-4b,medqa,D,B,False,False,True,1,7,4049.2,0.512693685492263,0.3991007955511948,0.31235763364035973,0.06593230366706848,1.8423709931771086,,,0.01312858430028116,0.015036604205287787,0.027350857746420904,0.019197574182046317
medqa_test_00869,qwen3-4b,medqa,A,,,False,True,2,2,3834.8,0.3210728932782624,0.20951538074250897,0.14153090102562244,0.059088341891765594,0.0,0.9999992661856343,1.0,0.008506165506189042,0.012444868660330441,0.020271630002557058,0.01404133560767741
medqa_test_01049,qwen3-4b,medqa,C,C,True,True,False,10,10,676.5,0.12491971091830183,0.06849892735484107,0.03600395786839785,0.03622613102197647,0.0,4.420228103618394e-14,1.0,0.012316582169103474,0.0026270625255671487,0.014489892270878355,0.016940496755182576
medqa_test_01165,qwen3-4b,medqa,B,B,True,True,False,10,10,710.0,0.05422497668242913,0.023557894969803195,0.010172293632580875,0.04818959906697273,0.0,0.9968273169307178,1.0,0.008760404640879804,0.0015585494868275139,0.009885146951618738,0.013342119693433362
medqa_test_00475,qwen3-4b,medqa,D,D,True,True,False,10,10,2036.2,0.2753152796495891,0.17898192048345646,0.11700931988609967,0.10442917048931122,1.0,1.0467399841488078e-08,0.95,0.01511708718394835,0.006600250979679856,0.021202089389381944,0.01410507333241399
medqa_test_00530,qwen3-4b,medqa,A,,,False,True,5,7,3653.3,0.4493313993800127,0.327747049010415,0.24270874603483508,0.059372350573539734,0.863120568566631,0.9996646499686421,,0.02699875149800681,0.010726826161006512,0.03608397112623366,0.007717929502599979
medqa_test_00180,qwen3-4b,medqa,B,,,False,True,5,6,3418.0,0.4151699285141133,0.2823501467788246,0.189475282268106,0.03870464488863945,0.6500224216483541,0.9999999907625511,0.9,0.019132562692638078,0.015402292328862347,0.03263522700689948,0.014584981217629195
medqa_test_01162,qwen3-4b,medqa,E,A,False,False,True,8,8,2725.3,0.4580103121601195,0.3194519498271172,0.2328950556519299,0.062870092689991,1.5,0.9999999995400941,0.0,0.00687720141693029,0.009672493205674954,0.01596077102843187,0.015979701478003074
medqa_test_01221,qwen3-4b,medqa,B,B,True,False,True,7,7,3050.3,0.35154539030804666,0.23065801970432998,0.15326867528867555,0.05459890514612198,1.3787834934861753,0.00020342701593872934,0.95,0.02494239292219213,0.016341108436911753,0.03831506132738598,0.008061823851795229
medqa_test_00915,qwen3-4b,medqa,A,A,True,True,False,10,10,1343.3,0.20541996407627564,0.12829617851005987,0.08174962905077897,0.04906146973371506,0.0,0.0,1.0,0.021873068141848633,0.01130037219900102,0.031051930830803976,0.014814085371070398
medqa_test_00005,qwen3-4b,medqa,E,C,False,False,False,9,9,2781.0,0.3782054485433927,0.2644940982435875,0.1843421527266357,0.05042237043380737,1.5304930567574824,0.9999977396748939,0.95,0.01799335968215918,0.011887826827487336,0.02805061369486026,0.01233709670997073
medqa_test_00671,qwen3-4b,medqa,B,B,True,True,False,10,10,598.7,0.09966157016147419,0.0450555082148256,0.01917388471188606,0.06795229017734528,0.0,0.9999898700087975,0.95,0.015238701477541958,0.0026678326640482636,0.01738011659598736,0.01206464389685424
medqa_test_01243,qwen3-4b,medqa,E,E,True,True,False,10,10,1979.1,0.2578490522878691,0.15544977994846607,0.09464441426322016,0.08857273310422897,0.8812908992306927,0.9999724643121884,0.95,0.017983321653293742,0.010518678613290951,0.02741968556585615,0.014305030134791624
medqa_test_00249,qwen3-4b,medqa,B,B,True,False,False,9,9,2836.7,0.23194735842087266,0.13815400975426795,0.08487279881546349,0.036960165947675705,0.0,0.999999997353428,0.5,0.006435129632644594,0.008176457437085439,0.014376534900440597,0.021192024431823
medqa_test_00800,qwen3-4b,medqa,C,C,True,True,False,10,10,1056.6,0.15890296063034764,0.08266357504521196,0.04247948589273635,0.048675671219825745,0.0,0.9999999943972036,1.0,0.016747727098209268,0.013828867952908021,0.02914515952526355,0.01453643912521917
medqa_test_00506,qwen3-4b,medqa,A,A,True,True,False,10,10,1302.7,0.21876176532628905,0.1296702122182427,0.07907712805537116,0.05751753970980644,0.0,0.9999999998308102,0.95,0.040853962268091425,0.015712068410079185,0.05161487464946833,0.01351420951200911
medqa_test_01220,qwen3-4b,medqa,A,A,True,True,False,10,10,2392.6,0.38412446899633457,0.2674349728225635,0.18676617685278138,0.04743205010890961,0.0,0.999999999868235,0.95,0.02204821401604353,0.01454546301853003,0.03313815214128156,0.009773641372085227
medqa_test_00199,qwen3-4b,medqa,D,D,True,True,False,10,10,1160.9,0.13706673680078346,0.07326884542352474,0.04145114760725913,0.09122494608163834,0.4689955935892812,0.9999999999954912,0.95,0.023036029132047244,0.01082222057902019,0.030734404149311355,0.008641330373447137
medqa_test_00589,qwen3-4b,medqa,E,E,True,True,False,10,10,1129.7,0.32658513582501936,0.22984637699602364,0.16352018641358274,0.03689047694206238,0.0,1.0,0.95,0.013795314617081587,0.009495959863668024,0.0228044730983313,0.0119190197666294
medqa_test_01183,qwen3-4b,medqa,C,B,False,False,False,6,9,3383.4,0.4111088600689601,0.27747333261686374,0.18508080132938884,0.0497940257191658,1.7527152789797045,0.0,0.95,0.031106716444633854,0.015343254263917394,0.04340055463897398,0.013402049767015705
medqa_test_00424,qwen3-4b,medqa,C,C,True,True,False,10,10,858.1,0.11084813618170557,0.05279725844557139,0.027097822857131228,0.03609034791588783,0.0,0.9999999586006401,1.0,0.016119079294545605,0.008590947219049332,0.02393347584616157,0.022450690701682697
medqa_test_01217,qwen3-4b,medqa,E,E,True,True,False,10,10,979.3,0.19668545284532404,0.12537870061917392,0.08615340395507465,0.04314715042710304,0.0,0.9999999987498469,0.95,0.019277853514836008,0.011211066759997532,0.02898783880107352,0.009474795099692542
medqa_test_01063,qwen3-4b,medqa,D,D,True,True,False,10,10,623.0,0.05908902015795573,0.025790299689851515,0.011485800646541611,0.05016934499144554,0.0,1.0,1.0,0.013807968677983062,0.0069728843833593655,0.02010845425971381,0.018646541194991838
medqa_test_00625,qwen3-4b,medqa,C,C,True,True,False,10,10,1860.2,0.2802459566499267,0.17267501599363816,0.10510943779380996,0.049939461052417755,0.0,0.9999999998682348,0.95,0.022298784330379455,0.011237187709505969,0.031814644204511626,0.014931522850362111
medqa_test_00486,qwen3-4b,medqa,C,C,True,True,False,10,10,1454.4,0.24409263044711954,0.15461797756472734,0.10235934207822399,0.07778581231832504,0.0,8.592166611768079e-10,0.95,0.02976216727021671,0.00621051722122581,0.035304013471012495,0.012744541540914247
medqa_test_01229,qwen3-4b,medqa,D,E,False,True,False,10,10,2342.7,0.33458307572280466,0.22160077750137636,0.1473003376184542,0.05469036102294922,0.0,0.999999900688138,0.95,0.013351724023784439,0.008180752016703447,0.020708198393153902,0.016698589098979418
medqa_test_00047,qwen3-4b,medqa,A,A,True,True,False,10,10,1504.1,0.24529281455176116,0.15444445332698628,0.09897199684446358,0.04525323584675789,0.0,0.9999999999622486,0.95,0.01206497588655579,0.005382443683778013,0.01726877768340386,0.012305409955711225
medqa_test_00838,qwen3-4b,medqa,A,A,True,True,False,10,10,753.9,0.1074206571459011,0.05088230192522271,0.02483810992390051,0.05138450860977173,0.0,0.9999724643565844,0.95,0.012322161271496145,0.010961718106771679,0.022325720843614928,0.007804940967010754
medqa_test_00150,qwen3-4b,medqa,A,,,False,True,4,4,3584.8,0.37344654127671884,0.25305693461533824,0.17557024000908256,0.07589218020439148,0.8112781244591328,1.0,0.85,0.024719049466546204,0.018623602608480755,0.04013545705338521,0.005328288404564226
medqa_test_00203,qwen3-4b,medqa,A,B,False,False,False,9,10,2447.0,0.24071551189016133,0.13990852562432804,0.08200384955034422,0.08557223528623581,0.8812908992306927,0.0,0.95,0.02109097789725,0.010749448485735414,0.030425804690235446,0.004699289025486525
medqa_test_00230,qwen3-4b,medqa,C,C,True,True,False,10,10,614.5,0.0811335717341485,0.032367880229172495,0.013868500352654734,0.04924076795578003,0.0,1.0,1.0,0.008801662460839289,0.004252023527241312,0.012578228574831388,0.009932881112268616
medqa_test_01023,qwen3-4b,medqa,D,C,False,True,False,10,10,1591.3,0.20046721987671595,0.11388232625123598,0.06734061387788029,0.06540365517139435,0.0,1.0,0.95,0.021115644736682537,0.011743645955030146,0.03161627801092502,0.006356445040408246
medqa_test_00688,qwen3-4b,medqa,A,E,False,False,False,4,8,3669.7,0.4264787849408015,0.3069976281116803,0.22225883588697332,0.05643511191010475,1.5487949406953985,0.9999151889380576,,0.018894442828743387,0.015481705174255928,0.030829252264027274,0.009747162096627036
medqa_test_01019,qwen3-4b,medqa,A,A,True,True,False,10,10,1459.0,0.3084882018206557,0.2161267239220151,0.151970009294287,0.03922939673066139,0.0,1.0,1.0,0.018518020036847237,0.013746364972089564,0.03142813474292649,0.025830639464950057
medqa_test_00095,qwen3-4b,medqa,D,C,False,False,False,8,10,3149.2,0.39194305069525415,0.2810551306469209,0.20209332034239366,0.057666268199682236,0.7219280948873623,0.9999999988967434,0.75,0.03104580067403765,0.024257158670440853,0.050206069687122955,0.007245846326536624
medqa_test_00343,qwen3-4b,medqa,B,B,True,True,False,10,10,1538.7,0.36016919852673435,0.23736564224385576,0.1539501094296566,0.05658017098903656,0.0,1.0,0.95,0.009656739387087467,0.011332978024530975,0.01998163560634301,0.012070043550069635
medqa_test_00981,qwen3-4b,medqa,D,D,True,True,False,10,10,870.5,0.12074579200974941,0.06172633232910304,0.0328208976089744,0.05909408628940582,0.0,0.9999999992417439,1.0,0.010626653631894478,0.009773400314750418,0.01915413125692972,0.02374115062123433
medqa_test_00648,qwen3-4b,medqa,A,A,True,True,False,10,10,669.2,0.1004625144344586,0.04706537069610519,0.024884204939984687,0.0746271163225174,0.0,0.9999999999934397,1.0,0.009372674328474927,0.007338667882572381,0.016062745908224742,0.012502035944358225
medqa_test_00756,qwen3-4b,medqa,C,,,False,True,10,10,1558.0,0.23639759286464326,0.14500601168587735,0.089779359714184,0.05370808765292168,0.4689955935892812,7.734423672267373e-08,0.95,0.03381724096570382,0.02781206709459496,0.05396972291037666,0.012933463294656103
medqa_test_00527,qwen3-4b,medqa,A,A,True,True,False,10,10,1295.8,0.14892428039019856,0.07440770713643405,0.03632524618806611,0.06310328096151352,0.0,0.9999921107447027,0.95,0.022724422459799744,0.012020638564302898,0.03306481453038955,0.008394757888164139
medqa_test_00290,qwen3-4b,medqa,B,A,False,False,True,1,7,3980.3,0.5299853282094065,0.41471845346976977,0.3240231144187346,0.024623272940516472,0.0,0.9999999918479859,0.95,0.008738452685773248,0.007485619193750145,0.01564753020569595,0.0240460491149908
medqa_test_00086,qwen3-4b,medqa,C,C,True,True,False,10,10,573.7,0.06315631664082885,0.02649976350691079,0.012042298133798302,0.073794886469841,0.0,0.9999974387236549,0.95,0.02416553917763469,0.005091133703891189,0.027154126662369445,0.01508828218463859
medqa_test_00674,qwen3-4b,medqa,B,B,True,True,False,10,10,726.1,0.09562360067980764,0.050008397929987014,0.029609401210032738,0.036054376512765884,0.0,8.592164828613364e-10,1.0,0.007810147405859271,0.005255087515339573,0.012816289106803672,0.018646888289823117
medqa_test_00173,qwen3-4b,medqa,A,B,False,False,False,9,9,2734.6,0.3871715304866268,0.267441135852702,0.18665624621425247,0.04724913835525513,0.5032583347756457,0.9998911030990503,0.3,0.010775719706822107,0.012425639101952829,0.021844103756412776,0.0194616239072006
medqa_test_01040,qwen3-4b,medqa,B,C,False,False,False,4,7,3672.1,0.3668885174844301,0.24529173745537386,0.16562467556488467,0.06466901302337646,1.1488348542809166,0.0,0.95,0.019941193621308192,0.01093809019444313,0.02866520184519205,0.008734725501838413
medqa_test_01156,qwen3-4b,medqa,C,C,True,True,False,10,10,1405.2,0.1474144243886086,0.07384120825562321,0.03946717892108672,0.08785021305084229,0.0,0.9999998362622943,0.95,0.0193621898426446,0.009863407921875612,0.02754695130218603,0.007397030486096426
medqa_test_00948,qwen3-4b,medqa,D,D,True,False,False,9,9,2584.0,0.32142758728272225,0.21193038761459979,0.1404160380555664,0.04548604041337967,0.9910760598382222,0.9999994956523514,0.95,0.014472973590521016,0.007476826093359523,0.02091605650125162,0.014301489630570322
medqa_test_00993,qwen3-4b,medqa,A,C,False,False,False,6,8,3385.9,0.4252609905333224,0.2959536891097855,0.2084335552620476,0.03754015639424324,0.954434002924965,0.9875683490193511,0.95,0.026087769024193148,0.01125104911550153,0.034399884346156005,0.006936093949293001
medqa_test_00721,qwen3-4b,medqa,B,B,True,True,False,10,10,1026.6,0.2635704365489692,0.15332932648709222,0.09675495969971944,0.03342609852552414,0.0,1.0,0.95,0.00625404489403561,0.007426154528691814,0.012949042251959966,0.014464259081520103
medqa_test_00881,qwen3-4b,medqa,A,A,True,True,False,10,10,1394.8,0.16344799776715566,0.09048571099069644,0.051314391766089776,0.0788450762629509,0.0,0.99999998813888,0.95,0.019972268752202017,0.010484458338162087,0.02778189537527373,0.010255550779700952
medqa_test_01214,qwen3-4b,medqa,A,D,False,True,False,10,10,1557.1,0.1898505590508138,0.10698674135378754,0.05915567540138657,0.05458926036953926,0.0,3.466327027434223e-07,0.95,0.025711036832235606,0.011001503904361701,0.0335042837009155,0.012922151329249102
medqa_test_00329,qwen3-4b,medqa,B,A,False,True,False,10,10,959.1,0.11531054529767015,0.05789146833407764,0.033591357022115784,0.05485110357403755,0.0,0.9999999990263799,0.95,0.015231815771641167,0.0054073805214596435,0.019880759595972755,0.010937473300790439
medqa_test_00670,qwen3-4b,medqa,E,A,False,False,False,8,9,2808.6,0.37811171033841784,0.2625525021423484,0.1818446955475098,0.05198277533054352,1.3921472236645345,0.9998911043755341,0.95,0.03615697996486427,0.028224101800298114,0.057429235019255676,0.010965060553347743
medqa_test_00621,qwen3-4b,medqa,E,B,False,True,False,10,10,1841.5,0.25626692563640774,0.16059507701562528,0.10430683891659916,0.051733892410993576,0.0,0.9994472214475567,0.95,0.026842999216432583,0.008850475341098896,0.03374185599884637,0.0075862984524266664
medqa_test_01017,qwen3-4b,medqa,E,E,True,True,False,10,10,891.7,0.11329768147377864,0.054492974956686355,0.02568108104955812,0.07361311465501785,0.0,0.9999999677581336,0.95,0.018269340136003252,0.005099705731427008,0.02267436522637954,0.008104082599956038
medqa_test_01051,qwen3-4b,medqa,D,D,True,False,True,0,1,4057.6,0.36885266173414233,0.26584113016520394,0.20174548211733928,0.05935772880911827,0.0,,,0.009709374145254393,0.013210944921593238,0.02208173770953375,0.013062196962750447
medqa_test_00856,qwen3-4b,medqa,D,D,True,False,False,9,10,2594.6,0.34700716863248526,0.23742127539328156,0.1657288729259861,0.07570090889930725,0.9219280948873623,0.9859363710808163,0.75,0.026917597084544824,0.015030525228792623,0.039502890504882114,0.012300639488881247
medqa_test_00293,qwen3-4b,medqa,A,A,True,True,False,10,10,1433.1,0.2785011059110411,0.17188249373547487,0.10725406567394835,0.046577632427215576,0.8812908992306927,1.3887943864737629e-11,1.0,0.015619596178481757,0.01166803285864801,0.025326906102754277,0.01899389883716107
medqa_test_00311,qwen3-4b,medqa,D,D,True,True,False,10,10,792.0,0.08068465240877432,0.04251979510043012,0.024076117462795386,0.06223665922880173,0.0,1.0,0.95,0.02365178733373143,0.00592080204569987,0.025553242069676796,0.007948291650963977
medqa_test_00000,qwen3-4b,medqa,C,B,False,True,False,10,10,1578.1,0.3667052317127662,0.24542080571487457,0.16386325059764936,0.03149823099374771,0.0,0.9998415637640006,1.0,0.029522600089432978,0.006355338629232809,0.035389621818481716,0.017192659858347493
medqa_test_00561,qwen3-4b,medqa,D,D,True,True,False,10,10,1606.0,0.18956916826313122,0.11251775035803643,0.0705115413748367,0.07345626503229141,0.4689955935892812,0.0,0.95,0.026161906789638888,0.010628353125250626,0.03361532622275738,0.008551374550582434
medqa_test_00415,qwen3-4b,medqa,E,,,False,True,3,8,3852.7,0.38261772302540364,0.2589579780729557,0.17918844848534848,0.043220046907663345,1.811278124459133,1.0,,0.016263701943887935,0.013688966582114182,0.029081622135429242,0.024362436722362678
medqa_test_00308,qwen3-4b,medqa,C,C,True,True,False,10,10,768.6,0.05789883669246061,0.023074903989178785,0.011701783872206873,0.039337776601314545,0.0,1.0,1.0,0.02019725557275714,0.012649137087999696,0.03001756197584061,0.027382425026082974
medqa_test_00582,qwen3-4b,medqa,E,D,False,True,False,10,10,621.4,0.05172808919162153,0.023598096784270106,0.011879905212104237,0.04622502252459526,0.0,0.9999999918479863,1.0,0.014271715369455013,0.0066497004250372265,0.018695794995003283,0.006491874298364453
medqa_test_00630,qwen3-4b,medqa,E,E,True,False,False,5,6,3566.9,0.4131247033751874,0.29051174402576685,0.20376509653821478,0.05196977034211159,1.2516291673878228,1.0,0.95,0.018189093630763948,0.013533654205156422,0.02990470789583678,0.0194910456150283
medqa_test_01264,qwen3-4b,medqa,B,E,False,False,False,7,7,3071.6,0.3267336107644237,0.213897307912191,0.14045076314598676,0.08475108444690704,0.863120568566631,0.9999999999450722,0.85,0.02203607860565753,0.016362839862290823,0.03637598192585987,0.0054797771752884625
medqa_test_00693,qwen3-4b,medqa,C,C,True,True,False,10,10,1380.5,0.16112749460456274,0.08452605510339539,0.04665962081497595,0.059249572455883026,0.0,0.9999999999821676,0.95,0.01919617221749706,0.007972605780293539,0.02601947827131796,0.013605590702977103
medqa_test_00388,qwen3-4b,medqa,C,C,True,True,False,10,10,1048.3,0.15411362139242687,0.08774305967605038,0.04846788337911293,0.05453446879982948,0.0,0.999999974890024,0.95,0.023950626411711508,0.003624291293757987,0.027014730886927362,0.016034011480991133
medqa_test_00914,qwen3-4b,medqa,D,D,True,True,False,10,10,1382.0,0.2244298542915543,0.13168674488116,0.07841499534836052,0.038623105734586716,0.0,0.9999417087406465,0.95,0.013465018629546957,0.009585803195002018,0.02222763559774029,0.0219231007513846
medqa_test_00430,qwen3-4b,medqa,B,B,True,True,False,10,10,861.1,0.12078406885099802,0.060082794565604926,0.03124321113562021,0.03753698617219925,0.0,7.052879850614071e-11,0.95,0.01191356653818431,0.009153476404900869,0.020222341024851567,0.016789809380055733
medqa_test_00196,qwen3-4b,medqa,A,,,False,True,4,5,3596.8,0.48308215961954976,0.3669362498017452,0.2831377549051863,0.0417727492749691,0.7219280948873623,1.0,1.0,0.01754681054482715,0.009640399424965607,0.02598095385599708,0.014089751103765407
medqa_test_00863,qwen3-4b,medqa,A,A,True,True,False,10,10,1972.6,0.2786701003046967,0.17335478743264549,0.11009801941743431,0.0680454820394516,0.4689955935892812,0.9999687996880728,0.95,0.023378815142469957,0.014020349478816505,0.03581497193020835,0.009054790504900366
medqa_test_01097,qwen3-4b,medqa,C,C,True,True,False,10,10,1200.4,0.17358223174365225,0.10521537913472616,0.06889616778989353,0.06972090154886246,0.0,0.9999999317439628,0.95,0.015442874114374307,0.010472398351611713,0.024447474582596027,0.009500627039905025
medqa_test_00302,qwen3-4b,medqa,A,A,True,True,False,10,10,687.0,0.050729920772289924,0.018050485062086508,0.006774076671642526,0.06508802622556686,0.0,1.0,1.0,0.01623680853512336,0.003444934445691987,0.017418389356402865,0.0085036004691298
medqa_test_00713,qwen3-4b,medqa,A,A,True,True,False,10,10,548.0,0.04201450119334654,0.013997835399081882,0.006106555930860613,0.03567403927445412,0.0,1.0,1.0,0.010649800648807793,0.0014362064279749493,0.012086007076782744,0.020986171864322868
medqa_test_00412,qwen3-4b,medqa,A,,,False,True,10,10,1839.3,0.19076444845526103,0.1120270240504675,0.06629412502052022,0.0539204403758049,0.0,2.940079141136346e-11,0.95,0.013742549186024033,0.006077488846724645,0.019613487292198466,0.010700745395478207
medqa_test_01199,qwen3-4b,medqa,A,A,True,True,False,10,10,2242.2,0.29555156228435875,0.18786016324771923,0.12061479781241413,0.054992325603961945,0.0,0.0,0.75,0.03324857725685343,0.02126290352399019,0.04994499026926667,0.009829798022688373
medqa_test_00418,qwen3-4b,medqa,D,D,True,True,False,10,10,691.8,0.04763866315740668,0.017551703477166704,0.008055463797619233,0.07133657485246658,0.0,0.9999869930225816,0.95,0.013084586776138218,0.004676339975322752,0.017458475594008056,0.013116883840617538
medqa_test_00935,qwen3-4b,medqa,A,A,True,False,True,2,10,3822.1,0.4622710172599012,0.34299458419279694,0.25322805845219154,0.03966246545314789,1.5709505944546687,0.9999967112499759,0.9,0.01558174189932604,0.007745375822192861,0.02232209264224011,0.015296883246532524
medqa_test_00316,qwen3-4b,medqa,A,A,True,True,False,10,10,2551.8,0.404182274490804,0.28921047774354014,0.2045352731548963,0.03270847350358963,0.0,0.0004305569787160175,0.95,0.03669288055764033,0.02627145241272786,0.057274812837826185,0.007548508102417031
medqa_test_00519,qwen3-4b,medqa,D,B,False,True,False,10,10,1545.2,0.29233219674978866,0.1875424475461786,0.1206352418245408,0.05496279522776604,0.0,1.0,0.95,0.024000889553511557,0.005947548576881582,0.028695559905285835,0.018228778673888158
medqa_test_00961,qwen3-4b,medqa,A,A,True,True,False,10,10,1702.3,0.2775138171037562,0.18327956703531134,0.11938032992044052,0.04026917740702629,0.4689955935892812,0.9933071535183455,0.95,0.022439538175381357,0.013686608339616416,0.03287020274466818,0.022919480961733008
medqa_test_00737,qwen3-4b,medqa,D,C,False,True,False,10,10,1188.8,0.15438001817762795,0.07632985028246803,0.03940794622124525,0.05049630254507065,0.0,0.9999998874648245,1.0,0.009708501896848909,0.008386111206369357,0.01707687710273981,0.01819540906897761
medqa_test_00127,qwen3-4b,medqa,D,D,True,True,False,10,10,679.9,0.1267452828366791,0.070934475902699,0.04201654398622008,0.050649601966142654,0.0,0.9999952149216745,1.0,0.011286070814000817,0.00390774149850931,0.01494767020137946,0.014016414142006672
medqa_test_00922,qwen3-4b,medqa,A,D,False,False,False,7,8,3238.2,0.32321784261638864,0.2057706232862253,0.13035862855378072,0.05447220429778099,1.4056390622295665,0.0,0.95,0.02211460993776379,0.009405921866306404,0.028985977300273903,0.004626922898291465
medqa_test_00784,qwen3-4b,medqa,B,E,False,True,False,10,10,1364.9,0.2671180891052077,0.1655071576359725,0.10263151845576193,0.06221235543489456,0.7219280948873623,0.9999999994094697,0.95,0.025358844082219965,0.010581817401608944,0.03415293932523515,0.0144130034102051
medqa_test_01102,qwen3-4b,medqa,D,D,True,False,True,10,10,2118.9,0.3738632063623034,0.26155489167289353,0.18300081156011977,0.06236715987324715,0.0,7.484620074552262e-05,0.95,0.025308036060167804,0.016293731558294576,0.039165282299691365,0.011942281381005105
medqa_test_01109,qwen3-4b,medqa,B,B,True,True,False,10,10,909.6,0.09973119373775678,0.053972181908884295,0.031757342917482355,0.07206657528877258,0.0,0.0,1.0,0.007199235928180612,0.007685190143921441,0.014805747865965155,0.012824770345855021
medqa_test_00680,qwen3-4b,medqa,E,E,True,True,False,10,10,460.9,0.06817384086971498,0.02655878508352384,0.012914833904453549,0.054792508482933044,0.0,4.508755242104284e-12,1.0,0.011596867287292766,0.005938635654341636,0.0175355029416344,0.02645255417981753
medqa_test_00930,qwen3-4b,medqa,A,A,True,True,False,10,10,686.5,0.0617469655716128,0.02768571388334514,0.014146314229732037,0.04229229316115379,0.0,0.9999999993308415,0.95,0.02610988050138799,0.007985146774079434,0.03167205359114237,0.006626551202716474
medqa_test_00441,qwen3-4b,medqa,D,D,True,True,False,10,10,1141.1,0.1541274894759439,0.08607019409255112,0.050847793446002224,0.05316818132996559,0.0,0.9999999961492563,0.95,0.023459332907272232,0.015830929344998378,0.036193862492783765,0.009315420908089522
medqa_test_00372,qwen3-4b,medqa,E,A,False,True,False,10,10,2058.5,0.3325797925805107,0.21992452411567207,0.14614584042227957,0.05727464333176613,0.7219280948873623,0.0,0.95,0.026454954598307007,0.00922192076354243,0.033580306951116246,0.01093606791991344
medqa_test_01061,qwen3-4b,medqa,E,E,True,True,False,10,10,1335.0,0.15344407168273427,0.0829687659717098,0.051428797459843946,0.0531064048409462,0.0,0.9999999928058707,1.0,0.017359337345020157,0.009651509228944179,0.02568297532981088,0.011809580057690654
medqa_test_00686,qwen3-4b,medqa,A,,,False,True,5,6,3525.5,0.41860420578666757,0.2964509697500907,0.21087134050399764,0.04653499275445938,0.9182958340544896,0.9999996533672345,0.9,0.01519351273495263,0.015441088961832166,0.028399635950767072,0.00818627059276157
medqa_test_00925,qwen3-4b,medqa,C,C,True,True,False,10,10,527.9,0.03597910402586041,0.010967425618415183,0.003504142254142262,0.04728371649980545,0.0,1.0,1.0,0.008509695790121055,0.0034487962839387953,0.011958492074059851,0.008149220675604172
medqa_test_00992,qwen3-4b,medqa,E,E,True,True,False,10,10,887.6,0.126080440792587,0.0606091979916077,0.031102198611569754,0.050183072686195374,0.0,0.9999989322969994,0.95,0.029633071325457522,0.010265799689973511,0.03486309865786708,0.014924436014118234
medqa_test_00736,qwen3-4b,medqa,A,D,False,False,False,5,8,3421.0,0.4347924580022454,0.3089854278913033,0.22147310667606987,0.06269923597574234,1.061278124459133,0.9999977396747044,0.95,0.024097453204984708,0.009461897694134773,0.03258222772183327,0.01696455754903659
medqa_test_00904,qwen3-4b,medqa,C,E,False,False,False,8,10,2800.9,0.3950389673676825,0.28446979029743547,0.2062158555651929,0.057341109961271286,1.5219280948873621,1.0,0.9,0.037255293996150726,0.027536555668648578,0.057540811236476086,0.010984904849904793
medqa_test_00551,qwen3-4b,medqa,A,E,False,True,False,10,10,2765.7,0.3407808616781066,0.22649623842977004,0.15341633104195437,0.04408425837755203,0.0,1.0,0.95,0.01222571263726608,0.01063526421661109,0.021114204318912488,0.023911205993318266
medqa_test_00532,qwen3-4b,medqa,B,,,False,True,4,4,3642.5,0.4258168945976097,0.31103221643620627,0.23306317534596546,0.0530865341424942,0.0,0.9999756997648833,,0.025904931845736313,0.01855726108009848,0.04163870313604781,0.0058966616725596305
medqa_test_01127,qwen3-4b,medqa,C,C,True,True,False,10,10,645.3,0.09136212615900309,0.041692373283450726,0.01904761178293276,0.051999643445014954,0.0,3.374885804011908e-16,1.0,0.016158866035890996,0.007327936216822269,0.021806362694896178,0.0148932946498338
medqa_test_00783,qwen3-4b,medqa,B,B,True,True,False,10,10,586.3,0.06582155282519524,0.028733637166225644,0.012803707167874523,0.07142576575279236,0.0,1.9179002857978734e-10,0.95,0.01814558845444162,0.007236570448032174,0.024543203927961475,0.01900394974489921
medqa_test_01066,qwen3-4b,medqa,A,B,False,True,False,10,10,2065.0,0.25389669627391154,0.15906664063067588,0.10514780713362741,0.0752829983830452,0.4689955935892812,0.0,0.95,0.02274151749621012,0.017520740278198877,0.03724281832865019,0.008908608480775692
medqa_test_01144,qwen3-4b,medqa,C,C,True,True,False,10,10,1985.2,0.3531046328041191,0.23499452101762128,0.1535520863378473,0.03630881384015083,0.8812908992306927,0.9999999999842628,0.95,0.010697968422268425,0.006583707338923939,0.016274496538376114,0.02099313207146903
medqa_test_00260,qwen3-4b,medqa,C,C,True,True,False,10,10,2204.7,0.30453990142124165,0.199816029352679,0.13189195961558536,0.05681159719824791,0.9709505944546686,0.9999993524054334,0.9,0.03182113698164976,0.01494774513851379,0.04377383975720585,0.012491682999152955
medqa_test_01181,qwen3-4b,medqa,E,E,True,True,False,10,10,1125.8,0.1174233614261102,0.05766726417590727,0.028037936649872242,0.055642709136009216,0.0,0.999999999868235,0.95,0.014756133813261716,0.006609092875960111,0.020997718452792337,0.0135423070732264
medqa_test_00590,qwen3-4b,medqa,C,,,False,True,6,9,3429.8,0.3232722529901915,0.2047984215787871,0.13145901423834747,0.06046144291758537,1.8910611120726526,0.0006263342140729863,0.9,0.018413600800272253,0.013032806709366582,0.0292209805958543,0.007992947453627136
medqa_test_00394,qwen3-4b,medqa,D,D,True,True,False,10,10,1347.6,0.17148726162935785,0.08568747973550259,0.04430939721981865,0.053209252655506134,0.0,1.0,0.95,0.014368005690063048,0.010088139758510636,0.02357957347712058,0.02296264242080464
medqa_test_00795,qwen3-4b,medqa,C,,,False,True,7,9,2630.9,0.3540104653838835,0.24156331525586916,0.16864033041734822,0.05260727182030678,0.9864267287308424,0.9999993524055865,,0.01931006480854482,0.016650238183207204,0.03365280440568298,0.018014432911822958
medqa_test_00523,qwen3-4b,medqa,E,E,True,True,False,10,10,729.5,0.10216705819460396,0.050789613155820215,0.030969416438622766,0.0399886891245842,0.0,3.900837610169895e-14,1.0,0.0148749226882256,0.011479399146275875,0.02496108001208235,0.02091320015276673
medqa_test_00620,qwen3-4b,medqa,C,C,True,True,False,10,10,1341.9,0.30307086628563673,0.2070782303342642,0.14651184133473985,0.04942995309829712,0.0,0.999620017370739,1.0,0.011490357889427937,0.013684331057482787,0.024692045376071545,0.013147344325180771
medqa_test_00446,qwen3-4b,medqa,A,D,False,False,False,9,10,2839.7,0.34416292657642766,0.22614197584896742,0.15130628574212837,0.04755638912320137,0.9219280948873623,0.999738809819489,0.95,0.03205589725376399,0.020863866286588033,0.04652297348293538,0.01045797526923063
medqa_test_01072,qwen3-4b,medqa,D,D,True,True,False,10,10,678.7,0.07379170271104687,0.029130988857824114,0.012937754346252961,0.06769596040248871,0.0,0.9999999998837177,1.0,0.017382704540284337,0.012175216934229236,0.027327909938610673,0.015101474141246343
medqa_test_00746,qwen3-4b,medqa,B,B,True,True,False,10,10,813.3,0.09586134957174394,0.046964600497864974,0.025129435765153574,0.051778942346572876,0.0,0.9999930377578854,0.95,0.023693125443896894,0.008834644298991104,0.03127449794055062,0.010271819718790806
medqa_test_00353,qwen3-4b,medqa,B,B,True,True,False,10,10,1066.7,0.11828214204236591,0.05793861304365135,0.03167377037168582,0.06833994388580322,0.0,0.0,0.95,0.020638894571013568,0.005545713469288206,0.024611864325494694,0.011410009509483671
medqa_test_00444,qwen3-4b,medqa,D,D,True,True,False,10,10,938.0,0.1514051748890574,0.08703896488251367,0.052284310181178906,0.07471663504838943,0.0,0.9999724643500196,1.0,0.017142805363926865,0.002357439379265748,0.019500244743192615,0.013713970610992707
medqa_test_00610,qwen3-4b,medqa,B,D,False,False,True,7,10,2896.1,0.4654423547557043,0.34122109065258877,0.25034441909481747,0.056464437395334244,1.3609640474436813,1.0129987357541705e-05,0.95,0.012991345651671532,0.009186764576129575,0.021551115471624395,0.02740157250067966
medqa_test_00111,qwen3-4b,medqa,C,C,True,True,False,10,10,1078.2,0.10734642539212746,0.054806188190793595,0.03064781529971561,0.05650327354669571,0.0,0.9999599363244986,0.95,0.017954788703404938,0.004886662462918074,0.0225689570771622,0.014799091700423383
medqa_test_00822,qwen3-4b,medqa,C,,,False,True,5,8,3347.8,0.3757122004620023,0.2568287300490455,0.17887268448648672,0.07158853858709335,1.9056390622295665,0.9999996072137993,0.9,0.01488093185926052,0.011005953501858338,0.02464888878182665,0.011197686427070495
medqa_test_01198,qwen3-4b,medqa,B,E,False,True,False,10,10,1318.9,0.24472043060484056,0.15122359778215855,0.09550117642107926,0.03915083035826683,0.4689955935892812,0.9999998724809913,0.95,0.023510043857649047,0.004542525389572161,0.027287408496062614,0.012947210472418324
medqa_test_00594,qwen3-4b,medqa,D,A,False,True,False,10,10,855.1,0.128833557409651,0.07276352073742276,0.04199636451673914,0.05545385181903839,0.0,0.0,0.95,0.02335209807461304,0.002847661705881642,0.025297712612703,0.01354144718961572
medqa_test_00182,qwen3-4b,medqa,B,E,False,False,False,9,9,2469.3,0.2940604338932248,0.18666659802261373,0.11855371881073493,0.061299629509449005,0.7642045065086203,0.9990889515558528,0.95,0.023841524873575617,0.010398670591814183,0.031960526938752606,0.015893535715525205
medqa_test_00972,qwen3-4b,medqa,C,C,True,False,True,10,10,1820.8,0.37496447646436126,0.262755384163152,0.17995503774263857,0.046905241906642914,0.0,8.423463754368114e-12,0.95,0.0259213058937063,0.015165772065351728,0.038494350521134355,0.020394554729874986
medqa_test_00917,qwen3-4b,medqa,E,C,False,False,True,0,4,4057.7,0.4407379703294085,0.316214827035299,0.22813838131031455,0.06520458310842514,1.0,0.9997388096895309,0.7,0.01924709914082582,0.018934500264018734,0.0367528213353884,0.013718726199902456
medqa_test_00028,qwen3-4b,medqa,D,D,True,True,False,10,10,1219.7,0.13423856029583905,0.07063111613417625,0.038758446237606416,0.09237632900476456,0.0,0.9999724643113529,0.95,0.021481179646705345,0.010513278774276628,0.031055987701029596,0.008465690205477156
medqa_test_00339,qwen3-4b,medqa,A,A,True,True,False,10,10,1221.2,0.20798507396700688,0.11253498211242126,0.062290077063535065,0.038943178951740265,0.0,1.0,0.95,0.0175039943089033,0.009428971008383464,0.026391257929153054,0.01726185673193161
medqa_test_00549,qwen3-4b,medqa,B,A,False,True,False,10,10,1971.8,0.2397461348326435,0.14255352998152065,0.08757705920248435,0.062330204993486404,0.4689955935892812,1.0,0.95,0.02788771992307564,0.01523249622511505,0.03946993107193962,0.009599449498717699
medqa_test_00695,qwen3-4b,medqa,B,,,False,True,0,5,4045.0,0.4442508430155726,0.3162442992458865,0.22269031544934076,0.0476033017039299,1.5219280948873621,0.0,,0.013599669716972507,0.012877924618967241,0.025859802776477214,0.013645165645039047
medqa_test_00409,qwen3-4b,medqa,C,C,True,True,False,10,10,864.2,0.10406727465785007,0.052276271948761756,0.029099624863253393,0.05881485342979431,0.0,0.0,1.0,0.006952689152614354,0.006284185160571332,0.012891921181482982,0.010367156556577748
medqa_test_00521,qwen3-4b,medqa,A,A,True,True,False,10,10,935.4,0.1327980040143954,0.07014036512591187,0.03978973991845105,0.05723908171057701,0.0,1.0,0.95,0.011622161388190305,0.004228731809053426,0.01565602206512646,0.013393330026893111
medqa_test_00656,qwen3-4b,medqa,D,D,True,True,False,10,10,1122.6,0.17616749194457762,0.09817215342751186,0.057429828269258264,0.07107163220643997,0.0,0.9999999995941349,0.95,0.02093723211572653,0.007296863686193497,0.02757306174148568,0.010762398659859455
medqa_test_00359,qwen3-4b,medqa,D,D,True,True,False,10,10,1128.0,0.16243216484848996,0.08829705820511076,0.05263856197423482,0.04875997081398964,0.0,0.9999999943972036,0.9,0.015124913290447536,0.008230053832158133,0.022432642962939658,0.011178582045167175
medqa_test_00807,qwen3-4b,medqa,A,C,False,False,False,8,9,3264.3,0.3994675066121599,0.2853718156950651,0.2069309863546526,0.0487288162112236,0.0,0.9999485577701371,0.95,0.024867756555890734,0.010199159578588888,0.03339726168899926,0.011995994557746097
medqa_test_00791,qwen3-4b,medqa,A,B,False,True,False,10,10,2868.3,0.42419042648872346,0.306867317754419,0.22379614309534918,0.04692046344280243,0.4689955935892812,2.6465738879133906e-09,0.95,0.02372148176602811,0.020391359563918538,0.039938720766819494,0.01148205519703093
medqa_test_00071,qwen3-4b,medqa,A,A,True,True,False,10,10,1388.6,0.14883688371373718,0.07338397959179728,0.03606556593227941,0.05523884668946266,0.0,1.0,0.95,0.026014496268735737,0.002752030239060047,0.028150135723470682,0.008009733556911976
medqa_test_01176,qwen3-4b,medqa,D,D,True,True,False,10,10,2633.6,0.3287632321602395,0.2112311394760046,0.13661929145719892,0.053261905908584595,0.4689955935892812,1.0,,0.015938844844396546,0.008179654954293786,0.023318065818016796,0.01120405126554233
medqa_test_00336,qwen3-4b,medqa,A,D,False,False,False,9,9,1846.8,0.19570669043261177,0.11637409609201707,0.07104282684456759,0.06412211060523987,0.5032583347756457,0.9999999973534242,0.95,0.022035164916955258,0.012757776678403342,0.031163208854611973,0.005566473748070112
medqa_test_00408,qwen3-4b,medqa,A,A,True,True,False,10,10,2045.5,0.24774525883775383,0.1431391740082154,0.08706579934176907,0.035798169672489166,0.0,0.9999930377450478,0.95,0.010118506265729995,0.011375357893183726,0.021042416979988682,0.008914188322857106
medqa_test_00197,qwen3-4b,medqa,C,C,True,True,False,10,10,810.1,0.09811966806612751,0.04609283311405071,0.022911966192812105,0.050219424068927765,0.0,0.0,0.95,0.014194533140893764,0.005024526969770191,0.019116705965321067,0.013166752727484504
medqa_test_00675,qwen3-4b,medqa,C,D,False,True,False,10,10,2415.5,0.4023800906142744,0.28901073690881474,0.2100023716693375,0.03503163531422615,0.8812908992306927,0.9999852610160489,0.95,0.026411253047338913,0.012667502841354969,0.035180623431744454,0.01823987481177818
medqa_test_00024,qwen3-4b,medqa,A,B,False,True,False,10,10,1954.2,0.24069703084457378,0.1472647192220735,0.09024032047833971,0.04619298502802849,0.0,6.827624407981158e-08,0.95,0.020991808716804818,0.010282031105889091,0.029801683572599418,0.010599560023549443
medqa_test_01146,qwen3-4b,medqa,C,C,True,True,False,10,10,824.7,0.17759837357733974,0.09461755189314244,0.051693446721086646,0.06570514291524887,0.0,0.9999998874644979,1.0,0.01337139216423569,0.0054445979082589895,0.018729484882183265,0.016982055043376083
medqa_test_00233,qwen3-4b,medqa,B,B,True,True,False,10,10,1085.8,0.16797483734017676,0.09434330028423477,0.053967658943511396,0.06226305291056633,0.0,3.1608840906631083e-10,0.9,0.01658372627707378,0.013348035571880423,0.028343409220853384,0.015454193954478834
medqa_test_00814,qwen3-4b,medqa,E,E,True,True,False,10,10,1583.7,0.3522534476895011,0.25252903603231946,0.17882082982189207,0.06795527040958405,0.0,4.2777914364914796e-11,1.0,0.015150074648614786,0.00800857237040498,0.02282155781491248,0.018936468227142265
medqa_test_00312,qwen3-4b,medqa,B,,,False,True,4,7,3506.9,0.36757939521150096,0.2501793297081175,0.17577631428058066,0.0697375237941742,1.1488348542809166,0.0,0.95,0.028731439019233123,0.022564985602899473,0.04529215594018249,0.004011853154078033
medqa_test_00358,qwen3-4b,medqa,B,B,True,True,False,10,10,1705.2,0.3061798414837173,0.20034600547407488,0.13051609341754905,0.06640195101499557,0.9219280948873623,7.484621747370188e-05,0.95,0.020112605641252806,0.010868503267586463,0.029478954110652072,0.013740647557955172
medqa_test_01113,qwen3-4b,medqa,E,E,True,True,False,10,10,1077.3,0.1993939141949182,0.12400824706637473,0.08050230350592562,0.06190149486064911,0.0,0.9999998362622745,1.0,0.020167629568821756,0.010058655952225095,0.029296967083306435,0.020021374741308932
medqa_test_00204,qwen3-4b,medqa,C,A,False,True,False,10,10,1474.5,0.3424432197326297,0.23218654102352368,0.15855856392512518,0.05856330692768097,0.0,0.9999999997538301,0.95,0.01812350322490127,0.017756645571522147,0.033268475789259684,0.010574983302914459
medqa_test_00227,qwen3-4b,medqa,D,B,False,False,False,8,10,2655.5,0.30595023297274226,0.19691946762833745,0.12983528438224307,0.07003414630889893,0.0,5.7893570169675275e-12,0.95,0.02487833575969999,0.018631632225698188,0.039039619542468935,0.01456981486720082
medqa_test_00481,qwen3-4b,medqa,A,A,True,True,False,10,10,1192.3,0.21034989344636124,0.12560063452006837,0.07779650010217651,0.029576489701867104,0.0,1.0,1.0,0.014215322672857323,0.014252976916898977,0.027630957597718143,0.032119168323712415
medqa_test_01124,qwen3-4b,medqa,E,E,True,True,False,10,10,1607.1,0.23530997009341287,0.14654394902554607,0.09760252789485793,0.06181522458791733,0.0,0.9998415637939012,1.0,0.011092708730738254,0.009109458790307856,0.019364698739765127,0.013242720057726748
medqa_test_00391,qwen3-4b,medqa,B,B,True,True,False,10,10,813.6,0.1047745076735215,0.05081686842102514,0.029629866279940086,0.07604460418224335,0.0,4.277786047374445e-11,1.0,0.014724444537650311,0.009004267369283999,0.022369994689986746,0.010844739246773665
medqa_test_01062,qwen3-4b,medqa,B,,,False,True,5,7,3301.7,0.3535411593602008,0.2361831191384006,0.15938221120052037,0.05507763847708702,1.3787834934861753,1.0,0.9,0.02193564611339913,0.01537316976942146,0.03473966620459984,0.005959609965093373
medqa_test_00718,qwen3-4b,medqa,E,E,True,False,False,9,10,3332.1,0.42546265393922617,0.30118441620638287,0.215229931670664,0.03687701001763344,0.4689955935892812,1.0,0.85,0.025840513459371245,0.01897436196166585,0.04228397169538174,0.01795029544499514
medqa_test_00806,qwen3-4b,medqa,B,A,False,True,False,10,10,1198.1,0.16499541066052342,0.09672055714586539,0.060345884220066745,0.05087662860751152,0.0,0.9999999966017321,0.9,0.015043186091993182,0.007795457948546361,0.022101462081976102,0.010058791525416281
medqa_test_01215,qwen3-4b,medqa,A,D,False,True,False,10,10,1846.5,0.27978276783663986,0.17978975989544174,0.11664885404906919,0.040931783616542816,0.7219280948873623,1.7482341282665322e-13,0.95,0.022926648070392616,0.008770792539790158,0.030909736907688758,0.01983442323771411
medqa_test_00273,qwen3-4b,medqa,A,D,False,True,False,10,10,857.7,0.10015282103956231,0.05026737447747899,0.028448108265910953,0.05570215731859207,0.0,0.9999646438869663,0.95,0.02341490293681885,0.006491325668335371,0.028848279351476595,0.005233198456170776
medqa_test_00254,qwen3-4b,medqa,A,A,True,True,False,10,10,999.5,0.15960699366815975,0.08761292934818227,0.05107912854624819,0.05690846964716911,0.0,0.9999921107406545,0.95,0.023450265769068203,0.0054900489651178285,0.02830207978840908,0.009470968927983164
medqa_test_00752,qwen3-4b,medqa,C,E,False,False,True,1,3,3931.4,0.40127689960075436,0.27589476867940993,0.1961733808870061,0.050849899649620056,0.0,1.0,,0.01857341133740724,0.01519322249666005,0.03172014860740285,0.014846739767181472
medqa_test_00970,qwen3-4b,medqa,D,D,True,True,False,10,10,1897.1,0.21821838773505625,0.13389293623261883,0.08664639318418094,0.033545490354299545,0.0,4.691165234792034e-08,0.95,0.02270570345872557,0.007081541851442111,0.02894265372271427,0.01162862797984274
medqa_test_01256,qwen3-4b,medqa,B,B,True,True,False,10,10,1087.9,0.14542696740415514,0.07145532596647532,0.035665899764106876,0.06530549377202988,0.0,1.0,0.95,0.027704950146404495,0.005787661608716136,0.03260072499470122,0.012786631323354395
medqa_test_00421,qwen3-4b,medqa,C,C,True,True,False,10,10,1859.0,0.26496821850141794,0.15858355015037318,0.09434761005862217,0.04977792501449585,0.9709505944546686,0.9999999998973812,1.0,0.02766801612067447,0.008129133574102443,0.03464662237167219,0.02020809998971176
medqa_test_00801,qwen3-4b,medqa,B,B,True,True,False,10,10,1748.9,0.3455897857759429,0.24543391043009102,0.1798181935735451,0.053837262094020844,0.0,1.0,0.95,0.03607296133922187,0.03408771646927776,0.06311359057224755,0.0069545828823305515
medqa_test_01134,qwen3-4b,medqa,A,E,False,True,False,10,10,1740.9,0.28745204219897397,0.17842056997261507,0.11500909909690082,0.06130728870630264,0.4689955935892812,0.9999999847700205,0.85,0.022503966971280518,0.013695793973530138,0.034868751353818346,0.008273844110955376
medqa_test_00754,qwen3-4b,medqa,B,B,True,True,False,10,10,1799.1,0.3421591337783272,0.23943115363717463,0.16827868751343394,0.06108976900577545,0.0,0.9999994956523512,0.95,0.0184949083541777,0.008787747459847653,0.026472242666308533,0.015051942109343968
medqa_test_00183,qwen3-4b,medqa,E,C,False,False,False,9,10,2106.3,0.2725251901879449,0.16727100926797012,0.10718123782031674,0.05453520268201828,0.4689955935892812,0.9999967112538852,0.95,0.01785802346391851,0.009379785380661608,0.025035579092926585,0.012364574487705041
medqa_test_00025,qwen3-4b,medqa,E,E,True,True,False,10,10,1163.2,0.22919742377585176,0.13456576535425732,0.07482751817624902,0.04067781940102577,0.0,1.0,1.0,0.010372377505160488,0.008846827569111617,0.01866392265971002,0.01750305991156566
medqa_test_00422,qwen3-4b,medqa,A,,,False,True,6,8,3688.5,0.37402428257307735,0.25235498729413647,0.16925762858427024,0.04515334218740463,0.8112781244591328,0.9999930377436084,,0.021259933893254746,0.011760665191169048,0.0313052086097668,0.013552736734697663
medqa_test_00181,qwen3-4b,medqa,E,E,True,True,False,10,10,1507.8,0.27564843961484475,0.1684570259481381,0.10501998677185394,0.04298369213938713,0.4689955935892812,0.9999999677581336,0.95,0.03218965969274622,0.02490105316962827,0.049684836341837214,0.013705667753106934
medqa_test_00830,qwen3-4b,medqa,B,E,False,True,False,10,10,1351.0,0.18019963233993658,0.09876728103623256,0.05710118068722316,0.07539132237434387,0.9709505944546686,1.0,1.0,0.018108147914557223,0.012649013563448774,0.02863429571806591,0.01116243431752564
medqa_test_00819,qwen3-4b,medqa,E,,,False,True,4,7,3906.1,0.45696081594251103,0.32006357763205073,0.22244567391951686,0.10932477563619614,1.4488156357251847,0.9999999748900187,0.05,0.012191064507190855,0.01317329765803849,0.0246717218899631,0.01843134547495135
medqa_test_00166,qwen3-4b,medqa,B,B,True,True,False,10,10,1167.0,0.16006024059820811,0.08939894815846228,0.05339098667925428,0.06223210319876671,0.9219280948873623,0.9999038976081681,0.95,0.01969839582139963,0.015895765213190423,0.032220510238013575,0.008763746075137654
medqa_test_00242,qwen3-4b,medqa,A,A,True,False,False,8,9,2617.4,0.28829580802775434,0.18078759314860568,0.11459679017060113,0.07594973593950272,0.5032583347756457,0.0,0.95,0.02138474008711307,0.012729122395727483,0.031798049865511796,0.015172212261026696
medqa_test_00158,qwen3-4b,medqa,D,D,True,False,False,9,9,2685.9,0.30461221117507464,0.1878371574100301,0.11253516651782672,0.06129421666264534,0.0,0.9999994956523512,0.95,0.014101404408414156,0.013269303742796598,0.026488390877911144,0.018946998467125595
medqa_test_00767,qwen3-4b,medqa,B,B,True,True,False,10,10,1374.4,0.1603921114996437,0.08423264455902738,0.04702998600746677,0.062418822199106216,0.0,0.9968273169307577,0.95,0.025278287964010677,0.006336103040455912,0.03031640183120745,0.015583819969046519
medqa_test_00635,qwen3-4b,medqa,C,C,True,True,False,10,10,572.1,0.06405252450619796,0.02657184350564845,0.013460973590580705,0.05153244733810425,0.0,0.999999999996021,0.95,0.021461432314998308,0.004058401797794576,0.025031341212120306,0.006966542653555901
medqa_test_00416,qwen3-4b,medqa,D,A,False,False,True,8,10,2532.4,0.37551187630280347,0.2646399845060303,0.18676982900460967,0.0601930133998394,0.7219280948873623,0.9999998144608985,0.95,0.011275112492946538,0.009528049230237996,0.01959280086651189,0.009151665041549706
medqa_test_00573,qwen3-4b,medqa,C,A,False,False,False,8,9,2427.5,0.3343034545251423,0.22477763524146227,0.15242185877739872,0.06822169572114944,1.4466166676282082,1.0,0.9,0.01677266999613844,0.012871380863165699,0.028319216119831438,0.01045547409676798
medqa_test_00798,qwen3-4b,medqa,C,D,False,False,False,3,8,3806.3,0.41661805830232207,0.29175854180722566,0.20551658928012423,0.05189003050327301,1.5,0.9999339478775356,,0.01811426140825827,0.018805871456128793,0.03448289782255823,0.015303860725082505
medqa_test_00362,qwen3-4b,medqa,D,A,False,True,False,10,10,1503.4,0.16680506570950934,0.09247011859294499,0.05448967015451989,0.0723395049571991,0.7219280948873623,1.6701422682248883e-05,0.95,0.02505464075000261,0.012390686651314573,0.033502642780545475,0.008075244809658905
medqa_test_00105,qwen3-4b,medqa,B,B,True,True,False,10,10,534.0,0.0480514232523737,0.018633274489477603,0.007606831547542337,0.058927200734615326,0.0,0.0,1.0,0.015388384167668362,0.00039980625079405414,0.015388384167668362,0.006591220743995138
medqa_test_00682,qwen3-4b,medqa,D,B,False,True,False,10,10,1874.8,0.22625972201706052,0.12988210611683113,0.07593325325724609,0.07321666181087494,1.1567796494470395,1.8553888750950159e-07,0.85,0.021629429418597836,0.008163485439071036,0.02889350022862559,0.00797653043948924
medqa_test_01227,qwen3-4b,medqa,C,E,False,False,True,9,9,3226.2,0.40379179664765913,0.28138201914311234,0.19944484748921462,0.03303840011358261,0.5032583347756457,0.9990889488778553,0.95,0.010944804568015016,0.01037996060713608,0.019978483257405595,0.02863828552348075
medqa_test_00698,qwen3-4b,medqa,A,A,True,True,False,10,10,1880.4,0.277669634942772,0.17298282808391593,0.1088552118762504,0.05099226534366608,0.0,0.9999885212342412,0.95,0.01893408405527805,0.006810487837669331,0.025400169926137188,0.010412846513386528
medqa_test_00908,qwen3-4b,medqa,C,E,False,True,False,10,10,1264.8,0.2098528567632215,0.12277400050231715,0.07594744215892647,0.050226837396621704,0.4689955935892812,0.9999810748495263,0.9,0.027019253131797323,0.005520203037231254,0.03159335899974633,0.01497880138411837
medqa_test_00366,qwen3-4b,medqa,A,B,False,False,True,10,10,2429.1,0.34633376514161573,0.23347993094050015,0.1596002211093269,0.04395096004009247,0.4689955935892812,0.9999999997538302,0.7,0.024635362558160977,0.018464216744601275,0.03963343274774343,0.017498871619857626
medqa_test_00982,qwen3-4b,medqa,B,B,True,True,False,10,10,696.4,0.07388833403373486,0.030637658154503512,0.012022782719032754,0.026017772033810616,0.0,0.9999999999622486,0.95,0.025532606153709843,0.005620269660025874,0.02665407894587326,0.01081426847171246
medqa_test_00815,qwen3-4b,medqa,A,A,True,True,False,10,10,1083.1,0.13842469100887075,0.0726827713342535,0.040330339946825625,0.049453530460596085,0.0,0.9999999928058669,0.95,0.022386556811784142,0.009442322260959654,0.030718670740146968,0.016508461251462245
medqa_test_00373,qwen3-4b,medqa,E,E,True,True,False,10,10,1963.3,0.22560820616359095,0.13218940520131223,0.07806888052884081,0.05025579780340195,0.0,1.0,0.95,0.022891007746682658,0.005699894480784748,0.027116490069251858,0.00807449691119463
medqa_test_00315,qwen3-4b,medqa,B,B,True,True,False,10,10,1223.0,0.18359671897477453,0.10501320948600826,0.06143351507204629,0.03600548580288887,0.0,0.9999724643121783,0.95,0.014366756239359648,0.012052128755971633,0.02555367340886102,0.010179267354414889
medqa_test_00042,qwen3-4b,medqa,A,A,True,True,False,10,10,1037.8,0.10803726535761457,0.052958581844038156,0.028960465976877025,0.07402672618627548,0.0,0.0,0.95,0.012506059812683209,0.006507575018415759,0.018672018047967344,0.011567719445081188
medqa_test_01158,qwen3-4b,medqa,E,E,True,True,False,10,10,2712.1,0.3210593587203169,0.21097019120457766,0.140474169747834,0.09326573461294174,1.1567796494470395,0.9999921107334043,0.85,0.027180498032617777,0.011790397665483655,0.037191660493089466,0.01068136632780493
medqa_test_01239,qwen3-4b,medqa,D,D,True,True,False,10,10,1917.7,0.252863752207428,0.1486538814476423,0.08787762693077698,0.06271306425333023,0.4689955935892812,0.0,0.95,0.027600039346454785,0.020364810393448483,0.043156674889015,0.01074782527795006
medqa_test_00151,qwen3-4b,medqa,E,E,True,True,False,10,10,1445.9,0.22418457308341638,0.12776594211016973,0.07551536917067227,0.04312649741768837,0.0,0.999738809913013,0.95,0.022003002343843774,0.01066985253951128,0.03017827277737714,0.007168603157730212
medqa_test_00565,qwen3-4b,medqa,C,C,True,True,False,10,10,1398.6,0.12917972782663129,0.06577709421676695,0.037114467207738665,0.08414312452077866,0.0,0.0,0.95,0.01056536318198023,0.010721489312019574,0.020948076062249014,0.00814926378455284
medqa_test_00596,qwen3-4b,medqa,C,C,True,False,False,7,8,3289.7,0.3088735933198452,0.20100166945162812,0.1348792010966156,0.0545407198369503,0.0,0.9999982396565769,0.95,0.023662660645726134,0.012450050549259463,0.03343638828898861,0.0055106150696343885
medqa_test_01179,qwen3-4b,medqa,C,D,False,True,False,10,10,1839.6,0.2458061721940863,0.14427283263357915,0.0888681827056185,0.05915575101971626,0.0,0.9999999847700205,0.95,0.03184794539938363,0.007584541834466734,0.037741572274542966,0.011480519940903915
medqa_test_00854,qwen3-4b,medqa,B,B,True,True,False,10,10,1787.0,0.24022664152960962,0.14877789653455903,0.09343092677285907,0.05914011597633362,0.0,5.602797510004309e-09,0.95,0.023323490551801766,0.016874054151417402,0.03785163268673891,0.010614980821469132
medqa_test_00036,qwen3-4b,medqa,E,D,False,True,False,10,10,2073.7,0.23522369818234226,0.1350975555459913,0.07772980141223826,0.071831114590168,0.7219280948873623,0.9999962733598275,0.85,0.025373397687897103,0.014437010982293757,0.037835264398048477,0.010714949591667588
medqa_test_00558,qwen3-4b,medqa,C,C,True,True,False,10,10,1254.2,0.16850609420260837,0.09246246033085827,0.053044523742619774,0.046192072331905365,0.0,0.9999921107355345,0.95,0.01900601507521029,0.0077559669728873406,0.02560557750098861,0.007421326484330961
medqa_test_00152,qwen3-4b,medqa,A,A,True,True,False,10,10,2462.5,0.3790780755510882,0.2585398009187525,0.174806712008328,0.047142393887043,0.0,0.999999967758158,0.95,0.025249514819664188,0.014658074795172452,0.03626296183195156,0.023170688999403298
medqa_test_00707,qwen3-4b,medqa,D,D,True,True,False,10,10,524.8,0.15109770411581952,0.08768962956661075,0.049691811472563796,0.043227825313806534,0.0,0.9999999973534264,0.95,0.009979580295957543,0.011575325833970388,0.02119978468153525,0.013322430935986012
medqa_test_00077,qwen3-4b,medqa,B,D,False,True,False,10,10,2410.6,0.3346607060259056,0.22255384273663786,0.149712528082465,0.051157109439373016,1.1567796494470395,0.9999987901338102,0.85,0.02091556139230897,0.01886804504066382,0.03588268647729577,0.01408900674532958
medqa_test_01192,qwen3-4b,medqa,A,A,True,True,False,10,10,1248.6,0.21198259092192373,0.12708412979183858,0.07820374331393798,0.030734237283468246,0.0,2.413362771816508e-12,0.95,0.021758820659258177,0.0074817805982882344,0.0282785325952912,0.013756471339116828
medqa_test_00955,qwen3-4b,medqa,D,D,True,True,False,10,10,1177.6,0.24132220209025873,0.15595580824743677,0.10714076114954425,0.04673434793949127,0.0,0.9999998555019147,1.0,0.01586230206351579,0.010045339896282358,0.0252175569419493,0.014728175750938563
medqa_test_00574,qwen3-4b,medqa,C,C,True,True,False,10,10,1201.3,0.22117589058076542,0.13352328038146033,0.08128601894937919,0.053154658526182175,0.0,0.0,0.95,0.016972832944597113,0.014330913887180264,0.029563618559183335,0.012043284464670626
medqa_test_01035,qwen3-4b,medqa,B,A,False,True,False,10,10,1880.1,0.27504370360165653,0.17142859206970068,0.10954456411797638,0.07229581475257874,0.9709505944546686,0.9999999999200804,0.85,0.02450263689237113,0.011529630673625096,0.034431531398584445,0.011897674996150668
medqa_test_00722,qwen3-4b,medqa,E,E,True,True,False,10,10,1325.1,0.15417365170034936,0.08730157774939946,0.05033015799128336,0.0466938279569149,0.0,0.0,0.95,0.029230805629401984,0.006477394509409738,0.03254936923978141,0.007706922295339128
medqa_test_00564,qwen3-4b,medqa,A,B,False,True,False,10,10,2255.6,0.2441301613115933,0.1413138745518871,0.08265209561852024,0.03367365524172783,0.4689955935892812,0.0,0.95,0.025858187906641773,0.011067687877827992,0.034804783035914284,0.011814541941124392
medqa_test_00452,qwen3-4b,medqa,C,E,False,True,False,10,10,2408.8,0.28722020495619305,0.18328025934631,0.11977904583289492,0.09817120432853699,0.4689955935892812,0.9999990577554061,0.95,0.03348657127088938,0.022515288938183588,0.048887206606563,0.006514685168242997
medqa_test_00759,qwen3-4b,medqa,D,,,False,True,7,7,3229.3,0.3448693322418067,0.23467448253008386,0.16324884416385457,0.046763308346271515,0.0,0.0,0.95,0.027292943370723348,0.016934331701501104,0.04052957584864524,0.008645759596009602
medqa_test_00165,qwen3-4b,medqa,B,,,False,True,9,9,2722.7,0.4320382289346777,0.2981676661386791,0.20302287135101632,0.04864434525370598,0.0,1.0,0.03,0.014739365560107487,0.0062880385797196275,0.020714575728813325,0.022218560033138074
medqa_test_00268,qwen3-4b,medqa,E,E,True,True,False,10,10,1167.6,0.2520014843506969,0.15602590468314287,0.10244436482105068,0.08124221116304398,0.0,0.999999974890009,1.0,0.009372435075147834,0.011420112316383903,0.019437835606524893,0.015252234736694518
medqa_test_00652,qwen3-4b,medqa,D,D,True,True,False,10,10,2691.0,0.2953615378061673,0.1843200248899743,0.11757625413473831,0.05497102811932564,0.7219280948873623,0.9999999999572221,0.05,0.02919875665010363,0.01299693401813789,0.04035430184494466,0.011494631866864696
medqa_test_00133,qwen3-4b,medqa,B,B,True,True,False,10,10,1151.0,0.17404414903455528,0.09678988918344164,0.05797718325212277,0.06285551935434341,0.0,1.0,0.95,0.013373694617038545,0.007175717308644701,0.020198517753742703,0.011391158801818489
medqa_test_00789,qwen3-4b,medqa,C,C,True,False,False,8,10,2471.8,0.31453929669267,0.20199017564941033,0.13440914976228008,0.060481250286102295,0.7219280948873623,0.9999999468421293,0.95,0.017679499159104627,0.008167405257400192,0.024907654874233534,0.007890558459805007
medqa_test_00341,qwen3-4b,medqa,C,C,True,True,False,10,10,1214.2,0.22331510845546357,0.12408331665063618,0.06572345232603162,0.048678796738386154,0.0,0.9999986290421394,1.0,0.006308964346896252,0.005274588869804224,0.010976598830691684,0.010814999930257746
medqa_test_00003,qwen3-4b,medqa,D,B,False,True,False,10,10,2160.7,0.24774855732930307,0.15635946992290636,0.1007024434247867,0.08173171430826187,0.0,2.594609409330604e-11,0.95,0.023448915576529814,0.015552009178870414,0.03603925136221371,0.007300974795524421
medqa_test_00045,qwen3-4b,medqa,E,E,True,False,False,6,6,3320.8,0.39811367138750936,0.28944653646500346,0.21151488353754688,0.06355371326208115,0.0,0.9999995549147359,0.95,0.020272570873773838,0.017751954488413314,0.03640030712401876,0.009562668374655848
medqa_test_01167,qwen3-4b,medqa,B,B,True,True,False,10,10,1031.6,0.15684729937001746,0.08135130280274824,0.03973863452577139,0.04821969196200371,0.0,1.0,0.95,0.014099140499873814,0.014565032036531724,0.0267937430195924,0.012634369994429882
medqa_test_00849,qwen3-4b,medqa,E,E,True,True,False,10,10,707.7,0.1336578070028471,0.06411282428476381,0.029144262137433076,0.04873150587081909,0.0,0.9999938558380447,1.0,0.010240293294808394,0.005624166423808337,0.014904873769673917,0.011846145841464806
medqa_test_01105,qwen3-4b,medqa,A,A,True,True,False,10,10,837.0,0.1659563216785649,0.0963016038720412,0.05836338999222348,0.04954618215560913,0.0,0.9999999988967441,0.9,0.008537214076712804,0.013653724694642036,0.02169985931687659,0.020013433830436345
medqa_test_00903,qwen3-4b,medqa,B,B,True,True,False,10,10,1677.0,0.33841963134938446,0.224313273978867,0.1466182125266731,0.04340736195445061,0.4689955935892812,6.023569835244997e-08,0.95,0.015463269087840053,0.017575931978879945,0.032042687996018206,0.021026233940618456
medqa_test_00094,qwen3-4b,medqa,C,C,True,True,False,10,10,1595.5,0.23270806904584207,0.13558283934882825,0.08118738941455159,0.05429476499557495,0.0,0.9999999677581354,0.95,0.02347802984362221,0.00744107344020197,0.028943208019589016,0.01653235615861265
medqa_test_00052,qwen3-4b,medqa,D,E,False,False,False,6,6,3379.1,0.4241494058602818,0.3001136505431927,0.20918843927893493,0.0484103187918663,0.0,0.9999999865595903,0.95,0.00924711989452084,0.008716325940420395,0.01691107909506559,0.021016840252461276
medqa_test_01139,qwen3-4b,medqa,A,A,True,False,False,8,10,3188.6,0.36687568229843526,0.25246077206042933,0.17638615565567833,0.06419111043214798,0.9219280948873623,0.9999339478702043,0.95,0.023371378823706896,0.015237081289423342,0.03536360033011159,0.013833439654997287
medqa_test_01112,qwen3-4b,medqa,C,C,True,True,False,10,10,595.2,0.062091608619236606,0.02896404721291961,0.01751067243338438,0.056756094098091125,0.0,0.9999977396901287,0.95,0.016745114154076233,0.0002466091245376079,0.016991723278613837,0.01093408135728995
medqa_test_00500,qwen3-4b,medqa,B,D,False,False,False,8,9,2733.0,0.32390348073110153,0.21620113562417878,0.1483120531899358,0.05472559481859207,1.224394445405986,0.001169510438241536,0.95,0.027747679311806495,0.012030464041525234,0.03726795243307679,0.00666167928953954
medqa_test_00517,qwen3-4b,medqa,B,B,True,True,False,10,10,1508.6,0.1930447244564649,0.1155469516750153,0.07038141002280893,0.07385805249214172,0.0,1.334238210420036e-10,0.95,0.02227716349762862,0.012708580014279425,0.032511775567857795,0.009157885620468167
medqa_test_01053,qwen3-4b,medqa,B,B,True,True,False,10,10,1891.0,0.1881874798648532,0.1060885025673108,0.06475117189849793,0.05525980889797211,0.0,0.005220124764999895,0.95,0.016000876442043156,0.018241417462230614,0.032701598175604245,0.0112068842927118
medqa_test_01005,qwen3-4b,medqa,E,E,True,True,False,10,10,710.8,0.042292987199490636,0.013898303504221377,0.005355420313016235,0.0934070348739624,0.0,1.0,0.95,0.0172036049792719,0.004216651991498928,0.01985299436886555,0.0077367221800656956
medqa_test_00649,qwen3-4b,medqa,B,D,False,False,False,6,6,3205.2,0.3964467029225692,0.2811560634151199,0.20386252710264702,0.09921720623970032,0.9182958340544896,1.0,0.95,0.01796468688522367,0.015902600987480194,0.032608810015694024,0.012697516605013828
medqa_test_00703,qwen3-4b,medqa,E,E,True,True,False,10,10,1050.3,0.11507428724659907,0.05854849654249859,0.03163236176442933,0.05537547916173935,0.0,0.9999986290426298,0.95,0.016987064541894883,0.006670511744006574,0.022644987639593266,0.009512402445366998
medqa_test_00208,qwen3-4b,medqa,B,B,True,True,False,10,10,753.7,0.1523805928804327,0.08901500114891543,0.05507560938857179,0.05009956285357475,0.0,0.0,1.0,0.012724815676557333,0.013978055006347365,0.025211054524400405,0.02202510386750743
medqa_test_00351,qwen3-4b,medqa,A,,,False,True,5,5,3603.3,0.33783102169767887,0.2181447183215206,0.14369190866046055,0.07135148346424103,0.7219280948873623,9.23744900776377e-09,0.95,0.022348612139375768,0.013864858794048302,0.034871634010688816,0.0105587559072193
medqa_test_00734,qwen3-4b,medqa,D,D,True,True,False,10,10,1668.9,0.2772273894151335,0.17873340974991908,0.11779560485862003,0.049055375158786774,0.0,0.9947798736100226,0.95,0.019604602265171047,0.009322970392760085,0.027355462163867146,0.012689490876307209
medqa_test_00215,qwen3-4b,medqa,D,D,True,True,False,10,10,832.5,0.1549863897281652,0.0852306088643504,0.05017061701644806,0.05460282042622566,0.0,0.0,0.95,0.029841277591672773,0.009900871778469175,0.03850069147026881,0.01990206807114022
medqa_test_00619,qwen3-4b,medqa,D,D,True,True,False,10,10,713.5,0.05556620026883051,0.021454389311427503,0.009839351717902466,0.05239401012659073,0.0,0.999999999989184,0.95,0.027893055320162403,0.006716490232173434,0.031720126556861204,0.010079784712893444
medqa_test_00288,qwen3-4b,medqa,B,B,True,True,False,10,10,2364.7,0.35041397514015005,0.23575344388442648,0.15882557485020557,0.045517440885305405,0.0,0.9980732651074303,0.95,0.012740331682056951,0.010125670198413511,0.022273971700663673,0.012803156833109577
medqa_test_00278,qwen3-4b,medqa,A,D,False,True,False,10,10,2380.6,0.30556253662119165,0.20380418993210841,0.13783097264460686,0.04240437224507332,0.8812908992306927,2.172438898705007e-10,0.95,0.020238047743394792,0.0074230820819457515,0.02642796862337369,0.00986579912738564
medqa_test_00159,qwen3-4b,medqa,C,,,False,True,10,10,1835.7,0.22468957504553216,0.1326652015677438,0.0806930475573187,0.06099068373441696,0.0,0.0,1.0,0.015790879611596722,0.018767020751607917,0.033572736277585405,0.02037014151293621
medqa_test_00566,qwen3-4b,medqa,B,B,True,False,False,9,10,2536.6,0.44276379965256235,0.3095560704107945,0.21900655715928927,0.07179437577724457,0.0,0.9890130584225596,0.95,0.018648819975229755,0.014155384438004747,0.031636098817203855,0.014921633141786295
medqa_test_00760,qwen3-4b,medqa,C,C,True,True,False,10,10,964.6,0.14415136102629938,0.0838956871610542,0.050842452139036334,0.0578538253903389,0.0,0.9999997617630333,0.95,0.030226858393822616,0.006910400049299154,0.036086154090274304,0.01601505962487837
medqa_test_00109,qwen3-4b,medqa,C,B,False,False,False,8,10,2844.2,0.3227400143334259,0.20752409552984483,0.1365249502468182,0.08375881612300873,0.9219280948873623,0.0,0.95,0.03034880495617991,0.021882668024727846,0.047031646547127756,0.007785201811105575
medqa_test_00987,qwen3-4b,medqa,B,B,True,False,False,9,10,1881.8,0.3205430687204421,0.22222036966696618,0.15778576848780346,0.06151750311255455,0.4689955935892812,7.05287984526684e-11,0.95,0.018637333513392817,0.010702755563626425,0.027193604385546678,0.013400317457833067
medqa_test_01119,qwen3-4b,medqa,D,E,False,True,False,10,10,2111.0,0.3488980085782913,0.22324506757426565,0.1467022134267341,0.048112303018569946,0.8812908992306927,0.9999910603025981,0.95,0.019816234870844343,0.0077960113927275365,0.026556238129007793,0.017688087033854816
medqa_test_01075,qwen3-4b,medqa,E,B,False,True,False,10,10,2010.3,0.24810891781871378,0.14863624302808698,0.09266954951190962,0.050020016729831696,0.9709505944546686,0.9999999468421154,0.95,0.018866294471441215,0.012640088406915143,0.0296281371482895,0.007863093191796008
medqa_test_00137,qwen3-4b,medqa,E,E,True,False,False,7,8,2542.4,0.3257571855922382,0.22071352119547055,0.15218738900239281,0.057957835495471954,0.5435644431995964,0.999999971546681,0.95,0.03285470879751822,0.019805262760771904,0.04704268426066978,0.01389301526409554
medqa_test_00899,qwen3-4b,medqa,C,B,False,False,False,3,7,3853.8,0.3514082686103445,0.21903583833269194,0.13597187594668556,0.052992016077041626,1.1488348542809166,0.9959298630058631,0.95,0.015115187948884796,0.008786850489628031,0.023214028652520022,0.013186905762863224
medqa_test_00106,qwen3-4b,medqa,C,A,False,True,False,10,10,1556.9,0.2491750016567953,0.1564074528922137,0.09939797194653885,0.04766664654016495,0.4689955935892812,0.9999990577562182,0.95,0.023058937145351243,0.006734223836176558,0.029088943801250027,0.013860309373620362
medqa_test_00679,qwen3-4b,medqa,C,C,True,False,False,8,10,2770.8,0.34675878885456524,0.22612568964692645,0.1486928171165052,0.05765335261821747,1.0,0.9999984465027864,0.95,0.01740403339698843,0.010703064863063397,0.025843719748248655,0.012472310584225921
medqa_test_00306,qwen3-4b,medqa,C,E,False,False,False,6,8,3476.0,0.44341177567821344,0.31703674224270917,0.22604203815994497,0.04555562511086464,1.061278124459133,2.9023119851956382e-06,0.4,0.030383543950239133,0.027548868333785326,0.05228458248055452,0.0031959167926022226
medqa_test_00567,qwen3-4b,medqa,E,A,False,False,True,10,10,2698.0,0.3344225185649769,0.21951265924983643,0.14619662433678673,0.0694357231259346,0.0,0.9999999397642094,0.95,0.028535557008982266,0.013272247515009605,0.039771552188718196,0.004766301835935382
medqa_test_00836,qwen3-4b,medqa,B,B,True,True,False,10,10,483.0,0.05797503797001981,0.02965704282664461,0.014607114166484636,0.035796139389276505,0.0,0.9999989322970027,0.95,0.01626798321930747,0.006918696480715807,0.021980930134273324,0.01924649212196559
medqa_test_00683,qwen3-4b,medqa,C,A,False,False,True,10,10,1926.0,0.2874790082711479,0.1853470022578453,0.11687742312655644,0.06932216882705688,0.9709505944546686,0.9999999397642617,0.7,0.01895327549385265,0.022238375105991245,0.03868764247323173,0.01765620913976974
medqa_test_00008,qwen3-4b,medqa,C,C,True,True,False,10,10,997.4,0.18363858989573137,0.10724182317798267,0.06662432954887465,0.054552026093006134,0.0,1.0,1.0,0.026390638950674384,0.010657402785481192,0.03428320459876071,0.019507058950237306
medqa_test_01231,qwen3-4b,medqa,A,A,True,True,False,10,10,537.3,0.08830250215786153,0.038068926297818426,0.014786852528348026,0.032245222479104996,0.0,0.9999999006880549,1.0,0.014780908023126395,0.004604456646480244,0.01922485102594693,0.019530334958840156
medqa_test_00669,qwen3-4b,medqa,B,B,True,True,False,10,10,1542.8,0.22029733707476637,0.1281524171913865,0.07490018231264414,0.06332699209451675,0.0,0.9999999999771026,0.95,0.025827876126006604,0.007568576199619247,0.03178559831781097,0.015714611963631935
medqa_test_00826,qwen3-4b,medqa,C,D,False,True,False,10,10,1828.9,0.29207286802517707,0.18810697669758764,0.11830216598995995,0.07095842063426971,0.9709505944546686,1.0060392792820148e-12,0.95,0.02776502805038695,0.016117199011458173,0.041881327496436555,0.008371653991140853
medqa_test_00626,qwen3-4b,medqa,E,E,True,True,False,10,10,1670.2,0.18735899367400957,0.09983852734332296,0.05304525293684733,0.06841017305850983,0.0,0.0,0.95,0.025207170771719595,0.007680522908978464,0.031220508478451498,0.00723691872683663
medqa_test_00309,qwen3-4b,medqa,D,D,True,True,False,10,10,1175.4,0.24907721700096194,0.15860063247459794,0.0961912871292093,0.0765499472618103,0.0,0.9999992661788445,0.95,0.015580794631350665,0.005546967612661873,0.0206499807241399,0.010515445916016837
medqa_test_00720,qwen3-4b,medqa,B,D,False,False,False,6,7,3410.1,0.4501391072833236,0.3308738353279606,0.246057490581586,0.0444876104593277,0.5916727785823275,0.9999869928761865,0.95,0.03228080048717004,0.018109686626443196,0.0473778710439805,0.01070766378787595
medqa_test_00556,qwen3-4b,medqa,A,E,False,False,True,6,9,2964.6,0.3101180579841075,0.1993057840259268,0.13079339550064834,0.07087206095457077,1.224394445405986,0.0,0.7,0.019813793116765975,0.016474226285978333,0.03330186764128189,0.008789663957010915
medqa_test_00853,qwen3-4b,medqa,D,D,True,True,False,10,10,2663.1,0.3169641028287761,0.2004322020305224,0.12623015205854862,0.044178977608680725,0.7219280948873623,0.9997694944241057,0.95,0.018089111777615664,0.003903299536207819,0.021817038160215338,0.00803675135227757
medqa_test_00448,qwen3-4b,medqa,E,A,False,True,False,10,10,1586.7,0.2326158524954971,0.13842450547650872,0.0837102736221416,0.07018428295850754,1.360964047443681,0.9999999881388741,0.3,0.020053505917035374,0.00853098603790114,0.027696456129245334,0.013875251006107975
medqa_test_01003,qwen3-4b,medqa,E,E,True,False,True,4,7,3738.3,0.42191679903146084,0.2992831752329032,0.21540858905337515,0.060222163796424866,1.950212064914747,1.0,0.75,0.02315093987065956,0.020362758058524884,0.03917818482880336,0.01265134427550646
medqa_test_00291,qwen3-4b,medqa,A,B,False,True,False,10,10,1554.7,0.24578254350748904,0.15243756221595278,0.09560445441907539,0.06335369497537613,0.9709505944546686,9.251343033899375e-09,0.95,0.021693809405573493,0.009459392216915514,0.030587706156841827,0.005803864381944526
medqa_test_00378,qwen3-4b,medqa,A,C,False,True,False,10,10,1218.7,0.17865374563108513,0.10092151895995652,0.05848457348683485,0.068015456199646,0.0,0.9999485601061758,0.95,0.027532795344640003,0.006614101208666913,0.03298937321367189,0.0050926634709537386
medqa_test_00250,qwen3-4b,medqa,A,A,True,False,True,10,10,1418.9,0.2749455302821885,0.1730408328099499,0.10718704593008418,0.05486198514699936,1.4854752972273344,0.9999998724809762,0.85,0.033155304942173634,0.013469190418428376,0.043333044034354506,0.01658949004085943
medqa_test_00900,qwen3-4b,medqa,C,C,True,True,False,10,10,1759.5,0.2578694267555669,0.1623866350480227,0.10253218938185368,0.05677669495344162,0.8812908992306927,0.9999999999925664,0.95,0.012784870619543833,0.014402856471266351,0.025523913222812243,0.021895651862422733
medqa_test_01024,qwen3-4b,medqa,C,C,True,True,False,10,10,441.2,0.0494717026439899,0.017052983899300312,0.007900066469289457,0.06902889907360077,0.0,0.9999898700865213,1.0,0.005376670862389221,0.0018751394471443108,0.007051409507930324,0.012311140135952126
medqa_test_00902,qwen3-4b,medqa,C,D,False,False,False,6,9,3539.2,0.45784033027186943,0.3349203950981928,0.24988194010670856,0.049227599054574966,1.224394445405986,0.9999999998308102,0.95,0.026185717947053287,0.017363330880080987,0.04080010302878932,0.006373238112897384
medqa_test_00357,qwen3-4b,medqa,E,E,True,True,False,10,10,2376.6,0.27891305113745846,0.1690201640865344,0.10611766991300901,0.04301626235246658,0.0,0.9999999979388463,0.95,0.02639581651811182,0.014861992293445092,0.03820986307596254,0.015758156403269667
medqa_test_01186,qwen3-4b,medqa,C,B,False,False,False,8,9,2859.9,0.32768980069599885,0.21528675673617442,0.1460064758056412,0.05883393436670303,1.836591668108979,0.9999999950555507,0.75,0.02170271206043909,0.01882196667097677,0.03745454202190571,0.009408888353301597
medqa_test_00966,qwen3-4b,medqa,C,E,False,True,False,10,10,1331.8,0.2535714790634276,0.16404900076148976,0.10745923694273114,0.052667226642370224,0.0,0.0,1.0,0.01065604553051813,0.00491433240887162,0.01480036421038372,0.013397964912742902
medqa_test_00518,qwen3-4b,medqa,C,B,False,False,False,8,8,2779.8,0.285654004442525,0.17535565486933039,0.10860276739613357,0.05453171208500862,0.0,0.9999938558224682,0.95,0.012057310873309416,0.005882699500109062,0.017172278301284587,0.010080405078995951
medqa_test_00218,qwen3-4b,medqa,E,E,True,True,False,10,10,838.4,0.1282873061966946,0.062033358035401345,0.031048015277688534,0.03842644765973091,0.0,0.9998415637148031,1.0,0.0130735109814623,0.011113455025759021,0.022829524342840538,0.010245524965590055
medqa_test_00550,qwen3-4b,medqa,A,C,False,True,False,10,10,1163.6,0.194685917976621,0.11083282499005667,0.06618148878747988,0.05438109114766121,0.0,3.3315445420516227e-11,0.95,0.027990999366078333,0.00895595230918331,0.035688908667888805,0.018243477952438678
medqa_test_00075,qwen3-4b,medqa,A,E,False,False,False,9,10,2281.2,0.26571343009308157,0.15788445213987573,0.09387740199584074,0.05995034798979759,1.3609640474436813,0.9999996940976636,0.95,0.023909041618979453,0.018494306817693113,0.0394090883491436,0.00826565254598394
medqa_test_00102,qwen3-4b,medqa,A,A,True,True,False,10,10,962.8,0.21837145474455083,0.12960454977323005,0.07909281971308223,0.036364179104566574,0.0,3.775131393850681e-11,0.95,0.017220678675317395,0.011977643267454706,0.028513466569225744,0.01933114385493493
medqa_test_00576,qwen3-4b,medqa,E,D,False,True,False,10,10,1267.1,0.20830011082978772,0.12984735204060768,0.08600860857046547,0.047416314482688904,0.0,1.0,0.95,0.02374075113948468,0.0028244343418333067,0.02627410468980579,0.00816799142268059
medqa_test_00636,qwen3-4b,medqa,A,A,True,True,False,10,10,755.6,0.08822939659243566,0.03886750464142726,0.018991513292296,0.038628242909908295,0.0,0.9999980052698029,0.95,0.014399481072109924,0.00505666537009116,0.018788076039006913,0.012689416850482308
medqa_test_01191,qwen3-4b,medqa,C,C,True,True,False,10,10,1290.5,0.15493284625760256,0.07820308901393179,0.044077720466835,0.06284700334072113,0.0,3.726639284186561e-06,1.0,0.02192223398052011,0.009098579765949851,0.029861571225434574,0.020995880499413488
medqa_test_00009,qwen3-4b,medqa,A,A,True,True,False,10,10,1927.9,0.2872973556098257,0.18157831833700325,0.11700986653530357,0.06447499245405197,0.4689955935892812,0.9999999748899888,0.8,0.03005013127900087,0.017076148864395093,0.041989297430731695,0.010171221337716592
medqa_test_00074,qwen3-4b,medqa,C,A,False,True,False,10,10,1585.4,0.19449971689720083,0.10723293861994243,0.06128202989062702,0.0503075085580349,0.4689955935892812,0.9999898700081816,0.95,0.026238322261392555,0.011692033960994297,0.03562652542065951,0.0139993225937739
medqa_test_00769,qwen3-4b,medqa,C,C,True,True,False,10,10,1327.2,0.16648122268833526,0.08346808202419782,0.041454791589001116,0.04605478793382645,0.0,9.357622968837856e-14,0.95,0.0162650856020587,0.006001508656164956,0.021855359513367627,0.010500259952133627
medqa_test_00951,qwen3-4b,medqa,C,D,False,True,False,10,10,2032.4,0.29051399274562806,0.19020888511010514,0.12747204276338694,0.0368502102792263,0.8812908992306927,0.999999855501979,0.9,0.02885987395517207,0.008596825170078776,0.03528987926484632,0.017889645170157863
medqa_test_00974,qwen3-4b,medqa,E,E,True,True,False,10,10,662.1,0.15297164569437655,0.08463447216051165,0.04921150572948305,0.07121167331933975,0.0,0.9999724643389166,1.0,0.008038352074117171,0.007774726575321608,0.015416959475162246,0.014079063857634444
medqa_test_01085,qwen3-4b,medqa,A,A,True,False,False,6,8,2812.9,0.330099715170597,0.22390446574542083,0.15552495455698973,0.05592850223183632,0.8112781244591328,0.9999995549147359,0.95,0.012783559087118543,0.010285758329600133,0.021433779492176876,0.01115023245708334
medqa_test_00307,qwen3-4b,medqa,C,B,False,True,False,10,10,1245.6,0.23282283632553052,0.14780527525338027,0.09324355748974718,0.07797933369874954,0.0,1.0,0.95,0.015940806610191385,0.0034599184061488166,0.019217835699483623,0.013302166548766356
medqa_test_00660,qwen3-4b,medqa,A,A,True,True,False,10,10,2508.3,0.35955495777272134,0.24018989614562297,0.16144136838010886,0.03593112528324127,0.8812908992306927,0.99999998813888,0.95,0.019471207809853792,0.009353567720716785,0.028008612260309356,0.010791482263593574
medqa_test_00687,qwen3-4b,medqa,B,A,False,True,False,10,10,2009.1,0.25284580216778496,0.14931929682711148,0.0879803840435556,0.06116916239261627,0.9709505944546686,0.999999999957222,0.9,0.02764889495593153,0.015411454704247938,0.039436111218416434,0.008708368417106751
medqa_test_00134,qwen3-4b,medqa,A,A,True,True,False,10,10,786.2,0.0974535601181689,0.04537309009992706,0.026159197836101565,0.042294878512620926,0.0,1.0,1.0,0.012209953378555516,0.007267065335249337,0.018920280639645175,0.022731635601135662
medqa_test_00405,qwen3-4b,medqa,A,A,True,True,False,10,10,2250.5,0.2762495585824874,0.16754966334136495,0.10189506678196372,0.041801340878009796,0.0,0.9999999999998253,0.95,0.012279207288939399,0.01613866555477678,0.02717083564342674,0.03013412004425408
medqa_test_00271,qwen3-4b,medqa,B,D,False,True,False,10,10,1329.8,0.2774367039255353,0.17836689885270726,0.11685561704481418,0.033091284334659576,0.4689955935892812,1.0,0.95,0.017614772068449736,0.009364467916226837,0.02585878142966434,0.01913169657481236
medqa_test_00244,qwen3-4b,medqa,E,B,False,False,False,9,10,2394.8,0.4100061858135399,0.286248098653,0.2014101079592629,0.045228760689496994,0.9709505944546686,0.9999999995400946,0.7,0.02490725749633089,0.016343124609534673,0.03824916582791154,0.01625500448841966
medqa_test_01012,qwen3-4b,medqa,A,C,False,True,False,10,10,1411.5,0.207635069469494,0.11832584340848551,0.07024681729719283,0.06103091686964035,0.7219280948873623,0.9999994956525318,0.95,0.014520669532695516,0.010258508744184922,0.02288768661353647,0.011116469315124184
medqa_test_00733,qwen3-4b,medqa,C,C,True,True,False,10,10,1238.5,0.21146129345495054,0.11839273702184643,0.06771567978053047,0.048400361090898514,0.0,0.9999994956527721,0.95,0.011671761688208455,0.009704616525259344,0.020470804895515372,0.014082574445720327
medqa_test_00685,qwen3-4b,medqa,D,D,True,True,False,10,10,1639.6,0.2897115878679642,0.18270103551639774,0.11887882843880297,0.06000091880559921,0.0,0.9999990577549568,1.0,0.00917867986934691,0.010010934429116968,0.01837086765659962,0.01672157348048389
medqa_test_01237,qwen3-4b,medqa,A,A,True,False,False,9,10,2459.2,0.26860355909976386,0.16468202260409454,0.10320388512251469,0.08172980695962906,0.4689955935892812,1.0,0.95,0.026739373452932674,0.011497892955742885,0.03566734408971034,0.010708598781571108
medqa_test_00267,qwen3-4b,medqa,E,,,False,True,1,2,3914.9,0.5543274516619584,0.425914431855797,0.32285542805460027,0.04803485795855522,1.0,0.9999999993308418,1.0,0.01622664140055067,0.012175761510419995,0.027949909664763017,0.02486304014922979
medqa_test_00957,qwen3-4b,medqa,B,B,True,True,False,10,10,1188.5,0.24680749438886043,0.15310876456351147,0.09102304303462759,0.0671180933713913,0.0,0.0,1.0,0.014291734508394877,0.0062812343336364675,0.02019548144406954,0.02799908828175015
medqa_test_01143,qwen3-4b,medqa,C,E,False,False,True,9,9,2201.2,0.41434469212091213,0.2862794929856325,0.19737194821242363,0.06860452890396118,0.0,0.9999999928058669,0.95,0.012849109036592449,0.009829259129975138,0.021959456456595063,0.02808268155842898
medqa_test_00535,qwen3-4b,medqa,D,D,True,True,False,10,10,690.4,0.13452544928919447,0.07004557384851769,0.037159430235309855,0.027299296110868454,0.0,1.0,1.0,0.007214377426167877,0.008040063547736441,0.015092103311566653,0.02266483396870097
medqa_test_00578,qwen3-4b,medqa,B,B,True,True,False,10,10,1128.4,0.156682542506383,0.09163944280907124,0.057294582466154556,0.043177664279937744,0.0,0.0,0.95,0.02484047287232704,0.012017509425693386,0.034290807915935445,0.011970258729407282
medqa_test_00597,qwen3-4b,medqa,C,C,True,True,False,10,10,1879.6,0.2626241695911301,0.15598886173502588,0.09298219322948953,0.05068120360374451,1.0,1.1628225058737585e-10,0.95,0.029506270343049184,0.013845229841263929,0.03997592331765158,0.009286421424865007
medqa_test_00673,qwen3-4b,medqa,E,,,False,True,4,5,3754.1,0.37779777958567057,0.25845688935310185,0.17841421391779116,0.07630135118961334,0.7219280948873623,0.0,,0.01792142657597691,0.017273702541107987,0.03367451426942514,0.007651902839304702
medqa_test_01205,qwen3-4b,medqa,E,E,True,True,False,10,10,1543.9,0.17772877281562915,0.09897006081261459,0.05540639603037434,0.06751932948827744,0.4689955935892812,7.582561296875535e-10,0.95,0.021379083750306865,0.012097321152199799,0.030784826308329877,0.013883877734751915
medqa_test_00083,qwen3-4b,medqa,B,B,True,True,False,10,10,1658.4,0.24719156811797555,0.15364680966689595,0.09845872424179983,0.09334076941013336,0.0,0.0,0.95,0.028312473185523084,0.010908378628292607,0.037423331638719096,0.009075896935363387
medqa_test_00634,qwen3-4b,medqa,A,D,False,False,False,8,8,2733.3,0.2388545439388786,0.14456910063496947,0.09150877032897785,0.049325261265039444,0.0,0.9999999956365377,0.9,0.02161799078352964,0.007159344638265926,0.02797736343216471,0.00865447109284389
medqa_test_00040,qwen3-4b,medqa,D,D,True,True,False,10,10,991.6,0.0986743778010162,0.05016808428242335,0.028458898622469565,0.03060026653110981,0.0,7.052879850608469e-11,0.95,0.00962034361292308,0.0010812735861558838,0.010515244106152472,0.007755901064617439
medqa_test_00608,qwen3-4b,medqa,D,D,True,True,False,10,10,1356.8,0.13040464174511285,0.06497643564672051,0.035919403612572634,0.05829354375600815,0.0,0.9999999827421723,0.95,0.0158805665950936,0.01049896394910831,0.024305736484479736,0.01329826534062222
medqa_test_01216,qwen3-4b,medqa,A,,,False,True,6,8,3279.5,0.3495376426210111,0.22694751633733432,0.14786106832069054,0.058569543063640594,1.75,1.0,0.95,0.025402445044513926,0.011976154781091332,0.03542738611150954,0.010970640237451328
medqa_test_00252,qwen3-4b,medqa,A,A,True,True,False,10,10,2241.6,0.3563319606691794,0.23801507634913022,0.15788734053702672,0.07923751324415207,1.3709505944546687,1.0,0.85,0.028854770191342128,0.018749023621503068,0.04500635009489696,0.013448916221050164
medqa_test_00583,qwen3-4b,medqa,E,,,False,True,4,4,3731.6,0.4542936840414769,0.3359280988478828,0.25508493014651434,0.045564647763967514,0.8112781244591328,0.9890130547433196,,0.027019535441858034,0.01948389092730996,0.04251363640057777,0.0069189937668495665
medqa_test_00911,qwen3-4b,medqa,D,D,True,True,False,10,10,2074.9,0.2828589896093983,0.17252442132748644,0.10641074573040157,0.03932863473892212,0.8812908992306927,4.1399404045544706e-08,0.95,0.02602162774803085,0.017453324140685778,0.041175772585854545,0.013325924276946685
medqa_test_00964,qwen3-4b,medqa,D,D,True,True,False,10,10,2309.1,0.2572709620852305,0.15610857967243877,0.09527661462169032,0.05800119414925575,0.4689955935892812,1.0,0.95,0.019704858330192313,0.010097815150767842,0.028614788156086368,0.010697740670493857
medqa_test_00122,qwen3-4b,medqa,E,E,True,True,False,10,10,798.3,0.09716365245129868,0.04703840599753003,0.02532049994845722,0.05244813114404678,0.0,0.9999999804443193,0.95,0.014404391413056819,0.004490466745999987,0.01797559098971367,0.013587647307556457
medqa_test_00413,qwen3-4b,medqa,B,B,True,False,False,8,9,3166.7,0.345288497958722,0.23191635426280097,0.151392291986149,0.07305116951465607,0.5032583347756457,0.9980732657044867,,0.01563047616316286,0.007593653733013725,0.022603098758635195,0.018751988894998427
medqa_test_00240,qwen3-4b,medqa,E,E,True,True,False,10,10,587.2,0.07115112317793595,0.032845724757226025,0.018629294560730612,0.05856025964021683,0.0,0.0,1.0,0.020045804978895816,0.009285839392829901,0.02650265321570906,0.016520773444567316
medqa_test_01067,qwen3-4b,medqa,C,C,True,True,False,10,10,1347.9,0.22203301296601197,0.13176276588748065,0.08260138635960208,0.04723342880606651,0.0,1.0,0.95,0.024860784725911116,0.011321636982605191,0.034231992194474876,0.013557789903907946
medqa_test_00691,qwen3-4b,medqa,C,C,True,True,False,10,10,827.4,0.12691628893086287,0.07076321334682872,0.04173814888190519,0.027704447507858276,0.0,0.999996273361938,1.0,0.01267200022767292,0.004849389378112032,0.017428711199853533,0.023313881398632
medqa_test_00069,qwen3-4b,medqa,A,C,False,False,False,9,10,2556.9,0.33209158144392764,0.2230905531809732,0.15062116130076725,0.06267300993204117,1.1567796494470395,0.0,0.9,0.019092976247977896,0.008585562827825752,0.026339176610164224,0.012791917411262921
medqa_test_00609,qwen3-4b,medqa,E,E,True,True,False,10,10,2180.8,0.2601614539998785,0.16238655103374197,0.1017346808986324,0.05891230329871178,1.3609640474436813,0.005911068768682664,0.95,0.03109562440225532,0.020222652763918762,0.04532463406924086,0.00706074882689012
medqa_test_00070,qwen3-4b,medqa,A,A,True,True,False,10,10,1877.0,0.22628069539779289,0.13127961948495534,0.07980498918359098,0.05879579111933708,0.0,0.0,0.95,0.019679147634551357,0.00782542555621241,0.026457546613956783,0.010608146788875247
medqa_test_00190,qwen3-4b,medqa,A,A,True,True,False,10,10,1308.8,0.18623401557956334,0.10144170580529052,0.05990416828240612,0.045532941818237305,0.0,0.9999999995941344,0.95,0.017572482415786857,0.009453591730593751,0.025227027619902052,0.014243513337341775
medqa_test_00871,qwen3-4b,medqa,B,B,True,True,False,10,10,728.0,0.11190566585337769,0.05589341367578536,0.03199870036676119,0.060528453439474106,0.0,0.012430937034245278,0.95,0.016117005742354012,0.0030111448714797836,0.019018381129750375,0.0169981240590999
medqa_test_00082,qwen3-4b,medqa,C,C,True,True,False,10,10,903.5,0.1992193610895888,0.1263570553295703,0.08302216981317145,0.03566563501954079,0.0,0.9999646437357629,0.95,0.017426443003237112,0.006556469697980213,0.022966590292141112,0.012342335647602506
