question_id,model,dataset,gold_answer,greedy_choice,correct,in_all_clean,greedy_truncated,n_samples_clean,n_samples_with_letter,trace_length,rep_3,rep_4,rep_5,trace_divergence,answer_semantic_entropy,p_true,verbalized_confidence,hedging_formal,hedging_reasoning,hedging_combined,connector_density
medqa_test_00990,r1-distill-llama-8b,medqa,E,C,False,True,False,10,10,1210.7,0.05259003330038118,0.022512422347022155,0.01095901845916688,0.10829456895589828,1.5709505944546687,0.9875683585504312,0.9,0.015162099476902363,0.003196673065101154,0.017495754084528827,0.010710430167652536
medqa_test_00202,r1-distill-llama-8b,medqa,D,B,False,True,False,10,10,869.0,0.08363282092928288,0.03889942530603563,0.019723122514923086,0.07573932409286499,0.7219280948873623,0.18242588215891786,0.9,0.021743048882639268,0.004028238032135685,0.025180551646723958,0.01280211323752512
medqa_test_01258,r1-distill-llama-8b,medqa,A,A,True,True,False,10,10,1280.8,0.0762804926397575,0.03652361438669598,0.019195137569365618,0.10252799838781357,1.5709505944546687,0.9999910603053284,0.9,0.018083838127864054,0.0022068787071451794,0.019854691670312813,0.00907922614874183
medqa_test_00277,r1-distill-llama-8b,medqa,D,D,True,True,False,10,10,1506.7,0.08189691840289656,0.03584395785582525,0.01699883972993733,0.10496857017278671,0.7219280948873623,,0.9,0.015629418900999763,0.0035286606075456512,0.018800873567331785,0.006220012238771807
medqa_test_00427,r1-distill-llama-8b,medqa,B,B,True,False,False,9,9,2206.7,0.21743831727262566,0.14565522833174366,0.10374233720932376,0.09238885343074799,0.0,0.20181379464361504,0.85,0.01695012651750128,0.009643409484623727,0.025242478085902898,0.0219878742656407
medqa_test_00015,r1-distill-llama-8b,medqa,B,A,False,True,False,10,10,1746.6,0.1529303830383714,0.09081591244222116,0.0559542108703323,0.054187674075365067,1.9709505944546686,0.9996200088574266,0.9,0.02795304433183195,0.004690346843914833,0.0321286449604142,0.01653652770459136
medqa_test_01202,r1-distill-llama-8b,medqa,A,A,True,True,False,10,10,1052.3,0.06611361827515747,0.026739276232570018,0.012762506173993538,0.07346883416175842,1.295461844238322,0.9997694933758807,0.9,0.017372697530175642,0.003953145799905242,0.01973126329964157,0.010642642665275662
medqa_test_01027,r1-distill-llama-8b,medqa,B,B,True,True,False,10,10,965.8,0.09411568650776378,0.04633259594959631,0.02625632967465994,0.0646563172340393,0.4689955935892812,0.20181402114697145,0.9,0.017716637860458413,0.012057860195757074,0.028778860352815145,0.018283761760019147
medqa_test_00827,r1-distill-llama-8b,medqa,B,B,True,True,False,10,10,1276.2,0.06065055842421661,0.02659230780000531,0.012692289473776142,0.08935022354125977,0.0,0.22270047121274839,0.7,0.021989478268790285,0.003895682699237968,0.025412341569523638,0.011106101771880638
medqa_test_00503,r1-distill-llama-8b,medqa,B,B,True,False,True,10,10,1613.3,0.15948244035302558,0.08531005353774426,0.0492631890914344,0.07451452314853668,1.1567796494470395,0.5926670815078355,,0.018545964868679453,0.009733931902097988,0.026691030712451786,0.01855152528360856
medqa_test_00325,r1-distill-llama-8b,medqa,C,,,False,True,10,10,1030.5,0.03922554305062746,0.012177961898354706,0.0038633238797055715,0.06720782071352005,0.0,0.9875685090992158,0.95,0.01679215474192929,0.0020007817579243297,0.017456532073275566,0.009835510570455034
medqa_test_00681,r1-distill-llama-8b,medqa,B,B,True,True,False,10,10,1339.1,0.07106891122012923,0.029179168997379813,0.013552353476820711,0.09106799960136414,0.4689955935892812,0.029312527874861407,0.95,0.015576863411692034,0.005533749190642896,0.020061024838373576,0.012741224453280266
medqa_test_00932,r1-distill-llama-8b,medqa,E,D,False,True,False,10,10,1251.2,0.06932618361712958,0.03359760007741218,0.017972683872307393,0.10550745576620102,0.0,,0.95,0.018414569894153916,0.004049143962871614,0.02181892384607955,0.011282759142334885
medqa_test_00387,r1-distill-llama-8b,medqa,B,B,True,True,False,10,10,1352.7,0.07406164866749824,0.03648077755140401,0.021582659658670532,0.07947734743356705,0.8812908992306927,0.26894192392978483,0.9,0.020857564647508382,0.002500651251113567,0.02263913987287031,0.008825302589114471
medqa_test_00235,r1-distill-llama-8b,medqa,B,B,True,True,False,10,10,1285.2,0.0881452088177824,0.03872343727323898,0.020101677888084157,0.06993098556995392,1.295461844238322,0.22270029186442553,0.95,0.015142692705258065,0.00601899511434012,0.019960376331453374,0.018464867078923194
medqa_test_00066,r1-distill-llama-8b,medqa,D,C,False,True,False,10,10,1044.5,0.08938120604098697,0.04528527005324586,0.022757031473169285,0.07321533560752869,1.5219280948873621,,0.95,0.017722939549751526,0.0048122315973670214,0.021845417727444666,0.015433105920754666
medqa_test_00347,r1-distill-llama-8b,medqa,A,A,True,True,False,10,10,1143.6,0.06060930300959807,0.022439722259947413,0.009083647014866492,0.057664308696985245,0.0,0.9999832985753238,0.95,0.011572154494280888,0.002099641270333508,0.013460978309499605,0.0121781488170972
medqa_test_00442,r1-distill-llama-8b,medqa,C,,,True,False,10,6,726.4,0.049009680243626605,0.02401619751053301,0.01163267767154903,0.042681898921728134,0.6500224216483541,0.9770226708192995,0.9,0.011223898677314255,0.00131950609229852,0.012543404769612776,0.010002711815677624
medqa_test_01121,r1-distill-llama-8b,medqa,A,E,False,True,False,10,10,1860.8,0.10192369875143496,0.050152907259342315,0.024572881589664697,0.08709822595119476,1.5709505944546684,,0.9,0.0258021377858008,0.006146224289500268,0.0306547744540042,0.009543259591075954
medqa_test_00376,r1-distill-llama-8b,medqa,D,D,True,True,False,10,10,1910.1,0.1274473341737544,0.0700369770090557,0.04085277470811063,0.1127006858587265,0.8812908992306927,0.9940889311437563,0.95,0.02360209339497892,0.004455717967332157,0.02735881763955379,0.008887440377416183
medqa_test_00035,r1-distill-llama-8b,medqa,A,A,True,True,False,10,10,1028.5,0.062057231853248,0.027606482810056066,0.012277092091285025,0.08074185997247696,0.8812908992306927,0.9999916060227376,0.85,0.018991798201406004,0.005514377029993825,0.022846028320433216,0.008568670253735398
medqa_test_00332,r1-distill-llama-8b,medqa,D,D,True,False,False,9,9,1850.8,0.11580138965803928,0.0670949371479366,0.042006408860835356,0.0896528959274292,0.9910760598382222,0.9694916110333116,0.9,0.01837763510233864,0.006137284262572713,0.02316644432460855,0.0187113373532815
medqa_test_00400,r1-distill-llama-8b,medqa,B,,,False,True,10,10,2056.2,0.1435812389836723,0.07591952770220459,0.04403884658358446,0.1399030089378357,1.1567796494470395,0.9986749779379444,0.7,0.015162066245674951,0.006458297864835605,0.020642836758883433,0.01383350378463818
medqa_test_01145,r1-distill-llama-8b,medqa,A,A,True,True,False,10,10,788.8,0.04717115972515756,0.020314087790998515,0.009242046046132069,0.076130211353302,0.0,0.9999949099108911,0.9,0.016595938918867306,0.002479132590290125,0.01861155064340717,0.010367792346985906
medqa_test_00975,r1-distill-llama-8b,medqa,C,,,True,False,10,7,914.9,0.05628292151616382,0.023713623560307883,0.010641443692076324,0.04287012293934822,0.0,0.9859364123990979,0.9,0.02020447481089959,0.003293762247891632,0.022784112658090768,0.013330961981668082
medqa_test_00950,r1-distill-llama-8b,medqa,A,E,False,True,False,10,10,1021.2,0.11777449853995374,0.05559977496795245,0.02958450519934469,0.09698104113340378,1.9709505944546686,0.9922483138832665,0.9,0.022180089364144485,0.008072340890426232,0.02803381296969671,0.015214593224930458
medqa_test_00825,r1-distill-llama-8b,medqa,D,D,True,True,False,10,10,1119.3,0.06897793357092366,0.03178406330834006,0.018118778476089413,0.07978612929582596,1.295461844238322,0.9964063965648771,0.9,0.02574016983923008,0.0026454719745090975,0.02705130261111153,0.013402768473714962
medqa_test_01030,r1-distill-llama-8b,medqa,A,D,False,True,False,10,10,1558.5,0.09422526781106139,0.044528624153329685,0.021960846373109133,0.1041581779718399,0.9709505944546686,,0.9,0.020492247301553416,0.004763511857541565,0.02397352059714795,0.009732074142294798
medqa_test_00845,r1-distill-llama-8b,medqa,A,A,True,True,False,10,10,849.4,0.03954853740552885,0.014653966289082054,0.005086682592200753,0.0431327223777771,0.0,0.9999810748591266,0.9,0.01943557870461803,0.003471888922642543,0.021366677228410878,0.017451012418008272
medqa_test_00802,r1-distill-llama-8b,medqa,E,E,True,True,False,10,10,1045.9,0.07980689807407738,0.03942112895524095,0.021174437868958174,0.11132880300283432,1.5709505944546684,0.9840936509201488,0.9,0.021891276950942846,0.0071979144843013505,0.02830920061252414,0.017075865711430598
medqa_test_00650,r1-distill-llama-8b,medqa,C,C,True,True,False,10,10,948.6,0.058182961021859304,0.022069759307208635,0.009173309983497857,0.046488940715789795,0.0,,0.85,0.020402309219918136,0.004152615215046059,0.022903939763625585,0.014059114033277517
medqa_test_00540,r1-distill-llama-8b,medqa,E,D,False,True,False,10,10,1210.0,0.07624980215830202,0.032371334144663956,0.014638835272282946,0.05137212574481964,1.1567796494470395,0.9953904322229532,0.95,0.021310413320745174,0.004105098943868188,0.02405875123588448,0.009093039340529106
medqa_test_00796,r1-distill-llama-8b,medqa,D,A,False,True,False,10,10,881.3,0.06512863275425275,0.029314362250647586,0.015962180712163952,0.07144279778003693,1.5709505944546687,0.9982069668957881,0.95,0.016851146965479766,0.0037732218203193743,0.020516957400192264,0.02007804546199949
medqa_test_00715,r1-distill-llama-8b,medqa,B,C,False,True,False,10,10,1157.4,0.10323344075731349,0.055996559070025334,0.03307541490386012,0.07065069675445557,0.8812908992306927,,0.9,0.025386419504759283,0.007149717891325515,0.03011048388930641,0.015854826903990447
medqa_test_00002,r1-distill-llama-8b,medqa,C,B,False,True,False,10,10,1574.9,0.07701625261307339,0.03807462617709086,0.020907855150639774,0.12507125735282898,1.360964047443681,0.001721882296411083,0.85,0.013283671075525333,0.004290543035526496,0.016620067154291335,0.0051271123164475015
medqa_test_00395,r1-distill-llama-8b,medqa,C,C,True,True,False,10,10,1470.0,0.07402423092946198,0.03209677019585398,0.016154310774779558,0.07227132469415665,0.7219280948873623,0.9706878605459552,0.9,0.01683512936672883,0.003129088896588869,0.0190716160463016,0.011754708792064725
medqa_test_00464,r1-distill-llama-8b,medqa,C,C,True,True,False,10,10,954.9,0.03058282345512342,0.011298519413729825,0.0035892565871503803,0.0628560334444046,0.4689955935892812,0.8519524970446897,0.9,0.017278238041166488,0.0014992603241206748,0.018056576783803825,0.006178940926478669
medqa_test_00331,r1-distill-llama-8b,medqa,B,,,False,True,10,10,1166.5,0.06268280536906454,0.027801603920815977,0.014682852443238126,0.08566326647996902,0.4689955935892812,0.0015011348202664352,0.9,0.009154140166346312,0.0026195085560146093,0.01143293875924293,0.010188420447940442
medqa_test_00959,r1-distill-llama-8b,medqa,B,B,True,True,False,10,10,1452.4,0.06789998531827464,0.026841740433897844,0.011082144116571024,0.08493958413600922,1.5709505944546687,0.0011751913267818192,0.9,0.01964507478288597,0.003310623089052378,0.021895015407801494,0.008032090264425518
medqa_test_00761,r1-distill-llama-8b,medqa,E,C,False,True,False,10,10,2040.6,0.10799410999120625,0.05244436978447402,0.025882291120775013,0.09289687126874924,0.7219280948873623,0.5926727589540686,0.9,0.023797567550878203,0.006850897047052609,0.02891523038904581,0.010889386425651881
medqa_test_00454,r1-distill-llama-8b,medqa,E,B,False,True,False,10,10,1170.1,0.058893311280791005,0.023986602653401003,0.010695022160270662,0.13267117738723755,2.2464393446710154,1.0,0.9,0.023125490373723155,0.006030952507283747,0.028030741648500647,0.009877351386881244
medqa_test_00107,r1-distill-llama-8b,medqa,A,A,True,False,False,8,9,2693.5,0.2149789231911492,0.12437455084555935,0.07653671212230545,0.109395831823349,1.7527152789797045,0.9998415637084915,0.7,0.016884996697300952,0.008044741592591435,0.024501470627853624,0.015844426079572857
medqa_test_00920,r1-distill-llama-8b,medqa,A,A,True,True,False,10,10,1022.0,0.05278264101954281,0.021834312567385883,0.007770210597118854,0.07982086390256882,0.4689955935892812,0.9999810748528144,0.9,0.016656408239733078,0.0025387056009325113,0.0182130075011607,0.006693947432440952
medqa_test_00528,r1-distill-llama-8b,medqa,D,A,False,True,False,10,10,1332.2,0.0578512981090914,0.020003320248448198,0.007370381682061678,0.11307741701602936,1.1567796494470395,0.9999646437425705,0.9,0.015806705120952416,0.006052197983794994,0.02075284016123027,0.006832067381381093
medqa_test_01166,r1-distill-llama-8b,medqa,D,D,True,True,False,10,10,1314.9,0.06802554799528798,0.028417856419065378,0.013042703016955193,0.060712385922670364,0.7219280948873623,,0.9,0.012735272216853232,0.0025377698448369986,0.014858221172099007,0.01126125417231218
medqa_test_00187,r1-distill-llama-8b,medqa,B,B,True,True,False,10,10,702.4,0.03486744957020902,0.009792897507574394,0.0031549274366031387,0.036409299820661545,0.0,0.022977410243153328,0.75,0.021078879856829696,0.0028319129124218393,0.02241630420199662,0.01672937735375401
medqa_test_00823,r1-distill-llama-8b,medqa,D,C,False,False,False,9,9,2432.1,0.2363248633416423,0.1485349327904078,0.09693675178983711,0.07811695337295532,1.7527152789797045,0.7549154865725554,0.9,0.011477280065255047,0.01114157978039325,0.021451951811323863,0.02139660552123348
medqa_test_00997,r1-distill-llama-8b,medqa,E,E,True,True,False,10,10,1627.8,0.10690512797110534,0.056556119316963936,0.03199520074912986,0.08719272911548615,0.9219280948873623,,0.9,0.01860644726346534,0.0066601515094887945,0.02427564368606555,0.018357949856037923
medqa_test_00371,r1-distill-llama-8b,medqa,A,A,True,True,False,10,10,2290.9,0.11142443761449591,0.05200273224585598,0.026472155030594358,0.08981800824403763,1.0,0.9999151889363299,0.9,0.02189919217278394,0.008119173331622705,0.02851777369979424,0.008206213132052862
medqa_test_01142,r1-distill-llama-8b,medqa,A,A,True,True,False,10,10,1075.8,0.06201806521432775,0.028917405222417803,0.014937299797665305,0.08837228268384933,1.5709505944546687,0.042087753981837145,0.85,0.017691030120213082,0.003646425086827881,0.020732932599918503,0.016665699373163416
medqa_test_00586,r1-distill-llama-8b,medqa,B,C,False,True,False,10,10,1751.5,0.12859813042337737,0.06519013242712811,0.036083869278660904,0.09063959866762161,1.295461844238322,0.9626729737005126,0.9,0.01859682455327338,0.006223075529100163,0.02375864421805693,0.011183751506590952
medqa_test_00195,r1-distill-llama-8b,medqa,C,,,False,True,10,10,1543.2,0.11685130471111213,0.06480895877346302,0.03936784434089909,0.045987408608198166,0.0,0.13296410573356732,0.9,0.03651835823845005,0.007122125331630411,0.04209287085473634,0.01401784969732577
medqa_test_01155,r1-distill-llama-8b,medqa,E,C,False,True,False,10,10,2035.6,0.12826805184368778,0.06513735902666486,0.03737472480465035,0.1038452535867691,1.6854752972273344,0.9994472229043665,0.6,0.03366529948343798,0.015224499506302678,0.04380505092690259,0.009711149776195624
medqa_test_00536,r1-distill-llama-8b,medqa,E,E,True,True,False,10,10,1379.3,0.05180819481878175,0.019032257303193335,0.007264619732736033,0.11012137681245804,0.0,0.7549153178795158,0.9,0.014460375867930909,0.006193841689946328,0.019619637319839695,0.012221919999110977
medqa_test_00510,r1-distill-llama-8b,medqa,A,C,False,True,False,10,10,788.4,0.06015894998176112,0.030458293582588523,0.01741081172425595,0.09912510961294174,1.3709505944546687,,0.85,0.01886907079544306,0.0021782646430869254,0.020696663316963647,0.012835686740959949
medqa_test_00976,r1-distill-llama-8b,medqa,E,E,True,True,False,10,10,1170.9,0.06271552790258209,0.024184951611534233,0.01023801557848053,0.07837118208408356,0.0,0.9706878353411764,0.95,0.01542038435524116,0.004044437831973372,0.01833412835764916,0.015485454655430572
medqa_test_01050,r1-distill-llama-8b,medqa,D,C,False,True,False,10,10,1800.3,0.11946511641832944,0.06079266636147471,0.03430853333362808,0.07020383328199387,1.7609640474436812,,0.85,0.03066638835076425,0.011600976128826481,0.03848587082115039,0.014813868075957231
medqa_test_00742,r1-distill-llama-8b,medqa,B,C,False,False,False,9,9,2682.1,0.189671243137583,0.10469339835343287,0.06174242284917432,0.09083478897809982,1.7527152789797047,0.999999880206958,0.95,0.024397300460794302,0.010439438019280186,0.03218242575001593,0.007863192909938841
medqa_test_01263,r1-distill-llama-8b,medqa,A,D,False,True,False,10,10,1033.0,0.03556415117501127,0.016603099840122183,0.009079484740911404,0.08291659504175186,0.0,0.9525742015305929,0.9,0.022154081484291193,0.0034438351361194865,0.022798003825315393,0.011228486032802323
medqa_test_00631,r1-distill-llama-8b,medqa,B,B,True,True,False,10,10,1148.2,0.04314622694977229,0.013371425432305484,0.0037320380627126172,0.0957939475774765,1.0,0.22270079284025238,0.95,0.015484688761954652,0.002549201527545632,0.017012856181768947,0.01114012050641163
medqa_test_01157,r1-distill-llama-8b,medqa,E,D,False,True,False,10,10,1128.4,0.058059135892159094,0.027242656453283342,0.014079917952741217,0.0875316709280014,1.295461844238322,,0.95,0.01612682547333195,0.005998726509551479,0.02064920216961107,0.012032207612735314
medqa_test_00473,r1-distill-llama-8b,medqa,D,D,True,True,False,10,10,1117.1,0.07037727397903563,0.030984640529380447,0.01425200501685706,0.08243493735790253,1.3609640474436813,0.9978172848644807,0.9,0.01857102211047167,0.0037369843446128795,0.021476343432407164,0.010902535972221109
medqa_test_00812,r1-distill-llama-8b,medqa,E,E,True,True,False,10,10,1694.4,0.09338626544028186,0.042085622780152133,0.02133737535291319,0.08819624781608582,1.295461844238322,0.9669140625279982,0.9,0.024274792545808967,0.0076124131709683265,0.030484310349207993,0.014075203017068005
medqa_test_00299,r1-distill-llama-8b,medqa,B,B,True,True,False,10,10,740.3,0.08936976793812645,0.0407566781044977,0.018624827527915055,0.10294580459594727,0.4689955935892812,0.0758596483898693,0.9,0.009269417430145765,0.009510614910106883,0.018275318212201127,0.028390839487728164
medqa_test_00717,r1-distill-llama-8b,medqa,B,B,True,False,False,9,9,2069.8,0.09153571930659778,0.04540265861748044,0.024586676504849136,0.06828676164150238,0.9182958340544896,0.0758583760500758,0.9,0.015134848608748142,0.005014657092829729,0.019681497116639045,0.010676855556283183
medqa_test_00850,r1-distill-llama-8b,medqa,C,B,False,True,False,10,10,1028.8,0.06452559575631231,0.028028701311566418,0.012843727686710549,0.08667299896478653,0.9219280948873623,0.022977364857989947,0.85,0.022215104641197213,0.0016659223467912067,0.02347956937440713,0.01159055853310428
medqa_test_00049,r1-distill-llama-8b,medqa,D,D,True,True,False,10,10,1072.8,0.08640861522231429,0.03818860531982203,0.019714589597496602,0.0803159847855568,1.295461844238322,0.9999945779295056,0.9,0.015543758319337164,0.004767407836021267,0.01918545880406432,0.013039845700218097
medqa_test_00793,r1-distill-llama-8b,medqa,B,D,False,True,False,10,10,1750.3,0.12537513338975073,0.07007024843149248,0.04196393978124881,0.10866095125675201,0.4689955935892812,0.0011695014861649955,0.95,0.02956140038160947,0.011327870100107731,0.03677750785112695,0.009897537561478374
medqa_test_00100,r1-distill-llama-8b,medqa,E,E,True,False,False,8,9,2623.4,0.17907826618900638,0.10165936689265591,0.059439203288876176,0.0719161182641983,0.7642045065086203,0.6791814107581889,0.9,0.01496245406905367,0.0071851873270834905,0.02151001307302992,0.019254021751146648
medqa_test_00662,r1-distill-llama-8b,medqa,E,E,True,True,False,10,10,1214.5,0.07431477914168216,0.03399342277579748,0.017966592759688392,0.09133069962263107,0.0,0.932453333117955,0.9,0.019672295048707343,0.003789293113227727,0.02157025058440853,0.008362414413774
medqa_test_00665,r1-distill-llama-8b,medqa,C,E,False,False,False,8,8,2808.0,0.33508308145972154,0.22720255467692735,0.15820941723539445,0.1139085665345192,1.0,0.9046505223325513,,0.019986248516876644,0.010597667403436237,0.029652480160333682,0.015388486934308696
medqa_test_01254,r1-distill-llama-8b,medqa,B,B,True,True,False,10,10,804.6,0.031931696411763785,0.00985769924671367,0.003218020918850606,0.07114298641681671,0.8812908992306927,5.3435733666588716e-05,0.9,0.013959524109655305,0.001516101177456285,0.014433786533715454,0.006284931314266118
medqa_test_01150,r1-distill-llama-8b,medqa,A,C,False,True,False,10,10,708.9,0.0277799252799922,0.009741322990548983,0.004096285481562134,0.10034998506307602,0.7219280948873623,,0.95,0.01831952349850399,0.0024694743096843855,0.019756824952061068,0.015108316488071594
medqa_test_00044,r1-distill-llama-8b,medqa,B,A,False,True,False,10,10,1845.2,0.08587305377878521,0.03780154307400931,0.01913011871136997,0.1068802922964096,2.0464393446710156,0.9999898700081447,0.9,0.028733120605597646,0.006282735176850199,0.03378704979014491,0.012370680668891545
medqa_test_00289,r1-distill-llama-8b,medqa,D,D,True,False,False,9,10,1866.3,0.12513389503075772,0.06654969735037024,0.03872633114239754,0.12893234193325043,0.9219280948873623,0.9989677853854422,0.9,0.021337702460374735,0.006071008398021572,0.025858851539604915,0.007714548416809942
medqa_test_01201,r1-distill-llama-8b,medqa,D,D,True,True,False,10,10,1406.0,0.09829948127505586,0.048744609330380786,0.024709034335783874,0.07546631246805191,1.3567796494470397,0.8933091928719333,0.9,0.020993236977680418,0.00337941645301055,0.02247752781713102,0.009240446082735044
medqa_test_00861,r1-distill-llama-8b,medqa,C,A,False,False,False,6,7,2899.8,0.1437229209724391,0.07520892610642738,0.04184566564217027,0.10317482054233551,1.1488348542809166,0.9999678044429229,0.9,0.020077668543934585,0.008951674051825202,0.027325340850270503,0.014984326044516837
medqa_test_00898,r1-distill-llama-8b,medqa,C,C,True,True,False,10,10,901.0,0.044496815596551255,0.016615544790579573,0.00683290914843272,0.0691952034831047,0.0,,0.95,0.013226559417530221,0.0005689187810171716,0.013795478198547392,0.00771456310856606
medqa_test_00328,r1-distill-llama-8b,medqa,B,B,True,True,False,10,10,1423.1,0.06586757416053815,0.027781401884048196,0.013338565478386877,0.08578585088253021,0.4689955935892812,1.4738988810315588e-05,0.9,0.02246096464836913,0.004881828201134031,0.026120019282159096,0.014436060326402562
medqa_test_01071,r1-distill-llama-8b,medqa,A,D,False,True,False,10,10,1114.8,0.04128825812089763,0.014209651887846975,0.005237282712389335,0.08363433182239532,0.0,0.14804719921481793,0.9,0.011492016761779966,0.0007481199684630026,0.012044502950621063,0.007799503176724549
medqa_test_01032,r1-distill-llama-8b,medqa,C,C,True,True,False,10,10,1432.0,0.07673971080583783,0.037511473504022584,0.02157239132303792,0.0702788457274437,0.9219280948873623,,0.9,0.020115741286732897,0.003462054772988699,0.02310687148129256,0.009408435318390277
medqa_test_00892,r1-distill-llama-8b,medqa,E,E,True,True,False,10,10,1571.8,0.0812729763993502,0.03577539901999954,0.016924387786439198,0.10509537905454636,0.4689955935892812,,0.95,0.02231228749935308,0.00649041931239875,0.02613424484149025,0.01311701154213753
medqa_test_00623,r1-distill-llama-8b,medqa,A,A,True,True,False,10,10,805.4,0.06238573447760313,0.026683032716322497,0.012518436564648372,0.07681728899478912,0.0,0.9999687981002646,0.95,0.008259168925005151,0.00399858128784932,0.012257750212854473,0.014076005400353388
medqa_test_01173,r1-distill-llama-8b,medqa,A,A,True,True,False,10,10,1014.2,0.057665108102631465,0.025665629242307354,0.011261051296910985,0.08591879904270172,0.0,0.9999687980752469,0.9,0.009760000353968675,0.002522371592685286,0.012186402656826707,0.011084511478779363
medqa_test_00246,r1-distill-llama-8b,medqa,A,B,False,True,False,10,10,1767.8,0.15952673288483005,0.08929548638020188,0.05313701798225538,0.07943595200777054,1.1567796494470395,0.18242559886348494,0.9,0.0239711474134377,0.0076554672144817275,0.030808511889368277,0.01779311500521346
medqa_test_00272,r1-distill-llama-8b,medqa,C,C,True,True,False,10,10,780.4,0.034916222943650224,0.013044122846661543,0.005714001815339953,0.0928194597363472,0.0,,0.95,0.0099414659761658,0.0009664591351179839,0.01035130204173957,0.009255616537988079
medqa_test_00581,r1-distill-llama-8b,medqa,D,B,False,False,False,8,8,2299.6,0.18896534332733952,0.11913460407134582,0.08039597175442567,0.09498977661132812,1.061278124459133,0.148047477047478,0.9,0.016868466310393047,0.0071090945645518825,0.022271377840150767,0.013443126531362832
medqa_test_00489,r1-distill-llama-8b,medqa,D,D,True,True,False,10,10,1380.3,0.10642314658935415,0.06545955384196164,0.04440849509282393,0.09306599199771881,0.0,1.0,0.75,0.011565688551022676,0.004427630000735624,0.015312355879746786,0.013176232918393871
medqa_test_01185,r1-distill-llama-8b,medqa,C,A,False,True,False,10,10,1151.4,0.06466452809790454,0.030793070977860593,0.016156760588467833,0.10902947187423706,0.9219280948873623,0.9999938808316102,0.9,0.012973686106689333,0.0034350895452576837,0.015233803652063286,0.00833290355044158
medqa_test_01138,r1-distill-llama-8b,medqa,E,D,False,True,False,10,10,1127.8,0.061072458819679584,0.027244137938294267,0.013453172355436128,0.08601153641939163,0.8812908992306927,0.9968273775760111,0.9,0.018893466913261454,0.006446749184740229,0.023334169635405973,0.010963513899225483
medqa_test_00214,r1-distill-llama-8b,medqa,B,B,True,False,False,9,9,2817.1,0.19493460167751137,0.11559931329402517,0.07483568044931352,0.09205055236816406,0.9910760598382222,0.999999999876218,0.5,0.027960240612284155,0.011678881162726019,0.03819087580459947,0.019947922764015764
medqa_test_00848,r1-distill-llama-8b,medqa,C,C,True,True,False,10,10,1130.3,0.06529835704493933,0.027458864931506,0.011700771503344231,0.06548500061035156,0.8812908992306927,,0.95,0.016919034081046815,0.003652035750880104,0.018665900216871607,0.007251707480509793
medqa_test_00455,r1-distill-llama-8b,medqa,D,A,False,True,False,10,10,1547.0,0.1974687420357042,0.11682306845533888,0.07326325370263773,0.12246019393205643,1.8464393446710154,0.9999945659258088,0.9,0.01485720415966737,0.009049944746424976,0.02317039923659062,0.01801986440511757
medqa_test_00835,r1-distill-llama-8b,medqa,C,B,False,False,False,8,8,2165.0,0.11709544805843741,0.05666812200789835,0.03239402266375356,0.09838994592428207,0.5435644431995964,0.05340350374808998,0.9,0.01776052873714268,0.00566213789968033,0.022454327149601352,0.009762550401159208
medqa_test_00078,r1-distill-llama-8b,medqa,D,B,False,False,False,9,9,1665.4,0.10251593957787035,0.0485764060479983,0.02817666151223941,0.12139756232500076,1.3516441151533922,0.06008694997316304,0.9,0.014818344784290024,0.005618666408661321,0.018837387925836876,0.010083455108140288
medqa_test_00860,r1-distill-llama-8b,medqa,D,D,True,True,False,10,10,1599.0,0.06350258435393441,0.026625688272787874,0.012691956212051547,0.09063223004341125,0.8812908992306927,,0.9,0.021394068872734307,0.0035144075771330954,0.02400086932988784,0.010786577786874887
medqa_test_00022,r1-distill-llama-8b,medqa,D,D,True,True,False,10,10,1147.5,0.05399840361982228,0.023132758435120117,0.011671261591371251,0.06362640857696533,0.4689955935892812,0.7981868745160576,0.95,0.019153227704935473,0.0037706495467338666,0.02125389907845664,0.008858106526758128
medqa_test_00603,r1-distill-llama-8b,medqa,B,B,True,True,False,10,10,1264.7,0.06581140371345796,0.02680099917583193,0.012731417544127311,0.07620193064212799,0.9219280948873623,0.00010349782845413761,0.9,0.0192633829143806,0.005719021954866034,0.023379761154669252,0.009072150214444994
medqa_test_00356,r1-distill-llama-8b,medqa,A,E,False,True,False,10,10,1254.6,0.06866530284069965,0.030567086672184905,0.01509110500503289,0.09797472506761551,1.8464393446710154,0.552855679665329,0.85,0.022537069870403763,0.005881528422451171,0.027373404652803402,0.008147088141946545
medqa_test_01236,r1-distill-llama-8b,medqa,C,D,False,True,False,10,10,1126.0,0.04375843800519762,0.016962203753757964,0.007021764241177319,0.12216690927743912,0.9709505944546686,1.1365641324630174e-06,0.95,0.012711630458025347,0.002937266600493625,0.015136069458969476,0.012208929857624385
medqa_test_00185,r1-distill-llama-8b,medqa,D,D,True,True,False,10,10,1746.9,0.13014089572645418,0.06411358499338268,0.03254356056866644,0.0658678337931633,1.295461844238322,1.0,0.7,0.03370150302981136,0.006738084852193844,0.039072328128869405,0.015872394406014657
medqa_test_01193,r1-distill-llama-8b,medqa,D,D,True,False,False,9,9,2119.7,0.12565118054283833,0.06725965135436376,0.039102941416859736,0.09461851418018341,1.4355205042826666,0.9399134426779691,0.7,0.018181792327085656,0.008576632669422284,0.02541624744573472,0.01574579866073258
medqa_test_00711,r1-distill-llama-8b,medqa,C,E,False,True,False,10,10,919.0,0.05810622800968286,0.02524772608649777,0.01240730601477268,0.06187986955046654,0.7219280948873623,0.9669140444195722,0.9,0.012950727378307153,0.00195358148390573,0.01424794900245072,0.010113531981007104
medqa_test_00263,r1-distill-llama-8b,medqa,C,C,True,True,False,10,10,970.1,0.05160821803849016,0.020468260365944412,0.008926335568006705,0.06909823417663574,0.8812908992306927,0.9953904310555491,0.9,0.01627700695386913,0.002148438772285208,0.017393024688333265,0.011430345862406396
medqa_test_00667,r1-distill-llama-8b,medqa,A,A,True,True,False,10,10,749.8,0.026116681412015917,0.008079754614096313,0.002431660364628785,0.06882595270872116,0.0,,0.9,0.011341743387470932,0.0015892446041084341,0.012409293204836786,0.01027937190464364
medqa_test_01187,r1-distill-llama-8b,medqa,B,B,True,True,False,10,10,1809.1,0.08983920894938632,0.046756823695034366,0.02691906234626551,0.12222307175397873,0.9219280948873623,0.16451666990299968,0.9,0.013441523555033526,0.005745299813093757,0.01781008012254467,0.007280598297787903
medqa_test_00463,r1-distill-llama-8b,medqa,B,D,False,True,False,10,10,1395.1,0.08429461372243909,0.04114957773064656,0.020571798371576987,0.06995534896850586,0.9709505944546686,0.9999999317439546,0.9,0.017812462796951718,0.004059511085381936,0.020287680607475465,0.010863649746921247
medqa_test_00639,r1-distill-llama-8b,medqa,A,,,False,True,0,1,4335.5,0.22855718094503014,0.1332211691858752,0.08096210663028788,0.07685896754264832,0.0,0.998674978604247,0.9,0.015592477899421388,0.011805497516121168,0.02575148794586009,0.011062956680465284
medqa_test_01238,r1-distill-llama-8b,medqa,D,A,False,True,False,10,10,1465.8,0.0836729709932383,0.03630158162710758,0.016646191499207996,0.07442767173051834,1.1567796494470395,0.9999974387293288,0.9,0.01674498619742501,0.002454749310991611,0.018786219250007116,0.007118019185778016
medqa_test_00231,r1-distill-llama-8b,medqa,A,C,False,True,False,10,10,1423.9,0.08440278205108655,0.03592947684635852,0.017142841976795498,0.07677299529314041,0.8812908992306927,,0.95,0.013011462065779727,0.002318392634218608,0.014348666019404885,0.0077505103040492835
medqa_test_00177,r1-distill-llama-8b,medqa,D,B,False,True,False,10,10,839.2,0.02741994417731275,0.0072291046491402946,0.0014331150827442628,0.08183908462524414,0.7219280948873623,0.14804724847408987,0.85,0.015049289770055402,0.0011828762810782954,0.015743020799027636,0.00937890704405056
medqa_test_00296,r1-distill-llama-8b,medqa,A,B,False,True,False,10,10,1457.6,0.13290627054415505,0.06852610291973306,0.03679588797818969,0.06161276623606682,1.5219280948873621,0.04208785420086486,0.85,0.035265906086734314,0.0126388923793487,0.04435730479095697,0.017206038172826038
medqa_test_00482,r1-distill-llama-8b,medqa,C,C,True,True,False,10,10,960.0,0.07760803264140478,0.037126768729646285,0.020381065130476828,0.062440358102321625,0.0,,0.95,0.01578423388530898,0.007000587426647155,0.021309120821314902,0.01656921855698961
medqa_test_01255,r1-distill-llama-8b,medqa,B,C,False,False,False,9,9,1299.2,0.14771092371079772,0.08094419324671606,0.04875412056217904,0.0697241798043251,0.0,0.9999992188516497,0.95,0.01618303977323062,0.007160026681799314,0.022477339063225528,0.01637258140872602
medqa_test_00857,r1-distill-llama-8b,medqa,D,D,True,True,False,10,10,720.1,0.04046972489356306,0.02066388134210878,0.009608046506765399,0.08575047552585602,0.0,,0.9,0.016303801107000426,0.004611981097395337,0.01928482883677089,0.00897391817084865
medqa_test_01251,r1-distill-llama-8b,medqa,A,A,True,True,False,10,10,904.4,0.05580228657308879,0.024515659184273342,0.01203043105121987,0.09420271962881088,0.4689955935892812,0.9999952149059355,0.95,0.018773303190131846,0.0046304162845354465,0.02261036096153309,0.0106310316386633
medqa_test_00021,r1-distill-llama-8b,medqa,A,A,True,True,False,10,10,920.7,0.05466032659718868,0.023156037159130505,0.009997974240203733,0.09602637588977814,0.0,0.9999938558231649,0.9,0.02270383780008104,0.005164166344930306,0.0248851260619642,0.00932946784589265
medqa_test_00056,r1-distill-llama-8b,medqa,C,C,True,True,False,10,10,1280.2,0.09080589132361797,0.03967435134991448,0.018720764949062253,0.051218386739492416,0.0,0.9999999176678427,0.9,0.030340963875135168,0.00966419655894125,0.036486908338026876,0.012950718466747408
medqa_test_00485,r1-distill-llama-8b,medqa,E,B,False,True,False,10,10,1003.3,0.02812419701620873,0.009540769647775926,0.004180843045423377,0.07325500249862671,0.4689955935892812,2.1538229400562415e-05,0.9,0.015166313094829003,0.004535115997520173,0.017826139668154606,0.012709181211422985
medqa_test_00887,r1-distill-llama-8b,medqa,A,,,False,True,7,7,2936.0,0.22169425282131386,0.14581007668944668,0.10092613633387455,0.09822100400924683,0.5916727785823275,0.999999761763084,,0.020480565424044972,0.006656268639431556,0.026312989692527357,0.008810182570324029
medqa_test_00090,r1-distill-llama-8b,medqa,E,E,True,True,False,10,10,1367.5,0.07834264014954682,0.03922340451285661,0.020959907187844407,0.10815610736608505,1.8464393446710154,0.8807972137391998,0.9,0.016784340234842033,0.005855907875523989,0.022150549679875047,0.009608171525803733
medqa_test_00886,r1-distill-llama-8b,medqa,A,A,True,True,False,10,10,1222.2,0.0894570993184546,0.04278349311556186,0.02117394348407613,0.08972255885601044,1.8464393446710154,0.9997965730579301,0.9,0.02132703091685023,0.004529889398560954,0.0249912498458482,0.024176728574108616
medqa_test_01026,r1-distill-llama-8b,medqa,A,B,False,True,False,10,10,1233.4,0.09572595700338613,0.0560165094171212,0.035008854410400636,0.1008056253194809,0.7219280948873623,0.07585827002830046,0.9,0.01871656791419369,0.005425268204435027,0.02387413029813017,0.01012821496477741
medqa_test_00529,r1-distill-llama-8b,medqa,C,E,False,True,False,10,10,1524.8,0.10994195873132422,0.055928106135079717,0.03155858641314398,0.10683360695838928,1.4854752972273344,0.9399132954743019,0.9,0.02123396300019275,0.004981394895561242,0.02458689238859036,0.009098280937145473
medqa_test_00055,r1-distill-llama-8b,medqa,B,B,True,True,False,10,10,1038.5,0.058747849242237284,0.02956849177741132,0.017668530385695925,0.09581649303436279,0.0,0.002472622655834145,0.95,0.01702707327240275,0.0033260725708243117,0.019455298234506962,0.011017598365511194
medqa_test_00658,r1-distill-llama-8b,medqa,D,D,True,True,False,10,10,1306.6,0.11454534420322346,0.055861867011256484,0.029926758391955632,0.06707248091697693,0.4689955935892812,,0.95,0.008002555526239106,0.006719215775187838,0.014076183838733377,0.016143980117065075
medqa_test_00706,r1-distill-llama-8b,medqa,C,E,False,True,False,10,10,1175.2,0.050435698789950204,0.021945183894122377,0.010162616485273357,0.0685199722647667,0.0,0.8354834866650763,0.9,0.020853770043881937,0.002063823818933933,0.02258785050675672,0.010777959861364659
medqa_test_00545,r1-distill-llama-8b,medqa,D,D,True,True,False,10,10,797.0,0.04178955440800271,0.019221652022978108,0.010236250770457301,0.06607995927333832,0.4689955935892812,,0.9,0.009430378502269094,0.00023446658851113714,0.009547611796524661,0.009175580582550451
medqa_test_00238,r1-distill-llama-8b,medqa,B,D,False,False,False,5,6,3810.3,0.3312737809096421,0.22401434723810829,0.16060179334127717,0.06373094767332077,1.2516291673878228,,0.9,0.02496449994936848,0.011442847019653363,0.03420407678408026,0.026941405492523947
medqa_test_00878,r1-distill-llama-8b,medqa,D,D,True,True,False,10,10,937.0,0.08105513871924384,0.03833326763315711,0.01984696771589751,0.04828524962067604,1.3709505944546687,,0.95,0.023496818645758904,0.0038036942532928266,0.02575606088333497,0.014514520924916039
medqa_test_00192,r1-distill-llama-8b,medqa,E,E,True,True,False,10,10,752.6,0.054358013850083375,0.024485429345269816,0.011310174346943891,0.05287513881921768,0.0,0.0,0.9,0.013303120600173876,0.0030081305338808557,0.014844505793940161,0.011184829129180162
medqa_test_00738,r1-distill-llama-8b,medqa,A,A,True,True,False,10,10,422.0,0.05676017597891022,0.02180504881674993,0.009142955407281883,0.07577938586473465,0.4689955935892812,1.0,0.9,0.010811231896022828,0.005039968863159226,0.015851200759182053,0.022431460374863234
medqa_test_01250,r1-distill-llama-8b,medqa,B,B,True,False,False,7,9,2318.2,0.17748192839027366,0.10642003657948018,0.06815584446245075,0.1025022640824318,1.836591668108979,0.07585824428700995,0.9,0.01582811566925828,0.009005535658917112,0.02396726066100576,0.018229459691069785
medqa_test_01233,r1-distill-llama-8b,medqa,B,,,False,True,8,8,3238.4,0.15478771906885863,0.07700960953307914,0.037031922806269726,0.09733742475509644,1.2987949406953985,0.56217659170642,0.9,0.02526908644214639,0.009856891420836771,0.033686690216253125,0.009718189810907291
medqa_test_00531,r1-distill-llama-8b,medqa,D,C,False,True,False,10,10,1474.2,0.07058043255152563,0.03272312710696455,0.01562520594358041,0.07509856671094894,0.0,0.9999999959009052,0.95,0.012581298705732685,0.004562976575314547,0.016519333819229796,0.01887558334926445
medqa_test_00568,r1-distill-llama-8b,medqa,A,A,True,True,False,10,10,892.4,0.036317832376731495,0.013630991671382209,0.005067320903704387,0.12922628223896027,0.0,0.999999607213779,0.95,0.011612095124692825,0.0022395139220266437,0.01342540732189148,0.010062991432171407
medqa_test_00286,r1-distill-llama-8b,medqa,D,D,True,True,False,10,10,762.6,0.04963703950629653,0.015206703858740478,0.005026317065031083,0.04386128485202789,0.0,,0.95,0.015772122877728435,0.002203288613619697,0.017706261924445754,0.022305290913310134
medqa_test_00757,r1-distill-llama-8b,medqa,E,D,False,True,False,10,10,1493.1,0.0828287174958114,0.03751028122259675,0.019837565431992676,0.11175782233476639,1.3609640474436813,,0.9,0.021220423501728584,0.006862969150254238,0.026445060360517296,0.008519338013362552
medqa_test_00785,r1-distill-llama-8b,medqa,D,C,False,True,False,10,10,1142.0,0.06653784792440867,0.028600918539892238,0.014011985992600784,0.1334468573331833,1.8464393446710154,0.9241419264649848,0.95,0.018822603430780068,0.0057322306218797695,0.02254197814704645,0.011319744792014027
medqa_test_00067,r1-distill-llama-8b,medqa,C,A,False,True,False,10,10,2205.8,0.1315379132102831,0.06598393988509547,0.03656120720221965,0.08009184896945953,1.1567796494470395,0.9999938558234597,0.95,0.017252441803549123,0.006271559377397945,0.022754119219214552,0.011731051304076917
medqa_test_01108,r1-distill-llama-8b,medqa,D,C,False,True,False,10,10,1594.2,0.14439249201873813,0.08082688428789224,0.04798996328822196,0.08783358335494995,2.1709505944546685,,0.85,0.02571531495746654,0.005767628889821776,0.03033366636448272,0.013375627531801767
medqa_test_00571,r1-distill-llama-8b,medqa,C,D,False,True,False,10,10,1091.5,0.051882691619787036,0.02048965782781905,0.009177982478863944,0.0732051432132721,1.4854752972273344,0.9971990754244702,0.9,0.022704700212315267,0.0020429525095062946,0.023155412349389486,0.007900145750084063
medqa_test_00212,r1-distill-llama-8b,medqa,E,C,False,True,False,10,10,891.4,0.08772929480572991,0.037071335037432616,0.01793370762610761,0.07662772387266159,0.4689955935892812,0.9422211329020921,0.95,0.02234608355800629,0.004450667250847927,0.024816065642602587,0.015878113247769145
medqa_test_00220,r1-distill-llama-8b,medqa,D,B,False,True,False,10,10,1311.1,0.10129145041249155,0.05426081409739397,0.03063260523943877,0.08590979874134064,1.4854752972273344,6.144172696731288e-06,0.85,0.013777081576631068,0.0051620394644265434,0.018011678186195156,0.012927537301117675
medqa_test_01132,r1-distill-llama-8b,medqa,E,C,False,False,False,9,9,1736.0,0.09522802102096793,0.04523354440637184,0.022542963141635407,0.08597654104232788,1.3516441151533924,0.8670357735809768,0.85,0.019853341791025735,0.0034449542756500974,0.02249817636559301,0.007233353822789589
medqa_test_01020,r1-distill-llama-8b,medqa,D,E,False,True,False,10,10,2304.4,0.14947213786394026,0.07684339414319616,0.042029474243824236,0.09690298140048981,1.5709505944546684,0.16451645470385742,0.85,0.022807866188455386,0.010296092525864914,0.03085883991473169,0.013057045234905262
medqa_test_00492,r1-distill-llama-8b,medqa,C,B,False,True,False,10,10,1588.5,0.10653032604039576,0.05943090860462349,0.038041316288295365,0.08643004298210144,0.4689955935892812,0.24508909758595565,0.95,0.011248969779967383,0.0034567861252454207,0.0141526412198088,0.009130555270833448
medqa_test_00988,r1-distill-llama-8b,medqa,B,B,True,False,False,9,9,1446.2,0.21589689219662658,0.1371652962638708,0.08979083911637609,0.07331518828868866,0.9910760598382222,0.9626729531932735,1.0,0.0102371362167691,0.008951721065482983,0.01866737217871594,0.02857290924069459
medqa_test_00420,r1-distill-llama-8b,medqa,B,B,True,False,False,9,10,2603.5,0.2857049863149705,0.20846732551901162,0.15921720285044438,0.13842859864234924,0.8812908992306927,0.029312343751681937,0.9,0.032033320185002774,0.011042652950911993,0.04102849020373859,0.016278673714506663
medqa_test_00978,r1-distill-llama-8b,medqa,C,C,True,True,False,10,10,869.2,0.06855656400297713,0.028178855633335442,0.01282709911300146,0.06685473024845123,1.295461844238322,,0.95,0.012847067223649741,0.0034480891578243106,0.015359855146905946,0.01663812806445144
medqa_test_00699,r1-distill-llama-8b,medqa,A,A,True,True,False,10,10,1816.4,0.07924585538160071,0.03467361076911711,0.01743856812247636,0.1046963483095169,1.3609640474436813,0.9999885212321187,0.9,0.017923402139874423,0.005255739622082275,0.02218928362942107,0.008478196696823606
medqa_test_00730,r1-distill-llama-8b,medqa,D,A,False,True,False,10,10,1969.5,0.14178434496629694,0.07646812292082132,0.044009793758458725,0.08436902612447739,0.4689955935892812,0.9996944873985767,0.85,0.02447570736567115,0.00891959909214462,0.03162009965927183,0.01505722705964271
medqa_test_00969,r1-distill-llama-8b,medqa,C,B,False,True,False,10,10,1323.4,0.057508165058870596,0.022520085186398853,0.0107113141790398,0.08644841611385345,0.7219280948873623,0.029312493300368992,0.9,0.016609293650923236,0.0028622740062184,0.01840744185936124,0.007869150945170258
medqa_test_00719,r1-distill-llama-8b,medqa,A,B,False,False,False,3,5,3610.0,0.2493363818161069,0.1475302429345264,0.09398785583685869,0.08931725472211838,1.5219280948873621,1.0,0.8,0.023990675493489388,0.011066768532853368,0.03370623028536702,0.018790338985450888
medqa_test_00032,r1-distill-llama-8b,medqa,E,C,False,False,False,8,7,2864.3,0.12007986620207914,0.057580471243853106,0.02889291669291665,0.08926909416913986,0.5916727785823275,,0.9,0.018469647067924585,0.006635990071397135,0.024207716192435107,0.008704365487380301
medqa_test_00876,r1-distill-llama-8b,medqa,D,D,True,True,False,10,10,886.8,0.03983938641263237,0.017728745076003048,0.007880371282142784,0.06125389039516449,0.0,,0.9,0.01891019861519834,0.002925596444247838,0.02064186725185225,0.012978915907260196
medqa_test_00126,r1-distill-llama-8b,medqa,A,A,True,False,False,8,9,2855.0,0.21997615999722067,0.12775054942548308,0.07806994652527069,0.09560620784759521,0.5032583347756457,0.9999989322974754,0.9,0.01963915590315122,0.007679023728288241,0.02640034527146141,0.010760454942471687
medqa_test_00179,r1-distill-llama-8b,medqa,D,D,True,True,False,10,10,1270.4,0.06936543189525447,0.030246750426542245,0.01459979768521542,0.07942359894514084,0.4689955935892812,0.9975273764758268,0.9,0.019702263225148335,0.002004880022191184,0.021598565614331922,0.008963549482319135
medqa_test_00367,r1-distill-llama-8b,medqa,D,E,False,True,False,10,10,1703.3,0.10797826201384382,0.05238337214322503,0.027232446749480423,0.06980930268764496,1.1567796494470395,0.9947798736874025,0.95,0.017904938623641474,0.006020990839408042,0.023340710274664358,0.018861624036278633
medqa_test_00480,r1-distill-llama-8b,medqa,B,A,False,True,False,10,10,2132.3,0.14496996716201735,0.07838299494930166,0.04370533518194604,0.07649567723274231,1.3709505944546687,0.9998483633794119,0.95,0.027445455966491727,0.01079610152417547,0.03686004515244391,0.02524613704250106
medqa_test_00121,r1-distill-llama-8b,medqa,B,B,True,True,False,10,10,706.5,0.034988156289250075,0.01579919404504928,0.00630696440646763,0.055411502718925476,0.0,0.014063692385580782,0.9,0.016447550250851668,0.002234131968156056,0.01688210449421846,0.005181129811506151
medqa_test_00081,r1-distill-llama-8b,medqa,B,,,False,True,10,10,2606.6,0.16515290396245713,0.08833631990588711,0.04923840855613441,0.11319981515407562,1.1567796494470395,0.9999962733614145,0.7,0.022796511324549722,0.007668779552984913,0.029146632606074585,0.008830463354659816
medqa_test_00011,r1-distill-llama-8b,medqa,D,D,True,True,False,10,10,1342.2,0.051242270195826466,0.021119460470669527,0.010763526725851003,0.10105235129594803,0.8812908992306927,,0.7,0.011978726049126675,0.003767018746169447,0.014306881378934627,0.008654886758750379
medqa_test_00829,r1-distill-llama-8b,medqa,E,A,False,True,False,10,10,1951.0,0.11332189701103171,0.05716811411924061,0.030032105226108642,0.07792332768440247,0.9219280948873623,0.9999974387168747,0.9,0.0233749151623615,0.004340384053826906,0.026754000784572508,0.009892617941020952
medqa_test_01171,r1-distill-llama-8b,medqa,D,A,False,True,False,10,10,1798.5,0.05740190392006669,0.024368928492830667,0.010956720797421049,0.09063617140054703,1.4854752972273344,0.9999962733621681,0.9,0.02011034504004264,0.005144432114870688,0.02320500895771027,0.011301491410783347
medqa_test_01068,r1-distill-llama-8b,medqa,B,E,False,False,True,8,8,2105.1,0.23133144903340722,0.16472625405797814,0.12606561761154114,0.10144128650426865,1.061278124459133,,,0.01757902610520163,0.0076127185750424166,0.024151228669450117,0.019122658456796938
medqa_test_01203,r1-distill-llama-8b,medqa,C,,,False,True,8,10,2524.0,0.24043919098635524,0.1701553169160866,0.12801431161808954,0.08919113874435425,0.0,,,0.024775972585801807,0.008338396699303802,0.031811627872072736,0.024404430638489957
medqa_test_00820,r1-distill-llama-8b,medqa,C,C,True,True,False,10,10,1096.4,0.044965506143238285,0.013867110908179913,0.004247299969581153,0.05861711502075195,0.8812908992306927,0.9526043854327056,0.85,0.013220814575458501,0.001785566765534707,0.01426133261784444,0.00949176881983395
medqa_test_01180,r1-distill-llama-8b,medqa,A,A,True,True,False,10,10,1949.3,0.11137264855174892,0.05791667425203482,0.03289636226655629,0.08491966873407364,0.9709505944546686,1.0,0.9,0.02582120568582339,0.009273199893429392,0.03221165831733328,0.012290514421832845
medqa_test_00901,r1-distill-llama-8b,medqa,E,E,True,True,False,10,10,1444.7,0.06761332589933808,0.02771904439753753,0.013114584347813606,0.11683938652276993,0.4689955935892812,0.9982992876661329,0.7,0.019740619233715694,0.006423859087214198,0.025251735939441567,0.013286155044267963
medqa_test_01100,r1-distill-llama-8b,medqa,B,B,True,False,False,8,9,2953.9,0.19468868468204747,0.11362141702538123,0.06856787694532895,0.11637070029973984,1.8910611120726528,1.067702596342539e-06,0.7,0.022027551602621914,0.009903378215236399,0.029646378186860722,0.014391087885361642
medqa_test_01163,r1-distill-llama-8b,medqa,C,E,False,True,False,10,10,1393.9,0.09574521631436762,0.042617026316345265,0.021579495949287698,0.10272198915481567,0.4689955935892812,0.9465967861485152,0.75,0.024232541226226784,0.005958406178645601,0.028729479036848648,0.009034485108380307
medqa_test_00426,r1-distill-llama-8b,medqa,C,C,True,False,False,9,9,2045.7,0.08119638664346676,0.04065074118164819,0.020918818305202404,0.1345285028219223,0.9910760598382222,0.9579123100722556,0.9,0.019499279223836978,0.008829935708775648,0.025500313683588648,0.005747652400065581
medqa_test_01044,r1-distill-llama-8b,medqa,B,B,True,True,False,10,10,1205.1,0.09329113276302818,0.03941753867182568,0.018252007123721513,0.1260673552751541,0.9709505944546686,0.05340355257829663,0.9,0.021375205841217427,0.0077786810852125115,0.027673710290007557,0.016140206852768783
medqa_test_01212,r1-distill-llama-8b,medqa,B,D,False,True,False,10,10,1507.6,0.07442381035258933,0.0297620148395251,0.013904368377230747,0.058027319610118866,1.4854752972273344,,0.9,0.027158346256378297,0.009349280788833,0.0341734755753562,0.016932938248670183
medqa_test_00888,r1-distill-llama-8b,medqa,A,E,False,False,True,8,8,2275.6,0.28057242828935597,0.19252378924416796,0.1382918952047977,0.07976281642913818,0.954434002924965,0.1066903624297259,0.95,0.016199255512169157,0.009168347174358316,0.023976021127103536,0.021198045538343254
medqa_test_00813,r1-distill-llama-8b,medqa,C,E,False,True,False,10,10,1252.8,0.1035457008592856,0.05596027190602224,0.03198300845412738,0.06909581273794174,0.9219280948873623,0.9924227630595744,0.9,0.018348135920798016,0.006760860045099558,0.023082399091716815,0.009372948996563945
medqa_test_01107,r1-distill-llama-8b,medqa,A,,,False,True,8,9,3926.4,0.2999526164626972,0.18875333292127078,0.1266826352475781,0.04947219789028168,0.9182958340544896,0.9999998025008701,,0.03532074996681204,0.019261601966626872,0.05055506291872458,0.025806273655700356
medqa_test_00875,r1-distill-llama-8b,medqa,E,E,True,True,False,10,10,930.4,0.03533547834110967,0.012197484307902417,0.0048241205628804405,0.0706433430314064,0.0,0.9999832985748165,0.95,0.01626337721935344,0.004422525586376831,0.019042816150759936,0.011553200200968738
medqa_test_00659,r1-distill-llama-8b,medqa,D,B,False,True,False,10,10,1325.1,0.11058655621069509,0.05817568415235417,0.030284644838872922,0.07421703636646271,0.0,0.9999998802069017,0.8,0.01890129806483102,0.0057930336655362975,0.023852485606201585,0.01568543522504133
medqa_test_00125,r1-distill-llama-8b,medqa,A,A,True,True,False,10,10,783.9,0.03167439650645395,0.0106550850388491,0.0034085272853482174,0.06737369298934937,0.0,0.9999832985808369,0.9,0.013739206631629797,0.0024193968146492975,0.015525804771125074,0.01669230366318736
medqa_test_00269,r1-distill-llama-8b,medqa,D,D,True,False,False,9,9,2119.9,0.11282026954632565,0.05563605477160064,0.028655533589586148,0.08780550211668015,0.5032583347756457,,0.9,0.017516134643985565,0.006239381051493552,0.022346577074143358,0.012608817476426329
medqa_test_00148,r1-distill-llama-8b,medqa,B,B,True,True,False,10,10,949.0,0.022411977960518782,0.00740996977332391,0.003016398857841196,0.07270292937755585,0.4689955935892812,0.000749584700247343,0.9,0.016785319777998846,0.0012472471844082417,0.01750344267837746,0.008552515898252473
medqa_test_00462,r1-distill-llama-8b,medqa,B,A,False,True,False,10,10,1174.3,0.04044135912684438,0.014847420893081342,0.005321912074524471,0.06612833589315414,0.7219280948873623,0.9997388097124774,0.9,0.015415761296064524,0.0018334712894089225,0.016392513222560887,0.008862893491060264
medqa_test_00960,r1-distill-llama-8b,medqa,D,D,True,True,False,10,10,1750.3,0.07718202574469432,0.0328710176387935,0.01631946674061422,0.10923232138156891,0.4689955935892812,,,0.020231336394047804,0.005346675957299783,0.024769425695514376,0.011544108157099647
medqa_test_00314,r1-distill-llama-8b,medqa,A,E,False,False,False,9,9,2807.0,0.18515976348978783,0.11135860068778984,0.06768106176228846,0.08488332480192184,1.6577427265048887,0.7981869020846288,0.75,0.023637679546137304,0.013264415241582173,0.03367464550428316,0.011661237810535902
medqa_test_00300,r1-distill-llama-8b,medqa,D,A,False,True,False,10,10,2456.4,0.23260417777899994,0.13470079808889146,0.0867290256790832,0.09129694104194641,1.8464393446710154,,0.9,0.02353840612016039,0.011213961003193568,0.03337907393736102,0.016010738409740943
medqa_test_00241,r1-distill-llama-8b,medqa,B,A,False,True,False,10,10,2217.4,0.14439062094379362,0.07546647316446994,0.03932633139738958,0.10051661729812622,0.7219280948873623,0.9999977396766724,0.9,0.021551896908429333,0.004994253921121298,0.02570540427214483,0.012531336958550545
medqa_test_01031,r1-distill-llama-8b,medqa,E,E,True,True,False,10,10,1052.9,0.07365397914989366,0.0341930483895447,0.01724588394781824,0.09414562582969666,1.295461844238322,0.5000002631217311,0.85,0.022408069651447572,0.006865933913970333,0.027256594201423696,0.010201776782953843
medqa_test_00087,r1-distill-llama-8b,medqa,D,D,True,True,False,10,10,1515.3,0.13026440520455532,0.07862902203649554,0.05172852085303775,0.08034567534923553,0.0,0.9939857558606566,0.95,0.014134963753070426,0.004964751442709006,0.018655607520495665,0.016416695548613393
medqa_test_00726,r1-distill-llama-8b,medqa,E,E,True,True,False,10,10,2012.5,0.10512586295665458,0.05085820253803012,0.026701391754874536,0.10140851140022278,1.7219280948873623,,0.85,0.016687469371258087,0.00860134878064148,0.023694409845109433,0.013522631365049895
medqa_test_00771,r1-distill-llama-8b,medqa,C,A,False,False,True,4,7,3327.6,0.21878440070295252,0.14218176677770814,0.09634497664779057,0.14323782920837402,1.4488156357251847,0.9999999176704841,0.85,0.021435465623809387,0.012692015721353204,0.031570286842103404,0.00963157687103187
medqa_test_00017,r1-distill-llama-8b,medqa,E,,,False,True,10,10,1397.4,0.10951221642484574,0.05745011843336541,0.03320581598298493,0.06402843445539474,1.3609640474436813,,0.9,0.00992275829834973,0.005823272289751482,0.014983167697710322,0.013577008129508381
medqa_test_00034,r1-distill-llama-8b,medqa,B,,,False,True,9,10,2121.5,0.14954616739153975,0.09015578484538404,0.05937360284662692,0.09687398374080658,0.8812908992306927,0.9579122762897041,0.85,0.024987479203595505,0.006097975163666541,0.030129409467282174,0.018095921817302886
medqa_test_01041,r1-distill-llama-8b,medqa,D,B,False,True,False,10,10,1408.0,0.07261677275706784,0.03417134578993045,0.01839150622767326,0.11191651225090027,1.5219280948873621,0.99592986196219,0.95,0.019904571882901616,0.007480939549347619,0.02596662774155959,0.010813385658689237
medqa_test_01006,r1-distill-llama-8b,medqa,C,C,True,True,False,10,10,1827.5,0.11524862233737657,0.057806690409986115,0.030917749126226877,0.10355636477470398,0.4689955935892812,,0.9,0.016516022597844786,0.01002368682457433,0.024820633706595843,0.017335570445211855
medqa_test_00153,r1-distill-llama-8b,medqa,A,A,True,True,False,10,10,949.9,0.05622589773722436,0.021454457274840445,0.01018703043479725,0.05405819043517113,0.0,0.9992970848673883,0.9,0.013410157091538958,0.0010074159590228297,0.014312198972584969,0.014964027211793832
medqa_test_00298,r1-distill-llama-8b,medqa,E,D,False,True,False,10,10,1296.6,0.06601290801249883,0.029590273684628653,0.015594991396249402,0.10940993577241898,0.4689955935892812,0.9933071716836381,0.95,0.017710976385611067,0.00421313033155358,0.020800275119783353,0.009162673916521787
medqa_test_00428,r1-distill-llama-8b,medqa,A,A,True,True,False,10,10,1343.5,0.06045260003172335,0.024279329400843496,0.012090808501318707,0.11320645362138748,1.5219280948873621,0.999447198223591,0.9,0.023906987428653798,0.0036633395806077084,0.026466765097157542,0.010157101468157872
medqa_test_00893,r1-distill-llama-8b,medqa,B,B,True,True,False,10,10,1223.8,0.04652962710573731,0.017381379163468734,0.007431582909743583,0.060283299535512924,1.295461844238322,0.060086922038269625,0.95,0.01505247752822993,0.0030559561421977244,0.01752651006796954,0.015059048019222634
medqa_test_00294,r1-distill-llama-8b,medqa,A,A,True,True,False,10,10,597.8,0.03902388800728281,0.013264965322423683,0.005950566825173165,0.08514586091041565,0.8812908992306927,0.9997040428277759,0.85,0.01716426895308502,0.0025284986985525575,0.018952110105375647,0.015540079158991766
medqa_test_00599,r1-distill-llama-8b,medqa,D,B,False,True,False,10,10,1035.0,0.05665940179131412,0.024479034880782003,0.010966346410899063,0.09427191317081451,1.0,5.5712402609378275e-05,0.9,0.023225900218236655,0.0029864248824820463,0.024528367739422817,0.009063336567075886
medqa_test_01014,r1-distill-llama-8b,medqa,C,C,True,True,False,10,10,1584.2,0.10702869282879371,0.05626894762609734,0.03138071709991881,0.08975743502378464,0.9709505944546686,,0.95,0.02151540583721825,0.008098491094427765,0.027111071411322164,0.01379446610340768
medqa_test_01033,r1-distill-llama-8b,medqa,B,A,False,True,False,10,10,2284.8,0.13319296910292938,0.06791556401701268,0.03620081790677619,0.09625600278377533,0.8812908992306927,0.0013250377744342956,0.9,0.013136458386469919,0.011309887876487346,0.023616416864302714,0.013838971846279016
medqa_test_00587,r1-distill-llama-8b,medqa,E,C,False,True,False,10,10,1248.9,0.10023797507277106,0.04299124574159839,0.01975955173514795,0.08249519020318985,1.3709505944546687,,0.9,0.024644578681197515,0.006803923965709,0.02871195749083643,0.011387641337118436
medqa_test_00677,r1-distill-llama-8b,medqa,A,E,False,True,False,10,10,971.0,0.06998737537017675,0.029015910060293228,0.01175436590471487,0.08133628964424133,0.8812908992306927,,0.9,0.023328708971463337,0.003578145236887541,0.026069891219730072,0.016447289034250877
medqa_test_01037,r1-distill-llama-8b,medqa,A,D,False,True,False,10,10,873.9,0.07278879739352839,0.03809625890952094,0.021979461711818204,0.06160558760166168,0.0,0.994779878752638,0.9,0.023038972436929192,0.0038385801669397874,0.024242456824558355,0.008922417130826104
medqa_test_00834,r1-distill-llama-8b,medqa,D,D,True,True,False,10,10,705.9,0.03427875854578475,0.011888226217124653,0.004572926192775284,0.07125287503004074,0.0,0.9986749852403896,0.95,0.022269318028899462,0.004459132475197225,0.024660165268228094,0.012238015920067282
medqa_test_01065,r1-distill-llama-8b,medqa,A,E,False,True,False,10,10,1295.0,0.09394630587068957,0.045015800562827335,0.022923932347082798,0.09655332565307617,0.9709505944546686,,0.95,0.01648710213017627,0.005708704502283382,0.021191524737762167,0.021793676269975117
medqa_test_01058,r1-distill-llama-8b,medqa,D,B,False,True,False,10,10,2205.3,0.1671885100698292,0.09789859674332044,0.06166214861612447,0.10976666212081909,1.6854752972273346,0.9999990577630777,0.5,0.02465231552082796,0.00970862713719113,0.032911789504923766,0.009395549753211028
medqa_test_00837,r1-distill-llama-8b,medqa,D,D,True,True,False,10,10,1360.6,0.03750386576122755,0.015312901798624368,0.006073522779199758,0.085279181599617,0.4689955935892812,,0.9,0.018008056409242038,0.0016929644515856438,0.01860902600157528,0.008743539483342085
medqa_test_01029,r1-distill-llama-8b,medqa,A,A,True,False,False,8,9,2361.6,0.12393117132630534,0.0643033616582283,0.036722443355934685,0.09528996050357819,1.4355205042826666,0.99976949321692,0.95,0.02394532202139802,0.005485086429726083,0.028295694425499028,0.010447727686123131
medqa_test_00790,r1-distill-llama-8b,medqa,B,D,False,False,True,4,7,3081.1,0.2800855326562174,0.17896783745309328,0.12402273341406356,0.08928246051073074,0.863120568566631,,0.01,0.020224835413324517,0.016681371296722626,0.03586578831413234,0.02092264545513334
medqa_test_00259,r1-distill-llama-8b,medqa,D,D,True,True,False,10,10,575.8,0.020200567631423583,0.005078528204544597,0.002596587174827347,0.09196934103965759,0.0,0.9991926558693365,1.0,0.015232276799272498,0.003765274400112568,0.018061509597536097,0.01440230878576115
medqa_test_00714,r1-distill-llama-8b,medqa,B,E,False,True,False,10,10,1862.6,0.1314940846334031,0.07152383231788376,0.04257683920997398,0.08108016848564148,1.8464393446710154,0.9840936326056857,0.95,0.017101635087471916,0.005121703384394762,0.021344623304383047,0.010037039980857882
medqa_test_00954,r1-distill-llama-8b,medqa,C,E,False,True,False,10,10,1760.8,0.05857743876853224,0.02446694899484303,0.01242091203123875,0.1041412279009819,1.5709505944546684,,0.85,0.016524859443350724,0.005330930632907218,0.020495893379590666,0.006224326031517649
medqa_test_00602,r1-distill-llama-8b,medqa,A,B,False,False,False,9,9,2966.9,0.23944949620624434,0.15506786062847974,0.10376554232160651,0.08464737236499786,0.0,0.006692850994090479,0.7,0.02137960739261207,0.01277715658695266,0.03194715539654956,0.020606274298594487
medqa_test_00728,r1-distill-llama-8b,medqa,D,D,True,True,False,10,10,991.5,0.08142145863794348,0.03540004127454135,0.017321298528680317,0.06391777098178864,1.295461844238322,0.9982992794403133,0.9,0.0197495804816507,0.0032529076366764097,0.022276308988959846,0.015502316775427303
medqa_test_00057,r1-distill-llama-8b,medqa,B,D,False,True,False,10,9,1126.2,0.08212411998114591,0.03653069799334065,0.018155833550918477,0.10353980958461761,1.6577427265048887,,0.9,0.015436373541010212,0.004647588659010237,0.01900556796282139,0.012307505320967216
medqa_test_00580,r1-distill-llama-8b,medqa,A,D,False,True,False,10,10,1206.3,0.07613611564750201,0.035501576032157624,0.018535472666092255,0.08551906794309616,1.5709505944546684,0.9740427339892106,0.7,0.016514041674219236,0.004084626823607899,0.02049299079646175,0.01632499647032349
medqa_test_01195,r1-distill-llama-8b,medqa,B,C,False,True,False,10,10,1305.2,0.07986954826655936,0.0354840943005907,0.018697035869093846,0.09312427043914795,1.8464393446710154,0.32135227399762606,0.9,0.021026282461936663,0.0035624669921053517,0.023647676621283847,0.011377548007388005
medqa_test_00605,r1-distill-llama-8b,medqa,C,C,True,True,False,10,10,1066.5,0.04292584814738541,0.014675120415942145,0.006090160792154642,0.08159931749105453,1.8464393446710154,0.9982992791673094,0.9,0.01885917109111397,0.00310787850450648,0.021149745237371502,0.009757950934489262
medqa_test_00889,r1-distill-llama-8b,medqa,B,C,False,False,False,8,8,2294.7,0.22104536627857824,0.12982050540892867,0.0794252810477677,0.1251647174358368,0.8112781244591328,,0.7,0.012885523377426827,0.007708717023126757,0.019608380840987445,0.02221653855366843
medqa_test_00768,r1-distill-llama-8b,medqa,B,C,False,True,False,10,10,1528.8,0.07640495402272149,0.03190932637719877,0.016339463874504058,0.060051728039979935,0.4689955935892812,,0.95,0.019731812164631452,0.0032626079056246307,0.022856762492048165,0.01037869546702393
medqa_test_00645,r1-distill-llama-8b,medqa,B,B,True,True,False,10,10,2085.6,0.1556116521526081,0.08246797513859057,0.04627932353592288,0.09211331605911255,1.8954618442383218,0.03732696022247004,0.9,0.02004553688184223,0.006363857669340787,0.025505465704207614,0.013222062630748353
medqa_test_00858,r1-distill-llama-8b,medqa,A,C,False,True,False,10,10,1588.0,0.11452082567893171,0.05290426389833532,0.027020802586039706,0.07075030356645584,1.9219280948873623,1.0,0.9,0.025008494209183163,0.01052241505650745,0.03352478551746951,0.019607542968743903
medqa_test_01118,r1-distill-llama-8b,medqa,D,D,True,True,False,10,10,754.3,0.04286928935991864,0.015137783051515197,0.006398233626922078,0.06631210446357727,0.4689955935892812,,0.75,0.014885895885542292,0.0025528261445203417,0.01579874599223984,0.00911926806399175
medqa_test_00434,r1-distill-llama-8b,medqa,C,C,True,True,False,10,10,777.7,0.022126192713348414,0.008169262077412375,0.0028640547428747777,0.06656087934970856,0.0,,0.95,0.012786833353106172,0.0026887894189681415,0.014650362359769775,0.014687518345159356
medqa_test_00562,r1-distill-llama-8b,medqa,B,B,True,True,False,10,10,991.7,0.07026012700024922,0.03231091596324378,0.014567242056033946,0.08786752820014954,0.7219280948873623,0.9999997761975292,0.9,0.014641147903357757,0.006080593441056559,0.019123023952043888,0.010381921387198866
medqa_test_01021,r1-distill-llama-8b,medqa,E,D,False,True,False,10,10,1225.8,0.0778955951108666,0.02929330705936125,0.011998220772826884,0.06767026335000992,0.8812908992306927,,0.9,0.02438598954374053,0.0036898800913117242,0.026751069122002098,0.010601334257245219
medqa_test_00261,r1-distill-llama-8b,medqa,C,D,False,True,False,10,10,1454.6,0.0795387026411878,0.03510505887798088,0.01626078858195935,0.08418628573417664,1.1567796494470395,0.9953904323832506,0.9,0.019053660743898755,0.0038047459031179975,0.02229823547622526,0.010573659020247308
medqa_test_00410,r1-distill-llama-8b,medqa,C,C,True,True,False,10,10,1414.8,0.10555667973550856,0.052899520212567254,0.02726586628952673,0.04773181676864624,0.0,,0.9,0.012328311601427137,0.005462901855926032,0.016770480189707854,0.015179266207655029
medqa_test_00880,r1-distill-llama-8b,medqa,C,A,False,False,False,9,9,1818.2,0.10949267337824482,0.056264787381876735,0.029955986679898218,0.1256081759929657,1.3516441151533922,0.999998005270665,0.5,0.028877482189222804,0.006696452494967475,0.03346592139678873,0.01236859042429931
medqa_test_00458,r1-distill-llama-8b,medqa,D,D,True,True,False,10,10,910.8,0.07691318093829931,0.0290722855726842,0.011034779525479332,0.06291018426418304,0.0,,0.9,0.01759737087302778,0.0033875929327845987,0.01930503286798682,0.015070541067795503
medqa_test_00275,r1-distill-llama-8b,medqa,A,D,False,True,False,10,10,1047.0,0.05742535197304181,0.0219410887002494,0.009597800726226324,0.06493449956178665,0.8812908992306927,0.9999885212352604,0.9,0.01707624143288468,0.006054878492239462,0.021548161002146963,0.010413993776433945
medqa_test_00575,r1-distill-llama-8b,medqa,C,D,False,True,False,10,10,1551.9,0.2027724312808093,0.11994475918664875,0.07090004353690907,0.08667409420013428,1.0,0.01243215200504032,0.9,0.01631915848176224,0.010405554187536692,0.02554067534593301,0.013937945248469438
medqa_test_00112,r1-distill-llama-8b,medqa,B,A,False,True,False,10,10,1421.8,0.07378072689540727,0.030386576965651325,0.013858307681258009,0.08532722294330597,1.3709505944546687,0.9999546021292555,0.9,0.023249469394620435,0.004543465266279379,0.026380187068750328,0.0069206031883780415
medqa_test_00073,r1-distill-llama-8b,medqa,B,B,True,True,False,10,10,836.4,0.024097785274002016,0.00912307790447806,0.0038267887255951315,0.07970543950796127,0.0,0.07585826403982486,0.95,0.01164856429699947,0.002827131511947678,0.013745526693824821,0.011536436784550859
medqa_test_00963,r1-distill-llama-8b,medqa,E,A,False,False,False,8,8,3021.7,0.21650446476606072,0.12112618086674712,0.07148457202277457,0.08161072432994843,1.75,0.9997040430322303,0.8,0.025872528425411052,0.015296606073460686,0.03903740270322194,0.015493109110981024
medqa_test_00383,r1-distill-llama-8b,medqa,A,C,False,True,False,10,10,1802.8,0.09440634566264255,0.04613197145565314,0.024246688025046037,0.13545699417591095,0.8812908992306927,,0.9,0.025989385289537544,0.008000756658920222,0.030948438827700864,0.007570958029445617
medqa_test_00668,r1-distill-llama-8b,medqa,B,E,False,True,False,10,10,1425.6,0.11611923929679784,0.05797554276188015,0.030882785249407872,0.07891028374433517,0.7219280948873623,0.1329649774842965,0.9,0.019162043075505016,0.004690028034473017,0.02283599432028444,0.013696615491139893
medqa_test_00068,r1-distill-llama-8b,medqa,D,D,True,True,False,10,10,1943.2,0.12466781571090442,0.06728697561002159,0.03870948441744707,0.08122604340314865,0.4689955935892812,,0.95,0.013233733024215873,0.006694709230364063,0.019255523973371165,0.010021398366718727
medqa_test_00396,r1-distill-llama-8b,medqa,D,D,True,True,False,10,10,2041.5,0.12163111204060759,0.06408437747887305,0.03543423351739494,0.10615014284849167,1.5219280948873621,,0.9,0.023450509007077094,0.01139742163493833,0.032565169349206245,0.013843075379468602
medqa_test_01013,r1-distill-llama-8b,medqa,D,D,True,True,False,10,10,1490.9,0.0579640443684442,0.024494945069510977,0.011750640406213287,0.081999272108078,1.1567796494470395,,0.9,0.01645942503515151,0.004364346876014631,0.020269992986251543,0.009272643573176389
medqa_test_00361,r1-distill-llama-8b,medqa,A,D,False,False,False,9,9,1801.5,0.0928990176451633,0.03952657071016367,0.01790551012699143,0.07848405092954636,0.7642045065086203,0.9241418709793652,,0.018870062374602228,0.006054917044293152,0.02356410455468399,0.01081522034637866
medqa_test_00461,r1-distill-llama-8b,medqa,D,,,False,True,10,10,1426.3,0.06314909653406123,0.029495868824788517,0.014523725818193,0.060568321496248245,0.9709505944546686,1.0,0.85,0.021449617421195923,0.0020135954910569603,0.023119243510224305,0.015291657259887265
medqa_test_00160,r1-distill-llama-8b,medqa,D,B,False,True,False,10,10,1902.0,0.16875768956176856,0.09431506616107647,0.05543916893673408,0.11335045844316483,2.1709505944546685,0.16451695313070716,0.7,0.014457506368014187,0.008306183345826718,0.02137811050015812,0.016238133640196672
medqa_test_00423,r1-distill-llama-8b,medqa,E,A,False,True,False,10,10,1904.0,0.08825970565113908,0.03960451606677906,0.018812424109712032,0.08941186219453812,1.5709505944546684,0.9998766376504253,0.9,0.017773852167208552,0.004451121890928029,0.020906898222970323,0.00998322569036162
medqa_test_01069,r1-distill-llama-8b,medqa,B,B,True,True,False,10,10,1380.2,0.07166418287967083,0.03075534254562462,0.014219818780226967,0.08840397745370865,1.5709505944546687,7.218856692596994e-05,0.9,0.020993602844352085,0.003936085174399956,0.02433912789780208,0.00902928420808995
medqa_test_00912,r1-distill-llama-8b,medqa,B,B,True,True,False,10,10,1888.1,0.10061810618221692,0.05007251733893914,0.0271067868227702,0.11969207227230072,0.4689955935892812,0.012431744988003972,0.95,0.020854952787612374,0.009927181699150914,0.02830114949693393,0.011779148947501135
medqa_test_00280,r1-distill-llama-8b,medqa,B,B,True,True,False,10,10,837.8,0.02984030038121136,0.007246996459517841,0.0021248188625302864,0.04335642233490944,0.4689955935892812,0.20181335556749172,0.9,0.015922987170230697,0.00042601479184388317,0.015922987170230697,0.013939373635746852
medqa_test_00491,r1-distill-llama-8b,medqa,A,A,True,True,False,10,10,884.6,0.10167819309869638,0.06126986980452982,0.04056058351817947,0.044299475848674774,0.7219280948873623,0.9984988180709834,0.95,0.017496382426211494,0.002109290766900807,0.018759920195416606,0.019375084599708346
medqa_test_00048,r1-distill-llama-8b,medqa,B,B,True,True,False,10,10,1027.3,0.09032648912877456,0.04751518611316299,0.023512115175477667,0.08523888140916824,0.0,0.09534952677689755,0.9,0.019765132338485293,0.0043646883030112205,0.023345129682682434,0.015117554090905424
medqa_test_01172,r1-distill-llama-8b,medqa,E,C,False,True,False,10,10,1054.8,0.05857746321484547,0.02404137080738562,0.010900124729610394,0.05514685437083244,0.7219280948873623,,0.95,0.020953862822904554,0.003218310431900258,0.023336865065091795,0.014437874369336695
medqa_test_00852,r1-distill-llama-8b,medqa,D,D,True,False,False,9,9,2040.6,0.17409002969468398,0.1058314560572458,0.06578098856553084,0.08258337527513504,0.9864267287308424,,0.9,0.017794414037868383,0.007476867212904066,0.02448377476683156,0.012203585872030163
medqa_test_00847,r1-distill-llama-8b,medqa,D,D,True,True,False,10,10,1447.9,0.13254597539093438,0.07418465536913635,0.04362141679598498,0.07457161694765091,0.7219280948873623,0.9726771790874938,0.9,0.021502418667336584,0.012345929409951882,0.031269069924745374,0.01764844541935994
medqa_test_00731,r1-distill-llama-8b,medqa,B,E,False,True,False,10,10,1791.7,0.13058021769508457,0.06591543021993518,0.036226763769427475,0.07535038888454437,1.295461844238322,0.9999945777797373,0.9,0.02687469012851465,0.010337490547098352,0.033888482913712194,0.014328922059092308
medqa_test_00745,r1-distill-llama-8b,medqa,A,C,False,True,False,10,10,1546.6,0.06851018784191763,0.027996424714794875,0.012971853911948794,0.05624629184603691,0.8812908992306927,0.9999251538037153,0.7,0.02562401600970793,0.006256654141937004,0.029791778094244818,0.010486151190984465
medqa_test_01018,r1-distill-llama-8b,medqa,B,B,True,True,False,10,10,1683.3,0.07971934734327367,0.03430411541922922,0.017570056055867655,0.08871766924858093,0.8812908992306927,0.11230245890691912,0.95,0.021231736173415387,0.007146953660657557,0.027338331468837275,0.013546174715391027
medqa_test_00779,r1-distill-llama-8b,medqa,E,E,True,True,False,10,10,1488.3,0.10386059171843307,0.05234191475868629,0.026781175822275183,0.08403472602367401,0.0,,0.95,0.015430457322198901,0.004700856848061807,0.019272549072980566,0.0123070763300504
medqa_test_00386,r1-distill-llama-8b,medqa,D,A,False,True,False,10,10,1482.1,0.08235759354717834,0.037790564907872214,0.019817381043936867,0.09799841791391373,0.9219280948873623,0.9999151890014412,0.95,0.014629205815242177,0.003606523376183055,0.017639398129498607,0.01617315004587775
medqa_test_00498,r1-distill-llama-8b,medqa,A,A,True,True,False,10,10,2821.2,0.15383989387460756,0.08222566823234218,0.0477295476161293,0.07213819772005081,1.7609640474436812,0.9999910603045297,0.9,0.01776289377536533,0.006683495922801293,0.023184760680395176,0.01626699631717607
medqa_test_01226,r1-distill-llama-8b,medqa,E,E,True,True,False,10,10,1345.7,0.0700238688990678,0.02815645184821409,0.01261658660444449,0.04963592067360878,0.0,,0.95,0.015897582063281034,0.00420062606017276,0.01888257391943293,0.011840661660905423
medqa_test_00640,r1-distill-llama-8b,medqa,E,E,True,True,False,10,10,1173.4,0.04851657736724228,0.01871385189901369,0.008254757777984489,0.06619357317686081,0.9709505944546686,1.0,0.95,0.015274877224744415,0.0037948014942776566,0.017837873604720385,0.013997259658006625
medqa_test_00018,r1-distill-llama-8b,medqa,B,A,False,True,False,10,10,1204.6,0.041376341507179414,0.013031287239754863,0.004049691238754594,0.11735544353723526,0.8812908992306927,0.001325022263424168,0.9,0.019606312781405115,0.002191346601754426,0.020621348539940236,0.010696659697838645
medqa_test_00382,r1-distill-llama-8b,medqa,C,B,False,True,False,10,10,1123.6,0.09303597717307469,0.050245869992623524,0.02711811315064281,0.0682666152715683,1.7609640474436812,0.6513550153369825,0.9,0.018707444262925525,0.004602198066742282,0.02155661852171018,0.010427030928833663
medqa_test_01016,r1-distill-llama-8b,medqa,D,E,False,True,False,10,10,1581.5,0.07082479079529244,0.02992860158906132,0.01479107083016421,0.08611082285642624,1.0,0.8175743817994697,0.9,0.010720239776060396,0.002815073900677808,0.012980222852648934,0.009481351054444684
medqa_test_00607,r1-distill-llama-8b,medqa,D,D,True,True,False,10,10,636.2,0.09111118491554505,0.04876776933466485,0.027817016760526402,0.06917552649974823,0.0,,0.9,0.010691384007379805,0.003202082971390504,0.013568570969112657,0.013042919671516082
medqa_test_00210,r1-distill-llama-8b,medqa,C,C,True,True,False,10,10,730.8,0.06199940065047556,0.020059001824823054,0.009466883535452053,0.06767361611127853,0.0,,0.95,0.010230445251089943,0.0041581758711615405,0.013817486654407612,0.0170038978636639
medqa_test_00168,r1-distill-llama-8b,medqa,B,B,True,True,False,10,10,948.1,0.04327246663010524,0.015488982047306876,0.007324169405759173,0.06815710663795471,0.0,0.08509932464310051,0.95,0.014358056720867984,0.0002802237670575568,0.014528269486825429,0.011039162828243323
medqa_test_01207,r1-distill-llama-8b,medqa,B,B,True,True,False,10,10,1296.7,0.09496213364388824,0.0479962728258316,0.028549859060018147,0.06720957159996033,0.4689955935892812,0.05340339699301038,0.9,0.019343488692547893,0.006693712463260193,0.02452635953907218,0.009851377094144716
medqa_test_01211,r1-distill-llama-8b,medqa,C,E,False,True,False,10,10,1351.6,0.0920112018742099,0.0420199147199274,0.021968147552277405,0.09971177577972412,1.7609640474436812,0.9999785551582013,0.9,0.021395488038637132,0.006136831778114511,0.025909667704254312,0.007179708441007598
medqa_test_00164,r1-distill-llama-8b,medqa,A,A,True,True,False,10,10,1566.6,0.08663632456470777,0.04360051462425881,0.02340536321538994,0.10984260588884354,1.7609640474436812,0.9999980052703573,0.85,0.02629106651266198,0.0054127618015036615,0.029290576689524683,0.0069613174341534995
medqa_test_00170,r1-distill-llama-8b,medqa,C,E,False,False,False,9,9,2220.7,0.15082399503440966,0.08012068461381769,0.04547172455568839,0.0834728479385376,1.3516441151533922,,0.9,0.03121527057088478,0.007585032860759788,0.03765262018369671,0.009794801692192306
medqa_test_00808,r1-distill-llama-8b,medqa,D,D,True,True,False,10,10,938.7,0.023122258618547477,0.009563045500622803,0.003979363931770919,0.06135643273591995,0.0,0.9740426494696024,1.0,0.012020242541725176,0.0018374156281403778,0.013626294636235594,0.008641921519139182
medqa_test_00766,r1-distill-llama-8b,medqa,E,E,True,True,False,10,10,1154.9,0.06719624892588107,0.029330269212536786,0.013085854787701034,0.08354569226503372,0.0,0.9979492565820658,0.9,0.022739878546639922,0.004259419786288488,0.026220201450841234,0.015954117172004033
medqa_test_00474,r1-distill-llama-8b,medqa,B,B,True,True,False,10,10,1114.5,0.10359282048994807,0.04977388968557249,0.027078818972274488,0.07945219427347183,0.7219280948873623,0.00024181240879609053,0.9,0.02320479728774571,0.0039520211528880685,0.026352609808058324,0.01437700225086232
medqa_test_00712,r1-distill-llama-8b,medqa,C,A,False,True,False,10,10,1666.0,0.11612258981834334,0.06570868340005716,0.03989128782019643,0.08425572514533997,1.7609640474436812,0.9999945777786722,0.9,0.024459478507014496,0.004521473051610651,0.027568587630100984,0.01347042524209229
medqa_test_00936,r1-distill-llama-8b,medqa,B,C,False,False,False,9,9,1457.9,0.07353100317571074,0.034481507091232474,0.01673021121051501,0.06564293056726456,0.7642045065086203,,0.95,0.018910047496445582,0.0026093585880166818,0.020968255348806603,0.009905439473230276
medqa_test_01126,r1-distill-llama-8b,medqa,E,A,False,True,False,10,10,1614.9,0.12099411711681998,0.0657434441609989,0.03796015908113713,0.0876150131225586,1.5219280948873621,0.9999786423425243,0.9,0.015071587940780114,0.004189931013314595,0.018771661669461842,0.014344989031774627
medqa_test_00092,r1-distill-llama-8b,medqa,D,D,True,True,False,10,10,1161.9,0.07632522956702373,0.03994399758697106,0.021693023916884935,0.059628721326589584,0.0,0.9999994284995174,0.9,0.021055108369463175,0.003860137807337611,0.024404730331831596,0.014360843120437195
medqa_test_01219,r1-distill-llama-8b,medqa,C,C,True,True,False,10,10,847.0,0.03549225924894759,0.010906865942500944,0.0033566191549514123,0.07270780950784683,1.1567796494470395,,0.95,0.021261741549137993,0.003818346807120008,0.022035637019218107,0.008639965013457603
medqa_test_00787,r1-distill-llama-8b,medqa,D,A,False,True,False,10,10,2559.3,0.18756387658039925,0.10680674847816587,0.0663508328424216,0.08711095154285431,1.8464393446710154,0.999985261019985,0.5,0.025271140199284836,0.012322115061649493,0.03461254543701273,0.00987223569716888
medqa_test_00655,r1-distill-llama-8b,medqa,B,B,True,True,False,10,10,1013.7,0.12820978131710264,0.0625767636383999,0.03215457831822335,0.09425850212574005,1.8464393446710154,0.09534960733095525,0.9,0.01906372093740296,0.007572425362209087,0.0245615946746874,0.010495732164129705
medqa_test_01208,r1-distill-llama-8b,medqa,D,D,True,True,False,10,10,971.5,0.05392057814862955,0.021468309960658127,0.010981166089717376,0.059953510761260986,0.0,0.9995132072849637,0.9,0.018375080369058622,0.0039147606267600785,0.019365801804192243,0.012658545871374063
medqa_test_00089,r1-distill-llama-8b,medqa,C,A,False,True,False,10,10,1267.1,0.05686724916849902,0.024373862315132777,0.012243268113411088,0.08990947902202606,0.4689955935892812,0.9999967112506721,0.95,0.01496052891415477,0.006378191552793305,0.020584987829425094,0.016656791581923687
medqa_test_00651,r1-distill-llama-8b,medqa,D,D,True,False,False,8,8,2786.5,0.2261097307654618,0.14131156790270022,0.0929122097891375,0.09821605682373047,1.5,0.9999998024965868,0.9,0.01720300936228125,0.009059904118264846,0.0251983077238452,0.019149159634000757
medqa_test_01248,r1-distill-llama-8b,medqa,E,D,False,True,False,10,10,1558.0,0.08668707182244202,0.03991197257168376,0.02238446790266734,0.11064483970403671,0.9219280948873623,0.9924226362190995,0.9,0.02847436476498295,0.011695935724205988,0.037744801744832156,0.008500814840171556
medqa_test_00010,r1-distill-llama-8b,medqa,E,E,True,True,False,10,10,1127.8,0.08097264756499009,0.033023013748414945,0.014668802101159627,0.06607714295387268,0.9219280948873623,,0.95,0.01582862575409543,0.005291163713552907,0.01973709612450963,0.011574826851071461
medqa_test_00949,r1-distill-llama-8b,medqa,A,A,True,True,False,10,10,1447.4,0.07270669342277383,0.030524377326413964,0.014937333183552415,0.07396752387285233,0.8812908992306927,0.9999339478303694,0.9,0.015483065495019594,0.003194460944123913,0.018199348290372626,0.011098889611698238
medqa_test_00046,r1-distill-llama-8b,medqa,C,,,False,True,8,8,2802.5,0.28975757481084324,0.1931874409593263,0.13469182271946556,0.08826185762882233,0.5435644431995964,0.7981863718156872,0.5,0.01625522664128598,0.01324281168172094,0.028777923114337977,0.023525705327304667
medqa_test_01245,r1-distill-llama-8b,medqa,B,E,False,True,False,10,10,2310.9,0.12525612959707683,0.061165044289713574,0.03120346461598763,0.08522167056798935,1.295461844238322,,0.9,0.016341815577113502,0.003626624917603228,0.019543039674854563,0.008398028395890168
medqa_test_01247,r1-distill-llama-8b,medqa,B,,,False,True,9,9,2618.7,0.32919244773313683,0.22097191011517436,0.15191344295660622,0.07824493944644928,0.0,0.9669138081629783,0.9,0.016398713322051645,0.01340244515743678,0.028174581611105254,0.016671947945191227
medqa_test_00883,r1-distill-llama-8b,medqa,B,B,True,True,False,10,10,617.0,0.029398980917635587,0.008654124894478032,0.0038567624578126347,0.08238381892442703,0.0,0.0008924525750464049,0.9,0.004681697298955616,0.0020752899227343908,0.006756987221690007,0.006793818482944148
medqa_test_00221,r1-distill-llama-8b,medqa,A,B,False,True,False,10,10,1127.0,0.09486923318329651,0.04933214706060102,0.02545417269758634,0.07182404398918152,0.0,0.2942150549755039,0.9,0.01984253331104884,0.006158250543965111,0.02499175425309649,0.020440842961060593
medqa_test_00962,r1-distill-llama-8b,medqa,B,B,True,True,False,10,10,1465.9,0.04954475215468297,0.02061707503955914,0.009413051995103639,0.08558749407529831,0.0,0.04742627411956293,0.95,0.018963353174979256,0.0020109121170140357,0.020609486457027173,0.008496296299035847
medqa_test_01223,r1-distill-llama-8b,medqa,A,A,True,True,False,10,10,830.4,0.0370504367342339,0.012229034983517694,0.004987533027649505,0.09647562354803085,0.9709505944546686,0.9999957771674198,0.85,0.023051421392562468,0.006128556021284882,0.02539450772134726,0.010700407401861293
medqa_test_00923,r1-distill-llama-8b,medqa,C,C,True,True,False,10,10,854.4,0.09278206895221908,0.03987487895172383,0.021527896185245143,0.06900127977132797,0.4689955935892812,0.9149009271594581,,0.020800761966609373,0.007717393339744222,0.02719119696676518,0.021253509155763406
medqa_test_01036,r1-distill-llama-8b,medqa,B,A,False,True,False,10,10,1241.0,0.16598368403452177,0.08990789236348587,0.05122197512853782,0.10642199218273163,2.1219280948873624,0.9999970976880603,0.9,0.020729188800248387,0.005910693458883463,0.02622720873718703,0.013993242423802284
medqa_test_01064,r1-distill-llama-8b,medqa,E,E,True,True,False,10,10,680.0,0.0277905150691116,0.011587039480424277,0.005899370059539166,0.07522723078727722,0.0,0.984093635497672,0.95,0.009864712184436875,0.0028231857887837737,0.011344933225480042,0.010566945808827418
medqa_test_00256,r1-distill-llama-8b,medqa,D,D,True,True,False,10,10,1607.3,0.153557053093548,0.0781547616574504,0.04245647308735654,0.06840984523296356,1.3609640474436813,0.989013059148547,0.8,0.020280368424697437,0.004527348621874609,0.024160611305307368,0.013816829226355642
medqa_test_00139,r1-distill-llama-8b,medqa,D,,,False,True,6,7,4099.4,0.33820458648706203,0.22051893015956886,0.14938321365418344,0.07561216503381729,1.8423709931771084,0.9999999697125039,,0.0178554211500855,0.009599038141600328,0.026334413402934232,0.014494521368099514
medqa_test_01213,r1-distill-llama-8b,medqa,E,C,False,True,False,10,10,1312.5,0.08038605090535314,0.042878511326891945,0.02477599851288026,0.08819162845611572,0.8812908992306927,,0.9,0.018272732952103753,0.004352907209906559,0.021676756352028474,0.012689281987953757
medqa_test_00763,r1-distill-llama-8b,medqa,A,D,False,False,False,8,8,2778.5,0.23965077244224714,0.14865671306445324,0.0960206804471606,0.11477631330490112,1.5,0.9997388096731221,0.8,0.01024886170890416,0.008634401352306139,0.018228122339615238,0.01283029556667373
medqa_test_00239,r1-distill-llama-8b,medqa,A,D,False,True,False,10,10,1236.2,0.046719939400413205,0.015979243590315894,0.006513290499862901,0.10151808708906174,0.8812908992306927,1.0,0.9,0.026374227401836797,0.0030342572628323607,0.028226006602796273,0.007870493900632432
medqa_test_00624,r1-distill-llama-8b,medqa,E,E,True,False,False,8,8,2415.0,0.12765854847725425,0.06842792085357118,0.04013835716539256,0.099395751953125,1.2987949406953985,0.9933071969594538,0.95,0.022975664418144935,0.008685896161008875,0.029961959839341662,0.010144128199311786
medqa_test_00606,r1-distill-llama-8b,medqa,E,C,False,True,False,10,10,1230.1,0.1643348825606413,0.0811992357957396,0.04039908540068169,0.08959316462278366,0.9219280948873623,0.9324533013521871,0.9,0.017707072590430785,0.008352956829576283,0.025739172846263626,0.015610116831808515
medqa_test_00723,r1-distill-llama-8b,medqa,D,A,False,False,False,9,9,2172.6,0.08810875366630905,0.03762705490418301,0.018009952615330782,0.1303347647190094,1.3516441151533924,,0.8,0.020164111348510483,0.005812010351107061,0.02442499489708072,0.008834449662916284
medqa_test_00459,r1-distill-llama-8b,medqa,E,D,False,True,False,10,10,1289.7,0.05844809342430586,0.02515505631815159,0.012380780081932375,0.08914907276630402,0.7219280948873623,0.9796676608459858,0.95,0.018368036198569755,0.0019775021018221184,0.019886376629293764,0.013931852769659109
medqa_test_00579,r1-distill-llama-8b,medqa,E,A,False,False,False,8,8,2189.2,0.10180749108163845,0.05206040320480556,0.029144734170897257,0.12493906915187836,1.5,1.0,0.9,0.019976246098453245,0.00510255273875524,0.024297971509646774,0.007120139597946247
medqa_test_00157,r1-distill-llama-8b,medqa,A,A,True,True,False,10,10,1111.1,0.05188490928256458,0.02059792265324062,0.010758944119946445,0.11759283393621445,0.4689955935892812,0.9999957771647576,0.9,0.01627532347244664,0.004420106566682527,0.01852482759258932,0.009994048223897649
medqa_test_00084,r1-distill-llama-8b,medqa,D,D,True,True,False,10,10,1262.2,0.06433050824441439,0.03095956709302249,0.01596387257307813,0.0807272270321846,0.4689955935892812,,0.9,0.02106751846866096,0.00421850457880862,0.023865776942687267,0.01380763901081219
medqa_test_00352,r1-distill-llama-8b,medqa,A,C,False,False,True,7,7,2657.1,0.16062470199586448,0.0981648596513062,0.06350493472294463,0.1283435970544815,1.4488156357251847,0.9740424665709032,0.9,0.022332725446614826,0.009298068191178694,0.029833847975561607,0.012541573321766367
medqa_test_00612,r1-distill-llama-8b,medqa,B,B,True,True,False,10,10,2299.1,0.1461353505328415,0.08160990273505966,0.04769036503961939,0.0972089096903801,1.1567796494470395,0.04208776147232528,0.95,0.02603919336478344,0.010822173837423366,0.03535794510495835,0.018335406319968914
medqa_test_00072,r1-distill-llama-8b,medqa,C,D,False,True,False,10,10,2545.6,0.13422222955597835,0.0739192163595764,0.044177353134663,0.08593496680259705,1.295461844238322,0.9046511913410517,0.7,0.02348821246826816,0.009023228769063033,0.03030819851563239,0.014473173690700392
medqa_test_00724,r1-distill-llama-8b,medqa,E,C,False,False,False,9,9,1632.9,0.07188662424190448,0.033687864853933956,0.018013603601409835,0.08037637919187546,0.7642045065086203,0.9975273805899453,0.9,0.01620001729315738,0.003590423770099809,0.019426528335304713,0.011111080845121116
medqa_test_00374,r1-distill-llama-8b,medqa,D,A,False,True,False,10,10,1221.6,0.04910803899638396,0.022519907150708195,0.011886103933662129,0.10872472077608109,0.7219280948873623,1.0,0.9,0.008736774901940655,0.0020595883646927693,0.010175042486898876,0.00657468246424488
medqa_test_00363,r1-distill-llama-8b,medqa,D,D,True,True,False,10,10,1155.1,0.07010969618294176,0.03046698262575013,0.01573084733908172,0.09525375068187714,0.9219280948873623,,0.85,0.01987310875474599,0.005922231587741123,0.024699314780517397,0.010517105451852974
medqa_test_00642,r1-distill-llama-8b,medqa,B,B,True,False,False,9,9,2062.9,0.12905979158449266,0.06610054526194845,0.03715178357260647,0.12416688352823257,1.836591668108979,0.16451664771260593,0.9,0.019333989840157304,0.008466726264940733,0.02661374034078748,0.016385104932737874
medqa_test_01095,r1-distill-llama-8b,medqa,D,B,False,True,False,10,10,1459.8,0.2628617373848549,0.1689455107199231,0.11371236693480613,0.08091851323843002,0.4689955935892812,0.010987083657944173,0.9,0.013982807287827572,0.010134123065559168,0.02292383678212851,0.01840496924726653
medqa_test_01168,r1-distill-llama-8b,medqa,A,A,True,True,False,10,10,959.8,0.05127534428217258,0.020098245458343045,0.009809245160519642,0.06947304308414459,0.0,0.999995777167339,0.95,0.01478698096987521,0.005769748974479126,0.018647284034927422,0.007517044689139264
medqa_test_00101,r1-distill-llama-8b,medqa,A,A,True,True,False,10,10,1473.2,0.1220028164880429,0.06682075954958815,0.04011375419837334,0.07771165668964386,0.4689955935892812,0.9997766095066833,0.95,0.01782683205491988,0.008908145816744583,0.025200710410927675,0.01407332996514278
medqa_test_00401,r1-distill-llama-8b,medqa,C,E,False,False,True,10,10,1231.2,0.0858978663275144,0.042080706467774474,0.021948590655766077,0.08218233287334442,1.3609640474436813,0.9999999804443244,0.85,0.013441600341141025,0.004338640005545133,0.017325963141602882,0.01936676480367016
medqa_test_00348,r1-distill-llama-8b,medqa,D,B,False,True,False,10,10,1414.5,0.10209263195664435,0.05093608088877575,0.026589036353209083,0.05316343158483505,1.6854752972273346,0.06754703051091733,0.9,0.02782424305925197,0.006871338922990164,0.03384959418443077,0.013718127104594807
medqa_test_00346,r1-distill-llama-8b,medqa,C,A,False,True,False,10,9,1136.3,0.09311106419113618,0.04634257443908448,0.02342065441600194,0.07132748514413834,0.9182958340544896,0.9998601779206294,0.95,0.023496260586753963,0.004252597931501989,0.027382626280895873,0.013570276604396947
medqa_test_00119,r1-distill-llama-8b,medqa,C,B,False,True,False,10,10,1190.3,0.07988590564929646,0.042406368498539626,0.024479375795541915,0.1072215810418129,1.0,0.0953495241835149,0.9,0.02538922849664164,0.00597987199446438,0.030109100897337454,0.01528196657245499
medqa_test_00870,r1-distill-llama-8b,medqa,A,A,True,True,False,10,10,1117.8,0.055979470960397314,0.025216444357039125,0.01334689159801683,0.0815337672829628,1.0,0.9999546793247996,0.9,0.013385434473849994,0.0015780211064390982,0.014580280738226861,0.006679747613201582
medqa_test_00525,r1-distill-llama-8b,medqa,E,E,True,False,False,8,9,2472.2,0.14638860119398517,0.08267900349496586,0.05112533189264847,0.09268908947706223,0.7642045065086203,0.9324532075434334,0.9,0.019683981830822164,0.0049089038190874654,0.0232730876484439,0.01136539756624118
medqa_test_00749,r1-distill-llama-8b,medqa,C,A,False,True,False,10,10,1124.0,0.05027835498039498,0.01881249685808788,0.007845703552450234,0.09275293350219727,0.8812908992306927,0.9998601367122367,0.9,0.02325931955701267,0.0035997979806554566,0.02577421479599056,0.008306017231629922
medqa_test_00147,r1-distill-llama-8b,medqa,D,D,True,True,False,10,10,867.2,0.026822354019079998,0.009518419912648058,0.0037004444054435036,0.04254399985074997,0.0,0.8519528480694067,0.95,0.019853163137958967,0.0009279265711972992,0.020020387218226528,0.012118207004258783
medqa_test_00439,r1-distill-llama-8b,medqa,A,A,True,True,False,10,10,1597.0,0.09466814229385545,0.045817787545455416,0.025474072613154698,0.08379247039556503,0.7219280948873623,0.9999646437348529,0.95,0.016553018748542623,0.004546988013549474,0.020730827653902925,0.014318080260631605
medqa_test_00016,r1-distill-llama-8b,medqa,E,A,False,True,False,10,10,1804.0,0.17015291065021632,0.09593364410309355,0.057032170778972525,0.05569437891244888,0.8812908992306927,1.0,0.95,0.014228869600515346,0.008046889238308465,0.02095608368126024,0.017958069177070643
medqa_test_00402,r1-distill-llama-8b,medqa,B,B,True,True,False,10,10,1176.8,0.068086767190414,0.031154334546071527,0.0161783201093057,0.06595709919929504,0.9219280948873623,0.26894147117922856,0.9,0.018771079684451696,0.0048082032930715935,0.02093485394184431,0.007651099061242904
medqa_test_00708,r1-distill-llama-8b,medqa,B,B,True,True,False,10,10,1720.8,0.06401033646481522,0.026502036167991905,0.011709794942725348,0.09925443679094315,0.7219280948873623,0.9999999956365343,0.9,0.012563471948905253,0.0035022253967701656,0.015229963804629367,0.011452857114391098
medqa_test_00304,r1-distill-llama-8b,medqa,A,A,True,False,False,9,9,1761.5,0.08500756640756965,0.041563650996162715,0.020641296125292773,0.07839880138635635,0.0,0.9999339478816501,0.9,0.016173686720752267,0.0041473521222660965,0.019612935905060424,0.01296085979412084
medqa_test_00614,r1-distill-llama-8b,medqa,D,,,False,True,10,10,2598.7,0.15287430427933996,0.08771878993886954,0.05333463740761646,0.09178794175386429,0.7219280948873623,0.9046507177771594,0.95,0.011413357779181354,0.006610525383443126,0.017228607169254295,0.01317563269325718
medqa_test_00971,r1-distill-llama-8b,medqa,E,B,False,True,False,10,10,2304.0,0.1163329985674019,0.05525187931020474,0.028890859232550838,0.07429219782352448,1.8464393446710154,0.04208777557921731,0.85,0.02212153189630533,0.007513510413293738,0.02841952581871144,0.012445523084816622
medqa_test_00772,r1-distill-llama-8b,medqa,E,C,False,True,False,10,10,1550.7,0.12775005567208603,0.06768510406040396,0.03647511111281617,0.11742357909679413,1.3609640474436813,0.9980731722413734,1.0,0.016884425421500586,0.008176943117465927,0.02336684737465784,0.01590861677634397
medqa_test_00894,r1-distill-llama-8b,medqa,A,A,True,True,False,10,10,1246.9,0.06109244109310642,0.024167602325587144,0.011731612695241655,0.07211797684431076,1.1567796494470395,0.999994577783211,0.9,0.021641393069074418,0.005703682860703791,0.025122262442163694,0.01037897723158987
medqa_test_00038,r1-distill-llama-8b,medqa,E,E,True,False,False,3,3,3888.4,0.2850547610872525,0.17703373372888198,0.11624231636979396,0.10466751456260681,0.9182958340544896,,0.5,0.016731939384221205,0.013713863531040076,0.029699795074339626,0.012806174258104768
medqa_test_00282,r1-distill-llama-8b,medqa,A,A,True,True,False,10,10,790.7,0.0467634882697807,0.01847699060362381,0.008814408788423845,0.05305149778723717,0.0,0.9993414225530906,0.9,0.020495974527436726,0.0019247574550347716,0.021994213286045148,0.012653450528475454
medqa_test_00512,r1-distill-llama-8b,medqa,B,B,True,True,False,10,10,1054.3,0.06130290696680092,0.027228104905973716,0.011976328777873201,0.07499829679727554,1.1567796494470395,0.10669061845494439,0.9,0.017622166289941784,0.007489292405515222,0.024126301899257553,0.020659955548492297
medqa_test_00989,r1-distill-llama-8b,medqa,B,E,False,False,False,9,9,2464.6,0.12104238060369758,0.06281801857717886,0.036103367095175865,0.10618345439434052,1.8910611120726526,1.0,0.5,0.021430522947059723,0.0058657228775187645,0.02563309881300696,0.01143229299141334
medqa_test_00080,r1-distill-llama-8b,medqa,B,B,True,True,False,10,9,1141.4,0.06369761776090047,0.027112855888031216,0.012641031079050125,0.0797194093465805,0.9182958340544896,0.1645169624149686,0.5,0.022152251905785576,0.005675752280373604,0.0256566130664884,0.006705344176643464
medqa_test_01174,r1-distill-llama-8b,medqa,C,B,False,True,False,10,10,2294.5,0.1154912254161585,0.054579128755175545,0.025999516390763432,0.09572244435548782,1.5709505944546684,0.4073336686769254,0.7,0.019281687934100032,0.007348063591890197,0.026136317850711428,0.009243738033445654
medqa_test_00628,r1-distill-llama-8b,medqa,C,E,False,True,False,10,10,1992.4,0.10403011764174801,0.0545727213891821,0.03152155091124341,0.08768889307975769,0.8812908992306927,0.7981870613038493,0.9,0.014293684735782028,0.004100144117374973,0.018080948525650502,0.011154520186267525
medqa_test_00945,r1-distill-llama-8b,medqa,B,D,False,True,False,10,10,1221.8,0.10735257585105014,0.050568906341665734,0.02578420679615273,0.12029869109392166,1.7609640474436812,,0.9,0.02078629208146685,0.006008705654184159,0.024757094192273798,0.014227418731568051
medqa_test_00494,r1-distill-llama-8b,medqa,A,,,False,True,10,10,1466.7,0.07718266544695696,0.0337387786218082,0.01606697643083608,0.12205348908901215,1.1567796494470395,1.0,0.9,0.013911153566954817,0.006767578419075543,0.01953707530480834,0.014220064930882797
medqa_test_00320,r1-distill-llama-8b,medqa,D,B,False,True,False,10,10,1033.4,0.04472493506441916,0.016185871664281693,0.005429630499031191,0.0650838315486908,0.0,0.13296532917430914,0.95,0.014493507659115066,0.0006758792057695266,0.0149447711970212,0.006682339696396043
medqa_test_00921,r1-distill-llama-8b,medqa,B,A,False,True,False,10,10,979.3,0.061173378967965174,0.021632502046634396,0.009085067280521242,0.08241429924964905,0.9219280948873623,0.9999832985715664,0.9,0.015345051047200403,0.004729973048564869,0.017698294758670723,0.007524304410988632
medqa_test_00050,r1-distill-llama-8b,medqa,E,E,True,True,False,10,10,588.6,0.02286307642832932,0.008901201265511648,0.0027600016880603762,0.056141868233680725,0.0,0.99999977620038,1.0,0.022399955212648905,0.006308345411117926,0.026103010255800297,0.011191092895066986
medqa_test_00504,r1-distill-llama-8b,medqa,C,B,False,True,False,10,10,1009.9,0.04921088331707463,0.012685954324962011,0.004430534395973995,0.05922097712755203,0.0,0.16451764275403263,0.95,0.022074462782523546,0.002419190521679313,0.023859769532627827,0.012047634675520903
medqa_test_01042,r1-distill-llama-8b,medqa,E,E,True,True,False,10,10,1220.8,0.1212278855057963,0.05792435276290041,0.029293378823319803,0.07466535270214081,1.295461844238322,,0.9,0.0280992949481405,0.008473712754086964,0.033445374711211805,0.010929067216258435
medqa_test_01110,r1-distill-llama-8b,medqa,D,A,False,False,False,6,6,2866.3,0.23659956486848072,0.1609458637263471,0.11607310129847273,0.12904396653175354,1.2516291673878228,0.1327427908235393,0.95,0.029655463342786702,0.01109829315161368,0.038953064276488675,0.014612937438082316
medqa_test_01175,r1-distill-llama-8b,medqa,B,A,False,True,False,10,10,1220.1,0.05626188693244919,0.02231934942608075,0.009859559561487296,0.07569880783557892,1.1567796494470395,0.9998911031371772,0.9,0.021518667520103712,0.0036670532588362463,0.024924814394362275,0.011491421811853789
medqa_test_00762,r1-distill-llama-8b,medqa,C,C,True,True,False,10,10,1423.9,0.10343503541184336,0.05334323840090466,0.031039226536634067,0.06134878844022751,1.3609640474436813,0.9999999996839118,0.85,0.02173286128281946,0.006186288128443481,0.026040596774133878,0.011959538102814722
medqa_test_00632,r1-distill-llama-8b,medqa,E,E,True,True,False,10,10,1109.7,0.1055991077542188,0.06166865406827898,0.039500917052078185,0.09548039734363556,1.3567796494470397,0.9840936905876464,0.95,0.021228927738198827,0.004997899160697627,0.025158327393978174,0.009059929241600756
medqa_test_00839,r1-distill-llama-8b,medqa,B,B,True,True,False,10,10,1433.9,0.10047069701456093,0.05385057109601223,0.031719030306386786,0.11006031185388565,0.9709505944546686,0.08509908655659325,0.9,0.016879527670260526,0.006322051911461804,0.02111010979293667,0.010159338519913807
medqa_test_00872,r1-distill-llama-8b,medqa,D,D,True,False,False,3,5,4434.7,0.4560267595230352,0.3263502680537774,0.23643053364267316,0.07183374464511871,0.9709505944546686,0.9898429384458345,0.9,0.022672035378522536,0.014187239273546998,0.035208593614764465,0.02405147261832171
medqa_test_00226,r1-distill-llama-8b,medqa,D,A,False,True,False,10,10,1695.3,0.08641252117579395,0.042320792759764705,0.02355208283925666,0.08837635070085526,0.7219280948873623,0.03732665089359763,0.9,0.01577384094291579,0.007181621150773132,0.021802962364256946,0.008102937285340311
medqa_test_01056,r1-distill-llama-8b,medqa,D,B,False,True,False,10,10,1353.5,0.10199150583106512,0.06290084615456429,0.044902098260569775,0.09941434115171432,1.295461844238322,0.07585826953828523,0.9,0.021115906107540192,0.005734536904981181,0.025651157031338735,0.018570696663802407
medqa_test_00502,r1-distill-llama-8b,medqa,B,B,True,True,False,10,10,1512.6,0.1161166448028014,0.0618560220050877,0.036582379224356754,0.08048737794160843,0.4689955935892812,0.02931229822769727,0.9,0.022206567150663083,0.006942864543484815,0.028155978326026298,0.015885934202924553
medqa_test_00794,r1-distill-llama-8b,medqa,E,E,True,True,False,10,10,1094.0,0.06587530813606338,0.030183919455904686,0.013960432489993447,0.06710348278284073,0.4689955935892812,0.9924227627114199,0.95,0.018988487560688144,0.001865326554200476,0.01936747416721966,0.0070394705931555585
medqa_test_00115,r1-distill-llama-8b,medqa,E,E,True,True,False,10,10,1127.2,0.13249807710174272,0.06736101244757789,0.03728697400869112,0.06884924322366714,1.5709505944546684,0.9820139383706099,0.85,0.009059811939797281,0.005218539059609558,0.013631024852875512,0.019813782947813958
medqa_test_00751,r1-distill-llama-8b,medqa,C,,,False,True,8,8,3632.6,0.2868283037748352,0.18835772674333334,0.12982103661427882,0.13148345053195953,1.561278124459133,0.9999998874663603,,0.0254709873015809,0.013274573454045226,0.037069716260247534,0.010698446267800926
medqa_test_00419,r1-distill-llama-8b,medqa,B,B,True,True,False,10,10,2244.7,0.1110629084024799,0.054954798358688405,0.029837857176395643,0.11761976778507233,2.0464393446710156,0.1480475112191357,0.9,0.020129279480556712,0.008561872533010929,0.026718910279264162,0.008989423849874867
medqa_test_00310,r1-distill-llama-8b,medqa,B,E,False,True,False,10,10,1436.9,0.14909162164330877,0.07834668752676516,0.042158588420201336,0.06958777457475662,1.3709505944546687,,0.95,0.01596877533652117,0.006935835145356559,0.021612867785059216,0.019103907965348325
medqa_test_00213,r1-distill-llama-8b,medqa,A,A,True,True,False,10,10,1052.1,0.061268846350676795,0.026741176205125818,0.013414950697128069,0.06267449259757996,0.0,0.9999974389355837,0.9,0.01949057283586491,0.002962012138624718,0.022099810051570818,0.012314282687880412
medqa_test_01047,r1-distill-llama-8b,medqa,B,B,True,False,False,8,8,3108.5,0.16414323020982924,0.09116873827065226,0.05380893719126195,0.1037016361951828,0.954434002924965,0.9999984466517394,0.9,0.023962622815519096,0.012208202615268657,0.033907355997997456,0.010761166383375776
medqa_test_00060,r1-distill-llama-8b,medqa,D,B,False,True,False,10,10,1136.2,0.05209246861095336,0.019669587187088756,0.00967727171210998,0.05170046538114548,0.9709505944546686,0.13296543905396693,0.9,0.014562312024169525,0.0030451166628841612,0.016398221370595472,0.007411430080885831
medqa_test_00755,r1-distill-llama-8b,medqa,D,B,False,True,False,10,10,1292.9,0.060257669978153426,0.022733870526839485,0.009960527137433905,0.08199325203895569,1.1567796494470395,0.029312357085979245,0.95,0.02022866766924079,0.004918937244420654,0.023747878574453603,0.012714911572327953
medqa_test_00479,r1-distill-llama-8b,medqa,D,C,False,True,False,10,10,1114.7,0.06733320503281055,0.029840668035947683,0.013971748440900277,0.06918659806251526,0.9709505944546686,,0.9,0.021120336656279916,0.0025360783341584776,0.022673567203085783,0.007216168909418128
medqa_test_00155,r1-distill-llama-8b,medqa,E,C,False,True,False,10,10,1378.6,0.06044354385911158,0.02795477477279453,0.013660249469011754,0.08613967150449753,0.4689955935892812,,0.9,0.01231336958134141,0.002597064605927862,0.014439222019435052,0.010152339350819654
medqa_test_00910,r1-distill-llama-8b,medqa,C,D,False,True,False,10,10,1177.8,0.09576426093585956,0.04530660312369349,0.024172818155074736,0.060617413371801376,1.3609640474436813,0.004070135837894058,0.75,0.020333750735059584,0.004639191982480863,0.023531147483898555,0.007967477245605054
medqa_test_00076,r1-distill-llama-8b,medqa,B,B,True,True,False,10,10,772.7,0.033575520862331475,0.011844558096977553,0.003605851128425608,0.05577440187335014,0.0,0.13296456413480012,0.9,0.016635307375406343,0.0006955993196906518,0.017330906695096994,0.015700071831045166
medqa_test_01210,r1-distill-llama-8b,medqa,C,E,False,True,False,10,10,1216.8,0.05710874516522981,0.022156566299997616,0.009515932464778377,0.08048490434885025,0.4689955935892812,,0.95,0.019500008441285785,0.0027767929551526633,0.02121990291369978,0.008015305555361535
medqa_test_00404,r1-distill-llama-8b,medqa,A,A,True,True,False,10,10,1888.1,0.1298575904704537,0.06822502377749454,0.0392130973176041,0.1464407593011856,1.1567796494470395,0.9999251537581985,0.95,0.01845066850765086,0.007069287790419518,0.023456732403073707,0.010534265957933001
medqa_test_00906,r1-distill-llama-8b,medqa,E,B,False,True,False,10,10,1347.5,0.09999253486030031,0.05277969164893805,0.027505342617359284,0.09136506915092468,0.7219280948873623,0.0953503870205577,0.9,0.024641259160417935,0.005958956962381029,0.02939763542943629,0.00699102998555177
medqa_test_00322,r1-distill-llama-8b,medqa,D,E,False,True,False,10,10,1711.0,0.09848738156894911,0.04898867133155269,0.0271015956139223,0.1301502138376236,1.6854752972273346,,0.85,0.015201935697210964,0.005274590239455314,0.019682715699844585,0.01035276637836281
medqa_test_00295,r1-distill-llama-8b,medqa,B,B,True,True,False,10,10,1004.1,0.06314862831298466,0.02795338415694205,0.015230501168800726,0.06467365473508835,0.0,0.042087778421324405,0.9,0.01834687006399747,0.004710322917731392,0.022067690715835024,0.012305654624837665
medqa_test_00037,r1-distill-llama-8b,medqa,A,E,False,True,False,10,10,1399.8,0.0718057460747783,0.02874818930260744,0.011012953507839051,0.07113561779260635,0.4689955935892812,0.9999999999598139,0.9,0.021702599723132685,0.004143002938647616,0.02361502388740838,0.012112990923408808
medqa_test_00397,r1-distill-llama-8b,medqa,B,C,False,True,False,10,10,2245.0,0.1527438352770622,0.08414721440995995,0.04867132773164612,0.08013129979372025,1.5219280948873621,0.9399134890798999,0.9,0.019323645693666847,0.00787640041607177,0.026308058278125924,0.015464030472537874
medqa_test_00205,r1-distill-llama-8b,medqa,B,B,True,False,True,10,8,2321.8,0.21922415664154568,0.15301313974434186,0.11255546966170035,0.08891066163778305,1.0,0.03732688640708807,0.95,0.019569270782310834,0.00938895386701111,0.028023649067711088,0.01620486111387034
medqa_test_00033,r1-distill-llama-8b,medqa,B,A,False,True,False,10,10,1948.3,0.11283153221908923,0.05009366894066887,0.024350643433877783,0.08139864355325699,0.4689955935892812,0.9999785550452731,0.9,0.027196907513939484,0.01017536558188941,0.03339157672151291,0.0066572932837200395
medqa_test_01002,r1-distill-llama-8b,medqa,B,C,False,True,False,10,10,1246.3,0.08796202633872166,0.04012901864263376,0.01946905487453695,0.08726850152015686,1.8464393446710154,0.9626727666835381,0.9,0.01790869324477506,0.003479990210788876,0.020607291125289664,0.009221172779584615
medqa_test_00666,r1-distill-llama-8b,medqa,A,B,False,True,False,10,10,1512.1,0.10829116580474767,0.051994481239928135,0.027975287495519464,0.09016148000955582,1.3567796494470397,0.008577584099847706,0.9,0.02333365982305611,0.006867138153434515,0.028896327376242325,0.01338120910158207
medqa_test_00998,r1-distill-llama-8b,medqa,B,B,True,True,False,10,10,755.5,0.04415477121205837,0.014803527448718401,0.006091914407371901,0.052793826907873154,1.1567796494470395,0.377541138970363,0.9,0.023499962466460446,0.001096734000085137,0.024596696466545588,0.011177101000926958
medqa_test_00595,r1-distill-llama-8b,medqa,B,B,True,True,False,10,10,780.8,0.08681549145463416,0.048281141352390956,0.02750206804722648,0.05517260730266571,1.0,0.0037179963017605795,0.9,0.010934267758911608,0.003041269976617346,0.013975537735528953,0.015943460985125522
medqa_test_01135,r1-distill-llama-8b,medqa,E,C,False,True,False,10,10,1956.9,0.17733293259811486,0.10234126360667566,0.06001579735310756,0.08122164011001587,0.4689955935892812,,0.9,0.014124406494559417,0.007713545216844293,0.01998207637537604,0.011694103973902577
medqa_test_01120,r1-distill-llama-8b,medqa,D,D,True,True,False,10,10,1022.3,0.05600090055528302,0.0215524611592783,0.009464883039572224,0.06669922918081284,0.0,,0.8,0.02034661452681861,0.007846978481610799,0.025918126106961103,0.010290057039243346
medqa_test_01001,r1-distill-llama-8b,medqa,C,B,False,True,False,10,10,1017.0,0.03847618552053274,0.015280474503845431,0.00709909723763732,0.06953904777765274,0.7219280948873623,0.029312278731476515,0.9,0.018376227028190105,0.0015010630148504516,0.018818088744970114,0.010085686831751133
medqa_test_00245,r1-distill-llama-8b,medqa,D,D,True,True,False,10,10,1738.7,0.09265542289265963,0.043972045756312216,0.021106301268371874,0.06526987254619598,1.1567796494470395,,0.9,0.02087875680302944,0.003805092643725763,0.024186149119308168,0.01370348111371649
medqa_test_00643,r1-distill-llama-8b,medqa,E,E,True,True,False,10,10,1260.4,0.11240605600170288,0.062261549828264394,0.039377955840106685,0.06501956284046173,1.295461844238322,0.9324529133399188,0.75,0.029985436991601094,0.005220782765425665,0.03492443461605847,0.018799602478441892
medqa_test_01081,r1-distill-llama-8b,medqa,E,A,False,True,False,10,10,1399.7,0.0816930025388298,0.038214159258842896,0.019665838036109683,0.0913088396191597,1.1567796494470395,0.9999982396572673,0.85,0.01679097595651363,0.0035743430995805814,0.019348867314301313,0.0062169395531053865
medqa_test_00729,r1-distill-llama-8b,medqa,D,C,False,True,False,10,10,1689.0,0.09721904756779323,0.0522554086365121,0.029830886271700986,0.09565933048725128,0.0,,0.9,0.015607589558392854,0.004183699624330366,0.01906743192166548,0.010818407101556484
medqa_test_00615,r1-distill-llama-8b,medqa,A,A,True,True,False,10,10,946.4,0.04103947154165064,0.01330687060909006,0.00559791861931469,0.0658881813287735,0.0,0.9999687981004821,0.9,0.017216475928429002,0.002982909802632582,0.018890294123408875,0.008821884376953505
medqa_test_00896,r1-distill-llama-8b,medqa,E,E,True,True,False,10,10,776.1,0.033129402619414786,0.013108959688919664,0.005394207183699174,0.08734843134880066,0.7219280948873623,0.9890131220843014,0.9,0.011430746349988658,0.00037310666242982736,0.011803853012418486,0.011466424176668136
medqa_test_00926,r1-distill-llama-8b,medqa,B,B,True,True,False,10,10,1653.1,0.09119453061589602,0.04458031321355299,0.023130548521384887,0.09738176316022873,1.9609640474436814,0.00019250949041944986,0.9,0.02243960500382477,0.005005403673576507,0.02646587969677371,0.010922438284573613
medqa_test_00385,r1-distill-llama-8b,medqa,E,E,True,True,False,10,10,1696.7,0.13251191305314383,0.0690871791317962,0.03820089922280544,0.09733423590660095,1.3609640474436813,0.9399131281043845,0.85,0.020141342207249634,0.005943271799038332,0.024577827530274685,0.013294325111252272
medqa_test_01244,r1-distill-llama-8b,medqa,A,C,False,True,False,10,10,1402.7,0.09114396591489601,0.04299704629048238,0.022497643253731613,0.05021534860134125,0.0,0.9999151913262627,0.9,0.02030208686786718,0.008240772761719216,0.026046586201677536,0.018398110642268897
medqa_test_01152,r1-distill-llama-8b,medqa,B,B,True,False,False,8,8,2809.5,0.1206155903318912,0.05954401978527034,0.033234463122234215,0.0741020068526268,1.4056390622295665,,0.9,0.01566167486374743,0.005779163529168822,0.020116395025021806,0.01630304218926159
medqa_test_00944,r1-distill-llama-8b,medqa,E,C,False,True,False,10,10,1434.7,0.04941261921008352,0.016690085904664233,0.0077772171860581605,0.07494115084409714,0.8812908992306927,,0.95,0.011780039061982269,0.0015700424464347843,0.012414389201548293,0.008328463816945993
medqa_test_00149,r1-distill-llama-8b,medqa,E,B,False,True,False,10,7,1175.3,0.08394843312786718,0.0354536147038502,0.017477259775071686,0.07179686427116394,0.863120568566631,0.9998120096813089,0.95,0.009567717866811728,0.004949403677685729,0.013976736540179826,0.011794886448464399
medqa_test_00933,r1-distill-llama-8b,medqa,A,B,False,True,False,10,10,2516.0,0.08786568069256681,0.039665592500399735,0.019958843781163117,0.10588467866182327,1.3709505944546687,2.7535278713058336e-05,0.9,0.012851579043855605,0.0037137910422102537,0.01575250220522302,0.008658265942184289
medqa_test_00591,r1-distill-llama-8b,medqa,C,C,True,True,False,10,10,1969.0,0.14347740894821254,0.07262865000679938,0.03909688024706973,0.09442814439535141,1.360964047443681,0.9971990745582651,0.9,0.0237423556548766,0.006110799360139389,0.028323156892973367,0.011302522231897347
medqa_test_01151,r1-distill-llama-8b,medqa,B,E,False,True,False,10,10,1609.3,0.08644109233271977,0.04134068887645274,0.02291157495151782,0.12762443721294403,0.0,0.9324535197535087,0.75,0.022257244175969422,0.006405156247078628,0.025801896037576304,0.00840154332945766
medqa_test_00140,r1-distill-llama-8b,medqa,D,B,False,True,False,10,10,945.2,0.040505708639000756,0.017742919325834515,0.008125432506502772,0.06239624693989754,0.4689955935892812,0.24508524763012257,0.95,0.01450960788212868,0.002814838514239931,0.016990747048648176,0.013559405453588358
medqa_test_01154,r1-distill-llama-8b,medqa,D,D,True,True,False,10,10,1020.8,0.10159761137972516,0.05475445232275454,0.030243857178082,0.06676896661520004,0.0,1.0,0.9,0.01586557840062824,0.007060728512144607,0.0220896556418199,0.022490892841420168
medqa_test_00828,r1-distill-llama-8b,medqa,C,E,False,True,False,10,10,1670.9,0.08130086771138831,0.03379008165747327,0.014882259849886581,0.08960863947868347,1.6854752972273344,,0.8,0.020362555056698557,0.004169188782744951,0.02336300822515827,0.009994673878313426
medqa_test_00851,r1-distill-llama-8b,medqa,C,C,True,True,False,10,10,2510.4,0.1845381487226338,0.1090289167508448,0.07097038632901212,0.06498544663190842,1.5709505944546684,,0.95,0.025657820879825776,0.01065942065254608,0.03422691175913314,0.01713744433943653
medqa_test_00007,r1-distill-llama-8b,medqa,C,C,True,True,False,10,10,1711.6,0.101338000102694,0.05132812142920986,0.027896283596448312,0.08479946851730347,0.4689955935892812,0.9999972735303592,0.9,0.011669976984016993,0.004223963160794036,0.015142666574977676,0.012194098208584723
medqa_test_00953,r1-distill-llama-8b,medqa,D,C,False,False,False,9,10,2122.0,0.1284806825074381,0.063091272794594,0.03208661716216308,0.0965777114033699,1.1567796494470395,0.9466069598620939,0.9,0.0158708187205008,0.007466009192030834,0.022197295392048,0.017845120553827244
medqa_test_00091,r1-distill-llama-8b,medqa,B,D,False,False,True,9,10,2713.0,0.23173065391627728,0.1475958773264788,0.09974044418589659,0.09001462906599045,2.2464393446710154,0.9999984465356989,0.9,0.027268363321982632,0.011419335690256927,0.03609571420859975,0.02080552519565504
medqa_test_00184,r1-distill-llama-8b,medqa,B,A,False,True,False,10,10,1044.6,0.023985092769911676,0.007588734608419956,0.0032351379297743234,0.06438402086496353,0.0,1.0,0.9,0.01639412034806045,0.001535989646509037,0.017622716321281852,0.014453808221415298
medqa_test_00116,r1-distill-llama-8b,medqa,D,D,True,True,False,10,10,1462.4,0.07343990004916713,0.032177771702247296,0.015920932923684315,0.09528661519289017,1.3709505944546687,0.8670378514785706,0.9,0.019704172370209844,0.006804554238162506,0.023560873780379105,0.006870472576456846
medqa_test_00684,r1-distill-llama-8b,medqa,B,E,False,True,False,10,10,1170.5,0.0717301842015752,0.03264866825090311,0.01703227366125999,0.10124765336513519,0.4689955935892812,,0.9,0.02102304404908946,0.003979528983329308,0.023268744959796875,0.005056964654788653
medqa_test_00099,r1-distill-llama-8b,medqa,C,,,False,True,9,9,1641.9,0.1311312261323677,0.07164182221677853,0.041876780958095716,0.060528576374053955,1.3516441151533922,0.012431643607289114,,0.02829669217568473,0.009770500632795382,0.036109707712702444,0.02038069507161009
medqa_test_00585,r1-distill-llama-8b,medqa,E,C,False,True,False,10,10,1112.3,0.04898194612126806,0.019437958366186735,0.008169935679409091,0.0965348556637764,1.3609640474436813,0.9875682736094704,0.95,0.016553444586102087,0.0029290931899947576,0.01859581670501189,0.008530042607121292
medqa_test_00144,r1-distill-llama-8b,medqa,D,D,True,True,False,10,10,1396.0,0.08492506489452004,0.04220774065130101,0.02239779648060076,0.08729293942451477,0.9219280948873623,,0.9,0.026457446332672337,0.003437276153493064,0.02918664600186773,0.017481973098066532
medqa_test_01079,r1-distill-llama-8b,medqa,E,E,True,True,False,10,10,1855.3,0.15536930985098704,0.08459967773857228,0.0468786104119008,0.10002332180738449,0.7219280948873623,,0.95,0.01521422846227842,0.005955548834227105,0.020311442993645252,0.012260218094047409
medqa_test_00884,r1-distill-llama-8b,medqa,A,A,True,True,False,10,10,507.9,0.029329017031384585,0.0076179189662603395,0.0031327991602138282,0.057301223278045654,0.0,1.0,0.9,0.010098768402745819,0.0030209673874443286,0.013119735790190148,0.01662615560976352
medqa_test_00617,r1-distill-llama-8b,medqa,B,B,True,True,False,10,10,1208.6,0.06064936070099623,0.02166527168382406,0.008378301160514467,0.046064652502536774,0.0,0.0600871581417234,0.95,0.02301156794332494,0.007496823032449446,0.027914964535352062,0.013897042400271781
medqa_test_00301,r1-distill-llama-8b,medqa,D,B,False,True,False,10,10,1463.1,0.20872839133029827,0.11946260278254286,0.07212021873163638,0.09130824357271194,0.9709505944546686,0.9999974387212633,0.9,0.013751289559923548,0.01066487706519004,0.023556977230510825,0.016368958357954332
medqa_test_00524,r1-distill-llama-8b,medqa,B,E,False,True,False,10,10,1374.9,0.06408826905558,0.027400738008075066,0.012073062180535277,0.11179869621992111,0.9219280948873623,,0.9,0.023097411192971644,0.005774156144465494,0.026339979461696778,0.009839027949304155
medqa_test_00557,r1-distill-llama-8b,medqa,C,C,True,True,False,10,10,1245.3,0.0506649958688807,0.017137444875884356,0.005349112528869537,0.08641885221004486,1.3609640474436813,,0.95,0.015450735154844613,0.00292663583791398,0.016664061093531513,0.0048205570936560495
medqa_test_01096,r1-distill-llama-8b,medqa,D,D,True,True,False,10,10,689.9,0.021895786906673452,0.008549886065468248,0.0033498487455290715,0.055835746228694916,0.0,0.914901188085999,0.9,0.015325108495760426,0.003028899604304008,0.01672770984136788,0.012712496983901386
medqa_test_00868,r1-distill-llama-8b,medqa,D,B,False,True,False,10,10,2567.5,0.14195075328023932,0.076100793478538,0.04269989514962079,0.11734376847743988,1.8464393446710154,0.0953497159444505,0.95,0.018841617221196656,0.00519666858664392,0.023445791251805993,0.00988074914920303
medqa_test_00547,r1-distill-llama-8b,medqa,E,E,True,True,False,10,10,1214.6,0.07689575721038486,0.03616844201638129,0.01757083606857034,0.10025373846292496,1.1567796494470395,0.18242723537422498,0.95,0.015812557181820154,0.00259257987611874,0.017921632166129874,0.01316674185282607
medqa_test_00661,r1-distill-llama-8b,medqa,A,B,False,True,False,10,10,1724.9,0.12125591675949847,0.06585508604684154,0.036755254128978176,0.092445969581604,1.7609640474436812,0.06008694677466032,0.9,0.02234615531612604,0.007122744682559137,0.027478494952820155,0.009500591618749185
medqa_test_00895,r1-distill-llama-8b,medqa,D,E,False,True,False,10,10,948.6,0.05698174705203862,0.02331968534616734,0.010312058706218319,0.08210598677396774,0.8812908992306927,0.40733366130054227,0.95,0.014856819131361446,0.004929828547811184,0.01941194017283618,0.017118322819437003
medqa_test_00818,r1-distill-llama-8b,medqa,B,B,True,True,False,10,10,1004.3,0.06273637439103781,0.0254708213859699,0.01105848240436541,0.08387704938650131,0.0,0.22270208430438743,0.9,0.02005087247549915,0.008467840102690378,0.026042219403133775,0.014594771475471571
medqa_test_00390,r1-distill-llama-8b,medqa,A,C,False,True,False,10,9,1505.5,0.10261150824319269,0.0539340746336749,0.030204787139837708,0.07943343371152878,0.9864267287308424,0.9999999994788588,0.85,0.017375948651064732,0.005078946323832233,0.021846298801901563,0.019234254187129155
medqa_test_00515,r1-distill-llama-8b,medqa,D,B,False,False,True,9,9,1971.1,0.115514803485488,0.059012003988944614,0.032327104901187544,0.12200233340263367,1.224394445405986,0.0600871617726441,0.9,0.02634958439525824,0.008614848458442822,0.03200528724996846,0.007799284016780471
medqa_test_00380,r1-distill-llama-8b,medqa,B,B,True,False,True,7,7,2918.9,0.1966500537334787,0.117536659791177,0.0769245121503888,0.1238330602645874,1.8423709931771086,0.05340383658875959,,0.02004345415753201,0.0089135836773017,0.027675385799818458,0.012863123772875512
medqa_test_00534,r1-distill-llama-8b,medqa,C,C,True,True,False,10,10,1203.2,0.048260429394002546,0.018712989486664954,0.007147047865766509,0.07163345813751221,0.0,,0.9,0.022545663912241602,0.004719333923084939,0.0251740604191119,0.007763158830072547
medqa_test_00937,r1-distill-llama-8b,medqa,D,B,False,False,True,10,10,2599.8,0.23030639594153576,0.14827372266507938,0.09904216458710051,0.08491186797618866,0.8812908992306927,0.0,0.85,0.01323054239388583,0.006639519438648262,0.018699026069847198,0.015236803471296662
medqa_test_00098,r1-distill-llama-8b,medqa,C,B,False,True,False,10,10,838.4,0.03756013308801245,0.012325879987164478,0.004869208949362336,0.08002333343029022,1.295461844238322,0.03308758531599041,0.95,0.016890288598570467,0.002373288776619179,0.01887996635602748,0.012117987697606103
medqa_test_00369,r1-distill-llama-8b,medqa,E,E,True,True,False,10,10,735.4,0.1244905691680214,0.056336215016998294,0.02624746483975369,0.09131664782762527,2.1709505944546685,0.9998415637940816,0.95,0.012337545240811817,0.007042156211200681,0.018629822494241638,0.013755231521379793
medqa_test_01260,r1-distill-llama-8b,medqa,C,E,False,False,False,9,10,2340.9,0.1905741287558905,0.11658010644656991,0.07624339118220345,0.09069506078958511,1.5709505944546687,1.0,,0.01671243702242272,0.008733103085533338,0.024375932320901593,0.018297054734959576
medqa_test_00780,r1-distill-llama-8b,medqa,D,E,False,False,False,8,8,2075.1,0.10850220198525726,0.05459656935288498,0.03063491541082185,0.14799731969833374,1.4056390622295665,0.3208214549199241,0.5,0.02086937538098427,0.007664612108475352,0.027500033174062223,0.008949542910377872
medqa_test_00128,r1-distill-llama-8b,medqa,A,E,False,True,False,10,10,1472.6,0.07346373492397776,0.03465131284514007,0.018418713878750714,0.08152543753385544,0.7219280948873623,0.7549149422110301,0.95,0.016400094038234465,0.004102145080181492,0.019065138449686568,0.009150186030055893
medqa_test_01268,r1-distill-llama-8b,medqa,E,E,True,True,False,10,10,1083.7,0.05830317922716878,0.02454998583382295,0.012723476446767634,0.05786669999361038,0.7219280948873623,0.8807970078062629,0.9,0.01872905956980981,0.0037804169620857023,0.022333135549102913,0.016819034772234114
medqa_test_00588,r1-distill-llama-8b,medqa,A,A,True,True,False,10,10,1150.8,0.044388326015493175,0.018001927714846034,0.00670243067097791,0.07534369081258774,0.0,0.9997040429102542,0.9,0.01605338156394669,0.002038901895517,0.017407640860772768,0.012171432114995781
medqa_test_00232,r1-distill-llama-8b,medqa,D,D,True,True,False,10,10,1360.6,0.10701245286371011,0.05060412503778712,0.023570722765922834,0.0823390781879425,0.0,0.974042583025664,0.9,0.024124819960063264,0.0073516120678426625,0.02982462573958953,0.011784368410778697
medqa_test_00657,r1-distill-llama-8b,medqa,D,E,False,True,False,10,10,1782.2,0.08612845949557604,0.03998830543929749,0.019588129549020894,0.06807425618171692,0.4689955935892812,0.9996010869345011,0.9,0.012273767990467936,0.0048262447486847404,0.01689229627351928,0.011384266684109174
medqa_test_01125,r1-distill-llama-8b,medqa,D,B,False,True,False,10,10,1013.6,0.04423677382257067,0.018373610136014285,0.007670085799309456,0.05046013742685318,0.0,0.04208777681381911,0.95,0.019545889745766237,0.0013595616882157604,0.020577061273145857,0.012853790514169646
medqa_test_00782,r1-distill-llama-8b,medqa,E,E,True,True,False,10,10,1153.7,0.04852486498210464,0.01918004299298942,0.00875724400360437,0.0738644003868103,0.0,,0.95,0.013579441503178736,0.0037842872439140286,0.016014492040715513,0.012855807598082036
medqa_test_00647,r1-distill-llama-8b,medqa,C,C,True,False,False,9,10,1736.9,0.12025497056347598,0.059795470766886925,0.033300896021231305,0.07746648043394089,1.1567796494470395,0.9626728146478103,0.95,0.01953802422460282,0.008117030656135983,0.02514574928533981,0.014894371747577123
medqa_test_00381,r1-distill-llama-8b,medqa,C,C,True,False,False,5,6,3782.2,0.2359366608540432,0.1364604587053697,0.08177625845174549,0.11163093894720078,1.0,0.9999999500650953,0.5,0.018358863709813773,0.012966275428790294,0.02945833436381442,0.009765014736680993
medqa_test_01136,r1-distill-llama-8b,medqa,E,A,False,True,False,10,10,1065.7,0.05892321922346411,0.022535913968340582,0.009316492436472201,0.10477010905742645,1.295461844238322,1.0,0.95,0.020877906829364565,0.004829015260456871,0.024448126251111334,0.00899740615780241
medqa_test_00176,r1-distill-llama-8b,medqa,E,B,False,False,False,9,9,2299.8,0.22561539693031252,0.14366448440919682,0.09750343917350844,0.061641331762075424,0.7642045065086203,0.0850993817494797,0.9,0.009072984545089266,0.015712051663968146,0.023507416115334533,0.01818293364291989
medqa_test_00805,r1-distill-llama-8b,medqa,C,A,False,True,False,10,10,959.4,0.07617253390507421,0.03734698554505089,0.020863179084291063,0.05959213152527809,1.0,0.9999252661074669,0.9,0.021355680775645654,0.0025729075823360146,0.022630233092619058,0.008942469143975026
medqa_test_00653,r1-distill-llama-8b,medqa,A,A,True,True,False,10,10,1347.1,0.07142456641943037,0.03019111156258325,0.013569318859546731,0.07230965048074722,0.0,0.99999916847193,0.95,0.0163735831036493,0.004924184994332287,0.021116664933566485,0.010078786454076519
medqa_test_00844,r1-distill-llama-8b,medqa,A,E,False,True,False,10,10,2513.6,0.16755476876815392,0.09389264966998566,0.05421874367976691,0.11243167519569397,1.7609640474436812,0.06753656384446993,0.5,0.027764879729921598,0.008546326511794693,0.034057685512131314,0.022717176004494875
medqa_test_00188,r1-distill-llama-8b,medqa,E,E,True,True,False,10,10,1297.5,0.07493437278149989,0.029198255599944413,0.012776840023937997,0.10026111453771591,0.9709505944546686,0.9465971843548119,0.95,0.020345890711803743,0.003333217391384443,0.02293288628981758,0.00958926490405394
medqa_test_00297,r1-distill-llama-8b,medqa,D,E,False,False,False,9,9,2402.3,0.12568312384745203,0.06215653550981855,0.03341273774394321,0.09036058932542801,1.836591668108979,0.9820138092672192,0.95,0.022350568283314814,0.006721327339363388,0.028301215883367807,0.014729131294640388
medqa_test_00797,r1-distill-llama-8b,medqa,E,,,True,False,10,10,1272.4,0.073233718204997,0.034281805018609134,0.018736100817147005,0.0832516998052597,1.5709505944546684,0.996827318336584,0.9,0.023720362195788443,0.005082520279127608,0.026178739179981148,0.011939311545833518
medqa_test_00522,r1-distill-llama-8b,medqa,D,D,True,True,False,10,10,1575.2,0.07918434840012732,0.03798793523825857,0.01921491422612408,0.10267390310764313,1.3609640474436813,,0.9,0.01693605005785987,0.003530167474033724,0.019496607691291794,0.011931956364892107
medqa_test_00508,r1-distill-llama-8b,medqa,C,D,False,True,False,10,10,950.9,0.05132980767175492,0.02125467918937952,0.009190460473747242,0.09020385891199112,0.9219280948873623,,0.9,0.014258257377868339,0.0015458253237789349,0.01547557352908124,0.008633150407880912
medqa_test_00354,r1-distill-llama-8b,medqa,D,D,True,True,False,10,10,966.8,0.054237621780288583,0.0211955429215564,0.008210067697089063,0.06084432452917099,0.0,0.9820129567714185,0.9,0.020617609235012532,0.0037417454186069775,0.02256508939423567,0.011583397313044788
medqa_test_00207,r1-distill-llama-8b,medqa,A,B,False,True,False,10,10,902.0,0.05580175759577253,0.024734566300636696,0.013414427771798465,0.08772512525320053,0.9709505944546686,0.7057787214769853,0.9,0.02381663046799204,0.004284159714024443,0.02724425148458417,0.015470610379076622
medqa_test_00113,r1-distill-llama-8b,medqa,D,D,True,True,False,10,9,1556.5,0.08756705678563645,0.04274583876911871,0.02310702671586192,0.10165613889694214,1.836591668108979,0.9992426885352431,0.95,0.01443511210350545,0.007021006444928346,0.020557195790231075,0.013533767466311094
medqa_test_00700,r1-distill-llama-8b,medqa,C,E,False,True,False,10,10,1595.1,0.0989213485001202,0.04558403854836083,0.022527003526394807,0.07804929465055466,0.7219280948873623,,0.95,0.01848522312263589,0.00590134367331657,0.023449643242784087,0.01930486480056844
medqa_test_00855,r1-distill-llama-8b,medqa,B,C,False,False,False,9,10,1477.7,0.07224127806454386,0.03943490448915739,0.02444557472006238,0.11960934847593307,1.5709505944546684,1.0,0.9,0.010240002140722704,0.004229724103538954,0.013355232129695296,0.006881077808210613
medqa_test_00927,r1-distill-llama-8b,medqa,C,C,True,False,False,9,10,1605.3,0.10431279639361443,0.05703262484274235,0.03399354649566505,0.09450709074735641,0.0,0.985936337232986,0.95,0.010361004006978872,0.0036981178003937347,0.013188729070648938,0.012332214010932655
medqa_test_00965,r1-distill-llama-8b,medqa,D,D,True,True,False,10,10,1507.2,0.0814094501443983,0.0440010779667971,0.0265077718093799,0.08961819857358932,0.4689955935892812,,0.95,0.016204419953514026,0.00649269199048153,0.0201278107768981,0.007931149442943201
medqa_test_00744,r1-distill-llama-8b,medqa,D,D,True,True,False,10,10,985.4,0.033668709927678175,0.012514517448036921,0.004796226407273929,0.04403899237513542,0.4689955935892812,0.952574154992648,0.9,0.01347365847565701,0.001623779087115522,0.014444286119408647,0.00894777814028624
medqa_test_00513,r1-distill-llama-8b,medqa,D,B,False,True,False,10,10,1557.6,0.08923912162828794,0.04167455854430087,0.021234898813562653,0.08475112169981003,1.1567796494470395,0.0022025630532701876,0.85,0.026467150397492756,0.005276473989927198,0.030804678977344974,0.00970057533565891
medqa_test_00364,r1-distill-llama-8b,medqa,A,A,True,True,False,10,10,1176.7,0.06344050394924432,0.025881973103554244,0.012630680165529661,0.055562231689691544,1.295461844238322,0.9999869928668927,0.9,0.02459330427390409,0.003937765903302323,0.027222434174097192,0.014270149361692689
medqa_test_01007,r1-distill-llama-8b,medqa,B,B,True,True,False,10,10,1411.0,0.07982103688392259,0.03531075021709477,0.01822243432632,0.08765503764152527,0.9709505944546686,0.029312261907918708,0.9,0.01354308430077757,0.0033263688740640153,0.016714785008362393,0.011474697403816514
medqa_test_00243,r1-distill-llama-8b,medqa,A,C,False,True,False,10,10,1667.1,0.12940786842476207,0.07210220052743789,0.044512815505604555,0.051953140646219254,1.360964047443681,,0.9,0.023507981176895648,0.004858396827907646,0.02816244999962426,0.014939384459451541
medqa_test_00786,r1-distill-llama-8b,medqa,E,E,True,False,True,10,10,2256.6,0.20726952388580983,0.1181120235276751,0.07201547466225391,0.0827694833278656,1.3567796494470397,0.932454746258586,0.9,0.012616170069560274,0.009770251760239105,0.021710723570939932,0.02046591926994953
medqa_test_00977,r1-distill-llama-8b,medqa,B,B,True,True,False,10,10,598.7,0.03147679036541027,0.01305998702667388,0.006238146021251845,0.05073115974664688,0.0,0.07585858843297676,0.95,0.01782804129297677,0.0028421623645243166,0.018946949897407795,0.010507499061527373
medqa_test_00984,r1-distill-llama-8b,medqa,D,D,True,True,False,10,10,1815.2,0.11103297491691469,0.05595053564789894,0.028521746189035458,0.11546416580677032,1.360964047443681,0.9626730144254496,0.9,0.024490644030462534,0.010882281855981574,0.03323903071229311,0.01171510116017711
medqa_test_00483,r1-distill-llama-8b,medqa,D,C,False,True,False,10,9,1337.9,0.06214856218328742,0.02721248250380427,0.01273466113629491,0.09855887293815613,0.9182958340544896,0.9940889649492022,0.9,0.014274578938873595,0.0038389876123507117,0.016916503265686368,0.014380095368339832
medqa_test_00697,r1-distill-llama-8b,medqa,E,B,False,True,False,10,10,1001.2,0.048479240270999355,0.01958603528290508,0.008037429316449773,0.08671608567237854,0.9709505944546686,,0.9,0.021046826319768272,0.0065213061694638615,0.024418663408456897,0.011601438279359673
medqa_test_00905,r1-distill-llama-8b,medqa,A,A,True,True,False,10,7,992.8,0.07888381992438526,0.036215162790656195,0.019031043893246648,0.09965698421001434,1.3787834934861753,,,0.025386072064114158,0.008253214489821546,0.03258013729350884,0.02300950293493134
medqa_test_00368,r1-distill-llama-8b,medqa,D,B,False,True,False,10,10,1244.3,0.0637880637972912,0.02687675886314459,0.012370602585648538,0.05337120592594147,1.5219280948873621,0.09534958246682619,0.9,0.013804379168204862,0.004074425889603843,0.01698178370411156,0.011014401293641597
medqa_test_00537,r1-distill-llama-8b,medqa,A,A,True,True,False,10,10,1174.4,0.05097635128430421,0.02050544799317213,0.008570333001339192,0.0756559893488884,1.3567796494470397,0.999997438717151,0.95,0.015560936812911541,0.0032367006123103885,0.017894556835182283,0.01447494147851484
medqa_test_01091,r1-distill-llama-8b,medqa,D,D,True,False,False,9,10,1978.9,0.10585759708783878,0.052760244376585,0.029046196226732456,0.0787033960223198,1.1567796494470395,0.9902915283601816,0.95,0.017391929980004828,0.006524139243576183,0.02176688887269365,0.009098812931696372
medqa_test_00097,r1-distill-llama-8b,medqa,B,B,True,True,False,10,10,955.1,0.04418364313394411,0.015117103199140136,0.0068506069840576726,0.088692307472229,0.4689955935892812,0.02297749768178226,0.95,0.01730625063559778,0.00313342099517737,0.01902053202793394,0.01325582774956749
medqa_test_00264,r1-distill-llama-8b,medqa,A,D,False,True,False,10,10,2131.6,0.10532776173357168,0.05186935275651873,0.027153745154343968,0.11202573031187057,0.9219280948873623,,0.8,0.02116902718260643,0.004294419736534422,0.024942027665531892,0.006528229785115134
medqa_test_00750,r1-distill-llama-8b,medqa,B,B,True,True,False,10,10,1143.7,0.0521444786512857,0.02070174040422995,0.010207438659264722,0.06577876210212708,0.0,0.0022215157729239326,0.95,0.0151781809403854,0.0038521832376986593,0.01718554050545252,0.010355623343219083
medqa_test_00952,r1-distill-llama-8b,medqa,A,B,False,True,False,10,10,1458.4,0.09084010733701478,0.04353399110294317,0.020771291185850693,0.03997974470257759,1.295461844238322,0.06754681791619623,0.9,0.023039069138010675,0.005333855281653268,0.02624573572058405,0.014141384656542022
medqa_test_00637,r1-distill-llama-8b,medqa,A,B,False,True,False,10,10,1808.9,0.13489959549441535,0.07950601989004567,0.04874038058621594,0.0976177304983139,0.9219280948873623,0.13296458899238936,0.9,0.023654786900136865,0.008290190104137942,0.02989812197714578,0.016063244191988398
medqa_test_00616,r1-distill-llama-8b,medqa,E,C,False,True,False,10,10,1709.2,0.10278994545684268,0.04318383785447483,0.019427213403962695,0.08526348322629929,1.295461844238322,,0.9,0.01548234342503029,0.005108777941383216,0.019733897790208822,0.006104079393819959
medqa_test_00803,r1-distill-llama-8b,medqa,B,C,False,True,False,10,10,1447.4,0.08429232481575344,0.04110385536017273,0.020371873808929776,0.09304244816303253,1.295461844238322,0.9999930377454541,0.85,0.020830707090476835,0.00504678753287239,0.02551485325187795,0.016664098190122243
medqa_test_00613,r1-distill-llama-8b,medqa,D,E,False,False,True,10,10,2177.8,0.2541196644042441,0.1715699094103647,0.12077825045551127,0.0972742810845375,1.3567796494470397,0.9902915387048966,,0.017703703401939806,0.008883265077257186,0.026110573221402488,0.014064220393913507
medqa_test_01189,r1-distill-llama-8b,medqa,D,D,True,True,False,10,10,718.9,0.03518208943839516,0.015477421767089616,0.006793143425973447,0.0532432496547699,0.0,,0.95,0.012369323194918163,0.0009764515144332703,0.013001120844960728,0.009381108237260936
medqa_test_00143,r1-distill-llama-8b,medqa,B,B,True,True,False,10,10,1600.6,0.11281443851457129,0.05506836261748377,0.02819058676889229,0.09304571896791458,1.295461844238322,0.5621769266379592,0.9,0.02335244380468819,0.00842753178608727,0.029891251249033045,0.010680531876131544
medqa_test_00174,r1-distill-llama-8b,medqa,E,E,True,True,False,10,10,1179.9,0.08914841674219856,0.042114166479064616,0.02138636978081354,0.04287028685212135,0.0,0.1329646614996251,0.9,0.023742395738717077,0.007462777440445356,0.029910070105065367,0.020117492128529608
medqa_test_00132,r1-distill-llama-8b,medqa,A,A,True,True,False,10,10,919.0,0.03813256543517509,0.012945852868850272,0.0038633239886457283,0.07196807116270065,0.0,0.9999885212375696,0.9,0.011846478422380766,0.0005762668579877038,0.012137875014157492,0.00870837848175369
medqa_test_00809,r1-distill-llama-8b,medqa,B,E,False,True,False,10,10,2409.6,0.1730483386763459,0.0984397486756753,0.059340560202432634,0.05592101067304611,0.8812908992306927,0.06008671976503429,0.9,0.02407411329292137,0.013210629379329254,0.03549960816055302,0.016840772728391813
medqa_test_00840,r1-distill-llama-8b,medqa,D,D,True,True,False,10,10,819.8,0.06660037015107857,0.024246313701593414,0.010667062222415258,0.06741977483034134,0.4689955935892812,0.9999038975587262,0.9,0.014307220394392606,0.00497743518750343,0.018362570251708465,0.012668064142578057
medqa_test_00526,r1-distill-llama-8b,medqa,D,,,False,True,7,8,3559.5,0.23146993539725808,0.14502723197191875,0.09542839283681054,0.0766405314207077,1.9056390622295665,1.0,0.85,0.02267304718625433,0.011881102109546477,0.03286488446907744,0.009332480166382552
medqa_test_00831,r1-distill-llama-8b,medqa,A,C,False,True,False,10,10,2116.6,0.16016657070379764,0.08704482554829593,0.05080782765381982,0.07982354611158371,1.1567796494470395,0.9902915295607926,0.9,0.02414229513505919,0.0074641922096765675,0.030874223006459867,0.010356617139354263
medqa_test_01218,r1-distill-llama-8b,medqa,B,C,False,True,False,10,10,1849.2,0.12782851433211073,0.0656986361043624,0.03626993446177688,0.08420351147651672,1.4854752972273344,,0.8,0.021159279194366512,0.005269785910258227,0.026010869176447116,0.014844593059075498
medqa_test_00843,r1-distill-llama-8b,medqa,D,D,True,True,False,10,10,984.6,0.04450194702115713,0.01863954252801083,0.009346958377715098,0.07571087777614594,0.0,0.9978172857319243,0.9,0.012089955766957637,0.0014044051693868046,0.012498021638499491,0.009268683146154286
medqa_test_01222,r1-distill-llama-8b,medqa,D,E,False,True,False,10,10,1613.1,0.10817161788381316,0.05179409143659841,0.026367201158271403,0.10659538954496384,1.0,0.999769411643822,0.95,0.022523877123385227,0.009235574298127585,0.030098293180291398,0.012941138770305569
medqa_test_01270,r1-distill-llama-8b,medqa,C,B,False,True,False,10,10,1507.7,0.08892904809133238,0.0432483573724351,0.02517631634909099,0.06299399584531784,1.1567796494470395,0.46879107527225633,0.9,0.028528860505980656,0.0038641720023697606,0.031574723253550305,0.01573938462101725
medqa_test_01088,r1-distill-llama-8b,medqa,B,A,False,True,False,10,10,1575.3,0.11068780886015836,0.05504215714974573,0.02967990122367318,0.10574531555175781,2.0464393446710156,0.012431815172374216,0.85,0.018164384699052495,0.0076734547459720165,0.025029040944699793,0.020947637654126806
medqa_test_00172,r1-distill-llama-8b,medqa,C,B,False,True,False,10,10,1138.9,0.05977594841456516,0.02195795959475918,0.008898835971171127,0.05626671016216278,0.8812908992306927,0.1329643698861312,0.9,0.015143408089561461,0.0022539592309924424,0.016949745151133587,0.010795914164764607
medqa_test_01197,r1-distill-llama-8b,medqa,C,C,True,True,False,10,10,1268.8,0.06146154183614043,0.02386996654786331,0.009793005517388886,0.07725672423839569,0.7219280948873623,,0.9,0.022742082248519833,0.002716900994580844,0.02467179321810082,0.007347704944915082
medqa_test_00342,r1-distill-llama-8b,medqa,D,E,False,True,False,10,10,1920.8,0.09847773477586622,0.04665330992217066,0.025610934190810064,0.08053930103778839,1.295461844238322,,0.9,0.019071708887543757,0.004444830261571049,0.023271546222239037,0.007659871168382402
medqa_test_00816,r1-distill-llama-8b,medqa,A,D,False,True,False,10,10,1069.3,0.05887371804552172,0.026086591450642536,0.012123220959961345,0.08028820157051086,1.5709505944546687,,1.0,0.022925478022189937,0.007682754142962056,0.027939075882854998,0.016329233089835277
medqa_test_00938,r1-distill-llama-8b,medqa,D,D,True,True,False,10,10,1996.8,0.12234787028209752,0.0643440797303451,0.03526084733534855,0.08972247689962387,1.9709505944546688,0.9859360433544471,0.9,0.02942756707572412,0.008539848095867898,0.03595645486102123,0.01195366288730362
medqa_test_00237,r1-distill-llama-8b,medqa,B,C,False,True,False,10,10,1514.0,0.08360792618802405,0.035613949518585784,0.01815409175967121,0.10719984024763107,0.7219280948873623,0.9959298687259361,0.95,0.021295527542248085,0.005790480877485939,0.02567517681361896,0.010076914384167369
medqa_test_00544,r1-distill-llama-8b,medqa,C,C,True,True,False,10,10,1250.4,0.11791653657181933,0.06832912953072583,0.04327062007886846,0.05595316365361214,0.4689955935892812,,0.9,0.019164030587232,0.005842398580554246,0.0240173273711338,0.019995236817727892
medqa_test_00672,r1-distill-llama-8b,medqa,B,D,False,True,False,10,10,1259.1,0.13761654171147591,0.0818729148771217,0.053362926705711536,0.08046621829271317,1.3609640474436813,0.10671138145457416,0.9,0.015137741223058707,0.007830289059937191,0.021733347792080967,0.01550969604722272
medqa_test_00702,r1-distill-llama-8b,medqa,D,D,True,False,False,7,8,3328.2,0.2495321778748505,0.1505419033027703,0.09282227853369637,0.07454614341259003,1.561278124459133,0.9999417087592801,0.9,0.016885700630521184,0.013741600509134639,0.028919640042598487,0.02779070615937649
medqa_test_01089,r1-distill-llama-8b,medqa,B,B,True,True,False,10,10,1583.5,0.09888355432077785,0.04562282235649301,0.020691380167190864,0.07639428973197937,1.8464393446710154,0.06754719547386732,0.9,0.030634486770517215,0.007057769755660216,0.03559084121464821,0.010281112547797077
medqa_test_00804,r1-distill-llama-8b,medqa,A,A,True,True,False,10,10,1122.4,0.03319986042703153,0.01118451054378492,0.004460725269901378,0.14379630982875824,0.9709505944546686,0.9997965731022374,0.5,0.014724065695451361,0.0028824760431103193,0.016380531522987716,0.007329075425757228
medqa_test_01230,r1-distill-llama-8b,medqa,E,E,True,True,False,10,10,1200.0,0.06784081162825698,0.02983737693740408,0.015352453949913247,0.0860138013958931,0.7219280948873623,0.0,0.9,0.01476180250071751,0.005274450756325775,0.018965392657780758,0.009249402958667904
medqa_test_00251,r1-distill-llama-8b,medqa,B,A,False,True,False,10,10,1009.0,0.04233035757117047,0.017006128167409828,0.007813197034105957,0.0815458595752716,0.9219280948873623,0.9999038975419683,0.9,0.024199420904172774,0.004573847782635908,0.02665476151404155,0.0123178334086817
medqa_test_01224,r1-distill-llama-8b,medqa,E,C,False,True,False,10,10,1290.2,0.06462400942891036,0.03178134136029859,0.01748772350215704,0.09579113870859146,0.4689955935892812,,0.85,0.02385693499960675,0.003792968555946729,0.02579008503587768,0.010753435297673456
medqa_test_00274,r1-distill-llama-8b,medqa,A,A,True,True,False,10,10,1115.8,0.06321172516481098,0.026579037157647332,0.011081591325771734,0.10246868431568146,0.4689955935892812,0.9999339478862954,0.9,0.012950835907237354,0.004749560177310361,0.017392292625938124,0.007677418332888926
medqa_test_00604,r1-distill-llama-8b,medqa,A,C,False,True,False,10,10,2496.0,0.15802367366407277,0.08493878329833823,0.05160801643322786,0.10512981563806534,1.8464393446710154,,,0.02623630235897529,0.014445954155594964,0.037958917511053666,0.007615539215134788
medqa_test_00554,r1-distill-llama-8b,medqa,A,C,False,True,False,10,10,2126.9,0.20919614858434468,0.13462762205425718,0.09127457876346404,0.08364379405975342,0.8812908992306927,,0.5,0.02670168389730902,0.007978041957864071,0.03356964486104032,0.013546929670187197
medqa_test_00495,r1-distill-llama-8b,medqa,A,A,True,True,False,10,10,1999.0,0.17072586555590646,0.0975061393531644,0.05941761028619923,0.0744272992014885,0.7219280948873623,1.0,0.85,0.02126544584132082,0.007055056831586836,0.027303659962958027,0.018077609085936534
medqa_test_00276,r1-distill-llama-8b,medqa,C,D,False,False,False,8,7,2732.5,0.15227912197601787,0.0819520723588818,0.04571019885122187,0.10991127043962479,1.4488156357251847,,,0.021674127116582155,0.008587929791112562,0.028051240041065562,0.012235403597262154
medqa_test_00678,r1-distill-llama-8b,medqa,B,B,True,True,False,10,10,1235.1,0.097534329287952,0.04513829176699937,0.023098688781786846,0.09134205430746078,0.9709505944546686,0.07585858361181573,0.95,0.011389128984205138,0.006177495545947604,0.01651233317817557,0.019058604837199324
medqa_test_00445,r1-distill-llama-8b,medqa,B,E,False,True,False,10,10,1139.6,0.04850592894646799,0.017447097555064205,0.006974640123818554,0.06720259040594101,0.0,0.8175738431368814,0.95,0.01879747010317858,0.002011886085844902,0.020205259637927995,0.012534021536620633
medqa_test_00560,r1-distill-llama-8b,medqa,A,A,True,True,False,10,10,2641.4,0.16259541180564718,0.09195169345817841,0.056344236732029915,0.09556791186332703,0.8812908992306927,0.999941708758186,0.5,0.026941649075790924,0.009952957570098593,0.033886169909058586,0.015434063627075102
medqa_test_00470,r1-distill-llama-8b,medqa,A,C,False,True,False,10,8,1152.8,0.09904559645721066,0.04989671713851189,0.02769113016802378,0.10233612358570099,2.1556390622295662,,0.9,0.020473273217689176,0.008694407190015685,0.028263218114584997,0.012469268848483822
medqa_test_00370,r1-distill-llama-8b,medqa,E,E,True,True,False,10,10,1667.4,0.11208597222110872,0.06015770454790396,0.03483039282260575,0.10002148896455765,0.4689955935892812,0.9840938026119999,0.9,0.009730208299116744,0.006737245646029603,0.015752390301692783,0.01871562179685765
medqa_test_00443,r1-distill-llama-8b,medqa,B,A,False,True,False,10,10,1972.8,0.10955679913273997,0.05160661719752109,0.02585281298442993,0.09298626333475113,1.5709505944546687,0.04743917323568241,0.9,0.01351017519543479,0.006687975270865039,0.01932062895545461,0.008574090358022656
medqa_test_00108,r1-distill-llama-8b,medqa,E,B,False,True,False,10,10,863.2,0.044330927186020684,0.018696861757411032,0.008020449928829198,0.08096323162317276,0.0,0.04208816525884311,0.9,0.01902881963960644,0.0018717000295033661,0.019973702248766642,0.012768879088259988
medqa_test_01200,r1-distill-llama-8b,medqa,B,B,True,True,False,10,10,1698.9,0.0957092217341741,0.05379818652615379,0.03179068935534488,0.10939382016658783,0.7219280948873623,0.0474259021008304,0.95,0.014683155173590487,0.004539612373208092,0.018143622581192675,0.01359592267685221
medqa_test_00622,r1-distill-llama-8b,medqa,C,,,False,True,10,10,2230.9,0.1156594360020065,0.058285362357038184,0.03142821536871684,0.1044892743229866,0.7219280948873623,1.0,0.9,0.02378079087918924,0.005767056306567065,0.02820376138396329,0.010340867468162146
medqa_test_00012,r1-distill-llama-8b,medqa,B,,,False,True,9,10,1907.1,0.1365159126609195,0.07982728028619177,0.052185166023383966,0.08295277506113052,0.4689955935892812,0.14804808195837046,0.95,0.021428420605430293,0.012078814665984648,0.0317798117791933,0.012637411870946335
medqa_test_00349,r1-distill-llama-8b,medqa,C,,,False,True,10,10,1596.7,0.09846680227747065,0.05138102540013303,0.029156678351305188,0.08750775456428528,0.0,0.9999999176675268,,0.024378325328070778,0.006223100884871635,0.02817872551381103,0.017446439148200633
medqa_test_01048,r1-distill-llama-8b,medqa,B,E,False,True,False,10,10,1524.5,0.11545518878043803,0.05818166285664654,0.03340577810550678,0.15112406015396118,1.295461844238322,0.017986278003691354,0.8,0.026224760430923914,0.009818620331311794,0.03369653976649426,0.010695344066026529
medqa_test_00913,r1-distill-llama-8b,medqa,E,D,False,True,False,10,10,1448.0,0.09683088740021624,0.049555682784202436,0.027940069317685935,0.10882461071014404,0.7219280948873623,,0.9,0.008150108772652716,0.003195580440297178,0.010961200772914362,0.006798923222026148
medqa_test_00379,r1-distill-llama-8b,medqa,D,D,True,True,False,10,10,1481.2,0.08749740892408435,0.04289600828474925,0.022124026117577134,0.11925679445266724,1.5709505944546687,0.9940889311437562,0.9,0.022716633183016584,0.005126651717082742,0.026263621241512426,0.008462466347235322
medqa_test_00618,r1-distill-llama-8b,medqa,C,C,True,True,False,10,10,1248.7,0.06418896551492433,0.02589520371443448,0.01173276590823279,0.088994100689888,0.9219280948873623,0.9980732682099631,0.9,0.013170083585562122,0.0048577501130592105,0.017282111336999934,0.009499491916669283
medqa_test_00355,r1-distill-llama-8b,medqa,A,A,True,True,False,10,10,1656.1,0.16934167525412697,0.10679155011715014,0.07405744590811883,0.09369312226772308,0.9219280948873623,0.004609570825926211,0.8,0.022645375963703203,0.009667857842692222,0.030533404057258778,0.015549179264225648
medqa_test_00862,r1-distill-llama-8b,medqa,B,C,False,True,False,10,10,1227.6,0.11102257233675643,0.05771587566440025,0.030424801113017385,0.05019182711839676,0.7219280948873623,,0.85,0.019228275943556496,0.005199880370904934,0.02373856935122772,0.019660448349650774
medqa_test_00123,r1-distill-llama-8b,medqa,A,A,True,True,False,10,10,2272.7,0.139214542880668,0.07398040806429994,0.04143999567408663,0.10787487775087357,1.3709505944546687,0.9996646500569198,0.9,0.014561861022943537,0.006987324912031784,0.021004711575251852,0.01450569811563437
medqa_test_01045,r1-distill-llama-8b,medqa,A,A,True,True,False,10,10,1018.2,0.0713386937667512,0.03150595500608855,0.015099169467126639,0.11014945060014725,0.4689955935892812,0.9999810748466397,0.9,0.023292872390723574,0.004709598357814612,0.026752831295049788,0.012829901528793191
medqa_test_00104,r1-distill-llama-8b,medqa,C,A,False,True,False,10,10,1110.1,0.0798329816354734,0.04057489131685079,0.022476284365429512,0.0855824202299118,1.295461844238322,0.999915188955572,0.9,0.01384030540389195,0.0031976940569075863,0.01626665086794757,0.010286463362446655
medqa_test_00248,r1-distill-llama-8b,medqa,C,C,True,True,False,10,10,1499.9,0.11478698804166924,0.05660144319915208,0.03026141829951292,0.10474081337451935,0.7219280948873623,0.9999988634944433,0.95,0.014198404681289297,0.008192229189121086,0.020613475607101233,0.011042669415380183
medqa_test_00874,r1-distill-llama-8b,medqa,E,A,False,True,False,10,10,1109.5,0.06580154327988949,0.025641573801422422,0.010488239697876767,0.07461418211460114,0.0,0.9999970976884088,0.9,0.023933077618173166,0.0035827850623473046,0.02677436339424194,0.011066716057025926
medqa_test_00701,r1-distill-llama-8b,medqa,D,B,False,True,False,10,8,1145.5,0.09272534350977449,0.044622155367875484,0.02406259311993565,0.08467565476894379,2.1556390622295662,0.008577486579131438,0.9,0.02177407106945433,0.012709474925361314,0.03205035212509117,0.011712486079910088
medqa_test_00406,r1-distill-llama-8b,medqa,C,C,True,True,False,10,9,1539.3,0.08263709108996316,0.04120322304593364,0.021885853477650142,0.12776106595993042,1.224394445405986,0.9999485578275397,0.95,0.024949878895111285,0.009745278401282007,0.0321004993015582,0.010040241569779035
medqa_test_00384,r1-distill-llama-8b,medqa,E,A,False,False,False,9,9,2616.4,0.13328303199147656,0.06699642937865229,0.03547363186378537,0.09159048646688461,0.9910760598382222,0.9999546021375091,0.9,0.014576645215898475,0.006304700133427833,0.02009433245654315,0.012948261378308613
medqa_test_00319,r1-distill-llama-8b,medqa,B,A,False,True,False,10,10,982.5,0.056700225115549494,0.020470129407608995,0.008655692623184896,0.06204173341393471,0.8812908992306927,0.9891117770430836,0.85,0.014873482479927166,0.0024754581947329887,0.01695211233627381,0.009854281389814767
medqa_test_00026,r1-distill-llama-8b,medqa,E,B,False,True,False,10,10,2027.1,0.14335468416804695,0.09033343680902385,0.06236022236613921,0.13035888969898224,1.5709505944546687,0.09534960240211789,0.9,0.027132180572157237,0.010100611810269089,0.034766905477689805,0.010417844545432983
medqa_test_01228,r1-distill-llama-8b,medqa,C,A,False,True,False,10,10,2237.1,0.1058066681463214,0.05043352961867574,0.024309259555772213,0.10202420502901077,1.9709505944546686,0.9999980082642512,0.85,0.021924554796879298,0.0062596812318859675,0.027067324797977542,0.011301983575299396
medqa_test_01240,r1-distill-llama-8b,medqa,A,A,True,True,False,10,10,799.6,0.05605924814265303,0.024592778125248394,0.01104939626644692,0.11682605743408203,0.4689955935892812,0.9994472215120501,0.95,0.018119027855255643,0.0027668002156988115,0.01994623198198746,0.01774709029286476
medqa_test_00167,r1-distill-llama-8b,medqa,D,D,True,True,False,10,10,1140.4,0.055304543833504104,0.024118274228011473,0.010969170233531712,0.10312152653932571,0.9219280948873623,0.9465968365093779,0.9,0.016227030979903193,0.0038084913662168067,0.01863765950813389,0.00868872811417734
medqa_test_00934,r1-distill-llama-8b,medqa,B,C,False,True,False,10,10,676.9,0.046013749021079284,0.02051924045265775,0.009476228328258918,0.049875155091285706,1.1567796494470395,0.9587747327024775,0.95,0.013207062480931175,0.0010502097998312608,0.013679228812252437,0.015725032975240572
medqa_test_00171,r1-distill-llama-8b,medqa,D,C,False,True,False,10,10,1660.3,0.09881965960850417,0.044847528273981564,0.02173634643570167,0.11124587804079056,2.121928094887362,,0.7,0.025803674814060523,0.007767916234396091,0.03070159059174158,0.013145463165459498
medqa_test_00377,r1-distill-llama-8b,medqa,E,E,True,True,False,10,10,1950.6,0.09001131813791019,0.04655193358657188,0.026958164511376292,0.09282199293375015,1.1567796494470395,,0.95,0.01564942449634211,0.005014912047905352,0.020110615807990423,0.013302448429443647
medqa_test_01111,r1-distill-llama-8b,medqa,C,C,True,True,False,10,10,1023.6,0.02230109204542662,0.007056205745436706,0.0013804656327193964,0.07341954857110977,0.0,0.8933110599707743,0.95,0.016100219320676866,0.00350820820825761,0.017569981843306298,0.01393143214410141
medqa_test_00879,r1-distill-llama-8b,medqa,E,D,False,True,False,10,10,2065.6,0.1090380789110996,0.0560420173684029,0.03213668948568034,0.07925789803266525,1.0,0.8175743911977863,0.9,0.018640418819001487,0.006004986006689899,0.02342850711318446,0.014903227751634765
medqa_test_01057,r1-distill-llama-8b,medqa,B,B,True,True,False,10,10,1002.2,0.06471737851483297,0.028456236996202887,0.013861008753897485,0.07479142397642136,0.8812908992306927,0.005911159486138022,0.9,0.011573388499165553,0.002567231259942233,0.013044266511937288,0.01135746082255103
medqa_test_00117,r1-distill-llama-8b,medqa,D,E,False,False,False,7,7,3052.4,0.1913072920758272,0.11145797395247081,0.06962636599801184,0.08170302957296371,1.1488348542809166,,0.9,0.021233059512607438,0.0070901911954445685,0.027196652436097868,0.012228873579158223
medqa_test_00716,r1-distill-llama-8b,medqa,D,E,False,True,False,10,10,1222.9,0.06299685435484315,0.027385100760877457,0.014491817028560117,0.09405507892370224,0.9219280948873623,,0.9,0.025045721001378352,0.007253862013424514,0.028912679641787325,0.010990229516147473
medqa_test_00129,r1-distill-llama-8b,medqa,A,A,True,False,False,9,9,2523.6,0.11851394099225834,0.06291744445731177,0.03651113013361431,0.15168903768062592,1.6577427265048887,0.9999952149050549,0.75,0.023205426575457228,0.00980137809543354,0.03014136433483084,0.008725368172586876
medqa_test_00709,r1-distill-llama-8b,medqa,B,B,True,True,False,10,10,1329.2,0.16723164068337623,0.08960548779448532,0.051520068126959015,0.08545731753110886,1.9609640474436814,0.06754763063432064,0.7,0.018793462050690758,0.009717348498914712,0.026962836192568784,0.020781823917174078
medqa_test_00633,r1-distill-llama-8b,medqa,B,E,False,True,False,10,10,1726.8,0.0909259364292859,0.041705905521479916,0.021037921746834488,0.08005391061306,1.5709505944546684,0.8807970779778824,0.9,0.018957712405163536,0.0031928866254374148,0.02114923248477906,0.008934273439631378
medqa_test_00909,r1-distill-llama-8b,medqa,B,,,False,True,9,10,2095.3,0.18777643132176408,0.1145327912834142,0.07720462358172384,0.10403382778167725,0.4689955935892812,0.9998601779825828,0.75,0.02558713606336452,0.011710718835761988,0.03523551077746583,0.011599046295238535
medqa_test_00842,r1-distill-llama-8b,medqa,C,C,True,True,False,10,10,1011.5,0.06316944506890808,0.028060988682711598,0.012868707657097777,0.07427271455526352,1.1567796494470395,0.9399121282347359,0.9,0.016426832943634714,0.0011498493802697045,0.017147564402625545,0.011600884476071785
medqa_test_00654,r1-distill-llama-8b,medqa,B,,,False,True,8,8,3012.0,0.2280362127160424,0.1456190998062205,0.09399895141746634,0.10177504271268845,2.1556390622295662,0.9999998725011033,,0.027343838271148148,0.011994594546281592,0.03811438557866164,0.020823410553306995
medqa_test_00031,r1-distill-llama-8b,medqa,C,D,False,True,False,10,10,1968.9,0.14850696151335507,0.07139471740896651,0.035095854587599694,0.08047273755073547,1.295461844238322,,0.9,0.02978024112011792,0.005436139891847034,0.03362627443549457,0.011149360218219634
medqa_test_00041,r1-distill-llama-8b,medqa,C,C,True,True,False,10,10,939.6,0.06335327676555819,0.0257436453916561,0.01189016630861367,0.11779162287712097,0.4689955935892812,,0.9,0.013746011448968634,0.0017950130101357584,0.014960129893701778,0.011105990599650402
medqa_test_00942,r1-distill-llama-8b,medqa,B,E,False,False,True,10,10,1453.4,0.06707381387097563,0.02987233444127253,0.013472933259656716,0.08994761854410172,0.7219280948873623,0.9999998874650933,0.85,0.018429153308403345,0.006344064591357316,0.02377418565464109,0.012696633611077182
medqa_test_01123,r1-distill-llama-8b,medqa,E,D,False,True,False,10,10,1263.2,0.06435268942585515,0.028076596073681293,0.014904909024774671,0.10590967535972595,0.4689955935892812,0.994482049730848,0.9,0.018153325973503772,0.005586005134929951,0.02153330874638134,0.009679977862848481
medqa_test_01101,r1-distill-llama-8b,medqa,A,A,True,True,False,10,10,687.0,0.045791925070170734,0.02011638823311147,0.010745148613610079,0.05822119116783142,0.0,0.9999810748454351,0.95,0.014918606859648836,0.0039960656716927665,0.017665901645916814,0.013139180937502775
medqa_test_00053,r1-distill-llama-8b,medqa,D,B,False,True,False,10,10,2066.8,0.13064101485826224,0.06374973332328547,0.03397299756167245,0.05771121010184288,1.360964047443681,0.20181333856232833,0.9,0.021960088395121362,0.0077477745256799594,0.027903257107268632,0.014400376308677031
medqa_test_01196,r1-distill-llama-8b,medqa,D,D,True,True,False,10,10,1171.2,0.03901116333512712,0.01646747347870071,0.008186408252474664,0.06544782966375351,0.0,,0.9,0.013511541432287666,0.0003350973431457186,0.013846638775433384,0.011219577414412669
medqa_test_00019,r1-distill-llama-8b,medqa,E,C,False,True,False,10,10,1192.8,0.0693777460730283,0.03230432791606545,0.015519257691241139,0.08822400122880936,0.4689955935892812,0.9998204721379661,0.9,0.02070887858767644,0.004566099286483278,0.024432448311671247,0.011515266037203287
medqa_test_01038,r1-distill-llama-8b,medqa,A,E,False,False,True,6,7,2698.7,0.1691475521300428,0.1001773992968364,0.06344651711363639,0.1251697689294815,1.1488348542809166,,0.95,0.01772614927321082,0.007273618970115661,0.023808980065011167,0.011092744214021812
medqa_test_00980,r1-distill-llama-8b,medqa,C,A,False,True,False,10,10,1482.2,0.07235406167655001,0.03363460878107625,0.017357185904196493,0.08895009011030197,0.9709505944546686,0.9999934617559004,0.9,0.02292917277725124,0.004442355495154595,0.02606048639598051,0.012346923004009561
medqa_test_00258,r1-distill-llama-8b,medqa,E,B,False,True,False,10,10,2485.0,0.1447965391617128,0.07646435024916051,0.04322816495315829,0.09454058855772018,0.7219280948873623,0.015906672754530154,0.9,0.02233951875503524,0.009537036009627953,0.029530095162568958,0.012005054446319394
medqa_test_00431,r1-distill-llama-8b,medqa,B,D,False,True,False,10,10,921.6,0.051662709924131876,0.020812393943177864,0.007983915613370496,0.0867699384689331,1.360964047443681,0.9525737376590802,0.95,0.02051339926910022,0.0021966736731222464,0.02263550172671165,0.009509270377327479
medqa_test_00284,r1-distill-llama-8b,medqa,B,A,False,True,False,10,10,2456.7,0.1964045582435321,0.12023470472019357,0.07627278291311612,0.08539719879627228,1.1567796494470395,0.9999151889665004,0.9,0.014583138648887082,0.008067915944480829,0.021271962668222906,0.009964279730222876
medqa_test_00986,r1-distill-llama-8b,medqa,D,E,False,True,False,10,10,963.1,0.07566861128380728,0.03713106058070907,0.020116297427907902,0.11116567254066467,0.0,0.6513549049661682,0.9,0.02859831140687593,0.006037304265791216,0.032535778850898464,0.011717534425642943
medqa_test_00345,r1-distill-llama-8b,medqa,C,C,True,True,False,10,10,1308.8,0.0684407809875247,0.03418463864452215,0.01936409270519839,0.06732559204101562,0.7219280948873623,0.9324533813085829,0.9,0.023064837562349838,0.004767941158330234,0.02700151553456297,0.015689161281261542
medqa_test_00748,r1-distill-llama-8b,medqa,A,A,True,True,False,10,10,1160.7,0.07739541796223233,0.03478684197564208,0.01647553910118279,0.08990317583084106,0.9709505944546686,0.9999869928770743,0.9,0.01429884017013105,0.0074186687738429765,0.02021306734350929,0.011153053698842187
medqa_test_00465,r1-distill-llama-8b,medqa,D,E,False,True,False,10,10,1121.2,0.08088488190837642,0.038239238127996567,0.019961153114136487,0.06413966417312622,0.8812908992306927,0.9995955184298602,0.9,0.01822096342667619,0.0034569660893587636,0.020797380874774042,0.010984831488088775
medqa_test_00216,r1-distill-llama-8b,medqa,E,B,False,True,False,10,10,1832.0,0.10070329312819984,0.048313533512821305,0.025058096807244346,0.11004733294248581,1.5709505944546687,0.0001584243956700689,0.9,0.02275685573866427,0.006376882195641737,0.02742562774856292,0.009559708259519097
medqa_test_00335,r1-distill-llama-8b,medqa,B,A,False,True,False,10,10,1549.4,0.09023604771493966,0.04149901955826239,0.021077241219437957,0.09806168079376221,1.8464393446710154,0.9999982399762644,0.95,0.019109084313491374,0.003454525999284052,0.021750193196752966,0.010192713011534543
medqa_test_00739,r1-distill-llama-8b,medqa,A,C,False,True,False,10,10,1451.2,0.0902088727576617,0.042067447712765785,0.02106171958466011,0.09280466288328171,1.5709505944546687,0.9796676726797593,0.9,0.019489943389728266,0.005014339541851959,0.024136261583124402,0.007596021509873261
medqa_test_00266,r1-distill-llama-8b,medqa,B,B,True,True,False,10,10,1632.6,0.10551859552673334,0.05664080997932556,0.03365024483659732,0.07535503059625626,0.7219280948873623,0.025957356679759284,0.9,0.013096297530645163,0.006156792588979074,0.01824509394374822,0.01386498083125735
medqa_test_00811,r1-distill-llama-8b,medqa,E,E,True,True,False,10,10,1700.9,0.10210255004150981,0.05100465037573716,0.025292618871167637,0.08676749467849731,1.8464393446710154,,0.95,0.025912997731514047,0.007323133839589287,0.031182131764545255,0.010229457046541154
medqa_test_01164,r1-distill-llama-8b,medqa,A,A,True,True,False,10,10,2319.2,0.1441948471286637,0.08129692016733664,0.047972873721407724,0.10039793699979782,1.7609640474436812,0.9999885212319893,0.9,0.02501286323196436,0.007691379941010443,0.03169489104183816,0.01701264856540959
medqa_test_00472,r1-distill-llama-8b,medqa,D,E,False,False,False,6,8,2969.2,0.19008807876713132,0.10111382470207105,0.05689427748818997,0.08055443316698074,2.1556390622295662,1.0,1.0,0.012635237497404087,0.010551536882189577,0.021936963323289423,0.021299309627322214
medqa_test_01084,r1-distill-llama-8b,medqa,D,B,False,True,False,10,10,2285.8,0.14108505789339887,0.07836859928098447,0.04649634751185452,0.11677754670381546,1.8464393446710154,0.017986297951280872,0.9,0.025816402858662057,0.007971131529856148,0.03191366188880666,0.012275223005073378
medqa_test_01076,r1-distill-llama-8b,medqa,B,D,False,True,False,10,10,1167.7,0.08273911233854334,0.03793188642416849,0.020626343056296726,0.06532794237136841,1.1567796494470395,0.9993736979484484,0.9,0.02879081974830936,0.001536683434276563,0.02985862088938806,0.011274172883005685
medqa_test_00085,r1-distill-llama-8b,medqa,C,A,False,True,False,10,10,1001.3,0.04254414251926397,0.01613554833867743,0.00675574912415563,0.09667732566595078,0.0,1.0,0.95,0.021131395245148444,0.0029488627248206306,0.02258143111914284,0.00823913937911383
medqa_test_00792,r1-distill-llama-8b,medqa,C,C,True,True,False,10,10,2100.6,0.12134870129530557,0.058882691643002784,0.031067009150563783,0.06342685222625732,1.3609640474436813,0.993307154048944,0.85,0.02550505529630078,0.009550279784207857,0.033420885372632256,0.016307315766706413
medqa_test_00577,r1-distill-llama-8b,medqa,B,C,False,True,False,10,10,1509.0,0.10023520205959488,0.05015297173084475,0.026908496057856425,0.10681883245706558,1.4854752972273344,,0.9,0.023432115728305773,0.004983874359754529,0.02693687024997348,0.009207255675997478
medqa_test_00403,r1-distill-llama-8b,medqa,E,D,False,True,False,10,10,1320.7,0.07095937281933169,0.028810312667714853,0.014391132702185606,0.06448955088853836,0.0,3.889110476172117e-08,0.9,0.018977106473235146,0.0031800394398952235,0.020893916700028787,0.010275214914509442
medqa_test_00027,r1-distill-llama-8b,medqa,A,A,True,True,False,10,10,910.0,0.0536387937888113,0.026584952161390986,0.014793567863041123,0.056647464632987976,0.0,0.9999997463981486,0.9,0.018470372776826,0.0029123024355713696,0.02007542886083242,0.009264389627645503
medqa_test_01148,r1-distill-llama-8b,medqa,A,A,True,True,False,10,10,851.4,0.06676083018087321,0.03191281276242488,0.016481760328896165,0.05113007128238678,0.0,0.999999712631456,0.9,0.013849036973587105,0.0034981745487562,0.016609514568236918,0.014786778476765707
medqa_test_01122,r1-distill-llama-8b,medqa,A,A,True,True,False,10,10,1383.6,0.06082027254210426,0.027223825508446063,0.013063955285561724,0.05848012864589691,0.4689955935892812,0.9999970976891932,0.9,0.02007521015558138,0.004611063804104219,0.023702310111347786,0.012014936874500382
medqa_test_00478,r1-distill-llama-8b,medqa,C,B,False,False,False,7,7,2900.2,0.3273200525875104,0.24334353694131033,0.18976835092291922,0.0902034342288971,1.1488348542809166,0.1066923361323564,0.9,0.03327126460676283,0.010080386691241835,0.041943057384405756,0.021261137998495615
medqa_test_00169,r1-distill-llama-8b,medqa,D,D,True,True,False,10,10,1016.0,0.0563539378708993,0.024023601295670594,0.010758825182092735,0.07685902714729309,0.0,,0.9,0.015843479226039216,0.003645007599595327,0.01758657930199272,0.01114043449020083
medqa_test_00414,r1-distill-llama-8b,medqa,E,E,True,True,False,10,10,1668.5,0.0789010373755156,0.036611822756666815,0.01762524839454067,0.07712403684854507,0.4689955935892812,0.9740426800771942,0.9,0.017102914355333572,0.002050496193783625,0.018809996714289533,0.00838525890406951
medqa_test_00344,r1-distill-llama-8b,medqa,A,,,False,True,10,10,2005.0,0.1292965103415827,0.06257847044031035,0.03403432379075079,0.07823391258716583,1.6854752972273344,0.00029594451967318315,0.9,0.02092313673130591,0.008134182322321885,0.027779298043566575,0.00853221686695635
medqa_test_00774,r1-distill-llama-8b,medqa,E,C,False,True,False,10,10,1121.3,0.09375665235164017,0.03887182798763146,0.015709880201712344,0.0838911160826683,1.3709505944546687,1.0,0.75,0.02230955026118955,0.00824073426329724,0.027489277739670477,0.01085770176594553
medqa_test_00029,r1-distill-llama-8b,medqa,D,A,False,True,False,10,10,1029.1,0.06026650206316088,0.027299004632785895,0.014239340457579474,0.0932401642203331,0.4689955935892812,0.9999810748569944,0.95,0.020581381052573858,0.006126453270409604,0.02517225019016884,0.013239441310310967
medqa_test_01073,r1-distill-llama-8b,medqa,E,A,False,False,False,9,9,2688.6,0.23253018905787007,0.13501546885315577,0.08003753780186124,0.06643912196159363,0.9182958340544896,0.9999952149074574,0.95,0.014325436444002259,0.010717287662419023,0.023599928295668444,0.01851153228567578
medqa_test_00773,r1-distill-llama-8b,medqa,A,C,False,True,False,10,10,2148.3,0.17161111135900442,0.09171813972131934,0.051815352288489526,0.08269812166690826,1.3709505944546687,,0.5,0.034481554167526504,0.012303505183965276,0.04430390079135971,0.013491408343366892
medqa_test_00279,r1-distill-llama-8b,medqa,B,B,True,True,False,10,10,1610.7,0.07115902727941413,0.02979943888012958,0.013781224445801798,0.10424431413412094,0.9709505944546686,2.014319843152074e-05,0.9,0.023504054540048384,0.005250940620268239,0.027206355199924325,0.009530174459376477
medqa_test_00710,r1-distill-llama-8b,medqa,D,C,False,True,False,10,10,1145.6,0.08507786041761359,0.03511636729094889,0.016911876227457334,0.07251600921154022,1.1567796494470395,,0.95,0.019922758658072047,0.0023059366608830013,0.02147110745320524,0.008064617949014556
medqa_test_00499,r1-distill-llama-8b,medqa,D,A,False,True,False,10,10,2326.3,0.1449739346971385,0.0775456352470492,0.045545995206528786,0.176675945520401,1.895461844238322,0.9999930377442217,0.9,0.021451974986069194,0.00872011032515231,0.028150466004754664,0.00894770984155668
medqa_test_00225,r1-distill-llama-8b,medqa,C,B,False,True,False,10,10,1165.7,0.07631554635604108,0.03328158401094694,0.016844893755760537,0.05667322501540184,0.9709505944546686,0.0032016636676157123,0.75,0.016021330976528463,0.003173171957885082,0.01868406235085366,0.015948417620371212
medqa_test_00559,r1-distill-llama-8b,medqa,B,B,True,True,False,10,10,659.8,0.038300243410947954,0.010166341843042003,0.003262876111141855,0.053513675928115845,1.295461844238322,0.08509911226405145,0.95,0.022176819497045044,0.0049183232050442815,0.02642894082164108,0.018852256281119473
medqa_test_00770,r1-distill-llama-8b,medqa,B,B,True,True,False,10,10,934.6,0.08880949381142007,0.048957061483165,0.028674592444978265,0.06615421175956726,0.0,0.007579206581925088,0.9,0.024468088428740275,0.0051375735406170315,0.029035996712809632,0.0246904577720417
medqa_test_00979,r1-distill-llama-8b,medqa,D,A,False,False,False,7,7,2912.5,0.18338082054454286,0.09862857961389919,0.05548744563662221,0.09182503074407578,0.863120568566631,0.9706877700966099,0.8,0.017412497554818926,0.008701655964506226,0.024988791385000854,0.020064194552978094
medqa_test_00399,r1-distill-llama-8b,medqa,B,D,False,True,False,10,10,1781.1,0.06849300713359563,0.0285148561778537,0.013054747111834741,0.10276210308074951,0.4689955935892812,0.9924227653694361,0.9,0.021668670089403385,0.005421453613442444,0.024808145637379025,0.0067056230508867375
medqa_test_00305,r1-distill-llama-8b,medqa,B,D,False,True,False,10,10,1430.8,0.0802242081383581,0.034123207336682136,0.01662673655945508,0.0850437730550766,1.6854752972273346,,0.9,0.023941920716040267,0.006364247574934273,0.028383918778725904,0.010511031521846823
medqa_test_00360,r1-distill-llama-8b,medqa,A,B,False,True,False,10,10,1316.3,0.07291989009583275,0.03216810923804212,0.015194829325350268,0.12115717679262161,1.3609640474436813,0.1192033630284575,0.85,0.022219421103445332,0.0054648692506273615,0.025653261018985636,0.010498626075742722
medqa_test_01141,r1-distill-llama-8b,medqa,C,C,True,True,False,10,10,982.5,0.05493848717579682,0.02414004040519596,0.010177089431456298,0.06016302481293678,0.0,0.5926668548080679,0.9,0.021597081963343208,0.002080594469877571,0.02341824888952928,0.015853665966380652
medqa_test_01008,r1-distill-llama-8b,medqa,E,C,False,True,False,10,10,1231.1,0.037293395872565194,0.01353005501253729,0.00593815767198993,0.10724127292633057,1.295461844238322,0.97732783023914,0.95,0.014322622851136094,0.002814811743861655,0.016004204545944617,0.01319891055851639
medqa_test_01054,r1-distill-llama-8b,medqa,A,D,False,True,False,10,10,1202.9,0.07915604942027779,0.03520485475472931,0.01716666610274018,0.08008937537670135,1.295461844238322,0.29421493245424923,0.9,0.014175957177696864,0.002634810390243203,0.016335281672042998,0.011607172048420532
medqa_test_00690,r1-distill-llama-8b,medqa,B,B,True,True,False,10,10,796.0,0.034136557735272965,0.013809863643408216,0.006250529502902424,0.12720640003681183,0.0,0.14804732882332172,0.95,0.020215169200368123,0.003907805029359754,0.022180191162124174,0.01187014102878761
medqa_test_00020,r1-distill-llama-8b,medqa,C,E,False,True,False,10,10,1499.5,0.13363097263863077,0.06842482078650694,0.03713345668245638,0.07459692656993866,1.3609640474436813,,0.9,0.015174117818141635,0.004690430936372196,0.018558568941219846,0.014968271590798932
medqa_test_01009,r1-distill-llama-8b,medqa,D,D,True,False,False,9,9,3103.3,0.18693587202644313,0.10506671119485338,0.06252365151009397,0.08181123435497284,1.8365916681089791,0.9770224660685572,0.5,0.023085530420991703,0.010471942263470185,0.03183152654563305,0.01099871342156893
medqa_test_00398,r1-distill-llama-8b,medqa,E,D,False,True,False,10,10,1895.7,0.12799468086699495,0.06560508148534064,0.03503304539085032,0.08087467402219772,0.8812908992306927,0.9959298694197815,0.9,0.02057215433052822,0.008792061614149891,0.02823058293957741,0.020734415810477073
medqa_test_01169,r1-distill-llama-8b,medqa,C,C,True,False,False,9,10,1806.4,0.08522105612787884,0.038030615878389816,0.01928913272851841,0.07308333367109299,1.4854752972273344,0.9110316500825402,0.85,0.018248083876946423,0.004871377941239681,0.021261208250025386,0.011239527888848834
medqa_test_00211,r1-distill-llama-8b,medqa,B,D,False,True,False,10,10,1394.9,0.06681850393871419,0.029709440364634233,0.015560947616118027,0.08391206711530685,0.0,0.9902913565805614,0.9,0.01661154380271505,0.005097441955480431,0.02055550708203171,0.010200606104456555
medqa_test_00063,r1-distill-llama-8b,medqa,A,A,True,True,False,10,10,912.6,0.03493878478952578,0.014498593179070174,0.008147720788627844,0.06445442140102386,0.0,0.9999546021381356,0.9,0.017265624110703284,0.0016408082266716028,0.018612227599642234,0.013432833045488998
medqa_test_00425,r1-distill-llama-8b,medqa,C,D,False,True,False,10,10,1284.8,0.09361125183310301,0.046287560862276166,0.025249134429939358,0.07381083071231842,0.8812908992306927,,0.75,0.028365694864182566,0.00668215288788792,0.03374119345300115,0.021036860367583985
medqa_test_00477,r1-distill-llama-8b,medqa,B,E,False,True,False,10,10,2832.6,0.2676775527140123,0.16497854684311744,0.10629709715212994,0.09305167943239212,0.9219280948873623,0.9999810749122964,0.9,0.023987775244099126,0.009455530014572718,0.0326980245212469,0.02243686974159332
medqa_test_01015,r1-distill-llama-8b,medqa,A,A,True,True,False,10,10,1053.8,0.08619205694539278,0.04213347473012043,0.022408876720880176,0.07454792410135269,0.8812908992306927,0.9999898700149474,0.95,0.01465881552345967,0.0035128082693307375,0.0172294753544527,0.010573448236898162
medqa_test_00846,r1-distill-llama-8b,medqa,D,D,True,True,False,10,10,1589.6,0.10042794798337859,0.05063715442383858,0.02520434066670163,0.0950079932808876,0.7219280948873623,1.0,0.95,0.023424747805908117,0.004147187856148814,0.026202594959393248,0.00907406483293678
medqa_test_00417,r1-distill-llama-8b,medqa,A,D,False,True,False,10,10,1446.3,0.07841081191256942,0.03634866625259632,0.01769460668591234,0.08993441611528397,1.1567796494470395,0.9982992778665631,0.95,0.01585042213263971,0.0045061743231361836,0.019779005438949747,0.015559411354861497
medqa_test_01092,r1-distill-llama-8b,medqa,C,B,False,False,False,9,9,1597.1,0.1299861692139969,0.07410687143199576,0.04725126977879569,0.09943497180938721,1.584962500721156,0.0012351570160326283,0.9,0.023069467823678986,0.00434679407795288,0.027006239053336607,0.01589936788405031
medqa_test_01190,r1-distill-llama-8b,medqa,E,E,True,True,False,10,10,831.5,0.06174414521206878,0.028685824002414716,0.015492489585113211,0.0746026337146759,0.0,,0.9,0.014871994093697655,0.0052540783348060385,0.01786688373981931,0.012286688856004943
medqa_test_00219,r1-distill-llama-8b,medqa,A,C,False,True,False,10,10,1060.3,0.03644767449184237,0.015304181645577241,0.006866645899266321,0.05824759975075722,0.0,,0.85,0.027052741078219773,0.0027361867524645467,0.027243927677436757,0.00877825716526889
medqa_test_00156,r1-distill-llama-8b,medqa,B,B,True,True,False,10,10,1480.6,0.08689266044577446,0.043399904168100176,0.02434275537666052,0.06838451325893402,0.8812908992306927,0.43782360112589996,0.95,0.018791748730079477,0.00649235249739597,0.024008325918338205,0.008980779372562522
medqa_test_01055,r1-distill-llama-8b,medqa,C,C,True,False,False,9,10,2793.0,0.21307944836840087,0.13175324021759663,0.08948845360666406,0.10811468958854675,0.9709505944546686,,,0.031353334731465766,0.01585545792736519,0.044353176705347885,0.008321495574819059
medqa_test_00236,r1-distill-llama-8b,medqa,A,A,True,True,False,10,10,766.2,0.038638012203094305,0.014377631790685196,0.00721757638143905,0.06158220022916794,0.0,0.9999957771652436,0.9,0.014251941742481001,0.005117200177755665,0.01840124952759939,0.012787662925242433
medqa_test_01046,r1-distill-llama-8b,medqa,B,B,True,False,False,7,8,2752.4,0.269985395957037,0.17311324671992637,0.11711744317133019,0.07277702540159225,1.2987949406953985,0.04208912575602028,0.95,0.018135088843789886,0.014744825692246718,0.03200115362904353,0.02319483931690884
medqa_test_01114,r1-distill-llama-8b,medqa,D,B,False,True,False,10,10,1490.9,0.0680981958147343,0.028953080753767412,0.013666246020041095,0.07314077019691467,0.0,1.89239698649124e-05,0.9,0.016215541580644952,0.0038773520378168865,0.019047871092642815,0.00882379479286349
medqa_test_00999,r1-distill-llama-8b,medqa,E,E,True,True,False,10,10,1130.0,0.11298478600915307,0.0581526548367284,0.03210779047282007,0.05947158485651016,1.295461844238322,,0.9,0.022812164225848548,0.0077088437044707065,0.029102896754109837,0.019346228698618143
medqa_test_00553,r1-distill-llama-8b,medqa,B,B,True,True,False,10,10,1022.3,0.07920833658284784,0.038955361324816105,0.020926072111642914,0.05559443309903145,0.0,0.14804727787250133,0.9,0.024606951480599885,0.0053280202146433805,0.027825491655932587,0.014370273431141473
medqa_test_01160,r1-distill-llama-8b,medqa,C,C,True,True,False,10,10,884.7,0.05042404760249476,0.022407667469761094,0.010544931952896608,0.06322266906499863,0.4689955935892812,0.9964064031485271,0.95,0.013055997221450141,0.00046806740170584563,0.013290030922303065,0.006423557304366947
medqa_test_00943,r1-distill-llama-8b,medqa,E,E,True,True,False,10,10,868.5,0.10462472301577903,0.05772369795736095,0.03555080720594887,0.06820391118526459,0.7219280948873623,,0.9,0.010999261558215097,0.006502689386534738,0.016566133697828778,0.022673622222505796
medqa_test_00916,r1-distill-llama-8b,medqa,A,A,True,True,False,10,10,1015.8,0.0435715706255166,0.01344648795286344,0.005466123632596331,0.06545443087816238,0.4689955935892812,0.9999938558252609,0.95,0.018050379348138447,0.0017253282744932046,0.01926839292675176,0.00956158692686066
medqa_test_00705,r1-distill-llama-8b,medqa,D,B,False,True,False,10,10,1497.1,0.06802334622454081,0.031471538905921456,0.015864769268070355,0.08529392629861832,1.3709505944546687,0.18242582617785613,0.9,0.018187424803879682,0.004170664943063529,0.021757830120499318,0.01041575546158647
medqa_test_01178,r1-distill-llama-8b,medqa,B,B,True,True,False,10,10,1831.0,0.11280041455178998,0.059975436948553194,0.03275799849966386,0.10337822884321213,1.1567796494470395,0.09535015865120565,0.7,0.018219702304694226,0.009721572032330199,0.024573109120097768,0.00894770910618094
medqa_test_00079,r1-distill-llama-8b,medqa,C,C,True,True,False,10,10,1339.1,0.07418394004981246,0.03598015938130779,0.020113598269593646,0.0770932137966156,0.4689955935892812,0.9947798846562855,0.9,0.017603115023445116,0.0029677076400614908,0.020048728683917733,0.011601497971686758
medqa_test_00450,r1-distill-llama-8b,medqa,B,C,False,False,False,9,9,2163.4,0.10962903532654096,0.054104357575509285,0.028117820201635845,0.09723766148090363,1.836591668108979,0.9999832987156355,0.85,0.031455819564806704,0.011190438494880207,0.03886870434261055,0.012806642994848058
medqa_test_00281,r1-distill-llama-8b,medqa,D,B,False,True,False,10,10,1487.8,0.1421167723317201,0.0847419059883791,0.053440966516028435,0.10386528074741364,0.8812908992306927,0.3208213876842199,0.95,0.014774381703366308,0.008511463791750237,0.021688443938417817,0.01402726603350038
medqa_test_00967,r1-distill-llama-8b,medqa,C,C,True,True,False,10,10,1279.8,0.07378880384899991,0.03431270583634011,0.017734642991445525,0.0968908742070198,1.4854752972273344,0.9465965714234429,0.9,0.022142108030394587,0.0037335231610060664,0.025052550261896556,0.014426351584983427
medqa_test_00641,r1-distill-llama-8b,medqa,A,A,True,True,False,10,10,1230.6,0.055083005168079,0.019834127330661134,0.008695688840518523,0.09347355365753174,0.9219280948873623,0.9999970920857759,0.9,0.016145711786608417,0.003492328587300214,0.01893521230710734,0.010100780650827266
medqa_test_00496,r1-distill-llama-8b,medqa,D,D,True,False,False,7,9,2932.0,0.16888440898318677,0.09286705640369652,0.054617116177767856,0.07758281379938126,0.9864267287308424,0.9399134163293354,0.7,0.019930547688779388,0.008546773286676013,0.02743498152591396,0.0165371310436756
medqa_test_00533,r1-distill-llama-8b,medqa,B,B,True,True,False,10,10,1362.4,0.06861841673209267,0.028805196084719886,0.015050779815149063,0.08473172038793564,0.8812908992306927,0.037326988658487936,0.95,0.015998840341605418,0.005362107335669718,0.019913464234232434,0.012885857747816523
medqa_test_00891,r1-distill-llama-8b,medqa,A,C,False,True,False,10,10,1945.6,0.11374098205344225,0.05752152198591241,0.031516625119365295,0.10361767560243607,1.3709505944546687,0.777717161137555,0.7,0.020810502104912927,0.007931129822472375,0.027363249604567635,0.016090872149373707
medqa_test_00885,r1-distill-llama-8b,medqa,C,B,False,True,False,10,10,2494.6,0.13744204805636695,0.07441439186100668,0.043801756923767345,0.07996787130832672,1.295461844238322,0.20181334565514797,0.9,0.024061121758629143,0.005834133226627251,0.028967139983681424,0.009219145939556483
medqa_test_00253,r1-distill-llama-8b,medqa,D,A,False,True,False,10,10,1838.9,0.11097844317735547,0.060125806939999735,0.03632965354011396,0.1124277338385582,0.8812908992306927,0.9999974387188729,0.9,0.022548324075780286,0.005740152874590812,0.027029415162551872,0.01221046422153317
medqa_test_00265,r1-distill-llama-8b,medqa,E,A,False,False,False,9,10,1770.7,0.10430225447383372,0.05689867964356695,0.03516204552865371,0.09877235442399979,1.295461844238322,1.0,0.75,0.028363275217134144,0.005606215216842765,0.03183350428949116,0.010425308166758454
medqa_test_01094,r1-distill-llama-8b,medqa,C,B,False,True,False,10,10,1613.0,0.08579072149821186,0.03585226718794635,0.016480421793524557,0.09664356708526611,2.246439344671016,0.11920419170867921,0.9,0.013620181353826968,0.0041673691281852564,0.016436505802782952,0.009161290537798766
medqa_test_01147,r1-distill-llama-8b,medqa,A,C,False,True,False,10,10,1017.3,0.06634485218543189,0.025350738692608166,0.010658928456804061,0.07822296768426895,1.5709505944546687,,0.9,0.023431543285501327,0.002420770501103245,0.025299214960888456,0.019388832885661334
medqa_test_00162,r1-distill-llama-8b,medqa,D,D,True,True,False,10,10,897.7,0.043269387358589005,0.01951642421146148,0.00955434898736145,0.08965893089771271,0.0,,1.0,0.014009212827341886,0.004373074054814747,0.01576197708665656,0.00901126602484768
medqa_test_00456,r1-distill-llama-8b,medqa,B,B,True,True,False,10,10,1409.3,0.09150881173137804,0.041063785839102585,0.02201239268421956,0.05083455890417099,1.5219280948873621,0.9046626011723431,0.9,0.02047111312590589,0.0028162708519196052,0.022656870595973842,0.012338909291161312
medqa_test_00732,r1-distill-llama-8b,medqa,B,A,False,True,False,10,10,1339.8,0.04813518957178907,0.018861889024920985,0.006367735980811884,0.07861124724149704,0.0,0.06766089896131758,0.9,0.015426361141955124,0.0013207025164135647,0.016377773617800163,0.00841514462359406
medqa_test_00436,r1-distill-llama-8b,medqa,C,C,True,True,False,10,10,1566.4,0.09289622609274781,0.04545626830207052,0.024074056966696854,0.09134957939386368,0.4689955935892812,,0.95,0.021140333998206508,0.005894026951334473,0.02583800073429097,0.014366227102117332
medqa_test_00516,r1-distill-llama-8b,medqa,E,E,True,True,False,10,10,2342.8,0.20282325372003712,0.11797915306056095,0.07400203379024459,0.05351652577519417,0.8812908992306927,0.0,0.95,0.020964576804523814,0.006980761583707392,0.026728627232944595,0.015937750988693513
medqa_test_00627,r1-distill-llama-8b,medqa,D,D,True,True,False,10,10,1624.3,0.11208308488454269,0.05537724153938587,0.029103551697785602,0.07235576957464218,1.8464393446710154,0.9978188292176601,0.9,0.017565059483054275,0.004774424257792791,0.021383931838719887,0.013693158341389492
medqa_test_00453,r1-distill-llama-8b,medqa,C,C,True,True,False,10,10,1202.8,0.057039097911820824,0.02475765262312154,0.011688482955085788,0.08337040990591049,0.4689955935892812,0.9796675421885949,0.95,0.01636020148702232,0.002233951541590016,0.01724169105072988,0.005683210884367547
medqa_test_00324,r1-distill-llama-8b,medqa,A,A,True,True,False,10,9,995.0,0.03877305873652066,0.013197135869855946,0.004422359663208508,0.08149739354848862,0.5032583347756457,0.9999832985796197,0.95,0.01608052106921736,0.0024612681007717165,0.01761608298313605,0.011035568069985579
medqa_test_01115,r1-distill-llama-8b,medqa,E,E,True,True,False,10,10,1364.3,0.07134199781549473,0.030351832688678894,0.015680793339403608,0.07373326271772385,0.9709505944546686,,0.9,0.01724301841381581,0.0033131093398610346,0.019801564594629024,0.00927471040158853
medqa_test_00572,r1-distill-llama-8b,medqa,C,C,True,True,False,10,10,1612.1,0.10626490012305631,0.050103957959039505,0.025974180895635756,0.07873846590518951,1.0,0.99875987514342,0.9,0.029072730916413585,0.0099110697058657,0.036930811949415165,0.011776029723962512
medqa_test_01004,r1-distill-llama-8b,medqa,D,D,True,True,False,10,10,1623.4,0.05986251742195786,0.023751783558899175,0.011146833639882225,0.07469933480024338,0.8812908992306927,,0.95,0.01612522139165721,0.00243435507763604,0.018390142538593342,0.009958795154469045
medqa_test_01082,r1-distill-llama-8b,medqa,C,C,True,True,False,10,10,918.6,0.0636724825756907,0.028799915488436446,0.013775048226401899,0.07888182252645493,0.0,0.9149006418235542,0.95,0.01398172833125599,0.0011692533407825733,0.01504357028643169,0.006855619659743221
medqa_test_00136,r1-distill-llama-8b,medqa,D,D,True,True,False,10,10,911.1,0.06345934187860276,0.02763614042586123,0.012601212388451544,0.07827983796596527,0.4689955935892812,0.8933092401645121,0.9,0.01750503158022634,0.0018386308619793331,0.0187739201218642,0.014397266224603328
medqa_test_00467,r1-distill-llama-8b,medqa,E,E,True,False,True,9,9,2857.6,0.2698673074743288,0.17030589041356728,0.1145268359056204,0.08647332340478897,1.3516441151533922,,0.9,0.014580612952616579,0.008577110503593546,0.02210172095195117,0.016196951041733233
medqa_test_01060,r1-distill-llama-8b,medqa,D,B,False,False,False,8,8,2910.9,0.15647390947576428,0.08623095120842413,0.04851787696321336,0.10708148777484894,1.4056390622295665,0.04742623800626522,0.95,0.02028635917652969,0.007084542138229763,0.025999036706354884,0.01543971086701484
medqa_test_00869,r1-distill-llama-8b,medqa,A,D,False,False,True,2,2,3796.6,0.3537034246010849,0.24335644650944785,0.17220003512225904,0.043193574994802475,0.0,0.9999996942140833,0.3,0.011355589206673112,0.011773853239593911,0.022678983477087473,0.02006400767422851
medqa_test_01049,r1-distill-llama-8b,medqa,C,D,False,True,False,10,9,929.5,0.09833143381799588,0.05123149451081984,0.02743039058068396,0.0655975416302681,0.9910760598382222,0.9890129539335877,0.9,0.022098874171722255,0.007514048356048776,0.027416400367221642,0.016386220983392798
medqa_test_01165,r1-distill-llama-8b,medqa,B,B,True,True,False,10,10,1958.4,0.09734298010586512,0.053025621256029346,0.03103054067694082,0.1090603619813919,1.1567796494470395,0.017986321374883908,0.95,0.012414190724031927,0.003503416147094178,0.015014206189687226,0.01060529169962966
medqa_test_00475,r1-distill-llama-8b,medqa,D,,,False,True,8,9,2493.7,0.18937761652671598,0.11170200272081396,0.06918255997151421,0.10486776381731033,1.8910611120726526,0.9998601778992448,0.01,0.02010368426603747,0.006105639534246217,0.02570130341842266,0.010686491498799605
medqa_test_00530,r1-distill-llama-8b,medqa,A,A,True,True,False,10,10,1882.2,0.15632354081701155,0.08646089203832465,0.052203662800766125,0.11137716472148895,0.7219280948873623,0.999978555047478,0.9,0.02430937571386069,0.006843403853930391,0.030010236089359855,0.01099158532028511
medqa_test_00180,r1-distill-llama-8b,medqa,B,A,False,False,False,9,9,2137.5,0.12299253122560212,0.06382887701463572,0.03492809831391136,0.10171913355588913,0.9910760598382222,0.9999996940977677,0.9,0.011780346250479731,0.00486143895489404,0.016101953847677906,0.012995934306554288
medqa_test_01162,r1-distill-llama-8b,medqa,E,C,False,True,False,10,10,1622.1,0.20861554691577444,0.11165408155793717,0.0659542411606499,0.06813846528530121,0.9709505944546686,0.9999339478423509,0.9,0.012895584783834036,0.007177019197839647,0.019309019080729743,0.012551592490302332
medqa_test_01221,r1-distill-llama-8b,medqa,B,C,False,True,False,10,10,1517.0,0.1248657146210326,0.06457707851539042,0.03629288063532439,0.0700543001294136,1.360964047443681,0.5926668001359926,0.9,0.015349780578166128,0.00504421540756205,0.01964595546030894,0.01035889650723416
medqa_test_00915,r1-distill-llama-8b,medqa,A,A,True,False,False,9,9,1772.7,0.17235946164354496,0.11748104121351935,0.08702410252543245,0.10894691944122314,1.3921472236645345,0.9999998257021657,0.9,0.028787166090445054,0.008320148703675267,0.03347323480838414,0.014777318429600408
medqa_test_00005,r1-distill-llama-8b,medqa,E,B,False,False,True,10,10,1536.5,0.10306253191341574,0.04854043701087942,0.026777071483320945,0.09417353570461273,0.9219280948873623,0.03308601523072135,0.9,0.018394715548968713,0.004601851610760256,0.02236589330367983,0.011280905640642208
medqa_test_00671,r1-distill-llama-8b,medqa,B,B,True,True,False,10,10,1312.7,0.09796200624202686,0.05014843319741239,0.0280052929826493,0.09088657051324844,0.4689955935892812,0.29421510218918284,0.95,0.018721583733377064,0.0047218444003823985,0.02270364326622969,0.01347483373064039
medqa_test_01243,r1-distill-llama-8b,medqa,E,C,False,True,False,10,10,1026.3,0.06051645142512959,0.0257261674503369,0.011878278531884357,0.08178766816854477,1.1567796494470395,0.9579121743019582,0.85,0.017862238552707417,0.003665750701278764,0.02031459948399235,0.011355213612485811
medqa_test_00249,r1-distill-llama-8b,medqa,B,B,True,False,False,8,8,2291.6,0.16222225100653143,0.08946314402612017,0.052066884921836976,0.06323157995939255,0.5435644431995964,0.022977363050862655,0.9,0.008706806911715926,0.010235293948687201,0.018310370264786217,0.02075943755919138
medqa_test_00800,r1-distill-llama-8b,medqa,C,C,True,True,False,10,10,885.3,0.06028046092293955,0.02861295451175557,0.015415539641943532,0.06591745465993881,0.8812908992306927,,0.95,0.01758056246447615,0.006256891140061048,0.022511542422116518,0.01131050028712689
medqa_test_00506,r1-distill-llama-8b,medqa,A,A,True,True,False,10,10,1301.6,0.09998687706464279,0.06133497256325321,0.0462848570719276,0.0945768877863884,0.4689955935892812,0.9999980052698307,0.85,0.030944265650391163,0.005399568250104611,0.035002590413312176,0.012436411008508346
medqa_test_01220,r1-distill-llama-8b,medqa,A,B,False,True,False,10,10,2061.5,0.15545250340399233,0.08443304160068597,0.04619206114708091,0.12995408475399017,0.8812908992306927,0.029312326383391176,0.9,0.02063315481077336,0.00925112413482767,0.02794856564026945,0.011713336862354836
medqa_test_00199,r1-distill-llama-8b,medqa,D,C,False,True,False,10,10,1293.2,0.07334545049877975,0.030496067688463257,0.013098608227674224,0.1144014373421669,1.6854752972273346,,0.95,0.02388878873547587,0.006227853227693804,0.02803493508582285,0.008019379422271346
medqa_test_00589,r1-distill-llama-8b,medqa,E,C,False,True,False,10,10,1421.0,0.14756537025774735,0.08313427165879976,0.051115688385179624,0.09667320549488068,2.1219280948873624,,0.9,0.01693313346959613,0.006669533613802922,0.02240737165866165,0.012950399060887496
medqa_test_01183,r1-distill-llama-8b,medqa,C,A,False,True,False,10,10,1575.8,0.0693800219767621,0.030939972992431775,0.015020021493110847,0.07564160972833633,0.4689955935892812,0.9999991684721706,0.9,0.019816332747834182,0.004269577973294815,0.023019881745085558,0.012499193755325875
medqa_test_00424,r1-distill-llama-8b,medqa,C,C,True,True,False,10,10,1552.6,0.15744789171967585,0.08985581770359902,0.05263247140847847,0.09737072885036469,1.3609640474436813,0.9995696281157733,0.9,0.02342620372647857,0.011425999215550322,0.032123330512461155,0.015980190920987014
medqa_test_01217,r1-distill-llama-8b,medqa,E,E,True,True,False,10,10,1489.9,0.10297131786583469,0.050553426843139834,0.02643857041114287,0.1108052134513855,1.5219280948873621,0.9914225218677595,0.85,0.02129199883130615,0.00596097691413257,0.026285918344956437,0.010058586571429603
medqa_test_01063,r1-distill-llama-8b,medqa,D,D,True,True,False,10,10,1256.4,0.0775341234199477,0.04222917690097393,0.025744070859546952,0.09912827610969543,0.7219280948873623,1.0,0.9,0.014407462446932261,0.007077374221178487,0.01970878198727622,0.017519649349437654
medqa_test_00625,r1-distill-llama-8b,medqa,C,D,False,False,False,6,9,3749.3,0.25766457416125277,0.1593030454483129,0.1022058565284147,0.053651634603738785,1.6577427265048887,,0.9,0.022389869645850092,0.010452029665318297,0.031160342992447954,0.01798478326621847
medqa_test_00486,r1-distill-llama-8b,medqa,C,C,True,True,False,10,10,932.2,0.042369775045848004,0.015014584089290729,0.007109768259394478,0.08870411664247513,1.4854752972273344,0.9964064005790392,0.95,0.019675390304426426,0.0016656215278522326,0.020686506823493996,0.011763860719092448
medqa_test_01229,r1-distill-llama-8b,medqa,D,D,True,False,False,9,10,2631.5,0.17217449565483248,0.09433619243195823,0.053545300807327736,0.1044074147939682,1.5709505944546687,0.9999251547771761,0.9,0.01730256329385636,0.008330818486879336,0.024783377168484465,0.01259510119974556
medqa_test_00047,r1-distill-llama-8b,medqa,A,A,True,True,False,10,10,1152.0,0.07825729879296149,0.033689636946068434,0.014355064436789211,0.06241913512349129,0.4689955935892812,0.9999916051208887,0.85,0.015090134698770227,0.0019920843979368942,0.016862415107319572,0.008087442218637239
medqa_test_00838,r1-distill-llama-8b,medqa,A,A,True,True,False,10,10,1000.1,0.049038398068948295,0.02184707706438993,0.010541694229748665,0.06940919905900955,0.9709505944546686,0.999995782106565,0.95,0.013940205962632218,0.0024739867036627713,0.015943458971008677,0.005609158309567881
medqa_test_00150,r1-distill-llama-8b,medqa,A,A,True,True,False,10,10,1671.0,0.06986618549687772,0.029117029067242783,0.014054288622959654,0.08777520060539246,1.0,1.0,0.95,0.01506755605347907,0.0021222929185816517,0.016637517675900583,0.007335774925651013
medqa_test_00203,r1-distill-llama-8b,medqa,A,B,False,True,False,10,10,1271.2,0.04604380896392163,0.01722782842378754,0.007201957476726051,0.11698750406503677,1.1567796494470395,0.2942153256055815,0.5,0.017113867991774435,0.004605711962377847,0.020136453327188025,0.006051223468277853
medqa_test_00230,r1-distill-llama-8b,medqa,C,C,True,True,False,10,10,1092.9,0.06509850512560623,0.02496649669487778,0.009098546688326714,0.07689028978347778,0.0,0.9241412100554751,0.95,0.013085118315910305,0.00406171974910002,0.016203399181711455,0.010439773739435209
medqa_test_01023,r1-distill-llama-8b,medqa,D,A,False,True,False,10,10,1758.2,0.09586497867890645,0.04884023927034725,0.028169562096951005,0.1118064746260643,0.9709505944546686,0.999999463124816,0.95,0.011403881124972632,0.004012622058293442,0.014741047468861578,0.008788596734385375
medqa_test_00688,r1-distill-llama-8b,medqa,A,,,False,True,9,9,1987.9,0.13314564598082254,0.07688548770765347,0.04835277000098185,0.10462580621242523,0.9182958340544896,,0.7,0.019273986068502065,0.008067364267391162,0.025212458585037144,0.013869407060186792
medqa_test_01019,r1-distill-llama-8b,medqa,A,A,True,False,False,9,9,2170.7,0.2340316930474054,0.16582148280045464,0.12573383776190164,0.11960878223180771,0.7642045065086203,1.0,0.9,0.0223600157878669,0.009817838811887579,0.030828210665493218,0.02449441402539688
medqa_test_00095,r1-distill-llama-8b,medqa,D,,,False,True,9,9,2506.6,0.21975857273333052,0.14174831580667263,0.09460607989701617,0.09606065601110458,0.5032583347756457,0.9149009607937928,0.4,0.022595986356969584,0.009244618393719078,0.031123374648315588,0.017204745530522862
medqa_test_00343,r1-distill-llama-8b,medqa,B,B,True,True,False,10,10,1403.9,0.1702759743454269,0.08823302983396754,0.04466517684496739,0.09388499706983566,2.121928094887362,0.0,0.9,0.021986163068375822,0.008618308489539376,0.02946090664433552,0.014061468401196143
medqa_test_00981,r1-distill-llama-8b,medqa,D,E,False,True,False,10,10,1136.6,0.06270727016177172,0.02790504199684124,0.011492569459873791,0.07418596744537354,0.9709505944546686,,0.95,0.01676019885405333,0.00565987716581551,0.020963305571828853,0.015366865424956324
medqa_test_00648,r1-distill-llama-8b,medqa,A,A,True,True,False,10,10,861.6,0.05271252157780172,0.022339227869724042,0.010212798105727172,0.05430452525615692,0.7219280948873623,0.9999993916410662,0.95,0.013693965161769336,0.005573922329564777,0.01865346220636819,0.01397308668896528
medqa_test_00756,r1-distill-llama-8b,medqa,C,C,True,True,False,10,10,904.3,0.048731814702815214,0.017959583039823812,0.0069456919572427386,0.07265731692314148,0.4689955935892812,,0.8,0.02082884930569249,0.0077389449013270575,0.02464661955263179,0.009701042021675443
medqa_test_00527,r1-distill-llama-8b,medqa,A,A,True,False,False,8,9,2158.8,0.10689391033042954,0.05608832702019902,0.03174931653327333,0.12284451723098755,1.224394445405986,0.9999962733601732,0.95,0.017431349617699966,0.004855333055865302,0.021460480305316623,0.0134340623664189
medqa_test_00290,r1-distill-llama-8b,medqa,B,D,False,True,False,10,10,1657.2,0.21984159385291555,0.13677259175308154,0.08783418678011311,0.07488290220499039,1.3567796494470397,,0.95,0.01210401338319844,0.007432494026703179,0.01814209145884484,0.022010214609456614
medqa_test_00086,r1-distill-llama-8b,medqa,C,C,True,True,False,10,10,1229.9,0.05769147185806195,0.025191491109342278,0.0121864960595931,0.08084941655397415,0.7219280948873623,,0.9,0.01855591987761835,0.001555814821589413,0.019830406081952263,0.010663838868485891
medqa_test_00674,r1-distill-llama-8b,medqa,B,B,True,True,False,10,10,834.4,0.0467238555787063,0.015786957072064057,0.005856636674545912,0.04903316870331764,0.0,0.2450855305995728,0.9,0.008541883898538204,0.002665804155362218,0.010860276417851568,0.01480157166992516
medqa_test_00173,r1-distill-llama-8b,medqa,A,C,False,False,False,3,7,3605.0,0.2803834207268091,0.18140024315242162,0.1209653595318561,0.08547738939523697,1.8423709931771084,0.999995214910669,,0.021039991436221362,0.011865412235641434,0.031540571719020624,0.0204009989540908
medqa_test_01040,r1-distill-llama-8b,medqa,B,E,False,False,False,9,9,2700.6,0.14163408591481935,0.07603218659881292,0.04341890949398114,0.11420644074678421,1.5304930567574824,0.9840936121435752,0.9,0.02320223695451611,0.007351598231530291,0.029184684665361248,0.009714948612694169
medqa_test_01156,r1-distill-llama-8b,medqa,C,E,False,True,False,10,10,2096.0,0.09800859992174464,0.04436180194347585,0.021539966312750312,0.11914175748825073,1.7709505944546688,,0.85,0.02170351669871872,0.005386996876973359,0.024189264431546238,0.010163685079491346
medqa_test_00948,r1-distill-llama-8b,medqa,D,D,True,True,False,10,10,1834.1,0.10962358617647441,0.05860303412281955,0.03149375873733843,0.06822161376476288,1.1567796494470395,0.9999921107355334,0.95,0.014672771829918562,0.004846903121526424,0.01904247068622897,0.012766496503950323
medqa_test_00993,r1-distill-llama-8b,medqa,A,C,False,True,False,10,10,1804.6,0.09498181868648845,0.043505777274091405,0.02272713421486906,0.10203346610069275,0.9219280948873623,,0.95,0.021747878547336556,0.0038320373398220637,0.024694949486779263,0.008037527842179964
medqa_test_00721,r1-distill-llama-8b,medqa,B,B,True,True,False,10,10,1662.9,0.19341106564068397,0.11435790649994512,0.07522295567827472,0.11062301695346832,1.5709505944546684,0.029312353437575735,0.9,0.02100856439733628,0.009005139907039784,0.02791448278805526,0.015219249431506873
medqa_test_00881,r1-distill-llama-8b,medqa,A,A,True,True,False,10,10,1298.5,0.0724351956998163,0.030703979074334996,0.014555164378287178,0.07196398824453354,1.360964047443681,0.023018078424843227,0.9,0.020901992329453483,0.004870167417094359,0.02392424784269688,0.009223779311458841
medqa_test_01214,r1-distill-llama-8b,medqa,A,D,False,False,False,9,9,2063.0,0.10142426510003504,0.048453080206156095,0.02499106055126893,0.09729979932308197,1.3516441151533922,0.9859362246485698,0.75,0.02198821633532249,0.00635388335470036,0.026836720811253312,0.01422432900276525
medqa_test_00329,r1-distill-llama-8b,medqa,B,B,True,True,False,10,10,1288.6,0.06385459434167438,0.02682416312865952,0.01352098164665233,0.06366962194442749,0.9709505944546686,0.0953495255258534,0.9,0.017204912963612273,0.0035210648082327433,0.019646347089763185,0.010300136316665227
medqa_test_00670,r1-distill-llama-8b,medqa,E,E,True,True,False,10,10,1418.8,0.12666022063344093,0.07398380244385874,0.04767055995745999,0.09330303221940994,1.9219280948873623,1.0,0.5,0.025298775061243395,0.011377010684323223,0.033304073559972225,0.012655602398191856
medqa_test_00621,r1-distill-llama-8b,medqa,E,B,False,True,False,10,10,1273.8,0.09135929526239975,0.04409889202701265,0.024034830876505896,0.05552290752530098,0.9219280948873623,0.0953495733947305,0.95,0.02220210651198908,0.003700516732692175,0.024898218695601004,0.012623110704833254
medqa_test_01017,r1-distill-llama-8b,medqa,E,B,False,True,False,10,10,1254.2,0.07046051365471928,0.02831698474788339,0.011859070774190161,0.11213778704404831,1.3609640474436813,0.08509918710219223,0.95,0.01718696291125832,0.0030282702493391904,0.019164860992852382,0.008753314224393061
medqa_test_01051,r1-distill-llama-8b,medqa,D,D,True,False,True,5,7,3140.9,0.22185206337061944,0.1330251118629196,0.0873473382982354,0.0736151933670044,1.1488348542809166,,0.9,0.013956806498722902,0.013828323148592711,0.02682607353009882,0.016242104539586945
medqa_test_00856,r1-distill-llama-8b,medqa,D,,,False,True,8,10,2527.5,0.20660255711867034,0.13291644335845165,0.09060935098897481,0.12385614961385727,1.6854752972273346,0.9999928228813447,,0.026454342435668667,0.010806662811842714,0.0354531226164285,0.015662173543133467
medqa_test_00293,r1-distill-llama-8b,medqa,A,C,False,True,False,10,10,1142.1,0.05362475157510634,0.019291375224038853,0.006716321334416919,0.08833931386470795,0.9219280948873623,0.957911945751943,0.95,0.016859713031534697,0.003823766127373114,0.019912364609831708,0.013217861033109509
medqa_test_00311,r1-distill-llama-8b,medqa,D,D,True,True,False,10,10,967.7,0.050635561985621455,0.02091391829607433,0.008648835173670632,0.08386744558811188,0.0,0.0,0.9,0.020583184473607546,0.004367724751305835,0.021984174503567343,0.011317867854499328
medqa_test_00000,r1-distill-llama-8b,medqa,C,,,False,True,10,10,2281.2,0.3057996297289233,0.20176113848547791,0.1348818737095983,0.07399533689022064,0.9709505944546686,0.9999921107435612,0.85,0.03336399816589739,0.008051286473237176,0.04014032684569641,0.024794729449026328
medqa_test_00561,r1-distill-llama-8b,medqa,D,D,True,True,False,10,10,1153.2,0.052009282790035895,0.02237911470862587,0.01124871874577279,0.07050362974405289,0.0,0.9999999993713833,0.9,0.016433943106864392,0.0010810757386265602,0.017021612920067698,0.009401690310845872
medqa_test_00415,r1-distill-llama-8b,medqa,E,,,False,True,4,4,3749.1,0.3182113234478683,0.2139493407001553,0.14922758037608946,0.1007346585392952,1.5,0.9999999531085646,,0.014719000647436375,0.011454869916564189,0.02546637463012642,0.019743446489182928
medqa_test_00308,r1-distill-llama-8b,medqa,C,C,True,True,False,10,10,1152.9,0.0765178575032634,0.036808736296790066,0.022607156173739384,0.08678602427244186,0.4689955935892812,0.9999991148646582,,0.019761367234281964,0.010305251539240586,0.0293205779772868,0.026476910667983557
medqa_test_00582,r1-distill-llama-8b,medqa,E,E,True,True,False,10,10,1326.4,0.1014923079902802,0.05352471021869694,0.03067502421896672,0.09548760205507278,0.9219280948873623,0.99997855504391,0.9,0.01725582498184898,0.007543379118259835,0.02253025750270797,0.01525901547199696
medqa_test_00630,r1-distill-llama-8b,medqa,E,B,False,False,False,9,9,2489.2,0.19864309516684292,0.11929589565937238,0.07383946700315426,0.08593440800905228,0.5032583347756457,0.22270031905359522,0.9,0.021913015633148375,0.010631308523724028,0.030525962304356523,0.0234210390932797
medqa_test_01264,r1-distill-llama-8b,medqa,B,B,True,True,False,10,10,2249.0,0.11392188033688004,0.05923957548417015,0.03293829842050605,0.10468184947967529,1.6854752972273346,0.22270071328337301,0.95,0.028695205315196697,0.008829048677245207,0.03579508238703605,0.008388475564558455
medqa_test_00693,r1-distill-llama-8b,medqa,C,E,False,True,False,10,10,1320.2,0.06537732652878606,0.02879881077714582,0.014410953643362645,0.0738963931798935,0.7219280948873623,,0.8,0.02397229609956774,0.0067956752866405856,0.029183946579663878,0.010506309576332584
medqa_test_00388,r1-distill-llama-8b,medqa,C,C,True,True,False,10,10,1234.7,0.05009379923261682,0.021763991245355708,0.00968828710042945,0.07856924086809158,0.4689955935892812,,0.75,0.01926405894196996,0.00181810215001408,0.02058002038816393,0.013528524911757905
medqa_test_00914,r1-distill-llama-8b,medqa,D,A,False,False,False,9,10,2430.8,0.1921480789418381,0.11297349623077904,0.07047287946140043,0.07346606254577637,1.6854752972273346,0.999994577781465,0.7,0.018603577842175322,0.010485886565955043,0.026607912649794212,0.018333983974203903
medqa_test_00430,r1-distill-llama-8b,medqa,B,B,True,True,False,10,10,1044.1,0.06269432686345736,0.024653656996144968,0.00809950006069594,0.0719638392329216,0.0,0.09534980121520564,0.95,0.013473011174210658,0.00187849653261972,0.015289472967376283,0.013767813934391734
medqa_test_00196,r1-distill-llama-8b,medqa,A,,,False,True,9,9,1915.1,0.1678904071389049,0.09499551935704745,0.0592588985402435,0.0703902542591095,0.5032583347756457,,0.7,0.015681298725198724,0.008517925958269312,0.023271083929260663,0.016150817070145422
medqa_test_00863,r1-distill-llama-8b,medqa,A,D,False,False,False,8,8,3901.4,0.214082109327341,0.1260465569379899,0.07797196750961015,0.07854072004556656,1.5487949406953985,0.9400531673344606,0.8,0.03177545986390025,0.011452471724888568,0.04197417071757099,0.01589086992067921
medqa_test_01097,r1-distill-llama-8b,medqa,C,C,True,True,False,10,10,931.0,0.043557318877503005,0.01828416064174393,0.008862789382411963,0.06748305261135101,0.4689955935892812,0.9914225214239386,0.9,0.011367677638689722,0.0009063335827287232,0.012027897780489905,0.008092294672516098
medqa_test_00302,r1-distill-llama-8b,medqa,A,A,True,True,False,10,10,1228.0,0.060898154716111055,0.02382095136112543,0.011045403221037087,0.06899495422840118,0.9219280948873623,0.9999967112503365,0.9,0.015804376688164812,0.005648080223641824,0.01944285298848155,0.008863206967835519
medqa_test_00713,r1-distill-llama-8b,medqa,A,A,True,True,False,10,10,1192.4,0.05850535407874834,0.02375487341277486,0.011316149246976371,0.0721973106265068,0.0,0.9999938558277082,0.95,0.012024944192660158,0.004238634337651719,0.015773367613533807,0.018239349237851914
medqa_test_00412,r1-distill-llama-8b,medqa,A,A,True,True,False,10,10,1953.8,0.07912465104550395,0.03517581613863846,0.0166996311184211,0.07870972156524658,0.4689955935892812,0.999968798086487,0.9,0.019087631272730807,0.0029107513394398743,0.021391831786683257,0.009577041498840312
medqa_test_01199,r1-distill-llama-8b,medqa,A,A,True,True,False,10,10,1611.0,0.08801161793297588,0.04461787786750383,0.025068961609102193,0.08603060245513916,0.8812908992306927,0.9995121429612658,0.9,0.026419403701741017,0.011289263214985917,0.035912672489676264,0.009198997471458269
medqa_test_00418,r1-distill-llama-8b,medqa,D,D,True,True,False,10,10,1494.4,0.09188916227150704,0.04821330551672061,0.027280577956247144,0.09419350326061249,0.0,,0.95,0.018288407794571266,0.003684735757515663,0.02097084480986948,0.016999428109080436
medqa_test_00935,r1-distill-llama-8b,medqa,A,,,False,True,7,10,2980.4,0.28263126521373233,0.19026983691852387,0.12971808766539156,0.07825053483247757,1.1567796494470395,0.9999852614245264,,0.019831102854921127,0.011093209759277077,0.029119629306317278,0.021474583943820236
medqa_test_00316,r1-distill-llama-8b,medqa,A,E,False,True,False,10,10,2271.4,0.15747205224528202,0.08202339165658043,0.04534332651513393,0.08223360031843185,1.9219280948873623,0.9667414667882623,0.9,0.0273862058985725,0.0104505889781244,0.03579499609541231,0.012791064665733026
medqa_test_00519,r1-distill-llama-8b,medqa,D,B,False,True,False,10,10,1233.3,0.0889564753150181,0.039832160622401004,0.019342355133643362,0.07066215574741364,0.0,0.01406383465899091,0.95,0.018287595995724736,0.002346797793769973,0.019920249304442555,0.013501840190563701
medqa_test_00961,r1-distill-llama-8b,medqa,A,D,False,True,False,10,10,1472.2,0.08454509101243429,0.038159244294749914,0.01800917929153385,0.051908280700445175,0.8812908992306927,0.9796676807019089,0.7,0.028229883120559095,0.00730263144206367,0.03349161622636915,0.015542524630476109
medqa_test_00737,r1-distill-llama-8b,medqa,D,E,False,True,False,10,10,1976.1,0.15599310871747746,0.08348094417538779,0.04800230758823899,0.08025304228067398,0.9709505944546686,0.9984021541731787,0.9,0.017981075945576734,0.010119967572952646,0.026779782064243706,0.0137929787658293
medqa_test_00127,r1-distill-llama-8b,medqa,D,D,True,True,False,10,10,891.9,0.05718535406523043,0.028220535613115005,0.017823408403646414,0.10362061113119125,0.0,0.9999916021043683,0.95,0.011283833465947097,0.0043584460183387725,0.014414126787219077,0.012452831236984669
medqa_test_00922,r1-distill-llama-8b,medqa,A,D,False,True,False,10,10,1474.4,0.07546007067957303,0.031475541427715206,0.015424353539636193,0.09750724583864212,1.5709505944546684,0.9940889369686154,0.9,0.015763993027930728,0.0024054050372004196,0.017215646544456127,0.010099883724896942
medqa_test_00784,r1-distill-llama-8b,medqa,B,B,True,True,False,10,10,1024.8,0.06465329623616925,0.02835491980236977,0.011522735230615722,0.06930698454380035,0.4689955935892812,0.06008694053053997,0.95,0.014285052246722756,0.003926259795124247,0.017880129166110967,0.017588894865630988
medqa_test_01102,r1-distill-llama-8b,medqa,D,E,False,True,False,10,10,1578.9,0.07805584007045827,0.033135756700022424,0.01583969770160485,0.10841242223978043,1.5709505944546684,,0.95,0.02111411611000147,0.0050543030873881995,0.02470663078760397,0.012763335254663255
medqa_test_01109,r1-distill-llama-8b,medqa,B,B,True,True,False,10,10,1483.7,0.046542507444239156,0.02132080249223971,0.012098351475063208,0.11106249690055847,0.7219280948873623,0.2018135930835313,0.95,0.00826163747499119,0.003037950182643784,0.010391277632379788,0.009883941518305583
medqa_test_00680,r1-distill-llama-8b,medqa,E,E,True,True,False,10,10,936.5,0.05682726047280158,0.02776912505423761,0.0175572032010728,0.08249486982822418,1.295461844238322,7.734426836770766e-08,0.95,0.016577179301973704,0.005197150543753159,0.021077916511038127,0.01867010085377942
medqa_test_00930,r1-distill-llama-8b,medqa,A,D,False,False,False,8,9,2948.9,0.21485371751349627,0.1344218569378683,0.0889955983096071,0.07583927363157272,1.6577427265048887,,0.9,0.022572769171858582,0.011267107025712184,0.032474625683451594,0.015417982621444379
medqa_test_00441,r1-distill-llama-8b,medqa,D,D,True,True,False,10,10,1279.2,0.06974444696860416,0.029678062126693095,0.01449350953970464,0.09168020635843277,1.0,,0.9,0.017221415987839255,0.007075341166192406,0.022451661760087522,0.008154338380792658
medqa_test_00372,r1-distill-llama-8b,medqa,E,B,False,True,False,10,10,1062.2,0.05921303856175105,0.027769689052192893,0.013446664603095737,0.07889484614133835,0.9709505944546686,0.029312281859328708,0.9,0.017421692043394315,0.0028706661302055647,0.018934828350078776,0.009804327307795837
medqa_test_01061,r1-distill-llama-8b,medqa,E,E,True,True,False,10,10,1295.0,0.055091996433127934,0.021775397313424226,0.00933360560106571,0.06855679303407669,0.0,0.9933071517523338,0.9,0.020910871973760327,0.004712660883925435,0.02424187441204786,0.008270781994816383
medqa_test_00686,r1-distill-llama-8b,medqa,A,A,True,True,False,10,10,2182.9,0.1471461717382999,0.07718019704416153,0.04362521726264122,0.08232977986335754,0.4689955935892812,1.0,0.9,0.014331463295224483,0.007380688985042487,0.02029408035821559,0.014624824820239921
medqa_test_00925,r1-distill-llama-8b,medqa,C,C,True,True,False,10,10,1453.6,0.08918910476134498,0.04677868633857314,0.026034070328631365,0.10752713680267334,1.1567796494470395,0.9859365175698344,1.0,0.021668490201335953,0.007120804263139819,0.027069598536367683,0.012438934056489064
medqa_test_00992,r1-distill-llama-8b,medqa,E,E,True,True,False,10,10,1251.0,0.10822327529962972,0.05450627275359492,0.027938800373195304,0.05630229413509369,0.0,0.9996200156437298,0.9,0.027750681094696895,0.0030239711334360563,0.030265911371423603,0.01323854483870976
medqa_test_00736,r1-distill-llama-8b,medqa,A,A,True,True,False,10,10,1008.1,0.09386268388450804,0.05823552165343639,0.04054749313224484,0.07350489497184753,0.4689955935892812,0.9999998024947061,0.85,0.02294334106342565,0.005886515200634372,0.027086220172592858,0.017982119978930636
medqa_test_00904,r1-distill-llama-8b,medqa,C,C,True,True,False,10,10,1418.7,0.0979465052692283,0.04986560230942381,0.02589758759719336,0.10996419936418533,1.5709505944546687,,0.7,0.0172145164484181,0.00526951197870626,0.02066168816520491,0.010617199696696302
medqa_test_00551,r1-distill-llama-8b,medqa,A,E,False,False,False,8,8,3098.0,0.22232437536528415,0.13893424136725402,0.0899152325034067,0.11194608360528946,1.4056390622295665,0.9999999971827364,0.9,0.02185633229689881,0.008771632438576368,0.02820922138994588,0.016122529708201737
medqa_test_00532,r1-distill-llama-8b,medqa,B,,,False,True,7,9,2830.4,0.1780185310627497,0.1028004057751299,0.06466384387767818,0.08493883162736893,0.5032583347756457,0.5312094341470335,0.9,0.022552746340890124,0.0077038682010971,0.028593561699444554,0.007473813100882158
medqa_test_01127,r1-distill-llama-8b,medqa,C,C,True,True,False,10,10,1241.9,0.08052487032354134,0.035802252273740245,0.018657868677355305,0.09454009681940079,1.7609640474436812,0.9992903338091704,0.95,0.016814541431548532,0.006515482899828029,0.021653474926436784,0.01217096235520075
medqa_test_00783,r1-distill-llama-8b,medqa,B,B,True,True,False,10,10,1267.0,0.06878585395104392,0.029868689961914795,0.01560376618381536,0.07741443812847137,0.0,0.014063626986800058,0.9,0.021060777589895996,0.003863911252239077,0.023955255113176747,0.01529639732987648
medqa_test_01066,r1-distill-llama-8b,medqa,A,C,False,True,False,10,10,1963.7,0.0932112318138584,0.04125460421081686,0.020142116831173784,0.10805867612361908,1.7609640474436812,,0.9,0.0254907911309016,0.009411980184739283,0.032486182558442996,0.00892991370921114
medqa_test_01144,r1-distill-llama-8b,medqa,C,B,False,True,False,10,10,1253.0,0.110034345257674,0.05445291442362608,0.028449188620403344,0.05990764871239662,0.9709505944546686,0.014063715164458616,0.95,0.01145730497669557,0.004741869099026158,0.015763570881986228,0.02051407224140601
medqa_test_00260,r1-distill-llama-8b,medqa,C,C,True,True,False,10,10,1562.6,0.09040269985704402,0.04494337043999517,0.023794345938669702,0.09915748238563538,0.7219280948873623,0.32247848867651707,0.85,0.023723631245683725,0.0056860212596193515,0.02836352990421736,0.01668638839812555
medqa_test_01181,r1-distill-llama-8b,medqa,E,E,True,True,False,10,10,1997.8,0.11163036570153269,0.05648247525917586,0.02982409511584542,0.08953433483839035,1.3609640474436813,0.40733340004593027,0.85,0.01992207740382977,0.009812678779839459,0.028090629466448535,0.012936094766538292
medqa_test_00590,r1-distill-llama-8b,medqa,C,C,True,True,False,10,10,2107.5,0.12231415257762128,0.05634105372394351,0.02880824282118617,0.12711010873317719,1.4854752972273344,0.9399135307605997,0.85,0.02523037339082369,0.009106633219944418,0.0326579303840092,0.013610830614297856
medqa_test_00394,r1-distill-llama-8b,medqa,D,D,True,False,False,9,9,2295.9,0.17583089655042222,0.1000525778406605,0.06181189781408971,0.09224691241979599,0.0,,0.9,0.013184567391046731,0.007624038140514297,0.01965512129557063,0.02221608164348936
medqa_test_00795,r1-distill-llama-8b,medqa,C,D,False,False,False,9,9,2128.7,0.1598045740017604,0.08752857537649658,0.05162911951250929,0.1143253892660141,0.7642045065086203,,0.9,0.022285089112673597,0.01235826544245747,0.03142689801454614,0.018573183842569587
medqa_test_00523,r1-distill-llama-8b,medqa,E,B,False,True,False,10,10,917.7,0.04609804248077272,0.016102621541599905,0.0057142001245681475,0.06909433752298355,0.7219280948873623,0.0011770785533186054,0.9,0.011138038843708743,0.0025442526698586368,0.013159053342869556,0.01465764479381547
medqa_test_00620,r1-distill-llama-8b,medqa,C,,,False,True,10,10,1254.0,0.16406461836653438,0.10212791335056481,0.06459895919015159,0.07926703244447708,0.9219280948873623,0.0009306488827604091,,0.006696810010469953,0.005035325212053096,0.011445544040075204,0.013788122864887356
medqa_test_00446,r1-distill-llama-8b,medqa,A,D,False,True,False,10,10,1226.1,0.07143255940831814,0.032666236195336075,0.015725473598799923,0.10115764290094376,0.0,,0.9,0.021374842582408727,0.006446109621091066,0.024912449543387734,0.009807200495005823
medqa_test_01072,r1-distill-llama-8b,medqa,D,D,True,True,False,10,10,663.1,0.053053141719698715,0.021830675500086893,0.007432622065577254,0.10596668720245361,0.4689955935892812,,1.0,0.012934171569320623,0.007740414047373715,0.019217212502618968,0.016645650714389344
medqa_test_00746,r1-distill-llama-8b,medqa,B,A,False,False,False,9,10,2461.8,0.14498355757070533,0.07944980852973978,0.046484979633685454,0.09677372127771378,1.8954618442383218,1.0,0.85,0.024567673906157522,0.006629874893345868,0.02880594698539609,0.010099100642239942
medqa_test_00353,r1-distill-llama-8b,medqa,B,A,False,False,False,9,10,2291.7,0.12126514696761367,0.06260475559578862,0.0346418797630841,0.12771880626678467,1.5219280948873621,1.0,0.9,0.019580392996519622,0.008445157739664812,0.026947307262258784,0.012904858957452475
medqa_test_00444,r1-distill-llama-8b,medqa,D,A,False,True,False,10,10,1266.1,0.07789130244293747,0.04127427622950773,0.02396490153116182,0.08685782551765442,1.3609640474436813,0.9984987965411939,0.9,0.01961067409605464,0.0014533638035066191,0.020874240837110307,0.011330853023809888
medqa_test_00610,r1-distill-llama-8b,medqa,B,B,True,False,False,8,10,2491.1,0.29107924204283964,0.20681685619296547,0.15269212418847705,0.09459056705236435,1.3709505944546687,0.08509914716587902,1.0,0.009290068868422114,0.009838958606278867,0.018542348236252292,0.027002083737586398
medqa_test_00111,r1-distill-llama-8b,medqa,C,C,True,True,False,10,10,1754.7,0.1156222448737527,0.060956478340636944,0.036120266096066486,0.11083061248064041,1.295461844238322,,0.9,0.022014451161784222,0.005609165670534248,0.026290048146587343,0.013484509189283626
medqa_test_00822,r1-distill-llama-8b,medqa,C,C,True,False,False,9,10,2175.5,0.10179218638986562,0.05148338952437548,0.02923642854257108,0.08101579546928406,0.8812908992306927,,0.7,0.012925263890662439,0.005569663497999686,0.01713507504017587,0.010056338603098144
medqa_test_01198,r1-distill-llama-8b,medqa,B,E,False,True,False,10,10,1114.4,0.04756963818016698,0.019498849524504945,0.0076839975037780615,0.04954756796360016,0.7219280948873623,,0.9,0.02404886269252811,0.0016581131562950278,0.025617610343908033,0.011066505816087792
medqa_test_00594,r1-distill-llama-8b,medqa,D,A,False,True,False,10,10,1133.6,0.06381361014616126,0.028128675232012058,0.014011448814465866,0.06529032438993454,0.9219280948873623,0.9999962733593736,0.9,0.01905429094745197,0.0028343253855579475,0.02146493180596481,0.011445628070508519
medqa_test_00182,r1-distill-llama-8b,medqa,B,A,False,True,False,10,10,1334.0,0.07408963797897908,0.030292559253725038,0.013370947915543618,0.08623688668012619,0.9219280948873623,0.9999417087314437,0.9,0.02690588405419058,0.0067965816574019925,0.03189055619781764,0.015922964163740012
medqa_test_00972,r1-distill-llama-8b,medqa,C,B,False,True,False,10,10,1575.6,0.15523221862496764,0.09057657289212041,0.055735269250121275,0.09089839458465576,0.0,0.10669092359204362,0.95,0.02216775926736706,0.01092784356263671,0.0319283912587923,0.017812264727660388
medqa_test_00917,r1-distill-llama-8b,medqa,E,E,True,False,False,8,10,2084.1,0.12512384276807764,0.0682923606788339,0.040379818815286996,0.11375763267278671,1.1567796494470395,0.9999996533682038,0.7,0.01995842179205268,0.009920192041360644,0.028723007320431614,0.019160871366834854
medqa_test_00028,r1-distill-llama-8b,medqa,D,,,False,True,8,9,2545.4,0.1285867578625704,0.06929885198666,0.04008017989305299,0.10596396028995514,1.3516441151533924,0.9984988179666208,0.9,0.022960246005625767,0.005034202120808623,0.02723472214674763,0.010394302074099493
medqa_test_00339,r1-distill-llama-8b,medqa,A,E,False,True,False,10,10,1450.0,0.07720144118037547,0.03541321530610014,0.018750841782265316,0.07002612948417664,0.7219280948873623,,0.9,0.0177664921759531,0.006470582704430958,0.023028680872490666,0.013549016492834612
medqa_test_00549,r1-distill-llama-8b,medqa,B,A,False,True,False,10,10,1420.2,0.10279192032057635,0.050566646359643606,0.026987558886101805,0.10341260582208633,1.3709505944546687,0.9999910603080745,0.9,0.026196537036557645,0.0067738113471208896,0.0315445814007934,0.011510312868011427
medqa_test_00695,r1-distill-llama-8b,medqa,B,,,False,True,6,7,3275.1,0.17812153034012979,0.100551941405095,0.0584827490299241,0.08543797582387924,1.5566567074628228,,0.85,0.017553137385434826,0.007540076529570917,0.02422890083881976,0.016475425945448888
medqa_test_00409,r1-distill-llama-8b,medqa,C,C,True,True,False,10,10,1036.4,0.05165530777912507,0.021991939658477677,0.01036983644352626,0.1016085296869278,0.0,,0.95,0.01389427400340884,0.003441025247145507,0.01663490783453033,0.011386092895205233
medqa_test_00521,r1-distill-llama-8b,medqa,A,B,False,False,False,9,9,1917.1,0.10419956933158239,0.0543445566499261,0.03014315140804664,0.08631106466054916,0.9182958340544896,0.0010247830111935335,0.9,0.011159470632075643,0.0034165509113256998,0.013937242683784653,0.010734098714180997
medqa_test_00656,r1-distill-llama-8b,medqa,D,D,True,True,False,10,10,750.0,0.03726809724512311,0.013385060823954475,0.004379662600851941,0.06543157249689102,0.0,0.9770222379290423,0.9,0.015783524113912175,0.001187338735362042,0.016212741408164717,0.008317838154281543
medqa_test_00359,r1-distill-llama-8b,medqa,D,E,False,True,False,10,10,1042.3,0.05550860308160738,0.020739047548491818,0.008010886466435408,0.06730157136917114,0.8812908992306927,,0.95,0.016442051752897632,0.005059261844788119,0.019643677913912954,0.006684481651455025
medqa_test_00807,r1-distill-llama-8b,medqa,A,A,True,True,False,10,10,1826.8,0.11552113388638248,0.060579361311598225,0.03376084550697165,0.1070677861571312,0.9219280948873623,0.9999381463656939,0.9,0.023543074866751095,0.007088985988697248,0.029545815480381692,0.013954030463438391
medqa_test_00791,r1-distill-llama-8b,medqa,A,D,False,True,False,10,10,1349.3,0.08680110302808361,0.04137724626700575,0.022127618204938394,0.0907588079571724,1.295461844238322,0.997817285284219,0.9,0.017819191073937146,0.006617902033356063,0.022169696158938372,0.01363070212614545
medqa_test_00071,r1-distill-llama-8b,medqa,A,C,False,True,False,10,10,1355.9,0.06270828425979436,0.026348124819074982,0.011766666917261904,0.09467536956071854,1.4854752972273344,0.9399131338525203,0.85,0.019104055659021405,0.003136966625006163,0.021335317086846585,0.011950710516962334
medqa_test_01176,r1-distill-llama-8b,medqa,D,A,False,True,False,10,10,1958.8,0.09181794545109115,0.04120173082889868,0.020050446139275913,0.0862085372209549,1.9709505944546686,0.9820138098014823,0.7,0.015738005990121894,0.003787867926786531,0.018647473032815564,0.011021380659019045
medqa_test_00336,r1-distill-llama-8b,medqa,A,D,False,True,False,10,10,1196.7,0.04799515100720825,0.019387448660610606,0.00785431707083829,0.08382435142993927,0.9219280948873623,,0.9,0.017331806068943117,0.0031476534079150605,0.019521055538300292,0.0064042099070126726
medqa_test_00408,r1-distill-llama-8b,medqa,A,A,True,True,False,10,10,1207.3,0.05218375787541509,0.020813373377129553,0.009602294739746876,0.08284082263708115,0.0,0.9975850413470948,0.95,0.009575037055288716,0.0019161911905350246,0.011294356142068756,0.01038325923860389
medqa_test_00197,r1-distill-llama-8b,medqa,C,C,True,True,False,10,10,1633.8,0.09250686419142597,0.04196755592940725,0.020492831088366227,0.06179974973201752,0.0,0.9976768377536678,0.85,0.017662375804562088,0.003969874369598172,0.0209254372303228,0.011929892970513693
medqa_test_00675,r1-distill-llama-8b,medqa,C,C,True,True,False,10,10,976.6,0.04182474770214377,0.01357427751300162,0.0037562403753850114,0.05177491530776024,0.0,,0.95,0.017618106524155616,0.0029096929297260333,0.019191142024631146,0.010889460904964607
medqa_test_00024,r1-distill-llama-8b,medqa,A,D,False,True,False,10,10,2059.5,0.09019883544018832,0.03988887929894982,0.019004351530248976,0.08166737109422684,0.9219280948873623,0.9890130955473566,0.75,0.021479270661096027,0.007061843879827513,0.02695294986706746,0.012268259289240618
medqa_test_01146,r1-distill-llama-8b,medqa,C,C,True,True,False,10,10,1466.2,0.125354146562413,0.06863685144914906,0.039205117616532434,0.07356976717710495,0.4689955935892812,,0.9,0.022700254331626393,0.0046599763514021016,0.026813382492574124,0.012487826272334988
medqa_test_00233,r1-distill-llama-8b,medqa,B,B,True,True,False,10,10,760.5,0.056186468329203335,0.02725140404708295,0.01494577467126229,0.12037472426891327,1.3709505944546687,0.22270179285880293,0.9,0.022079374198046436,0.00567817616728013,0.02641968905235239,0.01325819189350167
medqa_test_00814,r1-distill-llama-8b,medqa,E,E,True,True,False,10,10,1086.8,0.0956990111442993,0.051014448905714604,0.030370860701768497,0.10181241482496262,1.295461844238322,0.98593637543616,0.75,0.021276917200924096,0.006256119709687133,0.026010906108067923,0.018056835789442793
medqa_test_00312,r1-distill-llama-8b,medqa,B,,,False,True,10,10,2786.2,0.15060732697690063,0.07437928082612948,0.039185784350201994,0.11495312303304672,1.8464393446710154,0.7529521092637689,0.95,0.026171745589635188,0.010333144536421595,0.03372280017950453,0.009197748402756584
medqa_test_00358,r1-distill-llama-8b,medqa,B,D,False,True,False,10,10,923.3,0.056965624300870855,0.023520488704317333,0.011993633424140327,0.08959820866584778,1.8464393446710154,0.9525724824326673,0.9,0.023264046611929844,0.0039733092490320965,0.026287835225974204,0.016474023305499932
medqa_test_01113,r1-distill-llama-8b,medqa,E,E,True,True,False,10,10,1259.7,0.07802511273497481,0.04119487398950715,0.02291087502671598,0.08013278990983963,0.4689955935892812,0.9963172741475782,0.9,0.023407441501742697,0.004489119885683765,0.02707405392243506,0.018165687973650084
medqa_test_00204,r1-distill-llama-8b,medqa,C,B,False,True,False,10,10,1745.5,0.22877202903083238,0.1393775223876803,0.08626967961013608,0.07577230781316757,1.4854752972273344,0.009708526134149414,,0.01830188021023716,0.00992859121496759,0.026635601945352333,0.013953691454698778
medqa_test_00227,r1-distill-llama-8b,medqa,D,B,False,False,False,9,9,2488.0,0.14039475833963128,0.07023929984297334,0.03743359835077266,0.07671209424734116,0.9864267287308424,0.2942151470257513,,0.01594369869507322,0.007647267665898296,0.022134069070405212,0.016387455892467796
medqa_test_00481,r1-distill-llama-8b,medqa,A,A,True,False,False,9,9,2328.4,0.2268262765967181,0.13589350515915377,0.08219470054353385,0.047159694135189056,0.5032583347756457,0.9999996072138585,0.9,0.012653880778295065,0.010931968818475649,0.022711881108922062,0.03248530160452565
medqa_test_01124,r1-distill-llama-8b,medqa,E,E,True,False,False,9,9,2013.3,0.10374406246767424,0.05317341282434597,0.02952897769580338,0.09327057749032974,1.4355205042826666,,0.9,0.017318273514055377,0.005320726141770753,0.021276289115578963,0.010295604563262641
medqa_test_00391,r1-distill-llama-8b,medqa,B,C,False,True,False,10,10,997.6,0.06527547583462846,0.028099850269065918,0.012501480634576723,0.08594194799661636,1.5709505944546687,,0.95,0.017456332435953452,0.0031773354520973408,0.019879661185661663,0.009414348596586325
medqa_test_01062,r1-distill-llama-8b,medqa,B,B,True,False,False,9,9,2043.6,0.1675184967296835,0.0949668720024395,0.057363372163458916,0.11399231106042862,0.9910760598382222,0.924141818934131,0.95,0.0201694905204187,0.009688018471892008,0.028104757925640555,0.011086017126644688
medqa_test_00718,r1-distill-llama-8b,medqa,E,D,False,False,False,7,8,2465.9,0.19005353662791563,0.10980273784685513,0.06634253147114669,0.0796421468257904,0.5435644431995964,1.0,0.75,0.02024334096818898,0.007713248752916217,0.026958505333241213,0.015568199020954156
medqa_test_00806,r1-distill-llama-8b,medqa,B,A,False,True,False,10,10,1053.9,0.038594273881813634,0.013099714737763436,0.00576419658565398,0.07386155426502228,0.8812908992306927,0.999989240220746,0.9,0.016239172038723264,0.0025524828409898633,0.017506154166446804,0.008118723201748251
medqa_test_01215,r1-distill-llama-8b,medqa,A,A,True,False,True,10,10,1783.4,0.11997077834210498,0.06119576663412234,0.03344966132391687,0.07829456031322479,0.4689955935892812,0.9999938558232649,,0.03256680258112247,0.006568772856762123,0.038078130568318755,0.02227894908330405
medqa_test_00273,r1-distill-llama-8b,medqa,A,D,False,True,False,10,10,1302.0,0.054940728129046615,0.021898950672719374,0.009047225710124196,0.07572391629219055,1.9219280948873623,0.9626731764842635,0.9,0.021416010860232572,0.003136958622838362,0.02339277951776887,0.0089146918732609
medqa_test_00254,r1-distill-llama-8b,medqa,A,A,True,True,False,10,10,640.4,0.022349117841899736,0.007004756174701287,0.002533125351960863,0.05264125391840935,0.0,0.999992594684099,0.9,0.017642443197979838,0.0026079665615456058,0.019218853828455264,0.015188943473199708
medqa_test_00752,r1-distill-llama-8b,medqa,C,,,False,True,6,8,3744.8,0.21450231981090734,0.12342323233677255,0.07558859119026912,0.07568293809890747,1.9056390622295665,0.9947798747707209,0.9,0.02077079558020042,0.01235578249092181,0.03100594372370873,0.015519118524490241
medqa_test_00970,r1-distill-llama-8b,medqa,D,D,True,True,False,10,10,1106.8,0.05712125435833071,0.02273988227538872,0.009254518040122816,0.06509707868099213,0.0,0.9953904305446085,0.8,0.020142342795811684,0.002411017365185747,0.02158831689140382,0.00780968997089398
medqa_test_01256,r1-distill-llama-8b,medqa,B,B,True,True,False,10,10,1353.0,0.06738976884079656,0.031238123753865876,0.01576064090765512,0.07939958572387695,0.0,0.16451674155644244,0.95,0.022046114816624905,0.004420473250712542,0.025774717734126217,0.012869345067696148
medqa_test_00421,r1-distill-llama-8b,medqa,C,E,False,True,False,10,10,2123.6,0.1389019434474902,0.07202482465769502,0.040447243892794485,0.07968579232692719,1.0,0.9999996072202662,0.95,0.02293846329975203,0.00844297418750289,0.030364425776082227,0.016227434885294836
medqa_test_00801,r1-distill-llama-8b,medqa,B,B,True,True,False,10,10,1722.7,0.12607456254065225,0.07061680781905036,0.04333606188423167,0.09670881927013397,1.1567796494470395,0.20222023801317535,0.95,0.021653648769740665,0.008828502182796544,0.02811684387535903,0.011118116278356615
medqa_test_01134,r1-distill-llama-8b,medqa,A,E,False,True,False,10,10,1158.6,0.07645816844898114,0.0347203547363379,0.017186837736380634,0.09767080098390579,1.5219280948873621,,0.95,0.023815016843416675,0.006602640709663746,0.02914859479967367,0.011655764939522554
medqa_test_00754,r1-distill-llama-8b,medqa,B,B,True,True,False,10,10,1943.7,0.11532673425001713,0.06376439100152859,0.03697166351469551,0.1002291813492775,0.4689955935892812,0.984461699958189,,0.0176964314032149,0.005696901593499734,0.022683659903207642,0.011287707624603604
medqa_test_00183,r1-distill-llama-8b,medqa,E,C,False,True,False,10,10,1441.6,0.10248480905815023,0.04804092544896058,0.0242828683016179,0.11560699343681335,1.1567796494470395,,0.95,0.014209654342215087,0.004998813746337958,0.0177389561337127,0.008944267541544624
medqa_test_00025,r1-distill-llama-8b,medqa,E,E,True,True,False,10,10,1239.0,0.08869183284461996,0.03603346738110156,0.016904401058874873,0.07752425223588943,0.4689955935892812,,0.9,0.012951515031312902,0.0037082056472879056,0.015876636239286878,0.012257551187764198
medqa_test_00422,r1-distill-llama-8b,medqa,A,E,False,False,False,9,10,2918.3,0.1436930596439209,0.07948680476937225,0.04696346385490633,0.08136674761772156,0.9709505944546686,,0.9,0.020104037279814226,0.005316478425728898,0.02442774326515405,0.014114984815488263
medqa_test_00181,r1-distill-llama-8b,medqa,E,E,True,True,False,10,10,1455.0,0.0945430929105512,0.04509727788894484,0.023136684462107638,0.07976384460926056,1.8464393446710154,0.9984933248366853,0.95,0.021344977372049538,0.012016627147246932,0.03034039617144745,0.01252662553916829
medqa_test_00830,r1-distill-llama-8b,medqa,B,E,False,True,False,10,10,1411.6,0.08594882923879384,0.039544562331228085,0.02169457472881564,0.07288765162229538,0.0,,0.7,0.020318161449761462,0.005893270333513089,0.025599630993823765,0.00981317587412613
medqa_test_00819,r1-distill-llama-8b,medqa,E,A,False,True,False,10,10,1347.2,0.08754877999870495,0.04188693833732391,0.021043600786410377,0.14015373587608337,0.0,0.9999921107376415,0.9,0.023459402741482387,0.005726516399801759,0.027605353713659582,0.016150204420799914
medqa_test_00166,r1-distill-llama-8b,medqa,B,B,True,True,False,10,10,728.2,0.03591949437606259,0.011941794740927136,0.005270358443579292,0.07131248712539673,1.1567796494470395,0.46879071561685814,0.95,0.01814214161734152,0.0025751483549115426,0.019514140959940626,0.007445239572405028
medqa_test_00242,r1-distill-llama-8b,medqa,A,C,False,True,False,10,10,2047.1,0.1186493926763144,0.05981931667677663,0.031269257517791874,0.12211339920759201,2.121928094887362,,0.7,0.025419477997063455,0.00866371292463722,0.032131684998808176,0.012893678944401642
medqa_test_00158,r1-distill-llama-8b,medqa,D,D,True,True,False,10,10,2162.1,0.09196599986391471,0.04262317464314597,0.0218910654362097,0.11706138402223587,1.5709505944546687,0.0600868062223537,0.8,0.021954571369431748,0.005215780587887806,0.026398122988266565,0.013451418115361647
medqa_test_00767,r1-distill-llama-8b,medqa,B,B,True,True,False,10,10,1648.1,0.08340673325035772,0.037565946710882,0.019946268125009336,0.1147475317120552,0.4689955935892812,0.053403587758832666,0.9,0.025270077719780144,0.004520177450644794,0.028756702578536093,0.01468823749247962
medqa_test_00635,r1-distill-llama-8b,medqa,C,C,True,True,False,10,10,1034.9,0.07148737250194645,0.03190673695422182,0.013825709593460588,0.06283608824014664,0.4689955935892812,,0.9,0.021506915936217005,0.003626635108040466,0.024122189748853856,0.009538968152017338
medqa_test_00416,r1-distill-llama-8b,medqa,D,C,False,False,True,6,7,2838.5,0.23081586005448665,0.1480176767464864,0.09659935703102814,0.12588050961494446,1.6644977792004614,0.4378236802281525,0.95,0.015775433689232933,0.007833079047625945,0.02200956749402273,0.012401595912494966
medqa_test_00573,r1-distill-llama-8b,medqa,C,D,False,True,False,10,10,1409.4,0.13485155438732796,0.06877015818925378,0.036621857736562256,0.10838114470243454,1.5219280948873621,,0.9,0.01714298558531504,0.005877756784368511,0.021044909755711213,0.010523617982577584
medqa_test_00798,r1-distill-llama-8b,medqa,C,E,False,True,False,10,10,1959.4,0.1269942557504115,0.061811302573765194,0.0344564422107561,0.10390909016132355,1.8464393446710154,0.9999925928160124,0.7,0.029403243259697308,0.009382043138748252,0.035985396739310976,0.01741122503975569
medqa_test_00362,r1-distill-llama-8b,medqa,D,A,False,True,False,10,10,1723.5,0.12637927157364612,0.0646095497734335,0.033991663098175286,0.09093070775270462,1.6854752972273346,0.9998463497222725,0.9,0.034845061996342436,0.007053835815091053,0.039683816370171605,0.008881782869250723
medqa_test_00105,r1-distill-llama-8b,medqa,B,A,False,True,False,10,10,854.4,0.03743267146150657,0.014239585621343953,0.004490311686772353,0.08509234338998795,0.8812908992306927,0.9995714164652209,0.9,0.016977890080824676,0.0016320877497361587,0.018031403192515894,0.009482220138187314
medqa_test_00682,r1-distill-llama-8b,medqa,D,B,False,True,False,10,10,1449.3,0.06163732136486112,0.027601270551028734,0.014071825008286565,0.10137015581130981,1.4854752972273344,,0.9,0.020998583753103928,0.003264724160727285,0.02309244813292439,0.008716372602825371
medqa_test_01227,r1-distill-llama-8b,medqa,C,,,False,True,8,9,2729.0,0.20381396099239413,0.11875651004460563,0.07452455885179037,0.08485127240419388,0.9182958340544896,0.9999984465073518,0.9,0.013310788543395749,0.008418579175982125,0.020557050627496923,0.02430632802267379
medqa_test_00698,r1-distill-llama-8b,medqa,A,C,False,True,False,10,10,1303.3,0.07083393154137255,0.02918190441555756,0.012637785437399417,0.06784237921237946,1.5709505944546687,0.9579116076858202,0.75,0.019013810138355607,0.0035471852819150855,0.021733322342381817,0.012420245169721867
medqa_test_00908,r1-distill-llama-8b,medqa,C,E,False,True,False,10,10,1306.0,0.08053276200957438,0.037877273875534655,0.019292830383110526,0.08047416806221008,0.4689955935892812,0.9998686482577317,0.9,0.020345900429930158,0.0045964361943527056,0.023801008786553446,0.01680009903069364
medqa_test_00366,r1-distill-llama-8b,medqa,A,D,False,False,False,9,9,1874.0,0.10592753997770063,0.05957274078227766,0.03830096656708663,0.0770292580127716,0.5032583347756457,0.997199081820158,,0.015892934187400943,0.005590323190200449,0.02055259783458139,0.009865437351738757
medqa_test_00982,r1-distill-llama-8b,medqa,B,B,True,True,False,10,10,1053.5,0.06082683147343789,0.021990957528441258,0.008385277148443804,0.06422697007656097,0.0,0.06754682098419462,0.9,0.017248282154301665,0.002130457789776664,0.01850411437150304,0.012777313459829787
medqa_test_00815,r1-distill-llama-8b,medqa,A,A,True,True,False,10,10,1486.3,0.07027632770327238,0.03263029288634504,0.017112806485546563,0.10159539431333542,0.4689955935892812,0.9999251537951853,0.9,0.017780858694764128,0.0036062622976267083,0.021010362166194833,0.014204429588277575
medqa_test_00373,r1-distill-llama-8b,medqa,E,E,True,True,False,10,10,1359.2,0.07484028798091599,0.03191472485712095,0.014618603411920483,0.07089949399232864,0.4689955935892812,0.7310585077372482,0.7,0.019669552563809624,0.003223988310888415,0.021646337584969665,0.011998668979922845
medqa_test_00315,r1-distill-llama-8b,medqa,B,A,False,True,False,10,10,895.8,0.03497023189653997,0.012355976633768084,0.0035717645847822,0.08473363518714905,0.8812908992306927,0.9999885212337299,0.95,0.016694439911850274,0.0030559523477037775,0.01841714223652007,0.009880275887182394
medqa_test_00042,r1-distill-llama-8b,medqa,A,C,False,True,False,10,10,1686.6,0.08879010711881066,0.0462876206265304,0.025098350658408385,0.08384013921022415,0.9709505944546686,0.9669136819614789,0.9,0.015481087394479528,0.004000983404217432,0.017903377397299032,0.011141563288882187
medqa_test_01158,r1-distill-llama-8b,medqa,E,A,False,True,False,10,10,1758.1,0.08798926680722245,0.044685682282293936,0.023495721220424946,0.1235155239701271,1.6854752972273344,0.9997965730064969,0.85,0.02180164644218783,0.004132586278326163,0.025137418379836178,0.010017033617779524
medqa_test_01239,r1-distill-llama-8b,medqa,D,B,False,True,False,10,10,2206.4,0.12920887007448667,0.06557849265342847,0.036237627296095275,0.062489788979291916,0.4689955935892812,4.063490604232958e-05,0.9,0.025412932428309325,0.008980934762483073,0.032617194881766905,0.01043193221154707
medqa_test_00151,r1-distill-llama-8b,medqa,E,C,False,True,False,10,10,1641.1,0.1523915998529577,0.0816095297623147,0.047362760940423174,0.08690057694911957,1.5219280948873621,0.0,0.9,0.026102187971187556,0.011639723593777936,0.035153411672907364,0.010567216010091598
medqa_test_00565,r1-distill-llama-8b,medqa,C,C,True,True,False,10,10,1423.6,0.0560077546473576,0.020481684612584317,0.008425084833703167,0.09847261756658554,0.4689955935892812,0.9653196772303387,0.9,0.017514323803181707,0.005218992277914914,0.02149361691139818,0.009423267465341242
medqa_test_00596,r1-distill-llama-8b,medqa,C,E,False,False,False,8,8,3544.6,0.1944895757668089,0.11032929412204315,0.06573063281494991,0.07339754700660706,0.0,,0.95,0.025914896565994293,0.009586360133838762,0.0335113364939215,0.01238958893864434
medqa_test_01179,r1-distill-llama-8b,medqa,C,D,False,True,False,10,10,1221.6,0.052358199858994814,0.01818008795702203,0.006820907873446647,0.07198499888181686,0.0,,0.95,0.022182177990300207,0.002454740935635086,0.02354858146167882,0.012189703056331875
medqa_test_00854,r1-distill-llama-8b,medqa,B,B,True,True,False,10,10,1245.5,0.07501874789572666,0.036329519871461866,0.018596412165584286,0.1169133186340332,0.9709505944546686,0.053403535896863766,0.9,0.01685343579907415,0.005147458759293851,0.021133042698047985,0.011634068004280438
medqa_test_00036,r1-distill-llama-8b,medqa,E,E,True,True,False,10,10,1257.4,0.06640053659480255,0.031560778499464,0.01750505085360222,0.06907658278942108,1.295461844238322,0.9982992779427595,0.95,0.01758158482112533,0.003310708355047672,0.01943514826062257,0.008964312676875951
medqa_test_00558,r1-distill-llama-8b,medqa,C,C,True,True,False,10,10,1031.5,0.03237767573460876,0.010685793018806955,0.004039078480920499,0.08718420565128326,0.4689955935892812,0.9770227565192386,0.9,0.01364255002587155,0.0023043585423178927,0.015389353432412009,0.009150995192677225
medqa_test_00152,r1-distill-llama-8b,medqa,A,A,True,True,False,10,10,1905.3,0.1334159536427723,0.06839647806555123,0.03787800983514948,0.09593198448419571,0.9219280948873623,0.9999756997560416,0.9,0.0348305420747821,0.011445724620918026,0.04228059323544896,0.016292988858213543
medqa_test_00707,r1-distill-llama-8b,medqa,D,D,True,True,False,10,10,1370.5,0.17612522001516137,0.11078067785305926,0.07391504542806158,0.10980220139026642,1.295461844238322,0.985936372130286,0.9,0.012075464099228796,0.005845178126640366,0.017382774106659688,0.012805774438318767
medqa_test_00077,r1-distill-llama-8b,medqa,B,B,True,False,False,9,9,1534.8,0.0797790289163804,0.03918398094459556,0.021302863221108304,0.10123712569475174,0.9864267287308424,0.03732704342262491,0.85,0.01784859807874693,0.004592360394195913,0.02174114651028499,0.011425400857328918
medqa_test_01192,r1-distill-llama-8b,medqa,A,C,False,True,False,10,10,913.2,0.045839667415649245,0.016507967629739162,0.007250888338004346,0.059668250381946564,0.7219280948873623,,0.9,0.01968721293163856,0.0038521436066832025,0.02314140025586057,0.01347264342586065
medqa_test_00955,r1-distill-llama-8b,medqa,D,,,False,True,10,10,1460.1,0.13820387857138045,0.08124681073596511,0.050362912692117054,0.11142321676015854,0.9219280948873623,0.37754402828827266,0.9,0.016104211154848086,0.009440398120802664,0.024234298616442527,0.016397051241002623
medqa_test_00574,r1-distill-llama-8b,medqa,C,C,True,True,False,10,10,1579.6,0.11263193677256,0.05983179516294092,0.03497254712271971,0.10930700600147247,0.9709505944546686,0.9902916090237405,1.0,0.016373965918660992,0.006216826196523426,0.02139383505088917,0.012998261426823149
medqa_test_01035,r1-distill-llama-8b,medqa,B,B,True,True,False,10,10,1036.6,0.06573657809858004,0.02859268996909673,0.014518658139073415,0.0665552169084549,1.1567796494470395,0.07585854160938262,0.9,0.015953779184300597,0.004163854489854045,0.019544532980171368,0.010235766932291692
medqa_test_00722,r1-distill-llama-8b,medqa,E,E,True,True,False,10,10,1096.2,0.06449731160969693,0.028643487393299805,0.013594605047185649,0.058659669011831284,1.0,,0.9,0.018623422675884353,0.000980085778560544,0.01913288578427005,0.01012982882063331
medqa_test_00564,r1-distill-llama-8b,medqa,A,B,False,True,False,10,10,1454.0,0.06921037019734169,0.02809629869476247,0.013233191951095336,0.054501429200172424,0.8812908992306927,0.053404210098686816,0.9,0.024625510159708913,0.004329177175305646,0.027816104257549556,0.014375233165239223
medqa_test_00452,r1-distill-llama-8b,medqa,C,E,False,True,False,10,10,1645.3,0.10651240660104648,0.05457808215722869,0.03071232508749421,0.12843643128871918,1.1567796494470395,0.9626731328935852,0.85,0.027118557814424904,0.010436459441188574,0.03382494707124802,0.009475910159871573
medqa_test_00759,r1-distill-llama-8b,medqa,D,C,False,True,False,10,10,2418.0,0.121293535746594,0.05685896574198214,0.029219350761059602,0.0656643658876419,1.5219280948873621,0.6224584087863877,0.7,0.0215941738819836,0.00930258394054763,0.028866293582516505,0.013056139662868274
medqa_test_00165,r1-distill-llama-8b,medqa,B,C,False,True,False,10,10,1557.9,0.13444026892722735,0.07446529364546864,0.04536948145511516,0.05201892927289009,0.4689955935892812,0.999996033078684,0.9,0.037897833666631506,0.0077289432010659,0.043785391899219865,0.01668965022799842
medqa_test_00268,r1-distill-llama-8b,medqa,E,E,True,False,False,9,9,2648.2,0.27267963878989465,0.1672484816256455,0.1056778694341518,0.10998297482728958,1.6577427265048887,0.9465967580806832,0.7,0.017144540842254814,0.008856565851063567,0.024984860041496103,0.01859915232841646
medqa_test_00652,r1-distill-llama-8b,medqa,D,C,False,True,False,10,10,1405.3,0.04616389071512539,0.016485891153578715,0.006265736695810753,0.09210925549268723,0.9709505944546686,0.999569458186306,0.85,0.018300691030299875,0.003240108918409222,0.01995099922882517,0.010406373595009432
medqa_test_00133,r1-distill-llama-8b,medqa,B,B,True,True,False,10,10,947.3,0.0534815105834575,0.022015264158121016,0.009169580390040899,0.09818560630083084,0.7219280948873623,0.3775394056045339,0.95,0.012483205541788545,0.000762877249297159,0.013052414137501439,0.008525048745465577
medqa_test_00789,r1-distill-llama-8b,medqa,C,B,False,True,False,10,10,1231.1,0.05845751481591761,0.022732196869500666,0.011398946926230346,0.07938063144683838,1.1567796494470395,0.08509931143214104,0.9,0.015070806128307,0.0028557409383704524,0.017235453582812556,0.005897513663897064
medqa_test_00341,r1-distill-llama-8b,medqa,C,C,True,True,False,10,10,1669.6,0.21775594449608704,0.13058806057288455,0.08164384591766846,0.10053927451372147,0.0,,0.95,0.011208443181279818,0.00618217594002934,0.016908737055123045,0.014337608594675966
medqa_test_00003,r1-distill-llama-8b,medqa,D,B,False,False,False,7,8,2611.0,0.1404567252017834,0.07698394090276366,0.04443482205840499,0.13721507787704468,1.4056390622295665,0.015906660410644903,0.9,0.022111229829614686,0.007883348923919158,0.02878333604326504,0.01461733507373012
medqa_test_00045,r1-distill-llama-8b,medqa,E,E,True,True,False,10,10,1126.1,0.0473402768672494,0.0188663627273117,0.008809232812825007,0.08491683751344681,0.7219280948873623,0.9796676606806468,0.9,0.011957724441105332,0.004084300783164761,0.015554506106676452,0.01493817669053397
medqa_test_01167,r1-distill-llama-8b,medqa,B,B,True,True,False,10,10,1603.3,0.11333397022916562,0.05792745845573836,0.031017770710504423,0.08987545222043991,1.8464393446710154,0.06754686493487755,,0.016889362927386492,0.004951865423322926,0.02045367967461179,0.008281902561497342
medqa_test_00849,r1-distill-llama-8b,medqa,E,E,True,True,False,10,10,1003.0,0.08240906522785721,0.028337595088510237,0.011568318796113197,0.06169508770108223,0.9219280948873623,,0.9,0.017478449403937498,0.00691469944214867,0.02293089007969803,0.01452123128553991
medqa_test_01105,r1-distill-llama-8b,medqa,A,A,True,True,False,10,10,961.5,0.05509946168776821,0.024851371300301163,0.013907790630016969,0.06351644545793533,0.0,0.9998204720414785,0.9,0.015059531011201416,0.010019475424927241,0.0229805029303268,0.016608209833209868
medqa_test_00903,r1-distill-llama-8b,medqa,B,B,True,False,False,9,9,1865.9,0.17132713263810842,0.11171032705276773,0.0750853257076655,0.07890518754720688,0.0,0.3486462383111753,0.8,0.018236279896071527,0.009007989732007369,0.026129423312067534,0.016712700428519703
medqa_test_00094,r1-distill-llama-8b,medqa,C,C,True,True,False,10,10,1849.9,0.13602016828973276,0.07376626854668372,0.04228027539861101,0.10197556763887405,0.7219280948873623,,0.9,0.020646365614700436,0.00625117473022981,0.02548345125285676,0.013180591540854747
medqa_test_00052,r1-distill-llama-8b,medqa,D,C,False,False,False,8,8,2706.5,0.18592609353279616,0.10111825328192214,0.057118710213972065,0.10165254026651382,1.5,,0.9,0.01750032131134014,0.0077615850730970186,0.023725382110139182,0.020399472071285018
medqa_test_01139,r1-distill-llama-8b,medqa,A,E,False,True,False,10,10,1616.2,0.09943503242818313,0.05760679037097505,0.03620485259835328,0.11594760417938232,0.7219280948873623,,0.95,0.01809770990765444,0.005617323466989757,0.022201484371346482,0.0072819573009251445
medqa_test_01112,r1-distill-llama-8b,medqa,C,B,False,True,False,10,10,868.2,0.040561849919532246,0.01691186517754172,0.007333919523057964,0.06677483767271042,0.8812908992306927,1.012999175926781e-05,0.9,0.013563963350397796,0.0004992194458544434,0.014063182796252238,0.009619022509110129
medqa_test_00500,r1-distill-llama-8b,medqa,B,E,False,True,False,10,10,1555.8,0.12761244731325047,0.06896230714942919,0.03712932168277257,0.09275099635124207,1.3567796494470397,,0.9,0.02786326145752028,0.006245082550294677,0.03285267194099065,0.006727063009421963
medqa_test_00517,r1-distill-llama-8b,medqa,B,C,False,True,False,10,10,1427.7,0.0720649656707495,0.0329447668830574,0.016286236242324524,0.09305520355701447,0.7219280948873623,0.9953904306782433,0.95,0.021090434401818438,0.005587798289645969,0.024586776608757785,0.007735967608947647
medqa_test_01053,r1-distill-llama-8b,medqa,B,B,True,True,False,10,10,1183.0,0.05999187969427737,0.02802784622508141,0.01460522776240043,0.07711593061685562,0.9709505944546686,0.00020624557388918886,0.9,0.013852929215444334,0.0025773119292388496,0.015287694193554632,0.01112316376480587
medqa_test_01005,r1-distill-llama-8b,medqa,E,,,False,True,9,9,2434.7,0.11578464087656001,0.058479188725738485,0.033178197757541085,0.10271361470222473,1.5304930567574826,0.9998511615141008,0.95,0.021442994348274423,0.007006438775357922,0.027363707401678917,0.011039228164216871
medqa_test_00649,r1-distill-llama-8b,medqa,B,D,False,True,False,10,10,2328.9,0.13486704911793357,0.07359824981827183,0.04376733395668181,0.13290567696094513,1.5709505944546687,0.9241406633239364,0.6,0.02912181686230117,0.011887617625161565,0.03889769692708195,0.014555565675297399
medqa_test_00703,r1-distill-llama-8b,medqa,E,E,True,False,False,8,8,2700.0,0.14129232970614397,0.07248139884839051,0.039157852578438755,0.0922926589846611,1.2987949406953985,0.9940889346289454,0.7,0.02107094635788761,0.008826142626287645,0.02883847465384192,0.012831281640059838
medqa_test_00208,r1-distill-llama-8b,medqa,B,B,True,True,False,10,10,600.4,0.05259339429547798,0.020907248853989403,0.010273753981316646,0.07034844160079956,1.1567796494470395,,0.9,0.015304515334692686,0.0036973045015306926,0.017364213425583194,0.01894854698422378
medqa_test_00351,r1-distill-llama-8b,medqa,A,D,False,True,False,10,10,2072.1,0.11100947661692726,0.0583069750665676,0.03345195968996785,0.10331659018993378,1.295461844238322,0.9890130806910353,0.9,0.024559249026054383,0.0046980985203701675,0.028392874551589786,0.010290657549348764
medqa_test_00734,r1-distill-llama-8b,medqa,D,D,True,False,False,9,10,2277.5,0.1684257522097606,0.09846490684336572,0.0601395540149279,0.08303029090166092,0.9219280948873623,0.9579122913714121,0.9,0.021780793317015733,0.006054092571443595,0.02718131380927184,0.018254967471387402
medqa_test_00215,r1-distill-llama-8b,medqa,D,A,False,True,False,10,10,1298.4,0.08890686062831882,0.04401096552898297,0.024286298305519018,0.10033855587244034,1.1567796494470395,0.9999756886187802,0.9,0.025642333667035066,0.005905790082165011,0.030564163780579346,0.01816934025407447
medqa_test_00619,r1-distill-llama-8b,medqa,D,A,False,True,False,10,10,1965.2,0.09890332106418348,0.04706978124681288,0.02329122645807642,0.102726049721241,1.3709505944546687,,0.9,0.02881333355894438,0.010190121556344623,0.03522454509514607,0.008002203434478645
medqa_test_00288,r1-distill-llama-8b,medqa,B,D,False,True,False,10,10,1765.6,0.16302548560693944,0.08632582659332173,0.04662677595764174,0.07072094827890396,0.4689955935892812,,,0.020601227308788633,0.005228954012324501,0.024948357566866742,0.013487006713403074
medqa_test_00278,r1-distill-llama-8b,medqa,A,A,True,True,False,10,10,923.8,0.038587495466858815,0.016391929688447705,0.007080873211427285,0.05243132263422012,0.4689955935892812,0.9999151889919887,0.95,0.015830242314500288,0.0012403586110372772,0.01675083111825319,0.009745190260179986
medqa_test_00159,r1-distill-llama-8b,medqa,C,E,False,False,False,8,9,2513.5,0.1425528485091473,0.0764001328019879,0.044136797595196745,0.07586851716041565,1.836591668108979,0.9706877849186567,0.95,0.020457526875673458,0.010936710184605831,0.029321165804061845,0.014394074155997204
medqa_test_00566,r1-distill-llama-8b,medqa,B,A,False,True,False,10,10,1417.9,0.15340541481495776,0.08883797575890391,0.05335584911738539,0.11447549611330032,1.5709505944546687,0.999948557787635,0.95,0.013805845194019669,0.006427896258035523,0.019805217074884116,0.012982035631665213
medqa_test_00760,r1-distill-llama-8b,medqa,C,C,True,True,False,10,10,1265.4,0.046721230081592444,0.018924836269903277,0.008826058578112783,0.07606137543916702,0.0,,0.9,0.019200398447686437,0.0022839736052158643,0.02041474488629364,0.012513724553816339
medqa_test_00109,r1-distill-llama-8b,medqa,C,D,False,False,False,6,6,3139.9,0.16521004788244348,0.09323567470698772,0.05754515168053807,0.1205291673541069,1.2516291673878228,,0.9,0.02733166716804985,0.011134086366970738,0.03543062459116703,0.012615657780888042
medqa_test_00987,r1-distill-llama-8b,medqa,B,A,False,True,False,10,10,1133.2,0.06475050174422267,0.02730984070970438,0.011449146740869299,0.0902496948838234,1.7219280948873623,0.9999999611088812,0.9,0.022337023733246687,0.0036503759601121807,0.024098417274961117,0.010243960230499501
medqa_test_01119,r1-distill-llama-8b,medqa,D,D,True,True,False,10,10,983.6,0.07591868635906646,0.036979355652344635,0.020550028672307975,0.06628327816724777,1.3567796494470397,0.8670358976966855,0.9,0.017999356277339406,0.001168085944414095,0.019167442221753504,0.010754732605022993
medqa_test_01075,r1-distill-llama-8b,medqa,E,B,False,True,False,10,10,1154.8,0.04327402705898651,0.015092646297289226,0.005454028900345842,0.10108468681573868,0.9219280948873623,8.736736014680466e-05,0.95,0.020594062190910534,0.002967283690507405,0.021961959576463203,0.0073921881966908035
medqa_test_00137,r1-distill-llama-8b,medqa,E,E,True,False,False,9,9,1984.7,0.11174136161920786,0.0579991639745109,0.03284685436102144,0.09501680731773376,0.9910760598382222,0.9928785708328175,0.7,0.028618572176544278,0.009522438261109956,0.03649245133945082,0.015613934888065052
medqa_test_00899,r1-distill-llama-8b,medqa,C,C,True,False,False,4,4,3655.7,0.1693651976540432,0.09052371263528161,0.05079488170810208,0.08235305547714233,1.0,1.0,0.9,0.01744611767917961,0.007530491473173202,0.023667210552345858,0.012525103336009716
medqa_test_00106,r1-distill-llama-8b,medqa,C,E,False,True,False,10,10,1095.5,0.07111774162491441,0.029959776096385747,0.012529264135545937,0.0790121853351593,0.8812908992306927,0.006692845634095756,0.85,0.02456395523983513,0.004773894322013491,0.028822153877343236,0.014993882764319483
medqa_test_00679,r1-distill-llama-8b,medqa,C,C,True,True,False,10,10,1127.3,0.0668587460414278,0.02537928567268315,0.01087472738975449,0.08763483166694641,1.5219280948873621,,0.9,0.016205154004230535,0.0031248736138526417,0.018840633542578488,0.009061470110479568
medqa_test_00306,r1-distill-llama-8b,medqa,C,,,False,True,10,10,2359.7,0.14751573911629737,0.08320266012287528,0.04959531262841886,0.08468157798051834,0.9709505944546686,0.9999962734233723,0.9,0.01959652572819792,0.010545600847640741,0.028597087404850664,0.008297649376444723
medqa_test_00567,r1-distill-llama-8b,medqa,E,,,False,True,8,8,2473.6,0.1205476261633476,0.05869846527888138,0.032173202253533616,0.12236861139535904,1.5487949406953985,0.9995955185262572,0.95,0.019815711117211653,0.006934326068564323,0.025214070962999286,0.0075030522336711186
medqa_test_00836,r1-distill-llama-8b,medqa,B,B,True,True,False,10,10,1962.5,0.13321556291554165,0.0702007062524483,0.03908248459030585,0.05486316606402397,0.0,0.05340362628680825,0.9,0.025652713003457554,0.01216771387404669,0.034762551905886854,0.017267128385411945
medqa_test_00683,r1-distill-llama-8b,medqa,C,B,False,True,False,10,10,1671.7,0.06406321129551071,0.027070919594619613,0.012533457192047936,0.10650717467069626,1.1567796494470395,0.5621766300312,0.9,0.013599694251272776,0.004386072241878312,0.01755295419743082,0.009710991954716214
medqa_test_00008,r1-distill-llama-8b,medqa,C,C,True,True,False,10,10,2234.7,0.23863370525856906,0.15475338966096835,0.10547213473536461,0.08013462275266647,0.7219280948873623,,0.95,0.02316508181212042,0.00926854420817723,0.030510972480447353,0.023073490338854835
medqa_test_01231,r1-distill-llama-8b,medqa,A,A,True,True,False,10,10,759.3,0.12180860380684297,0.0603562564790864,0.03636095285945083,0.058584440499544144,0.4689955935892812,0.9999687981017747,0.9,0.009369353086376278,0.003710844030151651,0.012784652320560853,0.017618444246705767
medqa_test_00669,r1-distill-llama-8b,medqa,B,B,True,True,False,10,10,999.7,0.07875784506702219,0.042793189369359344,0.02780977707799378,0.10828498005867004,1.0,0.00010886851571106913,0.9,0.01703787312763188,0.002476211021695385,0.018778148023012108,0.01336760393307688
medqa_test_00826,r1-distill-llama-8b,medqa,C,D,False,True,False,10,10,1958.7,0.12466012773989736,0.06687807560328626,0.03623761692417745,0.08284228295087814,0.9219280948873623,0.9882120621523252,0.9,0.021819661602142427,0.006531868028858326,0.02760142113489663,0.01424502361123266
medqa_test_00626,r1-distill-llama-8b,medqa,E,E,True,True,False,10,10,1759.7,0.07734212531269172,0.02764446069647155,0.011724171652984861,0.08697017282247543,0.0,0.9937237396559165,0.95,0.026286474901906665,0.005008257206143083,0.029839195385335325,0.016399954940633964
medqa_test_00309,r1-distill-llama-8b,medqa,D,A,False,True,False,10,10,982.9,0.08117174413832809,0.039844273396811514,0.022748517810531454,0.07754145562648773,0.9219280948873623,0.9999930377465736,0.95,0.019856839537593908,0.001875256497760308,0.021064315548711313,0.013486535224643093
medqa_test_00720,r1-distill-llama-8b,medqa,B,E,False,False,False,9,9,2148.4,0.13800257573743663,0.0840999787233461,0.05539653527118821,0.08799131959676743,0.7642045065086203,0.9999623674079234,1.0,0.029614117499444138,0.00683358922576404,0.035072794522014436,0.009555836599207898
medqa_test_00556,r1-distill-llama-8b,medqa,A,A,True,True,False,10,10,1701.1,0.10454230251278682,0.05194250720399098,0.02928227666633012,0.08001179993152618,1.5709505944546684,0.9999898700060955,0.9,0.01742134498077956,0.005994865585136248,0.021144057412231625,0.00807706872041767
medqa_test_00853,r1-distill-llama-8b,medqa,D,A,False,True,False,10,10,1253.3,0.05803485744050606,0.024946186324489906,0.011926267829084469,0.07126335799694061,1.6854752972273344,0.999995239883193,0.9,0.01573087061978337,0.0019745403629713525,0.01696338635505628,0.009675657065815801
medqa_test_00448,r1-distill-llama-8b,medqa,E,A,False,True,False,10,10,1394.3,0.06793535834029445,0.02767063728310043,0.013202848709825387,0.08898060023784637,1.6854752972273346,0.9999756997766148,0.95,0.015675870013179917,0.0030612171225953455,0.018374068252863633,0.011927080734768888
medqa_test_01003,r1-distill-llama-8b,medqa,E,C,False,False,True,6,6,3377.1,0.2859383919895602,0.20291622583077737,0.1542553537677931,0.12179231643676758,1.4591479170272446,1.0,0.4,0.02796607337727461,0.01603144290199037,0.04149170914325977,0.012523489214516802
medqa_test_00291,r1-distill-llama-8b,medqa,A,A,True,True,False,10,10,964.4,0.03710964487491976,0.013969644847181818,0.005891987913588958,0.08296755701303482,0.4689955935892812,0.9999756997602515,0.85,0.018476161007663146,0.004465897346837394,0.0218603084155379,0.007224686326530334
medqa_test_00378,r1-distill-llama-8b,medqa,A,E,False,True,False,10,10,2056.0,0.1019629114365416,0.0505475717810599,0.026196201146684882,0.11693845689296722,1.7609640474436812,,0.9,0.02239747082495943,0.005569275184694849,0.026579046262825267,0.008120590940296771
medqa_test_00250,r1-distill-llama-8b,medqa,A,A,True,True,False,10,10,813.8,0.032471823635058315,0.011920605554595398,0.005234140086038397,0.0685117319226265,0.8812908992306927,0.9998601779361143,0.75,0.01999504246179516,0.0010838840223126504,0.020800826607793647,0.015263833388688846
medqa_test_00900,r1-distill-llama-8b,medqa,C,C,True,False,False,8,8,2234.9,0.11997938511376219,0.05747762335738206,0.029619871993061375,0.09579788893461227,0.8112781244591328,,0.9,0.01226463948230935,0.008119471147118376,0.019500324076080256,0.01743391833868533
medqa_test_01024,r1-distill-llama-8b,medqa,C,B,False,True,False,10,9,1399.1,0.1265443021402534,0.07143429068546388,0.0421834316582832,0.08408499509096146,1.836591668108979,0.020332354745038597,0.9,0.012282169971300612,0.005830184889798055,0.01768077994263653,0.01778264141585009
medqa_test_00902,r1-distill-llama-8b,medqa,C,,,False,True,8,8,2881.4,0.25464356744397104,0.16242364631945289,0.11089604546751566,0.08381965756416321,1.061278124459133,0.9999998642581801,0.9,0.023502483993456405,0.01114434671287301,0.03318105129285452,0.011315016083811743
medqa_test_00357,r1-distill-llama-8b,medqa,E,C,False,True,False,10,10,2144.9,0.1357828963690077,0.07155455427831997,0.0404694055951612,0.09087972342967987,0.8812908992306927,0.9324533218616725,0.9,0.023637055013335944,0.004934923311393893,0.027192310614709052,0.012956204983906334
medqa_test_01186,r1-distill-llama-8b,medqa,C,B,False,True,False,10,10,1424.0,0.07349574924892596,0.03158161635556631,0.016948575351131256,0.09140191972255707,1.1567796494470395,0.060096889869722565,0.9,0.018120420085167167,0.004205588052469392,0.02109822107123513,0.006990047057555024
medqa_test_00966,r1-distill-llama-8b,medqa,C,E,False,True,False,10,10,683.5,0.01867194456161957,0.0074949598898330526,0.0033631843881290146,0.07979408651590347,0.0,0.0,0.95,0.011733856874034143,0.0010839411218647827,0.012665126240173736,0.014675716488218951
medqa_test_00518,r1-distill-llama-8b,medqa,C,A,False,True,False,10,10,2737.7,0.1281424915391384,0.06631859578643506,0.03603621922712129,0.09140222519636154,1.4854752972273344,1.0,0.85,0.015739609178209657,0.006737643839876402,0.021577731069189678,0.01581919999232218
medqa_test_00218,r1-distill-llama-8b,medqa,E,E,True,True,False,10,10,1013.9,0.08766282221149682,0.04115338500904921,0.02121964212626105,0.08676799386739731,0.9219280948873623,,0.9,0.013131255431931794,0.005630173760050141,0.018133760825668,0.01392054283865527
medqa_test_00550,r1-distill-llama-8b,medqa,A,C,False,True,False,10,10,996.5,0.07568116168166944,0.033836432130578666,0.01731188947840089,0.07314763963222504,1.1567796494470395,,0.9,0.023807150577851023,0.004164860052489014,0.027248835529008093,0.013310906110907397
medqa_test_00075,r1-distill-llama-8b,medqa,A,C,False,True,False,10,10,1188.3,0.05927623225648545,0.022420676396695226,0.009181097509650116,0.10669685155153275,1.3567796494470397,0.9875683630666857,0.85,0.02537987357236681,0.01113907794952088,0.03268614976515485,0.00942911620119096
medqa_test_00102,r1-distill-llama-8b,medqa,A,A,True,True,False,10,10,1423.2,0.1033603592525048,0.05266463391453045,0.026677943335526567,0.06350831687450409,0.4689955935892812,0.9998220576627831,0.9,0.024617684068564474,0.00657489091909722,0.029858086087552044,0.011658437483019765
medqa_test_00576,r1-distill-llama-8b,medqa,E,C,False,True,False,10,10,1540.3,0.10233743920183833,0.058039294345692216,0.03702037721659592,0.07562129199504852,1.7609640474436812,0.9890130842356295,0.9,0.020053298952985014,0.0025394830749924427,0.021544576571336897,0.007831860066568256
medqa_test_00636,r1-distill-llama-8b,medqa,A,A,True,True,False,10,10,1065.3,0.052194330881846815,0.020994063345109604,0.009941314827229274,0.08246912807226181,1.0,0.9999938558262887,0.95,0.01722595906961919,0.005099079294449499,0.020582667041872175,0.014041890726522826
medqa_test_01191,r1-distill-llama-8b,medqa,C,D,False,False,True,9,9,1988.2,0.11038030841251319,0.051181846437913556,0.025538058095551708,0.06744414567947388,0.5032583347756457,0.9241416557031353,0.7,0.01763854981821426,0.005825090130990248,0.022459141991698593,0.014134044515000435
medqa_test_00009,r1-distill-llama-8b,medqa,A,A,True,True,False,10,10,1953.3,0.1413680591019974,0.07350159601807833,0.040751807919220395,0.07967843860387802,0.0,0.9999962733600817,0.9,0.027577457138529084,0.007782630549447414,0.0330228862202961,0.014644025173852774
medqa_test_00074,r1-distill-llama-8b,medqa,C,D,False,True,False,10,10,1651.8,0.07521270245794888,0.03034767192736084,0.013539527208745517,0.10166073590517044,1.1567796494470395,0.9399133208948409,0.9,0.021762988708922036,0.005738002504226565,0.02571612759410798,0.010950125835955189
medqa_test_00769,r1-distill-llama-8b,medqa,C,B,False,True,False,10,10,1207.3,0.058852449248929586,0.025191992559731015,0.011714346451197667,0.0693569928407669,0.9219280948873623,0.5312095136640574,0.75,0.016861026146738196,0.004321367255814359,0.020315598386108892,0.011582424464288072
medqa_test_00951,r1-distill-llama-8b,medqa,C,B,False,True,False,10,10,1805.0,0.10617309880289065,0.050083658011785034,0.025803924990651338,0.05750278756022453,1.8464393446710154,0.16451646494473965,0.95,0.030787483837259794,0.005203790836852995,0.034951624019118735,0.01640514206946945
medqa_test_00974,r1-distill-llama-8b,medqa,E,,,True,False,10,6,638.9,0.03447940615314303,0.013528167773792222,0.005173077865679254,0.06274278461933136,0.0,,1.0,0.012043116208781726,0.000438736083496901,0.012481852292278627,0.007786146881479175
medqa_test_01085,r1-distill-llama-8b,medqa,A,,,False,True,4,6,3286.0,0.2657085650640054,0.17743053489131097,0.12500883888664624,0.09004813432693481,1.584962500721156,0.9999952230449555,0.03,0.011729074981445054,0.00903810292165296,0.0201308003104654,0.011608237996090162
medqa_test_00307,r1-distill-llama-8b,medqa,C,B,False,True,False,10,10,1661.8,0.13212119039259457,0.06416990918853044,0.03313235802005419,0.06771249324083328,0.8812908992306927,0.32082167530532285,0.9,0.024705676698086716,0.004518608793111791,0.028722693836017155,0.011210296173736816
medqa_test_00660,r1-distill-llama-8b,medqa,A,A,True,True,False,10,10,633.7,0.015306987553255736,0.004283190480920252,0.0012572686567697388,0.05908581241965294,0.0,0.9993515200527398,0.85,0.018554608639041466,0.0005903360440600663,0.0188497766610715,0.015153365301918322
medqa_test_00687,r1-distill-llama-8b,medqa,B,B,True,True,False,10,10,1690.4,0.09950927762873393,0.04403005214805304,0.021400277415218216,0.08650365471839905,1.7609640474436812,0.10669062780114993,0.9,0.023537240244840458,0.006411388257337505,0.028872452946304073,0.012250804316891873
medqa_test_00134,r1-distill-llama-8b,medqa,A,A,True,True,False,10,10,1295.8,0.07607827157580822,0.035619117434656775,0.021094410122078168,0.08144255727529526,0.4689955935892812,0.999999999868235,0.9,0.016903533257100645,0.0030909978494165786,0.01966144005236524,0.019153149587835414
medqa_test_00405,r1-distill-llama-8b,medqa,A,C,False,True,False,10,10,1983.4,0.14409931582953633,0.08389117753013992,0.05070395958019208,0.06765732169151306,0.8812908992306927,1.0,0.75,0.022082798329767162,0.009341928457076449,0.029612795693530196,0.022605598153347346
medqa_test_00271,r1-distill-llama-8b,medqa,B,D,False,False,False,8,10,2504.0,0.21513070988229116,0.15984525909370753,0.12765886958317907,0.11020535230636597,0.4689955935892812,0.9999999998308102,0.95,0.022734805207689213,0.007549003854158842,0.029361697363533112,0.020547619106995214
medqa_test_00244,r1-distill-llama-8b,medqa,E,E,True,True,False,10,10,2271.8,0.20782474374662135,0.1186056445774101,0.07000832074459577,0.07692717760801315,1.4854752972273344,0.9465967258721043,0.7,0.02726415637298521,0.010870119508837062,0.0366437514613534,0.01761151578739941
medqa_test_01012,r1-distill-llama-8b,medqa,A,A,True,True,False,10,10,1143.7,0.08539433842042873,0.037387166760622634,0.02072076632075002,0.08400266617536545,1.295461844238322,0.9997040431427529,0.95,0.012845613674500433,0.004113881117345433,0.01656610399741097,0.014251203618060083
medqa_test_00733,r1-distill-llama-8b,medqa,C,B,False,True,False,10,10,1766.4,0.10609025927106179,0.049938676219892876,0.023965882680106777,0.07851257175207138,1.5709505944546684,0.16451655864701623,0.9,0.01836077377125745,0.006530039155191715,0.02394399931255873,0.01424651460005907
medqa_test_00685,r1-distill-llama-8b,medqa,D,D,True,False,True,7,7,3180.6,0.281126394314282,0.17281064350834258,0.11376656647399405,0.09343720227479935,1.4488156357251847,0.939913031861234,0.7,0.01919145901131196,0.01383866193851599,0.030657585076206934,0.018682441412947618
medqa_test_01237,r1-distill-llama-8b,medqa,A,D,False,False,False,7,8,3636.3,0.20057955522128762,0.11163187362935886,0.06547579216436636,0.0908072292804718,2.25,,0.9,0.030693832095384684,0.011923531584755025,0.04010270288019645,0.011308732955339119
medqa_test_00267,r1-distill-llama-8b,medqa,E,C,False,True,False,10,10,2113.3,0.30889509726675335,0.2089032620885732,0.14622493320829116,0.07649333029985428,1.295461844238322,,1.0,0.008016013009305352,0.013602930836392968,0.020879736578036982,0.03689708293351153
medqa_test_00957,r1-distill-llama-8b,medqa,B,A,False,False,True,10,10,1492.1,0.14664357351685936,0.08340983567481518,0.049769343390622924,0.09618981927633286,1.1567796494470395,0.9989677690915678,1.0,0.018281108606599313,0.013296128515206335,0.03033769497866795,0.020696505308247123
medqa_test_01143,r1-distill-llama-8b,medqa,C,E,False,True,False,10,10,2947.7,0.3461494186735409,0.23390915147547248,0.16466380098504857,0.06739505380392075,0.0,0.32082120971858563,0.9,0.02516144265618812,0.011191211080146573,0.03512442467908401,0.02824362981373236
medqa_test_00535,r1-distill-llama-8b,medqa,D,D,True,True,False,10,10,929.8,0.07989003689623911,0.03602155839439616,0.016719288634546636,0.08797470480203629,0.4689955935892812,,0.95,0.013999667895054153,0.0058997296675452,0.019332688558648472,0.01765465061797785
medqa_test_00578,r1-distill-llama-8b,medqa,B,D,False,True,False,10,10,1179.0,0.0548146684711304,0.023637317585283823,0.011236510226004425,0.0588998943567276,1.3567796494470397,,0.85,0.016671050860339084,0.004754515782899734,0.020809663156228664,0.012971008969589989
medqa_test_00597,r1-distill-llama-8b,medqa,C,C,True,True,False,10,10,882.6,0.04999259956393737,0.017379789434754732,0.007148610014013868,0.07565073668956757,0.9219280948873623,0.997817309842674,0.9,0.030488905728923033,0.0062113736675248905,0.03347403006354922,0.012285308387124775
medqa_test_00673,r1-distill-llama-8b,medqa,E,,,False,True,4,4,3875.6,0.19832364154337973,0.10896039883524651,0.06316052502547718,0.0745113268494606,0.8112781244591328,0.0,,0.023371120233101082,0.012063162201929122,0.03336235304912493,0.01302647699412983
medqa_test_01205,r1-distill-llama-8b,medqa,E,D,False,True,False,10,10,1857.4,0.08823212257436064,0.03962498925135296,0.019462246429535045,0.0797533169388771,0.9709505944546686,0.9579119161197234,0.9,0.015297854376265099,0.0033006426983422433,0.017995224605074318,0.010000611594907557
medqa_test_00083,r1-distill-llama-8b,medqa,B,B,True,False,False,8,8,2362.1,0.1343737937439003,0.07590974632322688,0.04569480552767309,0.1263183355331421,0.5435644431995964,0.06008676449949964,0.9,0.029642719663297436,0.01016176621490424,0.03715427186147676,0.009962061227690869
medqa_test_00634,r1-distill-llama-8b,medqa,A,D,False,True,False,10,10,1571.7,0.06384542052093625,0.02812788647291652,0.01306871612706485,0.05387409031391144,0.0,0.9902915470716966,0.9,0.025075433610437035,0.004330972160291443,0.02780676858211386,0.010381469887556088
medqa_test_00040,r1-distill-llama-8b,medqa,D,D,True,True,False,10,10,889.1,0.033145400272075985,0.013727983069525418,0.007555868529373589,0.055185846984386444,0.0,0.9953904310394556,0.9,0.012650348994927224,0.00035391698895248936,0.012759044647101137,0.00798270010861908
medqa_test_00608,r1-distill-llama-8b,medqa,D,D,True,True,False,10,10,1933.7,0.10352212104198166,0.05012348872846432,0.024579528917660298,0.10734991729259491,0.7219280948873623,0.9986749785849903,0.95,0.01608735913255769,0.00685219776522876,0.02171096278731439,0.010241420183331984
medqa_test_01216,r1-distill-llama-8b,medqa,A,E,False,True,False,10,10,1523.9,0.06962751823616085,0.02958500692367284,0.013596424772993077,0.10103599727153778,0.7219280948873623,0.867035728655829,0.9,0.023147303871277395,0.004406518582315227,0.026354962802495125,0.009603373075733505
medqa_test_00252,r1-distill-llama-8b,medqa,A,A,True,False,False,9,10,2167.3,0.16521201512356615,0.09361625278351231,0.05651561709296997,0.09823198616504669,2.1219280948873624,0.9998603631159141,0.85,0.030935128931268412,0.012600841277150335,0.041757365737568906,0.01658629053992358
medqa_test_00583,r1-distill-llama-8b,medqa,E,D,False,True,False,10,10,2506.7,0.14339551483479315,0.07957407656706382,0.04880717937918757,0.09861142933368683,0.4689955935892812,,0.8,0.025611955379674166,0.007588897111139009,0.03146052588467156,0.008124434794978161
medqa_test_00911,r1-distill-llama-8b,medqa,D,A,False,True,False,10,10,1820.8,0.12969385558248692,0.06517782205654386,0.03605097859385862,0.08433850854635239,0.9709505944546686,0.999933947825418,,0.020351861231135658,0.009729879771103869,0.027787559090420445,0.01458201134840759
medqa_test_00964,r1-distill-llama-8b,medqa,D,C,False,True,False,10,10,1853.5,0.07884981117232133,0.03632861481817752,0.01813175042005365,0.06560799479484558,1.8464393446710154,0.9465967002152953,0.9,0.014246893265781884,0.0032557530255150477,0.016990207516075048,0.011039379157678986
medqa_test_00122,r1-distill-llama-8b,medqa,E,E,True,True,False,10,10,1366.3,0.06600307477395422,0.029493435582008398,0.011909418528999105,0.06936574727296829,0.0,,0.95,0.015952691150993337,0.003702762276671062,0.018404801231892115,0.01447694572703458
medqa_test_00413,r1-distill-llama-8b,medqa,B,B,True,True,False,10,10,1630.3,0.08268561557490955,0.036147779042897545,0.016665777952056104,0.08565879613161087,0.4689955935892812,0.20181328549494545,0.9,0.019134432822821304,0.005240435838050576,0.023170806238596835,0.01341010416121231
medqa_test_00240,r1-distill-llama-8b,medqa,E,E,True,True,False,10,10,1126.8,0.09688024778117546,0.05143203927878507,0.029069418419053073,0.10807544738054276,1.1567796494470395,0.9914225990401736,0.8,0.020399639328664197,0.005405179794382765,0.02493691715686204,0.015108388785645892
medqa_test_01067,r1-distill-llama-8b,medqa,C,B,False,True,False,10,10,1749.2,0.11415612488465202,0.056373635175611926,0.030818071545174318,0.07560621201992035,0.7219280948873623,0.01798630788928835,0.75,0.02175650776433632,0.0048144572783562194,0.025567147220877114,0.012020749586860714
medqa_test_00691,r1-distill-llama-8b,medqa,C,C,True,True,False,10,10,930.0,0.061985111769945055,0.027374691555095754,0.01435727247620131,0.050673287361860275,0.9709505944546686,0.9979492569480153,0.85,0.013383491792551133,0.004623420779521373,0.017423657493904638,0.018445429905696524
medqa_test_00069,r1-distill-llama-8b,medqa,A,A,True,True,False,10,10,1237.3,0.07455107107644433,0.034643287138286794,0.015518200068925559,0.08727774769067764,1.5219280948873621,0.9999970976888879,0.9,0.017740441505863173,0.0043447948161679266,0.021207436315314625,0.012313803417761051
medqa_test_00609,r1-distill-llama-8b,medqa,E,E,True,True,False,10,10,793.1,0.049550455684537295,0.016918145678890183,0.00567805887933952,0.07710723578929901,0.4689955935892812,0.798187151444684,0.75,0.021009380801134937,0.004353332616566579,0.022813107982950803,0.009845548499962534
medqa_test_00070,r1-distill-llama-8b,medqa,A,A,True,False,False,8,8,2285.1,0.1375986155094794,0.07879030277067764,0.05141202524958384,0.11734907329082489,1.061278124459133,0.9996615241154022,0.7,0.016189199987697984,0.00493153424333553,0.02007058301949783,0.01252709723805318
medqa_test_00190,r1-distill-llama-8b,medqa,A,D,False,True,False,10,10,1034.3,0.044671009428955154,0.015000510566902204,0.0070473264492477705,0.04690393805503845,1.1567796494470395,0.9626729196015853,0.9,0.011609466710707693,0.002421629811789807,0.01275740086984411,0.011932661238585617
medqa_test_00871,r1-distill-llama-8b,medqa,B,B,True,True,False,10,10,1199.8,0.06640081692370169,0.03138727326768927,0.01624807453750694,0.0906180888414383,1.1567796494470395,8.397739521597953e-06,0.9,0.021388886314020507,0.0043101550880904,0.025370821460754082,0.01577544224590501
medqa_test_00082,r1-distill-llama-8b,medqa,C,D,False,True,False,10,10,1074.9,0.09239726648387664,0.04666953256913655,0.024610353995430656,0.06577162444591522,1.9219280948873623,0.0075772412386242586,0.5,0.01901383914816563,0.005441395318215357,0.023174517648932726,0.014544380389601258
