dataset,model,question_id,y_true,p_pred,fold
medqa,qwen3-4b,medqa_test_00990,1,0.878188,5
medqa,qwen3-4b,medqa_test_00202,0,0.872706,5
medqa,qwen3-4b,medqa_test_01258,1,0.582374,5
medqa,qwen3-4b,medqa_test_00277,1,0.916362,3
medqa,qwen3-4b,medqa_test_00427,1,0.959293,5
medqa,qwen3-4b,medqa_test_01202,1,0.920091,5
medqa,qwen3-4b,medqa_test_01027,1,0.910042,3
medqa,qwen3-4b,medqa_test_00827,1,0.9317,3
medqa,qwen3-4b,medqa_test_00503,1,0.793833,5
medqa,qwen3-4b,medqa_test_00325,1,0.885468,4
medqa,qwen3-4b,medqa_test_00681,1,0.844232,2
medqa,qwen3-4b,medqa_test_00932,0,0.698282,2
medqa,qwen3-4b,medqa_test_00387,1,0.828198,1
medqa,qwen3-4b,medqa_test_00235,1,0.957003,2
medqa,qwen3-4b,medqa_test_00066,1,0.897285,3
medqa,qwen3-4b,medqa_test_00347,1,0.879122,2
medqa,qwen3-4b,medqa_test_01121,1,0.775152,4
medqa,qwen3-4b,medqa_test_00376,0,0.509321,2
medqa,qwen3-4b,medqa_test_00035,1,0.905652,2
medqa,qwen3-4b,medqa_test_00332,1,0.642961,3
medqa,qwen3-4b,medqa_test_00400,1,0.574975,4
medqa,qwen3-4b,medqa_test_01145,1,0.803398,5
medqa,qwen3-4b,medqa_test_00975,1,0.941946,2
medqa,qwen3-4b,medqa_test_00845,1,0.870455,2
medqa,qwen3-4b,medqa_test_00650,1,0.771141,2
medqa,qwen3-4b,medqa_test_00540,0,0.533976,5
medqa,qwen3-4b,medqa_test_00796,1,0.76787,2
medqa,qwen3-4b,medqa_test_00715,1,0.82315,3
medqa,qwen3-4b,medqa_test_00002,1,0.885841,5
medqa,qwen3-4b,medqa_test_00395,1,0.912595,2
medqa,qwen3-4b,medqa_test_00464,1,0.582002,1
medqa,qwen3-4b,medqa_test_00331,0,0.710275,4
medqa,qwen3-4b,medqa_test_00959,1,0.868909,1
medqa,qwen3-4b,medqa_test_00454,0,0.707996,2
medqa,qwen3-4b,medqa_test_00920,1,0.922625,2
medqa,qwen3-4b,medqa_test_00528,1,0.800489,3
medqa,qwen3-4b,medqa_test_01166,1,0.879792,5
medqa,qwen3-4b,medqa_test_00187,1,0.952477,1
medqa,qwen3-4b,medqa_test_00823,1,0.743971,1
medqa,qwen3-4b,medqa_test_00997,1,0.936426,1
medqa,qwen3-4b,medqa_test_01142,0,0.855172,2
medqa,qwen3-4b,medqa_test_00586,1,0.784619,5
medqa,qwen3-4b,medqa_test_01155,1,0.647583,5
medqa,qwen3-4b,medqa_test_00536,1,0.725477,1
medqa,qwen3-4b,medqa_test_00510,1,0.712292,1
medqa,qwen3-4b,medqa_test_00976,1,0.723295,2
medqa,qwen3-4b,medqa_test_01050,1,0.827215,3
medqa,qwen3-4b,medqa_test_00742,0,0.205756,5
medqa,qwen3-4b,medqa_test_01263,0,0.835072,4
medqa,qwen3-4b,medqa_test_00631,1,0.801172,3
medqa,qwen3-4b,medqa_test_01157,1,0.856124,4
medqa,qwen3-4b,medqa_test_00473,1,0.9306,1
medqa,qwen3-4b,medqa_test_00812,1,0.789386,4
medqa,qwen3-4b,medqa_test_00299,1,0.922958,1
medqa,qwen3-4b,medqa_test_00717,1,0.822708,1
medqa,qwen3-4b,medqa_test_00850,0,0.541474,3
medqa,qwen3-4b,medqa_test_00049,1,0.747446,5
medqa,qwen3-4b,medqa_test_00100,1,0.528491,4
medqa,qwen3-4b,medqa_test_00662,1,0.728472,4
medqa,qwen3-4b,medqa_test_01254,1,0.872091,1
medqa,qwen3-4b,medqa_test_01150,0,0.640364,3
medqa,qwen3-4b,medqa_test_00044,0,0.352047,5
medqa,qwen3-4b,medqa_test_00861,0,0.685907,2
medqa,qwen3-4b,medqa_test_00898,1,0.877577,2
medqa,qwen3-4b,medqa_test_00328,1,0.763845,1
medqa,qwen3-4b,medqa_test_01071,1,0.913826,5
medqa,qwen3-4b,medqa_test_01032,1,0.898436,1
medqa,qwen3-4b,medqa_test_00892,1,0.867047,1
medqa,qwen3-4b,medqa_test_00623,1,0.959353,2
medqa,qwen3-4b,medqa_test_01173,1,0.949788,5
medqa,qwen3-4b,medqa_test_00272,1,0.905698,4
medqa,qwen3-4b,medqa_test_00489,1,0.95741,3
medqa,qwen3-4b,medqa_test_01185,1,0.902378,2
medqa,qwen3-4b,medqa_test_00848,1,0.880997,1
medqa,qwen3-4b,medqa_test_00835,1,0.921954,3
medqa,qwen3-4b,medqa_test_00860,1,0.445374,3
medqa,qwen3-4b,medqa_test_00603,1,0.839218,3
medqa,qwen3-4b,medqa_test_00356,1,0.841068,2
medqa,qwen3-4b,medqa_test_00185,0,0.677855,3
medqa,qwen3-4b,medqa_test_01193,0,0.866836,1
medqa,qwen3-4b,medqa_test_00711,1,0.90954,5
medqa,qwen3-4b,medqa_test_00263,1,0.715078,5
medqa,qwen3-4b,medqa_test_00667,1,0.954249,3
medqa,qwen3-4b,medqa_test_01187,1,0.816786,2
medqa,qwen3-4b,medqa_test_00231,1,0.763408,1
medqa,qwen3-4b,medqa_test_00177,0,0.864719,3
medqa,qwen3-4b,medqa_test_00296,1,0.893553,3
medqa,qwen3-4b,medqa_test_00482,1,0.923161,1
medqa,qwen3-4b,medqa_test_00857,1,0.923503,4
medqa,qwen3-4b,medqa_test_01251,1,0.914857,4
medqa,qwen3-4b,medqa_test_00021,1,0.737125,3
medqa,qwen3-4b,medqa_test_00056,1,0.457631,1
medqa,qwen3-4b,medqa_test_00485,0,0.939075,3
medqa,qwen3-4b,medqa_test_00887,0,0.540062,1
medqa,qwen3-4b,medqa_test_00090,1,0.897493,5
medqa,qwen3-4b,medqa_test_01026,0,0.735969,2
medqa,qwen3-4b,medqa_test_00055,1,0.934805,3
medqa,qwen3-4b,medqa_test_00658,1,0.920926,1
medqa,qwen3-4b,medqa_test_00706,0,0.335464,3
medqa,qwen3-4b,medqa_test_00545,1,0.925897,1
medqa,qwen3-4b,medqa_test_00878,1,0.830498,4
medqa,qwen3-4b,medqa_test_00192,1,0.95272,3
medqa,qwen3-4b,medqa_test_00738,1,0.964673,2
medqa,qwen3-4b,medqa_test_00531,0,0.895889,2
medqa,qwen3-4b,medqa_test_00568,1,0.938494,4
medqa,qwen3-4b,medqa_test_00286,1,0.93448,3
medqa,qwen3-4b,medqa_test_00785,0,0.758378,1
medqa,qwen3-4b,medqa_test_00067,1,0.892261,5
medqa,qwen3-4b,medqa_test_00571,1,0.653517,4
medqa,qwen3-4b,medqa_test_00212,0,0.916872,1
medqa,qwen3-4b,medqa_test_00220,1,0.904047,5
medqa,qwen3-4b,medqa_test_01132,0,0.501168,2
medqa,qwen3-4b,medqa_test_00492,1,0.877635,5
medqa,qwen3-4b,medqa_test_00420,1,0.603477,1
medqa,qwen3-4b,medqa_test_00978,1,0.960257,1
medqa,qwen3-4b,medqa_test_00699,1,0.883396,5
medqa,qwen3-4b,medqa_test_00730,1,0.490509,2
medqa,qwen3-4b,medqa_test_00969,1,0.889855,2
medqa,qwen3-4b,medqa_test_00032,0,0.63527,4
medqa,qwen3-4b,medqa_test_00876,1,0.866746,3
medqa,qwen3-4b,medqa_test_00126,1,0.660359,5
medqa,qwen3-4b,medqa_test_00179,1,0.866024,2
medqa,qwen3-4b,medqa_test_00367,0,0.784212,2
medqa,qwen3-4b,medqa_test_00121,1,0.926697,1
medqa,qwen3-4b,medqa_test_00011,1,0.898001,4
medqa,qwen3-4b,medqa_test_00829,0,0.73129,1
medqa,qwen3-4b,medqa_test_01068,1,0.844395,4
medqa,qwen3-4b,medqa_test_01203,1,0.569195,3
medqa,qwen3-4b,medqa_test_00820,1,0.931572,1
medqa,qwen3-4b,medqa_test_01180,1,0.747631,3
medqa,qwen3-4b,medqa_test_00901,1,0.582152,1
medqa,qwen3-4b,medqa_test_01163,0,0.638771,3
medqa,qwen3-4b,medqa_test_00426,1,0.623958,2
medqa,qwen3-4b,medqa_test_01044,1,0.945831,4
medqa,qwen3-4b,medqa_test_01212,1,0.757265,1
medqa,qwen3-4b,medqa_test_00875,1,0.88885,3
medqa,qwen3-4b,medqa_test_00125,1,0.802404,2
medqa,qwen3-4b,medqa_test_00269,1,0.901133,1
medqa,qwen3-4b,medqa_test_00148,1,0.909743,5
medqa,qwen3-4b,medqa_test_00462,1,0.86734,4
medqa,qwen3-4b,medqa_test_00960,0,0.672451,4
medqa,qwen3-4b,medqa_test_00314,1,0.452906,1
medqa,qwen3-4b,medqa_test_00087,1,0.784929,3
medqa,qwen3-4b,medqa_test_00726,1,0.873928,2
medqa,qwen3-4b,medqa_test_00017,1,0.944369,2
medqa,qwen3-4b,medqa_test_00034,0,0.743283,4
medqa,qwen3-4b,medqa_test_01041,1,0.741785,1
medqa,qwen3-4b,medqa_test_01006,1,0.877546,5
medqa,qwen3-4b,medqa_test_00153,1,0.90903,1
medqa,qwen3-4b,medqa_test_00298,1,0.757254,3
medqa,qwen3-4b,medqa_test_00893,1,0.919277,1
medqa,qwen3-4b,medqa_test_00294,1,0.912524,5
medqa,qwen3-4b,medqa_test_00599,1,0.856392,3
medqa,qwen3-4b,medqa_test_01014,1,0.916536,3
medqa,qwen3-4b,medqa_test_00587,0,0.709511,3
medqa,qwen3-4b,medqa_test_00677,0,0.603162,5
medqa,qwen3-4b,medqa_test_01037,0,0.445472,4
medqa,qwen3-4b,medqa_test_00834,1,0.894019,3
medqa,qwen3-4b,medqa_test_00837,1,0.890473,1
medqa,qwen3-4b,medqa_test_01029,1,0.815735,2
medqa,qwen3-4b,medqa_test_00259,1,0.93538,5
medqa,qwen3-4b,medqa_test_00954,1,0.867998,2
medqa,qwen3-4b,medqa_test_00728,1,0.896434,1
medqa,qwen3-4b,medqa_test_00057,1,0.475771,4
medqa,qwen3-4b,medqa_test_00580,1,0.844965,4
medqa,qwen3-4b,medqa_test_01195,1,0.857199,5
medqa,qwen3-4b,medqa_test_00605,0,0.660065,5
medqa,qwen3-4b,medqa_test_00889,1,0.76831,5
medqa,qwen3-4b,medqa_test_00768,0,0.778649,5
medqa,qwen3-4b,medqa_test_00858,1,0.237275,3
medqa,qwen3-4b,medqa_test_01118,1,0.888949,4
medqa,qwen3-4b,medqa_test_00434,1,0.957368,4
medqa,qwen3-4b,medqa_test_00562,1,0.945418,1
medqa,qwen3-4b,medqa_test_00261,1,0.912254,2
medqa,qwen3-4b,medqa_test_00410,1,0.93605,1
medqa,qwen3-4b,medqa_test_00880,0,0.857837,2
medqa,qwen3-4b,medqa_test_00458,1,0.90564,1
medqa,qwen3-4b,medqa_test_00275,1,0.904041,3
medqa,qwen3-4b,medqa_test_00575,1,0.773453,1
medqa,qwen3-4b,medqa_test_00112,0,0.890734,4
medqa,qwen3-4b,medqa_test_00073,1,0.689986,3
medqa,qwen3-4b,medqa_test_00383,1,0.85155,5
medqa,qwen3-4b,medqa_test_00668,1,0.810679,5
medqa,qwen3-4b,medqa_test_00068,1,0.892283,5
medqa,qwen3-4b,medqa_test_00396,1,0.927769,4
medqa,qwen3-4b,medqa_test_01013,1,0.950682,3
medqa,qwen3-4b,medqa_test_00361,1,0.75669,2
medqa,qwen3-4b,medqa_test_00461,1,0.559297,4
medqa,qwen3-4b,medqa_test_00160,1,0.725133,2
medqa,qwen3-4b,medqa_test_00423,0,0.366289,5
medqa,qwen3-4b,medqa_test_01069,1,0.569426,5
medqa,qwen3-4b,medqa_test_00280,1,0.956352,1
medqa,qwen3-4b,medqa_test_00491,1,0.877743,4
medqa,qwen3-4b,medqa_test_00048,1,0.672076,2
medqa,qwen3-4b,medqa_test_01172,0,0.69132,4
medqa,qwen3-4b,medqa_test_00852,1,0.03918,3
medqa,qwen3-4b,medqa_test_00847,1,0.941364,5
medqa,qwen3-4b,medqa_test_00745,0,0.739906,4
medqa,qwen3-4b,medqa_test_00779,1,0.623697,2
medqa,qwen3-4b,medqa_test_00386,0,0.676424,4
medqa,qwen3-4b,medqa_test_01226,1,0.826454,2
medqa,qwen3-4b,medqa_test_00640,1,0.887375,4
medqa,qwen3-4b,medqa_test_00018,1,0.908942,2
medqa,qwen3-4b,medqa_test_01016,1,0.896935,4
medqa,qwen3-4b,medqa_test_00607,1,0.951508,2
medqa,qwen3-4b,medqa_test_00210,1,0.924632,5
medqa,qwen3-4b,medqa_test_00168,1,0.940106,4
medqa,qwen3-4b,medqa_test_01207,1,0.767318,4
medqa,qwen3-4b,medqa_test_01211,0,0.823717,4
medqa,qwen3-4b,medqa_test_00164,1,0.882533,5
medqa,qwen3-4b,medqa_test_00170,1,0.214543,4
medqa,qwen3-4b,medqa_test_00808,1,0.921597,2
medqa,qwen3-4b,medqa_test_00474,1,0.915896,2
medqa,qwen3-4b,medqa_test_00712,1,0.477008,3
medqa,qwen3-4b,medqa_test_00936,0,0.312524,2
medqa,qwen3-4b,medqa_test_00092,1,0.88723,4
medqa,qwen3-4b,medqa_test_01219,1,0.899404,5
medqa,qwen3-4b,medqa_test_00787,1,0.754574,1
medqa,qwen3-4b,medqa_test_00655,1,0.546878,2
medqa,qwen3-4b,medqa_test_01208,1,0.759994,4
medqa,qwen3-4b,medqa_test_00089,1,0.81462,1
medqa,qwen3-4b,medqa_test_00651,0,0.574215,2
medqa,qwen3-4b,medqa_test_01248,1,0.889785,3
medqa,qwen3-4b,medqa_test_00010,1,0.360929,5
medqa,qwen3-4b,medqa_test_00949,1,0.944132,4
medqa,qwen3-4b,medqa_test_00046,1,0.953333,4
medqa,qwen3-4b,medqa_test_00883,1,0.957715,5
medqa,qwen3-4b,medqa_test_00221,0,0.477907,2
medqa,qwen3-4b,medqa_test_00962,0,0.517502,3
medqa,qwen3-4b,medqa_test_01223,0,0.743561,2
medqa,qwen3-4b,medqa_test_00923,1,0.950098,5
medqa,qwen3-4b,medqa_test_01036,1,0.487524,4
medqa,qwen3-4b,medqa_test_01064,1,0.964967,1
medqa,qwen3-4b,medqa_test_00256,0,0.559281,5
medqa,qwen3-4b,medqa_test_01213,0,0.627166,1
medqa,qwen3-4b,medqa_test_00763,1,0.904082,5
medqa,qwen3-4b,medqa_test_00239,0,0.833108,3
medqa,qwen3-4b,medqa_test_00606,1,0.752208,5
medqa,qwen3-4b,medqa_test_00459,1,0.934634,3
medqa,qwen3-4b,medqa_test_00157,1,0.926318,1
medqa,qwen3-4b,medqa_test_00084,1,0.866776,4
medqa,qwen3-4b,medqa_test_00612,1,0.659844,4
medqa,qwen3-4b,medqa_test_00072,1,0.835077,5
medqa,qwen3-4b,medqa_test_00724,0,0.658147,5
medqa,qwen3-4b,medqa_test_00374,1,0.857265,3
medqa,qwen3-4b,medqa_test_00363,1,0.769322,5
medqa,qwen3-4b,medqa_test_01095,0,0.525194,3
medqa,qwen3-4b,medqa_test_01168,1,0.934462,2
medqa,qwen3-4b,medqa_test_00101,1,0.927781,2
medqa,qwen3-4b,medqa_test_00348,0,0.652289,5
medqa,qwen3-4b,medqa_test_00346,0,0.670681,1
medqa,qwen3-4b,medqa_test_00119,1,0.839175,3
medqa,qwen3-4b,medqa_test_00870,1,0.867757,3
medqa,qwen3-4b,medqa_test_00749,0,0.443078,4
medqa,qwen3-4b,medqa_test_00147,1,0.868608,4
medqa,qwen3-4b,medqa_test_00439,1,0.778581,2
medqa,qwen3-4b,medqa_test_00016,1,0.864234,1
medqa,qwen3-4b,medqa_test_00402,1,0.605461,2
medqa,qwen3-4b,medqa_test_00304,1,0.861016,3
medqa,qwen3-4b,medqa_test_00614,1,0.744656,2
medqa,qwen3-4b,medqa_test_00772,1,0.915866,3
medqa,qwen3-4b,medqa_test_00894,1,0.87162,4
medqa,qwen3-4b,medqa_test_00282,1,0.915397,1
medqa,qwen3-4b,medqa_test_00512,0,0.4495,5
medqa,qwen3-4b,medqa_test_00989,0,0.480496,1
medqa,qwen3-4b,medqa_test_00080,1,0.443443,3
medqa,qwen3-4b,medqa_test_01174,1,0.805521,1
medqa,qwen3-4b,medqa_test_00628,1,0.840539,1
medqa,qwen3-4b,medqa_test_00494,1,0.79153,3
medqa,qwen3-4b,medqa_test_00320,0,0.897776,4
medqa,qwen3-4b,medqa_test_00921,0,0.862471,3
medqa,qwen3-4b,medqa_test_00050,1,0.874243,1
medqa,qwen3-4b,medqa_test_00504,1,0.907288,3
medqa,qwen3-4b,medqa_test_01042,0,0.444789,1
medqa,qwen3-4b,medqa_test_01110,1,0.099164,4
medqa,qwen3-4b,medqa_test_01175,1,0.707169,5
medqa,qwen3-4b,medqa_test_00632,1,0.85147,5
medqa,qwen3-4b,medqa_test_00839,1,0.82538,3
medqa,qwen3-4b,medqa_test_01056,1,0.870819,5
medqa,qwen3-4b,medqa_test_00502,1,0.923585,3
medqa,qwen3-4b,medqa_test_00794,1,0.840497,1
medqa,qwen3-4b,medqa_test_00310,0,0.941213,1
medqa,qwen3-4b,medqa_test_00213,1,0.800211,2
medqa,qwen3-4b,medqa_test_00060,1,0.806677,5
medqa,qwen3-4b,medqa_test_00479,1,0.900576,1
medqa,qwen3-4b,medqa_test_00155,0,0.695963,1
medqa,qwen3-4b,medqa_test_00910,0,0.272318,3
medqa,qwen3-4b,medqa_test_00076,1,0.849935,1
medqa,qwen3-4b,medqa_test_01210,1,0.331336,3
medqa,qwen3-4b,medqa_test_00906,0,0.412837,1
medqa,qwen3-4b,medqa_test_00322,1,0.895993,4
medqa,qwen3-4b,medqa_test_00295,1,0.931105,3
medqa,qwen3-4b,medqa_test_00037,0,0.723443,1
medqa,qwen3-4b,medqa_test_00205,1,0.738333,1
medqa,qwen3-4b,medqa_test_01002,1,0.447305,2
medqa,qwen3-4b,medqa_test_00998,1,0.896904,1
medqa,qwen3-4b,medqa_test_00595,1,0.946174,2
medqa,qwen3-4b,medqa_test_01120,1,0.953004,5
medqa,qwen3-4b,medqa_test_01001,1,0.916816,4
medqa,qwen3-4b,medqa_test_00643,0,0.702455,3
medqa,qwen3-4b,medqa_test_01081,1,0.654775,3
medqa,qwen3-4b,medqa_test_00926,1,0.792193,1
medqa,qwen3-4b,medqa_test_00385,0,0.636057,5
medqa,qwen3-4b,medqa_test_01244,0,0.822318,5
medqa,qwen3-4b,medqa_test_00944,0,0.885149,4
medqa,qwen3-4b,medqa_test_00149,0,0.60408,1
medqa,qwen3-4b,medqa_test_01151,1,0.692275,1
medqa,qwen3-4b,medqa_test_00140,1,0.948325,3
medqa,qwen3-4b,medqa_test_01154,1,0.964256,4
medqa,qwen3-4b,medqa_test_00828,1,0.875362,1
medqa,qwen3-4b,medqa_test_00851,1,0.467407,5
medqa,qwen3-4b,medqa_test_00007,1,0.886539,4
medqa,qwen3-4b,medqa_test_00953,0,0.93574,1
medqa,qwen3-4b,medqa_test_00184,0,0.816728,2
medqa,qwen3-4b,medqa_test_00116,1,0.790627,1
medqa,qwen3-4b,medqa_test_00684,1,0.525992,2
medqa,qwen3-4b,medqa_test_00099,1,0.875926,4
medqa,qwen3-4b,medqa_test_01079,1,0.885057,5
medqa,qwen3-4b,medqa_test_00884,1,0.967849,1
medqa,qwen3-4b,medqa_test_00617,1,0.900554,4
medqa,qwen3-4b,medqa_test_00524,0,0.315234,3
medqa,qwen3-4b,medqa_test_00557,1,0.890377,3
medqa,qwen3-4b,medqa_test_01096,1,0.891171,1
medqa,qwen3-4b,medqa_test_00547,1,0.691654,5
medqa,qwen3-4b,medqa_test_00895,1,0.888318,2
medqa,qwen3-4b,medqa_test_00818,1,0.964168,3
medqa,qwen3-4b,medqa_test_00390,1,0.488867,1
medqa,qwen3-4b,medqa_test_00515,0,0.534896,1
medqa,qwen3-4b,medqa_test_00380,0,0.846506,5
medqa,qwen3-4b,medqa_test_00534,1,0.820722,1
medqa,qwen3-4b,medqa_test_00937,1,0.612673,2
medqa,qwen3-4b,medqa_test_00098,0,0.310427,3
medqa,qwen3-4b,medqa_test_00369,0,0.592134,5
medqa,qwen3-4b,medqa_test_01260,0,0.456538,4
medqa,qwen3-4b,medqa_test_01268,1,0.930402,1
medqa,qwen3-4b,medqa_test_00588,1,0.654128,3
medqa,qwen3-4b,medqa_test_00657,0,0.833731,5
medqa,qwen3-4b,medqa_test_01125,1,0.664905,1
medqa,qwen3-4b,medqa_test_00782,1,0.914436,2
medqa,qwen3-4b,medqa_test_00647,0,0.688846,3
medqa,qwen3-4b,medqa_test_00176,1,0.941382,3
medqa,qwen3-4b,medqa_test_00805,1,0.639374,5
medqa,qwen3-4b,medqa_test_00653,1,0.881586,2
medqa,qwen3-4b,medqa_test_00188,0,0.600005,1
medqa,qwen3-4b,medqa_test_00797,1,0.907681,4
medqa,qwen3-4b,medqa_test_00522,1,0.849297,5
medqa,qwen3-4b,medqa_test_00354,1,0.903519,2
medqa,qwen3-4b,medqa_test_00207,1,0.899136,4
medqa,qwen3-4b,medqa_test_00113,1,0.918281,1
medqa,qwen3-4b,medqa_test_00700,1,0.935908,4
medqa,qwen3-4b,medqa_test_00927,1,0.644126,2
medqa,qwen3-4b,medqa_test_00965,1,0.912527,3
medqa,qwen3-4b,medqa_test_00744,1,0.868738,5
medqa,qwen3-4b,medqa_test_00513,1,0.645534,2
medqa,qwen3-4b,medqa_test_01007,1,0.424768,2
medqa,qwen3-4b,medqa_test_00243,1,0.255556,3
medqa,qwen3-4b,medqa_test_00786,1,0.892435,3
medqa,qwen3-4b,medqa_test_00977,1,0.935521,4
medqa,qwen3-4b,medqa_test_00984,0,0.665873,2
medqa,qwen3-4b,medqa_test_00483,0,0.85908,3
medqa,qwen3-4b,medqa_test_00697,1,0.888342,5
medqa,qwen3-4b,medqa_test_00905,0,0.446881,4
medqa,qwen3-4b,medqa_test_00368,1,0.830187,1
medqa,qwen3-4b,medqa_test_00537,1,0.778027,5
medqa,qwen3-4b,medqa_test_00097,1,0.898277,1
medqa,qwen3-4b,medqa_test_00750,1,0.890958,4
medqa,qwen3-4b,medqa_test_00803,0,0.560783,1
medqa,qwen3-4b,medqa_test_00613,1,0.832948,5
medqa,qwen3-4b,medqa_test_01189,1,0.947099,2
medqa,qwen3-4b,medqa_test_00143,1,0.896229,4
medqa,qwen3-4b,medqa_test_00174,1,0.691558,4
medqa,qwen3-4b,medqa_test_00132,1,0.870337,4
medqa,qwen3-4b,medqa_test_00809,1,0.922847,5
medqa,qwen3-4b,medqa_test_00840,1,0.963262,3
medqa,qwen3-4b,medqa_test_01218,1,0.633955,3
medqa,qwen3-4b,medqa_test_00843,0,0.856092,5
medqa,qwen3-4b,medqa_test_01222,0,0.824851,2
medqa,qwen3-4b,medqa_test_01270,0,0.615726,3
medqa,qwen3-4b,medqa_test_01088,1,0.617005,4
medqa,qwen3-4b,medqa_test_00172,1,0.521451,5
medqa,qwen3-4b,medqa_test_01197,1,0.490005,3
medqa,qwen3-4b,medqa_test_00342,1,0.947938,1
medqa,qwen3-4b,medqa_test_00816,0,0.724757,1
medqa,qwen3-4b,medqa_test_00938,0,0.35292,2
medqa,qwen3-4b,medqa_test_00237,0,0.757777,1
medqa,qwen3-4b,medqa_test_00544,1,0.901699,2
medqa,qwen3-4b,medqa_test_00672,1,0.958031,3
medqa,qwen3-4b,medqa_test_01089,1,0.72116,5
medqa,qwen3-4b,medqa_test_00804,1,0.833109,1
medqa,qwen3-4b,medqa_test_00251,1,0.926979,1
medqa,qwen3-4b,medqa_test_00274,1,0.897094,3
medqa,qwen3-4b,medqa_test_00604,1,0.934009,5
medqa,qwen3-4b,medqa_test_00495,0,0.543344,2
medqa,qwen3-4b,medqa_test_00678,1,0.407287,3
medqa,qwen3-4b,medqa_test_00470,1,0.794808,4
medqa,qwen3-4b,medqa_test_00370,1,0.925109,3
medqa,qwen3-4b,medqa_test_00108,1,0.890933,2
medqa,qwen3-4b,medqa_test_01200,1,0.796471,3
medqa,qwen3-4b,medqa_test_00622,1,0.439052,5
medqa,qwen3-4b,medqa_test_00012,1,0.63834,1
medqa,qwen3-4b,medqa_test_00349,1,0.879795,4
medqa,qwen3-4b,medqa_test_00379,1,0.7079,3
medqa,qwen3-4b,medqa_test_00618,1,0.813802,2
medqa,qwen3-4b,medqa_test_00355,0,0.645824,5
medqa,qwen3-4b,medqa_test_00862,0,0.424514,2
medqa,qwen3-4b,medqa_test_00123,1,0.692328,4
medqa,qwen3-4b,medqa_test_01045,0,0.484702,5
medqa,qwen3-4b,medqa_test_00248,1,0.895257,2
medqa,qwen3-4b,medqa_test_00874,0,0.772204,3
medqa,qwen3-4b,medqa_test_00406,1,0.710965,5
medqa,qwen3-4b,medqa_test_00384,1,0.692067,2
medqa,qwen3-4b,medqa_test_00319,1,0.903554,4
medqa,qwen3-4b,medqa_test_00026,1,0.47088,4
medqa,qwen3-4b,medqa_test_01240,1,0.622074,2
medqa,qwen3-4b,medqa_test_00167,1,0.873638,4
medqa,qwen3-4b,medqa_test_00934,0,0.672279,3
medqa,qwen3-4b,medqa_test_00171,0,0.651621,1
medqa,qwen3-4b,medqa_test_00377,0,0.530089,1
medqa,qwen3-4b,medqa_test_01111,1,0.964228,1
medqa,qwen3-4b,medqa_test_00879,0,0.566209,4
medqa,qwen3-4b,medqa_test_01057,1,0.519779,2
medqa,qwen3-4b,medqa_test_00117,0,0.731734,4
medqa,qwen3-4b,medqa_test_00716,0,0.86914,3
medqa,qwen3-4b,medqa_test_00633,0,0.61383,4
medqa,qwen3-4b,medqa_test_00909,0,0.372518,1
medqa,qwen3-4b,medqa_test_00842,1,0.906159,3
medqa,qwen3-4b,medqa_test_00654,1,0.693333,3
medqa,qwen3-4b,medqa_test_00041,1,0.91881,1
medqa,qwen3-4b,medqa_test_00942,1,0.848251,5
medqa,qwen3-4b,medqa_test_01123,1,0.850118,3
medqa,qwen3-4b,medqa_test_01101,1,0.926409,4
medqa,qwen3-4b,medqa_test_01196,1,0.923927,2
medqa,qwen3-4b,medqa_test_00019,0,0.541286,2
medqa,qwen3-4b,medqa_test_00258,1,0.747861,2
medqa,qwen3-4b,medqa_test_00431,0,0.834704,3
medqa,qwen3-4b,medqa_test_00986,0,0.820349,1
medqa,qwen3-4b,medqa_test_00345,1,0.913425,2
medqa,qwen3-4b,medqa_test_00748,1,0.884469,3
medqa,qwen3-4b,medqa_test_00465,0,0.673274,4
medqa,qwen3-4b,medqa_test_00335,1,0.500093,3
medqa,qwen3-4b,medqa_test_00739,0,0.534558,2
medqa,qwen3-4b,medqa_test_00266,0,0.385238,4
medqa,qwen3-4b,medqa_test_00811,1,0.86641,4
medqa,qwen3-4b,medqa_test_01076,0,0.709157,4
medqa,qwen3-4b,medqa_test_00085,0,0.561892,3
medqa,qwen3-4b,medqa_test_00403,0,0.572336,4
medqa,qwen3-4b,medqa_test_00027,1,0.918317,4
medqa,qwen3-4b,medqa_test_01148,1,0.959948,4
medqa,qwen3-4b,medqa_test_01122,1,0.862543,4
medqa,qwen3-4b,medqa_test_00478,1,0.677237,5
medqa,qwen3-4b,medqa_test_00169,1,0.933825,5
medqa,qwen3-4b,medqa_test_00414,1,0.858913,2
medqa,qwen3-4b,medqa_test_00029,0,0.500686,3
medqa,qwen3-4b,medqa_test_01073,0,0.898345,5
medqa,qwen3-4b,medqa_test_00773,1,0.428166,4
medqa,qwen3-4b,medqa_test_00279,1,0.584788,2
medqa,qwen3-4b,medqa_test_00499,1,0.869755,5
medqa,qwen3-4b,medqa_test_00225,1,0.943448,2
medqa,qwen3-4b,medqa_test_00559,1,0.945746,2
medqa,qwen3-4b,medqa_test_00770,1,0.927806,5
medqa,qwen3-4b,medqa_test_00399,1,0.578781,4
medqa,qwen3-4b,medqa_test_00305,1,0.887543,4
medqa,qwen3-4b,medqa_test_00360,1,0.852099,5
medqa,qwen3-4b,medqa_test_01141,1,0.888948,5
medqa,qwen3-4b,medqa_test_01054,1,0.704134,4
medqa,qwen3-4b,medqa_test_00690,1,0.520746,4
medqa,qwen3-4b,medqa_test_00020,1,0.756983,3
medqa,qwen3-4b,medqa_test_01009,1,0.773441,4
medqa,qwen3-4b,medqa_test_00398,1,0.920488,4
medqa,qwen3-4b,medqa_test_01169,1,0.806943,4
medqa,qwen3-4b,medqa_test_00211,0,0.761873,2
medqa,qwen3-4b,medqa_test_00063,1,0.560668,1
medqa,qwen3-4b,medqa_test_00425,0,0.711748,4
medqa,qwen3-4b,medqa_test_01015,1,0.890877,2
medqa,qwen3-4b,medqa_test_00846,1,0.773564,5
medqa,qwen3-4b,medqa_test_00417,1,0.903144,5
medqa,qwen3-4b,medqa_test_01190,1,0.883984,4
medqa,qwen3-4b,medqa_test_00219,1,0.688817,3
medqa,qwen3-4b,medqa_test_00156,1,0.847788,2
medqa,qwen3-4b,medqa_test_00236,1,0.952695,5
medqa,qwen3-4b,medqa_test_01046,1,0.899481,3
medqa,qwen3-4b,medqa_test_00999,1,0.740084,3
medqa,qwen3-4b,medqa_test_00553,1,0.949866,4
medqa,qwen3-4b,medqa_test_01160,1,0.909358,2
medqa,qwen3-4b,medqa_test_00943,1,0.957987,3
medqa,qwen3-4b,medqa_test_00916,1,0.754253,2
medqa,qwen3-4b,medqa_test_00705,1,0.894113,2
medqa,qwen3-4b,medqa_test_01178,1,0.887808,4
medqa,qwen3-4b,medqa_test_00079,1,0.600237,3
medqa,qwen3-4b,medqa_test_00450,1,0.763037,3
medqa,qwen3-4b,medqa_test_00281,1,0.942811,2
medqa,qwen3-4b,medqa_test_00967,0,0.610339,2
medqa,qwen3-4b,medqa_test_00641,1,0.901203,2
medqa,qwen3-4b,medqa_test_00533,1,0.866917,4
medqa,qwen3-4b,medqa_test_00253,1,0.617477,2
medqa,qwen3-4b,medqa_test_00265,0,0.579913,5
medqa,qwen3-4b,medqa_test_01094,0,0.628117,1
medqa,qwen3-4b,medqa_test_01147,1,0.778814,5
medqa,qwen3-4b,medqa_test_00162,1,0.905409,4
medqa,qwen3-4b,medqa_test_00456,0,0.121621,2
medqa,qwen3-4b,medqa_test_00732,1,0.758652,4
medqa,qwen3-4b,medqa_test_00436,1,0.735022,2
medqa,qwen3-4b,medqa_test_00516,1,0.907417,5
medqa,qwen3-4b,medqa_test_00453,1,0.288445,3
medqa,qwen3-4b,medqa_test_00324,1,0.883654,5
medqa,qwen3-4b,medqa_test_01115,1,0.77311,5
medqa,qwen3-4b,medqa_test_00572,1,0.38997,1
medqa,qwen3-4b,medqa_test_01004,0,0.642739,2
medqa,qwen3-4b,medqa_test_01082,1,0.924297,4
medqa,qwen3-4b,medqa_test_00136,1,0.903099,4
medqa,qwen3-4b,medqa_test_00467,0,0.546545,1
medqa,qwen3-4b,medqa_test_01049,1,0.926676,2
medqa,qwen3-4b,medqa_test_01165,1,0.951492,4
medqa,qwen3-4b,medqa_test_00475,1,0.694425,1
medqa,qwen3-4b,medqa_test_00915,1,0.76657,2
medqa,qwen3-4b,medqa_test_00671,1,0.928313,1
medqa,qwen3-4b,medqa_test_01243,1,0.6764,3
medqa,qwen3-4b,medqa_test_00800,1,0.879704,1
medqa,qwen3-4b,medqa_test_00506,1,0.558248,3
medqa,qwen3-4b,medqa_test_01220,1,0.339152,2
medqa,qwen3-4b,medqa_test_00199,1,0.799346,5
medqa,qwen3-4b,medqa_test_00589,1,0.692263,2
medqa,qwen3-4b,medqa_test_00424,1,0.919712,1
medqa,qwen3-4b,medqa_test_01217,1,0.801881,1
medqa,qwen3-4b,medqa_test_01063,1,0.943311,1
medqa,qwen3-4b,medqa_test_00625,1,0.647485,2
medqa,qwen3-4b,medqa_test_00486,1,0.626814,2
medqa,qwen3-4b,medqa_test_01229,0,0.577907,2
medqa,qwen3-4b,medqa_test_00047,1,0.795753,5
medqa,qwen3-4b,medqa_test_00838,1,0.918383,4
medqa,qwen3-4b,medqa_test_00230,1,0.945911,4
medqa,qwen3-4b,medqa_test_01023,0,0.720202,3
medqa,qwen3-4b,medqa_test_01019,1,0.715957,2
medqa,qwen3-4b,medqa_test_00343,1,0.709099,5
medqa,qwen3-4b,medqa_test_00981,1,0.94044,1
medqa,qwen3-4b,medqa_test_00648,1,0.944527,1
medqa,qwen3-4b,medqa_test_00527,1,0.813434,3
medqa,qwen3-4b,medqa_test_00086,1,0.893464,4
medqa,qwen3-4b,medqa_test_00674,1,0.951153,4
medqa,qwen3-4b,medqa_test_01156,1,0.806906,5
medqa,qwen3-4b,medqa_test_00721,1,0.870693,2
medqa,qwen3-4b,medqa_test_00881,1,0.799155,5
medqa,qwen3-4b,medqa_test_01214,0,0.725472,3
medqa,qwen3-4b,medqa_test_00329,0,0.891723,5
medqa,qwen3-4b,medqa_test_00621,0,0.562838,4
medqa,qwen3-4b,medqa_test_01017,1,0.886199,1
medqa,qwen3-4b,medqa_test_00293,1,0.791494,5
medqa,qwen3-4b,medqa_test_00311,1,0.850255,5
medqa,qwen3-4b,medqa_test_00000,0,0.467379,5
medqa,qwen3-4b,medqa_test_00561,1,0.677833,2
medqa,qwen3-4b,medqa_test_00308,1,0.940872,4
medqa,qwen3-4b,medqa_test_00582,0,0.916824,2
medqa,qwen3-4b,medqa_test_00693,1,0.833093,3
medqa,qwen3-4b,medqa_test_00388,1,0.834506,4
medqa,qwen3-4b,medqa_test_00914,1,0.868983,4
medqa,qwen3-4b,medqa_test_00430,1,0.933237,3
medqa,qwen3-4b,medqa_test_00863,1,0.560051,5
medqa,qwen3-4b,medqa_test_01097,1,0.840368,1
medqa,qwen3-4b,medqa_test_00302,1,0.93283,3
medqa,qwen3-4b,medqa_test_00713,1,0.961199,5
medqa,qwen3-4b,medqa_test_01199,1,0.359433,1
medqa,qwen3-4b,medqa_test_00418,1,0.948015,3
medqa,qwen3-4b,medqa_test_00316,1,0.142685,5
medqa,qwen3-4b,medqa_test_00519,0,0.655708,5
medqa,qwen3-4b,medqa_test_00961,1,0.693702,2
medqa,qwen3-4b,medqa_test_00737,0,0.921236,5
medqa,qwen3-4b,medqa_test_00127,1,0.923871,5
medqa,qwen3-4b,medqa_test_00784,0,0.676964,1
medqa,qwen3-4b,medqa_test_01109,1,0.924314,2
medqa,qwen3-4b,medqa_test_00680,1,0.960742,1
medqa,qwen3-4b,medqa_test_00930,1,0.877673,3
medqa,qwen3-4b,medqa_test_00441,1,0.799334,2
medqa,qwen3-4b,medqa_test_00372,0,0.439157,1
medqa,qwen3-4b,medqa_test_01061,1,0.837418,1
medqa,qwen3-4b,medqa_test_00925,1,0.952674,4
medqa,qwen3-4b,medqa_test_00992,1,0.806643,1
medqa,qwen3-4b,medqa_test_00551,0,0.613642,5
medqa,qwen3-4b,medqa_test_01127,1,0.925249,1
medqa,qwen3-4b,medqa_test_00783,1,0.927009,4
medqa,qwen3-4b,medqa_test_01066,0,0.578251,1
medqa,qwen3-4b,medqa_test_01144,1,0.652387,3
medqa,qwen3-4b,medqa_test_00260,1,0.34799,3
medqa,qwen3-4b,medqa_test_01181,1,0.891081,2
medqa,qwen3-4b,medqa_test_00394,1,0.89118,2
medqa,qwen3-4b,medqa_test_00523,1,0.926831,1
medqa,qwen3-4b,medqa_test_00620,1,0.734576,5
medqa,qwen3-4b,medqa_test_01072,1,0.936482,3
medqa,qwen3-4b,medqa_test_00746,1,0.879057,3
medqa,qwen3-4b,medqa_test_00353,1,0.859382,4
medqa,qwen3-4b,medqa_test_00444,1,0.887522,3
medqa,qwen3-4b,medqa_test_00111,1,0.891571,4
medqa,qwen3-4b,medqa_test_01198,0,0.710211,1
medqa,qwen3-4b,medqa_test_00594,0,0.868498,3
medqa,qwen3-4b,medqa_test_00028,1,0.816391,2
medqa,qwen3-4b,medqa_test_00339,1,0.860565,4
medqa,qwen3-4b,medqa_test_00549,0,0.561913,5
medqa,qwen3-4b,medqa_test_00409,1,0.933258,5
medqa,qwen3-4b,medqa_test_00521,1,0.904153,2
medqa,qwen3-4b,medqa_test_00656,1,0.818445,1
medqa,qwen3-4b,medqa_test_00359,1,0.855883,2
medqa,qwen3-4b,medqa_test_00791,0,0.206651,5
medqa,qwen3-4b,medqa_test_00071,1,0.77021,2
medqa,qwen3-4b,medqa_test_01176,1,0.52237,5
medqa,qwen3-4b,medqa_test_00408,1,0.772035,1
medqa,qwen3-4b,medqa_test_00197,1,0.928926,3
medqa,qwen3-4b,medqa_test_00675,0,0.234788,3
medqa,qwen3-4b,medqa_test_00024,0,0.691656,4
medqa,qwen3-4b,medqa_test_01146,1,0.897831,4
medqa,qwen3-4b,medqa_test_00233,1,0.870892,1
medqa,qwen3-4b,medqa_test_00814,1,0.620011,3
medqa,qwen3-4b,medqa_test_00358,1,0.640324,1
medqa,qwen3-4b,medqa_test_01113,1,0.832766,2
medqa,qwen3-4b,medqa_test_00204,0,0.543357,4
medqa,qwen3-4b,medqa_test_00481,1,0.887601,1
medqa,qwen3-4b,medqa_test_01124,1,0.792766,4
medqa,qwen3-4b,medqa_test_00391,1,0.901113,2
medqa,qwen3-4b,medqa_test_00806,0,0.843782,5
medqa,qwen3-4b,medqa_test_01215,0,0.653094,2
medqa,qwen3-4b,medqa_test_00273,0,0.841987,4
medqa,qwen3-4b,medqa_test_00254,1,0.803578,5
medqa,qwen3-4b,medqa_test_00970,1,0.65582,2
medqa,qwen3-4b,medqa_test_01256,1,0.807969,4
medqa,qwen3-4b,medqa_test_00421,1,0.608996,3
medqa,qwen3-4b,medqa_test_00801,1,0.268722,1
medqa,qwen3-4b,medqa_test_01134,0,0.593892,2
medqa,qwen3-4b,medqa_test_00754,1,0.551716,5
medqa,qwen3-4b,medqa_test_00025,1,0.885875,3
medqa,qwen3-4b,medqa_test_00181,1,0.558166,3
medqa,qwen3-4b,medqa_test_00830,0,0.811262,2
medqa,qwen3-4b,medqa_test_00166,1,0.814526,2
medqa,qwen3-4b,medqa_test_00767,1,0.798119,2
medqa,qwen3-4b,medqa_test_00635,1,0.911942,3
medqa,qwen3-4b,medqa_test_00362,0,0.720343,5
medqa,qwen3-4b,medqa_test_00105,1,0.921308,5
medqa,qwen3-4b,medqa_test_00682,0,0.665036,2
medqa,qwen3-4b,medqa_test_00698,1,0.61863,3
medqa,qwen3-4b,medqa_test_00908,0,0.734766,4
medqa,qwen3-4b,medqa_test_00982,1,0.873868,5
medqa,qwen3-4b,medqa_test_00815,1,0.853586,5
medqa,qwen3-4b,medqa_test_00373,1,0.642473,5
medqa,qwen3-4b,medqa_test_00315,1,0.847604,5
medqa,qwen3-4b,medqa_test_00042,1,0.916204,3
medqa,qwen3-4b,medqa_test_01158,1,0.343153,4
medqa,qwen3-4b,medqa_test_01239,1,0.558412,3
medqa,qwen3-4b,medqa_test_00151,1,0.716461,5
medqa,qwen3-4b,medqa_test_00565,1,0.878978,4
medqa,qwen3-4b,medqa_test_01179,0,0.522826,1
medqa,qwen3-4b,medqa_test_00854,1,0.643615,2
medqa,qwen3-4b,medqa_test_00036,0,0.612417,5
medqa,qwen3-4b,medqa_test_00558,1,0.804839,2
medqa,qwen3-4b,medqa_test_00152,1,0.386007,1
medqa,qwen3-4b,medqa_test_00707,1,0.923771,2
medqa,qwen3-4b,medqa_test_00077,0,0.404816,3
medqa,qwen3-4b,medqa_test_01192,1,0.790397,4
medqa,qwen3-4b,medqa_test_00955,1,0.787402,2
medqa,qwen3-4b,medqa_test_00574,1,0.806352,5
medqa,qwen3-4b,medqa_test_01035,0,0.589665,2
medqa,qwen3-4b,medqa_test_00722,1,0.717857,3
medqa,qwen3-4b,medqa_test_00564,0,0.655487,4
medqa,qwen3-4b,medqa_test_00452,0,0.318133,5
medqa,qwen3-4b,medqa_test_00268,1,0.860908,3
medqa,qwen3-4b,medqa_test_00652,1,0.360997,1
medqa,qwen3-4b,medqa_test_00133,1,0.875077,1
medqa,qwen3-4b,medqa_test_00341,1,0.894367,4
medqa,qwen3-4b,medqa_test_00003,0,0.553422,4
medqa,qwen3-4b,medqa_test_01167,1,0.896041,1
medqa,qwen3-4b,medqa_test_00849,1,0.930974,5
medqa,qwen3-4b,medqa_test_01105,1,0.923577,4
medqa,qwen3-4b,medqa_test_00903,1,0.702029,1
medqa,qwen3-4b,medqa_test_00094,1,0.739407,4
medqa,qwen3-4b,medqa_test_01112,1,0.920882,1
medqa,qwen3-4b,medqa_test_00517,1,0.729391,2
medqa,qwen3-4b,medqa_test_01053,1,0.772835,1
medqa,qwen3-4b,medqa_test_01005,1,0.908121,5
medqa,qwen3-4b,medqa_test_00703,1,0.882442,4
medqa,qwen3-4b,medqa_test_00208,1,0.924144,5
medqa,qwen3-4b,medqa_test_00734,1,0.659901,4
medqa,qwen3-4b,medqa_test_00215,1,0.799771,1
medqa,qwen3-4b,medqa_test_00619,1,0.867629,4
medqa,qwen3-4b,medqa_test_00288,1,0.565811,4
medqa,qwen3-4b,medqa_test_00278,0,0.418832,3
medqa,qwen3-4b,medqa_test_00760,1,0.80496,3
medqa,qwen3-4b,medqa_test_01119,0,0.558442,2
medqa,qwen3-4b,medqa_test_01075,0,0.684497,4
medqa,qwen3-4b,medqa_test_00106,0,0.680605,1
medqa,qwen3-4b,medqa_test_00836,1,0.938576,1
medqa,qwen3-4b,medqa_test_00008,1,0.820085,3
medqa,qwen3-4b,medqa_test_01231,1,0.94824,4
medqa,qwen3-4b,medqa_test_00669,1,0.712313,3
medqa,qwen3-4b,medqa_test_00826,0,0.50921,1
medqa,qwen3-4b,medqa_test_00626,1,0.704288,2
medqa,qwen3-4b,medqa_test_00309,1,0.784817,5
medqa,qwen3-4b,medqa_test_00853,1,0.49217,5
medqa,qwen3-4b,medqa_test_00448,0,0.739279,3
medqa,qwen3-4b,medqa_test_00291,0,0.649107,5
medqa,qwen3-4b,medqa_test_00378,0,0.7073,4
medqa,qwen3-4b,medqa_test_00900,1,0.808281,5
medqa,qwen3-4b,medqa_test_01024,1,0.961961,5
medqa,qwen3-4b,medqa_test_00357,1,0.455462,3
medqa,qwen3-4b,medqa_test_00966,0,0.81441,3
medqa,qwen3-4b,medqa_test_00218,1,0.903759,2
medqa,qwen3-4b,medqa_test_00550,0,0.750854,1
medqa,qwen3-4b,medqa_test_00102,1,0.860283,5
medqa,qwen3-4b,medqa_test_00576,0,0.701088,5
medqa,qwen3-4b,medqa_test_00636,1,0.923302,5
medqa,qwen3-4b,medqa_test_01191,1,0.838079,1
medqa,qwen3-4b,medqa_test_00009,1,0.467571,5
medqa,qwen3-4b,medqa_test_00074,0,0.715226,3
medqa,qwen3-4b,medqa_test_00769,1,0.853093,3
medqa,qwen3-4b,medqa_test_00951,0,0.532873,4
medqa,qwen3-4b,medqa_test_00974,1,0.938969,1
medqa,qwen3-4b,medqa_test_00307,0,0.81036,3
medqa,qwen3-4b,medqa_test_00660,1,0.350735,3
medqa,qwen3-4b,medqa_test_00687,0,0.563258,2
medqa,qwen3-4b,medqa_test_00134,1,0.944595,5
medqa,qwen3-4b,medqa_test_00405,1,0.779489,2
medqa,qwen3-4b,medqa_test_00271,0,0.758765,4
medqa,qwen3-4b,medqa_test_01012,0,0.830371,1
medqa,qwen3-4b,medqa_test_00733,1,0.870992,3
medqa,qwen3-4b,medqa_test_00685,1,0.773405,2
medqa,qwen3-4b,medqa_test_00957,1,0.855822,4
medqa,qwen3-4b,medqa_test_00535,1,0.955413,4
medqa,qwen3-4b,medqa_test_00578,1,0.784132,5
medqa,qwen3-4b,medqa_test_00597,1,0.574452,4
medqa,qwen3-4b,medqa_test_01205,1,0.783422,3
medqa,qwen3-4b,medqa_test_00083,1,0.590231,2
medqa,qwen3-4b,medqa_test_00040,1,0.919938,1
medqa,qwen3-4b,medqa_test_00608,1,0.880841,4
medqa,qwen3-4b,medqa_test_00252,1,0.366524,1
medqa,qwen3-4b,medqa_test_00911,1,0.559918,5
medqa,qwen3-4b,medqa_test_00964,1,0.555406,3
medqa,qwen3-4b,medqa_test_00122,1,0.913975,2
medqa,qwen3-4b,medqa_test_00240,1,0.915456,5
medqa,qwen3-4b,medqa_test_01067,1,0.73394,2
medqa,qwen3-4b,medqa_test_00691,1,0.927459,1
medqa,qwen3-4b,medqa_test_00609,1,0.428057,1
medqa,qwen3-4b,medqa_test_00070,1,0.704488,1
medqa,qwen3-4b,medqa_test_00190,1,0.834972,3
medqa,qwen3-4b,medqa_test_00871,1,0.912594,4
medqa,qwen3-4b,medqa_test_00082,1,0.837229,1
mmlu_pro,qwen3-4b,mmlu_pro_test_04946,0,0.634595,1
mmlu_pro,qwen3-4b,mmlu_pro_test_06900,1,0.951777,2
mmlu_pro,qwen3-4b,mmlu_pro_test_01405,0,0.519334,2
mmlu_pro,qwen3-4b,mmlu_pro_test_03199,1,0.858967,3
mmlu_pro,qwen3-4b,mmlu_pro_test_00399,0,0.936285,5
mmlu_pro,qwen3-4b,mmlu_pro_test_06405,1,0.958152,3
mmlu_pro,qwen3-4b,mmlu_pro_test_07379,0,0.547294,3
mmlu_pro,qwen3-4b,mmlu_pro_test_02736,1,0.933549,2
mmlu_pro,qwen3-4b,mmlu_pro_test_08299,1,0.853516,1
mmlu_pro,qwen3-4b,mmlu_pro_test_11265,1,0.847501,4
mmlu_pro,qwen3-4b,mmlu_pro_test_02400,1,0.788363,1
mmlu_pro,qwen3-4b,mmlu_pro_test_00612,0,0.604543,5
mmlu_pro,qwen3-4b,mmlu_pro_test_04994,0,0.58287,1
mmlu_pro,qwen3-4b,mmlu_pro_test_02961,1,0.926076,1
mmlu_pro,qwen3-4b,mmlu_pro_test_08614,1,0.975509,5
mmlu_pro,qwen3-4b,mmlu_pro_test_05716,1,0.79153,5
mmlu_pro,qwen3-4b,mmlu_pro_test_11338,1,0.567483,5
mmlu_pro,qwen3-4b,mmlu_pro_test_07664,1,0.985273,2
mmlu_pro,qwen3-4b,mmlu_pro_test_03616,1,0.888872,1
mmlu_pro,qwen3-4b,mmlu_pro_test_09605,1,0.9196,4
mmlu_pro,qwen3-4b,mmlu_pro_test_02354,1,0.640733,5
mmlu_pro,qwen3-4b,mmlu_pro_test_04767,0,0.87459,1
mmlu_pro,qwen3-4b,mmlu_pro_test_05252,1,0.898176,1
mmlu_pro,qwen3-4b,mmlu_pro_test_01206,0,0.231167,2
mmlu_pro,qwen3-4b,mmlu_pro_test_10247,1,0.866392,4
mmlu_pro,qwen3-4b,mmlu_pro_test_07963,1,0.935714,3
mmlu_pro,qwen3-4b,mmlu_pro_test_01449,0,0.80445,4
mmlu_pro,qwen3-4b,mmlu_pro_test_08489,1,0.951612,1
mmlu_pro,qwen3-4b,mmlu_pro_test_07315,1,0.663246,3
mmlu_pro,qwen3-4b,mmlu_pro_test_07308,0,0.575281,3
mmlu_pro,qwen3-4b,mmlu_pro_test_03640,1,0.920707,2
mmlu_pro,qwen3-4b,mmlu_pro_test_05875,1,0.855872,2
mmlu_pro,qwen3-4b,mmlu_pro_test_00209,1,0.926739,3
mmlu_pro,qwen3-4b,mmlu_pro_test_10639,0,0.747317,3
mmlu_pro,qwen3-4b,mmlu_pro_test_07624,1,0.968519,4
mmlu_pro,qwen3-4b,mmlu_pro_test_08841,1,0.918093,1
mmlu_pro,qwen3-4b,mmlu_pro_test_10104,1,0.949485,4
mmlu_pro,qwen3-4b,mmlu_pro_test_08182,1,0.801396,1
mmlu_pro,qwen3-4b,mmlu_pro_test_07610,1,0.777946,4
mmlu_pro,qwen3-4b,mmlu_pro_test_01518,1,0.379502,4
mmlu_pro,qwen3-4b,mmlu_pro_test_11897,0,0.47908,5
mmlu_pro,qwen3-4b,mmlu_pro_test_03821,1,0.965109,3
mmlu_pro,qwen3-4b,mmlu_pro_test_02666,1,0.551152,5
mmlu_pro,qwen3-4b,mmlu_pro_test_00552,1,0.967496,4
mmlu_pro,qwen3-4b,mmlu_pro_test_04762,1,0.860302,2
mmlu_pro,qwen3-4b,mmlu_pro_test_10305,1,0.972534,5
mmlu_pro,qwen3-4b,mmlu_pro_test_10990,0,0.578093,2
mmlu_pro,qwen3-4b,mmlu_pro_test_10376,1,0.641544,3
mmlu_pro,qwen3-4b,mmlu_pro_test_07465,1,0.91069,5
mmlu_pro,qwen3-4b,mmlu_pro_test_06478,1,0.248145,4
mmlu_pro,qwen3-4b,mmlu_pro_test_07227,1,0.935299,1
mmlu_pro,qwen3-4b,mmlu_pro_test_08081,1,0.977139,2
mmlu_pro,qwen3-4b,mmlu_pro_test_02006,1,0.230329,1
mmlu_pro,qwen3-4b,mmlu_pro_test_06169,1,0.984067,4
mmlu_pro,qwen3-4b,mmlu_pro_test_00777,1,0.977611,4
mmlu_pro,qwen3-4b,mmlu_pro_test_03086,1,0.962915,2
mmlu_pro,qwen3-4b,mmlu_pro_test_06764,0,0.836236,4
mmlu_pro,qwen3-4b,mmlu_pro_test_04577,0,0.707882,2
mmlu_pro,qwen3-4b,mmlu_pro_test_04648,1,0.574895,2
mmlu_pro,qwen3-4b,mmlu_pro_test_07086,1,0.403873,5
mmlu_pro,qwen3-4b,mmlu_pro_test_07073,1,0.928884,3
mmlu_pro,qwen3-4b,mmlu_pro_test_02543,1,0.696531,3
mmlu_pro,qwen3-4b,mmlu_pro_test_09545,1,0.960799,2
mmlu_pro,qwen3-4b,mmlu_pro_test_05814,1,0.945391,3
mmlu_pro,qwen3-4b,mmlu_pro_test_10619,0,0.637154,1
mmlu_pro,qwen3-4b,mmlu_pro_test_02239,0,0.136372,2
mmlu_pro,qwen3-4b,mmlu_pro_test_04531,1,0.641913,4
mmlu_pro,qwen3-4b,mmlu_pro_test_05901,1,0.628812,2
mmlu_pro,qwen3-4b,mmlu_pro_test_04600,0,0.615296,4
mmlu_pro,qwen3-4b,mmlu_pro_test_03938,1,0.961306,5
mmlu_pro,qwen3-4b,mmlu_pro_test_04737,0,0.658507,3
mmlu_pro,qwen3-4b,mmlu_pro_test_08707,1,0.982358,4
mmlu_pro,qwen3-4b,mmlu_pro_test_06047,1,0.886816,1
mmlu_pro,qwen3-4b,mmlu_pro_test_10314,1,0.372564,5
mmlu_pro,qwen3-4b,mmlu_pro_test_06344,0,0.663619,2
mmlu_pro,qwen3-4b,mmlu_pro_test_07781,1,0.90738,4
mmlu_pro,qwen3-4b,mmlu_pro_test_01909,1,0.706402,1
mmlu_pro,qwen3-4b,mmlu_pro_test_07841,1,0.960477,1
mmlu_pro,qwen3-4b,mmlu_pro_test_02367,0,0.45727,5
mmlu_pro,qwen3-4b,mmlu_pro_test_03243,1,0.777977,4
mmlu_pro,qwen3-4b,mmlu_pro_test_03551,1,0.921084,4
mmlu_pro,qwen3-4b,mmlu_pro_test_00105,1,0.703286,4
mmlu_pro,qwen3-4b,mmlu_pro_test_10480,1,0.890228,4
mmlu_pro,qwen3-4b,mmlu_pro_test_07621,1,0.888045,1
mmlu_pro,qwen3-4b,mmlu_pro_test_05290,0,0.659214,4
mmlu_pro,qwen3-4b,mmlu_pro_test_06374,1,0.292469,1
mmlu_pro,qwen3-4b,mmlu_pro_test_04854,1,0.883234,4
mmlu_pro,qwen3-4b,mmlu_pro_test_01994,1,0.850348,1
mmlu_pro,qwen3-4b,mmlu_pro_test_08531,1,0.667432,4
mmlu_pro,qwen3-4b,mmlu_pro_test_07336,0,0.753184,4
mmlu_pro,qwen3-4b,mmlu_pro_test_03296,1,0.561967,2
mmlu_pro,qwen3-4b,mmlu_pro_test_01155,0,0.544045,1
mmlu_pro,qwen3-4b,mmlu_pro_test_04641,1,0.766862,5
mmlu_pro,qwen3-4b,mmlu_pro_test_06440,1,0.164384,2
mmlu_pro,qwen3-4b,mmlu_pro_test_04810,0,0.631344,1
mmlu_pro,qwen3-4b,mmlu_pro_test_06683,1,0.839946,3
mmlu_pro,qwen3-4b,mmlu_pro_test_10242,1,0.769577,3
mmlu_pro,qwen3-4b,mmlu_pro_test_06474,1,0.900701,3
mmlu_pro,qwen3-4b,mmlu_pro_test_01722,1,0.549511,4
mmlu_pro,qwen3-4b,mmlu_pro_test_00075,1,0.966795,1
mmlu_pro,qwen3-4b,mmlu_pro_test_01510,1,0.857898,1
mmlu_pro,qwen3-4b,mmlu_pro_test_07068,1,0.830803,1
mmlu_pro,qwen3-4b,mmlu_pro_test_01471,0,0.680766,4
mmlu_pro,qwen3-4b,mmlu_pro_test_04667,0,0.834107,2
mmlu_pro,qwen3-4b,mmlu_pro_test_04596,1,0.692278,2
mmlu_pro,qwen3-4b,mmlu_pro_test_11048,0,0.654815,1
mmlu_pro,qwen3-4b,mmlu_pro_test_08599,1,0.974643,2
mmlu_pro,qwen3-4b,mmlu_pro_test_06330,1,0.753753,4
mmlu_pro,qwen3-4b,mmlu_pro_test_09589,1,0.965626,3
mmlu_pro,qwen3-4b,mmlu_pro_test_10859,1,0.891753,3
mmlu_pro,qwen3-4b,mmlu_pro_test_01851,0,0.791465,5
mmlu_pro,qwen3-4b,mmlu_pro_test_05334,1,0.378569,1
mmlu_pro,qwen3-4b,mmlu_pro_test_04323,1,0.705267,2
mmlu_pro,qwen3-4b,mmlu_pro_test_02899,1,0.964467,4
mmlu_pro,qwen3-4b,mmlu_pro_test_06094,1,0.805919,2
mmlu_pro,qwen3-4b,mmlu_pro_test_10249,1,0.903236,1
mmlu_pro,qwen3-4b,mmlu_pro_test_01216,0,0.32838,4
mmlu_pro,qwen3-4b,mmlu_pro_test_10777,0,0.56235,5
mmlu_pro,qwen3-4b,mmlu_pro_test_03186,1,0.84439,1
mmlu_pro,qwen3-4b,mmlu_pro_test_00193,1,0.813505,3
mmlu_pro,qwen3-4b,mmlu_pro_test_06476,0,0.647334,2
mmlu_pro,qwen3-4b,mmlu_pro_test_03128,1,0.844154,2
mmlu_pro,qwen3-4b,mmlu_pro_test_06423,1,0.791268,1
mmlu_pro,qwen3-4b,mmlu_pro_test_04220,1,0.927779,1
mmlu_pro,qwen3-4b,mmlu_pro_test_02619,1,0.85201,4
mmlu_pro,qwen3-4b,mmlu_pro_test_07547,1,0.894882,4
mmlu_pro,qwen3-4b,mmlu_pro_test_03546,1,0.949532,3
mmlu_pro,qwen3-4b,mmlu_pro_test_05346,1,0.049869,3
mmlu_pro,qwen3-4b,mmlu_pro_test_02989,0,0.501854,3
mmlu_pro,qwen3-4b,mmlu_pro_test_07670,1,0.952487,4
mmlu_pro,qwen3-4b,mmlu_pro_test_01054,1,0.218866,2
mmlu_pro,qwen3-4b,mmlu_pro_test_07105,1,0.899136,2
mmlu_pro,qwen3-4b,mmlu_pro_test_03107,0,0.659963,3
mmlu_pro,qwen3-4b,mmlu_pro_test_10196,1,0.950193,4
mmlu_pro,qwen3-4b,mmlu_pro_test_10696,0,0.538651,2
mmlu_pro,qwen3-4b,mmlu_pro_test_02622,1,0.796017,5
mmlu_pro,qwen3-4b,mmlu_pro_test_02098,1,0.961501,2
mmlu_pro,qwen3-4b,mmlu_pro_test_01873,1,0.503489,2
mmlu_pro,qwen3-4b,mmlu_pro_test_02310,1,0.813115,1
mmlu_pro,qwen3-4b,mmlu_pro_test_04768,1,0.894586,3
mmlu_pro,qwen3-4b,mmlu_pro_test_00538,1,0.980092,4
mmlu_pro,qwen3-4b,mmlu_pro_test_08558,1,0.903097,1
mmlu_pro,qwen3-4b,mmlu_pro_test_02212,1,0.851572,3
mmlu_pro,qwen3-4b,mmlu_pro_test_00294,1,0.599365,1
mmlu_pro,qwen3-4b,mmlu_pro_test_10274,0,0.712576,1
mmlu_pro,qwen3-4b,mmlu_pro_test_00677,1,0.827031,1
mmlu_pro,qwen3-4b,mmlu_pro_test_06106,1,0.555801,4
mmlu_pro,qwen3-4b,mmlu_pro_test_01153,0,0.625345,4
mmlu_pro,qwen3-4b,mmlu_pro_test_10822,0,0.061593,2
mmlu_pro,qwen3-4b,mmlu_pro_test_00244,0,0.192584,2
mmlu_pro,qwen3-4b,mmlu_pro_test_05645,1,0.722597,4
mmlu_pro,qwen3-4b,mmlu_pro_test_01750,0,0.74378,1
mmlu_pro,qwen3-4b,mmlu_pro_test_01875,0,0.93165,1
mmlu_pro,qwen3-4b,mmlu_pro_test_01105,1,0.70249,1
mmlu_pro,qwen3-4b,mmlu_pro_test_06414,1,0.829603,3
mmlu_pro,qwen3-4b,mmlu_pro_test_03360,1,0.574287,1
mmlu_pro,qwen3-4b,mmlu_pro_test_01281,0,0.629174,2
mmlu_pro,qwen3-4b,mmlu_pro_test_06933,1,0.972576,2
mmlu_pro,qwen3-4b,mmlu_pro_test_07300,0,0.477739,4
mmlu_pro,qwen3-4b,mmlu_pro_test_07745,0,0.624308,3
mmlu_pro,qwen3-4b,mmlu_pro_test_05863,1,0.514343,4
mmlu_pro,qwen3-4b,mmlu_pro_test_10821,0,0.749126,4
mmlu_pro,qwen3-4b,mmlu_pro_test_00578,1,0.977521,4
mmlu_pro,qwen3-4b,mmlu_pro_test_01634,0,0.496146,3
mmlu_pro,qwen3-4b,mmlu_pro_test_01115,0,0.549909,4
mmlu_pro,qwen3-4b,mmlu_pro_test_01088,0,0.441929,2
mmlu_pro,qwen3-4b,mmlu_pro_test_09247,1,0.85565,3
mmlu_pro,qwen3-4b,mmlu_pro_test_09552,1,0.749905,2
mmlu_pro,qwen3-4b,mmlu_pro_test_06472,1,0.803597,5
mmlu_pro,qwen3-4b,mmlu_pro_test_00943,1,0.660685,2
mmlu_pro,qwen3-4b,mmlu_pro_test_05483,1,0.555989,5
mmlu_pro,qwen3-4b,mmlu_pro_test_00233,1,0.390003,4
mmlu_pro,qwen3-4b,mmlu_pro_test_00994,0,0.397428,4
mmlu_pro,qwen3-4b,mmlu_pro_test_00881,1,0.86016,2
mmlu_pro,qwen3-4b,mmlu_pro_test_06356,1,0.470748,2
mmlu_pro,qwen3-4b,mmlu_pro_test_05571,0,0.591099,5
mmlu_pro,qwen3-4b,mmlu_pro_test_05042,1,0.955355,3
mmlu_pro,qwen3-4b,mmlu_pro_test_06964,1,0.686518,1
mmlu_pro,qwen3-4b,mmlu_pro_test_12001,1,0.949851,2
mmlu_pro,qwen3-4b,mmlu_pro_test_09661,1,0.879106,5
mmlu_pro,qwen3-4b,mmlu_pro_test_06324,1,0.621748,1
mmlu_pro,qwen3-4b,mmlu_pro_test_08046,1,0.905301,2
mmlu_pro,qwen3-4b,mmlu_pro_test_11328,1,0.939157,4
mmlu_pro,qwen3-4b,mmlu_pro_test_10848,1,0.134233,2
mmlu_pro,qwen3-4b,mmlu_pro_test_09027,1,0.925916,4
mmlu_pro,qwen3-4b,mmlu_pro_test_06780,1,0.806383,2
mmlu_pro,qwen3-4b,mmlu_pro_test_06430,1,0.769556,3
mmlu_pro,qwen3-4b,mmlu_pro_test_09215,1,0.958614,1
mmlu_pro,qwen3-4b,mmlu_pro_test_08916,0,0.954053,3
mmlu_pro,qwen3-4b,mmlu_pro_test_03285,1,0.854423,1
mmlu_pro,qwen3-4b,mmlu_pro_test_00232,1,0.9714,5
mmlu_pro,qwen3-4b,mmlu_pro_test_07952,1,0.958535,1
mmlu_pro,qwen3-4b,mmlu_pro_test_02613,1,0.832358,4
mmlu_pro,qwen3-4b,mmlu_pro_test_06654,1,0.676809,5
mmlu_pro,qwen3-4b,mmlu_pro_test_08077,1,0.896157,1
mmlu_pro,qwen3-4b,mmlu_pro_test_00654,1,0.967522,5
mmlu_pro,qwen3-4b,mmlu_pro_test_01114,1,0.496129,3
mmlu_pro,qwen3-4b,mmlu_pro_test_02376,1,0.723177,3
mmlu_pro,qwen3-4b,mmlu_pro_test_10943,1,0.516727,3
mmlu_pro,qwen3-4b,mmlu_pro_test_01822,0,0.442794,5
mmlu_pro,qwen3-4b,mmlu_pro_test_01322,0,0.361307,1
mmlu_pro,qwen3-4b,mmlu_pro_test_08513,1,0.958491,3
mmlu_pro,qwen3-4b,mmlu_pro_test_06409,1,0.337269,2
mmlu_pro,qwen3-4b,mmlu_pro_test_05509,1,0.729579,1
mmlu_pro,qwen3-4b,mmlu_pro_test_07012,1,0.854291,1
mmlu_pro,qwen3-4b,mmlu_pro_test_07233,1,0.94075,3
mmlu_pro,qwen3-4b,mmlu_pro_test_04296,1,0.718902,1
mmlu_pro,qwen3-4b,mmlu_pro_test_06365,1,0.879914,5
mmlu_pro,qwen3-4b,mmlu_pro_test_00031,1,0.966116,3
mmlu_pro,qwen3-4b,mmlu_pro_test_09953,1,0.953207,3
mmlu_pro,qwen3-4b,mmlu_pro_test_02676,0,0.684638,3
mmlu_pro,qwen3-4b,mmlu_pro_test_07131,0,0.965925,2
mmlu_pro,qwen3-4b,mmlu_pro_test_07275,1,0.845812,5
mmlu_pro,qwen3-4b,mmlu_pro_test_09210,1,0.904757,3
mmlu_pro,qwen3-4b,mmlu_pro_test_10194,1,0.720669,1
mmlu_pro,qwen3-4b,mmlu_pro_test_07176,1,0.770038,4
mmlu_pro,qwen3-4b,mmlu_pro_test_00102,1,0.951803,5
mmlu_pro,qwen3-4b,mmlu_pro_test_01799,0,0.321727,5
mmlu_pro,qwen3-4b,mmlu_pro_test_06147,0,0.613706,5
mmlu_pro,qwen3-4b,mmlu_pro_test_05306,1,0.931182,5
mmlu_pro,qwen3-4b,mmlu_pro_test_02443,1,0.869163,3
mmlu_pro,qwen3-4b,mmlu_pro_test_01516,0,0.795139,3
mmlu_pro,qwen3-4b,mmlu_pro_test_05266,1,0.930547,1
mmlu_pro,qwen3-4b,mmlu_pro_test_05079,1,0.81257,4
mmlu_pro,qwen3-4b,mmlu_pro_test_11996,1,0.731393,4
mmlu_pro,qwen3-4b,mmlu_pro_test_07938,1,0.658068,1
mmlu_pro,qwen3-4b,mmlu_pro_test_10854,1,0.540525,5
mmlu_pro,qwen3-4b,mmlu_pro_test_02199,0,0.787425,5
mmlu_pro,qwen3-4b,mmlu_pro_test_00801,0,0.083081,1
mmlu_pro,qwen3-4b,mmlu_pro_test_06048,1,0.876521,3
mmlu_pro,qwen3-4b,mmlu_pro_test_04601,0,0.748283,5
mmlu_pro,qwen3-4b,mmlu_pro_test_08357,0,0.271577,3
mmlu_pro,qwen3-4b,mmlu_pro_test_06758,1,0.845062,3
mmlu_pro,qwen3-4b,mmlu_pro_test_05350,1,0.838674,5
mmlu_pro,qwen3-4b,mmlu_pro_test_00692,1,0.799998,5
mmlu_pro,qwen3-4b,mmlu_pro_test_07604,1,0.953346,2
mmlu_pro,qwen3-4b,mmlu_pro_test_02247,1,0.584021,4
mmlu_pro,qwen3-4b,mmlu_pro_test_01490,0,0.709982,4
mmlu_pro,qwen3-4b,mmlu_pro_test_00144,1,0.97116,4
mmlu_pro,qwen3-4b,mmlu_pro_test_08773,1,0.90088,2
mmlu_pro,qwen3-4b,mmlu_pro_test_03337,1,0.911919,3
mmlu_pro,qwen3-4b,mmlu_pro_test_05298,0,0.551908,4
mmlu_pro,qwen3-4b,mmlu_pro_test_02279,1,0.906731,4
mmlu_pro,qwen3-4b,mmlu_pro_test_06777,1,0.500328,5
mmlu_pro,qwen3-4b,mmlu_pro_test_03188,1,0.946495,2
mmlu_pro,qwen3-4b,mmlu_pro_test_01250,1,0.561243,3
mmlu_pro,qwen3-4b,mmlu_pro_test_02173,0,0.613968,1
mmlu_pro,qwen3-4b,mmlu_pro_test_05556,1,0.931438,3
mmlu_pro,qwen3-4b,mmlu_pro_test_00728,1,0.963769,3
mmlu_pro,qwen3-4b,mmlu_pro_test_01919,0,0.625238,3
mmlu_pro,qwen3-4b,mmlu_pro_test_05840,0,0.617583,1
mmlu_pro,qwen3-4b,mmlu_pro_test_10423,1,0.709814,5
mmlu_pro,qwen3-4b,mmlu_pro_test_05818,1,0.497464,1
mmlu_pro,qwen3-4b,mmlu_pro_test_08111,1,0.970976,2
mmlu_pro,qwen3-4b,mmlu_pro_test_11294,1,0.944222,3
mmlu_pro,qwen3-4b,mmlu_pro_test_05926,0,0.631646,5
mmlu_pro,qwen3-4b,mmlu_pro_test_00751,0,0.710728,3
mmlu_pro,qwen3-4b,mmlu_pro_test_10827,1,0.951985,2
mmlu_pro,qwen3-4b,mmlu_pro_test_08788,1,0.796208,5
mmlu_pro,qwen3-4b,mmlu_pro_test_06328,1,0.854036,4
mmlu_pro,qwen3-4b,mmlu_pro_test_02897,1,0.929766,4
mmlu_pro,qwen3-4b,mmlu_pro_test_00644,1,0.968058,5
mmlu_pro,qwen3-4b,mmlu_pro_test_09957,1,0.690274,1
mmlu_pro,qwen3-4b,mmlu_pro_test_01205,1,0.910242,2
mmlu_pro,qwen3-4b,mmlu_pro_test_05689,0,0.755036,4
mmlu_pro,qwen3-4b,mmlu_pro_test_09535,1,0.913006,2
mmlu_pro,qwen3-4b,mmlu_pro_test_05010,0,0.495374,1
mmlu_pro,qwen3-4b,mmlu_pro_test_05512,0,0.560989,3
mmlu_pro,qwen3-4b,mmlu_pro_test_06901,1,0.944517,5
mmlu_pro,qwen3-4b,mmlu_pro_test_04665,1,0.937123,3
mmlu_pro,qwen3-4b,mmlu_pro_test_07268,1,0.650603,1
mmlu_pro,qwen3-4b,mmlu_pro_test_11797,1,0.776965,1
mmlu_pro,qwen3-4b,mmlu_pro_test_06854,1,0.550204,1
mmlu_pro,qwen3-4b,mmlu_pro_test_02874,1,0.679298,5
mmlu_pro,qwen3-4b,mmlu_pro_test_00408,1,0.891467,4
mmlu_pro,qwen3-4b,mmlu_pro_test_11021,0,0.590598,1
mmlu_pro,qwen3-4b,mmlu_pro_test_06497,1,0.883851,5
mmlu_pro,qwen3-4b,mmlu_pro_test_08694,1,0.726015,5
mmlu_pro,qwen3-4b,mmlu_pro_test_00082,1,0.869768,5
mmlu_pro,qwen3-4b,mmlu_pro_test_05696,0,0.471811,1
mmlu_pro,qwen3-4b,mmlu_pro_test_07437,1,0.828746,2
mmlu_pro,qwen3-4b,mmlu_pro_test_08183,1,0.871145,2
mmlu_pro,qwen3-4b,mmlu_pro_test_01831,0,0.91233,4
mmlu_pro,qwen3-4b,mmlu_pro_test_03615,1,0.816513,1
mmlu_pro,qwen3-4b,mmlu_pro_test_02148,1,0.80239,1
mmlu_pro,qwen3-4b,mmlu_pro_test_00219,1,0.961383,1
mmlu_pro,qwen3-4b,mmlu_pro_test_01532,0,0.581074,1
mmlu_pro,qwen3-4b,mmlu_pro_test_03087,1,0.40205,1
mmlu_pro,qwen3-4b,mmlu_pro_test_07100,1,0.829674,2
mmlu_pro,qwen3-4b,mmlu_pro_test_09170,1,0.973812,4
mmlu_pro,qwen3-4b,mmlu_pro_test_02905,1,0.968229,1
mmlu_pro,qwen3-4b,mmlu_pro_test_04309,1,0.903145,1
mmlu_pro,qwen3-4b,mmlu_pro_test_08993,1,0.910833,1
mmlu_pro,qwen3-4b,mmlu_pro_test_08399,1,0.972368,3
mmlu_pro,qwen3-4b,mmlu_pro_test_01252,0,0.471799,1
mmlu_pro,qwen3-4b,mmlu_pro_test_02171,1,0.403914,2
mmlu_pro,qwen3-4b,mmlu_pro_test_07031,1,0.906341,2
mmlu_pro,qwen3-4b,mmlu_pro_test_11015,0,0.206544,3
mmlu_pro,qwen3-4b,mmlu_pro_test_06831,1,0.929668,5
mmlu_pro,qwen3-4b,mmlu_pro_test_09713,1,0.953107,4
mmlu_pro,qwen3-4b,mmlu_pro_test_09094,1,0.936901,5
mmlu_pro,qwen3-4b,mmlu_pro_test_05195,0,0.648459,4
mmlu_pro,qwen3-4b,mmlu_pro_test_08685,1,0.891086,3
mmlu_pro,qwen3-4b,mmlu_pro_test_04928,1,0.682618,4
mmlu_pro,qwen3-4b,mmlu_pro_test_01141,0,0.815261,4
mmlu_pro,qwen3-4b,mmlu_pro_test_06313,1,0.85421,2
mmlu_pro,qwen3-4b,mmlu_pro_test_06295,1,0.556586,5
mmlu_pro,qwen3-4b,mmlu_pro_test_00811,0,0.53095,4
mmlu_pro,qwen3-4b,mmlu_pro_test_06830,1,0.967894,5
mmlu_pro,qwen3-4b,mmlu_pro_test_08247,1,0.937764,1
mmlu_pro,qwen3-4b,mmlu_pro_test_08198,1,0.968022,3
mmlu_pro,qwen3-4b,mmlu_pro_test_02011,1,0.878131,5
mmlu_pro,qwen3-4b,mmlu_pro_test_01134,0,0.547881,1
mmlu_pro,qwen3-4b,mmlu_pro_test_08457,1,0.933446,4
mmlu_pro,qwen3-4b,mmlu_pro_test_09123,0,0.627191,5
mmlu_pro,qwen3-4b,mmlu_pro_test_01568,0,0.045827,5
mmlu_pro,qwen3-4b,mmlu_pro_test_04867,0,0.804786,1
mmlu_pro,qwen3-4b,mmlu_pro_test_00329,1,0.961741,3
mmlu_pro,qwen3-4b,mmlu_pro_test_11567,1,0.956618,5
mmlu_pro,qwen3-4b,mmlu_pro_test_02438,0,0.779383,4
mmlu_pro,qwen3-4b,mmlu_pro_test_01736,1,0.583171,1
mmlu_pro,qwen3-4b,mmlu_pro_test_04974,1,0.839951,1
mmlu_pro,qwen3-4b,mmlu_pro_test_04929,1,0.745017,1
mmlu_pro,qwen3-4b,mmlu_pro_test_00906,0,0.355233,2
mmlu_pro,qwen3-4b,mmlu_pro_test_10032,1,0.953882,4
mmlu_pro,qwen3-4b,mmlu_pro_test_04603,0,0.780308,2
mmlu_pro,qwen3-4b,mmlu_pro_test_06663,1,0.454321,4
mmlu_pro,qwen3-4b,mmlu_pro_test_05202,0,0.815141,2
mmlu_pro,qwen3-4b,mmlu_pro_test_07832,1,0.966596,5
mmlu_pro,qwen3-4b,mmlu_pro_test_06713,1,0.5868,4
mmlu_pro,qwen3-4b,mmlu_pro_test_06787,1,0.827968,3
mmlu_pro,qwen3-4b,mmlu_pro_test_08156,1,0.427401,3
mmlu_pro,qwen3-4b,mmlu_pro_test_03436,1,0.927475,3
mmlu_pro,qwen3-4b,mmlu_pro_test_05678,1,0.941402,2
mmlu_pro,qwen3-4b,mmlu_pro_test_06424,1,0.947688,4
mmlu_pro,qwen3-4b,mmlu_pro_test_02283,1,0.689194,4
mmlu_pro,qwen3-4b,mmlu_pro_test_04727,1,0.847698,1
mmlu_pro,qwen3-4b,mmlu_pro_test_01003,1,0.111437,3
mmlu_pro,qwen3-4b,mmlu_pro_test_10324,1,0.793538,3
mmlu_pro,qwen3-4b,mmlu_pro_test_11346,1,0.877095,4
mmlu_pro,qwen3-4b,mmlu_pro_test_10124,1,0.95117,1
mmlu_pro,qwen3-4b,mmlu_pro_test_03182,1,0.940828,3
mmlu_pro,qwen3-4b,mmlu_pro_test_08688,0,0.929131,4
mmlu_pro,qwen3-4b,mmlu_pro_test_05109,0,0.643714,1
mmlu_pro,qwen3-4b,mmlu_pro_test_10163,0,0.956305,2
mmlu_pro,qwen3-4b,mmlu_pro_test_03959,1,0.929953,1
mmlu_pro,qwen3-4b,mmlu_pro_test_11639,1,0.931721,3
mmlu_pro,qwen3-4b,mmlu_pro_test_03992,1,0.945177,3
mmlu_pro,qwen3-4b,mmlu_pro_test_06451,0,0.782484,4
mmlu_pro,qwen3-4b,mmlu_pro_test_00836,0,0.70385,4
mmlu_pro,qwen3-4b,mmlu_pro_test_08372,1,0.954372,5
mmlu_pro,qwen3-4b,mmlu_pro_test_01355,0,0.893395,1
mmlu_pro,qwen3-4b,mmlu_pro_test_10802,1,0.504889,1
mmlu_pro,qwen3-4b,mmlu_pro_test_03601,1,0.928734,4
mmlu_pro,qwen3-4b,mmlu_pro_test_09942,1,0.981533,2
mmlu_pro,qwen3-4b,mmlu_pro_test_06822,1,0.697757,2
mmlu_pro,qwen3-4b,mmlu_pro_test_08667,1,0.839178,4
mmlu_pro,qwen3-4b,mmlu_pro_test_05452,0,0.607914,1
mmlu_pro,qwen3-4b,mmlu_pro_test_09544,1,0.901307,1
mmlu_pro,qwen3-4b,mmlu_pro_test_00425,1,0.836101,3
mmlu_pro,qwen3-4b,mmlu_pro_test_02544,1,0.798699,4
mmlu_pro,qwen3-4b,mmlu_pro_test_01550,0,0.733485,4
mmlu_pro,qwen3-4b,mmlu_pro_test_08699,1,0.980495,5
mmlu_pro,qwen3-4b,mmlu_pro_test_03795,1,0.942914,2
mmlu_pro,qwen3-4b,mmlu_pro_test_06341,1,0.679999,1
mmlu_pro,qwen3-4b,mmlu_pro_test_06977,1,0.770687,4
mmlu_pro,qwen3-4b,mmlu_pro_test_06331,0,0.573209,3
mmlu_pro,qwen3-4b,mmlu_pro_test_06905,0,0.864998,3
mmlu_pro,qwen3-4b,mmlu_pro_test_06884,1,0.983196,2
mmlu_pro,qwen3-4b,mmlu_pro_test_02285,0,0.769345,3
mmlu_pro,qwen3-4b,mmlu_pro_test_11020,0,0.445502,2
mmlu_pro,qwen3-4b,mmlu_pro_test_01721,1,0.869471,1
mmlu_pro,qwen3-4b,mmlu_pro_test_05679,1,0.897957,4
mmlu_pro,qwen3-4b,mmlu_pro_test_03061,1,0.849779,1
mmlu_pro,qwen3-4b,mmlu_pro_test_10973,0,0.479004,4
mmlu_pro,qwen3-4b,mmlu_pro_test_08203,1,0.951768,4
mmlu_pro,qwen3-4b,mmlu_pro_test_09801,1,0.971674,2
mmlu_pro,qwen3-4b,mmlu_pro_test_02225,1,0.791133,3
mmlu_pro,qwen3-4b,mmlu_pro_test_07284,1,0.936131,3
mmlu_pro,qwen3-4b,mmlu_pro_test_00940,0,0.484023,3
mmlu_pro,qwen3-4b,mmlu_pro_test_07930,1,0.915136,1
mmlu_pro,qwen3-4b,mmlu_pro_test_06579,1,0.348343,1
mmlu_pro,qwen3-4b,mmlu_pro_test_08275,1,0.974876,2
mmlu_pro,qwen3-4b,mmlu_pro_test_09550,1,0.951021,2
mmlu_pro,qwen3-4b,mmlu_pro_test_02498,1,0.687718,1
mmlu_pro,qwen3-4b,mmlu_pro_test_09911,1,0.868836,3
mmlu_pro,qwen3-4b,mmlu_pro_test_01960,1,0.638837,1
mmlu_pro,qwen3-4b,mmlu_pro_test_11222,1,0.91862,2
mmlu_pro,qwen3-4b,mmlu_pro_test_10708,0,0.526405,3
mmlu_pro,qwen3-4b,mmlu_pro_test_02841,1,0.931935,3
mmlu_pro,qwen3-4b,mmlu_pro_test_05560,1,0.865928,5
mmlu_pro,qwen3-4b,mmlu_pro_test_11547,1,0.960426,5
mmlu_pro,qwen3-4b,mmlu_pro_test_07857,1,0.968183,3
mmlu_pro,qwen3-4b,mmlu_pro_test_06513,1,0.947858,2
mmlu_pro,qwen3-4b,mmlu_pro_test_07069,1,0.888998,3
mmlu_pro,qwen3-4b,mmlu_pro_test_00479,0,0.726902,5
mmlu_pro,qwen3-4b,mmlu_pro_test_05605,1,0.421032,3
mmlu_pro,qwen3-4b,mmlu_pro_test_07246,0,0.591047,5
mmlu_pro,qwen3-4b,mmlu_pro_test_02726,1,0.856855,4
mmlu_pro,qwen3-4b,mmlu_pro_test_03025,1,0.90832,3
mmlu_pro,qwen3-4b,mmlu_pro_test_04032,1,0.884514,5
mmlu_pro,qwen3-4b,mmlu_pro_test_04556,0,0.420034,2
mmlu_pro,qwen3-4b,mmlu_pro_test_05857,1,0.758771,2
mmlu_pro,qwen3-4b,mmlu_pro_test_07599,1,0.866964,4
mmlu_pro,qwen3-4b,mmlu_pro_test_10348,1,0.784595,5
mmlu_pro,qwen3-4b,mmlu_pro_test_03896,1,0.946661,1
mmlu_pro,qwen3-4b,mmlu_pro_test_01626,1,0.18086,5
mmlu_pro,qwen3-4b,mmlu_pro_test_10350,0,0.764989,3
mmlu_pro,qwen3-4b,mmlu_pro_test_03055,1,0.932139,3
mmlu_pro,qwen3-4b,mmlu_pro_test_11366,1,0.798514,5
mmlu_pro,qwen3-4b,mmlu_pro_test_00636,0,0.664517,4
mmlu_pro,qwen3-4b,mmlu_pro_test_00277,1,0.955589,1
mmlu_pro,qwen3-4b,mmlu_pro_test_00288,1,0.848892,3
mmlu_pro,qwen3-4b,mmlu_pro_test_11665,1,0.972453,2
mmlu_pro,qwen3-4b,mmlu_pro_test_06037,0,0.931498,5
mmlu_pro,qwen3-4b,mmlu_pro_test_10887,1,0.374762,1
mmlu_pro,qwen3-4b,mmlu_pro_test_07156,1,0.887354,1
mmlu_pro,qwen3-4b,mmlu_pro_test_08774,1,0.848038,1
mmlu_pro,qwen3-4b,mmlu_pro_test_02540,1,0.851266,5
mmlu_pro,qwen3-4b,mmlu_pro_test_06076,1,0.912611,5
mmlu_pro,qwen3-4b,mmlu_pro_test_00886,0,0.723329,2
mmlu_pro,qwen3-4b,mmlu_pro_test_09637,1,0.856748,4
mmlu_pro,qwen3-4b,mmlu_pro_test_03543,1,0.947816,1
mmlu_pro,qwen3-4b,mmlu_pro_test_00900,1,0.788462,4
mmlu_pro,qwen3-4b,mmlu_pro_test_04439,1,0.946103,3
mmlu_pro,qwen3-4b,mmlu_pro_test_04870,1,0.943087,4
mmlu_pro,qwen3-4b,mmlu_pro_test_10222,0,0.638062,2
mmlu_pro,qwen3-4b,mmlu_pro_test_01482,0,0.157198,1
mmlu_pro,qwen3-4b,mmlu_pro_test_05997,1,0.60651,2
mmlu_pro,qwen3-4b,mmlu_pro_test_03864,1,0.959681,3
mmlu_pro,qwen3-4b,mmlu_pro_test_03206,1,0.907652,5
mmlu_pro,qwen3-4b,mmlu_pro_test_03219,1,0.964223,3
mmlu_pro,qwen3-4b,mmlu_pro_test_08616,1,0.872609,2
mmlu_pro,qwen3-4b,mmlu_pro_test_06239,1,0.941216,2
mmlu_pro,qwen3-4b,mmlu_pro_test_11218,0,0.961698,2
mmlu_pro,qwen3-4b,mmlu_pro_test_11431,1,0.963115,2
mmlu_pro,qwen3-4b,mmlu_pro_test_04910,0,0.325699,4
mmlu_pro,qwen3-4b,mmlu_pro_test_10608,1,0.906415,1
mmlu_pro,qwen3-4b,mmlu_pro_test_04765,1,0.954481,2
mmlu_pro,qwen3-4b,mmlu_pro_test_03207,1,0.827769,5
mmlu_pro,qwen3-4b,mmlu_pro_test_05102,1,0.71393,4
mmlu_pro,qwen3-4b,mmlu_pro_test_01711,0,0.304265,4
mmlu_pro,qwen3-4b,mmlu_pro_test_08269,1,0.798707,2
mmlu_pro,qwen3-4b,mmlu_pro_test_09488,0,0.165185,2
mmlu_pro,qwen3-4b,mmlu_pro_test_01019,0,0.312796,5
mmlu_pro,qwen3-4b,mmlu_pro_test_06772,1,0.936619,4
mmlu_pro,qwen3-4b,mmlu_pro_test_05528,1,0.759957,3
mmlu_pro,qwen3-4b,mmlu_pro_test_01400,1,0.902212,1
mmlu_pro,qwen3-4b,mmlu_pro_test_00792,0,0.225558,5
mmlu_pro,qwen3-4b,mmlu_pro_test_09177,1,0.608103,2
mmlu_pro,qwen3-4b,mmlu_pro_test_08496,1,0.980876,2
mmlu_pro,qwen3-4b,mmlu_pro_test_06546,1,0.410678,4
mmlu_pro,qwen3-4b,mmlu_pro_test_05897,1,0.8087,3
mmlu_pro,qwen3-4b,mmlu_pro_test_11008,0,0.718768,4
mmlu_pro,qwen3-4b,mmlu_pro_test_03402,1,0.4337,1
mmlu_pro,qwen3-4b,mmlu_pro_test_03979,1,0.966007,2
mmlu_pro,qwen3-4b,mmlu_pro_test_11046,0,0.469702,3
mmlu_pro,qwen3-4b,mmlu_pro_test_09827,1,0.920119,1
mmlu_pro,qwen3-4b,mmlu_pro_test_01377,1,0.852215,3
mmlu_pro,qwen3-4b,mmlu_pro_test_04611,1,0.653439,3
mmlu_pro,qwen3-4b,mmlu_pro_test_04003,1,0.918904,1
mmlu_pro,qwen3-4b,mmlu_pro_test_09422,1,0.952794,3
mmlu_pro,qwen3-4b,mmlu_pro_test_04069,1,0.96503,1
mmlu_pro,qwen3-4b,mmlu_pro_test_00045,0,0.956673,2
mmlu_pro,qwen3-4b,mmlu_pro_test_07164,0,0.67668,1
mmlu_pro,qwen3-4b,mmlu_pro_test_09773,1,0.912997,5
mmlu_pro,qwen3-4b,mmlu_pro_test_02203,1,0.573533,2
mmlu_pro,qwen3-4b,mmlu_pro_test_09735,1,0.653124,5
mmlu_pro,qwen3-4b,mmlu_pro_test_03701,1,0.947133,5
mmlu_pro,qwen3-4b,mmlu_pro_test_05405,1,0.948189,3
mmlu_pro,qwen3-4b,mmlu_pro_test_08569,1,0.95428,3
mmlu_pro,qwen3-4b,mmlu_pro_test_03172,1,0.967338,5
mmlu_pro,qwen3-4b,mmlu_pro_test_05757,1,0.757036,3
mmlu_pro,qwen3-4b,mmlu_pro_test_06448,0,0.394063,5
mmlu_pro,qwen3-4b,mmlu_pro_test_07928,1,0.744223,2
mmlu_pro,qwen3-4b,mmlu_pro_test_10412,1,0.803672,2
mmlu_pro,qwen3-4b,mmlu_pro_test_05699,1,0.69221,5
mmlu_pro,qwen3-4b,mmlu_pro_test_02130,1,0.682186,4
mmlu_pro,qwen3-4b,mmlu_pro_test_03197,1,0.753695,3
mmlu_pro,qwen3-4b,mmlu_pro_test_02136,1,0.626502,2
mmlu_pro,qwen3-4b,mmlu_pro_test_02648,1,0.862441,4
mmlu_pro,qwen3-4b,mmlu_pro_test_05842,1,0.824748,2
mmlu_pro,qwen3-4b,mmlu_pro_test_11234,1,0.914229,4
mmlu_pro,qwen3-4b,mmlu_pro_test_08440,1,0.896186,1
mmlu_pro,qwen3-4b,mmlu_pro_test_02528,1,0.773028,5
mmlu_pro,qwen3-4b,mmlu_pro_test_03004,1,0.90753,3
mmlu_pro,qwen3-4b,mmlu_pro_test_07942,1,0.939569,3
mmlu_pro,qwen3-4b,mmlu_pro_test_03933,1,0.944896,1
mmlu_pro,qwen3-4b,mmlu_pro_test_00211,1,0.928034,5
mmlu_pro,qwen3-4b,mmlu_pro_test_10752,1,0.846672,3
mmlu_pro,qwen3-4b,mmlu_pro_test_05534,1,0.767553,3
mmlu_pro,qwen3-4b,mmlu_pro_test_07919,1,0.916546,4
mmlu_pro,qwen3-4b,mmlu_pro_test_01966,0,0.376616,1
mmlu_pro,qwen3-4b,mmlu_pro_test_11143,1,0.962192,3
mmlu_pro,qwen3-4b,mmlu_pro_test_10184,1,0.919262,2
mmlu_pro,qwen3-4b,mmlu_pro_test_05853,0,0.834814,5
mmlu_pro,qwen3-4b,mmlu_pro_test_08140,1,0.924821,5
mmlu_pro,qwen3-4b,mmlu_pro_test_01495,0,0.310324,2
mmlu_pro,qwen3-4b,mmlu_pro_test_00127,1,0.895496,2
mmlu_pro,qwen3-4b,mmlu_pro_test_05823,1,0.921009,4
mmlu_pro,qwen3-4b,mmlu_pro_test_06648,0,0.656778,1
mmlu_pro,qwen3-4b,mmlu_pro_test_02537,0,0.741178,3
mmlu_pro,qwen3-4b,mmlu_pro_test_07044,1,0.968683,1
mmlu_pro,qwen3-4b,mmlu_pro_test_05098,1,0.87093,2
mmlu_pro,qwen3-4b,mmlu_pro_test_04858,1,0.846795,3
mmlu_pro,qwen3-4b,mmlu_pro_test_04473,1,0.917881,5
mmlu_pro,qwen3-4b,mmlu_pro_test_05391,1,0.692481,5
mmlu_pro,qwen3-4b,mmlu_pro_test_08620,1,0.944394,5
mmlu_pro,qwen3-4b,mmlu_pro_test_06792,0,0.526068,1
mmlu_pro,qwen3-4b,mmlu_pro_test_05086,1,0.802416,5
mmlu_pro,qwen3-4b,mmlu_pro_test_08058,1,0.98132,4
mmlu_pro,qwen3-4b,mmlu_pro_test_02357,0,0.540101,1
mmlu_pro,qwen3-4b,mmlu_pro_test_04466,1,0.93787,5
mmlu_pro,qwen3-4b,mmlu_pro_test_09754,1,0.900656,1
mmlu_pro,qwen3-4b,mmlu_pro_test_05867,0,0.65582,4
mmlu_pro,qwen3-4b,mmlu_pro_test_07850,1,0.939325,4
mmlu_pro,qwen3-4b,mmlu_pro_test_02630,1,0.876466,1
mmlu_pro,qwen3-4b,mmlu_pro_test_08607,1,0.952802,4
mmlu_pro,qwen3-4b,mmlu_pro_test_06300,1,0.57264,5
mmlu_pro,qwen3-4b,mmlu_pro_test_07786,1,0.917175,2
mmlu_pro,qwen3-4b,mmlu_pro_test_10202,1,0.927255,1
mmlu_pro,qwen3-4b,mmlu_pro_test_01890,0,0.476508,3
mmlu_pro,qwen3-4b,mmlu_pro_test_05206,0,0.203677,3
mmlu_pro,qwen3-4b,mmlu_pro_test_00914,1,0.389039,1
mmlu_pro,qwen3-4b,mmlu_pro_test_03518,1,0.87579,2
mmlu_pro,qwen3-4b,mmlu_pro_test_07132,1,0.951483,1
mmlu_pro,qwen3-4b,mmlu_pro_test_06601,1,0.631011,1
mmlu_pro,qwen3-4b,mmlu_pro_test_07394,1,0.69284,5
mmlu_pro,qwen3-4b,mmlu_pro_test_10683,0,0.268547,5
mmlu_pro,qwen3-4b,mmlu_pro_test_09182,1,0.871734,5
mmlu_pro,qwen3-4b,mmlu_pro_test_02152,1,0.819166,3
mmlu_pro,qwen3-4b,mmlu_pro_test_07211,1,0.876493,4
mmlu_pro,qwen3-4b,mmlu_pro_test_02080,1,0.930001,3
mmlu_pro,qwen3-4b,mmlu_pro_test_10517,1,0.732947,1
mmlu_pro,qwen3-4b,mmlu_pro_test_06802,0,0.282972,5
mmlu_pro,qwen3-4b,mmlu_pro_test_06404,1,0.959053,3
mmlu_pro,qwen3-4b,mmlu_pro_test_02366,1,0.852291,4
mmlu_pro,qwen3-4b,mmlu_pro_test_02737,1,0.783605,3
mmlu_pro,qwen3-4b,mmlu_pro_test_07567,1,0.936952,1
mmlu_pro,qwen3-4b,mmlu_pro_test_05495,0,0.346349,3
mmlu_pro,qwen3-4b,mmlu_pro_test_02371,1,0.74433,3
mmlu_pro,qwen3-4b,mmlu_pro_test_02003,1,0.080518,3
mmlu_pro,qwen3-4b,mmlu_pro_test_04589,1,0.829032,1
mmlu_pro,qwen3-4b,mmlu_pro_test_01861,1,0.736143,4
mmlu_pro,qwen3-4b,mmlu_pro_test_00991,0,0.534846,1
mmlu_pro,qwen3-4b,mmlu_pro_test_06894,1,0.880364,3
mmlu_pro,qwen3-4b,mmlu_pro_test_10841,0,0.695897,1
mmlu_pro,qwen3-4b,mmlu_pro_test_06000,1,0.778815,1
mmlu_pro,qwen3-4b,mmlu_pro_test_07453,1,0.956188,2
mmlu_pro,qwen3-4b,mmlu_pro_test_06357,1,0.843587,3
mmlu_pro,qwen3-4b,mmlu_pro_test_02333,1,0.83408,1
mmlu_pro,qwen3-4b,mmlu_pro_test_09772,1,0.909958,4
mmlu_pro,qwen3-4b,mmlu_pro_test_02232,0,0.880032,2
mmlu_pro,qwen3-4b,mmlu_pro_test_08057,1,0.972258,4
mmlu_pro,qwen3-4b,mmlu_pro_test_07000,1,0.744769,2
mmlu_pro,qwen3-4b,mmlu_pro_test_03907,1,0.923863,1
mmlu_pro,qwen3-4b,mmlu_pro_test_02107,0,0.441483,5
mmlu_pro,qwen3-4b,mmlu_pro_test_08787,1,0.80121,5
mmlu_pro,qwen3-4b,mmlu_pro_test_07805,1,0.892026,5
mmlu_pro,qwen3-4b,mmlu_pro_test_05034,1,0.099352,2
mmlu_pro,qwen3-4b,mmlu_pro_test_08825,1,0.893038,2
mmlu_pro,qwen3-4b,mmlu_pro_test_02887,1,0.595377,4
mmlu_pro,qwen3-4b,mmlu_pro_test_07283,1,0.880228,4
mmlu_pro,qwen3-4b,mmlu_pro_test_10531,1,0.688273,5
mmlu_pro,qwen3-4b,mmlu_pro_test_02395,1,0.857223,5
mmlu_pro,qwen3-4b,mmlu_pro_test_05937,1,0.730145,3
mmlu_pro,qwen3-4b,mmlu_pro_test_04859,1,0.666859,4
mmlu_pro,qwen3-4b,mmlu_pro_test_08852,1,0.853045,3
mmlu_pro,qwen3-4b,mmlu_pro_test_06011,1,0.902349,1
mmlu_pro,qwen3-4b,mmlu_pro_test_01974,1,0.498968,5
mmlu_pro,qwen3-4b,mmlu_pro_test_01952,1,0.901934,2
mmlu_pro,qwen3-4b,mmlu_pro_test_06332,0,0.491173,4
mmlu_pro,qwen3-4b,mmlu_pro_test_02635,1,0.964013,5
mmlu_pro,qwen3-4b,mmlu_pro_test_00712,1,0.826746,2
mmlu_pro,qwen3-4b,mmlu_pro_test_10743,1,0.624401,3
mmlu_pro,qwen3-4b,mmlu_pro_test_08477,1,0.923667,2
mmlu_pro,qwen3-4b,mmlu_pro_test_02993,1,0.549935,5
mmlu_pro,qwen3-4b,mmlu_pro_test_00670,1,0.95827,4
mmlu_pro,qwen3-4b,mmlu_pro_test_07469,1,0.911887,4
mmlu_pro,qwen3-4b,mmlu_pro_test_10157,0,0.541798,1
mmlu_pro,qwen3-4b,mmlu_pro_test_00055,0,0.416808,2
mmlu_pro,qwen3-4b,mmlu_pro_test_02795,1,0.399972,4
mmlu_pro,qwen3-4b,mmlu_pro_test_06138,0,0.709289,5
mmlu_pro,qwen3-4b,mmlu_pro_test_10870,0,0.329693,4
mmlu_pro,qwen3-4b,mmlu_pro_test_04614,0,0.729074,5
mmlu_pro,qwen3-4b,mmlu_pro_test_05338,1,0.381725,5
mmlu_pro,qwen3-4b,mmlu_pro_test_05627,0,0.533353,5
mmlu_pro,qwen3-4b,mmlu_pro_test_04829,1,0.628311,2
mmlu_pro,qwen3-4b,mmlu_pro_test_11045,0,0.852195,2
mmlu_pro,qwen3-4b,mmlu_pro_test_07607,1,0.772558,5
mmlu_pro,qwen3-4b,mmlu_pro_test_08245,1,0.937925,5
mmlu_pro,qwen3-4b,mmlu_pro_test_03633,1,0.952156,3
mmlu_pro,qwen3-4b,mmlu_pro_test_01057,1,0.352002,5
mmlu_pro,qwen3-4b,mmlu_pro_test_10060,1,0.934823,4
mmlu_pro,qwen3-4b,mmlu_pro_test_00929,0,0.518583,2
mmlu_pro,qwen3-4b,mmlu_pro_test_02272,1,0.828595,1
mmlu_pro,qwen3-4b,mmlu_pro_test_08065,1,0.967433,4
mmlu_pro,qwen3-4b,mmlu_pro_test_07856,1,0.853942,5
mmlu_pro,qwen3-4b,mmlu_pro_test_08178,1,0.957121,5
mmlu_pro,qwen3-4b,mmlu_pro_test_01910,1,0.822615,1
mmlu_pro,qwen3-4b,mmlu_pro_test_07470,1,0.711002,2
mmlu_pro,qwen3-4b,mmlu_pro_test_10867,0,0.622887,3
mmlu_pro,qwen3-4b,mmlu_pro_test_05244,1,0.876371,4
mmlu_pro,qwen3-4b,mmlu_pro_test_06944,0,0.4297,2
mmlu_pro,qwen3-4b,mmlu_pro_test_03299,1,0.948472,2
mmlu_pro,qwen3-4b,mmlu_pro_test_06282,1,0.510553,2
mmlu_pro,qwen3-4b,mmlu_pro_test_07764,1,0.92181,1
mmlu_pro,qwen3-4b,mmlu_pro_test_11014,1,0.366342,2
mmlu_pro,qwen3-4b,mmlu_pro_test_04212,1,0.638259,4
mmlu_pro,qwen3-4b,mmlu_pro_test_03338,1,0.84069,2
mmlu_pro,qwen3-4b,mmlu_pro_test_03154,1,0.974495,2
mmlu_pro,qwen3-4b,mmlu_pro_test_09253,1,0.938419,5
mmlu_pro,qwen3-4b,mmlu_pro_test_03542,1,0.936509,5
mmlu_pro,qwen3-4b,mmlu_pro_test_04277,1,0.967655,5
mmlu_pro,qwen3-4b,mmlu_pro_test_04168,1,0.93305,5
mmlu_pro,qwen3-4b,mmlu_pro_test_06896,1,0.643549,1
mmlu_pro,qwen3-4b,mmlu_pro_test_02667,1,0.890625,2
mmlu_pro,qwen3-4b,mmlu_pro_test_05954,0,0.205756,5
mmlu_pro,qwen3-4b,mmlu_pro_test_01957,0,0.393405,2
mmlu_pro,qwen3-4b,mmlu_pro_test_00723,1,0.939863,1
mmlu_pro,qwen3-4b,mmlu_pro_test_05089,1,0.847044,5
mmlu_pro,qwen3-4b,mmlu_pro_test_05701,0,0.538866,2
mmlu_pro,qwen3-4b,mmlu_pro_test_01840,0,0.733238,3
mmlu_pro,qwen3-4b,mmlu_pro_test_01016,1,0.633466,2
mmlu_pro,qwen3-4b,mmlu_pro_test_10643,1,0.8826,3
mmlu_pro,qwen3-4b,mmlu_pro_test_00847,1,0.833598,3
mmlu_pro,qwen3-4b,mmlu_pro_test_06564,0,0.802423,1
mmlu_pro,qwen3-4b,mmlu_pro_test_00290,0,0.599244,2
mmlu_pro,qwen3-4b,mmlu_pro_test_05652,0,0.367293,5
mmlu_pro,qwen3-4b,mmlu_pro_test_03553,1,0.979555,5
mmlu_pro,qwen3-4b,mmlu_pro_test_07409,0,0.646131,4
mmlu_pro,qwen3-4b,mmlu_pro_test_02082,0,0.467428,2
mmlu_pro,qwen3-4b,mmlu_pro_test_04529,1,0.961191,5
mmlu_pro,qwen3-4b,mmlu_pro_test_00835,0,0.890971,5
mmlu_pro,qwen3-4b,mmlu_pro_test_00148,1,0.857705,4
mmlu_pro,qwen3-4b,mmlu_pro_test_01955,1,0.833333,1
mmlu_pro,qwen3-4b,mmlu_pro_test_07553,1,0.91405,2
mmlu_pro,qwen3-4b,mmlu_pro_test_02680,1,0.909069,5
mmlu_pro,qwen3-4b,mmlu_pro_test_05719,1,0.301094,5
mmlu_pro,qwen3-4b,mmlu_pro_test_05964,1,0.835043,5
mmlu_pro,qwen3-4b,mmlu_pro_test_03334,1,0.940631,3
mmlu_pro,qwen3-4b,mmlu_pro_test_09455,1,0.946721,1
mmlu_pro,qwen3-4b,mmlu_pro_test_07687,1,0.979447,3
mmlu_pro,qwen3-4b,mmlu_pro_test_02685,1,0.818179,5
mmlu_pro,qwen3-4b,mmlu_pro_test_03660,1,0.88328,4
mmlu_pro,qwen3-4b,mmlu_pro_test_00679,1,0.77737,2
mmlu_pro,qwen3-4b,mmlu_pro_test_03095,1,0.912183,4
mmlu_pro,qwen3-4b,mmlu_pro_test_01253,1,0.59277,5
mmlu_pro,qwen3-4b,mmlu_pro_test_04551,0,0.870378,5
mmlu_pro,qwen3-4b,mmlu_pro_test_03358,1,0.862773,5
mmlu_pro,qwen3-4b,mmlu_pro_test_04484,1,0.935412,5
mmlu_pro,qwen3-4b,mmlu_pro_test_06597,1,0.73185,3
mmlu_pro,qwen3-4b,mmlu_pro_test_07171,1,0.86951,2
mmlu_pro,qwen3-4b,mmlu_pro_test_10561,1,0.927753,4
mmlu_pro,qwen3-4b,mmlu_pro_test_10161,1,0.942379,4
mmlu_pro,qwen3-4b,mmlu_pro_test_10710,0,0.180075,1
mmlu_pro,qwen3-4b,mmlu_pro_test_10933,0,0.095405,2
mmlu_pro,qwen3-4b,mmlu_pro_test_02554,1,0.758498,1
mmlu_pro,qwen3-4b,mmlu_pro_test_00063,1,0.439332,2
mmlu_pro,qwen3-4b,mmlu_pro_test_05917,1,0.943785,4
mmlu_pro,qwen3-4b,mmlu_pro_test_04862,1,0.670456,4
mmlu_pro,qwen3-4b,mmlu_pro_test_02974,1,0.742918,5
mmlu_pro,qwen3-4b,mmlu_pro_test_00389,1,0.882854,3
mmlu_pro,qwen3-4b,mmlu_pro_test_08290,1,0.891776,2
mmlu_pro,qwen3-4b,mmlu_pro_test_10405,1,0.945765,4
mmlu_pro,qwen3-4b,mmlu_pro_test_06039,0,0.739302,5
mmlu_pro,qwen3-4b,mmlu_pro_test_03468,1,0.942663,5
mmlu_pro,qwen3-4b,mmlu_pro_test_05836,0,0.884573,4
mmlu_pro,qwen3-4b,mmlu_pro_test_01171,0,0.250023,5
mmlu_pro,qwen3-4b,mmlu_pro_test_03828,1,0.854153,2
mmlu_pro,qwen3-4b,mmlu_pro_test_02519,0,0.269074,3
mmlu_pro,qwen3-4b,mmlu_pro_test_05468,1,0.736994,5
mmlu_pro,qwen3-4b,mmlu_pro_test_02351,0,0.694029,3
mmlu_pro,qwen3-4b,mmlu_pro_test_05903,0,0.368304,4
mmlu_pro,qwen3-4b,mmlu_pro_test_08359,1,0.912748,4
mmlu_pro,qwen3-4b,mmlu_pro_test_07824,1,0.634644,5
mmlu_pro,qwen3-4b,mmlu_pro_test_02611,0,0.405061,3
mmlu_pro,qwen3-4b,mmlu_pro_test_05402,1,0.124816,4
mmlu_pro,qwen3-4b,mmlu_pro_test_10603,1,0.87429,5
mmlu_pro,qwen3-4b,mmlu_pro_test_08635,1,0.962413,3
mmlu_pro,qwen3-4b,mmlu_pro_test_03332,1,0.968567,2
mmlu_pro,qwen3-4b,mmlu_pro_test_02894,1,0.892656,3
mmlu_pro,qwen3-4b,mmlu_pro_test_05078,0,0.075714,3
mmlu_pro,qwen3-4b,mmlu_pro_test_08752,1,0.907383,4
mmlu_pro,qwen3-4b,mmlu_pro_test_06796,1,0.294984,5
mmlu_pro,qwen3-4b,mmlu_pro_test_03599,1,0.933031,3
mmlu_pro,qwen3-4b,mmlu_pro_test_00760,1,0.98462,2
mmlu_pro,qwen3-4b,mmlu_pro_test_04202,1,0.878127,2
mmlu_pro,qwen3-4b,mmlu_pro_test_08495,1,0.975754,2
mmlu_pro,qwen3-4b,mmlu_pro_test_03209,1,0.96972,2
mmlu_pro,qwen3-4b,mmlu_pro_test_00615,1,0.680744,5
mmlu_pro,qwen3-4b,mmlu_pro_test_05705,0,0.747376,4
mmlu_pro,qwen3-4b,mmlu_pro_test_07399,1,0.1923,2
mmlu_pro,qwen3-4b,mmlu_pro_test_06998,1,0.89586,3
mmlu_pro,qwen3-4b,mmlu_pro_test_09958,1,0.811364,3
mmlu_pro,qwen3-4b,mmlu_pro_test_08469,1,0.638509,4
mmlu_pro,qwen3-4b,mmlu_pro_test_01148,1,0.413119,2
mmlu_pro,qwen3-4b,mmlu_pro_test_05569,1,0.950181,2
mmlu_pro,qwen3-4b,mmlu_pro_test_06040,0,0.348016,5
mmlu_pro,qwen3-4b,mmlu_pro_test_07001,0,0.404499,1
mmlu_pro,qwen3-4b,mmlu_pro_test_02051,1,0.498968,2
mmlu_pro,qwen3-4b,mmlu_pro_test_08106,1,0.965476,5
mmlu_pro,qwen3-4b,mmlu_pro_test_09610,1,0.951846,3
mmlu_pro,qwen3-4b,mmlu_pro_test_05537,1,0.801163,4
mmlu_pro,qwen3-4b,mmlu_pro_test_01333,0,0.794674,2
mmlu_pro,qwen3-4b,mmlu_pro_test_03392,1,0.941168,1
mmlu_pro,qwen3-4b,mmlu_pro_test_05891,1,0.672083,2
mmlu_pro,qwen3-4b,mmlu_pro_test_09680,1,0.932571,4
mmlu_pro,qwen3-4b,mmlu_pro_test_07864,1,0.964274,4
mmlu_pro,qwen3-4b,mmlu_pro_test_10359,0,0.323619,3
mmlu_pro,qwen3-4b,mmlu_pro_test_09116,1,0.921855,3
mmlu_pro,qwen3-4b,mmlu_pro_test_03160,1,0.908541,3
mmlu_pro,qwen3-4b,mmlu_pro_test_05953,0,0.39899,1
mmlu_pro,qwen3-4b,mmlu_pro_test_06665,1,0.937572,1
mmlu_pro,qwen3-4b,mmlu_pro_test_00951,0,0.381133,3
mmlu_pro,qwen3-4b,mmlu_pro_test_01147,1,0.659212,5
mmlu_pro,qwen3-4b,mmlu_pro_test_02100,0,0.530569,5
mmlu_pro,qwen3-4b,mmlu_pro_test_03168,1,0.887381,1
mmlu_pro,qwen3-4b,mmlu_pro_test_07754,1,0.524418,5
mmlu_pro,qwen3-4b,mmlu_pro_test_08358,1,0.976211,4
mmlu_pro,qwen3-4b,mmlu_pro_test_03016,1,0.938074,4
mmlu_pro,qwen3-4b,mmlu_pro_test_10309,1,0.971183,5
mmlu_pro,qwen3-4b,mmlu_pro_test_03865,1,0.849252,3
mmlu_pro,qwen3-4b,mmlu_pro_test_02632,1,0.735435,5
mmlu_pro,qwen3-4b,mmlu_pro_test_00249,1,0.921309,5
mmlu_pro,qwen3-4b,mmlu_pro_test_10219,1,0.85473,2
mmlu_pro,qwen3-4b,mmlu_pro_test_06629,0,0.763751,3
mmlu_pro,qwen3-4b,mmlu_pro_test_01963,1,0.822125,3
mmlu_pro,qwen3-4b,mmlu_pro_test_02633,1,0.517325,5
mmlu_pro,qwen3-4b,mmlu_pro_test_02873,1,0.9164,4
trivia_qa,qwen3-4b,trivia_qa_validation_01109,1,0.75895,5
trivia_qa,qwen3-4b,trivia_qa_validation_03794,1,0.672553,5
trivia_qa,qwen3-4b,trivia_qa_validation_17430,1,0.709642,2
trivia_qa,qwen3-4b,trivia_qa_validation_04391,1,0.444811,1
trivia_qa,qwen3-4b,trivia_qa_validation_02655,0,0.296531,3
trivia_qa,qwen3-4b,trivia_qa_validation_00167,0,0.791148,3
trivia_qa,qwen3-4b,trivia_qa_validation_13407,0,0.043246,4
trivia_qa,qwen3-4b,trivia_qa_validation_07784,0,0.230331,4
trivia_qa,qwen3-4b,trivia_qa_validation_02331,0,0.781094,3
trivia_qa,qwen3-4b,trivia_qa_validation_12374,0,0.759217,1
trivia_qa,qwen3-4b,trivia_qa_validation_04621,0,0.750709,4
trivia_qa,qwen3-4b,trivia_qa_validation_08546,0,0.187368,3
trivia_qa,qwen3-4b,trivia_qa_validation_14149,1,0.44477,5
trivia_qa,qwen3-4b,trivia_qa_validation_16107,0,0.020307,2
trivia_qa,qwen3-4b,trivia_qa_validation_15389,0,0.283419,1
trivia_qa,qwen3-4b,trivia_qa_validation_04524,0,0.575642,5
trivia_qa,qwen3-4b,trivia_qa_validation_07587,0,0.01055,5
trivia_qa,qwen3-4b,trivia_qa_validation_17249,1,0.741521,2
trivia_qa,qwen3-4b,trivia_qa_validation_03990,1,0.751416,4
trivia_qa,qwen3-4b,trivia_qa_validation_07948,0,0.769312,4
trivia_qa,qwen3-4b,trivia_qa_validation_03732,1,0.576474,5
trivia_qa,qwen3-4b,trivia_qa_validation_11906,1,0.720409,3
trivia_qa,qwen3-4b,trivia_qa_validation_17663,0,0.607143,2
trivia_qa,qwen3-4b,trivia_qa_validation_14175,0,0.161276,3
trivia_qa,qwen3-4b,trivia_qa_validation_11569,0,0.052347,1
trivia_qa,qwen3-4b,trivia_qa_validation_11279,1,0.855648,4
trivia_qa,qwen3-4b,trivia_qa_validation_07694,1,0.762408,2
trivia_qa,qwen3-4b,trivia_qa_validation_10119,1,0.822568,5
trivia_qa,qwen3-4b,trivia_qa_validation_13020,1,0.690086,1
trivia_qa,qwen3-4b,trivia_qa_validation_07528,0,0.830054,2
trivia_qa,qwen3-4b,trivia_qa_validation_06018,1,0.860274,2
trivia_qa,qwen3-4b,trivia_qa_validation_14924,0,0.07867,4
trivia_qa,qwen3-4b,trivia_qa_validation_07120,1,0.887539,4
trivia_qa,qwen3-4b,trivia_qa_validation_02562,1,0.679647,2
trivia_qa,qwen3-4b,trivia_qa_validation_04299,0,0.64952,1
trivia_qa,qwen3-4b,trivia_qa_validation_11200,0,0.133345,5
trivia_qa,qwen3-4b,trivia_qa_validation_12688,1,0.737383,3
trivia_qa,qwen3-4b,trivia_qa_validation_09855,1,0.791118,1
trivia_qa,qwen3-4b,trivia_qa_validation_05061,1,0.824533,1
trivia_qa,qwen3-4b,trivia_qa_validation_12868,1,0.62722,1
trivia_qa,qwen3-4b,trivia_qa_validation_05181,0,0.058266,4
trivia_qa,qwen3-4b,trivia_qa_validation_11411,0,0.826504,4
trivia_qa,qwen3-4b,trivia_qa_validation_16167,0,0.132513,5
trivia_qa,qwen3-4b,trivia_qa_validation_07276,1,0.749115,1
trivia_qa,qwen3-4b,trivia_qa_validation_06309,1,0.75177,1
trivia_qa,qwen3-4b,trivia_qa_validation_02388,0,0.101072,2
trivia_qa,qwen3-4b,trivia_qa_validation_11514,0,0.085125,3
trivia_qa,qwen3-4b,trivia_qa_validation_17551,1,0.698292,5
trivia_qa,qwen3-4b,trivia_qa_validation_06082,0,0.03198,4
trivia_qa,qwen3-4b,trivia_qa_validation_06331,0,0.058668,3
trivia_qa,qwen3-4b,trivia_qa_validation_01768,1,0.677327,1
trivia_qa,qwen3-4b,trivia_qa_validation_07828,0,0.559052,4
trivia_qa,qwen3-4b,trivia_qa_validation_00707,1,0.85369,2
trivia_qa,qwen3-4b,trivia_qa_validation_10470,0,0.373231,4
trivia_qa,qwen3-4b,trivia_qa_validation_09051,0,0.269894,3
trivia_qa,qwen3-4b,trivia_qa_validation_01134,1,0.667642,5
trivia_qa,qwen3-4b,trivia_qa_validation_07057,0,0.022242,5
trivia_qa,qwen3-4b,trivia_qa_validation_15086,1,0.595294,5
trivia_qa,qwen3-4b,trivia_qa_validation_06856,0,0.117485,2
trivia_qa,qwen3-4b,trivia_qa_validation_00992,1,0.643453,4
trivia_qa,qwen3-4b,trivia_qa_validation_08306,0,0.143558,1
trivia_qa,qwen3-4b,trivia_qa_validation_15787,1,0.802234,2
trivia_qa,qwen3-4b,trivia_qa_validation_08600,1,0.227434,3
trivia_qa,qwen3-4b,trivia_qa_validation_12223,0,0.751882,2
trivia_qa,qwen3-4b,trivia_qa_validation_10288,1,0.767458,3
trivia_qa,qwen3-4b,trivia_qa_validation_04138,1,0.818793,4
trivia_qa,qwen3-4b,trivia_qa_validation_05974,0,0.826733,3
trivia_qa,qwen3-4b,trivia_qa_validation_09595,1,0.849473,4
trivia_qa,qwen3-4b,trivia_qa_validation_14968,1,0.789215,2
trivia_qa,qwen3-4b,trivia_qa_validation_07189,1,0.639604,1
trivia_qa,qwen3-4b,trivia_qa_validation_17148,0,0.581273,2
trivia_qa,qwen3-4b,trivia_qa_validation_08616,1,0.853793,4
trivia_qa,qwen3-4b,trivia_qa_validation_10437,1,0.746797,5
trivia_qa,qwen3-4b,trivia_qa_validation_01348,1,0.653694,5
trivia_qa,qwen3-4b,trivia_qa_validation_05378,0,0.580189,1
trivia_qa,qwen3-4b,trivia_qa_validation_04789,1,0.600534,1
trivia_qa,qwen3-4b,trivia_qa_validation_08505,0,0.132009,4
trivia_qa,qwen3-4b,trivia_qa_validation_14168,0,0.03227,2
trivia_qa,qwen3-4b,trivia_qa_validation_06174,1,0.760882,5
trivia_qa,qwen3-4b,trivia_qa_validation_06963,0,0.212461,1
trivia_qa,qwen3-4b,trivia_qa_validation_03853,1,0.411802,5
trivia_qa,qwen3-4b,trivia_qa_validation_15639,0,0.167622,3
trivia_qa,qwen3-4b,trivia_qa_validation_06651,1,0.016061,2
trivia_qa,qwen3-4b,trivia_qa_validation_13081,0,0.402118,4
trivia_qa,qwen3-4b,trivia_qa_validation_03557,1,0.87034,1
trivia_qa,qwen3-4b,trivia_qa_validation_02866,1,0.840982,3
trivia_qa,qwen3-4b,trivia_qa_validation_01079,0,0.064272,4
trivia_qa,qwen3-4b,trivia_qa_validation_07959,0,0.152297,3
trivia_qa,qwen3-4b,trivia_qa_validation_01227,1,0.795537,5
trivia_qa,qwen3-4b,trivia_qa_validation_09862,0,0.04536,3
trivia_qa,qwen3-4b,trivia_qa_validation_07086,1,0.129905,4
trivia_qa,qwen3-4b,trivia_qa_validation_07099,1,0.776016,3
trivia_qa,qwen3-4b,trivia_qa_validation_03628,0,0.190476,5
trivia_qa,qwen3-4b,trivia_qa_validation_00007,0,0.113012,1
trivia_qa,qwen3-4b,trivia_qa_validation_11597,0,0.179804,1
trivia_qa,qwen3-4b,trivia_qa_validation_17346,1,0.590102,3
trivia_qa,qwen3-4b,trivia_qa_validation_07893,1,0.750748,5
trivia_qa,qwen3-4b,trivia_qa_validation_16320,0,0.506126,2
trivia_qa,qwen3-4b,trivia_qa_validation_07580,0,0.03597,4
trivia_qa,qwen3-4b,trivia_qa_validation_05626,0,0.249273,3
trivia_qa,qwen3-4b,trivia_qa_validation_14109,1,0.810384,1
trivia_qa,qwen3-4b,trivia_qa_validation_13294,0,0.322814,5
trivia_qa,qwen3-4b,trivia_qa_validation_16883,1,0.883392,1
trivia_qa,qwen3-4b,trivia_qa_validation_14588,0,0.824426,5
trivia_qa,qwen3-4b,trivia_qa_validation_00556,0,0.033504,2
trivia_qa,qwen3-4b,trivia_qa_validation_06013,0,0.330981,5
trivia_qa,qwen3-4b,trivia_qa_validation_13577,1,0.678395,3
trivia_qa,qwen3-4b,trivia_qa_validation_17892,1,0.643801,4
trivia_qa,qwen3-4b,trivia_qa_validation_16619,1,0.902368,1
trivia_qa,qwen3-4b,trivia_qa_validation_16346,1,0.660989,4
trivia_qa,qwen3-4b,trivia_qa_validation_17493,0,0.401207,1
trivia_qa,qwen3-4b,trivia_qa_validation_06472,1,0.873652,1
trivia_qa,qwen3-4b,trivia_qa_validation_12409,0,0.131035,2
trivia_qa,qwen3-4b,trivia_qa_validation_13085,1,0.235413,5
trivia_qa,qwen3-4b,trivia_qa_validation_13882,0,0.692181,4
trivia_qa,qwen3-4b,trivia_qa_validation_02030,0,0.197187,1
trivia_qa,qwen3-4b,trivia_qa_validation_02558,0,0.264233,4
trivia_qa,qwen3-4b,trivia_qa_validation_09754,1,0.847176,1
trivia_qa,qwen3-4b,trivia_qa_validation_05365,0,0.11504,4
trivia_qa,qwen3-4b,trivia_qa_validation_03930,0,0.298123,4
trivia_qa,qwen3-4b,trivia_qa_validation_17373,0,0.054147,2
trivia_qa,qwen3-4b,trivia_qa_validation_00354,0,0.568986,3
trivia_qa,qwen3-4b,trivia_qa_validation_14823,1,0.762321,2
trivia_qa,qwen3-4b,trivia_qa_validation_11064,0,0.012282,2
trivia_qa,qwen3-4b,trivia_qa_validation_14595,1,0.727939,3
trivia_qa,qwen3-4b,trivia_qa_validation_00743,1,0.553106,1
trivia_qa,qwen3-4b,trivia_qa_validation_02892,1,0.846141,1
trivia_qa,qwen3-4b,trivia_qa_validation_17899,1,0.465157,4
trivia_qa,qwen3-4b,trivia_qa_validation_10125,1,0.815687,4
trivia_qa,qwen3-4b,trivia_qa_validation_11686,1,0.805232,1
trivia_qa,qwen3-4b,trivia_qa_validation_16317,1,0.798719,4
trivia_qa,qwen3-4b,trivia_qa_validation_12332,0,0.825378,1
trivia_qa,qwen3-4b,trivia_qa_validation_03235,0,0.754983,4
trivia_qa,qwen3-4b,trivia_qa_validation_15146,1,0.863036,5
trivia_qa,qwen3-4b,trivia_qa_validation_07402,1,0.700286,5
trivia_qa,qwen3-4b,trivia_qa_validation_01772,1,0.820665,4
trivia_qa,qwen3-4b,trivia_qa_validation_04069,1,0.655792,2
trivia_qa,qwen3-4b,trivia_qa_validation_11524,0,0.035993,4
trivia_qa,qwen3-4b,trivia_qa_validation_17778,0,0.887724,5
trivia_qa,qwen3-4b,trivia_qa_validation_04834,1,0.818141,5
trivia_qa,qwen3-4b,trivia_qa_validation_03380,1,0.841824,1
trivia_qa,qwen3-4b,trivia_qa_validation_13761,1,0.712842,4
trivia_qa,qwen3-4b,trivia_qa_validation_07059,0,0.028123,4
trivia_qa,qwen3-4b,trivia_qa_validation_00437,1,0.739084,3
trivia_qa,qwen3-4b,trivia_qa_validation_04003,0,0.085381,3
trivia_qa,qwen3-4b,trivia_qa_validation_02667,0,0.593659,1
trivia_qa,qwen3-4b,trivia_qa_validation_04104,1,0.683397,5
trivia_qa,qwen3-4b,trivia_qa_validation_16915,0,0.127746,1
trivia_qa,qwen3-4b,trivia_qa_validation_10323,0,0.347007,2
trivia_qa,qwen3-4b,trivia_qa_validation_12112,0,0.928662,4
trivia_qa,qwen3-4b,trivia_qa_validation_17283,1,0.499937,1
trivia_qa,qwen3-4b,trivia_qa_validation_02696,1,0.667792,2
trivia_qa,qwen3-4b,trivia_qa_validation_01826,0,0.143853,2
trivia_qa,qwen3-4b,trivia_qa_validation_10310,0,0.007817,5
trivia_qa,qwen3-4b,trivia_qa_validation_02645,0,0.229265,2
trivia_qa,qwen3-4b,trivia_qa_validation_11547,1,0.516368,2
trivia_qa,qwen3-4b,trivia_qa_validation_15114,0,0.190023,4
trivia_qa,qwen3-4b,trivia_qa_validation_14340,0,0.097027,3
trivia_qa,qwen3-4b,trivia_qa_validation_00285,0,0.01768,1
trivia_qa,qwen3-4b,trivia_qa_validation_14573,1,0.791671,5
trivia_qa,qwen3-4b,trivia_qa_validation_07158,0,0.885644,1
trivia_qa,qwen3-4b,trivia_qa_validation_07315,1,0.471705,3
trivia_qa,qwen3-4b,trivia_qa_validation_07320,1,0.74677,2
trivia_qa,qwen3-4b,trivia_qa_validation_13922,1,0.766512,4
trivia_qa,qwen3-4b,trivia_qa_validation_11533,1,0.830492,1
trivia_qa,qwen3-4b,trivia_qa_validation_09351,0,0.262432,4
trivia_qa,qwen3-4b,trivia_qa_validation_14521,1,0.687263,1
trivia_qa,qwen3-4b,trivia_qa_validation_05091,1,0.58191,3
trivia_qa,qwen3-4b,trivia_qa_validation_14753,1,0.68373,5
trivia_qa,qwen3-4b,trivia_qa_validation_02624,0,0.049715,2
trivia_qa,qwen3-4b,trivia_qa_validation_01668,1,0.863622,5
trivia_qa,qwen3-4b,trivia_qa_validation_01359,1,0.132405,4
trivia_qa,qwen3-4b,trivia_qa_validation_04596,1,0.366602,1
trivia_qa,qwen3-4b,trivia_qa_validation_17637,1,0.85075,2
trivia_qa,qwen3-4b,trivia_qa_validation_17819,1,0.770543,1
trivia_qa,qwen3-4b,trivia_qa_validation_07547,0,0.203329,2
trivia_qa,qwen3-4b,trivia_qa_validation_08170,1,0.840299,1
trivia_qa,qwen3-4b,trivia_qa_validation_06812,0,0.061565,1
trivia_qa,qwen3-4b,trivia_qa_validation_08506,0,0.04516,5
trivia_qa,qwen3-4b,trivia_qa_validation_11081,1,0.601167,1
trivia_qa,qwen3-4b,trivia_qa_validation_12656,1,0.776417,2
trivia_qa,qwen3-4b,trivia_qa_validation_07327,1,0.643238,3
trivia_qa,qwen3-4b,trivia_qa_validation_17516,0,0.051274,4
trivia_qa,qwen3-4b,trivia_qa_validation_07022,1,0.717503,1
trivia_qa,qwen3-4b,trivia_qa_validation_04357,1,0.833538,1
trivia_qa,qwen3-4b,trivia_qa_validation_14731,0,0.322271,1
trivia_qa,qwen3-4b,trivia_qa_validation_10475,0,0.396041,2
trivia_qa,qwen3-4b,trivia_qa_validation_17744,1,0.293306,4
trivia_qa,qwen3-4b,trivia_qa_validation_01812,1,0.726438,5
trivia_qa,qwen3-4b,trivia_qa_validation_16058,1,0.616949,5
trivia_qa,qwen3-4b,trivia_qa_validation_02111,0,0.021638,3
trivia_qa,qwen3-4b,trivia_qa_validation_00115,0,0.060359,4
trivia_qa,qwen3-4b,trivia_qa_validation_12647,1,0.557372,4
trivia_qa,qwen3-4b,trivia_qa_validation_05643,1,0.485393,2
trivia_qa,qwen3-4b,trivia_qa_validation_16766,1,0.460881,5
trivia_qa,qwen3-4b,trivia_qa_validation_14883,0,0.056163,5
trivia_qa,qwen3-4b,trivia_qa_validation_08242,0,0.034657,1
trivia_qa,qwen3-4b,trivia_qa_validation_13284,0,0.582963,5
trivia_qa,qwen3-4b,trivia_qa_validation_16699,0,0.142124,2
trivia_qa,qwen3-4b,trivia_qa_validation_09986,0,0.685869,3
trivia_qa,qwen3-4b,trivia_qa_validation_01836,1,0.794206,4
trivia_qa,qwen3-4b,trivia_qa_validation_07897,0,0.022251,4
trivia_qa,qwen3-4b,trivia_qa_validation_00593,1,0.667111,2
trivia_qa,qwen3-4b,trivia_qa_validation_02317,1,0.872266,3
trivia_qa,qwen3-4b,trivia_qa_validation_10344,0,0.202639,3
trivia_qa,qwen3-4b,trivia_qa_validation_03416,1,0.472675,3
trivia_qa,qwen3-4b,trivia_qa_validation_16755,0,0.391339,3
trivia_qa,qwen3-4b,trivia_qa_validation_00178,0,0.249475,2
trivia_qa,qwen3-4b,trivia_qa_validation_16919,1,0.462925,2
trivia_qa,qwen3-4b,trivia_qa_validation_03355,0,0.07748,2
trivia_qa,qwen3-4b,trivia_qa_validation_05462,0,0.009764,3
trivia_qa,qwen3-4b,trivia_qa_validation_05589,1,0.146366,5
trivia_qa,qwen3-4b,trivia_qa_validation_05583,0,0.695787,5
trivia_qa,qwen3-4b,trivia_qa_validation_12465,1,0.790153,1
trivia_qa,qwen3-4b,trivia_qa_validation_03861,0,0.026131,3
trivia_qa,qwen3-4b,trivia_qa_validation_15751,1,0.48095,1
trivia_qa,qwen3-4b,trivia_qa_validation_15744,0,0.626085,2
trivia_qa,qwen3-4b,trivia_qa_validation_01891,1,0.291418,4
trivia_qa,qwen3-4b,trivia_qa_validation_15454,0,0.03014,5
trivia_qa,qwen3-4b,trivia_qa_validation_13058,0,0.050055,2
trivia_qa,qwen3-4b,trivia_qa_validation_13834,0,0.552839,1
trivia_qa,qwen3-4b,trivia_qa_validation_10481,0,0.114582,3
trivia_qa,qwen3-4b,trivia_qa_validation_04100,1,0.746013,4
trivia_qa,qwen3-4b,trivia_qa_validation_13536,1,0.696157,5
trivia_qa,qwen3-4b,trivia_qa_validation_04424,1,0.790423,4
trivia_qa,qwen3-4b,trivia_qa_validation_12939,0,0.20837,2
trivia_qa,qwen3-4b,trivia_qa_validation_07416,1,0.798289,1
trivia_qa,qwen3-4b,trivia_qa_validation_02273,0,0.111148,3
trivia_qa,qwen3-4b,trivia_qa_validation_09192,0,0.038614,3
trivia_qa,qwen3-4b,trivia_qa_validation_14424,1,0.752025,5
trivia_qa,qwen3-4b,trivia_qa_validation_04291,0,0.042859,5
trivia_qa,qwen3-4b,trivia_qa_validation_16467,0,0.053733,1
trivia_qa,qwen3-4b,trivia_qa_validation_00715,0,0.553404,4
trivia_qa,qwen3-4b,trivia_qa_validation_00283,1,0.880208,2
trivia_qa,qwen3-4b,trivia_qa_validation_02416,0,0.096839,2
trivia_qa,qwen3-4b,trivia_qa_validation_00270,1,0.87099,4
trivia_qa,qwen3-4b,trivia_qa_validation_12272,0,0.801891,3
trivia_qa,qwen3-4b,trivia_qa_validation_10201,0,0.325694,1
trivia_qa,qwen3-4b,trivia_qa_validation_08707,0,0.581598,5
trivia_qa,qwen3-4b,trivia_qa_validation_10204,0,0.708377,3
trivia_qa,qwen3-4b,trivia_qa_validation_04236,0,0.114685,4
trivia_qa,qwen3-4b,trivia_qa_validation_00545,0,0.62562,4
trivia_qa,qwen3-4b,trivia_qa_validation_13981,1,0.622226,1
trivia_qa,qwen3-4b,trivia_qa_validation_06747,0,0.60024,5
trivia_qa,qwen3-4b,trivia_qa_validation_09686,1,0.114929,1
trivia_qa,qwen3-4b,trivia_qa_validation_11251,1,0.716053,2
trivia_qa,qwen3-4b,trivia_qa_validation_15865,1,0.73374,1
trivia_qa,qwen3-4b,trivia_qa_validation_12733,1,0.77932,3
trivia_qa,qwen3-4b,trivia_qa_validation_16908,0,0.464589,1
trivia_qa,qwen3-4b,trivia_qa_validation_09434,0,0.384719,3
trivia_qa,qwen3-4b,trivia_qa_validation_04837,1,0.728187,3
trivia_qa,qwen3-4b,trivia_qa_validation_15515,1,0.448321,4
trivia_qa,qwen3-4b,trivia_qa_validation_16047,0,0.828486,2
trivia_qa,qwen3-4b,trivia_qa_validation_04863,1,0.881957,1
trivia_qa,qwen3-4b,trivia_qa_validation_14642,0,0.033702,3
trivia_qa,qwen3-4b,trivia_qa_validation_16744,1,0.724972,2
trivia_qa,qwen3-4b,trivia_qa_validation_01288,1,0.766629,4
trivia_qa,qwen3-4b,trivia_qa_validation_15941,1,0.669499,3
trivia_qa,qwen3-4b,trivia_qa_validation_14754,0,0.459869,3
trivia_qa,qwen3-4b,trivia_qa_validation_06632,1,0.799181,1
trivia_qa,qwen3-4b,trivia_qa_validation_09573,1,0.220596,4
trivia_qa,qwen3-4b,trivia_qa_validation_02737,1,0.141326,4
trivia_qa,qwen3-4b,trivia_qa_validation_00636,1,0.706527,1
trivia_qa,qwen3-4b,trivia_qa_validation_02472,0,0.599665,4
trivia_qa,qwen3-4b,trivia_qa_validation_08712,1,0.804285,1
trivia_qa,qwen3-4b,trivia_qa_validation_04202,1,0.606132,5
trivia_qa,qwen3-4b,trivia_qa_validation_12330,1,0.415263,2
trivia_qa,qwen3-4b,trivia_qa_validation_17220,0,0.536679,4
trivia_qa,qwen3-4b,trivia_qa_validation_06955,0,0.016682,4
trivia_qa,qwen3-4b,trivia_qa_validation_15566,0,0.419111,1
trivia_qa,qwen3-4b,trivia_qa_validation_10936,1,0.732302,3
trivia_qa,qwen3-4b,trivia_qa_validation_02186,0,0.005923,4
trivia_qa,qwen3-4b,trivia_qa_validation_10355,0,0.522242,3
trivia_qa,qwen3-4b,trivia_qa_validation_06069,1,0.583612,5
trivia_qa,qwen3-4b,trivia_qa_validation_04587,1,0.640036,2
trivia_qa,qwen3-4b,trivia_qa_validation_11038,1,0.614275,2
trivia_qa,qwen3-4b,trivia_qa_validation_00722,1,0.669379,5
trivia_qa,qwen3-4b,trivia_qa_validation_10575,0,0.413648,2
trivia_qa,qwen3-4b,trivia_qa_validation_14394,1,0.764217,2
trivia_qa,qwen3-4b,trivia_qa_validation_14904,1,0.797125,4
trivia_qa,qwen3-4b,trivia_qa_validation_17874,1,0.732618,4
trivia_qa,qwen3-4b,trivia_qa_validation_04795,0,0.3969,4
trivia_qa,qwen3-4b,trivia_qa_validation_10105,0,0.276996,1
trivia_qa,qwen3-4b,trivia_qa_validation_05520,0,0.28383,2
trivia_qa,qwen3-4b,trivia_qa_validation_03711,0,0.182728,5
trivia_qa,qwen3-4b,trivia_qa_validation_11604,0,0.048064,1
trivia_qa,qwen3-4b,trivia_qa_validation_13932,1,0.039729,2
trivia_qa,qwen3-4b,trivia_qa_validation_04772,0,0.775258,2
trivia_qa,qwen3-4b,trivia_qa_validation_12312,1,0.794119,2
trivia_qa,qwen3-4b,trivia_qa_validation_00143,0,0.352392,4
trivia_qa,qwen3-4b,trivia_qa_validation_05430,1,0.707852,5
trivia_qa,qwen3-4b,trivia_qa_validation_07902,0,0.020037,3
trivia_qa,qwen3-4b,trivia_qa_validation_02704,0,0.72981,2
trivia_qa,qwen3-4b,trivia_qa_validation_03370,1,0.888402,2
trivia_qa,qwen3-4b,trivia_qa_validation_09132,0,0.167171,2
trivia_qa,qwen3-4b,trivia_qa_validation_10486,1,0.752964,5
trivia_qa,qwen3-4b,trivia_qa_validation_05398,0,0.079601,4
trivia_qa,qwen3-4b,trivia_qa_validation_14741,1,0.364282,5
trivia_qa,qwen3-4b,trivia_qa_validation_00484,1,0.397419,2
trivia_qa,qwen3-4b,trivia_qa_validation_02728,0,0.777842,2
trivia_qa,qwen3-4b,trivia_qa_validation_06667,0,0.122154,4
trivia_qa,qwen3-4b,trivia_qa_validation_02265,0,0.638793,5
trivia_qa,qwen3-4b,trivia_qa_validation_00148,1,0.78555,3
trivia_qa,qwen3-4b,trivia_qa_validation_14527,0,0.085655,1
trivia_qa,qwen3-4b,trivia_qa_validation_04829,1,0.309492,2
trivia_qa,qwen3-4b,trivia_qa_validation_14601,0,0.155287,2
trivia_qa,qwen3-4b,trivia_qa_validation_07232,0,0.806313,4
trivia_qa,qwen3-4b,trivia_qa_validation_03932,0,0.042568,3
trivia_qa,qwen3-4b,trivia_qa_validation_05092,0,0.809216,5
trivia_qa,qwen3-4b,trivia_qa_validation_07151,1,0.572762,3
trivia_qa,qwen3-4b,trivia_qa_validation_04086,1,0.329016,2
trivia_qa,qwen3-4b,trivia_qa_validation_15597,0,0.114651,5
trivia_qa,qwen3-4b,trivia_qa_validation_04148,1,0.161087,5
trivia_qa,qwen3-4b,trivia_qa_validation_02766,1,0.26557,2
trivia_qa,qwen3-4b,trivia_qa_validation_07242,1,0.060078,5
trivia_qa,qwen3-4b,trivia_qa_validation_00160,0,0.418883,1
trivia_qa,qwen3-4b,trivia_qa_validation_08757,1,0.812475,3
trivia_qa,qwen3-4b,trivia_qa_validation_15944,1,0.763224,1
trivia_qa,qwen3-4b,trivia_qa_validation_03325,1,0.569726,3
trivia_qa,qwen3-4b,trivia_qa_validation_03466,0,0.906846,5
trivia_qa,qwen3-4b,trivia_qa_validation_04152,0,0.746952,3
trivia_qa,qwen3-4b,trivia_qa_validation_08334,0,0.221917,1
trivia_qa,qwen3-4b,trivia_qa_validation_02300,1,0.40913,3
trivia_qa,qwen3-4b,trivia_qa_validation_08500,0,0.056681,1
trivia_qa,qwen3-4b,trivia_qa_validation_12394,1,0.469272,1
trivia_qa,qwen3-4b,trivia_qa_validation_03713,1,0.199714,5
trivia_qa,qwen3-4b,trivia_qa_validation_11027,0,0.320737,2
trivia_qa,qwen3-4b,trivia_qa_validation_08979,0,0.114724,5
trivia_qa,qwen3-4b,trivia_qa_validation_06209,1,0.161962,4
trivia_qa,qwen3-4b,trivia_qa_validation_16056,0,0.686787,1
trivia_qa,qwen3-4b,trivia_qa_validation_09720,1,0.726232,5
trivia_qa,qwen3-4b,trivia_qa_validation_16784,1,0.763482,2
trivia_qa,qwen3-4b,trivia_qa_validation_03661,0,0.033363,3
trivia_qa,qwen3-4b,trivia_qa_validation_17758,1,0.724906,3
trivia_qa,qwen3-4b,trivia_qa_validation_11813,0,0.033726,2
trivia_qa,qwen3-4b,trivia_qa_validation_11982,1,0.822567,3
trivia_qa,qwen3-4b,trivia_qa_validation_13147,1,0.872497,5
trivia_qa,qwen3-4b,trivia_qa_validation_03883,1,0.493365,4
trivia_qa,qwen3-4b,trivia_qa_validation_00710,1,0.652216,3
trivia_qa,qwen3-4b,trivia_qa_validation_01443,1,0.191093,4
trivia_qa,qwen3-4b,trivia_qa_validation_02550,1,0.836211,5
trivia_qa,qwen3-4b,trivia_qa_validation_00348,0,0.161187,1
trivia_qa,qwen3-4b,trivia_qa_validation_05540,1,0.867708,5
trivia_qa,qwen3-4b,trivia_qa_validation_17936,0,0.357456,4
trivia_qa,qwen3-4b,trivia_qa_validation_04756,1,0.671093,4
trivia_qa,qwen3-4b,trivia_qa_validation_01754,1,0.490108,1
trivia_qa,qwen3-4b,trivia_qa_validation_00420,1,0.689461,2
trivia_qa,qwen3-4b,trivia_qa_validation_01711,1,0.811628,5
trivia_qa,qwen3-4b,trivia_qa_validation_13181,0,0.651963,3
trivia_qa,qwen3-4b,trivia_qa_validation_15521,1,0.726223,3
trivia_qa,qwen3-4b,trivia_qa_validation_11277,0,0.479789,1
trivia_qa,qwen3-4b,trivia_qa_validation_03142,1,0.796304,3
trivia_qa,qwen3-4b,trivia_qa_validation_04364,1,0.251974,5
trivia_qa,qwen3-4b,trivia_qa_validation_03140,1,0.905835,1
trivia_qa,qwen3-4b,trivia_qa_validation_06689,0,0.526675,4
trivia_qa,qwen3-4b,trivia_qa_validation_15502,1,0.79995,2
trivia_qa,qwen3-4b,trivia_qa_validation_14235,1,0.764901,3
trivia_qa,qwen3-4b,trivia_qa_validation_00418,0,0.028429,5
trivia_qa,qwen3-4b,trivia_qa_validation_14036,0,0.260404,5
trivia_qa,qwen3-4b,trivia_qa_validation_12824,0,0.440055,3
trivia_qa,qwen3-4b,trivia_qa_validation_00649,0,0.674064,3
trivia_qa,qwen3-4b,trivia_qa_validation_08477,0,0.09699,5
trivia_qa,qwen3-4b,trivia_qa_validation_05433,0,0.424921,5
trivia_qa,qwen3-4b,trivia_qa_validation_15011,0,0.815717,1
trivia_qa,qwen3-4b,trivia_qa_validation_02765,0,0.502932,1
trivia_qa,qwen3-4b,trivia_qa_validation_11178,0,0.087263,3
trivia_qa,qwen3-4b,trivia_qa_validation_08194,1,0.548159,4
trivia_qa,qwen3-4b,trivia_qa_validation_13169,1,0.783956,1
trivia_qa,qwen3-4b,trivia_qa_validation_12626,0,0.04749,2
trivia_qa,qwen3-4b,trivia_qa_validation_09431,0,0.009356,4
trivia_qa,qwen3-4b,trivia_qa_validation_00109,0,0.724863,5
trivia_qa,qwen3-4b,trivia_qa_validation_08678,1,0.841547,4
trivia_qa,qwen3-4b,trivia_qa_validation_06127,1,0.810977,5
trivia_qa,qwen3-4b,trivia_qa_validation_13219,0,0.70345,2
trivia_qa,qwen3-4b,trivia_qa_validation_04599,0,0.781382,5
trivia_qa,qwen3-4b,trivia_qa_validation_01994,0,0.008713,3
trivia_qa,qwen3-4b,trivia_qa_validation_12224,1,0.537091,2
trivia_qa,qwen3-4b,trivia_qa_validation_15179,0,0.05568,1
trivia_qa,qwen3-4b,trivia_qa_validation_07641,0,0.13025,1
trivia_qa,qwen3-4b,trivia_qa_validation_02282,1,0.730539,2
trivia_qa,qwen3-4b,trivia_qa_validation_04513,1,0.652507,2
trivia_qa,qwen3-4b,trivia_qa_validation_01366,0,0.225788,5
trivia_qa,qwen3-4b,trivia_qa_validation_07458,0,0.434111,1
trivia_qa,qwen3-4b,trivia_qa_validation_01883,1,0.730106,3
trivia_qa,qwen3-4b,trivia_qa_validation_14255,1,0.707472,1
trivia_qa,qwen3-4b,trivia_qa_validation_00591,0,0.776248,1
trivia_qa,qwen3-4b,trivia_qa_validation_10818,1,0.757561,3
trivia_qa,qwen3-4b,trivia_qa_validation_13177,1,0.842284,2
trivia_qa,qwen3-4b,trivia_qa_validation_08933,0,0.110623,1
trivia_qa,qwen3-4b,trivia_qa_validation_16046,1,0.83228,1
trivia_qa,qwen3-4b,trivia_qa_validation_11077,0,0.502853,1
trivia_qa,qwen3-4b,trivia_qa_validation_16190,0,0.249456,4
trivia_qa,qwen3-4b,trivia_qa_validation_16727,1,0.545602,1
trivia_qa,qwen3-4b,trivia_qa_validation_14999,0,0.169248,4
trivia_qa,qwen3-4b,trivia_qa_validation_01906,0,0.616961,5
trivia_qa,qwen3-4b,trivia_qa_validation_14350,1,0.806932,4
trivia_qa,qwen3-4b,trivia_qa_validation_13361,1,0.714687,2
trivia_qa,qwen3-4b,trivia_qa_validation_08206,0,0.30356,3
trivia_qa,qwen3-4b,trivia_qa_validation_06733,1,0.122475,5
trivia_qa,qwen3-4b,trivia_qa_validation_10955,1,0.835016,4
trivia_qa,qwen3-4b,trivia_qa_validation_03780,1,0.836485,3
trivia_qa,qwen3-4b,trivia_qa_validation_03600,1,0.719761,5
trivia_qa,qwen3-4b,trivia_qa_validation_13199,1,0.717369,5
trivia_qa,qwen3-4b,trivia_qa_validation_00375,1,0.447865,3
trivia_qa,qwen3-4b,trivia_qa_validation_03752,1,0.848074,3
trivia_qa,qwen3-4b,trivia_qa_validation_10641,0,0.645898,5
trivia_qa,qwen3-4b,trivia_qa_validation_06744,1,0.830778,1
trivia_qa,qwen3-4b,trivia_qa_validation_01081,1,0.74558,3
trivia_qa,qwen3-4b,trivia_qa_validation_10157,0,0.476362,2
trivia_qa,qwen3-4b,trivia_qa_validation_03172,1,0.842337,2
trivia_qa,qwen3-4b,trivia_qa_validation_17673,1,0.814994,3
trivia_qa,qwen3-4b,trivia_qa_validation_14895,0,0.45943,4
trivia_qa,qwen3-4b,trivia_qa_validation_00064,1,0.50247,2
trivia_qa,qwen3-4b,trivia_qa_validation_00787,1,0.776492,1
trivia_qa,qwen3-4b,trivia_qa_validation_08496,0,0.800985,4
trivia_qa,qwen3-4b,trivia_qa_validation_06234,0,0.197441,1
trivia_qa,qwen3-4b,trivia_qa_validation_00277,1,0.745276,2
trivia_qa,qwen3-4b,trivia_qa_validation_04031,0,0.607142,1
trivia_qa,qwen3-4b,trivia_qa_validation_04619,1,0.087126,5
trivia_qa,qwen3-4b,trivia_qa_validation_09944,0,0.796356,5
trivia_qa,qwen3-4b,trivia_qa_validation_10365,1,0.726875,1
trivia_qa,qwen3-4b,trivia_qa_validation_04211,1,0.595386,3
trivia_qa,qwen3-4b,trivia_qa_validation_01224,1,0.69304,2
trivia_qa,qwen3-4b,trivia_qa_validation_00412,0,0.617934,4
trivia_qa,qwen3-4b,trivia_qa_validation_08936,0,0.608349,2
trivia_qa,qwen3-4b,trivia_qa_validation_12470,1,0.560841,4
trivia_qa,qwen3-4b,trivia_qa_validation_13149,0,0.308398,3
trivia_qa,qwen3-4b,trivia_qa_validation_12901,0,0.624994,3
trivia_qa,qwen3-4b,trivia_qa_validation_00716,1,0.854214,2
trivia_qa,qwen3-4b,trivia_qa_validation_00608,0,0.261698,5
trivia_qa,qwen3-4b,trivia_qa_validation_13701,1,0.85146,2
trivia_qa,qwen3-4b,trivia_qa_validation_08925,0,0.099872,1
trivia_qa,qwen3-4b,trivia_qa_validation_04562,1,0.416252,4
trivia_qa,qwen3-4b,trivia_qa_validation_09516,1,0.4861,4
trivia_qa,qwen3-4b,trivia_qa_validation_02833,1,0.774182,3
trivia_qa,qwen3-4b,trivia_qa_validation_00073,0,0.340827,3
trivia_qa,qwen3-4b,trivia_qa_validation_02820,0,0.1871,5
trivia_qa,qwen3-4b,trivia_qa_validation_07941,1,0.815308,2
trivia_qa,qwen3-4b,trivia_qa_validation_00450,0,0.342694,1
trivia_qa,qwen3-4b,trivia_qa_validation_12257,1,0.002683,4
trivia_qa,qwen3-4b,trivia_qa_validation_11885,0,0.012606,4
trivia_qa,qwen3-4b,trivia_qa_validation_09049,0,0.15892,2
trivia_qa,qwen3-4b,trivia_qa_validation_15912,0,0.189282,3
trivia_qa,qwen3-4b,trivia_qa_validation_05976,0,0.384282,3
trivia_qa,qwen3-4b,trivia_qa_validation_12227,1,0.798493,1
trivia_qa,qwen3-4b,trivia_qa_validation_07174,0,0.444739,2
trivia_qa,qwen3-4b,trivia_qa_validation_15395,1,0.499195,1
trivia_qa,qwen3-4b,trivia_qa_validation_12988,1,0.709925,1
trivia_qa,qwen3-4b,trivia_qa_validation_02995,1,0.775879,2
trivia_qa,qwen3-4b,trivia_qa_validation_00899,0,0.046366,3
trivia_qa,qwen3-4b,trivia_qa_validation_09891,1,0.687068,2
trivia_qa,qwen3-4b,trivia_qa_validation_17099,0,0.089294,4
trivia_qa,qwen3-4b,trivia_qa_validation_16828,1,0.188311,3
trivia_qa,qwen3-4b,trivia_qa_validation_00780,1,0.723989,3
trivia_qa,qwen3-4b,trivia_qa_validation_10939,1,0.762831,3
trivia_qa,qwen3-4b,trivia_qa_validation_00686,1,0.65869,1
trivia_qa,qwen3-4b,trivia_qa_validation_11066,1,0.59478,3
trivia_qa,qwen3-4b,trivia_qa_validation_12757,0,0.788797,3
trivia_qa,qwen3-4b,trivia_qa_validation_12617,1,0.061497,4
trivia_qa,qwen3-4b,trivia_qa_validation_10158,0,0.640673,2
trivia_qa,qwen3-4b,trivia_qa_validation_10368,0,0.166218,5
trivia_qa,qwen3-4b,trivia_qa_validation_13479,1,0.435274,3
trivia_qa,qwen3-4b,trivia_qa_validation_09320,1,0.839866,4
trivia_qa,qwen3-4b,trivia_qa_validation_14646,1,0.189935,4
trivia_qa,qwen3-4b,trivia_qa_validation_01563,1,0.682239,4
trivia_qa,qwen3-4b,trivia_qa_validation_15635,0,0.113205,1
trivia_qa,qwen3-4b,trivia_qa_validation_07741,0,0.201419,5
trivia_qa,qwen3-4b,trivia_qa_validation_16493,0,0.295225,4
trivia_qa,qwen3-4b,trivia_qa_validation_11201,0,0.392267,1
trivia_qa,qwen3-4b,trivia_qa_validation_10438,1,0.793901,5
trivia_qa,qwen3-4b,trivia_qa_validation_05441,1,0.500495,2
trivia_qa,qwen3-4b,trivia_qa_validation_07101,1,0.622887,2
trivia_qa,qwen3-4b,trivia_qa_validation_01851,0,0.750215,5
trivia_qa,qwen3-4b,trivia_qa_validation_09161,0,0.816969,1
trivia_qa,qwen3-4b,trivia_qa_validation_10402,0,0.096151,4
trivia_qa,qwen3-4b,trivia_qa_validation_08645,1,0.474897,4
trivia_qa,qwen3-4b,trivia_qa_validation_12847,0,0.831628,5
trivia_qa,qwen3-4b,trivia_qa_validation_11922,0,0.720407,5
trivia_qa,qwen3-4b,trivia_qa_validation_08999,0,0.077743,5
trivia_qa,qwen3-4b,trivia_qa_validation_03131,0,0.290668,1
trivia_qa,qwen3-4b,trivia_qa_validation_09993,1,0.359885,5
trivia_qa,qwen3-4b,trivia_qa_validation_07344,1,0.70585,3
trivia_qa,qwen3-4b,trivia_qa_validation_08688,0,0.13165,4
trivia_qa,qwen3-4b,trivia_qa_validation_15804,1,0.770425,3
trivia_qa,qwen3-4b,trivia_qa_validation_17889,1,0.828232,1
trivia_qa,qwen3-4b,trivia_qa_validation_06663,0,0.018927,1
trivia_qa,qwen3-4b,trivia_qa_validation_03344,1,0.757746,5
trivia_qa,qwen3-4b,trivia_qa_validation_10198,0,0.241481,5
trivia_qa,qwen3-4b,trivia_qa_validation_06826,1,0.789346,3
trivia_qa,qwen3-4b,trivia_qa_validation_03353,0,0.065753,2
trivia_qa,qwen3-4b,trivia_qa_validation_14067,1,0.808271,2
trivia_qa,qwen3-4b,trivia_qa_validation_10370,0,0.153563,4
trivia_qa,qwen3-4b,trivia_qa_validation_14262,1,0.698824,5
trivia_qa,qwen3-4b,trivia_qa_validation_14825,1,0.916096,5
trivia_qa,qwen3-4b,trivia_qa_validation_05264,0,0.480759,5
trivia_qa,qwen3-4b,trivia_qa_validation_02283,1,0.886158,5
trivia_qa,qwen3-4b,trivia_qa_validation_15256,1,0.802947,5
trivia_qa,qwen3-4b,trivia_qa_validation_06451,1,0.6107,5
trivia_qa,qwen3-4b,trivia_qa_validation_10680,1,0.710524,4
trivia_qa,qwen3-4b,trivia_qa_validation_04779,1,0.782557,3
trivia_qa,qwen3-4b,trivia_qa_validation_06577,0,0.160185,2
trivia_qa,qwen3-4b,trivia_qa_validation_14376,0,0.742106,3
trivia_qa,qwen3-4b,trivia_qa_validation_03459,1,0.855106,4
trivia_qa,qwen3-4b,trivia_qa_validation_05100,0,0.148376,5
trivia_qa,qwen3-4b,trivia_qa_validation_04197,0,0.152249,4
trivia_qa,qwen3-4b,trivia_qa_validation_02484,1,0.81361,2
trivia_qa,qwen3-4b,trivia_qa_validation_00400,0,0.85088,4
trivia_qa,qwen3-4b,trivia_qa_validation_15338,0,0.194417,5
trivia_qa,qwen3-4b,trivia_qa_validation_08919,0,0.125266,3
trivia_qa,qwen3-4b,trivia_qa_validation_03947,0,0.164239,5
trivia_qa,qwen3-4b,trivia_qa_validation_08119,0,0.242218,5
trivia_qa,qwen3-4b,trivia_qa_validation_04464,0,0.764288,4
trivia_qa,qwen3-4b,trivia_qa_validation_09553,1,0.501496,2
trivia_qa,qwen3-4b,trivia_qa_validation_14537,0,0.242506,1
trivia_qa,qwen3-4b,trivia_qa_validation_14480,0,0.09434,2
trivia_qa,qwen3-4b,trivia_qa_validation_14210,0,0.897728,1
trivia_qa,qwen3-4b,trivia_qa_validation_14435,1,0.522131,4
trivia_qa,qwen3-4b,trivia_qa_validation_06231,0,0.045116,5
trivia_qa,qwen3-4b,trivia_qa_validation_01155,1,0.447631,5
trivia_qa,qwen3-4b,trivia_qa_validation_05645,0,0.049486,5
trivia_qa,qwen3-4b,trivia_qa_validation_12517,1,0.815675,4
trivia_qa,qwen3-4b,trivia_qa_validation_00610,0,0.334457,2
trivia_qa,qwen3-4b,trivia_qa_validation_00452,1,0.836997,5
trivia_qa,qwen3-4b,trivia_qa_validation_07470,0,0.76431,2
trivia_qa,qwen3-4b,trivia_qa_validation_16340,0,0.582901,1
trivia_qa,qwen3-4b,trivia_qa_validation_12679,0,0.050209,4
trivia_qa,qwen3-4b,trivia_qa_validation_12764,0,0.004322,5
trivia_qa,qwen3-4b,trivia_qa_validation_04640,1,0.447978,4
trivia_qa,qwen3-4b,trivia_qa_validation_02844,1,0.741663,3
trivia_qa,qwen3-4b,trivia_qa_validation_09230,1,0.554127,4
trivia_qa,qwen3-4b,trivia_qa_validation_06552,0,0.124097,1
trivia_qa,qwen3-4b,trivia_qa_validation_06454,0,0.628633,5
trivia_qa,qwen3-4b,trivia_qa_validation_02183,0,0.011545,5
trivia_qa,qwen3-4b,trivia_qa_validation_14637,1,0.849953,2
trivia_qa,qwen3-4b,trivia_qa_validation_14365,0,0.617691,5
trivia_qa,qwen3-4b,trivia_qa_validation_05184,1,0.694187,2
trivia_qa,qwen3-4b,trivia_qa_validation_03696,1,0.772771,3
trivia_qa,qwen3-4b,trivia_qa_validation_09642,1,0.701715,3
trivia_qa,qwen3-4b,trivia_qa_validation_15552,0,0.068447,3
trivia_qa,qwen3-4b,trivia_qa_validation_17529,0,0.682638,4
trivia_qa,qwen3-4b,trivia_qa_validation_11432,1,0.683065,3
trivia_qa,qwen3-4b,trivia_qa_validation_00088,1,0.612662,2
trivia_qa,qwen3-4b,trivia_qa_validation_05568,0,0.656969,3
trivia_qa,qwen3-4b,trivia_qa_validation_05297,0,0.62556,3
trivia_qa,qwen3-4b,trivia_qa_validation_05647,0,0.202146,1
trivia_qa,qwen3-4b,trivia_qa_validation_04428,0,0.839701,2
trivia_qa,qwen3-4b,trivia_qa_validation_15982,1,0.785335,2
trivia_qa,qwen3-4b,trivia_qa_validation_01628,1,0.462748,3
trivia_qa,qwen3-4b,trivia_qa_validation_06553,0,0.799035,5
trivia_qa,qwen3-4b,trivia_qa_validation_16893,0,0.44573,5
trivia_qa,qwen3-4b,trivia_qa_validation_12938,0,0.401766,4
trivia_qa,qwen3-4b,trivia_qa_validation_12748,1,0.697127,5
trivia_qa,qwen3-4b,trivia_qa_validation_04674,0,0.606615,5
trivia_qa,qwen3-4b,trivia_qa_validation_00758,0,0.367672,4
trivia_qa,qwen3-4b,trivia_qa_validation_06687,1,0.856315,4
trivia_qa,qwen3-4b,trivia_qa_validation_17653,1,0.878498,2
trivia_qa,qwen3-4b,trivia_qa_validation_00839,1,0.802171,5
trivia_qa,qwen3-4b,trivia_qa_validation_15618,1,0.691354,2
trivia_qa,qwen3-4b,trivia_qa_validation_17514,1,0.752288,4
trivia_qa,qwen3-4b,trivia_qa_validation_09712,0,0.00591,2
trivia_qa,qwen3-4b,trivia_qa_validation_06599,0,0.194323,2
trivia_qa,qwen3-4b,trivia_qa_validation_13957,1,0.857879,4
trivia_qa,qwen3-4b,trivia_qa_validation_09104,0,0.056887,3
trivia_qa,qwen3-4b,trivia_qa_validation_15841,1,0.528687,2
trivia_qa,qwen3-4b,trivia_qa_validation_12985,0,0.561085,4
trivia_qa,qwen3-4b,trivia_qa_validation_16562,1,0.830072,4
trivia_qa,qwen3-4b,trivia_qa_validation_12540,0,0.09182,1
trivia_qa,qwen3-4b,trivia_qa_validation_17711,1,0.842059,1
trivia_qa,qwen3-4b,trivia_qa_validation_02769,1,0.806437,5
trivia_qa,qwen3-4b,trivia_qa_validation_03117,0,0.284551,2
trivia_qa,qwen3-4b,trivia_qa_validation_06956,0,0.113828,1
trivia_qa,qwen3-4b,trivia_qa_validation_10036,0,0.34323,4
trivia_qa,qwen3-4b,trivia_qa_validation_17234,1,0.795037,1
trivia_qa,qwen3-4b,trivia_qa_validation_17834,0,0.090479,5
trivia_qa,qwen3-4b,trivia_qa_validation_11451,0,0.098356,5
trivia_qa,qwen3-4b,trivia_qa_validation_07698,0,0.020817,4
trivia_qa,qwen3-4b,trivia_qa_validation_06495,0,0.316597,2
trivia_qa,qwen3-4b,trivia_qa_validation_02834,1,0.673984,4
trivia_qa,qwen3-4b,trivia_qa_validation_13215,1,0.771823,1
trivia_qa,qwen3-4b,trivia_qa_validation_09253,0,0.141619,2
trivia_qa,qwen3-4b,trivia_qa_validation_03995,1,0.448796,3
trivia_qa,qwen3-4b,trivia_qa_validation_06321,0,0.319755,4
trivia_qa,qwen3-4b,trivia_qa_validation_09116,0,0.214928,4
trivia_qa,qwen3-4b,trivia_qa_validation_00264,1,0.327277,3
trivia_qa,qwen3-4b,trivia_qa_validation_07058,0,0.214754,3
trivia_qa,qwen3-4b,trivia_qa_validation_05423,1,0.888975,2
trivia_qa,qwen3-4b,trivia_qa_validation_08007,0,0.317525,1
trivia_qa,qwen3-4b,trivia_qa_validation_17843,1,0.508225,1
trivia_qa,qwen3-4b,trivia_qa_validation_12090,0,0.165847,2
trivia_qa,qwen3-4b,trivia_qa_validation_00957,1,0.779457,1
trivia_qa,qwen3-4b,trivia_qa_validation_05479,0,0.254305,2
trivia_qa,qwen3-4b,trivia_qa_validation_09597,1,0.051139,1
trivia_qa,qwen3-4b,trivia_qa_validation_08330,0,0.113322,3
trivia_qa,qwen3-4b,trivia_qa_validation_14621,0,0.053884,3
trivia_qa,qwen3-4b,trivia_qa_validation_11057,0,0.336814,1
trivia_qa,qwen3-4b,trivia_qa_validation_04630,0,0.09453,4
trivia_qa,qwen3-4b,trivia_qa_validation_12501,1,0.748334,2
trivia_qa,qwen3-4b,trivia_qa_validation_17026,0,0.472484,2
trivia_qa,qwen3-4b,trivia_qa_validation_00046,0,0.831006,4
trivia_qa,qwen3-4b,trivia_qa_validation_04598,1,0.122912,2
trivia_qa,qwen3-4b,trivia_qa_validation_09123,1,0.226841,5
trivia_qa,qwen3-4b,trivia_qa_validation_14269,0,0.30027,2
trivia_qa,qwen3-4b,trivia_qa_validation_16115,0,0.168715,2
trivia_qa,qwen3-4b,trivia_qa_validation_11593,0,0.299267,2
trivia_qa,qwen3-4b,trivia_qa_validation_06890,0,0.405132,1
trivia_qa,qwen3-4b,trivia_qa_validation_16436,0,0.172898,1
trivia_qa,qwen3-4b,trivia_qa_validation_12299,1,0.760422,5
trivia_qa,qwen3-4b,trivia_qa_validation_07338,0,0.321744,3
trivia_qa,qwen3-4b,trivia_qa_validation_17206,0,0.657344,4
trivia_qa,qwen3-4b,trivia_qa_validation_00045,0,0.657983,4
trivia_qa,qwen3-4b,trivia_qa_validation_01317,0,0.069006,2
trivia_qa,qwen3-4b,trivia_qa_validation_16223,1,0.634547,3
trivia_qa,qwen3-4b,trivia_qa_validation_01824,0,0.181139,5
trivia_qa,qwen3-4b,trivia_qa_validation_15704,1,0.702349,2
trivia_qa,qwen3-4b,trivia_qa_validation_04047,0,0.529298,2
trivia_qa,qwen3-4b,trivia_qa_validation_11337,1,0.626638,1
trivia_qa,qwen3-4b,trivia_qa_validation_03987,1,0.491214,3
trivia_qa,qwen3-4b,trivia_qa_validation_07019,1,0.38304,4
trivia_qa,qwen3-4b,trivia_qa_validation_02002,0,0.018087,2
trivia_qa,qwen3-4b,trivia_qa_validation_08224,0,0.770281,1
trivia_qa,qwen3-4b,trivia_qa_validation_13481,1,0.862426,4
trivia_qa,qwen3-4b,trivia_qa_validation_14229,1,0.74111,2
trivia_qa,qwen3-4b,trivia_qa_validation_13625,0,0.671572,3
trivia_qa,qwen3-4b,trivia_qa_validation_03119,0,0.521328,5
trivia_qa,qwen3-4b,trivia_qa_validation_09634,0,0.49926,1
trivia_qa,qwen3-4b,trivia_qa_validation_08915,0,0.182142,1
trivia_qa,qwen3-4b,trivia_qa_validation_10964,1,0.77826,1
trivia_qa,qwen3-4b,trivia_qa_validation_07420,0,0.17545,4
trivia_qa,qwen3-4b,trivia_qa_validation_13542,0,0.329201,3
trivia_qa,qwen3-4b,trivia_qa_validation_11676,1,0.536501,5
trivia_qa,qwen3-4b,trivia_qa_validation_17159,0,0.198118,2
trivia_qa,qwen3-4b,trivia_qa_validation_09638,1,0.725081,3
trivia_qa,qwen3-4b,trivia_qa_validation_07495,1,0.85113,4
trivia_qa,qwen3-4b,trivia_qa_validation_09764,1,0.770705,3
trivia_qa,qwen3-4b,trivia_qa_validation_05874,0,0.356668,3
trivia_qa,qwen3-4b,trivia_qa_validation_11236,0,0.685406,3
trivia_qa,qwen3-4b,trivia_qa_validation_01707,1,0.720577,5
trivia_qa,qwen3-4b,trivia_qa_validation_03326,1,0.804855,1
trivia_qa,qwen3-4b,trivia_qa_validation_02825,1,0.780548,3
trivia_qa,qwen3-4b,trivia_qa_validation_06898,1,0.866399,5
trivia_qa,qwen3-4b,trivia_qa_validation_00574,0,0.042898,5
trivia_qa,qwen3-4b,trivia_qa_validation_08073,0,0.226814,5
trivia_qa,qwen3-4b,trivia_qa_validation_09262,0,0.066146,2
trivia_qa,qwen3-4b,trivia_qa_validation_05567,1,0.765554,2
trivia_qa,qwen3-4b,trivia_qa_validation_03670,1,0.784537,3
trivia_qa,qwen3-4b,trivia_qa_validation_15779,1,0.333549,5
trivia_qa,qwen3-4b,trivia_qa_validation_06876,1,0.690273,3
trivia_qa,qwen3-4b,trivia_qa_validation_13180,1,0.490702,2
trivia_qa,qwen3-4b,trivia_qa_validation_00954,1,0.505593,2
trivia_qa,qwen3-4b,trivia_qa_validation_04642,1,0.393872,4
trivia_qa,qwen3-4b,trivia_qa_validation_11008,0,0.462206,2
trivia_qa,qwen3-4b,trivia_qa_validation_11755,0,0.052287,4
trivia_qa,qwen3-4b,trivia_qa_validation_08976,0,0.027749,2
trivia_qa,qwen3-4b,trivia_qa_validation_05359,1,0.587731,3
trivia_qa,qwen3-4b,trivia_qa_validation_12222,0,0.469263,1
trivia_qa,qwen3-4b,trivia_qa_validation_02413,1,0.733898,1
trivia_qa,qwen3-4b,trivia_qa_validation_00559,1,0.729946,1
trivia_qa,qwen3-4b,trivia_qa_validation_11322,0,0.323572,2
trivia_qa,qwen3-4b,trivia_qa_validation_12263,0,0.280244,2
trivia_qa,qwen3-4b,trivia_qa_validation_11180,1,0.558794,1
trivia_qa,qwen3-4b,trivia_qa_validation_14609,0,0.150081,5
trivia_qa,qwen3-4b,trivia_qa_validation_16983,1,0.593735,3
trivia_qa,qwen3-4b,trivia_qa_validation_03035,0,0.714663,1
trivia_qa,qwen3-4b,trivia_qa_validation_10195,1,0.639434,4
trivia_qa,qwen3-4b,trivia_qa_validation_04029,1,0.622528,3
trivia_qa,qwen3-4b,trivia_qa_validation_04916,1,0.659737,5
trivia_qa,qwen3-4b,trivia_qa_validation_04652,1,0.729314,1
trivia_qa,qwen3-4b,trivia_qa_validation_03007,0,0.644877,5
trivia_qa,qwen3-4b,trivia_qa_validation_00968,1,0.841121,4
trivia_qa,qwen3-4b,trivia_qa_validation_06380,1,0.488978,3
trivia_qa,qwen3-4b,trivia_qa_validation_13769,1,0.705102,3
trivia_qa,qwen3-4b,trivia_qa_validation_07125,1,0.804279,4
trivia_qa,qwen3-4b,trivia_qa_validation_00810,0,0.375113,4
trivia_qa,qwen3-4b,trivia_qa_validation_04212,1,0.732369,2
trivia_qa,qwen3-4b,trivia_qa_validation_02642,1,0.884347,5
trivia_qa,qwen3-4b,trivia_qa_validation_12833,1,0.891316,2
trivia_qa,qwen3-4b,trivia_qa_validation_00192,0,0.026402,1
trivia_qa,qwen3-4b,trivia_qa_validation_16982,0,0.30296,1
trivia_qa,qwen3-4b,trivia_qa_validation_14641,0,0.18014,4
trivia_qa,qwen3-4b,trivia_qa_validation_08669,0,0.075071,5
trivia_qa,qwen3-4b,trivia_qa_validation_06037,0,0.167551,5
trivia_qa,qwen3-4b,trivia_qa_validation_15439,0,0.645396,4
trivia_qa,qwen3-4b,trivia_qa_validation_08560,0,0.236691,1
trivia_qa,qwen3-4b,trivia_qa_validation_14118,1,0.537472,1
trivia_qa,qwen3-4b,trivia_qa_validation_06569,1,0.639634,2
trivia_qa,qwen3-4b,trivia_qa_validation_13554,0,0.310207,5
trivia_qa,qwen3-4b,trivia_qa_validation_13115,1,0.517106,2
trivia_qa,qwen3-4b,trivia_qa_validation_11304,1,0.840676,5
trivia_qa,qwen3-4b,trivia_qa_validation_05519,0,0.338358,3
trivia_qa,qwen3-4b,trivia_qa_validation_03282,1,0.740892,1
trivia_qa,qwen3-4b,trivia_qa_validation_08727,0,0.014647,4
trivia_qa,qwen3-4b,trivia_qa_validation_16377,0,0.167984,3
trivia_qa,qwen3-4b,trivia_qa_validation_07969,0,0.425975,1
trivia_qa,qwen3-4b,trivia_qa_validation_06289,1,0.565315,4
trivia_qa,qwen3-4b,trivia_qa_validation_15611,0,0.643163,3
trivia_qa,qwen3-4b,trivia_qa_validation_07166,1,0.703621,5
trivia_qa,qwen3-4b,trivia_qa_validation_14389,0,0.481522,5
trivia_qa,qwen3-4b,trivia_qa_validation_05321,1,0.797084,1
trivia_qa,qwen3-4b,trivia_qa_validation_17007,1,0.882998,4
trivia_qa,qwen3-4b,trivia_qa_validation_04632,0,0.201888,5
trivia_qa,qwen3-4b,trivia_qa_validation_05991,1,0.672199,1
trivia_qa,qwen3-4b,trivia_qa_validation_00184,0,0.509868,1
trivia_qa,qwen3-4b,trivia_qa_validation_09763,1,0.783657,2
trivia_qa,qwen3-4b,trivia_qa_validation_09518,0,0.124619,3
trivia_qa,qwen3-4b,trivia_qa_validation_16639,0,0.441346,4
trivia_qa,qwen3-4b,trivia_qa_validation_09224,0,0.027638,4
trivia_qa,qwen3-4b,trivia_qa_validation_17608,0,0.239744,1
trivia_qa,qwen3-4b,trivia_qa_validation_15429,0,0.314228,1
trivia_qa,qwen3-4b,trivia_qa_validation_05586,1,0.826544,1
trivia_qa,qwen3-4b,trivia_qa_validation_10691,0,0.725233,3
trivia_qa,qwen3-4b,trivia_qa_validation_15504,1,0.761584,5
trivia_qa,qwen3-4b,trivia_qa_validation_12758,1,0.851849,5
trivia_qa,qwen3-4b,trivia_qa_validation_12705,0,0.661849,4
trivia_qa,qwen3-4b,trivia_qa_validation_03447,0,0.841939,4
trivia_qa,qwen3-4b,trivia_qa_validation_10307,0,0.288469,5
trivia_qa,qwen3-4b,trivia_qa_validation_16861,1,0.61595,3
trivia_qa,qwen3-4b,trivia_qa_validation_04311,0,0.45782,3
trivia_qa,qwen3-4b,trivia_qa_validation_01872,0,0.033996,1
trivia_qa,qwen3-4b,trivia_qa_validation_15578,1,0.671854,4
trivia_qa,qwen3-4b,trivia_qa_validation_12207,1,0.715469,5
trivia_qa,qwen3-4b,trivia_qa_validation_11540,1,0.857684,4
trivia_qa,qwen3-4b,trivia_qa_validation_14213,1,0.719659,3
trivia_qa,qwen3-4b,trivia_qa_validation_02288,0,0.607266,2
trivia_qa,qwen3-4b,trivia_qa_validation_02457,0,0.204834,5
trivia_qa,qwen3-4b,trivia_qa_validation_02449,1,0.666071,3
trivia_qa,qwen3-4b,trivia_qa_validation_10312,1,0.803347,3
trivia_qa,qwen3-4b,trivia_qa_validation_07733,0,0.013361,1
trivia_qa,qwen3-4b,trivia_qa_validation_13133,0,0.216349,3
trivia_qa,qwen3-4b,trivia_qa_validation_13478,1,0.408739,4
trivia_qa,qwen3-4b,trivia_qa_validation_12205,1,0.068163,5
trivia_qa,qwen3-4b,trivia_qa_validation_04417,1,0.796732,3
trivia_qa,qwen3-4b,trivia_qa_validation_04688,1,0.797278,5
trivia_qa,qwen3-4b,trivia_qa_validation_00576,0,0.244745,3
trivia_qa,qwen3-4b,trivia_qa_validation_01269,1,0.739633,5
trivia_qa,qwen3-4b,trivia_qa_validation_12288,0,0.602203,2
trivia_qa,qwen3-4b,trivia_qa_validation_12614,1,0.757327,4
trivia_qa,qwen3-4b,trivia_qa_validation_06335,1,0.276497,4
trivia_qa,qwen3-4b,trivia_qa_validation_09625,1,0.544107,3
trivia_qa,qwen3-4b,trivia_qa_validation_06659,0,0.362504,5
trivia_qa,qwen3-4b,trivia_qa_validation_06410,0,0.193661,5
trivia_qa,qwen3-4b,trivia_qa_validation_08319,1,0.769339,3
trivia_qa,qwen3-4b,trivia_qa_validation_13636,1,0.634491,2
trivia_qa,qwen3-4b,trivia_qa_validation_07588,1,0.649836,1
trivia_qa,qwen3-4b,trivia_qa_validation_00382,0,0.299089,1
trivia_qa,qwen3-4b,trivia_qa_validation_06409,1,0.898682,3
trivia_qa,qwen3-4b,trivia_qa_validation_08139,0,0.484949,2
trivia_qa,qwen3-4b,trivia_qa_validation_16555,1,0.734765,3
trivia_qa,qwen3-4b,trivia_qa_validation_08816,1,0.645155,4
trivia_qa,qwen3-4b,trivia_qa_validation_01660,1,0.086374,3
trivia_qa,qwen3-4b,trivia_qa_validation_06551,0,0.403066,2
trivia_qa,qwen3-4b,trivia_qa_validation_11168,0,0.43045,3
trivia_qa,qwen3-4b,trivia_qa_validation_08325,0,0.242299,3
trivia_qa,qwen3-4b,trivia_qa_validation_11958,0,0.06813,5
trivia_qa,qwen3-4b,trivia_qa_validation_02824,1,0.793732,2
trivia_qa,qwen3-4b,trivia_qa_validation_08656,1,0.224208,1
trivia_qa,qwen3-4b,trivia_qa_validation_10866,1,0.862993,1
trivia_qa,qwen3-4b,trivia_qa_validation_05539,0,0.230384,2
trivia_qa,qwen3-4b,trivia_qa_validation_09236,0,0.691942,3
trivia_qa,qwen3-4b,trivia_qa_validation_10550,0,0.271327,3
trivia_qa,qwen3-4b,trivia_qa_validation_14475,1,0.763935,5
trivia_qa,qwen3-4b,trivia_qa_validation_03911,0,0.366267,3
trivia_qa,qwen3-4b,trivia_qa_validation_01244,1,0.243331,1
trivia_qa,qwen3-4b,trivia_qa_validation_09996,1,0.020061,1
trivia_qa,qwen3-4b,trivia_qa_validation_07510,0,0.506919,5
trivia_qa,qwen3-4b,trivia_qa_validation_11128,0,0.3854,1
trivia_qa,qwen3-4b,trivia_qa_validation_05526,0,0.819337,2
trivia_qa,qwen3-4b,trivia_qa_validation_16310,1,0.60148,3
trivia_qa,qwen3-4b,trivia_qa_validation_17912,0,0.415579,4
trivia_qa,qwen3-4b,trivia_qa_validation_03045,1,0.84952,1
trivia_qa,qwen3-4b,trivia_qa_validation_01048,0,0.121767,3
trivia_qa,qwen3-4b,trivia_qa_validation_16448,0,0.019412,2
trivia_qa,qwen3-4b,trivia_qa_validation_03998,1,0.762729,3
trivia_qa,qwen3-4b,trivia_qa_validation_08162,0,0.071902,2
trivia_qa,qwen3-4b,trivia_qa_validation_01957,0,0.147712,5
trivia_qa,qwen3-4b,trivia_qa_validation_06827,0,0.654451,1
trivia_qa,qwen3-4b,trivia_qa_validation_11844,1,0.377314,5
trivia_qa,qwen3-4b,trivia_qa_validation_09774,1,0.712228,2
trivia_qa,qwen3-4b,trivia_qa_validation_14858,1,0.715678,4
trivia_qa,qwen3-4b,trivia_qa_validation_09881,1,0.868031,5
trivia_qa,qwen3-4b,trivia_qa_validation_01887,0,0.227554,3
trivia_qa,qwen3-4b,trivia_qa_validation_03596,1,0.416571,1
trivia_qa,qwen3-4b,trivia_qa_validation_17095,1,0.132711,4
trivia_qa,qwen3-4b,trivia_qa_validation_04736,1,0.846298,3
trivia_qa,qwen3-4b,trivia_qa_validation_06297,1,0.85325,3
trivia_qa,qwen3-4b,trivia_qa_validation_01243,0,0.213462,1
trivia_qa,qwen3-4b,trivia_qa_validation_03237,0,0.441606,4
trivia_qa,qwen3-4b,trivia_qa_validation_13654,0,0.157127,3
trivia_qa,qwen3-4b,trivia_qa_validation_08293,0,0.86942,1
trivia_qa,qwen3-4b,trivia_qa_validation_03167,1,0.856968,1
trivia_qa,qwen3-4b,trivia_qa_validation_07979,0,0.199871,3
trivia_qa,qwen3-4b,trivia_qa_validation_05256,0,0.638314,3
trivia_qa,qwen3-4b,trivia_qa_validation_16478,0,0.770749,5
trivia_qa,qwen3-4b,trivia_qa_validation_06008,0,0.117656,4
trivia_qa,qwen3-4b,trivia_qa_validation_01757,0,0.078387,2
trivia_qa,qwen3-4b,trivia_qa_validation_00254,0,0.822936,1
trivia_qa,qwen3-4b,trivia_qa_validation_09503,1,0.614003,4
trivia_qa,qwen3-4b,trivia_qa_validation_08256,0,0.253389,5
trivia_qa,qwen3-4b,trivia_qa_validation_00165,0,0.645773,5
trivia_qa,qwen3-4b,trivia_qa_validation_14833,1,0.494866,1
trivia_qa,qwen3-4b,trivia_qa_validation_15305,0,0.030578,1
trivia_qa,qwen3-4b,trivia_qa_validation_11739,1,0.642351,5
trivia_qa,qwen3-4b,trivia_qa_validation_14837,0,0.018019,1
trivia_qa,qwen3-4b,trivia_qa_validation_13216,1,0.882338,4
trivia_qa,qwen3-4b,trivia_qa_validation_06785,0,0.668361,4
trivia_qa,qwen3-4b,trivia_qa_validation_10282,0,0.051222,2
trivia_qa,qwen3-4b,trivia_qa_validation_05089,1,0.433085,2
trivia_qa,qwen3-4b,trivia_qa_validation_06908,0,0.611971,1
trivia_qa,qwen3-4b,trivia_qa_validation_15553,0,0.275773,4
trivia_qa,qwen3-4b,trivia_qa_validation_07316,0,0.449327,3
trivia_qa,qwen3-4b,trivia_qa_validation_09916,0,0.406483,2
trivia_qa,qwen3-4b,trivia_qa_validation_12738,0,0.768371,2
trivia_qa,qwen3-4b,trivia_qa_validation_03099,0,0.529783,1
trivia_qa,qwen3-4b,trivia_qa_validation_15150,1,0.776337,4
trivia_qa,qwen3-4b,trivia_qa_validation_10944,1,0.180124,5
trivia_qa,qwen3-4b,trivia_qa_validation_00552,0,0.107223,5
trivia_qa,qwen3-4b,trivia_qa_validation_02570,1,0.779148,2
trivia_qa,qwen3-4b,trivia_qa_validation_07163,1,0.714008,4
trivia_qa,qwen3-4b,trivia_qa_validation_00416,0,0.070368,2
trivia_qa,qwen3-4b,trivia_qa_validation_06215,1,0.815495,5
trivia_qa,qwen3-4b,trivia_qa_validation_11403,1,0.621024,4
trivia_qa,qwen3-4b,trivia_qa_validation_01583,0,0.360757,2
trivia_qa,qwen3-4b,trivia_qa_validation_07236,1,0.795575,3
trivia_qa,qwen3-4b,trivia_qa_validation_02418,0,0.105451,5
trivia_qa,qwen3-4b,trivia_qa_validation_02307,1,0.687617,1
trivia_qa,qwen3-4b,trivia_qa_validation_17862,1,0.789022,5
trivia_qa,qwen3-4b,trivia_qa_validation_03564,0,0.108936,2
trivia_qa,qwen3-4b,trivia_qa_validation_14532,0,0.215688,4
trivia_qa,qwen3-4b,trivia_qa_validation_15759,1,0.775775,1
trivia_qa,qwen3-4b,trivia_qa_validation_03231,0,0.608539,2
trivia_qa,qwen3-4b,trivia_qa_validation_08321,0,0.304795,5
trivia_qa,qwen3-4b,trivia_qa_validation_11548,0,0.120769,3
trivia_qa,qwen3-4b,trivia_qa_validation_05774,1,0.590531,2
trivia_qa,qwen3-4b,trivia_qa_validation_08244,1,0.797581,3
trivia_qa,qwen3-4b,trivia_qa_validation_05419,1,0.501972,5
trivia_qa,qwen3-4b,trivia_qa_validation_14522,1,0.625543,3
trivia_qa,qwen3-4b,trivia_qa_validation_12553,1,0.661983,2
trivia_qa,qwen3-4b,trivia_qa_validation_08926,1,0.705904,1
trivia_qa,qwen3-4b,trivia_qa_validation_15063,0,0.525397,3
trivia_qa,qwen3-4b,trivia_qa_validation_14942,0,0.179278,4
trivia_qa,qwen3-4b,trivia_qa_validation_09813,1,0.830988,1
trivia_qa,qwen3-4b,trivia_qa_validation_06729,1,0.861798,4
trivia_qa,qwen3-4b,trivia_qa_validation_04822,0,0.760197,4
trivia_qa,qwen3-4b,trivia_qa_validation_02890,1,0.768114,3
trivia_qa,qwen3-4b,trivia_qa_validation_13779,1,0.790336,3
trivia_qa,qwen3-4b,trivia_qa_validation_08187,0,0.031294,1
trivia_qa,qwen3-4b,trivia_qa_validation_14359,1,0.817813,1
trivia_qa,qwen3-4b,trivia_qa_validation_01700,0,0.067497,1
trivia_qa,qwen3-4b,trivia_qa_validation_15638,0,0.045737,5
trivia_qa,qwen3-4b,trivia_qa_validation_03362,0,0.21578,3
trivia_qa,qwen3-4b,trivia_qa_validation_04721,0,0.567091,2
trivia_qa,qwen3-4b,trivia_qa_validation_03303,0,0.443742,2
trivia_qa,qwen3-4b,trivia_qa_validation_16241,1,0.697417,4
trivia_qa,qwen3-4b,trivia_qa_validation_17918,0,0.574798,5
trivia_qa,qwen3-4b,trivia_qa_validation_15357,1,0.574643,2
trivia_qa,qwen3-4b,trivia_qa_validation_05019,0,0.464124,5
trivia_qa,qwen3-4b,trivia_qa_validation_06211,0,0.341993,3
trivia_qa,qwen3-4b,trivia_qa_validation_06435,0,0.008398,2
trivia_qa,qwen3-4b,trivia_qa_validation_11926,1,0.548684,4
trivia_qa,qwen3-4b,trivia_qa_validation_03640,1,0.777629,3
trivia_qa,qwen3-4b,trivia_qa_validation_03927,1,0.859993,5
trivia_qa,qwen3-4b,trivia_qa_validation_14928,0,0.539899,4
trivia_qa,qwen3-4b,trivia_qa_validation_12834,1,0.499159,4
trivia_qa,qwen3-4b,trivia_qa_validation_09497,1,0.760589,5
trivia_qa,qwen3-4b,trivia_qa_validation_02033,1,0.888232,4
trivia_qa,qwen3-4b,trivia_qa_validation_03233,0,0.741449,5
trivia_qa,qwen3-4b,trivia_qa_validation_10014,0,0.362011,4
trivia_qa,qwen3-4b,trivia_qa_validation_15187,0,0.540025,3
trivia_qa,qwen3-4b,trivia_qa_validation_05066,1,0.720739,3
trivia_qa,qwen3-4b,trivia_qa_validation_12559,1,0.841218,4
trivia_qa,qwen3-4b,trivia_qa_validation_06603,0,0.287394,1
trivia_qa,qwen3-4b,trivia_qa_validation_08453,1,0.741512,2
trivia_qa,qwen3-4b,trivia_qa_validation_14931,0,0.175332,3
trivia_qa,qwen3-4b,trivia_qa_validation_15106,0,0.047853,1
trivia_qa,qwen3-4b,trivia_qa_validation_08675,0,0.024871,4
trivia_qa,qwen3-4b,trivia_qa_validation_10591,0,0.298153,3
trivia_qa,qwen3-4b,trivia_qa_validation_05745,0,0.063245,3
trivia_qa,qwen3-4b,trivia_qa_validation_11173,1,0.517094,2
trivia_qa,qwen3-4b,trivia_qa_validation_00846,1,0.505008,2
trivia_qa,qwen3-4b,trivia_qa_validation_03873,1,0.784033,4
trivia_qa,qwen3-4b,trivia_qa_validation_03973,1,0.799638,2
trivia_qa,qwen3-4b,trivia_qa_validation_02775,0,0.088157,4
trivia_qa,qwen3-4b,trivia_qa_validation_05687,0,0.3136,2
trivia_qa,qwen3-4b,trivia_qa_validation_09848,1,0.830696,5
trivia_qa,qwen3-4b,trivia_qa_validation_06820,0,0.284982,1
trivia_qa,qwen3-4b,trivia_qa_validation_14907,0,0.541322,4
trivia_qa,qwen3-4b,trivia_qa_validation_08421,1,0.40806,1
trivia_qa,qwen3-4b,trivia_qa_validation_11989,1,0.110553,4
trivia_qa,qwen3-4b,trivia_qa_validation_07038,0,0.592654,5
trivia_qa,qwen3-4b,trivia_qa_validation_03319,0,0.061519,3
trivia_qa,qwen3-4b,trivia_qa_validation_02548,0,0.384272,5
trivia_qa,qwen3-4b,trivia_qa_validation_04261,1,0.747425,3
trivia_qa,qwen3-4b,trivia_qa_validation_10175,1,0.622422,2
trivia_qa,qwen3-4b,trivia_qa_validation_14853,1,0.76686,5
trivia_qa,qwen3-4b,trivia_qa_validation_07931,0,0.490206,3
trivia_qa,qwen3-4b,trivia_qa_validation_09718,1,0.591784,1
trivia_qa,qwen3-4b,trivia_qa_validation_05292,0,0.021184,5
trivia_qa,qwen3-4b,trivia_qa_validation_13456,0,0.405762,5
trivia_qa,qwen3-4b,trivia_qa_validation_09330,0,0.293977,3
trivia_qa,qwen3-4b,trivia_qa_validation_08852,0,0.086734,2
trivia_qa,qwen3-4b,trivia_qa_validation_07136,0,0.406291,1
trivia_qa,qwen3-4b,trivia_qa_validation_14543,0,0.258904,1
trivia_qa,qwen3-4b,trivia_qa_validation_12564,1,0.81044,3
trivia_qa,qwen3-4b,trivia_qa_validation_02672,1,0.097764,1
trivia_qa,qwen3-4b,trivia_qa_validation_01604,1,0.554142,2
trivia_qa,qwen3-4b,trivia_qa_validation_07684,1,0.786121,4
trivia_qa,qwen3-4b,trivia_qa_validation_01782,0,0.003691,3
trivia_qa,qwen3-4b,trivia_qa_validation_17582,0,0.611241,4
trivia_qa,qwen3-4b,trivia_qa_validation_06312,0,0.068271,2
trivia_qa,qwen3-4b,trivia_qa_validation_15880,0,0.158372,1
trivia_qa,qwen3-4b,trivia_qa_validation_11305,0,0.089804,5
trivia_qa,qwen3-4b,trivia_qa_validation_13979,1,0.895954,4
trivia_qa,qwen3-4b,trivia_qa_validation_13336,1,0.29195,5
trivia_qa,qwen3-4b,trivia_qa_validation_08509,0,0.081217,2
trivia_qa,qwen3-4b,trivia_qa_validation_13845,1,0.712749,2
trivia_qa,qwen3-4b,trivia_qa_validation_13351,0,0.683092,2
medqa,r1-distill-llama-8b,medqa_test_00990,0,0.579589,4
medqa,r1-distill-llama-8b,medqa_test_00202,0,0.621072,4
medqa,r1-distill-llama-8b,medqa_test_01258,1,0.493813,4
medqa,r1-distill-llama-8b,medqa_test_00277,1,0.434584,1
medqa,r1-distill-llama-8b,medqa_test_00015,0,0.374904,5
medqa,r1-distill-llama-8b,medqa_test_01202,1,0.613834,4
medqa,r1-distill-llama-8b,medqa_test_01027,1,0.705315,3
medqa,r1-distill-llama-8b,medqa_test_00827,1,0.487277,5
medqa,r1-distill-llama-8b,medqa_test_00681,1,0.599731,3
medqa,r1-distill-llama-8b,medqa_test_00932,0,0.533609,2
medqa,r1-distill-llama-8b,medqa_test_00387,1,0.444819,2
medqa,r1-distill-llama-8b,medqa_test_00235,1,0.693452,3
medqa,r1-distill-llama-8b,medqa_test_00066,0,0.671725,1
medqa,r1-distill-llama-8b,medqa_test_00347,1,0.726069,2
medqa,r1-distill-llama-8b,medqa_test_01121,0,0.268235,2
medqa,r1-distill-llama-8b,medqa_test_00376,1,0.221715,2
medqa,r1-distill-llama-8b,medqa_test_00035,1,0.570268,2
medqa,r1-distill-llama-8b,medqa_test_01145,1,0.68655,1
medqa,r1-distill-llama-8b,medqa_test_00950,0,0.558608,5
medqa,r1-distill-llama-8b,medqa_test_00825,1,0.485192,3
medqa,r1-distill-llama-8b,medqa_test_01030,0,0.394908,2
medqa,r1-distill-llama-8b,medqa_test_00845,1,0.779254,2
medqa,r1-distill-llama-8b,medqa_test_00802,1,0.558953,3
medqa,r1-distill-llama-8b,medqa_test_00650,1,0.667933,5
medqa,r1-distill-llama-8b,medqa_test_00540,0,0.546844,5
medqa,r1-distill-llama-8b,medqa_test_00796,0,0.790714,2
medqa,r1-distill-llama-8b,medqa_test_00715,0,0.527037,5
medqa,r1-distill-llama-8b,medqa_test_00002,0,0.444788,3
medqa,r1-distill-llama-8b,medqa_test_00395,1,0.572823,1
medqa,r1-distill-llama-8b,medqa_test_00464,1,0.620924,1
medqa,r1-distill-llama-8b,medqa_test_00959,1,0.456885,5
medqa,r1-distill-llama-8b,medqa_test_00761,0,0.295207,1
medqa,r1-distill-llama-8b,medqa_test_00454,0,0.457684,2
medqa,r1-distill-llama-8b,medqa_test_00920,1,0.586932,1
medqa,r1-distill-llama-8b,medqa_test_00528,0,0.485624,5
medqa,r1-distill-llama-8b,medqa_test_01166,1,0.650986,2
medqa,r1-distill-llama-8b,medqa_test_00187,1,0.743029,5
medqa,r1-distill-llama-8b,medqa_test_00997,1,0.538079,2
medqa,r1-distill-llama-8b,medqa_test_00371,1,0.225213,4
medqa,r1-distill-llama-8b,medqa_test_01142,1,0.685709,1
medqa,r1-distill-llama-8b,medqa_test_00586,0,0.406222,5
medqa,r1-distill-llama-8b,medqa_test_01155,0,0.173362,5
medqa,r1-distill-llama-8b,medqa_test_00536,1,0.545035,5
medqa,r1-distill-llama-8b,medqa_test_00510,0,0.664522,2
medqa,r1-distill-llama-8b,medqa_test_00976,1,0.709254,1
medqa,r1-distill-llama-8b,medqa_test_01050,0,0.309783,5
medqa,r1-distill-llama-8b,medqa_test_01263,0,0.576658,2
medqa,r1-distill-llama-8b,medqa_test_00631,1,0.645229,2
medqa,r1-distill-llama-8b,medqa_test_01157,0,0.630905,1
medqa,r1-distill-llama-8b,medqa_test_00473,1,0.582673,3
medqa,r1-distill-llama-8b,medqa_test_00812,1,0.402265,4
medqa,r1-distill-llama-8b,medqa_test_00299,1,0.874691,3
medqa,r1-distill-llama-8b,medqa_test_00850,0,0.568503,2
medqa,r1-distill-llama-8b,medqa_test_00049,1,0.659595,2
medqa,r1-distill-llama-8b,medqa_test_00793,0,0.210902,3
medqa,r1-distill-llama-8b,medqa_test_00662,1,0.490536,4
medqa,r1-distill-llama-8b,medqa_test_01254,1,0.664043,4
medqa,r1-distill-llama-8b,medqa_test_01150,0,0.725201,1
medqa,r1-distill-llama-8b,medqa_test_00044,0,0.274826,2
medqa,r1-distill-llama-8b,medqa_test_01201,1,0.444011,4
medqa,r1-distill-llama-8b,medqa_test_00898,1,0.682143,5
medqa,r1-distill-llama-8b,medqa_test_00328,1,0.481824,5
medqa,r1-distill-llama-8b,medqa_test_01071,0,0.676262,3
medqa,r1-distill-llama-8b,medqa_test_01032,1,0.48078,3
medqa,r1-distill-llama-8b,medqa_test_00892,1,0.43919,1
medqa,r1-distill-llama-8b,medqa_test_00623,1,0.8187,2
medqa,r1-distill-llama-8b,medqa_test_01173,1,0.728541,1
medqa,r1-distill-llama-8b,medqa_test_00246,0,0.384598,1
medqa,r1-distill-llama-8b,medqa_test_00272,1,0.741149,1
medqa,r1-distill-llama-8b,medqa_test_00489,1,0.568291,1
medqa,r1-distill-llama-8b,medqa_test_01185,0,0.577508,5
medqa,r1-distill-llama-8b,medqa_test_01138,0,0.57809,1
medqa,r1-distill-llama-8b,medqa_test_00848,1,0.586769,5
medqa,r1-distill-llama-8b,medqa_test_00455,0,0.450408,2
medqa,r1-distill-llama-8b,medqa_test_00860,1,0.428548,3
medqa,r1-distill-llama-8b,medqa_test_00022,1,0.571209,5
medqa,r1-distill-llama-8b,medqa_test_00603,1,0.522271,2
medqa,r1-distill-llama-8b,medqa_test_00356,0,0.441269,4
medqa,r1-distill-llama-8b,medqa_test_01236,0,0.672337,2
medqa,r1-distill-llama-8b,medqa_test_00185,1,0.307943,4
medqa,r1-distill-llama-8b,medqa_test_00711,0,0.705914,5
medqa,r1-distill-llama-8b,medqa_test_00263,1,0.661371,5
medqa,r1-distill-llama-8b,medqa_test_00667,1,0.77854,3
medqa,r1-distill-llama-8b,medqa_test_01187,1,0.37262,4
medqa,r1-distill-llama-8b,medqa_test_00463,0,0.546802,1
medqa,r1-distill-llama-8b,medqa_test_01238,0,0.467427,2
medqa,r1-distill-llama-8b,medqa_test_00231,0,0.560501,1
medqa,r1-distill-llama-8b,medqa_test_00177,0,0.697535,1
medqa,r1-distill-llama-8b,medqa_test_00296,0,0.355671,5
medqa,r1-distill-llama-8b,medqa_test_00482,1,0.710621,5
medqa,r1-distill-llama-8b,medqa_test_00857,1,0.675349,3
medqa,r1-distill-llama-8b,medqa_test_01251,1,0.605096,3
medqa,r1-distill-llama-8b,medqa_test_00021,1,0.54607,4
medqa,r1-distill-llama-8b,medqa_test_00056,1,0.445439,5
medqa,r1-distill-llama-8b,medqa_test_00485,0,0.718731,2
medqa,r1-distill-llama-8b,medqa_test_00090,1,0.501294,3
medqa,r1-distill-llama-8b,medqa_test_00886,1,0.690224,4
medqa,r1-distill-llama-8b,medqa_test_01026,0,0.466853,2
medqa,r1-distill-llama-8b,medqa_test_00529,0,0.375031,4
medqa,r1-distill-llama-8b,medqa_test_00055,1,0.593678,1
medqa,r1-distill-llama-8b,medqa_test_00658,1,0.714321,5
medqa,r1-distill-llama-8b,medqa_test_00706,0,0.575818,1
medqa,r1-distill-llama-8b,medqa_test_00545,1,0.765248,1
medqa,r1-distill-llama-8b,medqa_test_00878,1,0.642416,1
medqa,r1-distill-llama-8b,medqa_test_00192,1,0.766866,1
medqa,r1-distill-llama-8b,medqa_test_00738,1,0.884322,3
medqa,r1-distill-llama-8b,medqa_test_00531,0,0.735023,1
medqa,r1-distill-llama-8b,medqa_test_00568,1,0.67515,4
medqa,r1-distill-llama-8b,medqa_test_00286,1,0.841396,4
medqa,r1-distill-llama-8b,medqa_test_00757,0,0.374156,1
medqa,r1-distill-llama-8b,medqa_test_00785,0,0.533378,4
medqa,r1-distill-llama-8b,medqa_test_00067,0,0.309571,2
medqa,r1-distill-llama-8b,medqa_test_01108,0,0.323943,1
medqa,r1-distill-llama-8b,medqa_test_00571,0,0.510563,1
medqa,r1-distill-llama-8b,medqa_test_00212,0,0.6269,5
medqa,r1-distill-llama-8b,medqa_test_00220,0,0.598759,1
medqa,r1-distill-llama-8b,medqa_test_01020,0,0.222235,2
medqa,r1-distill-llama-8b,medqa_test_00492,0,0.525028,5
medqa,r1-distill-llama-8b,medqa_test_00978,1,0.756275,5
medqa,r1-distill-llama-8b,medqa_test_00699,1,0.363886,4
medqa,r1-distill-llama-8b,medqa_test_00730,0,0.324502,5
medqa,r1-distill-llama-8b,medqa_test_00969,0,0.511809,4
medqa,r1-distill-llama-8b,medqa_test_00876,1,0.671073,5
medqa,r1-distill-llama-8b,medqa_test_00179,1,0.501533,4
medqa,r1-distill-llama-8b,medqa_test_00367,0,0.601803,1
medqa,r1-distill-llama-8b,medqa_test_00480,0,0.354678,3
medqa,r1-distill-llama-8b,medqa_test_00121,1,0.660439,2
medqa,r1-distill-llama-8b,medqa_test_00011,1,0.564485,5
medqa,r1-distill-llama-8b,medqa_test_00829,0,0.309716,1
medqa,r1-distill-llama-8b,medqa_test_01171,0,0.393477,5
medqa,r1-distill-llama-8b,medqa_test_00820,1,0.702273,3
medqa,r1-distill-llama-8b,medqa_test_01180,1,0.291385,4
medqa,r1-distill-llama-8b,medqa_test_00901,1,0.478877,3
medqa,r1-distill-llama-8b,medqa_test_01163,0,0.365769,1
medqa,r1-distill-llama-8b,medqa_test_01044,1,0.565531,2
medqa,r1-distill-llama-8b,medqa_test_01212,0,0.498675,2
medqa,r1-distill-llama-8b,medqa_test_00813,0,0.508722,4
medqa,r1-distill-llama-8b,medqa_test_00875,1,0.703845,2
medqa,r1-distill-llama-8b,medqa_test_00659,0,0.574651,3
medqa,r1-distill-llama-8b,medqa_test_00125,1,0.822564,2
medqa,r1-distill-llama-8b,medqa_test_00148,1,0.634888,5
medqa,r1-distill-llama-8b,medqa_test_00462,0,0.612816,5
medqa,r1-distill-llama-8b,medqa_test_00960,1,0.406539,1
medqa,r1-distill-llama-8b,medqa_test_00300,0,0.195583,4
medqa,r1-distill-llama-8b,medqa_test_00241,0,0.278088,3
medqa,r1-distill-llama-8b,medqa_test_01031,1,0.501207,1
medqa,r1-distill-llama-8b,medqa_test_00087,1,0.561599,4
medqa,r1-distill-llama-8b,medqa_test_00726,1,0.39359,4
medqa,r1-distill-llama-8b,medqa_test_01041,0,0.450696,1
medqa,r1-distill-llama-8b,medqa_test_01006,1,0.486294,4
medqa,r1-distill-llama-8b,medqa_test_00153,1,0.750441,4
medqa,r1-distill-llama-8b,medqa_test_00298,0,0.496101,4
medqa,r1-distill-llama-8b,medqa_test_00428,1,0.424031,2
medqa,r1-distill-llama-8b,medqa_test_00893,1,0.731057,1
medqa,r1-distill-llama-8b,medqa_test_00294,1,0.751072,3
medqa,r1-distill-llama-8b,medqa_test_00599,0,0.508019,2
medqa,r1-distill-llama-8b,medqa_test_01014,1,0.432914,3
medqa,r1-distill-llama-8b,medqa_test_01033,0,0.420604,3
medqa,r1-distill-llama-8b,medqa_test_00587,0,0.448318,3
medqa,r1-distill-llama-8b,medqa_test_00677,0,0.643447,1
medqa,r1-distill-llama-8b,medqa_test_01037,0,0.556171,4
medqa,r1-distill-llama-8b,medqa_test_00834,1,0.673299,1
medqa,r1-distill-llama-8b,medqa_test_01065,0,0.668296,3
medqa,r1-distill-llama-8b,medqa_test_01058,0,0.20465,5
medqa,r1-distill-llama-8b,medqa_test_00837,1,0.523836,2
medqa,r1-distill-llama-8b,medqa_test_00259,1,0.782728,1
medqa,r1-distill-llama-8b,medqa_test_00714,0,0.340575,2
medqa,r1-distill-llama-8b,medqa_test_00954,0,0.383323,5
medqa,r1-distill-llama-8b,medqa_test_00728,1,0.650954,5
medqa,r1-distill-llama-8b,medqa_test_00057,0,0.622766,2
medqa,r1-distill-llama-8b,medqa_test_00580,0,0.668297,2
medqa,r1-distill-llama-8b,medqa_test_01195,0,0.486121,3
medqa,r1-distill-llama-8b,medqa_test_00605,1,0.599684,1
medqa,r1-distill-llama-8b,medqa_test_00768,0,0.502766,3
medqa,r1-distill-llama-8b,medqa_test_00645,1,0.312895,4
medqa,r1-distill-llama-8b,medqa_test_00858,0,0.473179,3
medqa,r1-distill-llama-8b,medqa_test_01118,1,0.700049,4
medqa,r1-distill-llama-8b,medqa_test_00434,1,0.793997,3
medqa,r1-distill-llama-8b,medqa_test_00562,1,0.647141,1
medqa,r1-distill-llama-8b,medqa_test_01021,0,0.49493,5
medqa,r1-distill-llama-8b,medqa_test_00261,0,0.483055,4
medqa,r1-distill-llama-8b,medqa_test_00410,1,0.662499,5
medqa,r1-distill-llama-8b,medqa_test_00458,1,0.693579,5
medqa,r1-distill-llama-8b,medqa_test_00275,0,0.65356,1
medqa,r1-distill-llama-8b,medqa_test_00575,0,0.465992,3
medqa,r1-distill-llama-8b,medqa_test_00112,0,0.38092,2
medqa,r1-distill-llama-8b,medqa_test_00073,1,0.763661,1
medqa,r1-distill-llama-8b,medqa_test_00383,0,0.212672,1
medqa,r1-distill-llama-8b,medqa_test_00668,0,0.521334,1
medqa,r1-distill-llama-8b,medqa_test_00068,1,0.432512,5
medqa,r1-distill-llama-8b,medqa_test_00396,1,0.29032,5
medqa,r1-distill-llama-8b,medqa_test_01013,1,0.5311,3
medqa,r1-distill-llama-8b,medqa_test_00160,0,0.424948,5
medqa,r1-distill-llama-8b,medqa_test_00423,0,0.412581,1
medqa,r1-distill-llama-8b,medqa_test_01069,1,0.460866,1
medqa,r1-distill-llama-8b,medqa_test_00912,1,0.329653,1
medqa,r1-distill-llama-8b,medqa_test_00280,1,0.752213,4
medqa,r1-distill-llama-8b,medqa_test_00491,1,0.745969,1
medqa,r1-distill-llama-8b,medqa_test_00048,1,0.627943,4
medqa,r1-distill-llama-8b,medqa_test_01172,0,0.636434,3
medqa,r1-distill-llama-8b,medqa_test_00847,1,0.504767,3
medqa,r1-distill-llama-8b,medqa_test_00731,0,0.316979,2
medqa,r1-distill-llama-8b,medqa_test_00745,0,0.420002,5
medqa,r1-distill-llama-8b,medqa_test_01018,1,0.423192,5
medqa,r1-distill-llama-8b,medqa_test_00779,1,0.546937,1
medqa,r1-distill-llama-8b,medqa_test_00386,0,0.563764,5
medqa,r1-distill-llama-8b,medqa_test_00498,1,0.243664,4
medqa,r1-distill-llama-8b,medqa_test_01226,1,0.601438,4
medqa,r1-distill-llama-8b,medqa_test_00640,1,0.711458,1
medqa,r1-distill-llama-8b,medqa_test_00018,0,0.51427,3
medqa,r1-distill-llama-8b,medqa_test_00382,0,0.571328,3
medqa,r1-distill-llama-8b,medqa_test_01016,0,0.552073,5
medqa,r1-distill-llama-8b,medqa_test_00607,1,0.775953,1
medqa,r1-distill-llama-8b,medqa_test_00210,1,0.804446,5
medqa,r1-distill-llama-8b,medqa_test_00168,1,0.70992,3
medqa,r1-distill-llama-8b,medqa_test_01207,1,0.503739,1
medqa,r1-distill-llama-8b,medqa_test_01211,0,0.405988,4
medqa,r1-distill-llama-8b,medqa_test_00164,1,0.291561,4
medqa,r1-distill-llama-8b,medqa_test_00808,1,0.730106,1
medqa,r1-distill-llama-8b,medqa_test_00766,1,0.593324,4
medqa,r1-distill-llama-8b,medqa_test_00474,1,0.546049,2
medqa,r1-distill-llama-8b,medqa_test_00712,0,0.359095,1
medqa,r1-distill-llama-8b,medqa_test_01126,0,0.514358,5
medqa,r1-distill-llama-8b,medqa_test_00092,1,0.589827,3
medqa,r1-distill-llama-8b,medqa_test_01219,1,0.608222,1
medqa,r1-distill-llama-8b,medqa_test_00787,0,0.170544,5
medqa,r1-distill-llama-8b,medqa_test_00655,1,0.560744,5
medqa,r1-distill-llama-8b,medqa_test_01208,1,0.678163,2
medqa,r1-distill-llama-8b,medqa_test_00089,0,0.627669,5
medqa,r1-distill-llama-8b,medqa_test_01248,0,0.290578,5
medqa,r1-distill-llama-8b,medqa_test_00010,1,0.653612,3
medqa,r1-distill-llama-8b,medqa_test_00949,1,0.582866,3
medqa,r1-distill-llama-8b,medqa_test_01245,0,0.30224,5
medqa,r1-distill-llama-8b,medqa_test_00883,1,0.813857,2
medqa,r1-distill-llama-8b,medqa_test_00221,0,0.698972,1
medqa,r1-distill-llama-8b,medqa_test_00962,1,0.466918,5
medqa,r1-distill-llama-8b,medqa_test_01223,1,0.576446,1
medqa,r1-distill-llama-8b,medqa_test_00923,1,0.709939,3
medqa,r1-distill-llama-8b,medqa_test_01036,0,0.459212,3
medqa,r1-distill-llama-8b,medqa_test_01064,1,0.798426,2
medqa,r1-distill-llama-8b,medqa_test_00256,1,0.449844,4
medqa,r1-distill-llama-8b,medqa_test_01213,0,0.543005,1
medqa,r1-distill-llama-8b,medqa_test_00239,0,0.402241,2
medqa,r1-distill-llama-8b,medqa_test_00606,0,0.575492,5
medqa,r1-distill-llama-8b,medqa_test_00459,0,0.60101,2
medqa,r1-distill-llama-8b,medqa_test_00157,1,0.569896,3
medqa,r1-distill-llama-8b,medqa_test_00084,1,0.555156,4
medqa,r1-distill-llama-8b,medqa_test_00612,1,0.269062,1
medqa,r1-distill-llama-8b,medqa_test_00072,0,0.229319,3
medqa,r1-distill-llama-8b,medqa_test_00374,0,0.593393,4
medqa,r1-distill-llama-8b,medqa_test_00363,1,0.534682,4
medqa,r1-distill-llama-8b,medqa_test_01095,0,0.510113,3
medqa,r1-distill-llama-8b,medqa_test_01168,1,0.648233,5
medqa,r1-distill-llama-8b,medqa_test_00101,1,0.496489,2
medqa,r1-distill-llama-8b,medqa_test_00348,0,0.43917,4
medqa,r1-distill-llama-8b,medqa_test_00346,0,0.541223,5
medqa,r1-distill-llama-8b,medqa_test_00119,0,0.503728,4
medqa,r1-distill-llama-8b,medqa_test_00870,1,0.624083,3
medqa,r1-distill-llama-8b,medqa_test_00749,0,0.467671,3
medqa,r1-distill-llama-8b,medqa_test_00147,1,0.719031,1
medqa,r1-distill-llama-8b,medqa_test_00439,1,0.548637,1
medqa,r1-distill-llama-8b,medqa_test_00016,0,0.527121,4
medqa,r1-distill-llama-8b,medqa_test_00402,1,0.524681,4
medqa,r1-distill-llama-8b,medqa_test_00708,1,0.553257,3
medqa,r1-distill-llama-8b,medqa_test_00971,0,0.300187,3
medqa,r1-distill-llama-8b,medqa_test_00772,0,0.477549,5
medqa,r1-distill-llama-8b,medqa_test_00894,1,0.533413,1
medqa,r1-distill-llama-8b,medqa_test_00282,1,0.678434,3
medqa,r1-distill-llama-8b,medqa_test_00512,1,0.692461,5
medqa,r1-distill-llama-8b,medqa_test_00080,1,0.467497,1
medqa,r1-distill-llama-8b,medqa_test_01174,0,0.248764,2
medqa,r1-distill-llama-8b,medqa_test_00628,0,0.39651,4
medqa,r1-distill-llama-8b,medqa_test_00945,0,0.489431,3
medqa,r1-distill-llama-8b,medqa_test_00320,0,0.645422,1
medqa,r1-distill-llama-8b,medqa_test_00921,0,0.608807,4
medqa,r1-distill-llama-8b,medqa_test_00050,1,0.708026,2
medqa,r1-distill-llama-8b,medqa_test_00504,0,0.630299,2
medqa,r1-distill-llama-8b,medqa_test_01042,1,0.417874,4
medqa,r1-distill-llama-8b,medqa_test_01175,0,0.539469,4
medqa,r1-distill-llama-8b,medqa_test_00762,1,0.480147,3
medqa,r1-distill-llama-8b,medqa_test_00632,1,0.467175,4
medqa,r1-distill-llama-8b,medqa_test_00839,1,0.471378,3
medqa,r1-distill-llama-8b,medqa_test_00226,0,0.435422,1
medqa,r1-distill-llama-8b,medqa_test_01056,0,0.520645,2
medqa,r1-distill-llama-8b,medqa_test_00502,1,0.463032,2
medqa,r1-distill-llama-8b,medqa_test_00794,1,0.535207,4
medqa,r1-distill-llama-8b,medqa_test_00115,1,0.788641,1
medqa,r1-distill-llama-8b,medqa_test_00419,1,0.243154,5
medqa,r1-distill-llama-8b,medqa_test_00310,0,0.62037,4
medqa,r1-distill-llama-8b,medqa_test_00213,1,0.632175,2
medqa,r1-distill-llama-8b,medqa_test_00060,0,0.645855,1
medqa,r1-distill-llama-8b,medqa_test_00755,0,0.55097,4
medqa,r1-distill-llama-8b,medqa_test_00479,0,0.50447,4
medqa,r1-distill-llama-8b,medqa_test_00155,0,0.623648,3
medqa,r1-distill-llama-8b,medqa_test_00910,0,0.520247,3
medqa,r1-distill-llama-8b,medqa_test_00076,1,0.74617,5
medqa,r1-distill-llama-8b,medqa_test_01210,0,0.524502,1
medqa,r1-distill-llama-8b,medqa_test_00404,1,0.283928,2
medqa,r1-distill-llama-8b,medqa_test_00906,0,0.337029,2
medqa,r1-distill-llama-8b,medqa_test_00322,0,0.41088,4
medqa,r1-distill-llama-8b,medqa_test_00295,1,0.638914,5
medqa,r1-distill-llama-8b,medqa_test_00037,0,0.537479,1
medqa,r1-distill-llama-8b,medqa_test_00397,0,0.322248,4
medqa,r1-distill-llama-8b,medqa_test_00033,0,0.251624,5
medqa,r1-distill-llama-8b,medqa_test_01002,0,0.520417,1
medqa,r1-distill-llama-8b,medqa_test_00666,0,0.416888,3
medqa,r1-distill-llama-8b,medqa_test_00998,1,0.64195,5
medqa,r1-distill-llama-8b,medqa_test_00595,1,0.788945,5
medqa,r1-distill-llama-8b,medqa_test_01135,0,0.337884,2
medqa,r1-distill-llama-8b,medqa_test_01120,1,0.6077,1
medqa,r1-distill-llama-8b,medqa_test_01001,0,0.631044,2
medqa,r1-distill-llama-8b,medqa_test_00245,1,0.451368,2
medqa,r1-distill-llama-8b,medqa_test_00643,1,0.473801,5
medqa,r1-distill-llama-8b,medqa_test_01081,0,0.475122,5
medqa,r1-distill-llama-8b,medqa_test_00729,0,0.442057,4
medqa,r1-distill-llama-8b,medqa_test_00615,1,0.650419,3
medqa,r1-distill-llama-8b,medqa_test_00896,1,0.76136,3
medqa,r1-distill-llama-8b,medqa_test_00926,1,0.376654,5
medqa,r1-distill-llama-8b,medqa_test_00385,1,0.4065,3
medqa,r1-distill-llama-8b,medqa_test_01244,0,0.594717,5
medqa,r1-distill-llama-8b,medqa_test_00944,0,0.626299,3
medqa,r1-distill-llama-8b,medqa_test_00149,0,0.72866,3
medqa,r1-distill-llama-8b,medqa_test_00933,0,0.339135,3
medqa,r1-distill-llama-8b,medqa_test_00591,1,0.283437,3
medqa,r1-distill-llama-8b,medqa_test_01151,0,0.317513,2
medqa,r1-distill-llama-8b,medqa_test_00140,0,0.737026,3
medqa,r1-distill-llama-8b,medqa_test_01154,1,0.76563,4
medqa,r1-distill-llama-8b,medqa_test_00828,0,0.408523,2
medqa,r1-distill-llama-8b,medqa_test_00851,1,0.173178,2
medqa,r1-distill-llama-8b,medqa_test_00007,1,0.571015,3
medqa,r1-distill-llama-8b,medqa_test_00184,0,0.707885,3
medqa,r1-distill-llama-8b,medqa_test_00116,1,0.425687,5
medqa,r1-distill-llama-8b,medqa_test_00684,0,0.415179,2
medqa,r1-distill-llama-8b,medqa_test_00585,0,0.574666,1
medqa,r1-distill-llama-8b,medqa_test_00144,1,0.494608,4
medqa,r1-distill-llama-8b,medqa_test_01079,1,0.3749,2
medqa,r1-distill-llama-8b,medqa_test_00884,1,0.882168,1
medqa,r1-distill-llama-8b,medqa_test_00617,1,0.586283,4
medqa,r1-distill-llama-8b,medqa_test_00301,0,0.48931,2
medqa,r1-distill-llama-8b,medqa_test_00524,0,0.424175,2
medqa,r1-distill-llama-8b,medqa_test_00557,1,0.521766,2
medqa,r1-distill-llama-8b,medqa_test_01096,1,0.786284,1
medqa,r1-distill-llama-8b,medqa_test_00868,0,0.171816,2
medqa,r1-distill-llama-8b,medqa_test_00547,1,0.608265,1
medqa,r1-distill-llama-8b,medqa_test_00661,0,0.327691,4
medqa,r1-distill-llama-8b,medqa_test_00895,0,0.769643,2
medqa,r1-distill-llama-8b,medqa_test_00818,1,0.62415,3
medqa,r1-distill-llama-8b,medqa_test_00390,0,0.600838,4
medqa,r1-distill-llama-8b,medqa_test_00534,1,0.49603,5
medqa,r1-distill-llama-8b,medqa_test_00098,0,0.706711,1
medqa,r1-distill-llama-8b,medqa_test_00369,1,0.74146,4
medqa,r1-distill-llama-8b,medqa_test_00128,0,0.512622,1
medqa,r1-distill-llama-8b,medqa_test_01268,1,0.664944,5
medqa,r1-distill-llama-8b,medqa_test_00588,1,0.661989,2
medqa,r1-distill-llama-8b,medqa_test_00232,1,0.433333,3
medqa,r1-distill-llama-8b,medqa_test_00657,0,0.572984,1
medqa,r1-distill-llama-8b,medqa_test_01125,0,0.673722,2
medqa,r1-distill-llama-8b,medqa_test_00782,1,0.698631,2
medqa,r1-distill-llama-8b,medqa_test_01136,0,0.52907,2
medqa,r1-distill-llama-8b,medqa_test_00805,0,0.55763,1
medqa,r1-distill-llama-8b,medqa_test_00653,1,0.562694,2
medqa,r1-distill-llama-8b,medqa_test_00844,0,0.243133,4
medqa,r1-distill-llama-8b,medqa_test_00188,1,0.480736,1
medqa,r1-distill-llama-8b,medqa_test_00522,1,0.467928,5
medqa,r1-distill-llama-8b,medqa_test_00508,0,0.657234,3
medqa,r1-distill-llama-8b,medqa_test_00354,1,0.624313,3
medqa,r1-distill-llama-8b,medqa_test_00207,0,0.590309,5
medqa,r1-distill-llama-8b,medqa_test_00113,1,0.554726,3
medqa,r1-distill-llama-8b,medqa_test_00700,0,0.581251,4
medqa,r1-distill-llama-8b,medqa_test_00965,1,0.449272,1
medqa,r1-distill-llama-8b,medqa_test_00744,1,0.684439,4
medqa,r1-distill-llama-8b,medqa_test_00513,0,0.33587,3
medqa,r1-distill-llama-8b,medqa_test_00364,1,0.573844,2
medqa,r1-distill-llama-8b,medqa_test_01007,1,0.568003,5
medqa,r1-distill-llama-8b,medqa_test_00243,0,0.394843,2
medqa,r1-distill-llama-8b,medqa_test_00977,1,0.728145,4
medqa,r1-distill-llama-8b,medqa_test_00984,1,0.299221,5
medqa,r1-distill-llama-8b,medqa_test_00483,0,0.644285,2
medqa,r1-distill-llama-8b,medqa_test_00697,0,0.574017,5
medqa,r1-distill-llama-8b,medqa_test_00905,1,0.597202,3
medqa,r1-distill-llama-8b,medqa_test_00368,0,0.656077,2
medqa,r1-distill-llama-8b,medqa_test_00537,1,0.700791,1
medqa,r1-distill-llama-8b,medqa_test_00097,1,0.642776,5
medqa,r1-distill-llama-8b,medqa_test_00264,0,0.243373,5
medqa,r1-distill-llama-8b,medqa_test_00750,1,0.625356,4
medqa,r1-distill-llama-8b,medqa_test_00952,0,0.524824,5
medqa,r1-distill-llama-8b,medqa_test_00637,0,0.355685,5
medqa,r1-distill-llama-8b,medqa_test_00616,0,0.395771,4
medqa,r1-distill-llama-8b,medqa_test_00803,0,0.539064,4
medqa,r1-distill-llama-8b,medqa_test_01189,1,0.769399,1
medqa,r1-distill-llama-8b,medqa_test_00143,1,0.365702,3
medqa,r1-distill-llama-8b,medqa_test_00174,1,0.628698,3
medqa,r1-distill-llama-8b,medqa_test_00132,1,0.719761,2
medqa,r1-distill-llama-8b,medqa_test_00809,0,0.274773,3
medqa,r1-distill-llama-8b,medqa_test_00840,1,0.729902,4
medqa,r1-distill-llama-8b,medqa_test_00831,0,0.234856,4
medqa,r1-distill-llama-8b,medqa_test_01218,0,0.394857,4
medqa,r1-distill-llama-8b,medqa_test_00843,1,0.673865,4
medqa,r1-distill-llama-8b,medqa_test_01222,0,0.38646,3
medqa,r1-distill-llama-8b,medqa_test_01270,0,0.432453,4
medqa,r1-distill-llama-8b,medqa_test_01088,0,0.590753,2
medqa,r1-distill-llama-8b,medqa_test_00172,0,0.684513,1
medqa,r1-distill-llama-8b,medqa_test_01197,1,0.449195,2
medqa,r1-distill-llama-8b,medqa_test_00342,0,0.34709,1
medqa,r1-distill-llama-8b,medqa_test_00816,0,0.620069,4
medqa,r1-distill-llama-8b,medqa_test_00938,1,0.242881,5
medqa,r1-distill-llama-8b,medqa_test_00237,0,0.406831,3
medqa,r1-distill-llama-8b,medqa_test_00544,1,0.638416,2
medqa,r1-distill-llama-8b,medqa_test_00672,0,0.601019,3
medqa,r1-distill-llama-8b,medqa_test_01089,1,0.286468,3
medqa,r1-distill-llama-8b,medqa_test_00804,1,0.510298,5
medqa,r1-distill-llama-8b,medqa_test_01230,1,0.591226,1
medqa,r1-distill-llama-8b,medqa_test_00251,0,0.576496,2
medqa,r1-distill-llama-8b,medqa_test_01224,0,0.431785,3
medqa,r1-distill-llama-8b,medqa_test_00274,1,0.618394,3
medqa,r1-distill-llama-8b,medqa_test_00604,0,0.129815,4
medqa,r1-distill-llama-8b,medqa_test_00554,0,0.196192,4
medqa,r1-distill-llama-8b,medqa_test_00495,1,0.341857,2
medqa,r1-distill-llama-8b,medqa_test_00678,1,0.7237,4
medqa,r1-distill-llama-8b,medqa_test_00445,0,0.639877,2
medqa,r1-distill-llama-8b,medqa_test_00560,1,0.167013,1
medqa,r1-distill-llama-8b,medqa_test_00470,0,0.519411,5
medqa,r1-distill-llama-8b,medqa_test_00370,1,0.651097,3
medqa,r1-distill-llama-8b,medqa_test_00443,0,0.401248,5
medqa,r1-distill-llama-8b,medqa_test_00108,0,0.666784,4
medqa,r1-distill-llama-8b,medqa_test_01200,1,0.477618,4
medqa,r1-distill-llama-8b,medqa_test_01048,0,0.283383,5
medqa,r1-distill-llama-8b,medqa_test_00913,0,0.587702,3
medqa,r1-distill-llama-8b,medqa_test_00379,1,0.360903,5
medqa,r1-distill-llama-8b,medqa_test_00618,1,0.626441,3
medqa,r1-distill-llama-8b,medqa_test_00355,1,0.303704,2
medqa,r1-distill-llama-8b,medqa_test_00862,0,0.669116,4
medqa,r1-distill-llama-8b,medqa_test_00123,1,0.343917,5
medqa,r1-distill-llama-8b,medqa_test_01045,1,0.519821,1
medqa,r1-distill-llama-8b,medqa_test_00104,0,0.618461,2
medqa,r1-distill-llama-8b,medqa_test_00248,1,0.524674,3
medqa,r1-distill-llama-8b,medqa_test_00874,0,0.511823,3
medqa,r1-distill-llama-8b,medqa_test_00701,0,0.511608,3
medqa,r1-distill-llama-8b,medqa_test_00406,1,0.324416,5
medqa,r1-distill-llama-8b,medqa_test_00319,0,0.690413,3
medqa,r1-distill-llama-8b,medqa_test_00026,0,0.196893,5
medqa,r1-distill-llama-8b,medqa_test_01228,0,0.285999,1
medqa,r1-distill-llama-8b,medqa_test_01240,1,0.663141,5
medqa,r1-distill-llama-8b,medqa_test_00167,1,0.553148,5
medqa,r1-distill-llama-8b,medqa_test_00934,0,0.817109,3
medqa,r1-distill-llama-8b,medqa_test_00171,0,0.350035,2
medqa,r1-distill-llama-8b,medqa_test_00377,1,0.419965,5
medqa,r1-distill-llama-8b,medqa_test_01111,1,0.727505,2
medqa,r1-distill-llama-8b,medqa_test_00879,0,0.412989,3
medqa,r1-distill-llama-8b,medqa_test_01057,1,0.720059,1
medqa,r1-distill-llama-8b,medqa_test_00716,0,0.435072,3
medqa,r1-distill-llama-8b,medqa_test_00709,1,0.587492,1
medqa,r1-distill-llama-8b,medqa_test_00633,0,0.417826,1
medqa,r1-distill-llama-8b,medqa_test_00842,1,0.662197,2
medqa,r1-distill-llama-8b,medqa_test_00031,0,0.209464,2
medqa,r1-distill-llama-8b,medqa_test_00041,1,0.653738,4
medqa,r1-distill-llama-8b,medqa_test_01123,0,0.510358,4
medqa,r1-distill-llama-8b,medqa_test_01101,1,0.767608,3
medqa,r1-distill-llama-8b,medqa_test_00053,0,0.378314,3
medqa,r1-distill-llama-8b,medqa_test_01196,1,0.695702,1
medqa,r1-distill-llama-8b,medqa_test_00019,0,0.536457,4
medqa,r1-distill-llama-8b,medqa_test_00980,0,0.436368,5
medqa,r1-distill-llama-8b,medqa_test_00258,0,0.186196,2
medqa,r1-distill-llama-8b,medqa_test_00431,0,0.583486,1
medqa,r1-distill-llama-8b,medqa_test_00284,0,0.280609,5
medqa,r1-distill-llama-8b,medqa_test_00986,0,0.414212,1
medqa,r1-distill-llama-8b,medqa_test_00345,1,0.535264,3
medqa,r1-distill-llama-8b,medqa_test_00748,1,0.626214,1
medqa,r1-distill-llama-8b,medqa_test_00465,0,0.592506,2
medqa,r1-distill-llama-8b,medqa_test_00216,0,0.307159,5
medqa,r1-distill-llama-8b,medqa_test_00335,0,0.432049,2
medqa,r1-distill-llama-8b,medqa_test_00739,0,0.419321,4
medqa,r1-distill-llama-8b,medqa_test_00266,1,0.552038,5
medqa,r1-distill-llama-8b,medqa_test_00811,1,0.33214,5
medqa,r1-distill-llama-8b,medqa_test_01164,1,0.244857,3
medqa,r1-distill-llama-8b,medqa_test_01084,0,0.196479,4
medqa,r1-distill-llama-8b,medqa_test_01076,0,0.431676,2
medqa,r1-distill-llama-8b,medqa_test_00085,0,0.524514,3
medqa,r1-distill-llama-8b,medqa_test_00792,1,0.329895,5
medqa,r1-distill-llama-8b,medqa_test_00577,0,0.361608,4
medqa,r1-distill-llama-8b,medqa_test_00403,0,0.561722,1
medqa,r1-distill-llama-8b,medqa_test_00027,1,0.629578,2
medqa,r1-distill-llama-8b,medqa_test_01148,1,0.755903,4
medqa,r1-distill-llama-8b,medqa_test_01122,1,0.535771,4
medqa,r1-distill-llama-8b,medqa_test_00169,1,0.665669,1
medqa,r1-distill-llama-8b,medqa_test_00414,1,0.470858,3
medqa,r1-distill-llama-8b,medqa_test_00774,0,0.522665,5
medqa,r1-distill-llama-8b,medqa_test_00029,0,0.594909,1
medqa,r1-distill-llama-8b,medqa_test_00773,0,0.173833,4
medqa,r1-distill-llama-8b,medqa_test_00279,1,0.361925,2
medqa,r1-distill-llama-8b,medqa_test_00710,0,0.514373,2
medqa,r1-distill-llama-8b,medqa_test_00499,0,0.158105,3
medqa,r1-distill-llama-8b,medqa_test_00225,0,0.720681,1
medqa,r1-distill-llama-8b,medqa_test_00559,1,0.735213,5
medqa,r1-distill-llama-8b,medqa_test_00770,1,0.726837,4
medqa,r1-distill-llama-8b,medqa_test_00399,0,0.329022,3
medqa,r1-distill-llama-8b,medqa_test_00305,0,0.430376,1
medqa,r1-distill-llama-8b,medqa_test_00360,0,0.423134,1
medqa,r1-distill-llama-8b,medqa_test_01141,1,0.685068,2
medqa,r1-distill-llama-8b,medqa_test_01008,0,0.651087,1
medqa,r1-distill-llama-8b,medqa_test_01054,0,0.644332,3
medqa,r1-distill-llama-8b,medqa_test_00690,1,0.637345,2
medqa,r1-distill-llama-8b,medqa_test_00020,0,0.555659,2
medqa,r1-distill-llama-8b,medqa_test_00398,0,0.482439,4
medqa,r1-distill-llama-8b,medqa_test_00211,0,0.523675,4
medqa,r1-distill-llama-8b,medqa_test_00063,1,0.721287,1
medqa,r1-distill-llama-8b,medqa_test_00425,0,0.556129,2
medqa,r1-distill-llama-8b,medqa_test_00477,0,0.175537,4
medqa,r1-distill-llama-8b,medqa_test_01015,1,0.640826,5
medqa,r1-distill-llama-8b,medqa_test_00846,1,0.345051,1
medqa,r1-distill-llama-8b,medqa_test_00417,0,0.600572,3
medqa,r1-distill-llama-8b,medqa_test_01190,1,0.71455,3
medqa,r1-distill-llama-8b,medqa_test_00219,0,0.486515,2
medqa,r1-distill-llama-8b,medqa_test_00156,1,0.474648,1
medqa,r1-distill-llama-8b,medqa_test_00236,1,0.762569,3
medqa,r1-distill-llama-8b,medqa_test_01114,0,0.508597,2
medqa,r1-distill-llama-8b,medqa_test_00999,1,0.613231,5
medqa,r1-distill-llama-8b,medqa_test_00553,1,0.586705,2
medqa,r1-distill-llama-8b,medqa_test_01160,1,0.65405,4
medqa,r1-distill-llama-8b,medqa_test_00943,1,0.823991,4
medqa,r1-distill-llama-8b,medqa_test_00916,1,0.643577,1
medqa,r1-distill-llama-8b,medqa_test_00705,0,0.4833,5
medqa,r1-distill-llama-8b,medqa_test_01178,1,0.32438,2
medqa,r1-distill-llama-8b,medqa_test_00079,1,0.560828,3
medqa,r1-distill-llama-8b,medqa_test_00281,0,0.468158,1
medqa,r1-distill-llama-8b,medqa_test_00967,1,0.503656,3
medqa,r1-distill-llama-8b,medqa_test_00641,1,0.561343,5
medqa,r1-distill-llama-8b,medqa_test_00533,1,0.596306,2
medqa,r1-distill-llama-8b,medqa_test_00891,0,0.386702,4
medqa,r1-distill-llama-8b,medqa_test_00885,0,0.173784,4
medqa,r1-distill-llama-8b,medqa_test_00253,0,0.322898,4
medqa,r1-distill-llama-8b,medqa_test_01094,0,0.525576,3
medqa,r1-distill-llama-8b,medqa_test_01147,0,0.686673,1
medqa,r1-distill-llama-8b,medqa_test_00162,1,0.65659,4
medqa,r1-distill-llama-8b,medqa_test_00456,1,0.539663,3
medqa,r1-distill-llama-8b,medqa_test_00732,0,0.544638,4
medqa,r1-distill-llama-8b,medqa_test_00436,1,0.478321,1
medqa,r1-distill-llama-8b,medqa_test_00516,1,0.229725,2
medqa,r1-distill-llama-8b,medqa_test_00627,1,0.501585,5
medqa,r1-distill-llama-8b,medqa_test_00453,1,0.517276,2
medqa,r1-distill-llama-8b,medqa_test_00324,1,0.678077,2
medqa,r1-distill-llama-8b,medqa_test_01115,1,0.517672,4
medqa,r1-distill-llama-8b,medqa_test_00572,1,0.312093,2
medqa,r1-distill-llama-8b,medqa_test_01004,1,0.4952,5
medqa,r1-distill-llama-8b,medqa_test_01082,1,0.633741,2
medqa,r1-distill-llama-8b,medqa_test_00136,1,0.669129,5
medqa,r1-distill-llama-8b,medqa_test_01049,0,0.621907,3
medqa,r1-distill-llama-8b,medqa_test_01165,1,0.42211,1
medqa,r1-distill-llama-8b,medqa_test_00530,1,0.250082,3
medqa,r1-distill-llama-8b,medqa_test_01162,0,0.481021,4
medqa,r1-distill-llama-8b,medqa_test_01221,0,0.523963,5
medqa,r1-distill-llama-8b,medqa_test_00671,1,0.53908,4
medqa,r1-distill-llama-8b,medqa_test_01243,0,0.628843,1
medqa,r1-distill-llama-8b,medqa_test_00800,1,0.669389,2
medqa,r1-distill-llama-8b,medqa_test_00506,1,0.285088,1
medqa,r1-distill-llama-8b,medqa_test_01220,0,0.266729,4
medqa,r1-distill-llama-8b,medqa_test_00199,0,0.395825,5
medqa,r1-distill-llama-8b,medqa_test_00589,0,0.452479,2
medqa,r1-distill-llama-8b,medqa_test_01183,0,0.496841,3
medqa,r1-distill-llama-8b,medqa_test_00424,1,0.411838,5
medqa,r1-distill-llama-8b,medqa_test_01217,1,0.379839,1
medqa,r1-distill-llama-8b,medqa_test_01063,1,0.666494,1
medqa,r1-distill-llama-8b,medqa_test_00486,1,0.612991,3
medqa,r1-distill-llama-8b,medqa_test_00047,1,0.616093,1
medqa,r1-distill-llama-8b,medqa_test_00838,1,0.601799,4
medqa,r1-distill-llama-8b,medqa_test_00150,1,0.453693,5
medqa,r1-distill-llama-8b,medqa_test_00203,0,0.470157,5
medqa,r1-distill-llama-8b,medqa_test_00230,1,0.685178,3
medqa,r1-distill-llama-8b,medqa_test_01023,0,0.488808,3
medqa,r1-distill-llama-8b,medqa_test_00343,1,0.420849,1
medqa,r1-distill-llama-8b,medqa_test_00981,0,0.671699,3
medqa,r1-distill-llama-8b,medqa_test_00648,1,0.775767,2
medqa,r1-distill-llama-8b,medqa_test_00756,1,0.598296,3
medqa,r1-distill-llama-8b,medqa_test_00290,0,0.532154,2
medqa,r1-distill-llama-8b,medqa_test_00086,1,0.565263,2
medqa,r1-distill-llama-8b,medqa_test_00674,1,0.844763,2
medqa,r1-distill-llama-8b,medqa_test_01156,0,0.277267,3
medqa,r1-distill-llama-8b,medqa_test_00948,1,0.468649,4
medqa,r1-distill-llama-8b,medqa_test_00993,0,0.313355,1
medqa,r1-distill-llama-8b,medqa_test_00721,1,0.378706,5
medqa,r1-distill-llama-8b,medqa_test_00881,1,0.490105,4
medqa,r1-distill-llama-8b,medqa_test_00329,1,0.598005,1
medqa,r1-distill-llama-8b,medqa_test_00670,1,0.340563,1
medqa,r1-distill-llama-8b,medqa_test_00621,0,0.545649,1
medqa,r1-distill-llama-8b,medqa_test_01017,0,0.505685,1
medqa,r1-distill-llama-8b,medqa_test_00293,0,0.633479,4
medqa,r1-distill-llama-8b,medqa_test_00311,1,0.602394,4
medqa,r1-distill-llama-8b,medqa_test_00561,1,0.599725,5
medqa,r1-distill-llama-8b,medqa_test_00308,1,0.673149,5
medqa,r1-distill-llama-8b,medqa_test_00582,1,0.55406,5
medqa,r1-distill-llama-8b,medqa_test_01264,1,0.161952,3
medqa,r1-distill-llama-8b,medqa_test_00693,0,0.456764,3
medqa,r1-distill-llama-8b,medqa_test_00388,1,0.571305,5
medqa,r1-distill-llama-8b,medqa_test_00430,1,0.693587,5
medqa,r1-distill-llama-8b,medqa_test_01097,1,0.684353,4
medqa,r1-distill-llama-8b,medqa_test_00302,1,0.608125,3
medqa,r1-distill-llama-8b,medqa_test_00713,1,0.784932,1
medqa,r1-distill-llama-8b,medqa_test_00412,1,0.356885,4
medqa,r1-distill-llama-8b,medqa_test_01199,1,0.316835,1
medqa,r1-distill-llama-8b,medqa_test_00418,1,0.544142,3
medqa,r1-distill-llama-8b,medqa_test_00316,0,0.224864,5
medqa,r1-distill-llama-8b,medqa_test_00519,0,0.615504,1
medqa,r1-distill-llama-8b,medqa_test_00961,0,0.462683,4
medqa,r1-distill-llama-8b,medqa_test_00737,0,0.373824,4
medqa,r1-distill-llama-8b,medqa_test_00127,1,0.709636,4
medqa,r1-distill-llama-8b,medqa_test_00922,0,0.502556,4
medqa,r1-distill-llama-8b,medqa_test_00784,1,0.746864,4
medqa,r1-distill-llama-8b,medqa_test_01102,0,0.429802,3
medqa,r1-distill-llama-8b,medqa_test_01109,1,0.612329,2
medqa,r1-distill-llama-8b,medqa_test_00680,1,0.748808,1
medqa,r1-distill-llama-8b,medqa_test_00441,1,0.52897,3
medqa,r1-distill-llama-8b,medqa_test_00372,0,0.598058,5
medqa,r1-distill-llama-8b,medqa_test_01061,1,0.504995,3
medqa,r1-distill-llama-8b,medqa_test_00686,1,0.435834,3
medqa,r1-distill-llama-8b,medqa_test_00925,1,0.432898,2
medqa,r1-distill-llama-8b,medqa_test_00992,1,0.475066,5
medqa,r1-distill-llama-8b,medqa_test_00736,1,0.602249,5
medqa,r1-distill-llama-8b,medqa_test_00904,1,0.484183,3
medqa,r1-distill-llama-8b,medqa_test_01127,1,0.572344,4
medqa,r1-distill-llama-8b,medqa_test_00783,1,0.565708,3
medqa,r1-distill-llama-8b,medqa_test_01066,0,0.240851,2
medqa,r1-distill-llama-8b,medqa_test_01144,0,0.785596,1
medqa,r1-distill-llama-8b,medqa_test_00260,1,0.464413,2
medqa,r1-distill-llama-8b,medqa_test_01181,1,0.356349,5
medqa,r1-distill-llama-8b,medqa_test_00590,1,0.246134,2
medqa,r1-distill-llama-8b,medqa_test_00523,0,0.799606,2
medqa,r1-distill-llama-8b,medqa_test_00446,0,0.481938,2
medqa,r1-distill-llama-8b,medqa_test_01072,1,0.794822,1
medqa,r1-distill-llama-8b,medqa_test_00444,0,0.513226,1
medqa,r1-distill-llama-8b,medqa_test_00111,1,0.352758,3
medqa,r1-distill-llama-8b,medqa_test_01198,0,0.582718,1
medqa,r1-distill-llama-8b,medqa_test_00594,0,0.613525,1
medqa,r1-distill-llama-8b,medqa_test_00182,0,0.450641,3
medqa,r1-distill-llama-8b,medqa_test_00972,0,0.419351,1
medqa,r1-distill-llama-8b,medqa_test_00339,0,0.547968,5
medqa,r1-distill-llama-8b,medqa_test_00549,0,0.375729,5
medqa,r1-distill-llama-8b,medqa_test_00409,1,0.649693,4
medqa,r1-distill-llama-8b,medqa_test_00656,1,0.701575,1
medqa,r1-distill-llama-8b,medqa_test_00359,0,0.616261,3
medqa,r1-distill-llama-8b,medqa_test_00807,1,0.329404,3
medqa,r1-distill-llama-8b,medqa_test_00791,0,0.553741,4
medqa,r1-distill-llama-8b,medqa_test_00071,0,0.506963,5
medqa,r1-distill-llama-8b,medqa_test_01176,0,0.404399,4
medqa,r1-distill-llama-8b,medqa_test_00336,0,0.545799,3
medqa,r1-distill-llama-8b,medqa_test_00408,1,0.708661,3
medqa,r1-distill-llama-8b,medqa_test_00197,1,0.490063,4
medqa,r1-distill-llama-8b,medqa_test_00675,1,0.680722,3
medqa,r1-distill-llama-8b,medqa_test_00024,0,0.357282,3
medqa,r1-distill-llama-8b,medqa_test_01146,1,0.407712,2
medqa,r1-distill-llama-8b,medqa_test_00233,1,0.576531,1
medqa,r1-distill-llama-8b,medqa_test_00814,1,0.612065,2
medqa,r1-distill-llama-8b,medqa_test_00358,0,0.643326,4
medqa,r1-distill-llama-8b,medqa_test_01113,1,0.585174,2
medqa,r1-distill-llama-8b,medqa_test_00204,0,0.424815,5
medqa,r1-distill-llama-8b,medqa_test_00391,0,0.598043,4
medqa,r1-distill-llama-8b,medqa_test_00806,0,0.611848,5
medqa,r1-distill-llama-8b,medqa_test_00273,0,0.491106,5
medqa,r1-distill-llama-8b,medqa_test_00254,1,0.802751,2
medqa,r1-distill-llama-8b,medqa_test_00970,1,0.538705,4
medqa,r1-distill-llama-8b,medqa_test_01256,1,0.500655,3
medqa,r1-distill-llama-8b,medqa_test_00421,0,0.330203,4
medqa,r1-distill-llama-8b,medqa_test_00801,1,0.323346,1
medqa,r1-distill-llama-8b,medqa_test_01134,0,0.497046,4
medqa,r1-distill-llama-8b,medqa_test_00754,1,0.334488,2
medqa,r1-distill-llama-8b,medqa_test_00183,0,0.506956,3
medqa,r1-distill-llama-8b,medqa_test_00025,1,0.635101,5
medqa,r1-distill-llama-8b,medqa_test_00181,1,0.472189,2
medqa,r1-distill-llama-8b,medqa_test_00830,0,0.482175,3
medqa,r1-distill-llama-8b,medqa_test_00819,0,0.444686,1
medqa,r1-distill-llama-8b,medqa_test_00166,1,0.658665,2
medqa,r1-distill-llama-8b,medqa_test_00242,0,0.243532,3
medqa,r1-distill-llama-8b,medqa_test_00158,1,0.296445,4
medqa,r1-distill-llama-8b,medqa_test_00767,1,0.390274,4
medqa,r1-distill-llama-8b,medqa_test_00635,1,0.560731,2
medqa,r1-distill-llama-8b,medqa_test_00573,0,0.469794,3
medqa,r1-distill-llama-8b,medqa_test_00798,0,0.272026,5
medqa,r1-distill-llama-8b,medqa_test_00362,0,0.20467,4
medqa,r1-distill-llama-8b,medqa_test_00105,0,0.669341,2
medqa,r1-distill-llama-8b,medqa_test_00682,0,0.422423,1
medqa,r1-distill-llama-8b,medqa_test_00698,0,0.600055,1
medqa,r1-distill-llama-8b,medqa_test_00908,0,0.611468,1
medqa,r1-distill-llama-8b,medqa_test_00982,1,0.669583,3
medqa,r1-distill-llama-8b,medqa_test_00815,1,0.500845,5
medqa,r1-distill-llama-8b,medqa_test_00373,1,0.531734,5
medqa,r1-distill-llama-8b,medqa_test_00315,0,0.673085,2
medqa,r1-distill-llama-8b,medqa_test_00042,0,0.504709,3
medqa,r1-distill-llama-8b,medqa_test_01158,0,0.316767,1
medqa,r1-distill-llama-8b,medqa_test_01239,0,0.236824,4
medqa,r1-distill-llama-8b,medqa_test_00151,0,0.266045,2
medqa,r1-distill-llama-8b,medqa_test_00565,1,0.485939,5
medqa,r1-distill-llama-8b,medqa_test_01179,0,0.576288,1
medqa,r1-distill-llama-8b,medqa_test_00854,1,0.544469,4
medqa,r1-distill-llama-8b,medqa_test_00036,1,0.535125,4
medqa,r1-distill-llama-8b,medqa_test_00558,1,0.669492,2
medqa,r1-distill-llama-8b,medqa_test_00152,1,0.214909,2
medqa,r1-distill-llama-8b,medqa_test_00707,1,0.452175,2
medqa,r1-distill-llama-8b,medqa_test_01192,0,0.675368,4
medqa,r1-distill-llama-8b,medqa_test_00574,1,0.460737,2
medqa,r1-distill-llama-8b,medqa_test_01035,1,0.643554,2
medqa,r1-distill-llama-8b,medqa_test_00722,1,0.601542,2
medqa,r1-distill-llama-8b,medqa_test_00564,0,0.500405,4
medqa,r1-distill-llama-8b,medqa_test_00452,0,0.23735,1
medqa,r1-distill-llama-8b,medqa_test_00759,0,0.284154,5
medqa,r1-distill-llama-8b,medqa_test_00165,0,0.259619,2
medqa,r1-distill-llama-8b,medqa_test_00652,0,0.51159,4
medqa,r1-distill-llama-8b,medqa_test_00133,1,0.649086,5
medqa,r1-distill-llama-8b,medqa_test_00789,0,0.571795,3
medqa,r1-distill-llama-8b,medqa_test_00341,1,0.464021,4
medqa,r1-distill-llama-8b,medqa_test_00045,1,0.743431,2
medqa,r1-distill-llama-8b,medqa_test_01167,1,0.412107,4
medqa,r1-distill-llama-8b,medqa_test_00849,1,0.686726,4
medqa,r1-distill-llama-8b,medqa_test_01105,1,0.720471,5
medqa,r1-distill-llama-8b,medqa_test_00094,1,0.34238,1
medqa,r1-distill-llama-8b,medqa_test_01139,0,0.373927,5
medqa,r1-distill-llama-8b,medqa_test_01112,0,0.702186,5
medqa,r1-distill-llama-8b,medqa_test_00500,0,0.231602,2
medqa,r1-distill-llama-8b,medqa_test_00517,0,0.426407,5
medqa,r1-distill-llama-8b,medqa_test_01053,1,0.62866,5
medqa,r1-distill-llama-8b,medqa_test_00649,0,0.167037,5
medqa,r1-distill-llama-8b,medqa_test_00208,1,0.789655,5
medqa,r1-distill-llama-8b,medqa_test_00351,0,0.252279,5
medqa,r1-distill-llama-8b,medqa_test_00215,0,0.524101,4
medqa,r1-distill-llama-8b,medqa_test_00619,0,0.20682,1
medqa,r1-distill-llama-8b,medqa_test_00288,0,0.397033,1
medqa,r1-distill-llama-8b,medqa_test_00278,1,0.684836,5
medqa,r1-distill-llama-8b,medqa_test_00566,0,0.516485,3
medqa,r1-distill-llama-8b,medqa_test_00760,1,0.573953,4
medqa,r1-distill-llama-8b,medqa_test_00987,0,0.50143,3
medqa,r1-distill-llama-8b,medqa_test_01119,1,0.627232,3
medqa,r1-distill-llama-8b,medqa_test_01075,0,0.487885,5
medqa,r1-distill-llama-8b,medqa_test_00106,0,0.539442,3
medqa,r1-distill-llama-8b,medqa_test_00679,1,0.5931,2
medqa,r1-distill-llama-8b,medqa_test_00836,1,0.398795,1
medqa,r1-distill-llama-8b,medqa_test_00683,0,0.513559,3
medqa,r1-distill-llama-8b,medqa_test_00008,1,0.228494,2
medqa,r1-distill-llama-8b,medqa_test_01231,1,0.817782,1
medqa,r1-distill-llama-8b,medqa_test_00669,1,0.587928,1
medqa,r1-distill-llama-8b,medqa_test_00826,0,0.370771,1
medqa,r1-distill-llama-8b,medqa_test_00626,1,0.412864,4
medqa,r1-distill-llama-8b,medqa_test_00309,0,0.615941,1
medqa,r1-distill-llama-8b,medqa_test_00556,1,0.377974,2
medqa,r1-distill-llama-8b,medqa_test_00853,0,0.587096,5
medqa,r1-distill-llama-8b,medqa_test_00448,0,0.560667,4
medqa,r1-distill-llama-8b,medqa_test_00291,1,0.58035,1
medqa,r1-distill-llama-8b,medqa_test_00378,0,0.243758,4
medqa,r1-distill-llama-8b,medqa_test_00250,1,0.711405,4
medqa,r1-distill-llama-8b,medqa_test_01024,0,0.649987,1
medqa,r1-distill-llama-8b,medqa_test_00357,0,0.277663,5
medqa,r1-distill-llama-8b,medqa_test_01186,0,0.46716,3
medqa,r1-distill-llama-8b,medqa_test_00966,0,0.798897,4
medqa,r1-distill-llama-8b,medqa_test_00518,0,0.322465,3
medqa,r1-distill-llama-8b,medqa_test_00218,1,0.691515,4
medqa,r1-distill-llama-8b,medqa_test_00550,0,0.580397,4
medqa,r1-distill-llama-8b,medqa_test_00075,0,0.426046,5
medqa,r1-distill-llama-8b,medqa_test_00102,1,0.431946,3
medqa,r1-distill-llama-8b,medqa_test_00576,0,0.384099,4
medqa,r1-distill-llama-8b,medqa_test_00636,1,0.655552,3
medqa,r1-distill-llama-8b,medqa_test_00009,1,0.294376,4
medqa,r1-distill-llama-8b,medqa_test_00074,0,0.385532,5
medqa,r1-distill-llama-8b,medqa_test_00769,0,0.620768,2
medqa,r1-distill-llama-8b,medqa_test_00951,0,0.337472,2
medqa,r1-distill-llama-8b,medqa_test_00307,0,0.338706,2
medqa,r1-distill-llama-8b,medqa_test_00660,1,0.74539,5
medqa,r1-distill-llama-8b,medqa_test_00687,1,0.40093,1
medqa,r1-distill-llama-8b,medqa_test_00134,1,0.664013,4
medqa,r1-distill-llama-8b,medqa_test_00405,0,0.432917,5
medqa,r1-distill-llama-8b,medqa_test_00244,1,0.193187,2
medqa,r1-distill-llama-8b,medqa_test_01012,1,0.691874,2
medqa,r1-distill-llama-8b,medqa_test_00733,0,0.470003,2
medqa,r1-distill-llama-8b,medqa_test_00267,0,0.56319,2
medqa,r1-distill-llama-8b,medqa_test_01143,0,0.195434,5
medqa,r1-distill-llama-8b,medqa_test_00535,1,0.743504,3
medqa,r1-distill-llama-8b,medqa_test_00578,0,0.660337,3
medqa,r1-distill-llama-8b,medqa_test_00597,1,0.509336,1
medqa,r1-distill-llama-8b,medqa_test_01205,0,0.432455,2
medqa,r1-distill-llama-8b,medqa_test_00634,0,0.423676,5
medqa,r1-distill-llama-8b,medqa_test_00040,1,0.729058,3
medqa,r1-distill-llama-8b,medqa_test_00608,1,0.369466,2
medqa,r1-distill-llama-8b,medqa_test_01216,0,0.394327,1
medqa,r1-distill-llama-8b,medqa_test_00583,0,0.15114,3
medqa,r1-distill-llama-8b,medqa_test_00911,0,0.420138,1
medqa,r1-distill-llama-8b,medqa_test_00964,0,0.48289,2
medqa,r1-distill-llama-8b,medqa_test_00122,1,0.66439,1
medqa,r1-distill-llama-8b,medqa_test_00413,1,0.466054,5
medqa,r1-distill-llama-8b,medqa_test_00240,1,0.536754,3
medqa,r1-distill-llama-8b,medqa_test_01067,0,0.385807,4
medqa,r1-distill-llama-8b,medqa_test_00691,1,0.788037,4
medqa,r1-distill-llama-8b,medqa_test_00069,1,0.575286,4
medqa,r1-distill-llama-8b,medqa_test_00609,1,0.620455,5
medqa,r1-distill-llama-8b,medqa_test_00190,0,0.732003,5
medqa,r1-distill-llama-8b,medqa_test_00871,1,0.597493,2
medqa,r1-distill-llama-8b,medqa_test_00082,0,0.635505,2
mmlu_pro,r1-distill-llama-8b,mmlu_pro_test_04946,0,0.390697,3
mmlu_pro,r1-distill-llama-8b,mmlu_pro_test_06900,1,0.653069,4
mmlu_pro,r1-distill-llama-8b,mmlu_pro_test_01405,0,0.328269,4
mmlu_pro,r1-distill-llama-8b,mmlu_pro_test_03199,1,0.631477,2
mmlu_pro,r1-distill-llama-8b,mmlu_pro_test_00399,0,0.389846,2
mmlu_pro,r1-distill-llama-8b,mmlu_pro_test_06405,0,0.253331,5
mmlu_pro,r1-distill-llama-8b,mmlu_pro_test_07379,0,0.572281,1
mmlu_pro,r1-distill-llama-8b,mmlu_pro_test_02736,1,0.796707,3
mmlu_pro,r1-distill-llama-8b,mmlu_pro_test_08299,1,0.887723,3
mmlu_pro,r1-distill-llama-8b,mmlu_pro_test_02400,1,0.563871,2
mmlu_pro,r1-distill-llama-8b,mmlu_pro_test_00612,0,0.532211,1
mmlu_pro,r1-distill-llama-8b,mmlu_pro_test_04994,0,0.361162,2
mmlu_pro,r1-distill-llama-8b,mmlu_pro_test_02961,1,0.53817,3
mmlu_pro,r1-distill-llama-8b,mmlu_pro_test_08614,1,0.784103,4
mmlu_pro,r1-distill-llama-8b,mmlu_pro_test_05716,1,0.483271,4
mmlu_pro,r1-distill-llama-8b,mmlu_pro_test_07328,0,0.580998,4
mmlu_pro,r1-distill-llama-8b,mmlu_pro_test_07664,1,0.810862,1
mmlu_pro,r1-distill-llama-8b,mmlu_pro_test_02354,0,0.485946,5
mmlu_pro,r1-distill-llama-8b,mmlu_pro_test_04767,0,0.617077,1
mmlu_pro,r1-distill-llama-8b,mmlu_pro_test_05252,0,0.429139,1
mmlu_pro,r1-distill-llama-8b,mmlu_pro_test_10247,1,0.649823,4
mmlu_pro,r1-distill-llama-8b,mmlu_pro_test_01449,0,0.208102,2
mmlu_pro,r1-distill-llama-8b,mmlu_pro_test_08489,1,0.741096,5
mmlu_pro,r1-distill-llama-8b,mmlu_pro_test_07315,0,0.150356,1
mmlu_pro,r1-distill-llama-8b,mmlu_pro_test_07308,0,0.265011,3
mmlu_pro,r1-distill-llama-8b,mmlu_pro_test_05875,1,0.646146,3
mmlu_pro,r1-distill-llama-8b,mmlu_pro_test_10639,0,0.559241,2
mmlu_pro,r1-distill-llama-8b,mmlu_pro_test_07624,0,0.750742,1
mmlu_pro,r1-distill-llama-8b,mmlu_pro_test_08841,1,0.472416,2
mmlu_pro,r1-distill-llama-8b,mmlu_pro_test_10104,1,0.575448,4
mmlu_pro,r1-distill-llama-8b,mmlu_pro_test_07610,1,0.495822,3
mmlu_pro,r1-distill-llama-8b,mmlu_pro_test_01518,0,0.52709,3
mmlu_pro,r1-distill-llama-8b,mmlu_pro_test_11897,0,0.413793,4
mmlu_pro,r1-distill-llama-8b,mmlu_pro_test_03821,1,0.735849,5
mmlu_pro,r1-distill-llama-8b,mmlu_pro_test_02666,0,0.188827,5
mmlu_pro,r1-distill-llama-8b,mmlu_pro_test_04762,1,0.649247,2
mmlu_pro,r1-distill-llama-8b,mmlu_pro_test_10305,1,0.799627,4
mmlu_pro,r1-distill-llama-8b,mmlu_pro_test_10990,1,0.431314,4
mmlu_pro,r1-distill-llama-8b,mmlu_pro_test_10376,1,0.394287,4
mmlu_pro,r1-distill-llama-8b,mmlu_pro_test_07465,0,0.365141,5
mmlu_pro,r1-distill-llama-8b,mmlu_pro_test_06478,1,0.416421,2
mmlu_pro,r1-distill-llama-8b,mmlu_pro_test_07227,0,0.799113,3
mmlu_pro,r1-distill-llama-8b,mmlu_pro_test_08081,1,0.494395,2
mmlu_pro,r1-distill-llama-8b,mmlu_pro_test_02006,0,0.356098,5
mmlu_pro,r1-distill-llama-8b,mmlu_pro_test_06169,1,0.87858,3
mmlu_pro,r1-distill-llama-8b,mmlu_pro_test_00777,1,0.67742,2
mmlu_pro,r1-distill-llama-8b,mmlu_pro_test_03086,1,0.791159,4
mmlu_pro,r1-distill-llama-8b,mmlu_pro_test_06764,0,0.379682,5
mmlu_pro,r1-distill-llama-8b,mmlu_pro_test_04577,0,0.449047,1
mmlu_pro,r1-distill-llama-8b,mmlu_pro_test_04648,0,0.427235,3
mmlu_pro,r1-distill-llama-8b,mmlu_pro_test_03333,1,0.579019,5
mmlu_pro,r1-distill-llama-8b,mmlu_pro_test_07073,0,0.617577,5
mmlu_pro,r1-distill-llama-8b,mmlu_pro_test_02543,0,0.350161,5
mmlu_pro,r1-distill-llama-8b,mmlu_pro_test_09545,1,0.767203,4
mmlu_pro,r1-distill-llama-8b,mmlu_pro_test_05814,1,0.675827,1
mmlu_pro,r1-distill-llama-8b,mmlu_pro_test_10619,0,0.319197,2
mmlu_pro,r1-distill-llama-8b,mmlu_pro_test_04531,1,0.479609,4
mmlu_pro,r1-distill-llama-8b,mmlu_pro_test_05901,0,0.03697,4
mmlu_pro,r1-distill-llama-8b,mmlu_pro_test_01520,0,0.597,2
mmlu_pro,r1-distill-llama-8b,mmlu_pro_test_04600,1,0.426266,1
mmlu_pro,r1-distill-llama-8b,mmlu_pro_test_08707,1,0.772179,1
mmlu_pro,r1-distill-llama-8b,mmlu_pro_test_06047,1,0.428177,3
mmlu_pro,r1-distill-llama-8b,mmlu_pro_test_10314,1,0.529719,1
mmlu_pro,r1-distill-llama-8b,mmlu_pro_test_06344,0,0.064073,3
mmlu_pro,r1-distill-llama-8b,mmlu_pro_test_07841,1,0.726151,5
mmlu_pro,r1-distill-llama-8b,mmlu_pro_test_02367,0,0.219441,5
mmlu_pro,r1-distill-llama-8b,mmlu_pro_test_03243,0,0.341682,4
mmlu_pro,r1-distill-llama-8b,mmlu_pro_test_03551,1,0.593872,4
mmlu_pro,r1-distill-llama-8b,mmlu_pro_test_00105,1,0.650489,4
mmlu_pro,r1-distill-llama-8b,mmlu_pro_test_07621,1,0.468502,4
mmlu_pro,r1-distill-llama-8b,mmlu_pro_test_05290,0,0.466619,1
mmlu_pro,r1-distill-llama-8b,mmlu_pro_test_06374,0,0.260482,1
mmlu_pro,r1-distill-llama-8b,mmlu_pro_test_04854,1,0.670449,5
mmlu_pro,r1-distill-llama-8b,mmlu_pro_test_01994,0,0.419432,3
mmlu_pro,r1-distill-llama-8b,mmlu_pro_test_08531,1,0.146128,1
mmlu_pro,r1-distill-llama-8b,mmlu_pro_test_07336,0,0.452816,2
mmlu_pro,r1-distill-llama-8b,mmlu_pro_test_06826,1,0.617754,3
mmlu_pro,r1-distill-llama-8b,mmlu_pro_test_03296,1,0.363001,5
mmlu_pro,r1-distill-llama-8b,mmlu_pro_test_01155,0,0.221831,2
mmlu_pro,r1-distill-llama-8b,mmlu_pro_test_04641,0,0.347146,1
mmlu_pro,r1-distill-llama-8b,mmlu_pro_test_06440,0,0.045632,1
mmlu_pro,r1-distill-llama-8b,mmlu_pro_test_04810,0,0.341487,2
mmlu_pro,r1-distill-llama-8b,mmlu_pro_test_06683,0,0.570572,2
mmlu_pro,r1-distill-llama-8b,mmlu_pro_test_10242,1,0.371401,4
mmlu_pro,r1-distill-llama-8b,mmlu_pro_test_06474,0,0.633164,3
mmlu_pro,r1-distill-llama-8b,mmlu_pro_test_01722,0,0.199995,2
mmlu_pro,r1-distill-llama-8b,mmlu_pro_test_01510,0,0.714803,1
mmlu_pro,r1-distill-llama-8b,mmlu_pro_test_07068,0,0.577356,5
mmlu_pro,r1-distill-llama-8b,mmlu_pro_test_01471,1,0.407806,5
mmlu_pro,r1-distill-llama-8b,mmlu_pro_test_04667,0,0.519305,5
mmlu_pro,r1-distill-llama-8b,mmlu_pro_test_04596,1,0.493554,2
mmlu_pro,r1-distill-llama-8b,mmlu_pro_test_11048,0,0.598327,2
mmlu_pro,r1-distill-llama-8b,mmlu_pro_test_08599,1,0.705192,1
mmlu_pro,r1-distill-llama-8b,mmlu_pro_test_06330,0,0.509259,5
mmlu_pro,r1-distill-llama-8b,mmlu_pro_test_09589,1,0.811577,1
mmlu_pro,r1-distill-llama-8b,mmlu_pro_test_01851,0,0.705057,4
mmlu_pro,r1-distill-llama-8b,mmlu_pro_test_04323,1,0.598442,1
mmlu_pro,r1-distill-llama-8b,mmlu_pro_test_03177,0,0.238376,4
mmlu_pro,r1-distill-llama-8b,mmlu_pro_test_02899,1,0.732495,3
mmlu_pro,r1-distill-llama-8b,mmlu_pro_test_06094,0,0.560317,5
mmlu_pro,r1-distill-llama-8b,mmlu_pro_test_10249,0,0.374542,2
mmlu_pro,r1-distill-llama-8b,mmlu_pro_test_10777,0,0.333204,2
mmlu_pro,r1-distill-llama-8b,mmlu_pro_test_00193,0,0.669337,4
mmlu_pro,r1-distill-llama-8b,mmlu_pro_test_06476,0,0.692458,4
mmlu_pro,r1-distill-llama-8b,mmlu_pro_test_03128,1,0.614036,1
mmlu_pro,r1-distill-llama-8b,mmlu_pro_test_06423,0,0.395729,5
mmlu_pro,r1-distill-llama-8b,mmlu_pro_test_02619,0,0.517001,2
mmlu_pro,r1-distill-llama-8b,mmlu_pro_test_07547,0,0.632382,5
mmlu_pro,r1-distill-llama-8b,mmlu_pro_test_03546,1,0.485132,4
mmlu_pro,r1-distill-llama-8b,mmlu_pro_test_05346,0,0.156526,4
mmlu_pro,r1-distill-llama-8b,mmlu_pro_test_02989,1,0.259107,1
mmlu_pro,r1-distill-llama-8b,mmlu_pro_test_01054,0,0.248837,4
mmlu_pro,r1-distill-llama-8b,mmlu_pro_test_07105,0,0.358049,3
mmlu_pro,r1-distill-llama-8b,mmlu_pro_test_03107,1,0.478862,1
mmlu_pro,r1-distill-llama-8b,mmlu_pro_test_10696,0,0.566835,4
mmlu_pro,r1-distill-llama-8b,mmlu_pro_test_02622,1,0.197773,3
mmlu_pro,r1-distill-llama-8b,mmlu_pro_test_02098,1,0.820402,3
mmlu_pro,r1-distill-llama-8b,mmlu_pro_test_01873,0,0.472867,4
mmlu_pro,r1-distill-llama-8b,mmlu_pro_test_02310,1,0.396913,3
mmlu_pro,r1-distill-llama-8b,mmlu_pro_test_04768,0,0.370539,2
mmlu_pro,r1-distill-llama-8b,mmlu_pro_test_00538,1,0.754801,5
mmlu_pro,r1-distill-llama-8b,mmlu_pro_test_08558,1,0.468405,4
mmlu_pro,r1-distill-llama-8b,mmlu_pro_test_02212,1,0.600612,5
mmlu_pro,r1-distill-llama-8b,mmlu_pro_test_00294,0,0.391717,3
mmlu_pro,r1-distill-llama-8b,mmlu_pro_test_01352,0,0.275185,1
mmlu_pro,r1-distill-llama-8b,mmlu_pro_test_10274,0,0.302352,2
mmlu_pro,r1-distill-llama-8b,mmlu_pro_test_00677,1,0.569053,1
mmlu_pro,r1-distill-llama-8b,mmlu_pro_test_06106,1,0.455927,5
mmlu_pro,r1-distill-llama-8b,mmlu_pro_test_01153,0,0.427727,1
mmlu_pro,r1-distill-llama-8b,mmlu_pro_test_10822,0,0.125873,3
mmlu_pro,r1-distill-llama-8b,mmlu_pro_test_00244,0,0.295484,1
mmlu_pro,r1-distill-llama-8b,mmlu_pro_test_05645,1,0.477528,4
mmlu_pro,r1-distill-llama-8b,mmlu_pro_test_01750,0,0.368533,1
mmlu_pro,r1-distill-llama-8b,mmlu_pro_test_01875,0,0.106417,5
mmlu_pro,r1-distill-llama-8b,mmlu_pro_test_01105,0,0.349359,1
mmlu_pro,r1-distill-llama-8b,mmlu_pro_test_03360,1,0.619926,2
mmlu_pro,r1-distill-llama-8b,mmlu_pro_test_01281,0,0.401663,5
mmlu_pro,r1-distill-llama-8b,mmlu_pro_test_06933,1,0.672611,3
mmlu_pro,r1-distill-llama-8b,mmlu_pro_test_01741,0,0.043796,2
mmlu_pro,r1-distill-llama-8b,mmlu_pro_test_07745,0,0.467965,5
mmlu_pro,r1-distill-llama-8b,mmlu_pro_test_05863,0,0.386386,5
mmlu_pro,r1-distill-llama-8b,mmlu_pro_test_00578,0,0.835443,4
mmlu_pro,r1-distill-llama-8b,mmlu_pro_test_01634,0,0.339552,3
mmlu_pro,r1-distill-llama-8b,mmlu_pro_test_01115,0,0.70998,3
mmlu_pro,r1-distill-llama-8b,mmlu_pro_test_01088,0,0.344203,5
mmlu_pro,r1-distill-llama-8b,mmlu_pro_test_09247,1,0.57473,5
mmlu_pro,r1-distill-llama-8b,mmlu_pro_test_00943,0,0.551249,2
mmlu_pro,r1-distill-llama-8b,mmlu_pro_test_05483,1,0.31172,1
mmlu_pro,r1-distill-llama-8b,mmlu_pro_test_00881,1,0.584191,2
mmlu_pro,r1-distill-llama-8b,mmlu_pro_test_06356,0,0.264896,2
mmlu_pro,r1-distill-llama-8b,mmlu_pro_test_05571,0,0.317302,2
mmlu_pro,r1-distill-llama-8b,mmlu_pro_test_05042,0,0.863553,3
mmlu_pro,r1-distill-llama-8b,mmlu_pro_test_06964,1,0.593382,5
mmlu_pro,r1-distill-llama-8b,mmlu_pro_test_06324,0,0.461202,5
mmlu_pro,r1-distill-llama-8b,mmlu_pro_test_11328,1,0.547991,4
mmlu_pro,r1-distill-llama-8b,mmlu_pro_test_10848,0,0.308846,1
mmlu_pro,r1-distill-llama-8b,mmlu_pro_test_09027,0,0.572736,3
mmlu_pro,r1-distill-llama-8b,mmlu_pro_test_06780,1,0.372973,4
mmlu_pro,r1-distill-llama-8b,mmlu_pro_test_06430,0,0.335889,2
mmlu_pro,r1-distill-llama-8b,mmlu_pro_test_09215,1,0.611973,5
mmlu_pro,r1-distill-llama-8b,mmlu_pro_test_08916,0,0.831974,3
mmlu_pro,r1-distill-llama-8b,mmlu_pro_test_03285,1,0.550351,3
mmlu_pro,r1-distill-llama-8b,mmlu_pro_test_07952,0,0.743559,3
mmlu_pro,r1-distill-llama-8b,mmlu_pro_test_02613,1,0.464594,3
mmlu_pro,r1-distill-llama-8b,mmlu_pro_test_07051,1,0.57492,2
mmlu_pro,r1-distill-llama-8b,mmlu_pro_test_06654,1,0.397576,3
mmlu_pro,r1-distill-llama-8b,mmlu_pro_test_08077,1,0.659088,4
mmlu_pro,r1-distill-llama-8b,mmlu_pro_test_02376,0,0.516629,2
mmlu_pro,r1-distill-llama-8b,mmlu_pro_test_10943,0,0.589286,1
mmlu_pro,r1-distill-llama-8b,mmlu_pro_test_01822,0,0.152904,1
mmlu_pro,r1-distill-llama-8b,mmlu_pro_test_08513,1,0.729658,2
mmlu_pro,r1-distill-llama-8b,mmlu_pro_test_06409,1,0.454357,3
mmlu_pro,r1-distill-llama-8b,mmlu_pro_test_05509,1,0.583211,2
mmlu_pro,r1-distill-llama-8b,mmlu_pro_test_07012,0,0.551431,3
mmlu_pro,r1-distill-llama-8b,mmlu_pro_test_07233,1,0.697616,4
mmlu_pro,r1-distill-llama-8b,mmlu_pro_test_04296,1,0.605234,2
mmlu_pro,r1-distill-llama-8b,mmlu_pro_test_02676,1,0.467119,1
mmlu_pro,r1-distill-llama-8b,mmlu_pro_test_07131,0,0.735627,3
mmlu_pro,r1-distill-llama-8b,mmlu_pro_test_03420,0,0.432465,2
mmlu_pro,r1-distill-llama-8b,mmlu_pro_test_07275,1,0.566326,4
mmlu_pro,r1-distill-llama-8b,mmlu_pro_test_10194,0,0.439706,2
mmlu_pro,r1-distill-llama-8b,mmlu_pro_test_07176,1,0.467511,2
mmlu_pro,r1-distill-llama-8b,mmlu_pro_test_00102,1,0.552914,2
mmlu_pro,r1-distill-llama-8b,mmlu_pro_test_01799,1,0.38574,3
mmlu_pro,r1-distill-llama-8b,mmlu_pro_test_06147,0,0.444655,4
mmlu_pro,r1-distill-llama-8b,mmlu_pro_test_02443,1,0.68483,2
mmlu_pro,r1-distill-llama-8b,mmlu_pro_test_05266,0,0.693614,1
mmlu_pro,r1-distill-llama-8b,mmlu_pro_test_05079,1,0.459313,1
mmlu_pro,r1-distill-llama-8b,mmlu_pro_test_07712,1,0.521294,3
mmlu_pro,r1-distill-llama-8b,mmlu_pro_test_07938,0,0.368973,1
mmlu_pro,r1-distill-llama-8b,mmlu_pro_test_10854,1,0.611978,5
mmlu_pro,r1-distill-llama-8b,mmlu_pro_test_02199,0,0.615625,3
mmlu_pro,r1-distill-llama-8b,mmlu_pro_test_00801,0,0.064326,5
mmlu_pro,r1-distill-llama-8b,mmlu_pro_test_04601,0,0.252821,5
mmlu_pro,r1-distill-llama-8b,mmlu_pro_test_06758,1,0.70058,5
mmlu_pro,r1-distill-llama-8b,mmlu_pro_test_05350,0,0.339924,2
mmlu_pro,r1-distill-llama-8b,mmlu_pro_test_02247,1,0.582627,4
mmlu_pro,r1-distill-llama-8b,mmlu_pro_test_01490,0,0.41633,2
mmlu_pro,r1-distill-llama-8b,mmlu_pro_test_00144,1,0.662757,4
mmlu_pro,r1-distill-llama-8b,mmlu_pro_test_03337,0,0.641803,2
mmlu_pro,r1-distill-llama-8b,mmlu_pro_test_05298,0,0.408434,1
mmlu_pro,r1-distill-llama-8b,mmlu_pro_test_02279,1,0.566538,2
mmlu_pro,r1-distill-llama-8b,mmlu_pro_test_06777,1,0.463268,2
mmlu_pro,r1-distill-llama-8b,mmlu_pro_test_03188,0,0.653204,3
mmlu_pro,r1-distill-llama-8b,mmlu_pro_test_04250,1,0.480503,4
mmlu_pro,r1-distill-llama-8b,mmlu_pro_test_01250,0,0.554472,3
mmlu_pro,r1-distill-llama-8b,mmlu_pro_test_02173,0,0.556403,4
mmlu_pro,r1-distill-llama-8b,mmlu_pro_test_00728,1,0.500661,5
mmlu_pro,r1-distill-llama-8b,mmlu_pro_test_01919,0,0.399953,5
mmlu_pro,r1-distill-llama-8b,mmlu_pro_test_05840,0,0.548857,1
mmlu_pro,r1-distill-llama-8b,mmlu_pro_test_10423,1,0.629802,5
mmlu_pro,r1-distill-llama-8b,mmlu_pro_test_05818,0,0.580867,4
mmlu_pro,r1-distill-llama-8b,mmlu_pro_test_10067,1,0.598542,5
mmlu_pro,r1-distill-llama-8b,mmlu_pro_test_08111,1,0.65291,4
mmlu_pro,r1-distill-llama-8b,mmlu_pro_test_05926,0,0.155849,2
mmlu_pro,r1-distill-llama-8b,mmlu_pro_test_00751,0,0.604061,4
mmlu_pro,r1-distill-llama-8b,mmlu_pro_test_10827,1,0.629006,4
mmlu_pro,r1-distill-llama-8b,mmlu_pro_test_08788,0,0.539457,3
mmlu_pro,r1-distill-llama-8b,mmlu_pro_test_00644,1,0.798178,4
mmlu_pro,r1-distill-llama-8b,mmlu_pro_test_01205,1,0.541819,1
mmlu_pro,r1-distill-llama-8b,mmlu_pro_test_05689,0,0.342508,2
mmlu_pro,r1-distill-llama-8b,mmlu_pro_test_05010,0,0.580657,5
mmlu_pro,r1-distill-llama-8b,mmlu_pro_test_05512,0,0.22982,5
mmlu_pro,r1-distill-llama-8b,mmlu_pro_test_06901,1,0.719237,2
mmlu_pro,r1-distill-llama-8b,mmlu_pro_test_04665,1,0.708305,2
mmlu_pro,r1-distill-llama-8b,mmlu_pro_test_06854,0,0.397707,4
mmlu_pro,r1-distill-llama-8b,mmlu_pro_test_02874,0,0.502189,5
mmlu_pro,r1-distill-llama-8b,mmlu_pro_test_11021,1,0.484588,1
mmlu_pro,r1-distill-llama-8b,mmlu_pro_test_06497,1,0.509634,4
mmlu_pro,r1-distill-llama-8b,mmlu_pro_test_08694,1,0.536233,4
mmlu_pro,r1-distill-llama-8b,mmlu_pro_test_05696,0,0.574456,3
mmlu_pro,r1-distill-llama-8b,mmlu_pro_test_07437,1,0.516005,2
mmlu_pro,r1-distill-llama-8b,mmlu_pro_test_01831,0,0.571837,4
mmlu_pro,r1-distill-llama-8b,mmlu_pro_test_02148,1,0.518019,3
mmlu_pro,r1-distill-llama-8b,mmlu_pro_test_00219,1,0.369963,3
mmlu_pro,r1-distill-llama-8b,mmlu_pro_test_01532,1,0.479216,5
mmlu_pro,r1-distill-llama-8b,mmlu_pro_test_03087,1,0.534911,5
mmlu_pro,r1-distill-llama-8b,mmlu_pro_test_07100,1,0.599636,2
mmlu_pro,r1-distill-llama-8b,mmlu_pro_test_09170,1,0.689302,4
mmlu_pro,r1-distill-llama-8b,mmlu_pro_test_04309,1,0.829178,3
mmlu_pro,r1-distill-llama-8b,mmlu_pro_test_08993,1,0.718949,5
mmlu_pro,r1-distill-llama-8b,mmlu_pro_test_10113,1,0.419385,5
mmlu_pro,r1-distill-llama-8b,mmlu_pro_test_08399,1,0.695237,1
mmlu_pro,r1-distill-llama-8b,mmlu_pro_test_01252,0,0.418121,4
mmlu_pro,r1-distill-llama-8b,mmlu_pro_test_02171,0,0.58836,1
mmlu_pro,r1-distill-llama-8b,mmlu_pro_test_07031,1,0.59343,5
mmlu_pro,r1-distill-llama-8b,mmlu_pro_test_11015,0,0.345399,4
mmlu_pro,r1-distill-llama-8b,mmlu_pro_test_06831,1,0.587068,2
mmlu_pro,r1-distill-llama-8b,mmlu_pro_test_09713,1,0.536991,2
mmlu_pro,r1-distill-llama-8b,mmlu_pro_test_05195,1,0.199674,4
mmlu_pro,r1-distill-llama-8b,mmlu_pro_test_08685,0,0.640466,5
mmlu_pro,r1-distill-llama-8b,mmlu_pro_test_04928,1,0.476122,3
mmlu_pro,r1-distill-llama-8b,mmlu_pro_test_01141,0,0.319732,4
mmlu_pro,r1-distill-llama-8b,mmlu_pro_test_06313,1,0.680488,2
mmlu_pro,r1-distill-llama-8b,mmlu_pro_test_06295,0,0.395197,3
mmlu_pro,r1-distill-llama-8b,mmlu_pro_test_08122,1,0.775386,1
mmlu_pro,r1-distill-llama-8b,mmlu_pro_test_00811,1,0.422331,3
mmlu_pro,r1-distill-llama-8b,mmlu_pro_test_06830,1,0.794772,2
mmlu_pro,r1-distill-llama-8b,mmlu_pro_test_02011,0,0.611855,1
mmlu_pro,r1-distill-llama-8b,mmlu_pro_test_01134,0,0.265389,4
mmlu_pro,r1-distill-llama-8b,mmlu_pro_test_01760,0,0.667983,3
mmlu_pro,r1-distill-llama-8b,mmlu_pro_test_09123,0,0.708428,3
mmlu_pro,r1-distill-llama-8b,mmlu_pro_test_04867,0,0.545026,2
mmlu_pro,r1-distill-llama-8b,mmlu_pro_test_00329,1,0.571434,1
mmlu_pro,r1-distill-llama-8b,mmlu_pro_test_01736,1,0.595546,3
mmlu_pro,r1-distill-llama-8b,mmlu_pro_test_04974,1,0.569103,5
mmlu_pro,r1-distill-llama-8b,mmlu_pro_test_04929,1,0.632956,3
mmlu_pro,r1-distill-llama-8b,mmlu_pro_test_00906,0,0.337406,3
mmlu_pro,r1-distill-llama-8b,mmlu_pro_test_04603,0,0.427771,2
mmlu_pro,r1-distill-llama-8b,mmlu_pro_test_06663,0,0.390545,5
mmlu_pro,r1-distill-llama-8b,mmlu_pro_test_05202,1,0.487566,3
mmlu_pro,r1-distill-llama-8b,mmlu_pro_test_07832,1,0.583072,5
mmlu_pro,r1-distill-llama-8b,mmlu_pro_test_06787,1,0.620498,3
mmlu_pro,r1-distill-llama-8b,mmlu_pro_test_03436,1,0.636712,3
mmlu_pro,r1-distill-llama-8b,mmlu_pro_test_05678,0,0.499369,5
mmlu_pro,r1-distill-llama-8b,mmlu_pro_test_11904,0,0.197372,3
mmlu_pro,r1-distill-llama-8b,mmlu_pro_test_06424,0,0.533994,3
mmlu_pro,r1-distill-llama-8b,mmlu_pro_test_02283,0,0.479911,4
mmlu_pro,r1-distill-llama-8b,mmlu_pro_test_01003,0,0.010083,1
mmlu_pro,r1-distill-llama-8b,mmlu_pro_test_10324,0,0.66035,2
mmlu_pro,r1-distill-llama-8b,mmlu_pro_test_11346,1,0.240663,3
mmlu_pro,r1-distill-llama-8b,mmlu_pro_test_03182,1,0.722299,1
mmlu_pro,r1-distill-llama-8b,mmlu_pro_test_08688,0,0.717771,3
mmlu_pro,r1-distill-llama-8b,mmlu_pro_test_05109,0,0.505302,3
mmlu_pro,r1-distill-llama-8b,mmlu_pro_test_10163,0,0.674105,2
mmlu_pro,r1-distill-llama-8b,mmlu_pro_test_11639,1,0.806089,4
mmlu_pro,r1-distill-llama-8b,mmlu_pro_test_06451,0,0.584107,4
mmlu_pro,r1-distill-llama-8b,mmlu_pro_test_00836,0,0.733018,5
mmlu_pro,r1-distill-llama-8b,mmlu_pro_test_08372,1,0.66352,4
mmlu_pro,r1-distill-llama-8b,mmlu_pro_test_01355,0,0.541854,3
mmlu_pro,r1-distill-llama-8b,mmlu_pro_test_10802,0,0.341493,2
mmlu_pro,r1-distill-llama-8b,mmlu_pro_test_00880,0,0.431116,1
mmlu_pro,r1-distill-llama-8b,mmlu_pro_test_03601,1,0.552383,1
mmlu_pro,r1-distill-llama-8b,mmlu_pro_test_09942,0,0.592238,2
mmlu_pro,r1-distill-llama-8b,mmlu_pro_test_06822,0,0.542132,5
mmlu_pro,r1-distill-llama-8b,mmlu_pro_test_05452,0,0.489272,2
mmlu_pro,r1-distill-llama-8b,mmlu_pro_test_09544,1,0.690896,2
mmlu_pro,r1-distill-llama-8b,mmlu_pro_test_00425,1,0.532992,5
mmlu_pro,r1-distill-llama-8b,mmlu_pro_test_02544,1,0.459366,2
mmlu_pro,r1-distill-llama-8b,mmlu_pro_test_08699,1,0.853433,5
mmlu_pro,r1-distill-llama-8b,mmlu_pro_test_03795,1,0.760641,4
mmlu_pro,r1-distill-llama-8b,mmlu_pro_test_06341,1,0.592748,4
mmlu_pro,r1-distill-llama-8b,mmlu_pro_test_06977,0,0.340391,3
mmlu_pro,r1-distill-llama-8b,mmlu_pro_test_06331,1,0.42127,1
mmlu_pro,r1-distill-llama-8b,mmlu_pro_test_06905,0,0.504063,4
mmlu_pro,r1-distill-llama-8b,mmlu_pro_test_02285,0,0.668936,3
mmlu_pro,r1-distill-llama-8b,mmlu_pro_test_11020,0,0.350196,4
mmlu_pro,r1-distill-llama-8b,mmlu_pro_test_05679,0,0.535658,4
mmlu_pro,r1-distill-llama-8b,mmlu_pro_test_06517,0,0.517979,2
mmlu_pro,r1-distill-llama-8b,mmlu_pro_test_03061,1,0.493722,4
mmlu_pro,r1-distill-llama-8b,mmlu_pro_test_10973,0,0.479368,4
mmlu_pro,r1-distill-llama-8b,mmlu_pro_test_09801,1,0.462919,4
mmlu_pro,r1-distill-llama-8b,mmlu_pro_test_02225,1,0.558817,2
mmlu_pro,r1-distill-llama-8b,mmlu_pro_test_00940,0,0.327822,2
mmlu_pro,r1-distill-llama-8b,mmlu_pro_test_06579,0,0.663743,4
mmlu_pro,r1-distill-llama-8b,mmlu_pro_test_08275,1,0.399241,2
mmlu_pro,r1-distill-llama-8b,mmlu_pro_test_09550,0,0.527985,3
mmlu_pro,r1-distill-llama-8b,mmlu_pro_test_02498,1,0.597824,1
mmlu_pro,r1-distill-llama-8b,mmlu_pro_test_09911,1,0.450316,2
mmlu_pro,r1-distill-llama-8b,mmlu_pro_test_01960,1,0.317903,1
mmlu_pro,r1-distill-llama-8b,mmlu_pro_test_10708,1,0.412399,3
mmlu_pro,r1-distill-llama-8b,mmlu_pro_test_02841,0,0.653588,1
mmlu_pro,r1-distill-llama-8b,mmlu_pro_test_11547,0,0.590519,1
mmlu_pro,r1-distill-llama-8b,mmlu_pro_test_07857,1,0.824363,5
mmlu_pro,r1-distill-llama-8b,mmlu_pro_test_06513,1,0.330155,2
mmlu_pro,r1-distill-llama-8b,mmlu_pro_test_07069,1,0.75291,1
mmlu_pro,r1-distill-llama-8b,mmlu_pro_test_00479,0,0.20724,1
mmlu_pro,r1-distill-llama-8b,mmlu_pro_test_03955,1,0.682958,2
mmlu_pro,r1-distill-llama-8b,mmlu_pro_test_05605,0,0.405016,3
mmlu_pro,r1-distill-llama-8b,mmlu_pro_test_07246,1,0.530933,3
mmlu_pro,r1-distill-llama-8b,mmlu_pro_test_02726,0,0.58843,4
mmlu_pro,r1-distill-llama-8b,mmlu_pro_test_03025,1,0.653494,2
mmlu_pro,r1-distill-llama-8b,mmlu_pro_test_04032,0,0.28571,3
mmlu_pro,r1-distill-llama-8b,mmlu_pro_test_04556,0,0.445172,4
mmlu_pro,r1-distill-llama-8b,mmlu_pro_test_00159,0,0.677793,1
mmlu_pro,r1-distill-llama-8b,mmlu_pro_test_10348,0,0.388675,2
mmlu_pro,r1-distill-llama-8b,mmlu_pro_test_01626,1,0.366877,1
mmlu_pro,r1-distill-llama-8b,mmlu_pro_test_10350,0,0.595621,4
mmlu_pro,r1-distill-llama-8b,mmlu_pro_test_03055,1,0.657305,1
mmlu_pro,r1-distill-llama-8b,mmlu_pro_test_00636,1,0.526602,3
mmlu_pro,r1-distill-llama-8b,mmlu_pro_test_00277,1,0.643769,5
mmlu_pro,r1-distill-llama-8b,mmlu_pro_test_00288,1,0.435563,3
mmlu_pro,r1-distill-llama-8b,mmlu_pro_test_11665,0,0.600661,4
mmlu_pro,r1-distill-llama-8b,mmlu_pro_test_06037,0,0.456655,1
mmlu_pro,r1-distill-llama-8b,mmlu_pro_test_10887,0,0.238496,2
mmlu_pro,r1-distill-llama-8b,mmlu_pro_test_07156,0,0.333345,4
mmlu_pro,r1-distill-llama-8b,mmlu_pro_test_02540,1,0.449364,3
mmlu_pro,r1-distill-llama-8b,mmlu_pro_test_06076,1,0.390269,5
mmlu_pro,r1-distill-llama-8b,mmlu_pro_test_00886,0,0.302986,3
mmlu_pro,r1-distill-llama-8b,mmlu_pro_test_01537,0,0.383342,1
mmlu_pro,r1-distill-llama-8b,mmlu_pro_test_09637,0,0.631093,5
mmlu_pro,r1-distill-llama-8b,mmlu_pro_test_00900,0,0.600004,3
mmlu_pro,r1-distill-llama-8b,mmlu_pro_test_10222,1,0.470172,5
mmlu_pro,r1-distill-llama-8b,mmlu_pro_test_08932,0,0.344302,4
mmlu_pro,r1-distill-llama-8b,mmlu_pro_test_01482,0,0.196457,1
mmlu_pro,r1-distill-llama-8b,mmlu_pro_test_05997,0,0.631949,5
mmlu_pro,r1-distill-llama-8b,mmlu_pro_test_03206,1,0.737701,1
mmlu_pro,r1-distill-llama-8b,mmlu_pro_test_03219,1,0.723901,2
mmlu_pro,r1-distill-llama-8b,mmlu_pro_test_06239,1,0.682112,2
mmlu_pro,r1-distill-llama-8b,mmlu_pro_test_11431,1,0.731494,2
mmlu_pro,r1-distill-llama-8b,mmlu_pro_test_01772,1,0.297613,4
mmlu_pro,r1-distill-llama-8b,mmlu_pro_test_04910,0,0.558848,5
mmlu_pro,r1-distill-llama-8b,mmlu_pro_test_04765,1,0.702286,4
mmlu_pro,r1-distill-llama-8b,mmlu_pro_test_03207,1,0.66997,1
mmlu_pro,r1-distill-llama-8b,mmlu_pro_test_05102,1,0.666829,4
mmlu_pro,r1-distill-llama-8b,mmlu_pro_test_08269,0,0.769344,2
mmlu_pro,r1-distill-llama-8b,mmlu_pro_test_09488,0,0.190766,5
mmlu_pro,r1-distill-llama-8b,mmlu_pro_test_01019,0,0.169145,2
mmlu_pro,r1-distill-llama-8b,mmlu_pro_test_06772,1,0.442084,3
mmlu_pro,r1-distill-llama-8b,mmlu_pro_test_09129,0,0.246814,3
mmlu_pro,r1-distill-llama-8b,mmlu_pro_test_05528,1,0.492118,3
mmlu_pro,r1-distill-llama-8b,mmlu_pro_test_00467,0,0.556013,2
mmlu_pro,r1-distill-llama-8b,mmlu_pro_test_01400,1,0.737915,5
mmlu_pro,r1-distill-llama-8b,mmlu_pro_test_00792,0,0.308129,1
mmlu_pro,r1-distill-llama-8b,mmlu_pro_test_09177,1,0.492293,5
mmlu_pro,r1-distill-llama-8b,mmlu_pro_test_08481,0,0.150515,2
mmlu_pro,r1-distill-llama-8b,mmlu_pro_test_06546,1,0.563027,2
mmlu_pro,r1-distill-llama-8b,mmlu_pro_test_05897,1,0.6891,3
mmlu_pro,r1-distill-llama-8b,mmlu_pro_test_11008,0,0.482527,3
mmlu_pro,r1-distill-llama-8b,mmlu_pro_test_03402,0,0.575534,5
mmlu_pro,r1-distill-llama-8b,mmlu_pro_test_09827,1,0.513642,5
mmlu_pro,r1-distill-llama-8b,mmlu_pro_test_04611,1,0.214002,5
mmlu_pro,r1-distill-llama-8b,mmlu_pro_test_00045,0,0.369547,4
mmlu_pro,r1-distill-llama-8b,mmlu_pro_test_07164,1,0.447427,5
mmlu_pro,r1-distill-llama-8b,mmlu_pro_test_02203,1,0.496931,1
mmlu_pro,r1-distill-llama-8b,mmlu_pro_test_09735,1,0.516113,3
mmlu_pro,r1-distill-llama-8b,mmlu_pro_test_03172,1,0.731003,1
mmlu_pro,r1-distill-llama-8b,mmlu_pro_test_05757,1,0.360934,5
mmlu_pro,r1-distill-llama-8b,mmlu_pro_test_06448,1,0.480285,1
mmlu_pro,r1-distill-llama-8b,mmlu_pro_test_07928,0,0.067915,5
mmlu_pro,r1-distill-llama-8b,mmlu_pro_test_10412,1,0.582023,2
mmlu_pro,r1-distill-llama-8b,mmlu_pro_test_06074,0,0.531216,1
mmlu_pro,r1-distill-llama-8b,mmlu_pro_test_05699,0,0.483641,5
mmlu_pro,r1-distill-llama-8b,mmlu_pro_test_02130,0,0.468071,4
mmlu_pro,r1-distill-llama-8b,mmlu_pro_test_02136,1,0.254176,5
mmlu_pro,r1-distill-llama-8b,mmlu_pro_test_02648,1,0.447734,2
mmlu_pro,r1-distill-llama-8b,mmlu_pro_test_11234,1,0.6173,5
mmlu_pro,r1-distill-llama-8b,mmlu_pro_test_05457,0,0.437643,5
mmlu_pro,r1-distill-llama-8b,mmlu_pro_test_08440,1,0.531566,4
mmlu_pro,r1-distill-llama-8b,mmlu_pro_test_02528,1,0.599831,2
mmlu_pro,r1-distill-llama-8b,mmlu_pro_test_07942,0,0.671218,1
mmlu_pro,r1-distill-llama-8b,mmlu_pro_test_03933,1,0.650635,1
mmlu_pro,r1-distill-llama-8b,mmlu_pro_test_10752,1,0.531596,2
mmlu_pro,r1-distill-llama-8b,mmlu_pro_test_05534,0,0.239737,4
mmlu_pro,r1-distill-llama-8b,mmlu_pro_test_01966,0,0.388127,1
mmlu_pro,r1-distill-llama-8b,mmlu_pro_test_10184,1,0.682287,5
mmlu_pro,r1-distill-llama-8b,mmlu_pro_test_05853,0,0.454045,3
mmlu_pro,r1-distill-llama-8b,mmlu_pro_test_08957,1,0.665294,1
mmlu_pro,r1-distill-llama-8b,mmlu_pro_test_08140,1,0.595106,4
mmlu_pro,r1-distill-llama-8b,mmlu_pro_test_01495,0,0.523487,1
mmlu_pro,r1-distill-llama-8b,mmlu_pro_test_00127,1,0.533438,2
mmlu_pro,r1-distill-llama-8b,mmlu_pro_test_06648,0,0.063959,4
mmlu_pro,r1-distill-llama-8b,mmlu_pro_test_01340,1,0.335404,5
mmlu_pro,r1-distill-llama-8b,mmlu_pro_test_07044,1,0.568641,5
mmlu_pro,r1-distill-llama-8b,mmlu_pro_test_04858,1,0.604298,1
mmlu_pro,r1-distill-llama-8b,mmlu_pro_test_05115,0,0.807861,3
mmlu_pro,r1-distill-llama-8b,mmlu_pro_test_04473,1,0.687052,2
mmlu_pro,r1-distill-llama-8b,mmlu_pro_test_05391,1,0.163119,5
mmlu_pro,r1-distill-llama-8b,mmlu_pro_test_08620,1,0.761614,4
mmlu_pro,r1-distill-llama-8b,mmlu_pro_test_06792,1,0.649906,5
mmlu_pro,r1-distill-llama-8b,mmlu_pro_test_05086,1,0.424501,5
mmlu_pro,r1-distill-llama-8b,mmlu_pro_test_02357,1,0.556831,4
mmlu_pro,r1-distill-llama-8b,mmlu_pro_test_09754,0,0.63915,4
mmlu_pro,r1-distill-llama-8b,mmlu_pro_test_05867,0,0.332339,5
mmlu_pro,r1-distill-llama-8b,mmlu_pro_test_07850,0,0.83615,3
mmlu_pro,r1-distill-llama-8b,mmlu_pro_test_04159,1,0.657724,5
mmlu_pro,r1-distill-llama-8b,mmlu_pro_test_02630,0,0.356704,2
mmlu_pro,r1-distill-llama-8b,mmlu_pro_test_08607,1,0.093899,3
mmlu_pro,r1-distill-llama-8b,mmlu_pro_test_06300,1,0.509157,3
mmlu_pro,r1-distill-llama-8b,mmlu_pro_test_10202,1,0.646493,4
mmlu_pro,r1-distill-llama-8b,mmlu_pro_test_01890,0,0.458889,3
mmlu_pro,r1-distill-llama-8b,mmlu_pro_test_05206,0,0.550423,3
mmlu_pro,r1-distill-llama-8b,mmlu_pro_test_00914,0,0.484132,5
mmlu_pro,r1-distill-llama-8b,mmlu_pro_test_07132,1,0.153895,2
mmlu_pro,r1-distill-llama-8b,mmlu_pro_test_07394,0,0.08899,1
mmlu_pro,r1-distill-llama-8b,mmlu_pro_test_10683,0,0.454301,2
mmlu_pro,r1-distill-llama-8b,mmlu_pro_test_02152,1,0.732226,4
mmlu_pro,r1-distill-llama-8b,mmlu_pro_test_07211,1,0.627411,5
mmlu_pro,r1-distill-llama-8b,mmlu_pro_test_10517,1,0.514385,1
mmlu_pro,r1-distill-llama-8b,mmlu_pro_test_06614,0,0.229565,5
mmlu_pro,r1-distill-llama-8b,mmlu_pro_test_02366,1,0.525322,2
mmlu_pro,r1-distill-llama-8b,mmlu_pro_test_02737,1,0.585788,5
mmlu_pro,r1-distill-llama-8b,mmlu_pro_test_07567,1,0.83929,4
mmlu_pro,r1-distill-llama-8b,mmlu_pro_test_05495,0,0.254783,2
mmlu_pro,r1-distill-llama-8b,mmlu_pro_test_02371,1,0.552338,1
mmlu_pro,r1-distill-llama-8b,mmlu_pro_test_02003,1,0.281358,2
mmlu_pro,r1-distill-llama-8b,mmlu_pro_test_04589,0,0.476528,1
mmlu_pro,r1-distill-llama-8b,mmlu_pro_test_01861,0,0.58883,4
mmlu_pro,r1-distill-llama-8b,mmlu_pro_test_00991,0,0.502046,3
mmlu_pro,r1-distill-llama-8b,mmlu_pro_test_06894,1,0.633132,2
mmlu_pro,r1-distill-llama-8b,mmlu_pro_test_10841,0,0.36023,1
mmlu_pro,r1-distill-llama-8b,mmlu_pro_test_06000,0,0.401781,3
mmlu_pro,r1-distill-llama-8b,mmlu_pro_test_07453,1,0.51817,2
mmlu_pro,r1-distill-llama-8b,mmlu_pro_test_06357,1,0.704646,3
mmlu_pro,r1-distill-llama-8b,mmlu_pro_test_10158,0,0.31432,5
mmlu_pro,r1-distill-llama-8b,mmlu_pro_test_02333,1,0.454243,4
mmlu_pro,r1-distill-llama-8b,mmlu_pro_test_02232,0,0.279006,4
mmlu_pro,r1-distill-llama-8b,mmlu_pro_test_07000,0,0.467349,3
mmlu_pro,r1-distill-llama-8b,mmlu_pro_test_03907,0,0.717126,1
mmlu_pro,r1-distill-llama-8b,mmlu_pro_test_02107,0,0.472521,5
mmlu_pro,r1-distill-llama-8b,mmlu_pro_test_08787,0,0.223054,2
mmlu_pro,r1-distill-llama-8b,mmlu_pro_test_07805,1,0.623018,2
mmlu_pro,r1-distill-llama-8b,mmlu_pro_test_05034,0,0.301006,2
mmlu_pro,r1-distill-llama-8b,mmlu_pro_test_08825,1,0.46812,4
mmlu_pro,r1-distill-llama-8b,mmlu_pro_test_07283,1,0.697134,3
mmlu_pro,r1-distill-llama-8b,mmlu_pro_test_02395,1,0.483196,3
mmlu_pro,r1-distill-llama-8b,mmlu_pro_test_05937,1,0.486284,1
mmlu_pro,r1-distill-llama-8b,mmlu_pro_test_04859,1,0.513879,2
mmlu_pro,r1-distill-llama-8b,mmlu_pro_test_08852,1,0.660157,1
mmlu_pro,r1-distill-llama-8b,mmlu_pro_test_01974,1,0.557531,3
mmlu_pro,r1-distill-llama-8b,mmlu_pro_test_01952,1,0.639336,1
mmlu_pro,r1-distill-llama-8b,mmlu_pro_test_00712,1,0.408696,1
mmlu_pro,r1-distill-llama-8b,mmlu_pro_test_10743,0,0.38913,4
mmlu_pro,r1-distill-llama-8b,mmlu_pro_test_08477,1,0.73752,3
mmlu_pro,r1-distill-llama-8b,mmlu_pro_test_02993,1,0.547429,2
mmlu_pro,r1-distill-llama-8b,mmlu_pro_test_01650,0,0.344356,4
mmlu_pro,r1-distill-llama-8b,mmlu_pro_test_00055,0,0.155404,1
mmlu_pro,r1-distill-llama-8b,mmlu_pro_test_02795,0,0.602484,5
mmlu_pro,r1-distill-llama-8b,mmlu_pro_test_06138,0,0.500693,5
mmlu_pro,r1-distill-llama-8b,mmlu_pro_test_10870,0,0.371281,5
mmlu_pro,r1-distill-llama-8b,mmlu_pro_test_04614,0,0.691631,4
mmlu_pro,r1-distill-llama-8b,mmlu_pro_test_04206,0,0.13596,1
mmlu_pro,r1-distill-llama-8b,mmlu_pro_test_05338,0,0.370392,1
mmlu_pro,r1-distill-llama-8b,mmlu_pro_test_05627,0,0.569715,2
mmlu_pro,r1-distill-llama-8b,mmlu_pro_test_04829,0,0.323019,5
mmlu_pro,r1-distill-llama-8b,mmlu_pro_test_11045,0,0.594471,4
mmlu_pro,r1-distill-llama-8b,mmlu_pro_test_01830,0,0.386492,5
mmlu_pro,r1-distill-llama-8b,mmlu_pro_test_10060,0,0.623663,4
mmlu_pro,r1-distill-llama-8b,mmlu_pro_test_00929,0,0.386774,3
mmlu_pro,r1-distill-llama-8b,mmlu_pro_test_02272,1,0.580347,1
mmlu_pro,r1-distill-llama-8b,mmlu_pro_test_01432,0,0.057392,1
mmlu_pro,r1-distill-llama-8b,mmlu_pro_test_08065,1,0.83034,3
mmlu_pro,r1-distill-llama-8b,mmlu_pro_test_08178,0,0.224921,4
mmlu_pro,r1-distill-llama-8b,mmlu_pro_test_01910,0,0.357501,3
mmlu_pro,r1-distill-llama-8b,mmlu_pro_test_10255,0,0.282535,4
mmlu_pro,r1-distill-llama-8b,mmlu_pro_test_10867,0,0.621997,4
mmlu_pro,r1-distill-llama-8b,mmlu_pro_test_05244,0,0.678546,5
mmlu_pro,r1-distill-llama-8b,mmlu_pro_test_03299,1,0.653186,3
mmlu_pro,r1-distill-llama-8b,mmlu_pro_test_06282,0,0.468013,1
mmlu_pro,r1-distill-llama-8b,mmlu_pro_test_11014,1,0.559969,1
mmlu_pro,r1-distill-llama-8b,mmlu_pro_test_03154,1,0.783244,5
mmlu_pro,r1-distill-llama-8b,mmlu_pro_test_04277,1,0.688776,1
mmlu_pro,r1-distill-llama-8b,mmlu_pro_test_06896,1,0.378829,5
mmlu_pro,r1-distill-llama-8b,mmlu_pro_test_02667,0,0.47542,2
mmlu_pro,r1-distill-llama-8b,mmlu_pro_test_05954,0,0.330411,1
mmlu_pro,r1-distill-llama-8b,mmlu_pro_test_01957,1,0.226166,3
mmlu_pro,r1-distill-llama-8b,mmlu_pro_test_00723,1,0.813057,4
mmlu_pro,r1-distill-llama-8b,mmlu_pro_test_05089,0,0.417994,1
mmlu_pro,r1-distill-llama-8b,mmlu_pro_test_05701,1,0.674201,1
mmlu_pro,r1-distill-llama-8b,mmlu_pro_test_01840,0,0.341538,1
mmlu_pro,r1-distill-llama-8b,mmlu_pro_test_01016,1,0.347093,3
mmlu_pro,r1-distill-llama-8b,mmlu_pro_test_04162,1,0.636422,5
mmlu_pro,r1-distill-llama-8b,mmlu_pro_test_10643,1,0.0293,1
mmlu_pro,r1-distill-llama-8b,mmlu_pro_test_00847,0,0.424685,2
mmlu_pro,r1-distill-llama-8b,mmlu_pro_test_06902,0,0.227132,4
mmlu_pro,r1-distill-llama-8b,mmlu_pro_test_06564,0,0.466342,1
mmlu_pro,r1-distill-llama-8b,mmlu_pro_test_00290,1,0.371328,3
mmlu_pro,r1-distill-llama-8b,mmlu_pro_test_05652,0,0.37966,2
mmlu_pro,r1-distill-llama-8b,mmlu_pro_test_03553,1,0.753544,5
mmlu_pro,r1-distill-llama-8b,mmlu_pro_test_07409,0,0.312319,1
mmlu_pro,r1-distill-llama-8b,mmlu_pro_test_02082,0,0.571524,4
mmlu_pro,r1-distill-llama-8b,mmlu_pro_test_00835,0,0.783148,1
mmlu_pro,r1-distill-llama-8b,mmlu_pro_test_01955,1,0.621725,2
mmlu_pro,r1-distill-llama-8b,mmlu_pro_test_02680,1,0.678689,3
mmlu_pro,r1-distill-llama-8b,mmlu_pro_test_05719,1,0.381411,3
mmlu_pro,r1-distill-llama-8b,mmlu_pro_test_05964,0,0.512963,2
mmlu_pro,r1-distill-llama-8b,mmlu_pro_test_03334,1,0.73632,3
mmlu_pro,r1-distill-llama-8b,mmlu_pro_test_09455,1,0.708346,2
mmlu_pro,r1-distill-llama-8b,mmlu_pro_test_02685,1,0.431984,3
mmlu_pro,r1-distill-llama-8b,mmlu_pro_test_00679,0,0.446828,3
mmlu_pro,r1-distill-llama-8b,mmlu_pro_test_03095,1,0.57779,1
mmlu_pro,r1-distill-llama-8b,mmlu_pro_test_01253,0,0.188604,5
mmlu_pro,r1-distill-llama-8b,mmlu_pro_test_04551,0,0.668179,3
mmlu_pro,r1-distill-llama-8b,mmlu_pro_test_04484,1,0.506273,1
mmlu_pro,r1-distill-llama-8b,mmlu_pro_test_06597,1,0.536343,4
mmlu_pro,r1-distill-llama-8b,mmlu_pro_test_07171,0,0.14433,5
mmlu_pro,r1-distill-llama-8b,mmlu_pro_test_10561,1,0.381661,1
mmlu_pro,r1-distill-llama-8b,mmlu_pro_test_10161,1,0.864834,3
mmlu_pro,r1-distill-llama-8b,mmlu_pro_test_10710,0,0.318587,5
mmlu_pro,r1-distill-llama-8b,mmlu_pro_test_10933,0,0.223585,1
mmlu_pro,r1-distill-llama-8b,mmlu_pro_test_02554,1,0.345966,5
mmlu_pro,r1-distill-llama-8b,mmlu_pro_test_00063,1,0.492541,3
mmlu_pro,r1-distill-llama-8b,mmlu_pro_test_05917,0,0.434521,1
mmlu_pro,r1-distill-llama-8b,mmlu_pro_test_04862,1,0.25938,5
mmlu_pro,r1-distill-llama-8b,mmlu_pro_test_02974,1,0.497982,4
mmlu_pro,r1-distill-llama-8b,mmlu_pro_test_08290,1,0.608427,2
mmlu_pro,r1-distill-llama-8b,mmlu_pro_test_10405,1,0.592257,4
mmlu_pro,r1-distill-llama-8b,mmlu_pro_test_06039,0,0.476362,3
mmlu_pro,r1-distill-llama-8b,mmlu_pro_test_05836,0,0.674132,4
mmlu_pro,r1-distill-llama-8b,mmlu_pro_test_02519,0,0.527654,5
mmlu_pro,r1-distill-llama-8b,mmlu_pro_test_05468,0,0.501187,4
mmlu_pro,r1-distill-llama-8b,mmlu_pro_test_02351,0,0.497852,3
mmlu_pro,r1-distill-llama-8b,mmlu_pro_test_05903,0,0.455894,1
mmlu_pro,r1-distill-llama-8b,mmlu_pro_test_08359,1,0.351994,5
mmlu_pro,r1-distill-llama-8b,mmlu_pro_test_06017,0,0.023534,1
mmlu_pro,r1-distill-llama-8b,mmlu_pro_test_02611,1,0.354734,2
mmlu_pro,r1-distill-llama-8b,mmlu_pro_test_05402,1,0.335544,4
mmlu_pro,r1-distill-llama-8b,mmlu_pro_test_08635,0,0.600404,4
mmlu_pro,r1-distill-llama-8b,mmlu_pro_test_03332,1,0.682339,1
mmlu_pro,r1-distill-llama-8b,mmlu_pro_test_02894,0,0.583529,5
mmlu_pro,r1-distill-llama-8b,mmlu_pro_test_05078,0,0.277439,1
mmlu_pro,r1-distill-llama-8b,mmlu_pro_test_03599,0,0.727485,3
mmlu_pro,r1-distill-llama-8b,mmlu_pro_test_00760,1,0.847823,4
mmlu_pro,r1-distill-llama-8b,mmlu_pro_test_08495,0,0.621227,5
mmlu_pro,r1-distill-llama-8b,mmlu_pro_test_03209,1,0.562406,2
mmlu_pro,r1-distill-llama-8b,mmlu_pro_test_05705,0,0.477798,4
mmlu_pro,r1-distill-llama-8b,mmlu_pro_test_06998,0,0.639794,5
mmlu_pro,r1-distill-llama-8b,mmlu_pro_test_01148,1,0.23087,1
mmlu_pro,r1-distill-llama-8b,mmlu_pro_test_07474,0,0.244166,3
mmlu_pro,r1-distill-llama-8b,mmlu_pro_test_06040,0,0.139129,3
mmlu_pro,r1-distill-llama-8b,mmlu_pro_test_07001,0,0.359481,3
mmlu_pro,r1-distill-llama-8b,mmlu_pro_test_02051,0,0.372,2
mmlu_pro,r1-distill-llama-8b,mmlu_pro_test_09610,1,0.7292,1
mmlu_pro,r1-distill-llama-8b,mmlu_pro_test_05537,1,0.37771,3
mmlu_pro,r1-distill-llama-8b,mmlu_pro_test_01333,0,0.313491,2
mmlu_pro,r1-distill-llama-8b,mmlu_pro_test_06133,0,0.194404,4
mmlu_pro,r1-distill-llama-8b,mmlu_pro_test_03392,1,0.762034,4
mmlu_pro,r1-distill-llama-8b,mmlu_pro_test_05891,0,0.35093,2
mmlu_pro,r1-distill-llama-8b,mmlu_pro_test_09680,0,0.431682,5
mmlu_pro,r1-distill-llama-8b,mmlu_pro_test_07864,1,0.722822,3
mmlu_pro,r1-distill-llama-8b,mmlu_pro_test_10359,0,0.168196,1
mmlu_pro,r1-distill-llama-8b,mmlu_pro_test_09116,1,0.587256,1
mmlu_pro,r1-distill-llama-8b,mmlu_pro_test_03160,1,0.346458,1
mmlu_pro,r1-distill-llama-8b,mmlu_pro_test_05953,1,0.394867,4
mmlu_pro,r1-distill-llama-8b,mmlu_pro_test_06665,1,0.459314,1
mmlu_pro,r1-distill-llama-8b,mmlu_pro_test_00951,0,0.490182,4
mmlu_pro,r1-distill-llama-8b,mmlu_pro_test_01147,1,0.35813,1
mmlu_pro,r1-distill-llama-8b,mmlu_pro_test_02100,1,0.53106,3
mmlu_pro,r1-distill-llama-8b,mmlu_pro_test_09289,1,0.080445,5
mmlu_pro,r1-distill-llama-8b,mmlu_pro_test_08358,1,0.717562,2
mmlu_pro,r1-distill-llama-8b,mmlu_pro_test_03016,1,0.337891,5
mmlu_pro,r1-distill-llama-8b,mmlu_pro_test_10309,1,0.764206,5
mmlu_pro,r1-distill-llama-8b,mmlu_pro_test_03865,0,0.465963,2
mmlu_pro,r1-distill-llama-8b,mmlu_pro_test_02632,1,0.190217,4
mmlu_pro,r1-distill-llama-8b,mmlu_pro_test_05955,0,0.243338,2
mmlu_pro,r1-distill-llama-8b,mmlu_pro_test_10219,0,0.241539,5
mmlu_pro,r1-distill-llama-8b,mmlu_pro_test_06629,0,0.56477,2
mmlu_pro,r1-distill-llama-8b,mmlu_pro_test_01963,1,0.591161,1
mmlu_pro,r1-distill-llama-8b,mmlu_pro_test_02633,1,0.510341,5
trivia_qa,r1-distill-llama-8b,trivia_qa_validation_01109,0,0.463892,4
trivia_qa,r1-distill-llama-8b,trivia_qa_validation_01470,0,0.028115,4
trivia_qa,r1-distill-llama-8b,trivia_qa_validation_03794,1,0.558208,3
trivia_qa,r1-distill-llama-8b,trivia_qa_validation_17430,0,0.381837,1
trivia_qa,r1-distill-llama-8b,trivia_qa_validation_04391,0,0.317543,5
trivia_qa,r1-distill-llama-8b,trivia_qa_validation_02655,0,0.336403,5
trivia_qa,r1-distill-llama-8b,trivia_qa_validation_00167,0,0.278018,3
trivia_qa,r1-distill-llama-8b,trivia_qa_validation_13407,0,0.045275,1
trivia_qa,r1-distill-llama-8b,trivia_qa_validation_07784,1,0.430849,4
trivia_qa,r1-distill-llama-8b,trivia_qa_validation_02331,0,0.578867,3
trivia_qa,r1-distill-llama-8b,trivia_qa_validation_12374,0,0.321086,2
trivia_qa,r1-distill-llama-8b,trivia_qa_validation_04621,0,0.162372,4
trivia_qa,r1-distill-llama-8b,trivia_qa_validation_08546,0,0.270953,5
trivia_qa,r1-distill-llama-8b,trivia_qa_validation_14149,0,0.575295,1
trivia_qa,r1-distill-llama-8b,trivia_qa_validation_13242,0,0.313897,5
trivia_qa,r1-distill-llama-8b,trivia_qa_validation_16107,0,0.037466,2
trivia_qa,r1-distill-llama-8b,trivia_qa_validation_15389,0,0.362935,4
trivia_qa,r1-distill-llama-8b,trivia_qa_validation_04524,0,0.272251,2
trivia_qa,r1-distill-llama-8b,trivia_qa_validation_07587,0,0.042873,2
trivia_qa,r1-distill-llama-8b,trivia_qa_validation_17249,1,0.35593,3
trivia_qa,r1-distill-llama-8b,trivia_qa_validation_03990,1,0.583666,4
trivia_qa,r1-distill-llama-8b,trivia_qa_validation_03732,1,0.33984,4
trivia_qa,r1-distill-llama-8b,trivia_qa_validation_11906,1,0.487026,2
trivia_qa,r1-distill-llama-8b,trivia_qa_validation_17663,1,0.673568,2
trivia_qa,r1-distill-llama-8b,trivia_qa_validation_14175,0,0.154743,1
trivia_qa,r1-distill-llama-8b,trivia_qa_validation_11569,0,0.024853,5
trivia_qa,r1-distill-llama-8b,trivia_qa_validation_11279,1,0.645086,4
trivia_qa,r1-distill-llama-8b,trivia_qa_validation_07694,1,0.591588,2
trivia_qa,r1-distill-llama-8b,trivia_qa_validation_10119,1,0.657357,3
trivia_qa,r1-distill-llama-8b,trivia_qa_validation_13020,1,0.492025,3
trivia_qa,r1-distill-llama-8b,trivia_qa_validation_07528,0,0.481354,2
trivia_qa,r1-distill-llama-8b,trivia_qa_validation_06018,1,0.571801,5
trivia_qa,r1-distill-llama-8b,trivia_qa_validation_09962,0,0.032827,4
trivia_qa,r1-distill-llama-8b,trivia_qa_validation_14924,0,0.498341,2
trivia_qa,r1-distill-llama-8b,trivia_qa_validation_07120,0,0.732539,1
trivia_qa,r1-distill-llama-8b,trivia_qa_validation_02562,0,0.500437,5
trivia_qa,r1-distill-llama-8b,trivia_qa_validation_03667,1,0.099412,1
trivia_qa,r1-distill-llama-8b,trivia_qa_validation_04299,0,0.254134,5
trivia_qa,r1-distill-llama-8b,trivia_qa_validation_11200,0,0.160442,1
trivia_qa,r1-distill-llama-8b,trivia_qa_validation_12688,1,0.628748,4
trivia_qa,r1-distill-llama-8b,trivia_qa_validation_09855,1,0.545709,2
trivia_qa,r1-distill-llama-8b,trivia_qa_validation_05061,1,0.628219,2
trivia_qa,r1-distill-llama-8b,trivia_qa_validation_12868,1,0.429035,5
trivia_qa,r1-distill-llama-8b,trivia_qa_validation_05181,0,0.174285,1
trivia_qa,r1-distill-llama-8b,trivia_qa_validation_11411,0,0.560474,5
trivia_qa,r1-distill-llama-8b,trivia_qa_validation_16167,0,0.129098,4
trivia_qa,r1-distill-llama-8b,trivia_qa_validation_07276,1,0.535394,5
trivia_qa,r1-distill-llama-8b,trivia_qa_validation_06309,1,0.754031,2
trivia_qa,r1-distill-llama-8b,trivia_qa_validation_02388,0,0.162932,1
trivia_qa,r1-distill-llama-8b,trivia_qa_validation_11514,0,0.452854,2
trivia_qa,r1-distill-llama-8b,trivia_qa_validation_17551,1,0.423059,2
trivia_qa,r1-distill-llama-8b,trivia_qa_validation_06082,0,0.305027,4
trivia_qa,r1-distill-llama-8b,trivia_qa_validation_06331,0,0.22961,1
trivia_qa,r1-distill-llama-8b,trivia_qa_validation_01768,1,0.547971,4
trivia_qa,r1-distill-llama-8b,trivia_qa_validation_07828,0,0.605944,3
trivia_qa,r1-distill-llama-8b,trivia_qa_validation_05245,0,0.581421,1
trivia_qa,r1-distill-llama-8b,trivia_qa_validation_00707,1,0.615119,4
trivia_qa,r1-distill-llama-8b,trivia_qa_validation_10470,0,0.291996,3
trivia_qa,r1-distill-llama-8b,trivia_qa_validation_09051,0,0.031926,4
trivia_qa,r1-distill-llama-8b,trivia_qa_validation_01134,1,0.673185,5
trivia_qa,r1-distill-llama-8b,trivia_qa_validation_07057,0,0.142141,4
trivia_qa,r1-distill-llama-8b,trivia_qa_validation_15086,1,0.477825,4
trivia_qa,r1-distill-llama-8b,trivia_qa_validation_06856,0,0.224619,4
trivia_qa,r1-distill-llama-8b,trivia_qa_validation_00992,0,0.221795,5
trivia_qa,r1-distill-llama-8b,trivia_qa_validation_08306,0,0.092702,3
trivia_qa,r1-distill-llama-8b,trivia_qa_validation_15787,1,0.588301,1
trivia_qa,r1-distill-llama-8b,trivia_qa_validation_10288,1,0.375002,4
trivia_qa,r1-distill-llama-8b,trivia_qa_validation_04138,1,0.618463,2
trivia_qa,r1-distill-llama-8b,trivia_qa_validation_05974,0,0.44118,2
trivia_qa,r1-distill-llama-8b,trivia_qa_validation_09595,1,0.712882,1
trivia_qa,r1-distill-llama-8b,trivia_qa_validation_14968,0,0.5797,2
trivia_qa,r1-distill-llama-8b,trivia_qa_validation_07189,0,0.055716,1
trivia_qa,r1-distill-llama-8b,trivia_qa_validation_17148,0,0.281428,4
trivia_qa,r1-distill-llama-8b,trivia_qa_validation_08616,0,0.574817,4
trivia_qa,r1-distill-llama-8b,trivia_qa_validation_10437,0,0.590525,1
trivia_qa,r1-distill-llama-8b,trivia_qa_validation_01348,1,0.484975,3
trivia_qa,r1-distill-llama-8b,trivia_qa_validation_05378,0,0.2906,5
trivia_qa,r1-distill-llama-8b,trivia_qa_validation_04789,1,0.441856,1
trivia_qa,r1-distill-llama-8b,trivia_qa_validation_07367,1,0.183016,4
trivia_qa,r1-distill-llama-8b,trivia_qa_validation_08505,0,0.464024,5
trivia_qa,r1-distill-llama-8b,trivia_qa_validation_14168,0,0.047119,5
trivia_qa,r1-distill-llama-8b,trivia_qa_validation_06174,0,0.086078,1
trivia_qa,r1-distill-llama-8b,trivia_qa_validation_06963,1,0.417676,2
trivia_qa,r1-distill-llama-8b,trivia_qa_validation_03853,1,0.391707,1
trivia_qa,r1-distill-llama-8b,trivia_qa_validation_15639,0,0.206477,2
trivia_qa,r1-distill-llama-8b,trivia_qa_validation_06651,0,0.389477,1
trivia_qa,r1-distill-llama-8b,trivia_qa_validation_13081,0,0.532996,2
trivia_qa,r1-distill-llama-8b,trivia_qa_validation_03557,1,0.473958,4
trivia_qa,r1-distill-llama-8b,trivia_qa_validation_02866,1,0.629814,1
trivia_qa,r1-distill-llama-8b,trivia_qa_validation_01079,0,0.149635,2
trivia_qa,r1-distill-llama-8b,trivia_qa_validation_07959,0,0.051155,2
trivia_qa,r1-distill-llama-8b,trivia_qa_validation_01227,1,0.620965,2
trivia_qa,r1-distill-llama-8b,trivia_qa_validation_09862,0,0.114806,5
trivia_qa,r1-distill-llama-8b,trivia_qa_validation_07086,0,0.735829,4
trivia_qa,r1-distill-llama-8b,trivia_qa_validation_07099,1,0.577119,5
trivia_qa,r1-distill-llama-8b,trivia_qa_validation_03628,0,0.492796,4
trivia_qa,r1-distill-llama-8b,trivia_qa_validation_00007,0,0.082626,4
trivia_qa,r1-distill-llama-8b,trivia_qa_validation_17346,0,0.5551,1
trivia_qa,r1-distill-llama-8b,trivia_qa_validation_07893,1,0.559504,2
trivia_qa,r1-distill-llama-8b,trivia_qa_validation_16320,1,0.677612,1
trivia_qa,r1-distill-llama-8b,trivia_qa_validation_07580,1,0.404086,4
trivia_qa,r1-distill-llama-8b,trivia_qa_validation_05626,0,0.268564,2
trivia_qa,r1-distill-llama-8b,trivia_qa_validation_14109,0,0.318358,3
trivia_qa,r1-distill-llama-8b,trivia_qa_validation_13294,0,0.305988,1
trivia_qa,r1-distill-llama-8b,trivia_qa_validation_16883,1,0.684838,1
trivia_qa,r1-distill-llama-8b,trivia_qa_validation_14588,0,0.60478,1
trivia_qa,r1-distill-llama-8b,trivia_qa_validation_06845,0,0.18868,3
trivia_qa,r1-distill-llama-8b,trivia_qa_validation_00556,1,0.185094,5
trivia_qa,r1-distill-llama-8b,trivia_qa_validation_06013,0,0.312144,3
trivia_qa,r1-distill-llama-8b,trivia_qa_validation_13577,0,0.173075,4
trivia_qa,r1-distill-llama-8b,trivia_qa_validation_17892,1,0.527826,4
trivia_qa,r1-distill-llama-8b,trivia_qa_validation_16619,1,0.536227,5
trivia_qa,r1-distill-llama-8b,trivia_qa_validation_16346,1,0.425821,2
trivia_qa,r1-distill-llama-8b,trivia_qa_validation_17493,0,0.253623,3
trivia_qa,r1-distill-llama-8b,trivia_qa_validation_06472,1,0.755955,5
trivia_qa,r1-distill-llama-8b,trivia_qa_validation_12409,0,0.298538,1
trivia_qa,r1-distill-llama-8b,trivia_qa_validation_13085,0,0.464811,2
trivia_qa,r1-distill-llama-8b,trivia_qa_validation_13882,0,0.60085,3
trivia_qa,r1-distill-llama-8b,trivia_qa_validation_02030,0,0.441319,2
trivia_qa,r1-distill-llama-8b,trivia_qa_validation_02558,0,0.42385,1
trivia_qa,r1-distill-llama-8b,trivia_qa_validation_09754,1,0.630355,3
trivia_qa,r1-distill-llama-8b,trivia_qa_validation_05365,0,0.227987,4
trivia_qa,r1-distill-llama-8b,trivia_qa_validation_03930,0,0.456877,4
trivia_qa,r1-distill-llama-8b,trivia_qa_validation_17373,0,0.08848,1
trivia_qa,r1-distill-llama-8b,trivia_qa_validation_00354,0,0.563216,1
trivia_qa,r1-distill-llama-8b,trivia_qa_validation_14823,1,0.470176,4
trivia_qa,r1-distill-llama-8b,trivia_qa_validation_11064,0,0.004999,2
trivia_qa,r1-distill-llama-8b,trivia_qa_validation_14595,1,0.535276,1
trivia_qa,r1-distill-llama-8b,trivia_qa_validation_00743,1,0.383163,3
trivia_qa,r1-distill-llama-8b,trivia_qa_validation_02892,0,0.486654,5
trivia_qa,r1-distill-llama-8b,trivia_qa_validation_17899,1,0.176533,5
trivia_qa,r1-distill-llama-8b,trivia_qa_validation_10125,1,0.722138,2
trivia_qa,r1-distill-llama-8b,trivia_qa_validation_11686,1,0.644457,4
trivia_qa,r1-distill-llama-8b,trivia_qa_validation_16317,0,0.624484,4
trivia_qa,r1-distill-llama-8b,trivia_qa_validation_12332,0,0.582329,1
trivia_qa,r1-distill-llama-8b,trivia_qa_validation_03235,0,0.188029,1
trivia_qa,r1-distill-llama-8b,trivia_qa_validation_15146,1,0.728691,1
trivia_qa,r1-distill-llama-8b,trivia_qa_validation_07402,0,0.482246,4
trivia_qa,r1-distill-llama-8b,trivia_qa_validation_01772,0,0.566039,4
trivia_qa,r1-distill-llama-8b,trivia_qa_validation_04069,1,0.496613,2
trivia_qa,r1-distill-llama-8b,trivia_qa_validation_11524,1,0.303563,5
trivia_qa,r1-distill-llama-8b,trivia_qa_validation_17778,0,0.722158,1
trivia_qa,r1-distill-llama-8b,trivia_qa_validation_04834,1,0.53352,5
trivia_qa,r1-distill-llama-8b,trivia_qa_validation_03380,1,0.600856,5
trivia_qa,r1-distill-llama-8b,trivia_qa_validation_13761,1,0.620217,3
trivia_qa,r1-distill-llama-8b,trivia_qa_validation_07059,0,0.128712,5
trivia_qa,r1-distill-llama-8b,trivia_qa_validation_00437,1,0.354953,4
trivia_qa,r1-distill-llama-8b,trivia_qa_validation_02667,0,0.164245,4
trivia_qa,r1-distill-llama-8b,trivia_qa_validation_04104,0,0.200968,3
trivia_qa,r1-distill-llama-8b,trivia_qa_validation_16915,1,0.717027,4
trivia_qa,r1-distill-llama-8b,trivia_qa_validation_10323,0,0.498419,3
trivia_qa,r1-distill-llama-8b,trivia_qa_validation_12112,0,0.725455,2
trivia_qa,r1-distill-llama-8b,trivia_qa_validation_17283,0,0.525361,5
trivia_qa,r1-distill-llama-8b,trivia_qa_validation_02696,1,0.246542,5
trivia_qa,r1-distill-llama-8b,trivia_qa_validation_01826,0,0.12127,2
trivia_qa,r1-distill-llama-8b,trivia_qa_validation_10310,0,0.241606,2
trivia_qa,r1-distill-llama-8b,trivia_qa_validation_02645,0,0.110954,4
trivia_qa,r1-distill-llama-8b,trivia_qa_validation_11547,1,0.664954,3
trivia_qa,r1-distill-llama-8b,trivia_qa_validation_14340,0,0.14968,5
trivia_qa,r1-distill-llama-8b,trivia_qa_validation_00285,0,0.228449,3
trivia_qa,r1-distill-llama-8b,trivia_qa_validation_14573,1,0.520915,5
trivia_qa,r1-distill-llama-8b,trivia_qa_validation_07158,0,0.391279,1
trivia_qa,r1-distill-llama-8b,trivia_qa_validation_07315,1,0.358295,3
trivia_qa,r1-distill-llama-8b,trivia_qa_validation_07320,1,0.586876,1
trivia_qa,r1-distill-llama-8b,trivia_qa_validation_13922,0,0.083218,3
trivia_qa,r1-distill-llama-8b,trivia_qa_validation_11533,1,0.310061,1
trivia_qa,r1-distill-llama-8b,trivia_qa_validation_09351,0,0.37282,5
trivia_qa,r1-distill-llama-8b,trivia_qa_validation_00248,0,0.576406,4
trivia_qa,r1-distill-llama-8b,trivia_qa_validation_10030,0,0.095549,5
trivia_qa,r1-distill-llama-8b,trivia_qa_validation_14521,1,0.260518,5
trivia_qa,r1-distill-llama-8b,trivia_qa_validation_05091,0,0.417146,3
trivia_qa,r1-distill-llama-8b,trivia_qa_validation_14753,1,0.429657,1
trivia_qa,r1-distill-llama-8b,trivia_qa_validation_02624,0,0.279617,1
trivia_qa,r1-distill-llama-8b,trivia_qa_validation_01668,1,0.704216,5
trivia_qa,r1-distill-llama-8b,trivia_qa_validation_01359,1,0.06328,3
trivia_qa,r1-distill-llama-8b,trivia_qa_validation_04596,1,0.638615,5
trivia_qa,r1-distill-llama-8b,trivia_qa_validation_17637,1,0.609415,2
trivia_qa,r1-distill-llama-8b,trivia_qa_validation_17819,1,0.419569,5
trivia_qa,r1-distill-llama-8b,trivia_qa_validation_07547,0,0.281487,5
trivia_qa,r1-distill-llama-8b,trivia_qa_validation_08170,0,0.661865,5
trivia_qa,r1-distill-llama-8b,trivia_qa_validation_06812,0,0.096538,3
trivia_qa,r1-distill-llama-8b,trivia_qa_validation_08506,0,0.048833,5
trivia_qa,r1-distill-llama-8b,trivia_qa_validation_07645,0,0.06044,2
trivia_qa,r1-distill-llama-8b,trivia_qa_validation_11081,1,0.351103,4
trivia_qa,r1-distill-llama-8b,trivia_qa_validation_12656,0,0.330624,2
trivia_qa,r1-distill-llama-8b,trivia_qa_validation_07327,0,0.436044,2
trivia_qa,r1-distill-llama-8b,trivia_qa_validation_17516,0,0.071221,1
trivia_qa,r1-distill-llama-8b,trivia_qa_validation_07022,0,0.18486,3
trivia_qa,r1-distill-llama-8b,trivia_qa_validation_04357,1,0.698578,2
trivia_qa,r1-distill-llama-8b,trivia_qa_validation_14731,1,0.454847,1
trivia_qa,r1-distill-llama-8b,trivia_qa_validation_10475,1,0.346283,2
trivia_qa,r1-distill-llama-8b,trivia_qa_validation_17744,1,0.332607,4
trivia_qa,r1-distill-llama-8b,trivia_qa_validation_01812,1,0.576553,4
trivia_qa,r1-distill-llama-8b,trivia_qa_validation_16058,1,0.543153,2
trivia_qa,r1-distill-llama-8b,trivia_qa_validation_02111,0,0.342293,5
trivia_qa,r1-distill-llama-8b,trivia_qa_validation_12647,1,0.25715,3
trivia_qa,r1-distill-llama-8b,trivia_qa_validation_05643,1,0.102128,3
trivia_qa,r1-distill-llama-8b,trivia_qa_validation_16766,0,0.415338,2
trivia_qa,r1-distill-llama-8b,trivia_qa_validation_14883,0,0.216553,5
trivia_qa,r1-distill-llama-8b,trivia_qa_validation_08242,0,0.01606,4
trivia_qa,r1-distill-llama-8b,trivia_qa_validation_13284,0,0.475677,1
trivia_qa,r1-distill-llama-8b,trivia_qa_validation_10004,0,0.120304,4
trivia_qa,r1-distill-llama-8b,trivia_qa_validation_16699,0,0.303483,2
trivia_qa,r1-distill-llama-8b,trivia_qa_validation_09986,0,0.526893,2
trivia_qa,r1-distill-llama-8b,trivia_qa_validation_17420,0,0.328432,4
trivia_qa,r1-distill-llama-8b,trivia_qa_validation_01836,0,0.629541,3
trivia_qa,r1-distill-llama-8b,trivia_qa_validation_07897,0,0.056727,2
trivia_qa,r1-distill-llama-8b,trivia_qa_validation_16863,0,0.021919,3
trivia_qa,r1-distill-llama-8b,trivia_qa_validation_12602,0,0.306997,1
trivia_qa,r1-distill-llama-8b,trivia_qa_validation_00593,0,0.493559,5
trivia_qa,r1-distill-llama-8b,trivia_qa_validation_02317,0,0.229966,2
trivia_qa,r1-distill-llama-8b,trivia_qa_validation_10344,0,0.158666,1
trivia_qa,r1-distill-llama-8b,trivia_qa_validation_03416,0,0.087845,3
trivia_qa,r1-distill-llama-8b,trivia_qa_validation_16755,0,0.327469,1
trivia_qa,r1-distill-llama-8b,trivia_qa_validation_16919,1,0.206062,4
trivia_qa,r1-distill-llama-8b,trivia_qa_validation_06491,0,0.170049,1
trivia_qa,r1-distill-llama-8b,trivia_qa_validation_03355,0,0.31186,2
trivia_qa,r1-distill-llama-8b,trivia_qa_validation_05462,0,0.207521,2
trivia_qa,r1-distill-llama-8b,trivia_qa_validation_05589,0,0.467585,1
trivia_qa,r1-distill-llama-8b,trivia_qa_validation_05583,0,0.568271,5
trivia_qa,r1-distill-llama-8b,trivia_qa_validation_12465,1,0.598498,2
trivia_qa,r1-distill-llama-8b,trivia_qa_validation_03861,0,0.444256,2
trivia_qa,r1-distill-llama-8b,trivia_qa_validation_15744,0,0.607439,4
trivia_qa,r1-distill-llama-8b,trivia_qa_validation_01891,0,0.23936,4
trivia_qa,r1-distill-llama-8b,trivia_qa_validation_15454,1,0.15398,4
trivia_qa,r1-distill-llama-8b,trivia_qa_validation_13058,0,0.093069,1
trivia_qa,r1-distill-llama-8b,trivia_qa_validation_02379,1,0.344416,1
trivia_qa,r1-distill-llama-8b,trivia_qa_validation_13834,1,0.420222,2
trivia_qa,r1-distill-llama-8b,trivia_qa_validation_04100,0,0.571055,1
trivia_qa,r1-distill-llama-8b,trivia_qa_validation_13536,1,0.520392,3
trivia_qa,r1-distill-llama-8b,trivia_qa_validation_04424,1,0.663448,3
trivia_qa,r1-distill-llama-8b,trivia_qa_validation_12939,0,0.215844,5
trivia_qa,r1-distill-llama-8b,trivia_qa_validation_07416,1,0.382057,1
trivia_qa,r1-distill-llama-8b,trivia_qa_validation_02273,1,0.407545,4
trivia_qa,r1-distill-llama-8b,trivia_qa_validation_01170,1,0.450624,4
trivia_qa,r1-distill-llama-8b,trivia_qa_validation_14424,1,0.328171,4
trivia_qa,r1-distill-llama-8b,trivia_qa_validation_04291,1,0.226362,5
trivia_qa,r1-distill-llama-8b,trivia_qa_validation_16467,0,0.199976,5
trivia_qa,r1-distill-llama-8b,trivia_qa_validation_00715,1,0.298413,4
trivia_qa,r1-distill-llama-8b,trivia_qa_validation_00283,1,0.239218,2
trivia_qa,r1-distill-llama-8b,trivia_qa_validation_02416,0,0.414674,3
trivia_qa,r1-distill-llama-8b,trivia_qa_validation_00270,1,0.693069,2
trivia_qa,r1-distill-llama-8b,trivia_qa_validation_12272,0,0.547204,3
trivia_qa,r1-distill-llama-8b,trivia_qa_validation_10201,0,0.117801,3
trivia_qa,r1-distill-llama-8b,trivia_qa_validation_08707,0,0.440328,3
trivia_qa,r1-distill-llama-8b,trivia_qa_validation_00545,1,0.698744,1
trivia_qa,r1-distill-llama-8b,trivia_qa_validation_13981,1,0.47102,2
trivia_qa,r1-distill-llama-8b,trivia_qa_validation_06747,0,0.388945,1
trivia_qa,r1-distill-llama-8b,trivia_qa_validation_09686,1,0.468066,3
trivia_qa,r1-distill-llama-8b,trivia_qa_validation_11251,0,0.339208,4
trivia_qa,r1-distill-llama-8b,trivia_qa_validation_15865,0,0.3182,1
trivia_qa,r1-distill-llama-8b,trivia_qa_validation_12733,1,0.727757,1
trivia_qa,r1-distill-llama-8b,trivia_qa_validation_16908,1,0.654288,4
trivia_qa,r1-distill-llama-8b,trivia_qa_validation_09434,0,0.268249,1
trivia_qa,r1-distill-llama-8b,trivia_qa_validation_04837,1,0.309223,4
trivia_qa,r1-distill-llama-8b,trivia_qa_validation_16047,0,0.687676,3
trivia_qa,r1-distill-llama-8b,trivia_qa_validation_04863,0,0.672477,3
trivia_qa,r1-distill-llama-8b,trivia_qa_validation_16744,0,0.543988,1
trivia_qa,r1-distill-llama-8b,trivia_qa_validation_01288,0,0.616555,3
trivia_qa,r1-distill-llama-8b,trivia_qa_validation_15941,1,0.734783,4
trivia_qa,r1-distill-llama-8b,trivia_qa_validation_14754,1,0.137968,3
trivia_qa,r1-distill-llama-8b,trivia_qa_validation_06632,0,0.092379,3
trivia_qa,r1-distill-llama-8b,trivia_qa_validation_02737,0,0.214971,2
trivia_qa,r1-distill-llama-8b,trivia_qa_validation_00636,0,0.323433,3
trivia_qa,r1-distill-llama-8b,trivia_qa_validation_02472,0,0.578735,4
trivia_qa,r1-distill-llama-8b,trivia_qa_validation_08712,0,0.632133,5
trivia_qa,r1-distill-llama-8b,trivia_qa_validation_04202,0,0.585571,4
trivia_qa,r1-distill-llama-8b,trivia_qa_validation_13742,0,0.356964,3
trivia_qa,r1-distill-llama-8b,trivia_qa_validation_12330,1,0.476338,5
trivia_qa,r1-distill-llama-8b,trivia_qa_validation_17220,0,0.211445,3
trivia_qa,r1-distill-llama-8b,trivia_qa_validation_06955,0,0.037373,5
trivia_qa,r1-distill-llama-8b,trivia_qa_validation_15566,0,0.452698,5
trivia_qa,r1-distill-llama-8b,trivia_qa_validation_10936,1,0.561934,5
trivia_qa,r1-distill-llama-8b,trivia_qa_validation_02186,1,0.181194,4
trivia_qa,r1-distill-llama-8b,trivia_qa_validation_10355,1,0.452065,5
trivia_qa,r1-distill-llama-8b,trivia_qa_validation_06069,1,0.609156,5
trivia_qa,r1-distill-llama-8b,trivia_qa_validation_04587,0,0.704133,1
trivia_qa,r1-distill-llama-8b,trivia_qa_validation_11038,1,0.355578,1
trivia_qa,r1-distill-llama-8b,trivia_qa_validation_00722,1,0.578317,2
trivia_qa,r1-distill-llama-8b,trivia_qa_validation_10575,0,0.354868,2
trivia_qa,r1-distill-llama-8b,trivia_qa_validation_14394,1,0.414046,5
trivia_qa,r1-distill-llama-8b,trivia_qa_validation_14904,1,0.477868,4
trivia_qa,r1-distill-llama-8b,trivia_qa_validation_17874,1,0.449524,5
trivia_qa,r1-distill-llama-8b,trivia_qa_validation_04795,0,0.145882,1
trivia_qa,r1-distill-llama-8b,trivia_qa_validation_10105,0,0.442591,1
trivia_qa,r1-distill-llama-8b,trivia_qa_validation_05520,0,0.05418,3
trivia_qa,r1-distill-llama-8b,trivia_qa_validation_03711,0,0.646002,1
trivia_qa,r1-distill-llama-8b,trivia_qa_validation_11604,0,0.146253,3
trivia_qa,r1-distill-llama-8b,trivia_qa_validation_13932,1,0.398192,5
trivia_qa,r1-distill-llama-8b,trivia_qa_validation_04772,0,0.694655,5
trivia_qa,r1-distill-llama-8b,trivia_qa_validation_12312,0,0.660686,4
trivia_qa,r1-distill-llama-8b,trivia_qa_validation_00143,0,0.269472,4
trivia_qa,r1-distill-llama-8b,trivia_qa_validation_05430,0,0.436827,5
trivia_qa,r1-distill-llama-8b,trivia_qa_validation_07902,0,0.089336,4
trivia_qa,r1-distill-llama-8b,trivia_qa_validation_02704,0,0.505526,5
trivia_qa,r1-distill-llama-8b,trivia_qa_validation_03370,1,0.836884,1
trivia_qa,r1-distill-llama-8b,trivia_qa_validation_09132,0,0.144092,4
trivia_qa,r1-distill-llama-8b,trivia_qa_validation_10486,1,0.533217,5
trivia_qa,r1-distill-llama-8b,trivia_qa_validation_05398,0,0.109388,3
trivia_qa,r1-distill-llama-8b,trivia_qa_validation_14741,0,0.142698,5
trivia_qa,r1-distill-llama-8b,trivia_qa_validation_00484,1,0.176642,3
trivia_qa,r1-distill-llama-8b,trivia_qa_validation_02728,1,0.531824,1
trivia_qa,r1-distill-llama-8b,trivia_qa_validation_06667,1,0.121356,4
trivia_qa,r1-distill-llama-8b,trivia_qa_validation_02265,1,0.484019,3
trivia_qa,r1-distill-llama-8b,trivia_qa_validation_10405,1,0.251129,2
trivia_qa,r1-distill-llama-8b,trivia_qa_validation_00148,1,0.641406,4
trivia_qa,r1-distill-llama-8b,trivia_qa_validation_14527,1,0.117143,2
trivia_qa,r1-distill-llama-8b,trivia_qa_validation_04829,0,0.20786,1
trivia_qa,r1-distill-llama-8b,trivia_qa_validation_14601,0,0.156274,4
trivia_qa,r1-distill-llama-8b,trivia_qa_validation_07232,0,0.558441,4
trivia_qa,r1-distill-llama-8b,trivia_qa_validation_14234,0,0.405375,3
trivia_qa,r1-distill-llama-8b,trivia_qa_validation_03932,1,0.093003,2
trivia_qa,r1-distill-llama-8b,trivia_qa_validation_05020,0,0.037114,2
trivia_qa,r1-distill-llama-8b,trivia_qa_validation_05092,0,0.637477,5
trivia_qa,r1-distill-llama-8b,trivia_qa_validation_07151,0,0.525626,5
trivia_qa,r1-distill-llama-8b,trivia_qa_validation_04086,1,0.157041,1
trivia_qa,r1-distill-llama-8b,trivia_qa_validation_15597,1,0.252118,1
trivia_qa,r1-distill-llama-8b,trivia_qa_validation_02766,0,0.177406,2
trivia_qa,r1-distill-llama-8b,trivia_qa_validation_07242,1,0.458167,2
trivia_qa,r1-distill-llama-8b,trivia_qa_validation_00160,0,0.44664,2
trivia_qa,r1-distill-llama-8b,trivia_qa_validation_08757,1,0.571108,4
trivia_qa,r1-distill-llama-8b,trivia_qa_validation_15944,1,0.677618,3
trivia_qa,r1-distill-llama-8b,trivia_qa_validation_03325,0,0.450639,4
trivia_qa,r1-distill-llama-8b,trivia_qa_validation_03466,0,0.609585,4
trivia_qa,r1-distill-llama-8b,trivia_qa_validation_04152,0,0.376563,2
trivia_qa,r1-distill-llama-8b,trivia_qa_validation_08334,0,0.07107,5
trivia_qa,r1-distill-llama-8b,trivia_qa_validation_12413,0,0.150611,3
trivia_qa,r1-distill-llama-8b,trivia_qa_validation_02300,0,0.134922,3
trivia_qa,r1-distill-llama-8b,trivia_qa_validation_08500,0,0.158547,4
trivia_qa,r1-distill-llama-8b,trivia_qa_validation_10340,0,0.222814,5
trivia_qa,r1-distill-llama-8b,trivia_qa_validation_12394,0,0.481212,5
trivia_qa,r1-distill-llama-8b,trivia_qa_validation_03713,0,0.199195,4
trivia_qa,r1-distill-llama-8b,trivia_qa_validation_11027,0,0.371856,5
trivia_qa,r1-distill-llama-8b,trivia_qa_validation_08979,1,0.263169,3
trivia_qa,r1-distill-llama-8b,trivia_qa_validation_06209,1,0.190074,5
trivia_qa,r1-distill-llama-8b,trivia_qa_validation_01498,0,0.066214,4
trivia_qa,r1-distill-llama-8b,trivia_qa_validation_16056,0,0.18822,1
trivia_qa,r1-distill-llama-8b,trivia_qa_validation_09720,0,0.528998,2
trivia_qa,r1-distill-llama-8b,trivia_qa_validation_16784,0,0.615533,2
trivia_qa,r1-distill-llama-8b,trivia_qa_validation_03661,0,0.195163,3
trivia_qa,r1-distill-llama-8b,trivia_qa_validation_17758,0,0.522006,1
trivia_qa,r1-distill-llama-8b,trivia_qa_validation_11813,0,0.176874,5
trivia_qa,r1-distill-llama-8b,trivia_qa_validation_11982,1,0.0876,2
trivia_qa,r1-distill-llama-8b,trivia_qa_validation_13147,1,0.780576,4
trivia_qa,r1-distill-llama-8b,trivia_qa_validation_03883,0,0.390635,1
trivia_qa,r1-distill-llama-8b,trivia_qa_validation_00710,0,0.362326,2
trivia_qa,r1-distill-llama-8b,trivia_qa_validation_01443,1,0.163036,1
trivia_qa,r1-distill-llama-8b,trivia_qa_validation_02550,1,0.641815,5
trivia_qa,r1-distill-llama-8b,trivia_qa_validation_00348,1,0.488586,4
trivia_qa,r1-distill-llama-8b,trivia_qa_validation_05540,1,0.648926,3
trivia_qa,r1-distill-llama-8b,trivia_qa_validation_17936,0,0.354505,5
trivia_qa,r1-distill-llama-8b,trivia_qa_validation_04756,0,0.237393,1
trivia_qa,r1-distill-llama-8b,trivia_qa_validation_01754,1,0.281829,3
trivia_qa,r1-distill-llama-8b,trivia_qa_validation_01899,0,0.363403,3
trivia_qa,r1-distill-llama-8b,trivia_qa_validation_00420,0,0.316681,4
trivia_qa,r1-distill-llama-8b,trivia_qa_validation_01711,0,0.589142,4
trivia_qa,r1-distill-llama-8b,trivia_qa_validation_13181,1,0.447719,1
trivia_qa,r1-distill-llama-8b,trivia_qa_validation_15521,1,0.515101,2
trivia_qa,r1-distill-llama-8b,trivia_qa_validation_11277,0,0.475508,3
trivia_qa,r1-distill-llama-8b,trivia_qa_validation_03142,1,0.704688,1
trivia_qa,r1-distill-llama-8b,trivia_qa_validation_17657,1,0.226902,5
trivia_qa,r1-distill-llama-8b,trivia_qa_validation_04364,0,0.027248,5
trivia_qa,r1-distill-llama-8b,trivia_qa_validation_03140,1,0.704395,3
trivia_qa,r1-distill-llama-8b,trivia_qa_validation_06689,0,0.543909,1
trivia_qa,r1-distill-llama-8b,trivia_qa_validation_15502,1,0.503254,2
trivia_qa,r1-distill-llama-8b,trivia_qa_validation_14235,0,0.647917,3
trivia_qa,r1-distill-llama-8b,trivia_qa_validation_14036,0,0.127641,1
trivia_qa,r1-distill-llama-8b,trivia_qa_validation_12824,0,0.220637,4
trivia_qa,r1-distill-llama-8b,trivia_qa_validation_00649,0,0.455171,2
trivia_qa,r1-distill-llama-8b,trivia_qa_validation_08477,0,0.415487,3
trivia_qa,r1-distill-llama-8b,trivia_qa_validation_05433,0,0.19573,3
trivia_qa,r1-distill-llama-8b,trivia_qa_validation_15011,1,0.525667,5
trivia_qa,r1-distill-llama-8b,trivia_qa_validation_02765,0,0.135034,1
trivia_qa,r1-distill-llama-8b,trivia_qa_validation_11178,0,0.396711,5
trivia_qa,r1-distill-llama-8b,trivia_qa_validation_08194,1,0.517481,5
trivia_qa,r1-distill-llama-8b,trivia_qa_validation_13169,1,0.529003,5
trivia_qa,r1-distill-llama-8b,trivia_qa_validation_12626,0,0.124477,3
trivia_qa,r1-distill-llama-8b,trivia_qa_validation_09431,0,0.28675,5
trivia_qa,r1-distill-llama-8b,trivia_qa_validation_00109,0,0.555984,5
trivia_qa,r1-distill-llama-8b,trivia_qa_validation_08678,1,0.617538,2
trivia_qa,r1-distill-llama-8b,trivia_qa_validation_06127,1,0.565644,3
trivia_qa,r1-distill-llama-8b,trivia_qa_validation_13219,0,0.456819,4
trivia_qa,r1-distill-llama-8b,trivia_qa_validation_04599,0,0.5077,4
trivia_qa,r1-distill-llama-8b,trivia_qa_validation_01994,0,0.21787,2
trivia_qa,r1-distill-llama-8b,trivia_qa_validation_12224,0,0.174931,2
trivia_qa,r1-distill-llama-8b,trivia_qa_validation_15179,0,0.358209,3
trivia_qa,r1-distill-llama-8b,trivia_qa_validation_07641,1,0.245961,2
trivia_qa,r1-distill-llama-8b,trivia_qa_validation_02282,1,0.669549,3
trivia_qa,r1-distill-llama-8b,trivia_qa_validation_04513,0,0.310387,3
trivia_qa,r1-distill-llama-8b,trivia_qa_validation_01366,0,0.105475,4
trivia_qa,r1-distill-llama-8b,trivia_qa_validation_07458,0,0.440544,2
trivia_qa,r1-distill-llama-8b,trivia_qa_validation_01883,1,0.633667,3
trivia_qa,r1-distill-llama-8b,trivia_qa_validation_14255,0,0.04146,1
trivia_qa,r1-distill-llama-8b,trivia_qa_validation_00591,0,0.527747,1
trivia_qa,r1-distill-llama-8b,trivia_qa_validation_10818,0,0.10309,1
trivia_qa,r1-distill-llama-8b,trivia_qa_validation_13177,0,0.682959,2
trivia_qa,r1-distill-llama-8b,trivia_qa_validation_08933,0,0.031875,3
trivia_qa,r1-distill-llama-8b,trivia_qa_validation_16046,1,0.181256,1
trivia_qa,r1-distill-llama-8b,trivia_qa_validation_11077,0,0.482995,3
trivia_qa,r1-distill-llama-8b,trivia_qa_validation_16190,0,0.561447,1
trivia_qa,r1-distill-llama-8b,trivia_qa_validation_16727,1,0.286702,5
trivia_qa,r1-distill-llama-8b,trivia_qa_validation_14999,0,0.360841,3
trivia_qa,r1-distill-llama-8b,trivia_qa_validation_01906,0,0.389494,2
trivia_qa,r1-distill-llama-8b,trivia_qa_validation_14350,1,0.734232,2
trivia_qa,r1-distill-llama-8b,trivia_qa_validation_13361,0,0.182097,4
trivia_qa,r1-distill-llama-8b,trivia_qa_validation_08206,0,0.050391,1
trivia_qa,r1-distill-llama-8b,trivia_qa_validation_10955,1,0.662687,4
trivia_qa,r1-distill-llama-8b,trivia_qa_validation_03780,0,0.522026,1
trivia_qa,r1-distill-llama-8b,trivia_qa_validation_03600,0,0.335721,3
trivia_qa,r1-distill-llama-8b,trivia_qa_validation_13199,0,0.447516,1
trivia_qa,r1-distill-llama-8b,trivia_qa_validation_00375,1,0.5477,4
trivia_qa,r1-distill-llama-8b,trivia_qa_validation_03752,1,0.540592,3
trivia_qa,r1-distill-llama-8b,trivia_qa_validation_10641,0,0.433292,5
trivia_qa,r1-distill-llama-8b,trivia_qa_validation_06744,1,0.63646,4
trivia_qa,r1-distill-llama-8b,trivia_qa_validation_01081,1,0.533285,1
trivia_qa,r1-distill-llama-8b,trivia_qa_validation_10157,1,0.48335,2
trivia_qa,r1-distill-llama-8b,trivia_qa_validation_03172,1,0.535207,2
trivia_qa,r1-distill-llama-8b,trivia_qa_validation_17673,1,0.797211,1
trivia_qa,r1-distill-llama-8b,trivia_qa_validation_14895,0,0.419087,5
trivia_qa,r1-distill-llama-8b,trivia_qa_validation_00064,1,0.398742,2
trivia_qa,r1-distill-llama-8b,trivia_qa_validation_00787,1,0.323044,3
trivia_qa,r1-distill-llama-8b,trivia_qa_validation_08496,0,0.48,3
trivia_qa,r1-distill-llama-8b,trivia_qa_validation_06234,0,0.13165,2
trivia_qa,r1-distill-llama-8b,trivia_qa_validation_00277,0,0.542172,5
trivia_qa,r1-distill-llama-8b,trivia_qa_validation_04031,1,0.349941,5
trivia_qa,r1-distill-llama-8b,trivia_qa_validation_04619,0,0.119542,2
trivia_qa,r1-distill-llama-8b,trivia_qa_validation_09944,0,0.564923,5
trivia_qa,r1-distill-llama-8b,trivia_qa_validation_10365,1,0.559409,5
trivia_qa,r1-distill-llama-8b,trivia_qa_validation_04211,1,0.401644,2
trivia_qa,r1-distill-llama-8b,trivia_qa_validation_01224,1,0.647213,3
trivia_qa,r1-distill-llama-8b,trivia_qa_validation_00412,0,0.457947,5
trivia_qa,r1-distill-llama-8b,trivia_qa_validation_08936,0,0.301189,3
trivia_qa,r1-distill-llama-8b,trivia_qa_validation_06107,1,0.132615,5
trivia_qa,r1-distill-llama-8b,trivia_qa_validation_12470,0,0.588415,1
trivia_qa,r1-distill-llama-8b,trivia_qa_validation_13149,0,0.425964,2
trivia_qa,r1-distill-llama-8b,trivia_qa_validation_12901,0,0.275832,3
trivia_qa,r1-distill-llama-8b,trivia_qa_validation_00716,0,0.428349,3
trivia_qa,r1-distill-llama-8b,trivia_qa_validation_00608,0,0.143013,3
trivia_qa,r1-distill-llama-8b,trivia_qa_validation_13701,1,0.553041,3
trivia_qa,r1-distill-llama-8b,trivia_qa_validation_08925,0,0.22016,1
trivia_qa,r1-distill-llama-8b,trivia_qa_validation_04562,1,0.39575,4
trivia_qa,r1-distill-llama-8b,trivia_qa_validation_09516,1,0.516529,4
trivia_qa,r1-distill-llama-8b,trivia_qa_validation_02833,0,0.451853,1
trivia_qa,r1-distill-llama-8b,trivia_qa_validation_00073,0,0.163528,3
trivia_qa,r1-distill-llama-8b,trivia_qa_validation_02820,0,0.379991,4
trivia_qa,r1-distill-llama-8b,trivia_qa_validation_07941,1,0.634975,1
trivia_qa,r1-distill-llama-8b,trivia_qa_validation_00450,0,0.339053,5
trivia_qa,r1-distill-llama-8b,trivia_qa_validation_12257,0,0.340584,1
trivia_qa,r1-distill-llama-8b,trivia_qa_validation_11885,0,0.247797,1
trivia_qa,r1-distill-llama-8b,trivia_qa_validation_09049,0,0.165936,5
trivia_qa,r1-distill-llama-8b,trivia_qa_validation_15912,0,0.190202,5
trivia_qa,r1-distill-llama-8b,trivia_qa_validation_12227,0,0.426939,1
trivia_qa,r1-distill-llama-8b,trivia_qa_validation_07174,0,0.620937,3
trivia_qa,r1-distill-llama-8b,trivia_qa_validation_15395,1,0.346209,2
trivia_qa,r1-distill-llama-8b,trivia_qa_validation_12988,0,0.672334,3
trivia_qa,r1-distill-llama-8b,trivia_qa_validation_02995,0,0.396993,5
trivia_qa,r1-distill-llama-8b,trivia_qa_validation_00899,0,0.324807,2
trivia_qa,r1-distill-llama-8b,trivia_qa_validation_09891,1,0.513829,3
trivia_qa,r1-distill-llama-8b,trivia_qa_validation_17099,0,0.219373,1
trivia_qa,r1-distill-llama-8b,trivia_qa_validation_16828,1,0.629587,4
trivia_qa,r1-distill-llama-8b,trivia_qa_validation_00780,1,0.678964,3
trivia_qa,r1-distill-llama-8b,trivia_qa_validation_10939,1,0.585575,3
trivia_qa,r1-distill-llama-8b,trivia_qa_validation_00686,1,0.63633,5
trivia_qa,r1-distill-llama-8b,trivia_qa_validation_11066,1,0.32263,1
trivia_qa,r1-distill-llama-8b,trivia_qa_validation_00315,0,0.184803,3
trivia_qa,r1-distill-llama-8b,trivia_qa_validation_12757,0,0.610393,1
trivia_qa,r1-distill-llama-8b,trivia_qa_validation_12617,1,0.469081,3
trivia_qa,r1-distill-llama-8b,trivia_qa_validation_10158,1,0.233371,2
trivia_qa,r1-distill-llama-8b,trivia_qa_validation_10368,0,0.112617,2
trivia_qa,r1-distill-llama-8b,trivia_qa_validation_13479,1,0.174422,1
trivia_qa,r1-distill-llama-8b,trivia_qa_validation_09320,0,0.357442,1
trivia_qa,r1-distill-llama-8b,trivia_qa_validation_01563,0,0.439013,2
trivia_qa,r1-distill-llama-8b,trivia_qa_validation_15635,0,0.046368,3
trivia_qa,r1-distill-llama-8b,trivia_qa_validation_13342,0,0.224322,5
trivia_qa,r1-distill-llama-8b,trivia_qa_validation_07741,0,0.238023,2
trivia_qa,r1-distill-llama-8b,trivia_qa_validation_16493,0,0.328897,5
trivia_qa,r1-distill-llama-8b,trivia_qa_validation_11201,0,0.502158,5
trivia_qa,r1-distill-llama-8b,trivia_qa_validation_10438,1,0.633572,1
trivia_qa,r1-distill-llama-8b,trivia_qa_validation_05441,1,0.391938,2
trivia_qa,r1-distill-llama-8b,trivia_qa_validation_07101,1,0.483173,5
trivia_qa,r1-distill-llama-8b,trivia_qa_validation_01851,0,0.532893,2
trivia_qa,r1-distill-llama-8b,trivia_qa_validation_09161,0,0.492018,5
trivia_qa,r1-distill-llama-8b,trivia_qa_validation_10402,0,0.313421,5
trivia_qa,r1-distill-llama-8b,trivia_qa_validation_08645,1,0.190451,1
trivia_qa,r1-distill-llama-8b,trivia_qa_validation_12847,0,0.427558,5
trivia_qa,r1-distill-llama-8b,trivia_qa_validation_11922,0,0.571784,1
trivia_qa,r1-distill-llama-8b,trivia_qa_validation_08999,0,0.098633,3
trivia_qa,r1-distill-llama-8b,trivia_qa_validation_03131,0,0.308668,2
trivia_qa,r1-distill-llama-8b,trivia_qa_validation_09993,0,0.224122,4
trivia_qa,r1-distill-llama-8b,trivia_qa_validation_11766,0,0.28016,5
trivia_qa,r1-distill-llama-8b,trivia_qa_validation_07344,0,0.030247,2
trivia_qa,r1-distill-llama-8b,trivia_qa_validation_08688,1,0.153698,5
trivia_qa,r1-distill-llama-8b,trivia_qa_validation_15804,0,0.728136,2
trivia_qa,r1-distill-llama-8b,trivia_qa_validation_17889,1,0.678315,1
trivia_qa,r1-distill-llama-8b,trivia_qa_validation_07199,1,0.348229,4
trivia_qa,r1-distill-llama-8b,trivia_qa_validation_06663,0,0.244993,4
trivia_qa,r1-distill-llama-8b,trivia_qa_validation_03344,1,0.482146,2
trivia_qa,r1-distill-llama-8b,trivia_qa_validation_07867,0,0.151487,5
trivia_qa,r1-distill-llama-8b,trivia_qa_validation_10198,0,0.263235,5
trivia_qa,r1-distill-llama-8b,trivia_qa_validation_06826,1,0.477363,2
trivia_qa,r1-distill-llama-8b,trivia_qa_validation_03353,0,0.046644,4
trivia_qa,r1-distill-llama-8b,trivia_qa_validation_14067,0,0.722335,1
trivia_qa,r1-distill-llama-8b,trivia_qa_validation_10370,0,0.283695,4
trivia_qa,r1-distill-llama-8b,trivia_qa_validation_14262,0,0.472441,1
trivia_qa,r1-distill-llama-8b,trivia_qa_validation_14825,1,0.339594,4
trivia_qa,r1-distill-llama-8b,trivia_qa_validation_05264,0,0.301112,4
trivia_qa,r1-distill-llama-8b,trivia_qa_validation_15216,0,0.093619,5
trivia_qa,r1-distill-llama-8b,trivia_qa_validation_02283,1,0.756029,4
trivia_qa,r1-distill-llama-8b,trivia_qa_validation_15256,0,0.64544,2
trivia_qa,r1-distill-llama-8b,trivia_qa_validation_06451,1,0.442438,2
trivia_qa,r1-distill-llama-8b,trivia_qa_validation_10292,0,0.165942,4
trivia_qa,r1-distill-llama-8b,trivia_qa_validation_10680,1,0.514188,5
trivia_qa,r1-distill-llama-8b,trivia_qa_validation_04779,1,0.577405,5
trivia_qa,r1-distill-llama-8b,trivia_qa_validation_06577,0,0.210678,4
trivia_qa,r1-distill-llama-8b,trivia_qa_validation_14376,0,0.581837,4
trivia_qa,r1-distill-llama-8b,trivia_qa_validation_03459,0,0.557001,2
trivia_qa,r1-distill-llama-8b,trivia_qa_validation_05100,0,0.083957,4
trivia_qa,r1-distill-llama-8b,trivia_qa_validation_04197,0,0.078485,3
trivia_qa,r1-distill-llama-8b,trivia_qa_validation_02484,1,0.737881,1
trivia_qa,r1-distill-llama-8b,trivia_qa_validation_00400,0,0.658315,3
trivia_qa,r1-distill-llama-8b,trivia_qa_validation_08919,0,0.083365,5
trivia_qa,r1-distill-llama-8b,trivia_qa_validation_03947,0,0.203487,5
trivia_qa,r1-distill-llama-8b,trivia_qa_validation_08119,0,0.305916,4
trivia_qa,r1-distill-llama-8b,trivia_qa_validation_04464,0,0.337409,1
trivia_qa,r1-distill-llama-8b,trivia_qa_validation_09553,0,0.548475,2
trivia_qa,r1-distill-llama-8b,trivia_qa_validation_14537,0,0.241061,3
trivia_qa,r1-distill-llama-8b,trivia_qa_validation_14480,0,0.436068,3
trivia_qa,r1-distill-llama-8b,trivia_qa_validation_14210,0,0.678932,4
trivia_qa,r1-distill-llama-8b,trivia_qa_validation_14435,0,0.213316,1
trivia_qa,r1-distill-llama-8b,trivia_qa_validation_06231,0,0.170748,1
trivia_qa,r1-distill-llama-8b,trivia_qa_validation_01155,0,0.147748,3
trivia_qa,r1-distill-llama-8b,trivia_qa_validation_05645,0,0.267472,5
trivia_qa,r1-distill-llama-8b,trivia_qa_validation_12517,1,0.662226,5
trivia_qa,r1-distill-llama-8b,trivia_qa_validation_00452,0,0.115291,3
trivia_qa,r1-distill-llama-8b,trivia_qa_validation_07470,0,0.494067,5
trivia_qa,r1-distill-llama-8b,trivia_qa_validation_08144,0,0.050997,3
trivia_qa,r1-distill-llama-8b,trivia_qa_validation_16340,0,0.332209,2
trivia_qa,r1-distill-llama-8b,trivia_qa_validation_12679,0,0.2517,3
trivia_qa,r1-distill-llama-8b,trivia_qa_validation_12764,0,0.197638,5
trivia_qa,r1-distill-llama-8b,trivia_qa_validation_04640,0,0.034482,1
trivia_qa,r1-distill-llama-8b,trivia_qa_validation_02844,1,0.487063,1
trivia_qa,r1-distill-llama-8b,trivia_qa_validation_09230,1,0.451017,2
trivia_qa,r1-distill-llama-8b,trivia_qa_validation_06552,0,0.097559,4
trivia_qa,r1-distill-llama-8b,trivia_qa_validation_06454,0,0.149965,3
trivia_qa,r1-distill-llama-8b,trivia_qa_validation_14637,1,0.558256,5
trivia_qa,r1-distill-llama-8b,trivia_qa_validation_14365,0,0.297051,2
trivia_qa,r1-distill-llama-8b,trivia_qa_validation_05184,1,0.675254,2
trivia_qa,r1-distill-llama-8b,trivia_qa_validation_03696,1,0.670011,4
trivia_qa,r1-distill-llama-8b,trivia_qa_validation_09642,1,0.392692,3
trivia_qa,r1-distill-llama-8b,trivia_qa_validation_15552,0,0.243122,5
trivia_qa,r1-distill-llama-8b,trivia_qa_validation_17529,0,0.623159,2
trivia_qa,r1-distill-llama-8b,trivia_qa_validation_15824,0,0.124395,5
trivia_qa,r1-distill-llama-8b,trivia_qa_validation_11432,1,0.424882,1
trivia_qa,r1-distill-llama-8b,trivia_qa_validation_00088,1,0.454233,1
trivia_qa,r1-distill-llama-8b,trivia_qa_validation_05568,0,0.518012,2
trivia_qa,r1-distill-llama-8b,trivia_qa_validation_05297,0,0.673033,4
trivia_qa,r1-distill-llama-8b,trivia_qa_validation_05647,0,0.353763,3
trivia_qa,r1-distill-llama-8b,trivia_qa_validation_04428,0,0.66486,5
trivia_qa,r1-distill-llama-8b,trivia_qa_validation_15982,1,0.638142,5
trivia_qa,r1-distill-llama-8b,trivia_qa_validation_01628,1,0.528684,2
trivia_qa,r1-distill-llama-8b,trivia_qa_validation_06553,1,0.514787,2
trivia_qa,r1-distill-llama-8b,trivia_qa_validation_16893,0,0.133613,2
trivia_qa,r1-distill-llama-8b,trivia_qa_validation_12938,0,0.335973,5
trivia_qa,r1-distill-llama-8b,trivia_qa_validation_12748,1,0.519262,2
trivia_qa,r1-distill-llama-8b,trivia_qa_validation_04674,0,0.372446,1
trivia_qa,r1-distill-llama-8b,trivia_qa_validation_00758,1,0.239147,2
trivia_qa,r1-distill-llama-8b,trivia_qa_validation_06687,1,0.589551,4
trivia_qa,r1-distill-llama-8b,trivia_qa_validation_17653,0,0.726897,2
trivia_qa,r1-distill-llama-8b,trivia_qa_validation_00839,1,0.665569,5
trivia_qa,r1-distill-llama-8b,trivia_qa_validation_15618,0,0.015091,3
trivia_qa,r1-distill-llama-8b,trivia_qa_validation_17514,1,0.20124,4
trivia_qa,r1-distill-llama-8b,trivia_qa_validation_09712,1,0.431523,1
trivia_qa,r1-distill-llama-8b,trivia_qa_validation_06599,0,0.370885,4
trivia_qa,r1-distill-llama-8b,trivia_qa_validation_13957,1,0.638307,1
trivia_qa,r1-distill-llama-8b,trivia_qa_validation_09104,0,0.059603,1
trivia_qa,r1-distill-llama-8b,trivia_qa_validation_15841,0,0.401799,3
trivia_qa,r1-distill-llama-8b,trivia_qa_validation_12985,0,0.260446,3
trivia_qa,r1-distill-llama-8b,trivia_qa_validation_16562,0,0.528923,3
trivia_qa,r1-distill-llama-8b,trivia_qa_validation_12540,0,0.114276,4
trivia_qa,r1-distill-llama-8b,trivia_qa_validation_17711,1,0.578682,2
trivia_qa,r1-distill-llama-8b,trivia_qa_validation_02769,1,0.6238,5
trivia_qa,r1-distill-llama-8b,trivia_qa_validation_03117,0,0.639981,2
trivia_qa,r1-distill-llama-8b,trivia_qa_validation_06956,0,0.255984,2
trivia_qa,r1-distill-llama-8b,trivia_qa_validation_10036,1,0.052398,1
trivia_qa,r1-distill-llama-8b,trivia_qa_validation_17234,1,0.586904,1
trivia_qa,r1-distill-llama-8b,trivia_qa_validation_17834,1,0.457537,2
trivia_qa,r1-distill-llama-8b,trivia_qa_validation_11451,0,0.126869,2
trivia_qa,r1-distill-llama-8b,trivia_qa_validation_07698,0,0.214454,3
trivia_qa,r1-distill-llama-8b,trivia_qa_validation_06495,0,0.443958,3
trivia_qa,r1-distill-llama-8b,trivia_qa_validation_02834,0,0.459675,4
trivia_qa,r1-distill-llama-8b,trivia_qa_validation_13215,1,0.522763,1
trivia_qa,r1-distill-llama-8b,trivia_qa_validation_09253,0,0.231812,5
trivia_qa,r1-distill-llama-8b,trivia_qa_validation_03995,1,0.387041,3
trivia_qa,r1-distill-llama-8b,trivia_qa_validation_06321,0,0.34249,4
trivia_qa,r1-distill-llama-8b,trivia_qa_validation_09116,0,0.527725,4
trivia_qa,r1-distill-llama-8b,trivia_qa_validation_00264,0,0.300671,5
trivia_qa,r1-distill-llama-8b,trivia_qa_validation_07058,0,0.289592,4
trivia_qa,r1-distill-llama-8b,trivia_qa_validation_03040,1,0.364804,4
trivia_qa,r1-distill-llama-8b,trivia_qa_validation_05423,1,0.703875,5
trivia_qa,r1-distill-llama-8b,trivia_qa_validation_08007,0,0.355166,2
trivia_qa,r1-distill-llama-8b,trivia_qa_validation_17843,1,0.688422,1
trivia_qa,r1-distill-llama-8b,trivia_qa_validation_12090,0,0.209554,4
trivia_qa,r1-distill-llama-8b,trivia_qa_validation_02437,1,0.350387,2
trivia_qa,r1-distill-llama-8b,trivia_qa_validation_00957,0,0.556794,2
trivia_qa,r1-distill-llama-8b,trivia_qa_validation_05479,1,0.58711,1
trivia_qa,r1-distill-llama-8b,trivia_qa_validation_09597,0,0.024808,3
trivia_qa,r1-distill-llama-8b,trivia_qa_validation_07565,0,0.151007,1
trivia_qa,r1-distill-llama-8b,trivia_qa_validation_08330,1,0.103515,2
trivia_qa,r1-distill-llama-8b,trivia_qa_validation_12501,1,0.503434,5
trivia_qa,r1-distill-llama-8b,trivia_qa_validation_17026,0,0.291613,2
trivia_qa,r1-distill-llama-8b,trivia_qa_validation_00046,0,0.501787,2
trivia_qa,r1-distill-llama-8b,trivia_qa_validation_00015,0,0.301561,5
trivia_qa,r1-distill-llama-8b,trivia_qa_validation_04598,1,0.12379,5
trivia_qa,r1-distill-llama-8b,trivia_qa_validation_09123,1,0.517563,1
trivia_qa,r1-distill-llama-8b,trivia_qa_validation_14269,0,0.11627,4
trivia_qa,r1-distill-llama-8b,trivia_qa_validation_16115,0,0.391993,4
trivia_qa,r1-distill-llama-8b,trivia_qa_validation_11593,0,0.473752,5
trivia_qa,r1-distill-llama-8b,trivia_qa_validation_06890,0,0.390463,4
trivia_qa,r1-distill-llama-8b,trivia_qa_validation_16436,0,0.2534,4
trivia_qa,r1-distill-llama-8b,trivia_qa_validation_12960,1,0.441402,1
trivia_qa,r1-distill-llama-8b,trivia_qa_validation_12299,1,0.533975,1
trivia_qa,r1-distill-llama-8b,trivia_qa_validation_07338,1,0.398846,5
trivia_qa,r1-distill-llama-8b,trivia_qa_validation_17206,0,0.513554,4
trivia_qa,r1-distill-llama-8b,trivia_qa_validation_00045,0,0.321017,3
trivia_qa,r1-distill-llama-8b,trivia_qa_validation_01317,0,0.14506,5
trivia_qa,r1-distill-llama-8b,trivia_qa_validation_16223,1,0.38728,3
trivia_qa,r1-distill-llama-8b,trivia_qa_validation_01824,0,0.123651,4
trivia_qa,r1-distill-llama-8b,trivia_qa_validation_15704,1,0.418972,4
trivia_qa,r1-distill-llama-8b,trivia_qa_validation_02305,0,0.366727,4
trivia_qa,r1-distill-llama-8b,trivia_qa_validation_04047,1,0.417919,3
trivia_qa,r1-distill-llama-8b,trivia_qa_validation_11337,0,0.265851,1
trivia_qa,r1-distill-llama-8b,trivia_qa_validation_03987,1,0.615844,2
trivia_qa,r1-distill-llama-8b,trivia_qa_validation_07019,0,0.023427,2
trivia_qa,r1-distill-llama-8b,trivia_qa_validation_02002,0,0.051559,4
trivia_qa,r1-distill-llama-8b,trivia_qa_validation_08224,1,0.603462,2
trivia_qa,r1-distill-llama-8b,trivia_qa_validation_13481,1,0.68991,5
trivia_qa,r1-distill-llama-8b,trivia_qa_validation_14457,0,0.048557,4
trivia_qa,r1-distill-llama-8b,trivia_qa_validation_14229,1,0.35252,1
trivia_qa,r1-distill-llama-8b,trivia_qa_validation_13625,0,0.566833,4
trivia_qa,r1-distill-llama-8b,trivia_qa_validation_12554,1,0.58797,1
trivia_qa,r1-distill-llama-8b,trivia_qa_validation_03119,0,0.325086,4
trivia_qa,r1-distill-llama-8b,trivia_qa_validation_09634,1,0.472945,5
trivia_qa,r1-distill-llama-8b,trivia_qa_validation_08915,0,0.197093,3
trivia_qa,r1-distill-llama-8b,trivia_qa_validation_07420,0,0.280864,2
trivia_qa,r1-distill-llama-8b,trivia_qa_validation_13542,0,0.404086,5
trivia_qa,r1-distill-llama-8b,trivia_qa_validation_11676,0,0.389375,2
trivia_qa,r1-distill-llama-8b,trivia_qa_validation_17159,0,0.247503,3
trivia_qa,r1-distill-llama-8b,trivia_qa_validation_09638,1,0.514743,3
trivia_qa,r1-distill-llama-8b,trivia_qa_validation_07495,0,0.452472,4
trivia_qa,r1-distill-llama-8b,trivia_qa_validation_09764,0,0.227759,2
trivia_qa,r1-distill-llama-8b,trivia_qa_validation_05874,0,0.328281,3
trivia_qa,r1-distill-llama-8b,trivia_qa_validation_11236,0,0.324289,2
trivia_qa,r1-distill-llama-8b,trivia_qa_validation_01707,1,0.252942,4
trivia_qa,r1-distill-llama-8b,trivia_qa_validation_03326,0,0.596856,2
trivia_qa,r1-distill-llama-8b,trivia_qa_validation_02825,1,0.223449,4
trivia_qa,r1-distill-llama-8b,trivia_qa_validation_06898,1,0.486128,3
trivia_qa,r1-distill-llama-8b,trivia_qa_validation_03363,0,0.114897,5
trivia_qa,r1-distill-llama-8b,trivia_qa_validation_00574,0,0.271487,3
trivia_qa,r1-distill-llama-8b,trivia_qa_validation_08073,0,0.170477,2
trivia_qa,r1-distill-llama-8b,trivia_qa_validation_09262,0,0.112516,1
trivia_qa,r1-distill-llama-8b,trivia_qa_validation_08944,0,0.136373,2
trivia_qa,r1-distill-llama-8b,trivia_qa_validation_05567,0,0.06644,4
trivia_qa,r1-distill-llama-8b,trivia_qa_validation_03670,1,0.697482,3
trivia_qa,r1-distill-llama-8b,trivia_qa_validation_15779,1,0.527582,4
trivia_qa,r1-distill-llama-8b,trivia_qa_validation_06876,0,0.360934,4
trivia_qa,r1-distill-llama-8b,trivia_qa_validation_13180,1,0.309891,3
trivia_qa,r1-distill-llama-8b,trivia_qa_validation_00954,1,0.417818,3
trivia_qa,r1-distill-llama-8b,trivia_qa_validation_04642,1,0.372994,5
trivia_qa,r1-distill-llama-8b,trivia_qa_validation_11008,0,0.145553,4
trivia_qa,r1-distill-llama-8b,trivia_qa_validation_11755,0,0.069512,2
trivia_qa,r1-distill-llama-8b,trivia_qa_validation_08976,0,0.547978,5
trivia_qa,r1-distill-llama-8b,trivia_qa_validation_03526,0,0.222919,4
trivia_qa,r1-distill-llama-8b,trivia_qa_validation_05359,0,0.225396,3
trivia_qa,r1-distill-llama-8b,trivia_qa_validation_05831,0,0.476013,2
trivia_qa,r1-distill-llama-8b,trivia_qa_validation_12222,0,0.395696,5
trivia_qa,r1-distill-llama-8b,trivia_qa_validation_02413,0,0.565916,3
trivia_qa,r1-distill-llama-8b,trivia_qa_validation_00559,1,0.291501,3
trivia_qa,r1-distill-llama-8b,trivia_qa_validation_11322,0,0.312571,5
trivia_qa,r1-distill-llama-8b,trivia_qa_validation_12263,0,0.175192,1
trivia_qa,r1-distill-llama-8b,trivia_qa_validation_07375,0,0.50549,1
trivia_qa,r1-distill-llama-8b,trivia_qa_validation_11180,0,0.261499,5
trivia_qa,r1-distill-llama-8b,trivia_qa_validation_14609,0,0.430978,4
trivia_qa,r1-distill-llama-8b,trivia_qa_validation_16983,1,0.620898,4
trivia_qa,r1-distill-llama-8b,trivia_qa_validation_03035,0,0.211873,2
trivia_qa,r1-distill-llama-8b,trivia_qa_validation_10195,1,0.259063,1
trivia_qa,r1-distill-llama-8b,trivia_qa_validation_04029,1,0.734642,5
trivia_qa,r1-distill-llama-8b,trivia_qa_validation_04916,1,0.501641,1
trivia_qa,r1-distill-llama-8b,trivia_qa_validation_04652,0,0.602935,5
trivia_qa,r1-distill-llama-8b,trivia_qa_validation_03007,1,0.63861,3
trivia_qa,r1-distill-llama-8b,trivia_qa_validation_00968,1,0.528373,5
trivia_qa,r1-distill-llama-8b,trivia_qa_validation_06380,0,0.316189,1
trivia_qa,r1-distill-llama-8b,trivia_qa_validation_13769,0,0.703724,2
trivia_qa,r1-distill-llama-8b,trivia_qa_validation_07125,1,0.663953,5
trivia_qa,r1-distill-llama-8b,trivia_qa_validation_00810,0,0.267979,1
trivia_qa,r1-distill-llama-8b,trivia_qa_validation_04212,1,0.549605,2
trivia_qa,r1-distill-llama-8b,trivia_qa_validation_02642,0,0.057593,3
trivia_qa,r1-distill-llama-8b,trivia_qa_validation_12833,1,0.631332,4
trivia_qa,r1-distill-llama-8b,trivia_qa_validation_00192,0,0.089468,1
trivia_qa,r1-distill-llama-8b,trivia_qa_validation_16982,0,0.544324,3
trivia_qa,r1-distill-llama-8b,trivia_qa_validation_14641,1,0.50198,5
trivia_qa,r1-distill-llama-8b,trivia_qa_validation_08669,0,0.068783,2
trivia_qa,r1-distill-llama-8b,trivia_qa_validation_06037,0,0.207493,5
trivia_qa,r1-distill-llama-8b,trivia_qa_validation_15439,0,0.573686,2
trivia_qa,r1-distill-llama-8b,trivia_qa_validation_08560,1,0.325671,1
trivia_qa,r1-distill-llama-8b,trivia_qa_validation_14118,1,0.330279,3
trivia_qa,r1-distill-llama-8b,trivia_qa_validation_06569,1,0.28419,4
trivia_qa,r1-distill-llama-8b,trivia_qa_validation_13554,0,0.252295,1
trivia_qa,r1-distill-llama-8b,trivia_qa_validation_13115,1,0.028,1
trivia_qa,r1-distill-llama-8b,trivia_qa_validation_11304,1,0.685374,5
trivia_qa,r1-distill-llama-8b,trivia_qa_validation_05519,0,0.263527,1
trivia_qa,r1-distill-llama-8b,trivia_qa_validation_03282,1,0.550573,4
trivia_qa,r1-distill-llama-8b,trivia_qa_validation_08727,0,0.185364,1
trivia_qa,r1-distill-llama-8b,trivia_qa_validation_16377,0,0.358192,2
trivia_qa,r1-distill-llama-8b,trivia_qa_validation_07969,0,0.260201,2
trivia_qa,r1-distill-llama-8b,trivia_qa_validation_06289,1,0.35431,1
trivia_qa,r1-distill-llama-8b,trivia_qa_validation_15611,0,0.533777,3
trivia_qa,r1-distill-llama-8b,trivia_qa_validation_07166,0,0.235859,4
trivia_qa,r1-distill-llama-8b,trivia_qa_validation_14389,1,0.61957,5
trivia_qa,r1-distill-llama-8b,trivia_qa_validation_05321,1,0.514722,2
trivia_qa,r1-distill-llama-8b,trivia_qa_validation_17007,1,0.747379,1
trivia_qa,r1-distill-llama-8b,trivia_qa_validation_04632,0,0.38845,5
trivia_qa,r1-distill-llama-8b,trivia_qa_validation_05991,0,0.46384,2
trivia_qa,r1-distill-llama-8b,trivia_qa_validation_00184,0,0.23865,5
trivia_qa,r1-distill-llama-8b,trivia_qa_validation_09763,0,0.603186,1
trivia_qa,r1-distill-llama-8b,trivia_qa_validation_09518,0,0.064912,1
trivia_qa,r1-distill-llama-8b,trivia_qa_validation_16639,1,0.112377,4
trivia_qa,r1-distill-llama-8b,trivia_qa_validation_09224,0,0.027467,3
trivia_qa,r1-distill-llama-8b,trivia_qa_validation_17608,0,0.547543,5
trivia_qa,r1-distill-llama-8b,trivia_qa_validation_06330,0,0.184689,4
trivia_qa,r1-distill-llama-8b,trivia_qa_validation_15429,0,0.35026,5
trivia_qa,r1-distill-llama-8b,trivia_qa_validation_05586,1,0.68749,1
trivia_qa,r1-distill-llama-8b,trivia_qa_validation_10691,0,0.21635,2
trivia_qa,r1-distill-llama-8b,trivia_qa_validation_15504,1,0.276596,1
trivia_qa,r1-distill-llama-8b,trivia_qa_validation_12758,1,0.565856,3
trivia_qa,r1-distill-llama-8b,trivia_qa_validation_04935,0,0.337094,5
trivia_qa,r1-distill-llama-8b,trivia_qa_validation_12705,0,0.248002,1
trivia_qa,r1-distill-llama-8b,trivia_qa_validation_10307,0,0.259913,5
trivia_qa,r1-distill-llama-8b,trivia_qa_validation_16861,0,0.560184,5
trivia_qa,r1-distill-llama-8b,trivia_qa_validation_04311,0,0.361676,2
trivia_qa,r1-distill-llama-8b,trivia_qa_validation_01872,0,0.07862,4
trivia_qa,r1-distill-llama-8b,trivia_qa_validation_15578,0,0.550247,3
trivia_qa,r1-distill-llama-8b,trivia_qa_validation_05318,0,0.625179,4
trivia_qa,r1-distill-llama-8b,trivia_qa_validation_12207,1,0.541195,4
trivia_qa,r1-distill-llama-8b,trivia_qa_validation_11540,1,0.411312,3
trivia_qa,r1-distill-llama-8b,trivia_qa_validation_14213,1,0.583126,4
trivia_qa,r1-distill-llama-8b,trivia_qa_validation_02288,0,0.424984,4
trivia_qa,r1-distill-llama-8b,trivia_qa_validation_02457,0,0.594565,3
trivia_qa,r1-distill-llama-8b,trivia_qa_validation_02449,1,0.403061,5
trivia_qa,r1-distill-llama-8b,trivia_qa_validation_03143,0,0.652488,2
trivia_qa,r1-distill-llama-8b,trivia_qa_validation_10312,1,0.614486,3
trivia_qa,r1-distill-llama-8b,trivia_qa_validation_07733,1,0.616298,3
trivia_qa,r1-distill-llama-8b,trivia_qa_validation_13133,0,0.335465,1
trivia_qa,r1-distill-llama-8b,trivia_qa_validation_13478,0,0.311675,3
trivia_qa,r1-distill-llama-8b,trivia_qa_validation_04417,1,0.614072,2
trivia_qa,r1-distill-llama-8b,trivia_qa_validation_04688,1,0.30853,3
trivia_qa,r1-distill-llama-8b,trivia_qa_validation_00576,0,0.528718,5
trivia_qa,r1-distill-llama-8b,trivia_qa_validation_01269,1,0.638564,5
trivia_qa,r1-distill-llama-8b,trivia_qa_validation_12288,0,0.37193,5
trivia_qa,r1-distill-llama-8b,trivia_qa_validation_12614,0,0.291885,4
trivia_qa,r1-distill-llama-8b,trivia_qa_validation_06335,0,0.134959,1
trivia_qa,r1-distill-llama-8b,trivia_qa_validation_09625,1,0.37094,3
trivia_qa,r1-distill-llama-8b,trivia_qa_validation_06659,0,0.148813,2
trivia_qa,r1-distill-llama-8b,trivia_qa_validation_06410,0,0.113872,4
trivia_qa,r1-distill-llama-8b,trivia_qa_validation_08319,0,0.524639,5
trivia_qa,r1-distill-llama-8b,trivia_qa_validation_13636,0,0.654271,2
trivia_qa,r1-distill-llama-8b,trivia_qa_validation_07588,1,0.517246,5
trivia_qa,r1-distill-llama-8b,trivia_qa_validation_00382,0,0.537325,4
trivia_qa,r1-distill-llama-8b,trivia_qa_validation_06409,1,0.75888,1
trivia_qa,r1-distill-llama-8b,trivia_qa_validation_08139,0,0.075549,2
trivia_qa,r1-distill-llama-8b,trivia_qa_validation_16555,1,0.58557,5
trivia_qa,r1-distill-llama-8b,trivia_qa_validation_08816,0,0.46033,1
trivia_qa,r1-distill-llama-8b,trivia_qa_validation_01660,0,0.277883,3
trivia_qa,r1-distill-llama-8b,trivia_qa_validation_06551,1,0.603924,2
trivia_qa,r1-distill-llama-8b,trivia_qa_validation_11168,0,0.133416,2
trivia_qa,r1-distill-llama-8b,trivia_qa_validation_08325,0,0.10704,1
trivia_qa,r1-distill-llama-8b,trivia_qa_validation_11958,0,0.30893,4
trivia_qa,r1-distill-llama-8b,trivia_qa_validation_02824,1,0.480988,2
trivia_qa,r1-distill-llama-8b,trivia_qa_validation_08656,0,0.126162,1
trivia_qa,r1-distill-llama-8b,trivia_qa_validation_10866,1,0.673115,3
trivia_qa,r1-distill-llama-8b,trivia_qa_validation_05539,0,0.185384,1
trivia_qa,r1-distill-llama-8b,trivia_qa_validation_09236,1,0.604434,3
trivia_qa,r1-distill-llama-8b,trivia_qa_validation_10550,0,0.202848,4
trivia_qa,r1-distill-llama-8b,trivia_qa_validation_14475,1,0.438851,1
trivia_qa,r1-distill-llama-8b,trivia_qa_validation_03911,0,0.427347,3
trivia_qa,r1-distill-llama-8b,trivia_qa_validation_01244,1,0.262937,3
trivia_qa,r1-distill-llama-8b,trivia_qa_validation_09996,0,0.132384,3
trivia_qa,r1-distill-llama-8b,trivia_qa_validation_07510,0,0.676193,2
trivia_qa,r1-distill-llama-8b,trivia_qa_validation_11128,0,0.505411,2
trivia_qa,r1-distill-llama-8b,trivia_qa_validation_05526,0,0.548296,1
trivia_qa,r1-distill-llama-8b,trivia_qa_validation_16310,1,0.497005,1
trivia_qa,r1-distill-llama-8b,trivia_qa_validation_17912,0,0.244809,5
trivia_qa,r1-distill-llama-8b,trivia_qa_validation_03045,1,0.465855,5
trivia_qa,r1-distill-llama-8b,trivia_qa_validation_01048,0,0.103532,2
trivia_qa,r1-distill-llama-8b,trivia_qa_validation_16448,0,0.054589,3
trivia_qa,r1-distill-llama-8b,trivia_qa_validation_03998,0,0.651652,4
trivia_qa,r1-distill-llama-8b,trivia_qa_validation_08162,0,0.388717,3
trivia_qa,r1-distill-llama-8b,trivia_qa_validation_01957,0,0.071978,4
trivia_qa,r1-distill-llama-8b,trivia_qa_validation_01813,0,0.108561,2
trivia_qa,r1-distill-llama-8b,trivia_qa_validation_06827,0,0.078693,4
trivia_qa,r1-distill-llama-8b,trivia_qa_validation_11844,0,0.212869,5
trivia_qa,r1-distill-llama-8b,trivia_qa_validation_01305,0,0.162568,2
trivia_qa,r1-distill-llama-8b,trivia_qa_validation_09774,1,0.637194,4
trivia_qa,r1-distill-llama-8b,trivia_qa_validation_14858,0,0.238582,1
trivia_qa,r1-distill-llama-8b,trivia_qa_validation_15970,0,0.351926,5
trivia_qa,r1-distill-llama-8b,trivia_qa_validation_09881,1,0.593085,4
trivia_qa,r1-distill-llama-8b,trivia_qa_validation_01887,0,0.182199,2
trivia_qa,r1-distill-llama-8b,trivia_qa_validation_03596,1,0.48353,5
trivia_qa,r1-distill-llama-8b,trivia_qa_validation_17095,0,0.4141,5
trivia_qa,r1-distill-llama-8b,trivia_qa_validation_04736,1,0.605919,3
trivia_qa,r1-distill-llama-8b,trivia_qa_validation_09426,0,0.135578,2
trivia_qa,r1-distill-llama-8b,trivia_qa_validation_06297,1,0.625284,2
trivia_qa,r1-distill-llama-8b,trivia_qa_validation_01243,0,0.134613,5
trivia_qa,r1-distill-llama-8b,trivia_qa_validation_03237,0,0.381198,1
trivia_qa,r1-distill-llama-8b,trivia_qa_validation_13654,0,0.490338,3
trivia_qa,r1-distill-llama-8b,trivia_qa_validation_08293,1,0.622888,5
trivia_qa,r1-distill-llama-8b,trivia_qa_validation_03167,1,0.557993,1
trivia_qa,r1-distill-llama-8b,trivia_qa_validation_07979,1,0.637353,3
trivia_qa,r1-distill-llama-8b,trivia_qa_validation_04874,0,0.153104,3
trivia_qa,r1-distill-llama-8b,trivia_qa_validation_05256,1,0.53219,2
trivia_qa,r1-distill-llama-8b,trivia_qa_validation_16478,1,0.60726,3
trivia_qa,r1-distill-llama-8b,trivia_qa_validation_06008,1,0.496943,3
trivia_qa,r1-distill-llama-8b,trivia_qa_validation_07853,0,0.307584,1
trivia_qa,r1-distill-llama-8b,trivia_qa_validation_01757,0,0.138222,3
trivia_qa,r1-distill-llama-8b,trivia_qa_validation_00254,0,0.640184,1
trivia_qa,r1-distill-llama-8b,trivia_qa_validation_09503,1,0.530178,4
trivia_qa,r1-distill-llama-8b,trivia_qa_validation_08256,0,0.409008,2
trivia_qa,r1-distill-llama-8b,trivia_qa_validation_00165,0,0.563843,1
trivia_qa,r1-distill-llama-8b,trivia_qa_validation_14833,0,0.312144,5
trivia_qa,r1-distill-llama-8b,trivia_qa_validation_11739,1,0.40847,4
trivia_qa,r1-distill-llama-8b,trivia_qa_validation_14837,0,0.037676,4
trivia_qa,r1-distill-llama-8b,trivia_qa_validation_13216,0,0.109205,2
trivia_qa,r1-distill-llama-8b,trivia_qa_validation_06785,0,0.039555,2
trivia_qa,r1-distill-llama-8b,trivia_qa_validation_10282,0,0.058031,1
trivia_qa,r1-distill-llama-8b,trivia_qa_validation_05089,0,0.514418,3
trivia_qa,r1-distill-llama-8b,trivia_qa_validation_06908,1,0.47849,1
trivia_qa,r1-distill-llama-8b,trivia_qa_validation_15553,0,0.479258,3
trivia_qa,r1-distill-llama-8b,trivia_qa_validation_07316,1,0.43634,5
trivia_qa,r1-distill-llama-8b,trivia_qa_validation_03888,1,0.635046,2
trivia_qa,r1-distill-llama-8b,trivia_qa_validation_09916,1,0.412665,5
trivia_qa,r1-distill-llama-8b,trivia_qa_validation_12738,0,0.228491,3
trivia_qa,r1-distill-llama-8b,trivia_qa_validation_03099,0,0.411889,4
trivia_qa,r1-distill-llama-8b,trivia_qa_validation_15150,0,0.53943,4
trivia_qa,r1-distill-llama-8b,trivia_qa_validation_10944,1,0.093305,4
trivia_qa,r1-distill-llama-8b,trivia_qa_validation_04194,0,0.147664,5
trivia_qa,r1-distill-llama-8b,trivia_qa_validation_00552,0,0.102593,3
trivia_qa,r1-distill-llama-8b,trivia_qa_validation_02570,0,0.419055,2
trivia_qa,r1-distill-llama-8b,trivia_qa_validation_07163,0,0.462482,2
trivia_qa,r1-distill-llama-8b,trivia_qa_validation_06215,0,0.366697,4
trivia_qa,r1-distill-llama-8b,trivia_qa_validation_11403,1,0.433367,3
trivia_qa,r1-distill-llama-8b,trivia_qa_validation_01583,0,0.403762,5
trivia_qa,r1-distill-llama-8b,trivia_qa_validation_07236,1,0.613155,5
trivia_qa,r1-distill-llama-8b,trivia_qa_validation_02418,0,0.399688,1
trivia_qa,r1-distill-llama-8b,trivia_qa_validation_02307,1,0.663471,2
trivia_qa,r1-distill-llama-8b,trivia_qa_validation_17862,1,0.571827,3
trivia_qa,r1-distill-llama-8b,trivia_qa_validation_03564,0,0.269108,4
trivia_qa,r1-distill-llama-8b,trivia_qa_validation_14532,0,0.613116,1
trivia_qa,r1-distill-llama-8b,trivia_qa_validation_15759,0,0.547288,5
trivia_qa,r1-distill-llama-8b,trivia_qa_validation_02898,0,0.003182,1
trivia_qa,r1-distill-llama-8b,trivia_qa_validation_03231,1,0.381575,1
trivia_qa,r1-distill-llama-8b,trivia_qa_validation_08321,0,0.042118,2
trivia_qa,r1-distill-llama-8b,trivia_qa_validation_05774,0,0.273708,1
trivia_qa,r1-distill-llama-8b,trivia_qa_validation_11957,0,0.218766,5
trivia_qa,r1-distill-llama-8b,trivia_qa_validation_08244,1,0.687551,1
trivia_qa,r1-distill-llama-8b,trivia_qa_validation_05419,1,0.492079,3
trivia_qa,r1-distill-llama-8b,trivia_qa_validation_14522,1,0.58154,5
trivia_qa,r1-distill-llama-8b,trivia_qa_validation_02106,0,0.132513,4
trivia_qa,r1-distill-llama-8b,trivia_qa_validation_12553,1,0.380457,4
trivia_qa,r1-distill-llama-8b,trivia_qa_validation_08926,0,0.280574,4
trivia_qa,r1-distill-llama-8b,trivia_qa_validation_15063,1,0.621825,3
trivia_qa,r1-distill-llama-8b,trivia_qa_validation_14942,0,0.266923,4
trivia_qa,r1-distill-llama-8b,trivia_qa_validation_09813,0,0.62022,1
trivia_qa,r1-distill-llama-8b,trivia_qa_validation_06729,1,0.726016,3
trivia_qa,r1-distill-llama-8b,trivia_qa_validation_04822,0,0.526784,3
trivia_qa,r1-distill-llama-8b,trivia_qa_validation_02890,1,0.517794,2
trivia_qa,r1-distill-llama-8b,trivia_qa_validation_13779,1,0.559199,3
trivia_qa,r1-distill-llama-8b,trivia_qa_validation_14359,0,0.417322,3
trivia_qa,r1-distill-llama-8b,trivia_qa_validation_01700,0,0.061848,3
trivia_qa,r1-distill-llama-8b,trivia_qa_validation_15638,0,0.180071,1
trivia_qa,r1-distill-llama-8b,trivia_qa_validation_03362,0,0.209463,3
trivia_qa,r1-distill-llama-8b,trivia_qa_validation_04721,0,0.180355,4
trivia_qa,r1-distill-llama-8b,trivia_qa_validation_03303,0,0.19721,3
trivia_qa,r1-distill-llama-8b,trivia_qa_validation_06978,0,0.113914,2
trivia_qa,r1-distill-llama-8b,trivia_qa_validation_16241,1,0.115867,1
trivia_qa,r1-distill-llama-8b,trivia_qa_validation_17918,0,0.337883,5
trivia_qa,r1-distill-llama-8b,trivia_qa_validation_15357,1,0.350214,4
trivia_qa,r1-distill-llama-8b,trivia_qa_validation_05019,0,0.126693,5
trivia_qa,r1-distill-llama-8b,trivia_qa_validation_06211,0,0.067064,5
trivia_qa,r1-distill-llama-8b,trivia_qa_validation_11926,1,0.438861,4
trivia_qa,r1-distill-llama-8b,trivia_qa_validation_03640,1,0.671668,2
trivia_qa,r1-distill-llama-8b,trivia_qa_validation_03927,1,0.654778,1
trivia_qa,r1-distill-llama-8b,trivia_qa_validation_14928,0,0.240779,5
trivia_qa,r1-distill-llama-8b,trivia_qa_validation_12834,1,0.377423,2
trivia_qa,r1-distill-llama-8b,trivia_qa_validation_09497,0,0.559063,3
trivia_qa,r1-distill-llama-8b,trivia_qa_validation_02033,0,0.665128,2
trivia_qa,r1-distill-llama-8b,trivia_qa_validation_03233,0,0.585106,5
trivia_qa,r1-distill-llama-8b,trivia_qa_validation_10014,0,0.312615,5
trivia_qa,r1-distill-llama-8b,trivia_qa_validation_15187,1,0.605571,4
trivia_qa,r1-distill-llama-8b,trivia_qa_validation_08965,1,0.564763,3
trivia_qa,r1-distill-llama-8b,trivia_qa_validation_05066,1,0.271641,5
trivia_qa,r1-distill-llama-8b,trivia_qa_validation_12559,0,0.578357,1
trivia_qa,r1-distill-llama-8b,trivia_qa_validation_06603,1,0.218035,4
trivia_qa,r1-distill-llama-8b,trivia_qa_validation_08453,1,0.538208,4
trivia_qa,r1-distill-llama-8b,trivia_qa_validation_14931,0,0.160068,5
trivia_qa,r1-distill-llama-8b,trivia_qa_validation_15106,0,0.066526,3
trivia_qa,r1-distill-llama-8b,trivia_qa_validation_10591,0,0.251826,1
trivia_qa,r1-distill-llama-8b,trivia_qa_validation_03936,0,0.127952,3
trivia_qa,r1-distill-llama-8b,trivia_qa_validation_11173,0,0.344931,4
trivia_qa,r1-distill-llama-8b,trivia_qa_validation_00846,1,0.427871,3
trivia_qa,r1-distill-llama-8b,trivia_qa_validation_03873,0,0.437805,2
trivia_qa,r1-distill-llama-8b,trivia_qa_validation_03973,0,0.481888,3
trivia_qa,r1-distill-llama-8b,trivia_qa_validation_02775,0,0.108103,2
trivia_qa,r1-distill-llama-8b,trivia_qa_validation_05687,1,0.375698,3
trivia_qa,r1-distill-llama-8b,trivia_qa_validation_09848,1,0.222856,2
trivia_qa,r1-distill-llama-8b,trivia_qa_validation_06820,0,0.295703,4
trivia_qa,r1-distill-llama-8b,trivia_qa_validation_14907,1,0.627342,2
trivia_qa,r1-distill-llama-8b,trivia_qa_validation_11989,1,0.390215,4
trivia_qa,r1-distill-llama-8b,trivia_qa_validation_07038,0,0.561817,4
trivia_qa,r1-distill-llama-8b,trivia_qa_validation_03319,0,0.530591,5
trivia_qa,r1-distill-llama-8b,trivia_qa_validation_02548,0,0.424398,3
trivia_qa,r1-distill-llama-8b,trivia_qa_validation_04261,1,0.350348,3
trivia_qa,r1-distill-llama-8b,trivia_qa_validation_14853,1,0.620008,1
trivia_qa,r1-distill-llama-8b,trivia_qa_validation_07931,0,0.390535,3
trivia_qa,r1-distill-llama-8b,trivia_qa_validation_09718,0,0.6385,2
trivia_qa,r1-distill-llama-8b,trivia_qa_validation_05292,0,0.170382,1
trivia_qa,r1-distill-llama-8b,trivia_qa_validation_13456,0,0.102966,4
trivia_qa,r1-distill-llama-8b,trivia_qa_validation_09330,0,0.198383,1
trivia_qa,r1-distill-llama-8b,trivia_qa_validation_07136,0,0.247489,4
trivia_qa,r1-distill-llama-8b,trivia_qa_validation_14543,0,0.519201,3
trivia_qa,r1-distill-llama-8b,trivia_qa_validation_12564,1,0.593102,3
trivia_qa,r1-distill-llama-8b,trivia_qa_validation_02672,0,0.045326,2
trivia_qa,r1-distill-llama-8b,trivia_qa_validation_01604,1,0.220843,2
trivia_qa,r1-distill-llama-8b,trivia_qa_validation_07684,1,0.550551,1
trivia_qa,r1-distill-llama-8b,trivia_qa_validation_01782,0,0.155622,4
trivia_qa,r1-distill-llama-8b,trivia_qa_validation_17582,0,0.427879,2
trivia_qa,r1-distill-llama-8b,trivia_qa_validation_16071,0,0.196598,1
trivia_qa,r1-distill-llama-8b,trivia_qa_validation_02529,0,0.473307,1
trivia_qa,r1-distill-llama-8b,trivia_qa_validation_06312,0,0.293143,1
trivia_qa,r1-distill-llama-8b,trivia_qa_validation_15880,0,0.248079,3
trivia_qa,r1-distill-llama-8b,trivia_qa_validation_11305,0,0.073209,4
trivia_qa,r1-distill-llama-8b,trivia_qa_validation_13979,1,0.747522,1
trivia_qa,r1-distill-llama-8b,trivia_qa_validation_13336,1,0.413565,2
trivia_qa,r1-distill-llama-8b,trivia_qa_validation_08509,1,0.15531,3
trivia_qa,r1-distill-llama-8b,trivia_qa_validation_13845,1,0.360883,1
trivia_qa,r1-distill-llama-8b,trivia_qa_validation_13351,0,0.413411,1
mmlu_pro,qwq-32b,mmlu_pro_test_04946,0,0.714059,5
mmlu_pro,qwq-32b,mmlu_pro_test_06900,1,0.944669,1
mmlu_pro,qwq-32b,mmlu_pro_test_03199,1,0.957532,2
mmlu_pro,qwq-32b,mmlu_pro_test_00399,0,0.97651,5
mmlu_pro,qwq-32b,mmlu_pro_test_06405,1,0.970269,4
mmlu_pro,qwq-32b,mmlu_pro_test_02736,1,0.965399,3
mmlu_pro,qwq-32b,mmlu_pro_test_08299,1,0.947422,1
mmlu_pro,qwq-32b,mmlu_pro_test_11265,1,0.95104,5
mmlu_pro,qwq-32b,mmlu_pro_test_02400,1,0.92637,2
mmlu_pro,qwq-32b,mmlu_pro_test_00612,0,0.77211,1
mmlu_pro,qwq-32b,mmlu_pro_test_02961,1,0.945277,2
mmlu_pro,qwq-32b,mmlu_pro_test_08614,1,0.970049,2
mmlu_pro,qwq-32b,mmlu_pro_test_00706,0,0.956767,4
mmlu_pro,qwq-32b,mmlu_pro_test_05716,1,0.788981,3
mmlu_pro,qwq-32b,mmlu_pro_test_11338,1,0.921488,3
mmlu_pro,qwq-32b,mmlu_pro_test_07664,1,0.988448,3
mmlu_pro,qwq-32b,mmlu_pro_test_09605,1,0.959861,3
mmlu_pro,qwq-32b,mmlu_pro_test_02354,1,0.896179,1
mmlu_pro,qwq-32b,mmlu_pro_test_05252,1,0.892593,5
mmlu_pro,qwq-32b,mmlu_pro_test_01206,1,0.935828,3
mmlu_pro,qwq-32b,mmlu_pro_test_10247,1,0.873364,4
mmlu_pro,qwq-32b,mmlu_pro_test_07963,1,0.961306,5
mmlu_pro,qwq-32b,mmlu_pro_test_08489,1,0.956129,1
mmlu_pro,qwq-32b,mmlu_pro_test_07315,1,0.738478,1
mmlu_pro,qwq-32b,mmlu_pro_test_03640,1,0.970753,3
mmlu_pro,qwq-32b,mmlu_pro_test_05875,1,0.923277,1
mmlu_pro,qwq-32b,mmlu_pro_test_00209,1,0.972492,4
mmlu_pro,qwq-32b,mmlu_pro_test_10639,0,0.700397,1
mmlu_pro,qwq-32b,mmlu_pro_test_07624,1,0.96444,1
mmlu_pro,qwq-32b,mmlu_pro_test_08841,1,0.970979,5
mmlu_pro,qwq-32b,mmlu_pro_test_10104,1,0.96434,5
mmlu_pro,qwq-32b,mmlu_pro_test_00714,1,0.956294,2
mmlu_pro,qwq-32b,mmlu_pro_test_08182,1,0.905394,3
mmlu_pro,qwq-32b,mmlu_pro_test_07610,1,0.747182,5
mmlu_pro,qwq-32b,mmlu_pro_test_03821,1,0.980701,1
mmlu_pro,qwq-32b,mmlu_pro_test_02666,1,0.915052,5
mmlu_pro,qwq-32b,mmlu_pro_test_00552,1,0.952357,1
mmlu_pro,qwq-32b,mmlu_pro_test_04762,1,0.881663,2
mmlu_pro,qwq-32b,mmlu_pro_test_10305,1,0.958228,5
mmlu_pro,qwq-32b,mmlu_pro_test_10990,1,0.908159,5
mmlu_pro,qwq-32b,mmlu_pro_test_10273,1,0.934435,2
mmlu_pro,qwq-32b,mmlu_pro_test_07465,1,0.960323,1
mmlu_pro,qwq-32b,mmlu_pro_test_07227,1,0.94621,5
mmlu_pro,qwq-32b,mmlu_pro_test_08081,1,0.954174,2
mmlu_pro,qwq-32b,mmlu_pro_test_02006,1,0.939451,2
mmlu_pro,qwq-32b,mmlu_pro_test_06169,1,0.982388,2
mmlu_pro,qwq-32b,mmlu_pro_test_00777,1,0.969667,4
mmlu_pro,qwq-32b,mmlu_pro_test_03086,1,0.933747,5
mmlu_pro,qwq-32b,mmlu_pro_test_06764,0,0.904862,3
mmlu_pro,qwq-32b,mmlu_pro_test_04577,1,0.80498,1
mmlu_pro,qwq-32b,mmlu_pro_test_07588,1,0.954704,4
mmlu_pro,qwq-32b,mmlu_pro_test_04648,1,0.876463,1
mmlu_pro,qwq-32b,mmlu_pro_test_07073,1,0.961544,4
mmlu_pro,qwq-32b,mmlu_pro_test_02543,1,0.867522,3
mmlu_pro,qwq-32b,mmlu_pro_test_09545,1,0.985456,3
mmlu_pro,qwq-32b,mmlu_pro_test_05814,1,0.973207,4
mmlu_pro,qwq-32b,mmlu_pro_test_02239,1,0.781543,1
mmlu_pro,qwq-32b,mmlu_pro_test_04600,1,0.943769,1
mmlu_pro,qwq-32b,mmlu_pro_test_03938,1,0.972691,5
mmlu_pro,qwq-32b,mmlu_pro_test_08707,1,0.985028,3
mmlu_pro,qwq-32b,mmlu_pro_test_06047,1,0.91231,1
mmlu_pro,qwq-32b,mmlu_pro_test_10314,1,0.532119,3
mmlu_pro,qwq-32b,mmlu_pro_test_07781,1,0.928434,2
mmlu_pro,qwq-32b,mmlu_pro_test_01909,1,0.599655,4
mmlu_pro,qwq-32b,mmlu_pro_test_07841,1,0.974789,1
mmlu_pro,qwq-32b,mmlu_pro_test_02367,1,0.806469,3
mmlu_pro,qwq-32b,mmlu_pro_test_03243,1,0.758595,1
mmlu_pro,qwq-32b,mmlu_pro_test_03551,1,0.958024,4
mmlu_pro,qwq-32b,mmlu_pro_test_00105,1,0.875223,1
mmlu_pro,qwq-32b,mmlu_pro_test_10480,1,0.921945,3
mmlu_pro,qwq-32b,mmlu_pro_test_07621,1,0.938839,4
mmlu_pro,qwq-32b,mmlu_pro_test_06374,1,0.909425,4
mmlu_pro,qwq-32b,mmlu_pro_test_04854,1,0.924576,4
mmlu_pro,qwq-32b,mmlu_pro_test_01994,1,0.931901,5
mmlu_pro,qwq-32b,mmlu_pro_test_08531,1,0.484336,2
mmlu_pro,qwq-32b,mmlu_pro_test_07336,1,0.9285,5
mmlu_pro,qwq-32b,mmlu_pro_test_06826,1,0.950322,1
mmlu_pro,qwq-32b,mmlu_pro_test_03296,1,0.78046,3
mmlu_pro,qwq-32b,mmlu_pro_test_04641,1,0.942289,1
mmlu_pro,qwq-32b,mmlu_pro_test_06683,1,0.912038,4
mmlu_pro,qwq-32b,mmlu_pro_test_10242,1,0.952087,2
mmlu_pro,qwq-32b,mmlu_pro_test_06474,1,0.928603,1
mmlu_pro,qwq-32b,mmlu_pro_test_00075,1,0.974434,2
mmlu_pro,qwq-32b,mmlu_pro_test_01510,1,0.940345,3
mmlu_pro,qwq-32b,mmlu_pro_test_07068,1,0.887983,1
mmlu_pro,qwq-32b,mmlu_pro_test_04667,0,0.810731,2
mmlu_pro,qwq-32b,mmlu_pro_test_04596,1,0.767462,5
mmlu_pro,qwq-32b,mmlu_pro_test_11048,0,0.939767,1
mmlu_pro,qwq-32b,mmlu_pro_test_08599,1,0.972313,5
mmlu_pro,qwq-32b,mmlu_pro_test_06330,1,0.907779,2
mmlu_pro,qwq-32b,mmlu_pro_test_09589,1,0.984912,4
mmlu_pro,qwq-32b,mmlu_pro_test_10859,1,0.926185,5
mmlu_pro,qwq-32b,mmlu_pro_test_05334,1,0.8872,3
mmlu_pro,qwq-32b,mmlu_pro_test_02899,1,0.971764,4
mmlu_pro,qwq-32b,mmlu_pro_test_06094,1,0.931204,1
mmlu_pro,qwq-32b,mmlu_pro_test_10249,1,0.905483,3
mmlu_pro,qwq-32b,mmlu_pro_test_03186,1,0.956177,3
mmlu_pro,qwq-32b,mmlu_pro_test_00193,1,0.887839,1
mmlu_pro,qwq-32b,mmlu_pro_test_03128,1,0.930163,1
mmlu_pro,qwq-32b,mmlu_pro_test_06423,1,0.939907,2
mmlu_pro,qwq-32b,mmlu_pro_test_04220,1,0.963288,1
mmlu_pro,qwq-32b,mmlu_pro_test_07547,1,0.96883,3
mmlu_pro,qwq-32b,mmlu_pro_test_03546,1,0.968744,4
mmlu_pro,qwq-32b,mmlu_pro_test_05346,1,0.644589,1
mmlu_pro,qwq-32b,mmlu_pro_test_07670,1,0.972805,1
mmlu_pro,qwq-32b,mmlu_pro_test_01054,1,0.940136,3
mmlu_pro,qwq-32b,mmlu_pro_test_09458,1,0.931884,3
mmlu_pro,qwq-32b,mmlu_pro_test_07105,1,0.93223,2
mmlu_pro,qwq-32b,mmlu_pro_test_03107,1,0.873724,5
mmlu_pro,qwq-32b,mmlu_pro_test_10196,1,0.978607,1
mmlu_pro,qwq-32b,mmlu_pro_test_10696,0,0.403715,2
mmlu_pro,qwq-32b,mmlu_pro_test_02622,1,0.957078,1
mmlu_pro,qwq-32b,mmlu_pro_test_02098,1,0.957919,1
mmlu_pro,qwq-32b,mmlu_pro_test_02310,1,0.887951,2
mmlu_pro,qwq-32b,mmlu_pro_test_04768,1,0.961434,3
mmlu_pro,qwq-32b,mmlu_pro_test_00538,1,0.988199,5
mmlu_pro,qwq-32b,mmlu_pro_test_08558,1,0.880238,1
mmlu_pro,qwq-32b,mmlu_pro_test_02212,1,0.920763,5
mmlu_pro,qwq-32b,mmlu_pro_test_00294,1,0.903205,2
mmlu_pro,qwq-32b,mmlu_pro_test_01352,0,0.892965,5
mmlu_pro,qwq-32b,mmlu_pro_test_00677,1,0.958263,1
mmlu_pro,qwq-32b,mmlu_pro_test_06106,1,0.760375,5
mmlu_pro,qwq-32b,mmlu_pro_test_01153,1,0.961627,1
mmlu_pro,qwq-32b,mmlu_pro_test_05645,1,0.934714,4
mmlu_pro,qwq-32b,mmlu_pro_test_01105,0,0.846774,5
mmlu_pro,qwq-32b,mmlu_pro_test_06414,1,0.945103,3
mmlu_pro,qwq-32b,mmlu_pro_test_03360,1,0.843172,3
mmlu_pro,qwq-32b,mmlu_pro_test_01281,0,0.754533,1
mmlu_pro,qwq-32b,mmlu_pro_test_06933,1,0.969237,2
mmlu_pro,qwq-32b,mmlu_pro_test_01741,1,0.861679,1
mmlu_pro,qwq-32b,mmlu_pro_test_07300,1,0.933875,2
mmlu_pro,qwq-32b,mmlu_pro_test_10821,0,0.834178,4
mmlu_pro,qwq-32b,mmlu_pro_test_00578,1,0.98523,5
mmlu_pro,qwq-32b,mmlu_pro_test_01115,1,0.864731,3
mmlu_pro,qwq-32b,mmlu_pro_test_09552,1,0.958571,3
mmlu_pro,qwq-32b,mmlu_pro_test_06472,1,0.862607,1
mmlu_pro,qwq-32b,mmlu_pro_test_00233,1,0.94082,2
mmlu_pro,qwq-32b,mmlu_pro_test_00881,1,0.882292,2
mmlu_pro,qwq-32b,mmlu_pro_test_06356,1,0.870985,5
mmlu_pro,qwq-32b,mmlu_pro_test_05571,0,0.853198,2
mmlu_pro,qwq-32b,mmlu_pro_test_05042,1,0.985107,4
mmlu_pro,qwq-32b,mmlu_pro_test_12001,1,0.968946,4
mmlu_pro,qwq-32b,mmlu_pro_test_09661,1,0.970912,3
mmlu_pro,qwq-32b,mmlu_pro_test_08046,1,0.930695,3
mmlu_pro,qwq-32b,mmlu_pro_test_11328,1,0.982386,3
mmlu_pro,qwq-32b,mmlu_pro_test_09027,1,0.915467,1
mmlu_pro,qwq-32b,mmlu_pro_test_06430,1,0.898815,5
mmlu_pro,qwq-32b,mmlu_pro_test_09215,1,0.980718,3
mmlu_pro,qwq-32b,mmlu_pro_test_08916,0,0.970808,3
mmlu_pro,qwq-32b,mmlu_pro_test_03285,1,0.929176,4
mmlu_pro,qwq-32b,mmlu_pro_test_00232,1,0.985719,3
mmlu_pro,qwq-32b,mmlu_pro_test_07952,1,0.988743,4
mmlu_pro,qwq-32b,mmlu_pro_test_02613,1,0.943083,5
mmlu_pro,qwq-32b,mmlu_pro_test_07051,0,0.97094,4
mmlu_pro,qwq-32b,mmlu_pro_test_06654,1,0.796812,4
mmlu_pro,qwq-32b,mmlu_pro_test_08077,1,0.870457,2
mmlu_pro,qwq-32b,mmlu_pro_test_00654,1,0.985871,3
mmlu_pro,qwq-32b,mmlu_pro_test_01114,1,0.886247,3
mmlu_pro,qwq-32b,mmlu_pro_test_02376,1,0.636563,3
mmlu_pro,qwq-32b,mmlu_pro_test_10943,1,0.783488,2
mmlu_pro,qwq-32b,mmlu_pro_test_01822,0,0.765036,1
mmlu_pro,qwq-32b,mmlu_pro_test_08513,1,0.97122,1
mmlu_pro,qwq-32b,mmlu_pro_test_06409,1,0.642456,4
mmlu_pro,qwq-32b,mmlu_pro_test_05509,1,0.842784,4
mmlu_pro,qwq-32b,mmlu_pro_test_07012,1,0.842066,3
mmlu_pro,qwq-32b,mmlu_pro_test_07233,1,0.965201,3
mmlu_pro,qwq-32b,mmlu_pro_test_04296,1,0.913989,4
mmlu_pro,qwq-32b,mmlu_pro_test_06365,1,0.93743,1
mmlu_pro,qwq-32b,mmlu_pro_test_00031,1,0.972262,1
mmlu_pro,qwq-32b,mmlu_pro_test_09953,1,0.975558,2
mmlu_pro,qwq-32b,mmlu_pro_test_02676,1,0.660922,2
mmlu_pro,qwq-32b,mmlu_pro_test_07131,0,0.959917,2
mmlu_pro,qwq-32b,mmlu_pro_test_07275,1,0.938407,1
mmlu_pro,qwq-32b,mmlu_pro_test_09210,1,0.966782,3
mmlu_pro,qwq-32b,mmlu_pro_test_01748,1,0.959204,5
mmlu_pro,qwq-32b,mmlu_pro_test_10194,1,0.838413,3
mmlu_pro,qwq-32b,mmlu_pro_test_07176,1,0.876193,4
mmlu_pro,qwq-32b,mmlu_pro_test_00102,1,0.98761,3
mmlu_pro,qwq-32b,mmlu_pro_test_01799,0,0.816015,4
mmlu_pro,qwq-32b,mmlu_pro_test_05306,1,0.97758,3
mmlu_pro,qwq-32b,mmlu_pro_test_02443,1,0.929624,3
mmlu_pro,qwq-32b,mmlu_pro_test_05266,1,0.946792,2
mmlu_pro,qwq-32b,mmlu_pro_test_05079,1,0.918275,2
mmlu_pro,qwq-32b,mmlu_pro_test_07938,1,0.961549,1
mmlu_pro,qwq-32b,mmlu_pro_test_02199,1,0.725666,1
mmlu_pro,qwq-32b,mmlu_pro_test_00801,1,0.307086,1
mmlu_pro,qwq-32b,mmlu_pro_test_06048,1,0.978233,5
mmlu_pro,qwq-32b,mmlu_pro_test_04601,1,0.816026,5
mmlu_pro,qwq-32b,mmlu_pro_test_08357,1,0.874516,1
mmlu_pro,qwq-32b,mmlu_pro_test_06758,1,0.929316,1
mmlu_pro,qwq-32b,mmlu_pro_test_05350,1,0.892907,2
mmlu_pro,qwq-32b,mmlu_pro_test_00692,1,0.973351,5
mmlu_pro,qwq-32b,mmlu_pro_test_07604,1,0.981372,3
mmlu_pro,qwq-32b,mmlu_pro_test_02247,1,0.677597,4
mmlu_pro,qwq-32b,mmlu_pro_test_00144,1,0.973348,3
mmlu_pro,qwq-32b,mmlu_pro_test_08773,1,0.930982,4
mmlu_pro,qwq-32b,mmlu_pro_test_03337,1,0.818841,5
mmlu_pro,qwq-32b,mmlu_pro_test_05298,0,0.59609,1
mmlu_pro,qwq-32b,mmlu_pro_test_02279,1,0.923004,5
mmlu_pro,qwq-32b,mmlu_pro_test_06777,1,0.9681,1
mmlu_pro,qwq-32b,mmlu_pro_test_03188,1,0.971017,4
mmlu_pro,qwq-32b,mmlu_pro_test_04250,1,0.954732,3
mmlu_pro,qwq-32b,mmlu_pro_test_02173,1,0.903472,5
mmlu_pro,qwq-32b,mmlu_pro_test_05556,1,0.960858,1
mmlu_pro,qwq-32b,mmlu_pro_test_00728,1,0.974666,1
mmlu_pro,qwq-32b,mmlu_pro_test_10423,1,0.953283,2
mmlu_pro,qwq-32b,mmlu_pro_test_05818,1,0.94764,4
mmlu_pro,qwq-32b,mmlu_pro_test_09505,1,0.984453,4
mmlu_pro,qwq-32b,mmlu_pro_test_10067,1,0.953311,2
mmlu_pro,qwq-32b,mmlu_pro_test_08111,1,0.973168,2
mmlu_pro,qwq-32b,mmlu_pro_test_11294,1,0.974763,3
mmlu_pro,qwq-32b,mmlu_pro_test_00751,0,0.883617,1
mmlu_pro,qwq-32b,mmlu_pro_test_10827,1,0.954807,3
mmlu_pro,qwq-32b,mmlu_pro_test_06328,1,0.913028,2
mmlu_pro,qwq-32b,mmlu_pro_test_02897,1,0.985225,3
mmlu_pro,qwq-32b,mmlu_pro_test_00644,1,0.982088,2
mmlu_pro,qwq-32b,mmlu_pro_test_09957,1,0.96659,5
mmlu_pro,qwq-32b,mmlu_pro_test_01205,1,0.95433,2
mmlu_pro,qwq-32b,mmlu_pro_test_09535,1,0.948338,1
mmlu_pro,qwq-32b,mmlu_pro_test_05010,1,0.872049,3
mmlu_pro,qwq-32b,mmlu_pro_test_06901,1,0.989436,3
mmlu_pro,qwq-32b,mmlu_pro_test_04665,1,0.946936,4
mmlu_pro,qwq-32b,mmlu_pro_test_07268,1,0.945053,1
mmlu_pro,qwq-32b,mmlu_pro_test_11797,1,0.908756,5
mmlu_pro,qwq-32b,mmlu_pro_test_06854,1,0.845141,1
mmlu_pro,qwq-32b,mmlu_pro_test_11021,1,0.761321,3
mmlu_pro,qwq-32b,mmlu_pro_test_06497,1,0.924496,4
mmlu_pro,qwq-32b,mmlu_pro_test_00082,1,0.977038,2
mmlu_pro,qwq-32b,mmlu_pro_test_05696,1,0.58314,2
mmlu_pro,qwq-32b,mmlu_pro_test_07437,1,0.769596,3
mmlu_pro,qwq-32b,mmlu_pro_test_08183,1,0.920453,1
mmlu_pro,qwq-32b,mmlu_pro_test_01831,0,0.917194,3
mmlu_pro,qwq-32b,mmlu_pro_test_03615,1,0.816337,4
mmlu_pro,qwq-32b,mmlu_pro_test_02148,1,0.812892,4
mmlu_pro,qwq-32b,mmlu_pro_test_00219,1,0.979838,5
mmlu_pro,qwq-32b,mmlu_pro_test_01532,1,0.888034,1
mmlu_pro,qwq-32b,mmlu_pro_test_08350,1,0.968363,2
mmlu_pro,qwq-32b,mmlu_pro_test_03087,1,0.88592,5
mmlu_pro,qwq-32b,mmlu_pro_test_07100,1,0.932766,2
mmlu_pro,qwq-32b,mmlu_pro_test_09170,1,0.985717,3
mmlu_pro,qwq-32b,mmlu_pro_test_02905,1,0.976815,2
mmlu_pro,qwq-32b,mmlu_pro_test_04309,1,0.952602,1
mmlu_pro,qwq-32b,mmlu_pro_test_08993,1,0.975084,5
mmlu_pro,qwq-32b,mmlu_pro_test_10113,1,0.952499,1
mmlu_pro,qwq-32b,mmlu_pro_test_08399,1,0.980881,3
mmlu_pro,qwq-32b,mmlu_pro_test_01252,1,0.895259,1
mmlu_pro,qwq-32b,mmlu_pro_test_02171,1,0.82685,5
mmlu_pro,qwq-32b,mmlu_pro_test_07031,1,0.941995,3
mmlu_pro,qwq-32b,mmlu_pro_test_11015,0,0.433318,1
mmlu_pro,qwq-32b,mmlu_pro_test_06831,1,0.945016,2
mmlu_pro,qwq-32b,mmlu_pro_test_09713,1,0.973904,1
mmlu_pro,qwq-32b,mmlu_pro_test_09094,1,0.967765,4
mmlu_pro,qwq-32b,mmlu_pro_test_05195,1,0.834125,4
mmlu_pro,qwq-32b,mmlu_pro_test_08685,1,0.931552,1
mmlu_pro,qwq-32b,mmlu_pro_test_04928,1,0.864124,5
mmlu_pro,qwq-32b,mmlu_pro_test_01141,1,0.910581,1
mmlu_pro,qwq-32b,mmlu_pro_test_06313,1,0.957794,4
mmlu_pro,qwq-32b,mmlu_pro_test_06295,1,0.878464,5
mmlu_pro,qwq-32b,mmlu_pro_test_08122,1,0.967549,1
mmlu_pro,qwq-32b,mmlu_pro_test_06830,1,0.97823,1
mmlu_pro,qwq-32b,mmlu_pro_test_08247,1,0.931787,2
mmlu_pro,qwq-32b,mmlu_pro_test_08198,1,0.989341,3
mmlu_pro,qwq-32b,mmlu_pro_test_02011,1,0.763238,4
mmlu_pro,qwq-32b,mmlu_pro_test_01134,1,0.957916,4
mmlu_pro,qwq-32b,mmlu_pro_test_08457,1,0.974035,5
mmlu_pro,qwq-32b,mmlu_pro_test_01760,0,0.768802,4
mmlu_pro,qwq-32b,mmlu_pro_test_10970,1,0.950636,3
mmlu_pro,qwq-32b,mmlu_pro_test_01568,1,0.904125,1
mmlu_pro,qwq-32b,mmlu_pro_test_04867,0,0.727608,2
mmlu_pro,qwq-32b,mmlu_pro_test_00329,1,0.979544,1
mmlu_pro,qwq-32b,mmlu_pro_test_11567,1,0.973106,1
mmlu_pro,qwq-32b,mmlu_pro_test_02438,1,0.8544,5
mmlu_pro,qwq-32b,mmlu_pro_test_01736,1,0.901586,2
mmlu_pro,qwq-32b,mmlu_pro_test_04974,1,0.843796,1
mmlu_pro,qwq-32b,mmlu_pro_test_04929,1,0.893297,2
mmlu_pro,qwq-32b,mmlu_pro_test_10032,1,0.987931,3
mmlu_pro,qwq-32b,mmlu_pro_test_04603,1,0.770417,3
mmlu_pro,qwq-32b,mmlu_pro_test_05202,1,0.927803,1
mmlu_pro,qwq-32b,mmlu_pro_test_06787,1,0.951374,5
mmlu_pro,qwq-32b,mmlu_pro_test_08872,1,0.953006,4
mmlu_pro,qwq-32b,mmlu_pro_test_03436,1,0.965346,2
mmlu_pro,qwq-32b,mmlu_pro_test_05678,1,0.9486,3
mmlu_pro,qwq-32b,mmlu_pro_test_09300,1,0.979021,5
mmlu_pro,qwq-32b,mmlu_pro_test_06424,1,0.976,5
mmlu_pro,qwq-32b,mmlu_pro_test_02283,1,0.874887,4
mmlu_pro,qwq-32b,mmlu_pro_test_04727,1,0.835715,4
mmlu_pro,qwq-32b,mmlu_pro_test_01003,1,0.856999,1
mmlu_pro,qwq-32b,mmlu_pro_test_10324,1,0.887141,3
mmlu_pro,qwq-32b,mmlu_pro_test_11346,1,0.830304,2
mmlu_pro,qwq-32b,mmlu_pro_test_10124,1,0.974461,1
mmlu_pro,qwq-32b,mmlu_pro_test_03182,1,0.960209,5
mmlu_pro,qwq-32b,mmlu_pro_test_08688,0,0.846911,5
mmlu_pro,qwq-32b,mmlu_pro_test_05109,1,0.913463,1
mmlu_pro,qwq-32b,mmlu_pro_test_10163,0,0.94412,4
mmlu_pro,qwq-32b,mmlu_pro_test_03959,1,0.965647,4
mmlu_pro,qwq-32b,mmlu_pro_test_11639,1,0.94995,4
mmlu_pro,qwq-32b,mmlu_pro_test_03992,1,0.950075,3
mmlu_pro,qwq-32b,mmlu_pro_test_06451,1,0.741421,4
mmlu_pro,qwq-32b,mmlu_pro_test_08372,1,0.966711,5
mmlu_pro,qwq-32b,mmlu_pro_test_01355,1,0.943757,5
mmlu_pro,qwq-32b,mmlu_pro_test_03601,1,0.936263,5
mmlu_pro,qwq-32b,mmlu_pro_test_09942,1,0.9825,5
mmlu_pro,qwq-32b,mmlu_pro_test_06822,1,0.924731,3
mmlu_pro,qwq-32b,mmlu_pro_test_08667,1,0.955876,2
mmlu_pro,qwq-32b,mmlu_pro_test_08552,1,0.954606,2
mmlu_pro,qwq-32b,mmlu_pro_test_05452,0,0.799107,5
mmlu_pro,qwq-32b,mmlu_pro_test_09544,1,0.962089,5
mmlu_pro,qwq-32b,mmlu_pro_test_00425,1,0.736685,5
mmlu_pro,qwq-32b,mmlu_pro_test_02544,1,0.922734,2
mmlu_pro,qwq-32b,mmlu_pro_test_01550,0,0.807932,3
mmlu_pro,qwq-32b,mmlu_pro_test_08699,1,0.981968,5
mmlu_pro,qwq-32b,mmlu_pro_test_03795,1,0.979565,3
mmlu_pro,qwq-32b,mmlu_pro_test_06341,1,0.877141,2
mmlu_pro,qwq-32b,mmlu_pro_test_06977,1,0.795654,1
mmlu_pro,qwq-32b,mmlu_pro_test_06331,1,0.748114,2
mmlu_pro,qwq-32b,mmlu_pro_test_06905,0,0.944046,3
mmlu_pro,qwq-32b,mmlu_pro_test_06884,1,0.976213,2
mmlu_pro,qwq-32b,mmlu_pro_test_02285,1,0.91686,4
mmlu_pro,qwq-32b,mmlu_pro_test_11020,1,0.943192,1
mmlu_pro,qwq-32b,mmlu_pro_test_01721,1,0.840521,2
mmlu_pro,qwq-32b,mmlu_pro_test_05679,1,0.949602,5
mmlu_pro,qwq-32b,mmlu_pro_test_03061,1,0.922635,1
mmlu_pro,qwq-32b,mmlu_pro_test_08203,1,0.972718,1
mmlu_pro,qwq-32b,mmlu_pro_test_09801,1,0.975949,4
mmlu_pro,qwq-32b,mmlu_pro_test_02225,1,0.953428,2
mmlu_pro,qwq-32b,mmlu_pro_test_07284,1,0.949978,4
mmlu_pro,qwq-32b,mmlu_pro_test_00940,0,0.876637,5
mmlu_pro,qwq-32b,mmlu_pro_test_07930,1,0.944394,3
mmlu_pro,qwq-32b,mmlu_pro_test_06579,1,0.916896,3
mmlu_pro,qwq-32b,mmlu_pro_test_08275,1,0.970619,3
mmlu_pro,qwq-32b,mmlu_pro_test_09550,1,0.971665,5
mmlu_pro,qwq-32b,mmlu_pro_test_02498,1,0.652715,3
mmlu_pro,qwq-32b,mmlu_pro_test_09911,1,0.896367,2
mmlu_pro,qwq-32b,mmlu_pro_test_01960,1,0.879727,2
mmlu_pro,qwq-32b,mmlu_pro_test_11222,1,0.943244,5
mmlu_pro,qwq-32b,mmlu_pro_test_10708,1,0.897878,3
mmlu_pro,qwq-32b,mmlu_pro_test_02841,1,0.959278,1
mmlu_pro,qwq-32b,mmlu_pro_test_05560,1,0.974015,5
mmlu_pro,qwq-32b,mmlu_pro_test_11547,1,0.962634,2
mmlu_pro,qwq-32b,mmlu_pro_test_07857,1,0.965628,1
mmlu_pro,qwq-32b,mmlu_pro_test_06513,1,0.934244,5
mmlu_pro,qwq-32b,mmlu_pro_test_07069,1,0.944887,2
mmlu_pro,qwq-32b,mmlu_pro_test_00479,0,0.767796,5
mmlu_pro,qwq-32b,mmlu_pro_test_03955,1,0.965294,3
mmlu_pro,qwq-32b,mmlu_pro_test_05605,1,0.853368,1
mmlu_pro,qwq-32b,mmlu_pro_test_07246,1,0.967159,4
mmlu_pro,qwq-32b,mmlu_pro_test_03025,1,0.955399,3
mmlu_pro,qwq-32b,mmlu_pro_test_04032,1,0.960313,4
mmlu_pro,qwq-32b,mmlu_pro_test_05857,1,0.730126,3
mmlu_pro,qwq-32b,mmlu_pro_test_07599,1,0.925617,2
mmlu_pro,qwq-32b,mmlu_pro_test_10348,1,0.938974,4
mmlu_pro,qwq-32b,mmlu_pro_test_03896,1,0.969529,5
mmlu_pro,qwq-32b,mmlu_pro_test_01626,1,0.852349,3
mmlu_pro,qwq-32b,mmlu_pro_test_10350,0,0.909979,2
mmlu_pro,qwq-32b,mmlu_pro_test_03055,1,0.95927,1
mmlu_pro,qwq-32b,mmlu_pro_test_11366,1,0.816557,2
mmlu_pro,qwq-32b,mmlu_pro_test_09504,1,0.66397,3
mmlu_pro,qwq-32b,mmlu_pro_test_00636,1,0.960763,4
mmlu_pro,qwq-32b,mmlu_pro_test_00277,1,0.97573,4
mmlu_pro,qwq-32b,mmlu_pro_test_00288,1,0.76786,5
mmlu_pro,qwq-32b,mmlu_pro_test_11665,1,0.970631,4
mmlu_pro,qwq-32b,mmlu_pro_test_09600,1,0.957881,1
mmlu_pro,qwq-32b,mmlu_pro_test_06037,0,0.960794,3
mmlu_pro,qwq-32b,mmlu_pro_test_10887,1,0.757166,1
mmlu_pro,qwq-32b,mmlu_pro_test_07156,1,0.962335,3
mmlu_pro,qwq-32b,mmlu_pro_test_08774,1,0.900278,4
mmlu_pro,qwq-32b,mmlu_pro_test_02540,1,0.87203,4
mmlu_pro,qwq-32b,mmlu_pro_test_06076,1,0.960497,1
mmlu_pro,qwq-32b,mmlu_pro_test_01537,1,0.91131,1
mmlu_pro,qwq-32b,mmlu_pro_test_09637,1,0.934348,2
mmlu_pro,qwq-32b,mmlu_pro_test_03543,1,0.970231,5
mmlu_pro,qwq-32b,mmlu_pro_test_00900,1,0.930877,1
mmlu_pro,qwq-32b,mmlu_pro_test_04439,1,0.982808,4
mmlu_pro,qwq-32b,mmlu_pro_test_04870,1,0.947043,4
mmlu_pro,qwq-32b,mmlu_pro_test_08932,1,0.784601,3
mmlu_pro,qwq-32b,mmlu_pro_test_03864,1,0.983601,3
mmlu_pro,qwq-32b,mmlu_pro_test_03206,1,0.95774,4
mmlu_pro,qwq-32b,mmlu_pro_test_03219,1,0.98804,3
mmlu_pro,qwq-32b,mmlu_pro_test_08616,1,0.966996,4
mmlu_pro,qwq-32b,mmlu_pro_test_06239,1,0.95717,2
mmlu_pro,qwq-32b,mmlu_pro_test_11218,0,0.966945,3
mmlu_pro,qwq-32b,mmlu_pro_test_11431,1,0.980163,1
mmlu_pro,qwq-32b,mmlu_pro_test_10608,1,0.963949,5
mmlu_pro,qwq-32b,mmlu_pro_test_04765,1,0.943687,3
mmlu_pro,qwq-32b,mmlu_pro_test_03207,1,0.950055,1
mmlu_pro,qwq-32b,mmlu_pro_test_05102,1,0.893999,2
mmlu_pro,qwq-32b,mmlu_pro_test_08269,1,0.965107,1
mmlu_pro,qwq-32b,mmlu_pro_test_06772,1,0.932916,2
mmlu_pro,qwq-32b,mmlu_pro_test_09129,1,0.882858,2
mmlu_pro,qwq-32b,mmlu_pro_test_05528,1,0.897663,1
mmlu_pro,qwq-32b,mmlu_pro_test_01400,1,0.935961,2
mmlu_pro,qwq-32b,mmlu_pro_test_09177,1,0.671388,5
mmlu_pro,qwq-32b,mmlu_pro_test_08496,1,0.982346,4
mmlu_pro,qwq-32b,mmlu_pro_test_06546,1,0.669502,2
mmlu_pro,qwq-32b,mmlu_pro_test_05897,1,0.943103,5
mmlu_pro,qwq-32b,mmlu_pro_test_11008,0,0.913038,2
mmlu_pro,qwq-32b,mmlu_pro_test_03402,1,0.892119,5
mmlu_pro,qwq-32b,mmlu_pro_test_03979,1,0.981597,3
mmlu_pro,qwq-32b,mmlu_pro_test_09827,1,0.945028,5
mmlu_pro,qwq-32b,mmlu_pro_test_01377,1,0.888132,1
mmlu_pro,qwq-32b,mmlu_pro_test_04611,1,0.884671,4
mmlu_pro,qwq-32b,mmlu_pro_test_04003,1,0.965526,2
mmlu_pro,qwq-32b,mmlu_pro_test_04069,1,0.982715,4
mmlu_pro,qwq-32b,mmlu_pro_test_00045,1,0.768639,2
mmlu_pro,qwq-32b,mmlu_pro_test_09773,1,0.951165,3
mmlu_pro,qwq-32b,mmlu_pro_test_07783,1,0.64522,2
mmlu_pro,qwq-32b,mmlu_pro_test_09053,1,0.978926,4
mmlu_pro,qwq-32b,mmlu_pro_test_02203,1,0.879868,4
mmlu_pro,qwq-32b,mmlu_pro_test_09735,1,0.963926,4
mmlu_pro,qwq-32b,mmlu_pro_test_03701,1,0.971704,2
mmlu_pro,qwq-32b,mmlu_pro_test_05405,1,0.970295,5
mmlu_pro,qwq-32b,mmlu_pro_test_08569,1,0.951834,4
mmlu_pro,qwq-32b,mmlu_pro_test_03172,1,0.908937,2
mmlu_pro,qwq-32b,mmlu_pro_test_06448,1,0.92466,5
mmlu_pro,qwq-32b,mmlu_pro_test_10412,1,0.831484,5
mmlu_pro,qwq-32b,mmlu_pro_test_06074,1,0.959798,1
mmlu_pro,qwq-32b,mmlu_pro_test_05699,1,0.903836,4
mmlu_pro,qwq-32b,mmlu_pro_test_02130,1,0.89132,1
mmlu_pro,qwq-32b,mmlu_pro_test_03197,1,0.948225,5
mmlu_pro,qwq-32b,mmlu_pro_test_02136,1,0.935226,2
mmlu_pro,qwq-32b,mmlu_pro_test_02648,1,0.944748,2
mmlu_pro,qwq-32b,mmlu_pro_test_05842,1,0.954104,4
mmlu_pro,qwq-32b,mmlu_pro_test_11234,1,0.950589,5
mmlu_pro,qwq-32b,mmlu_pro_test_05457,1,0.919076,2
mmlu_pro,qwq-32b,mmlu_pro_test_08440,1,0.883951,2
mmlu_pro,qwq-32b,mmlu_pro_test_02528,1,0.913959,4
mmlu_pro,qwq-32b,mmlu_pro_test_03004,1,0.918504,4
mmlu_pro,qwq-32b,mmlu_pro_test_07942,1,0.975311,4
mmlu_pro,qwq-32b,mmlu_pro_test_03933,1,0.979894,5
mmlu_pro,qwq-32b,mmlu_pro_test_00211,1,0.973052,1
mmlu_pro,qwq-32b,mmlu_pro_test_10752,1,0.824364,4
mmlu_pro,qwq-32b,mmlu_pro_test_05534,1,0.898724,1
mmlu_pro,qwq-32b,mmlu_pro_test_07919,1,0.897588,2
mmlu_pro,qwq-32b,mmlu_pro_test_01966,1,0.930999,3
mmlu_pro,qwq-32b,mmlu_pro_test_11143,1,0.982732,3
mmlu_pro,qwq-32b,mmlu_pro_test_10184,1,0.922268,5
mmlu_pro,qwq-32b,mmlu_pro_test_05853,0,0.89815,4
mmlu_pro,qwq-32b,mmlu_pro_test_08957,1,0.98272,4
mmlu_pro,qwq-32b,mmlu_pro_test_08140,1,0.957102,4
mmlu_pro,qwq-32b,mmlu_pro_test_01495,0,0.855107,1
mmlu_pro,qwq-32b,mmlu_pro_test_11666,0,0.853999,3
mmlu_pro,qwq-32b,mmlu_pro_test_00127,1,0.918896,1
mmlu_pro,qwq-32b,mmlu_pro_test_05823,1,0.953253,1
mmlu_pro,qwq-32b,mmlu_pro_test_06648,0,0.909831,5
mmlu_pro,qwq-32b,mmlu_pro_test_04513,1,0.954862,4
mmlu_pro,qwq-32b,mmlu_pro_test_02537,1,0.916422,4
mmlu_pro,qwq-32b,mmlu_pro_test_07044,1,0.979795,4
mmlu_pro,qwq-32b,mmlu_pro_test_05115,1,0.896693,3
mmlu_pro,qwq-32b,mmlu_pro_test_04473,1,0.928904,5
mmlu_pro,qwq-32b,mmlu_pro_test_05391,1,0.739566,3
mmlu_pro,qwq-32b,mmlu_pro_test_08620,1,0.965839,2
mmlu_pro,qwq-32b,mmlu_pro_test_06792,1,0.939374,3
mmlu_pro,qwq-32b,mmlu_pro_test_05086,1,0.882599,5
mmlu_pro,qwq-32b,mmlu_pro_test_08058,1,0.985369,4
mmlu_pro,qwq-32b,mmlu_pro_test_02357,0,0.928519,4
mmlu_pro,qwq-32b,mmlu_pro_test_04466,1,0.960507,5
mmlu_pro,qwq-32b,mmlu_pro_test_09754,1,0.943215,1
mmlu_pro,qwq-32b,mmlu_pro_test_07850,1,0.957196,2
mmlu_pro,qwq-32b,mmlu_pro_test_02630,1,0.943403,4
mmlu_pro,qwq-32b,mmlu_pro_test_08607,1,0.978923,3
mmlu_pro,qwq-32b,mmlu_pro_test_08650,1,0.9134,2
mmlu_pro,qwq-32b,mmlu_pro_test_06300,1,0.906253,3
mmlu_pro,qwq-32b,mmlu_pro_test_07786,1,0.954024,4
mmlu_pro,qwq-32b,mmlu_pro_test_10202,1,0.967767,2
mmlu_pro,qwq-32b,mmlu_pro_test_05206,0,0.607122,3
mmlu_pro,qwq-32b,mmlu_pro_test_00914,1,0.872891,3
mmlu_pro,qwq-32b,mmlu_pro_test_03518,1,0.959234,5
mmlu_pro,qwq-32b,mmlu_pro_test_07132,1,0.975267,4
mmlu_pro,qwq-32b,mmlu_pro_test_07394,1,0.894077,5
mmlu_pro,qwq-32b,mmlu_pro_test_11930,1,0.952433,2
mmlu_pro,qwq-32b,mmlu_pro_test_09182,1,0.948301,5
mmlu_pro,qwq-32b,mmlu_pro_test_02152,1,0.921789,3
mmlu_pro,qwq-32b,mmlu_pro_test_10045,1,0.96254,3
mmlu_pro,qwq-32b,mmlu_pro_test_07211,1,0.91356,4
mmlu_pro,qwq-32b,mmlu_pro_test_09839,1,0.906873,2
mmlu_pro,qwq-32b,mmlu_pro_test_02080,1,0.717367,5
mmlu_pro,qwq-32b,mmlu_pro_test_10517,1,0.922928,1
mmlu_pro,qwq-32b,mmlu_pro_test_04284,1,0.965933,2
mmlu_pro,qwq-32b,mmlu_pro_test_06404,1,0.978653,3
mmlu_pro,qwq-32b,mmlu_pro_test_02366,1,0.796564,4
mmlu_pro,qwq-32b,mmlu_pro_test_02737,1,0.900962,4
mmlu_pro,qwq-32b,mmlu_pro_test_07567,1,0.960563,1
mmlu_pro,qwq-32b,mmlu_pro_test_05495,1,0.452936,4
mmlu_pro,qwq-32b,mmlu_pro_test_02371,1,0.849855,3
mmlu_pro,qwq-32b,mmlu_pro_test_04589,1,0.943485,3
mmlu_pro,qwq-32b,mmlu_pro_test_11005,1,0.874676,3
mmlu_pro,qwq-32b,mmlu_pro_test_06894,1,0.92503,3
mmlu_pro,qwq-32b,mmlu_pro_test_06000,1,0.961677,4
mmlu_pro,qwq-32b,mmlu_pro_test_07453,1,0.973319,2
mmlu_pro,qwq-32b,mmlu_pro_test_06357,1,0.896228,2
mmlu_pro,qwq-32b,mmlu_pro_test_10158,1,0.937871,2
mmlu_pro,qwq-32b,mmlu_pro_test_02333,1,0.918693,4
mmlu_pro,qwq-32b,mmlu_pro_test_09772,1,0.982942,3
mmlu_pro,qwq-32b,mmlu_pro_test_02232,0,0.909554,3
mmlu_pro,qwq-32b,mmlu_pro_test_08057,1,0.981982,3
mmlu_pro,qwq-32b,mmlu_pro_test_03907,1,0.962781,4
mmlu_pro,qwq-32b,mmlu_pro_test_02107,0,0.889942,4
mmlu_pro,qwq-32b,mmlu_pro_test_08787,1,0.76999,5
mmlu_pro,qwq-32b,mmlu_pro_test_07903,1,0.866862,5
mmlu_pro,qwq-32b,mmlu_pro_test_07805,1,0.956099,5
mmlu_pro,qwq-32b,mmlu_pro_test_05034,1,0.757471,5
mmlu_pro,qwq-32b,mmlu_pro_test_08825,1,0.949296,5
mmlu_pro,qwq-32b,mmlu_pro_test_02887,1,0.799689,4
mmlu_pro,qwq-32b,mmlu_pro_test_07283,1,0.923184,2
mmlu_pro,qwq-32b,mmlu_pro_test_10531,1,0.971218,4
mmlu_pro,qwq-32b,mmlu_pro_test_02395,1,0.779303,5
mmlu_pro,qwq-32b,mmlu_pro_test_05937,1,0.88642,5
mmlu_pro,qwq-32b,mmlu_pro_test_04859,1,0.875389,2
mmlu_pro,qwq-32b,mmlu_pro_test_08852,1,0.94729,3
mmlu_pro,qwq-32b,mmlu_pro_test_06011,1,0.960404,1
mmlu_pro,qwq-32b,mmlu_pro_test_01974,1,0.912335,2
mmlu_pro,qwq-32b,mmlu_pro_test_01952,1,0.937598,2
mmlu_pro,qwq-32b,mmlu_pro_test_02635,1,0.970758,5
mmlu_pro,qwq-32b,mmlu_pro_test_00712,1,0.962618,4
mmlu_pro,qwq-32b,mmlu_pro_test_10743,1,0.863602,2
mmlu_pro,qwq-32b,mmlu_pro_test_08477,1,0.964025,5
mmlu_pro,qwq-32b,mmlu_pro_test_02993,1,0.876959,4
mmlu_pro,qwq-32b,mmlu_pro_test_00670,1,0.979152,5
mmlu_pro,qwq-32b,mmlu_pro_test_07469,1,0.951799,1
mmlu_pro,qwq-32b,mmlu_pro_test_10157,1,0.626364,5
mmlu_pro,qwq-32b,mmlu_pro_test_02795,1,0.954935,4
mmlu_pro,qwq-32b,mmlu_pro_test_04614,0,0.887428,1
mmlu_pro,qwq-32b,mmlu_pro_test_05338,1,0.76347,4
mmlu_pro,qwq-32b,mmlu_pro_test_05627,1,0.91617,3
mmlu_pro,qwq-32b,mmlu_pro_test_11045,0,0.91209,2
mmlu_pro,qwq-32b,mmlu_pro_test_07607,1,0.907555,3
mmlu_pro,qwq-32b,mmlu_pro_test_08245,1,0.952751,1
mmlu_pro,qwq-32b,mmlu_pro_test_06946,1,0.966224,4
mmlu_pro,qwq-32b,mmlu_pro_test_03633,1,0.962227,5
mmlu_pro,qwq-32b,mmlu_pro_test_10060,1,0.929738,1
mmlu_pro,qwq-32b,mmlu_pro_test_02272,1,0.935438,2
mmlu_pro,qwq-32b,mmlu_pro_test_08065,1,0.931393,5
mmlu_pro,qwq-32b,mmlu_pro_test_07856,1,0.952883,5
mmlu_pro,qwq-32b,mmlu_pro_test_08178,1,0.927786,5
mmlu_pro,qwq-32b,mmlu_pro_test_01910,1,0.861992,5
mmlu_pro,qwq-32b,mmlu_pro_test_07470,0,0.866872,1
mmlu_pro,qwq-32b,mmlu_pro_test_10255,1,0.913624,4
mmlu_pro,qwq-32b,mmlu_pro_test_10867,0,0.820476,4
mmlu_pro,qwq-32b,mmlu_pro_test_05244,1,0.936544,3
mmlu_pro,qwq-32b,mmlu_pro_test_03299,1,0.94214,4
mmlu_pro,qwq-32b,mmlu_pro_test_06282,1,0.863342,2
mmlu_pro,qwq-32b,mmlu_pro_test_07764,1,0.881856,2
mmlu_pro,qwq-32b,mmlu_pro_test_11014,1,0.910679,2
mmlu_pro,qwq-32b,mmlu_pro_test_04212,1,0.916633,3
mmlu_pro,qwq-32b,mmlu_pro_test_03338,1,0.956928,5
mmlu_pro,qwq-32b,mmlu_pro_test_03154,1,0.978722,2
mmlu_pro,qwq-32b,mmlu_pro_test_09253,1,0.978253,3
mmlu_pro,qwq-32b,mmlu_pro_test_03542,1,0.960867,2
mmlu_pro,qwq-32b,mmlu_pro_test_07578,1,0.946687,4
mmlu_pro,qwq-32b,mmlu_pro_test_04277,1,0.983846,5
mmlu_pro,qwq-32b,mmlu_pro_test_06896,1,0.937289,2
mmlu_pro,qwq-32b,mmlu_pro_test_02667,1,0.914833,4
mmlu_pro,qwq-32b,mmlu_pro_test_01957,1,0.859237,3
mmlu_pro,qwq-32b,mmlu_pro_test_00723,1,0.945053,2
mmlu_pro,qwq-32b,mmlu_pro_test_05089,1,0.907627,5
mmlu_pro,qwq-32b,mmlu_pro_test_05701,1,0.862763,1
mmlu_pro,qwq-32b,mmlu_pro_test_11924,0,0.888508,4
mmlu_pro,qwq-32b,mmlu_pro_test_10643,1,0.775329,2
mmlu_pro,qwq-32b,mmlu_pro_test_00847,1,0.793637,4
mmlu_pro,qwq-32b,mmlu_pro_test_06902,1,0.972653,3
mmlu_pro,qwq-32b,mmlu_pro_test_06564,0,0.935301,3
mmlu_pro,qwq-32b,mmlu_pro_test_00290,0,0.753647,2
mmlu_pro,qwq-32b,mmlu_pro_test_07407,1,0.889328,4
mmlu_pro,qwq-32b,mmlu_pro_test_05652,0,0.512596,5
mmlu_pro,qwq-32b,mmlu_pro_test_03553,1,0.98426,4
mmlu_pro,qwq-32b,mmlu_pro_test_02082,1,0.93279,2
mmlu_pro,qwq-32b,mmlu_pro_test_04529,1,0.971502,2
mmlu_pro,qwq-32b,mmlu_pro_test_00835,0,0.952971,1
mmlu_pro,qwq-32b,mmlu_pro_test_00148,1,0.975351,5
mmlu_pro,qwq-32b,mmlu_pro_test_01955,1,0.941764,4
mmlu_pro,qwq-32b,mmlu_pro_test_07553,1,0.980873,3
mmlu_pro,qwq-32b,mmlu_pro_test_02680,1,0.972902,5
mmlu_pro,qwq-32b,mmlu_pro_test_05719,1,0.381259,3
mmlu_pro,qwq-32b,mmlu_pro_test_05964,1,0.957718,3
mmlu_pro,qwq-32b,mmlu_pro_test_03334,1,0.96804,5
mmlu_pro,qwq-32b,mmlu_pro_test_09455,1,0.977395,1
mmlu_pro,qwq-32b,mmlu_pro_test_02685,1,0.942316,3
mmlu_pro,qwq-32b,mmlu_pro_test_03660,1,0.924398,2
mmlu_pro,qwq-32b,mmlu_pro_test_00679,1,0.898644,5
mmlu_pro,qwq-32b,mmlu_pro_test_03095,1,0.937977,1
mmlu_pro,qwq-32b,mmlu_pro_test_03614,1,0.948867,2
mmlu_pro,qwq-32b,mmlu_pro_test_01253,1,0.831068,5
mmlu_pro,qwq-32b,mmlu_pro_test_04551,0,0.954311,2
mmlu_pro,qwq-32b,mmlu_pro_test_03358,1,0.946983,5
mmlu_pro,qwq-32b,mmlu_pro_test_04484,1,0.982333,5
mmlu_pro,qwq-32b,mmlu_pro_test_06597,1,0.832044,1
mmlu_pro,qwq-32b,mmlu_pro_test_07171,1,0.953048,3
mmlu_pro,qwq-32b,mmlu_pro_test_10561,1,0.972745,4
mmlu_pro,qwq-32b,mmlu_pro_test_10161,1,0.904773,5
mmlu_pro,qwq-32b,mmlu_pro_test_10710,0,0.550697,2
mmlu_pro,qwq-32b,mmlu_pro_test_02554,1,0.911167,2
mmlu_pro,qwq-32b,mmlu_pro_test_00063,0,0.862457,5
mmlu_pro,qwq-32b,mmlu_pro_test_05917,1,0.889519,4
mmlu_pro,qwq-32b,mmlu_pro_test_04862,1,0.842872,4
mmlu_pro,qwq-32b,mmlu_pro_test_02974,1,0.788583,5
mmlu_pro,qwq-32b,mmlu_pro_test_00389,1,0.963802,2
mmlu_pro,qwq-32b,mmlu_pro_test_08290,1,0.965507,1
mmlu_pro,qwq-32b,mmlu_pro_test_10405,1,0.95316,5
mmlu_pro,qwq-32b,mmlu_pro_test_06039,0,0.881684,2
mmlu_pro,qwq-32b,mmlu_pro_test_03468,1,0.931311,1
mmlu_pro,qwq-32b,mmlu_pro_test_05836,0,0.812234,1
mmlu_pro,qwq-32b,mmlu_pro_test_01171,0,0.771136,4
mmlu_pro,qwq-32b,mmlu_pro_test_03828,1,0.945271,4
mmlu_pro,qwq-32b,mmlu_pro_test_02519,1,0.866931,5
mmlu_pro,qwq-32b,mmlu_pro_test_05468,1,0.938158,1
mmlu_pro,qwq-32b,mmlu_pro_test_02351,0,0.833659,2
mmlu_pro,qwq-32b,mmlu_pro_test_05903,0,0.47792,3
mmlu_pro,qwq-32b,mmlu_pro_test_08359,1,0.956831,1
mmlu_pro,qwq-32b,mmlu_pro_test_07824,1,0.896983,2
mmlu_pro,qwq-32b,mmlu_pro_test_06017,1,0.861318,2
mmlu_pro,qwq-32b,mmlu_pro_test_02611,1,0.773596,1
mmlu_pro,qwq-32b,mmlu_pro_test_04404,1,0.922822,5
mmlu_pro,qwq-32b,mmlu_pro_test_05402,1,0.898611,2
mmlu_pro,qwq-32b,mmlu_pro_test_10603,1,0.916827,5
mmlu_pro,qwq-32b,mmlu_pro_test_08635,1,0.982136,4
mmlu_pro,qwq-32b,mmlu_pro_test_03332,1,0.972872,3
mmlu_pro,qwq-32b,mmlu_pro_test_02894,1,0.876339,4
mmlu_pro,qwq-32b,mmlu_pro_test_05078,0,0.634447,5
mmlu_pro,qwq-32b,mmlu_pro_test_03599,1,0.971276,4
mmlu_pro,qwq-32b,mmlu_pro_test_06148,1,0.885931,5
mmlu_pro,qwq-32b,mmlu_pro_test_00760,1,0.929696,2
mmlu_pro,qwq-32b,mmlu_pro_test_04202,1,0.954427,1
mmlu_pro,qwq-32b,mmlu_pro_test_08495,1,0.987289,4
mmlu_pro,qwq-32b,mmlu_pro_test_03209,1,0.970574,2
mmlu_pro,qwq-32b,mmlu_pro_test_05705,0,0.951466,3
mmlu_pro,qwq-32b,mmlu_pro_test_06998,1,0.938981,3
mmlu_pro,qwq-32b,mmlu_pro_test_08469,1,0.48548,5
mmlu_pro,qwq-32b,mmlu_pro_test_01148,1,0.792241,1
mmlu_pro,qwq-32b,mmlu_pro_test_05569,1,0.933688,1
mmlu_pro,qwq-32b,mmlu_pro_test_02051,1,0.704184,2
mmlu_pro,qwq-32b,mmlu_pro_test_08106,1,0.978185,1
mmlu_pro,qwq-32b,mmlu_pro_test_09610,1,0.960609,5
mmlu_pro,qwq-32b,mmlu_pro_test_05537,1,0.843376,4
mmlu_pro,qwq-32b,mmlu_pro_test_01333,1,0.800477,2
mmlu_pro,qwq-32b,mmlu_pro_test_03392,1,0.944314,2
mmlu_pro,qwq-32b,mmlu_pro_test_09680,1,0.945492,1
mmlu_pro,qwq-32b,mmlu_pro_test_07864,1,0.976497,3
mmlu_pro,qwq-32b,mmlu_pro_test_09116,1,0.957185,3
mmlu_pro,qwq-32b,mmlu_pro_test_03160,1,0.972952,3
mmlu_pro,qwq-32b,mmlu_pro_test_05953,1,0.947464,4
mmlu_pro,qwq-32b,mmlu_pro_test_06665,1,0.980432,4
mmlu_pro,qwq-32b,mmlu_pro_test_02100,1,0.923012,3
mmlu_pro,qwq-32b,mmlu_pro_test_03168,1,0.947954,3
mmlu_pro,qwq-32b,mmlu_pro_test_07754,1,0.85641,2
mmlu_pro,qwq-32b,mmlu_pro_test_08419,1,0.948193,2
mmlu_pro,qwq-32b,mmlu_pro_test_08358,1,0.990172,5
mmlu_pro,qwq-32b,mmlu_pro_test_03016,1,0.747948,4
mmlu_pro,qwq-32b,mmlu_pro_test_10309,1,0.969667,5
mmlu_pro,qwq-32b,mmlu_pro_test_03934,1,0.97185,1
mmlu_pro,qwq-32b,mmlu_pro_test_03865,1,0.95161,5
mmlu_pro,qwq-32b,mmlu_pro_test_02632,1,0.796983,4
mmlu_pro,qwq-32b,mmlu_pro_test_00249,1,0.960913,1
mmlu_pro,qwq-32b,mmlu_pro_test_10219,1,0.95726,4
mmlu_pro,qwq-32b,mmlu_pro_test_06629,1,0.910928,5
mmlu_pro,qwq-32b,mmlu_pro_test_01963,1,0.896986,1
mmlu_pro,qwq-32b,mmlu_pro_test_02633,1,0.920233,2
mmlu_pro,qwq-32b,mmlu_pro_test_02873,1,0.941582,1
trivia_qa,qwq-32b,trivia_qa_validation_01109,1,0.820193,3
trivia_qa,qwq-32b,trivia_qa_validation_01470,1,0.818975,2
trivia_qa,qwq-32b,trivia_qa_validation_03794,1,0.856555,2
trivia_qa,qwq-32b,trivia_qa_validation_17430,1,0.890771,1
trivia_qa,qwq-32b,trivia_qa_validation_02655,1,0.836876,3
trivia_qa,qwq-32b,trivia_qa_validation_00167,0,0.753553,1
trivia_qa,qwq-32b,trivia_qa_validation_13407,0,0.102174,2
trivia_qa,qwq-32b,trivia_qa_validation_07784,1,0.74719,3
trivia_qa,qwq-32b,trivia_qa_validation_02331,0,0.880804,5
trivia_qa,qwq-32b,trivia_qa_validation_12374,0,0.796624,1
trivia_qa,qwq-32b,trivia_qa_validation_04621,0,0.878002,3
trivia_qa,qwq-32b,trivia_qa_validation_08546,0,0.338744,3
trivia_qa,qwq-32b,trivia_qa_validation_14149,1,0.928199,3
trivia_qa,qwq-32b,trivia_qa_validation_13242,0,0.329447,5
trivia_qa,qwq-32b,trivia_qa_validation_16107,0,0.167173,2
trivia_qa,qwq-32b,trivia_qa_validation_04524,0,0.719305,5
trivia_qa,qwq-32b,trivia_qa_validation_07587,1,0.792677,2
trivia_qa,qwq-32b,trivia_qa_validation_17249,1,0.784493,3
trivia_qa,qwq-32b,trivia_qa_validation_03990,1,0.773538,5
trivia_qa,qwq-32b,trivia_qa_validation_03732,1,0.831732,3
trivia_qa,qwq-32b,trivia_qa_validation_11906,1,0.925255,4
trivia_qa,qwq-32b,trivia_qa_validation_17663,1,0.918351,2
trivia_qa,qwq-32b,trivia_qa_validation_14175,0,0.847062,4
trivia_qa,qwq-32b,trivia_qa_validation_11569,1,0.265291,2
trivia_qa,qwq-32b,trivia_qa_validation_11279,1,0.887159,2
trivia_qa,qwq-32b,trivia_qa_validation_07694,1,0.816132,2
trivia_qa,qwq-32b,trivia_qa_validation_10119,1,0.931452,1
trivia_qa,qwq-32b,trivia_qa_validation_13020,1,0.843642,1
trivia_qa,qwq-32b,trivia_qa_validation_07528,0,0.928252,4
trivia_qa,qwq-32b,trivia_qa_validation_06018,1,0.861121,3
trivia_qa,qwq-32b,trivia_qa_validation_09962,0,0.041868,3
trivia_qa,qwq-32b,trivia_qa_validation_14924,1,0.861919,2
trivia_qa,qwq-32b,trivia_qa_validation_07120,1,0.84891,2
trivia_qa,qwq-32b,trivia_qa_validation_02562,1,0.854896,5
trivia_qa,qwq-32b,trivia_qa_validation_03667,0,0.205779,5
trivia_qa,qwq-32b,trivia_qa_validation_04299,0,0.67024,2
trivia_qa,qwq-32b,trivia_qa_validation_11200,1,0.871219,3
trivia_qa,qwq-32b,trivia_qa_validation_12688,1,0.848397,3
trivia_qa,qwq-32b,trivia_qa_validation_09855,1,0.872693,3
trivia_qa,qwq-32b,trivia_qa_validation_05061,1,0.840691,5
trivia_qa,qwq-32b,trivia_qa_validation_12868,1,0.847852,2
trivia_qa,qwq-32b,trivia_qa_validation_05181,0,0.626418,2
trivia_qa,qwq-32b,trivia_qa_validation_11411,0,0.716175,4
trivia_qa,qwq-32b,trivia_qa_validation_16167,1,0.814116,5
trivia_qa,qwq-32b,trivia_qa_validation_07276,1,0.893053,1
trivia_qa,qwq-32b,trivia_qa_validation_06309,1,0.876961,4
trivia_qa,qwq-32b,trivia_qa_validation_02388,1,0.884631,3
trivia_qa,qwq-32b,trivia_qa_validation_11514,1,0.845859,4
trivia_qa,qwq-32b,trivia_qa_validation_17551,1,0.721544,3
trivia_qa,qwq-32b,trivia_qa_validation_06331,1,0.211097,1
trivia_qa,qwq-32b,trivia_qa_validation_01768,1,0.796493,1
trivia_qa,qwq-32b,trivia_qa_validation_07828,1,0.852323,5
trivia_qa,qwq-32b,trivia_qa_validation_05245,0,0.847167,3
trivia_qa,qwq-32b,trivia_qa_validation_00707,1,0.71974,4
trivia_qa,qwq-32b,trivia_qa_validation_10470,1,0.732996,3
trivia_qa,qwq-32b,trivia_qa_validation_09051,1,0.222826,1
trivia_qa,qwq-32b,trivia_qa_validation_01134,1,0.677932,1
trivia_qa,qwq-32b,trivia_qa_validation_15086,1,0.643857,1
trivia_qa,qwq-32b,trivia_qa_validation_06856,0,0.289928,2
trivia_qa,qwq-32b,trivia_qa_validation_00992,1,0.845232,2
trivia_qa,qwq-32b,trivia_qa_validation_08306,1,0.783216,4
trivia_qa,qwq-32b,trivia_qa_validation_15787,1,0.894295,1
trivia_qa,qwq-32b,trivia_qa_validation_08600,1,0.695714,3
trivia_qa,qwq-32b,trivia_qa_validation_12223,1,0.831135,5
trivia_qa,qwq-32b,trivia_qa_validation_10288,1,0.835472,2
trivia_qa,qwq-32b,trivia_qa_validation_04138,1,0.86833,3
trivia_qa,qwq-32b,trivia_qa_validation_05974,0,0.898696,4
trivia_qa,qwq-32b,trivia_qa_validation_09595,1,0.885957,5
trivia_qa,qwq-32b,trivia_qa_validation_14968,1,0.695624,1
trivia_qa,qwq-32b,trivia_qa_validation_07189,1,0.801868,1
trivia_qa,qwq-32b,trivia_qa_validation_17148,1,0.872214,5
trivia_qa,qwq-32b,trivia_qa_validation_08616,1,0.899006,3
trivia_qa,qwq-32b,trivia_qa_validation_10437,1,0.820625,2
trivia_qa,qwq-32b,trivia_qa_validation_01348,1,0.730532,5
trivia_qa,qwq-32b,trivia_qa_validation_05378,0,0.356134,3
trivia_qa,qwq-32b,trivia_qa_validation_04789,1,0.413301,4
trivia_qa,qwq-32b,trivia_qa_validation_07367,1,0.762511,1
trivia_qa,qwq-32b,trivia_qa_validation_08505,0,0.712547,5
trivia_qa,qwq-32b,trivia_qa_validation_14168,1,0.855759,2
trivia_qa,qwq-32b,trivia_qa_validation_06174,1,0.908978,4
trivia_qa,qwq-32b,trivia_qa_validation_06963,1,0.894828,1
trivia_qa,qwq-32b,trivia_qa_validation_03853,1,0.809005,1
trivia_qa,qwq-32b,trivia_qa_validation_15639,0,0.447012,5
trivia_qa,qwq-32b,trivia_qa_validation_16501,0,0.376009,1
trivia_qa,qwq-32b,trivia_qa_validation_06651,1,0.825899,4
trivia_qa,qwq-32b,trivia_qa_validation_13081,0,0.67178,4
trivia_qa,qwq-32b,trivia_qa_validation_03557,1,0.915351,1
trivia_qa,qwq-32b,trivia_qa_validation_02866,1,0.863746,4
trivia_qa,qwq-32b,trivia_qa_validation_01079,0,0.422214,4
trivia_qa,qwq-32b,trivia_qa_validation_07959,0,0.27905,3
trivia_qa,qwq-32b,trivia_qa_validation_01227,1,0.835412,5
trivia_qa,qwq-32b,trivia_qa_validation_09862,1,0.229364,3
trivia_qa,qwq-32b,trivia_qa_validation_07086,1,0.814721,3
trivia_qa,qwq-32b,trivia_qa_validation_07099,1,0.709288,1
trivia_qa,qwq-32b,trivia_qa_validation_03628,0,0.620213,4
trivia_qa,qwq-32b,trivia_qa_validation_00007,0,0.034061,1
trivia_qa,qwq-32b,trivia_qa_validation_11597,1,0.761014,5
trivia_qa,qwq-32b,trivia_qa_validation_17346,1,0.788791,1
trivia_qa,qwq-32b,trivia_qa_validation_07893,1,0.941968,4
trivia_qa,qwq-32b,trivia_qa_validation_16320,0,0.681367,2
trivia_qa,qwq-32b,trivia_qa_validation_07580,1,0.877474,3
trivia_qa,qwq-32b,trivia_qa_validation_05626,1,0.833915,1
trivia_qa,qwq-32b,trivia_qa_validation_14109,0,0.86201,1
trivia_qa,qwq-32b,trivia_qa_validation_13294,0,0.180789,2
trivia_qa,qwq-32b,trivia_qa_validation_16883,1,0.909666,2
trivia_qa,qwq-32b,trivia_qa_validation_14588,0,0.872663,5
trivia_qa,qwq-32b,trivia_qa_validation_06845,1,0.817932,3
trivia_qa,qwq-32b,trivia_qa_validation_00556,1,0.30126,1
trivia_qa,qwq-32b,trivia_qa_validation_06013,0,0.426061,1
trivia_qa,qwq-32b,trivia_qa_validation_13577,1,0.830099,4
trivia_qa,qwq-32b,trivia_qa_validation_17892,1,0.822675,1
trivia_qa,qwq-32b,trivia_qa_validation_16619,1,0.875719,1
trivia_qa,qwq-32b,trivia_qa_validation_16346,1,0.797872,2
trivia_qa,qwq-32b,trivia_qa_validation_17493,1,0.756187,2
trivia_qa,qwq-32b,trivia_qa_validation_06472,0,0.867045,4
trivia_qa,qwq-32b,trivia_qa_validation_12409,1,0.865052,1
trivia_qa,qwq-32b,trivia_qa_validation_13085,1,0.854466,1
trivia_qa,qwq-32b,trivia_qa_validation_13882,0,0.676642,4
trivia_qa,qwq-32b,trivia_qa_validation_02030,1,0.583913,2
trivia_qa,qwq-32b,trivia_qa_validation_02558,1,0.6877,4
trivia_qa,qwq-32b,trivia_qa_validation_09754,1,0.819801,2
trivia_qa,qwq-32b,trivia_qa_validation_05365,0,0.742947,4
trivia_qa,qwq-32b,trivia_qa_validation_03930,0,0.612104,4
trivia_qa,qwq-32b,trivia_qa_validation_17373,0,0.403488,3
trivia_qa,qwq-32b,trivia_qa_validation_00354,1,0.636178,1
trivia_qa,qwq-32b,trivia_qa_validation_14823,1,0.869482,4
trivia_qa,qwq-32b,trivia_qa_validation_11064,1,0.286278,2
trivia_qa,qwq-32b,trivia_qa_validation_14595,1,0.827064,5
trivia_qa,qwq-32b,trivia_qa_validation_00743,1,0.584388,4
trivia_qa,qwq-32b,trivia_qa_validation_02892,1,0.345618,1
trivia_qa,qwq-32b,trivia_qa_validation_17899,1,0.9034,5
trivia_qa,qwq-32b,trivia_qa_validation_10125,1,0.878024,1
trivia_qa,qwq-32b,trivia_qa_validation_11686,1,0.880595,3
trivia_qa,qwq-32b,trivia_qa_validation_16317,1,0.880935,1
trivia_qa,qwq-32b,trivia_qa_validation_12332,1,0.823457,1
trivia_qa,qwq-32b,trivia_qa_validation_03235,0,0.751968,2
trivia_qa,qwq-32b,trivia_qa_validation_15146,0,0.831373,2
trivia_qa,qwq-32b,trivia_qa_validation_07402,1,0.808941,3
trivia_qa,qwq-32b,trivia_qa_validation_01772,1,0.831941,2
trivia_qa,qwq-32b,trivia_qa_validation_04069,1,0.872118,1
trivia_qa,qwq-32b,trivia_qa_validation_11524,0,0.242976,2
trivia_qa,qwq-32b,trivia_qa_validation_17778,0,0.910111,3
trivia_qa,qwq-32b,trivia_qa_validation_04834,1,0.850661,5
trivia_qa,qwq-32b,trivia_qa_validation_03380,1,0.883614,3
trivia_qa,qwq-32b,trivia_qa_validation_13761,1,0.802431,2
trivia_qa,qwq-32b,trivia_qa_validation_07059,0,0.14385,1
trivia_qa,qwq-32b,trivia_qa_validation_00437,1,0.790081,2
trivia_qa,qwq-32b,trivia_qa_validation_04003,1,0.788239,5
trivia_qa,qwq-32b,trivia_qa_validation_02667,0,0.789204,1
trivia_qa,qwq-32b,trivia_qa_validation_04104,1,0.83709,3
trivia_qa,qwq-32b,trivia_qa_validation_16915,1,0.913693,3
trivia_qa,qwq-32b,trivia_qa_validation_10323,1,0.471756,5
trivia_qa,qwq-32b,trivia_qa_validation_12112,1,0.835855,2
trivia_qa,qwq-32b,trivia_qa_validation_17283,1,0.876644,1
trivia_qa,qwq-32b,trivia_qa_validation_02696,0,0.495384,1
trivia_qa,qwq-32b,trivia_qa_validation_01826,1,0.746132,2
trivia_qa,qwq-32b,trivia_qa_validation_10310,0,0.05723,4
trivia_qa,qwq-32b,trivia_qa_validation_02645,0,0.760119,1
trivia_qa,qwq-32b,trivia_qa_validation_11547,1,0.891877,3
trivia_qa,qwq-32b,trivia_qa_validation_14340,0,0.472489,4
trivia_qa,qwq-32b,trivia_qa_validation_00285,1,0.396858,2
trivia_qa,qwq-32b,trivia_qa_validation_14573,1,0.913235,5
trivia_qa,qwq-32b,trivia_qa_validation_07158,0,0.865821,5
trivia_qa,qwq-32b,trivia_qa_validation_07315,1,0.764231,2
trivia_qa,qwq-32b,trivia_qa_validation_07320,1,0.862456,4
trivia_qa,qwq-32b,trivia_qa_validation_13922,1,0.875814,1
trivia_qa,qwq-32b,trivia_qa_validation_11533,1,0.873883,4
trivia_qa,qwq-32b,trivia_qa_validation_09351,1,0.696024,1
trivia_qa,qwq-32b,trivia_qa_validation_00248,0,0.887905,3
trivia_qa,qwq-32b,trivia_qa_validation_14521,1,0.868421,4
trivia_qa,qwq-32b,trivia_qa_validation_05091,1,0.770576,1
trivia_qa,qwq-32b,trivia_qa_validation_14753,1,0.619278,5
trivia_qa,qwq-32b,trivia_qa_validation_01668,1,0.860427,3
trivia_qa,qwq-32b,trivia_qa_validation_01359,1,0.885332,4
trivia_qa,qwq-32b,trivia_qa_validation_04596,1,0.913435,5
trivia_qa,qwq-32b,trivia_qa_validation_17637,1,0.914567,2
trivia_qa,qwq-32b,trivia_qa_validation_17819,1,0.920075,5
trivia_qa,qwq-32b,trivia_qa_validation_07547,0,0.634407,4
trivia_qa,qwq-32b,trivia_qa_validation_08170,1,0.890794,3
trivia_qa,qwq-32b,trivia_qa_validation_06812,1,0.05273,1
trivia_qa,qwq-32b,trivia_qa_validation_08506,0,0.265682,3
trivia_qa,qwq-32b,trivia_qa_validation_07645,0,0.151742,3
trivia_qa,qwq-32b,trivia_qa_validation_11081,1,0.754727,3
trivia_qa,qwq-32b,trivia_qa_validation_12656,1,0.877245,5
trivia_qa,qwq-32b,trivia_qa_validation_07327,1,0.776056,5
trivia_qa,qwq-32b,trivia_qa_validation_17516,0,0.095994,3
trivia_qa,qwq-32b,trivia_qa_validation_07022,1,0.800523,1
trivia_qa,qwq-32b,trivia_qa_validation_04357,1,0.922913,1
trivia_qa,qwq-32b,trivia_qa_validation_14731,1,0.648684,1
trivia_qa,qwq-32b,trivia_qa_validation_10475,1,0.905605,2
trivia_qa,qwq-32b,trivia_qa_validation_17744,1,0.859555,5
trivia_qa,qwq-32b,trivia_qa_validation_01812,1,0.805173,4
trivia_qa,qwq-32b,trivia_qa_validation_16058,1,0.71921,2
trivia_qa,qwq-32b,trivia_qa_validation_02111,0,0.781128,3
trivia_qa,qwq-32b,trivia_qa_validation_00115,0,0.044127,1
trivia_qa,qwq-32b,trivia_qa_validation_12647,1,0.818015,5
trivia_qa,qwq-32b,trivia_qa_validation_05643,1,0.744693,1
trivia_qa,qwq-32b,trivia_qa_validation_16766,1,0.893972,3
trivia_qa,qwq-32b,trivia_qa_validation_14883,1,0.808928,4
trivia_qa,qwq-32b,trivia_qa_validation_08242,0,0.486551,4
trivia_qa,qwq-32b,trivia_qa_validation_13284,0,0.673877,1
trivia_qa,qwq-32b,trivia_qa_validation_16621,1,0.473053,4
trivia_qa,qwq-32b,trivia_qa_validation_10004,1,0.882312,2
trivia_qa,qwq-32b,trivia_qa_validation_16699,1,0.771812,1
trivia_qa,qwq-32b,trivia_qa_validation_09986,1,0.803666,2
trivia_qa,qwq-32b,trivia_qa_validation_01836,1,0.678819,4
trivia_qa,qwq-32b,trivia_qa_validation_07897,1,0.135704,1
trivia_qa,qwq-32b,trivia_qa_validation_16863,1,0.764096,3
trivia_qa,qwq-32b,trivia_qa_validation_00593,1,0.713446,3
trivia_qa,qwq-32b,trivia_qa_validation_02317,1,0.891815,4
trivia_qa,qwq-32b,trivia_qa_validation_10344,0,0.149482,2
trivia_qa,qwq-32b,trivia_qa_validation_03416,1,0.742676,3
trivia_qa,qwq-32b,trivia_qa_validation_16755,1,0.718994,4
trivia_qa,qwq-32b,trivia_qa_validation_00178,1,0.663622,4
trivia_qa,qwq-32b,trivia_qa_validation_16919,1,0.765208,3
trivia_qa,qwq-32b,trivia_qa_validation_06491,1,0.854141,3
trivia_qa,qwq-32b,trivia_qa_validation_03355,0,0.003513,3
trivia_qa,qwq-32b,trivia_qa_validation_05462,0,0.196878,5
trivia_qa,qwq-32b,trivia_qa_validation_05589,1,0.756296,2
trivia_qa,qwq-32b,trivia_qa_validation_05583,1,0.312773,2
trivia_qa,qwq-32b,trivia_qa_validation_12465,1,0.865709,5
trivia_qa,qwq-32b,trivia_qa_validation_03861,0,0.628136,3
trivia_qa,qwq-32b,trivia_qa_validation_15751,1,0.843356,4
trivia_qa,qwq-32b,trivia_qa_validation_15744,0,0.848597,3
trivia_qa,qwq-32b,trivia_qa_validation_01891,1,0.632691,3
trivia_qa,qwq-32b,trivia_qa_validation_15454,1,0.909883,4
trivia_qa,qwq-32b,trivia_qa_validation_13058,1,0.731461,4
trivia_qa,qwq-32b,trivia_qa_validation_02379,1,0.252372,5
trivia_qa,qwq-32b,trivia_qa_validation_13834,1,0.779659,5
trivia_qa,qwq-32b,trivia_qa_validation_10481,0,0.258158,5
trivia_qa,qwq-32b,trivia_qa_validation_04100,1,0.886943,2
trivia_qa,qwq-32b,trivia_qa_validation_13536,1,0.678549,3
trivia_qa,qwq-32b,trivia_qa_validation_04424,1,0.823536,5
trivia_qa,qwq-32b,trivia_qa_validation_07416,1,0.752412,4
trivia_qa,qwq-32b,trivia_qa_validation_02273,0,0.831725,2
trivia_qa,qwq-32b,trivia_qa_validation_09192,1,0.808581,3
trivia_qa,qwq-32b,trivia_qa_validation_01170,1,0.902488,4
trivia_qa,qwq-32b,trivia_qa_validation_14424,1,0.839961,3
trivia_qa,qwq-32b,trivia_qa_validation_04291,0,0.30495,4
trivia_qa,qwq-32b,trivia_qa_validation_16467,0,0.246415,5
trivia_qa,qwq-32b,trivia_qa_validation_00715,0,0.686845,4
trivia_qa,qwq-32b,trivia_qa_validation_00283,1,0.904698,1
trivia_qa,qwq-32b,trivia_qa_validation_02416,1,0.466384,1
trivia_qa,qwq-32b,trivia_qa_validation_00270,1,0.776229,5
trivia_qa,qwq-32b,trivia_qa_validation_12272,0,0.583909,1
trivia_qa,qwq-32b,trivia_qa_validation_10201,0,0.570379,1
trivia_qa,qwq-32b,trivia_qa_validation_08707,1,0.801844,3
trivia_qa,qwq-32b,trivia_qa_validation_10204,0,0.587841,1
trivia_qa,qwq-32b,trivia_qa_validation_04236,0,0.115869,4
trivia_qa,qwq-32b,trivia_qa_validation_00545,1,0.722265,4
trivia_qa,qwq-32b,trivia_qa_validation_13981,1,0.811219,1
trivia_qa,qwq-32b,trivia_qa_validation_06747,1,0.84243,1
trivia_qa,qwq-32b,trivia_qa_validation_09686,1,0.808293,1
trivia_qa,qwq-32b,trivia_qa_validation_11251,1,0.653748,4
trivia_qa,qwq-32b,trivia_qa_validation_15865,1,0.774931,4
trivia_qa,qwq-32b,trivia_qa_validation_12733,1,0.919985,5
trivia_qa,qwq-32b,trivia_qa_validation_16908,1,0.57997,3
trivia_qa,qwq-32b,trivia_qa_validation_09434,1,0.735434,3
trivia_qa,qwq-32b,trivia_qa_validation_04837,1,0.634021,2
trivia_qa,qwq-32b,trivia_qa_validation_15515,1,0.859848,2
trivia_qa,qwq-32b,trivia_qa_validation_16047,0,0.850094,3
trivia_qa,qwq-32b,trivia_qa_validation_04863,1,0.887112,2
trivia_qa,qwq-32b,trivia_qa_validation_14642,1,0.54101,1
trivia_qa,qwq-32b,trivia_qa_validation_16744,1,0.767689,1
trivia_qa,qwq-32b,trivia_qa_validation_01288,0,0.732387,4
trivia_qa,qwq-32b,trivia_qa_validation_15941,1,0.909241,1
trivia_qa,qwq-32b,trivia_qa_validation_14754,1,0.756064,2
trivia_qa,qwq-32b,trivia_qa_validation_06632,1,0.892229,5
trivia_qa,qwq-32b,trivia_qa_validation_09573,1,0.904021,5
trivia_qa,qwq-32b,trivia_qa_validation_02737,1,0.805389,1
trivia_qa,qwq-32b,trivia_qa_validation_00636,1,0.854025,1
trivia_qa,qwq-32b,trivia_qa_validation_02472,0,0.897367,2
trivia_qa,qwq-32b,trivia_qa_validation_08712,1,0.822379,4
trivia_qa,qwq-32b,trivia_qa_validation_04202,1,0.834168,5
trivia_qa,qwq-32b,trivia_qa_validation_13742,0,0.472673,5
trivia_qa,qwq-32b,trivia_qa_validation_12330,1,0.624269,5
trivia_qa,qwq-32b,trivia_qa_validation_17220,1,0.394729,2
trivia_qa,qwq-32b,trivia_qa_validation_06955,0,0.023363,2
trivia_qa,qwq-32b,trivia_qa_validation_15566,1,0.734164,3
trivia_qa,qwq-32b,trivia_qa_validation_10936,1,0.849198,2
trivia_qa,qwq-32b,trivia_qa_validation_02186,1,0.776939,5
trivia_qa,qwq-32b,trivia_qa_validation_10355,1,0.909172,5
trivia_qa,qwq-32b,trivia_qa_validation_06069,1,0.854753,2
trivia_qa,qwq-32b,trivia_qa_validation_04587,1,0.862878,4
trivia_qa,qwq-32b,trivia_qa_validation_11038,1,0.74719,4
trivia_qa,qwq-32b,trivia_qa_validation_00722,1,0.832236,1
trivia_qa,qwq-32b,trivia_qa_validation_10575,1,0.885497,4
trivia_qa,qwq-32b,trivia_qa_validation_14394,1,0.86519,5
trivia_qa,qwq-32b,trivia_qa_validation_14904,1,0.919429,4
trivia_qa,qwq-32b,trivia_qa_validation_17874,1,0.888979,1
trivia_qa,qwq-32b,trivia_qa_validation_04795,0,0.863322,3
trivia_qa,qwq-32b,trivia_qa_validation_10105,0,0.630886,1
trivia_qa,qwq-32b,trivia_qa_validation_05520,1,0.870712,1
trivia_qa,qwq-32b,trivia_qa_validation_03711,1,0.860442,1
trivia_qa,qwq-32b,trivia_qa_validation_11604,0,0.653572,5
trivia_qa,qwq-32b,trivia_qa_validation_13932,0,0.7345,5
trivia_qa,qwq-32b,trivia_qa_validation_04772,0,0.823725,1
trivia_qa,qwq-32b,trivia_qa_validation_12312,0,0.852825,4
trivia_qa,qwq-32b,trivia_qa_validation_00143,0,0.22005,5
trivia_qa,qwq-32b,trivia_qa_validation_05430,1,0.818948,3
trivia_qa,qwq-32b,trivia_qa_validation_07902,0,0.101222,4
trivia_qa,qwq-32b,trivia_qa_validation_02704,0,0.807024,4
trivia_qa,qwq-32b,trivia_qa_validation_03370,1,0.885823,4
trivia_qa,qwq-32b,trivia_qa_validation_09132,0,0.384462,4
trivia_qa,qwq-32b,trivia_qa_validation_10486,1,0.789491,3
trivia_qa,qwq-32b,trivia_qa_validation_05398,0,0.024587,2
trivia_qa,qwq-32b,trivia_qa_validation_14741,1,0.78342,5
trivia_qa,qwq-32b,trivia_qa_validation_00484,1,0.738044,3
trivia_qa,qwq-32b,trivia_qa_validation_02728,0,0.829131,1
trivia_qa,qwq-32b,trivia_qa_validation_06667,0,0.242409,4
trivia_qa,qwq-32b,trivia_qa_validation_02265,1,0.720656,3
trivia_qa,qwq-32b,trivia_qa_validation_00148,1,0.8811,2
trivia_qa,qwq-32b,trivia_qa_validation_14527,1,0.911568,3
trivia_qa,qwq-32b,trivia_qa_validation_04829,1,0.617596,3
trivia_qa,qwq-32b,trivia_qa_validation_14601,0,0.155161,1
trivia_qa,qwq-32b,trivia_qa_validation_07232,1,0.793714,1
trivia_qa,qwq-32b,trivia_qa_validation_14234,1,0.689617,4
trivia_qa,qwq-32b,trivia_qa_validation_03932,1,0.696984,2
trivia_qa,qwq-32b,trivia_qa_validation_05020,1,0.748207,1
trivia_qa,qwq-32b,trivia_qa_validation_05092,0,0.875509,5
trivia_qa,qwq-32b,trivia_qa_validation_07151,1,0.730906,1
trivia_qa,qwq-32b,trivia_qa_validation_04086,1,0.819008,5
trivia_qa,qwq-32b,trivia_qa_validation_15597,1,0.361331,2
trivia_qa,qwq-32b,trivia_qa_validation_04148,0,0.781247,4
trivia_qa,qwq-32b,trivia_qa_validation_02766,1,0.755244,5
trivia_qa,qwq-32b,trivia_qa_validation_07242,1,0.830982,5
trivia_qa,qwq-32b,trivia_qa_validation_00160,0,0.588977,1
trivia_qa,qwq-32b,trivia_qa_validation_08757,1,0.821826,4
trivia_qa,qwq-32b,trivia_qa_validation_15944,1,0.94319,1
trivia_qa,qwq-32b,trivia_qa_validation_03325,1,0.709959,4
trivia_qa,qwq-32b,trivia_qa_validation_03466,0,0.871719,3
trivia_qa,qwq-32b,trivia_qa_validation_04152,0,0.796253,2
trivia_qa,qwq-32b,trivia_qa_validation_08334,1,0.823968,5
trivia_qa,qwq-32b,trivia_qa_validation_12413,1,0.786941,4
trivia_qa,qwq-32b,trivia_qa_validation_02300,1,0.894199,4
trivia_qa,qwq-32b,trivia_qa_validation_08500,0,0.481249,5
trivia_qa,qwq-32b,trivia_qa_validation_10340,0,0.304034,3
trivia_qa,qwq-32b,trivia_qa_validation_12394,1,0.787641,2
trivia_qa,qwq-32b,trivia_qa_validation_03713,1,0.88477,2
trivia_qa,qwq-32b,trivia_qa_validation_11027,1,0.730979,5
trivia_qa,qwq-32b,trivia_qa_validation_08979,1,0.402346,5
trivia_qa,qwq-32b,trivia_qa_validation_06209,1,0.517385,1
trivia_qa,qwq-32b,trivia_qa_validation_01498,1,0.707418,5
trivia_qa,qwq-32b,trivia_qa_validation_16056,0,0.805981,1
trivia_qa,qwq-32b,trivia_qa_validation_09720,1,0.853138,3
trivia_qa,qwq-32b,trivia_qa_validation_16784,1,0.855729,4
trivia_qa,qwq-32b,trivia_qa_validation_17758,1,0.801961,3
trivia_qa,qwq-32b,trivia_qa_validation_11813,0,0.745557,2
trivia_qa,qwq-32b,trivia_qa_validation_11982,1,0.784816,5
trivia_qa,qwq-32b,trivia_qa_validation_13147,1,0.950077,1
trivia_qa,qwq-32b,trivia_qa_validation_03883,1,0.732357,2
trivia_qa,qwq-32b,trivia_qa_validation_00710,1,0.87402,5
trivia_qa,qwq-32b,trivia_qa_validation_01443,1,0.793843,3
trivia_qa,qwq-32b,trivia_qa_validation_02550,1,0.889574,2
trivia_qa,qwq-32b,trivia_qa_validation_00348,0,0.452589,3
trivia_qa,qwq-32b,trivia_qa_validation_05540,1,0.928362,4
trivia_qa,qwq-32b,trivia_qa_validation_17936,1,0.73587,2
trivia_qa,qwq-32b,trivia_qa_validation_04756,1,0.85484,1
trivia_qa,qwq-32b,trivia_qa_validation_01754,0,0.771661,2
trivia_qa,qwq-32b,trivia_qa_validation_01899,1,0.754387,3
trivia_qa,qwq-32b,trivia_qa_validation_00420,1,0.833808,1
trivia_qa,qwq-32b,trivia_qa_validation_01711,1,0.739413,3
trivia_qa,qwq-32b,trivia_qa_validation_13181,1,0.734806,2
trivia_qa,qwq-32b,trivia_qa_validation_15521,1,0.861595,2
trivia_qa,qwq-32b,trivia_qa_validation_11277,1,0.871947,1
trivia_qa,qwq-32b,trivia_qa_validation_03142,1,0.890891,5
trivia_qa,qwq-32b,trivia_qa_validation_17657,1,0.68989,1
trivia_qa,qwq-32b,trivia_qa_validation_04364,1,0.675593,4
trivia_qa,qwq-32b,trivia_qa_validation_03140,1,0.883982,5
trivia_qa,qwq-32b,trivia_qa_validation_06689,1,0.86005,2
trivia_qa,qwq-32b,trivia_qa_validation_15502,1,0.748693,1
trivia_qa,qwq-32b,trivia_qa_validation_14235,1,0.786395,5
trivia_qa,qwq-32b,trivia_qa_validation_00418,1,0.83221,3
trivia_qa,qwq-32b,trivia_qa_validation_14036,0,0.365557,1
trivia_qa,qwq-32b,trivia_qa_validation_12824,0,0.732557,3
trivia_qa,qwq-32b,trivia_qa_validation_00649,0,0.787635,1
trivia_qa,qwq-32b,trivia_qa_validation_08477,1,0.793618,5
trivia_qa,qwq-32b,trivia_qa_validation_05433,1,0.201211,3
trivia_qa,qwq-32b,trivia_qa_validation_15011,0,0.812092,3
trivia_qa,qwq-32b,trivia_qa_validation_02765,1,0.85424,1
trivia_qa,qwq-32b,trivia_qa_validation_11178,0,0.484438,4
trivia_qa,qwq-32b,trivia_qa_validation_08194,1,0.737325,2
trivia_qa,qwq-32b,trivia_qa_validation_13169,1,0.876737,3
trivia_qa,qwq-32b,trivia_qa_validation_12626,0,0.054802,4
trivia_qa,qwq-32b,trivia_qa_validation_09431,0,0.382653,4
trivia_qa,qwq-32b,trivia_qa_validation_00109,0,0.867782,5
trivia_qa,qwq-32b,trivia_qa_validation_08678,1,0.899192,3
trivia_qa,qwq-32b,trivia_qa_validation_06127,1,0.88012,3
trivia_qa,qwq-32b,trivia_qa_validation_13219,0,0.852905,5
trivia_qa,qwq-32b,trivia_qa_validation_04599,1,0.552662,5
trivia_qa,qwq-32b,trivia_qa_validation_12224,1,0.744729,2
trivia_qa,qwq-32b,trivia_qa_validation_15179,0,0.113345,3
trivia_qa,qwq-32b,trivia_qa_validation_07641,0,0.422857,3
trivia_qa,qwq-32b,trivia_qa_validation_02282,1,0.925637,3
trivia_qa,qwq-32b,trivia_qa_validation_04513,1,0.806974,3
trivia_qa,qwq-32b,trivia_qa_validation_01366,1,0.586987,5
trivia_qa,qwq-32b,trivia_qa_validation_07458,0,0.864185,1
trivia_qa,qwq-32b,trivia_qa_validation_01883,1,0.906456,4
trivia_qa,qwq-32b,trivia_qa_validation_14255,1,0.841184,2
trivia_qa,qwq-32b,trivia_qa_validation_00591,0,0.731836,3
trivia_qa,qwq-32b,trivia_qa_validation_10818,1,0.74801,4
trivia_qa,qwq-32b,trivia_qa_validation_13177,1,0.903355,1
trivia_qa,qwq-32b,trivia_qa_validation_08933,0,0.23977,4
trivia_qa,qwq-32b,trivia_qa_validation_16046,1,0.803155,2
trivia_qa,qwq-32b,trivia_qa_validation_11077,1,0.699713,2
trivia_qa,qwq-32b,trivia_qa_validation_16190,0,0.917967,3
trivia_qa,qwq-32b,trivia_qa_validation_14999,1,0.859062,5
trivia_qa,qwq-32b,trivia_qa_validation_01906,0,0.85254,1
trivia_qa,qwq-32b,trivia_qa_validation_14350,1,0.894942,5
trivia_qa,qwq-32b,trivia_qa_validation_13361,0,0.255467,5
trivia_qa,qwq-32b,trivia_qa_validation_08206,0,0.255221,2
trivia_qa,qwq-32b,trivia_qa_validation_06733,1,0.594013,1
trivia_qa,qwq-32b,trivia_qa_validation_10955,1,0.772811,4
trivia_qa,qwq-32b,trivia_qa_validation_03780,1,0.871585,4
trivia_qa,qwq-32b,trivia_qa_validation_03600,1,0.776243,5
trivia_qa,qwq-32b,trivia_qa_validation_13199,1,0.875224,1
trivia_qa,qwq-32b,trivia_qa_validation_00375,1,0.563969,4
trivia_qa,qwq-32b,trivia_qa_validation_03752,1,0.872568,5
trivia_qa,qwq-32b,trivia_qa_validation_10641,0,0.728001,2
trivia_qa,qwq-32b,trivia_qa_validation_06744,1,0.787004,5
trivia_qa,qwq-32b,trivia_qa_validation_01081,1,0.797876,2
trivia_qa,qwq-32b,trivia_qa_validation_10157,0,0.631284,2
trivia_qa,qwq-32b,trivia_qa_validation_03172,1,0.82678,3
trivia_qa,qwq-32b,trivia_qa_validation_17673,1,0.882714,2
trivia_qa,qwq-32b,trivia_qa_validation_14895,1,0.880197,1
trivia_qa,qwq-32b,trivia_qa_validation_00064,0,0.234634,3
trivia_qa,qwq-32b,trivia_qa_validation_00787,1,0.828389,4
trivia_qa,qwq-32b,trivia_qa_validation_08496,0,0.888871,2
trivia_qa,qwq-32b,trivia_qa_validation_06234,1,0.600735,5
trivia_qa,qwq-32b,trivia_qa_validation_00277,1,0.733813,2
trivia_qa,qwq-32b,trivia_qa_validation_04031,1,0.820208,5
trivia_qa,qwq-32b,trivia_qa_validation_04619,0,0.309459,3
trivia_qa,qwq-32b,trivia_qa_validation_09944,0,0.934512,4
trivia_qa,qwq-32b,trivia_qa_validation_10365,1,0.860563,3
trivia_qa,qwq-32b,trivia_qa_validation_04211,1,0.872327,5
trivia_qa,qwq-32b,trivia_qa_validation_01224,1,0.840524,3
trivia_qa,qwq-32b,trivia_qa_validation_00412,0,0.828005,3
trivia_qa,qwq-32b,trivia_qa_validation_08936,1,0.8731,5
trivia_qa,qwq-32b,trivia_qa_validation_06107,1,0.222569,2
trivia_qa,qwq-32b,trivia_qa_validation_12470,1,0.91999,2
trivia_qa,qwq-32b,trivia_qa_validation_13149,1,0.71944,3
trivia_qa,qwq-32b,trivia_qa_validation_12901,0,0.849733,1
trivia_qa,qwq-32b,trivia_qa_validation_00716,1,0.902113,1
trivia_qa,qwq-32b,trivia_qa_validation_00608,0,0.436733,2
trivia_qa,qwq-32b,trivia_qa_validation_13701,1,0.88107,2
trivia_qa,qwq-32b,trivia_qa_validation_08925,0,0.517615,1
trivia_qa,qwq-32b,trivia_qa_validation_04562,1,0.724509,5
trivia_qa,qwq-32b,trivia_qa_validation_09516,1,0.666292,3
trivia_qa,qwq-32b,trivia_qa_validation_02833,1,0.690136,5
trivia_qa,qwq-32b,trivia_qa_validation_00073,0,0.79161,5
trivia_qa,qwq-32b,trivia_qa_validation_02820,1,0.835478,1
trivia_qa,qwq-32b,trivia_qa_validation_07941,1,0.796187,3
trivia_qa,qwq-32b,trivia_qa_validation_00450,0,0.855391,5
trivia_qa,qwq-32b,trivia_qa_validation_12257,1,0.72557,1
trivia_qa,qwq-32b,trivia_qa_validation_11885,0,0.214025,1
trivia_qa,qwq-32b,trivia_qa_validation_09049,1,0.73189,4
trivia_qa,qwq-32b,trivia_qa_validation_15912,1,0.809437,2
trivia_qa,qwq-32b,trivia_qa_validation_05976,0,0.881615,2
trivia_qa,qwq-32b,trivia_qa_validation_12227,1,0.630521,4
trivia_qa,qwq-32b,trivia_qa_validation_07174,1,0.741859,3
trivia_qa,qwq-32b,trivia_qa_validation_15395,1,0.873645,2
trivia_qa,qwq-32b,trivia_qa_validation_12988,1,0.796083,3
trivia_qa,qwq-32b,trivia_qa_validation_02995,1,0.749904,4
trivia_qa,qwq-32b,trivia_qa_validation_00899,1,0.883603,2
trivia_qa,qwq-32b,trivia_qa_validation_09891,1,0.83479,2
trivia_qa,qwq-32b,trivia_qa_validation_17099,1,0.893744,1
trivia_qa,qwq-32b,trivia_qa_validation_16828,1,0.905092,4
trivia_qa,qwq-32b,trivia_qa_validation_00780,1,0.847341,3
trivia_qa,qwq-32b,trivia_qa_validation_10939,1,0.806426,1
trivia_qa,qwq-32b,trivia_qa_validation_00686,1,0.83217,3
trivia_qa,qwq-32b,trivia_qa_validation_11066,1,0.825189,2
trivia_qa,qwq-32b,trivia_qa_validation_00315,1,0.884627,3
trivia_qa,qwq-32b,trivia_qa_validation_12757,0,0.827944,5
trivia_qa,qwq-32b,trivia_qa_validation_12617,1,0.874964,1
trivia_qa,qwq-32b,trivia_qa_validation_10158,1,0.776622,4
trivia_qa,qwq-32b,trivia_qa_validation_10368,1,0.303101,2
trivia_qa,qwq-32b,trivia_qa_validation_13479,1,0.795761,3
trivia_qa,qwq-32b,trivia_qa_validation_09320,1,0.898018,1
trivia_qa,qwq-32b,trivia_qa_validation_14646,0,0.444127,4
trivia_qa,qwq-32b,trivia_qa_validation_01563,1,0.802904,3
trivia_qa,qwq-32b,trivia_qa_validation_15635,0,0.066279,5
trivia_qa,qwq-32b,trivia_qa_validation_07741,1,0.931406,3
trivia_qa,qwq-32b,trivia_qa_validation_16493,0,0.745946,2
trivia_qa,qwq-32b,trivia_qa_validation_11201,0,0.645576,1
trivia_qa,qwq-32b,trivia_qa_validation_10438,1,0.874394,2
trivia_qa,qwq-32b,trivia_qa_validation_05441,1,0.803499,4
trivia_qa,qwq-32b,trivia_qa_validation_07101,1,0.859952,5
trivia_qa,qwq-32b,trivia_qa_validation_01851,1,0.848926,2
trivia_qa,qwq-32b,trivia_qa_validation_09161,0,0.842803,5
trivia_qa,qwq-32b,trivia_qa_validation_10402,1,0.571864,4
trivia_qa,qwq-32b,trivia_qa_validation_08645,1,0.80702,5
trivia_qa,qwq-32b,trivia_qa_validation_12847,0,0.812422,4
trivia_qa,qwq-32b,trivia_qa_validation_11922,0,0.904606,5
trivia_qa,qwq-32b,trivia_qa_validation_08999,0,0.033016,1
trivia_qa,qwq-32b,trivia_qa_validation_03131,1,0.870034,5
trivia_qa,qwq-32b,trivia_qa_validation_09993,1,0.720508,1
trivia_qa,qwq-32b,trivia_qa_validation_11766,1,0.835113,2
trivia_qa,qwq-32b,trivia_qa_validation_07344,1,0.864766,3
trivia_qa,qwq-32b,trivia_qa_validation_08688,1,0.223224,5
trivia_qa,qwq-32b,trivia_qa_validation_15804,1,0.916939,4
trivia_qa,qwq-32b,trivia_qa_validation_17889,1,0.897199,4
trivia_qa,qwq-32b,trivia_qa_validation_07199,1,0.906785,4
trivia_qa,qwq-32b,trivia_qa_validation_06663,1,0.905199,5
trivia_qa,qwq-32b,trivia_qa_validation_03344,1,0.907865,1
trivia_qa,qwq-32b,trivia_qa_validation_10198,0,0.222237,4
trivia_qa,qwq-32b,trivia_qa_validation_06826,1,0.8029,1
trivia_qa,qwq-32b,trivia_qa_validation_03353,1,0.929592,5
trivia_qa,qwq-32b,trivia_qa_validation_14067,1,0.919258,4
trivia_qa,qwq-32b,trivia_qa_validation_10370,1,0.87302,5
trivia_qa,qwq-32b,trivia_qa_validation_14262,1,0.865151,1
trivia_qa,qwq-32b,trivia_qa_validation_14825,1,0.922732,1
trivia_qa,qwq-32b,trivia_qa_validation_05264,0,0.780836,3
trivia_qa,qwq-32b,trivia_qa_validation_15216,1,0.804225,5
trivia_qa,qwq-32b,trivia_qa_validation_02283,1,0.842577,5
trivia_qa,qwq-32b,trivia_qa_validation_15256,1,0.82428,1
trivia_qa,qwq-32b,trivia_qa_validation_06451,1,0.747836,4
trivia_qa,qwq-32b,trivia_qa_validation_10680,1,0.902543,3
trivia_qa,qwq-32b,trivia_qa_validation_04779,1,0.78705,3
trivia_qa,qwq-32b,trivia_qa_validation_06577,1,0.616445,5
trivia_qa,qwq-32b,trivia_qa_validation_14376,0,0.892259,2
trivia_qa,qwq-32b,trivia_qa_validation_03459,0,0.785696,2
trivia_qa,qwq-32b,trivia_qa_validation_05100,0,0.573042,2
trivia_qa,qwq-32b,trivia_qa_validation_04197,0,0.138343,1
trivia_qa,qwq-32b,trivia_qa_validation_02484,1,0.896346,3
trivia_qa,qwq-32b,trivia_qa_validation_00400,1,0.879179,4
trivia_qa,qwq-32b,trivia_qa_validation_15338,1,0.707234,3
trivia_qa,qwq-32b,trivia_qa_validation_08919,0,0.089505,3
trivia_qa,qwq-32b,trivia_qa_validation_03947,0,0.758388,2
trivia_qa,qwq-32b,trivia_qa_validation_08119,1,0.770047,3
trivia_qa,qwq-32b,trivia_qa_validation_04464,1,0.808856,2
trivia_qa,qwq-32b,trivia_qa_validation_09553,1,0.896138,1
trivia_qa,qwq-32b,trivia_qa_validation_14537,0,0.552846,4
trivia_qa,qwq-32b,trivia_qa_validation_14480,0,0.191708,1
trivia_qa,qwq-32b,trivia_qa_validation_14210,1,0.913033,4
trivia_qa,qwq-32b,trivia_qa_validation_14435,1,0.578451,2
trivia_qa,qwq-32b,trivia_qa_validation_01155,1,0.814785,1
trivia_qa,qwq-32b,trivia_qa_validation_05645,0,0.365148,3
trivia_qa,qwq-32b,trivia_qa_validation_12517,1,0.77618,3
trivia_qa,qwq-32b,trivia_qa_validation_00610,1,0.681546,2
trivia_qa,qwq-32b,trivia_qa_validation_00452,1,0.923862,1
trivia_qa,qwq-32b,trivia_qa_validation_07470,1,0.905591,2
trivia_qa,qwq-32b,trivia_qa_validation_08144,1,0.876735,2
trivia_qa,qwq-32b,trivia_qa_validation_16340,0,0.765034,5
trivia_qa,qwq-32b,trivia_qa_validation_12679,0,0.206785,4
trivia_qa,qwq-32b,trivia_qa_validation_12764,1,0.725551,5
trivia_qa,qwq-32b,trivia_qa_validation_04640,0,0.331757,2
trivia_qa,qwq-32b,trivia_qa_validation_02844,1,0.855215,3
trivia_qa,qwq-32b,trivia_qa_validation_09230,1,0.783563,3
trivia_qa,qwq-32b,trivia_qa_validation_06552,1,0.907139,2
trivia_qa,qwq-32b,trivia_qa_validation_06454,1,0.768271,5
trivia_qa,qwq-32b,trivia_qa_validation_14637,1,0.860913,4
trivia_qa,qwq-32b,trivia_qa_validation_14365,1,0.891828,2
trivia_qa,qwq-32b,trivia_qa_validation_05184,1,0.859062,5
trivia_qa,qwq-32b,trivia_qa_validation_03696,1,0.771933,5
trivia_qa,qwq-32b,trivia_qa_validation_09642,1,0.921961,4
trivia_qa,qwq-32b,trivia_qa_validation_15552,1,0.81278,4
trivia_qa,qwq-32b,trivia_qa_validation_17529,0,0.847912,5
trivia_qa,qwq-32b,trivia_qa_validation_15824,1,0.818269,5
trivia_qa,qwq-32b,trivia_qa_validation_11432,1,0.872878,5
trivia_qa,qwq-32b,trivia_qa_validation_00088,1,0.764927,5
trivia_qa,qwq-32b,trivia_qa_validation_05568,0,0.873474,3
trivia_qa,qwq-32b,trivia_qa_validation_05297,1,0.798739,1
trivia_qa,qwq-32b,trivia_qa_validation_05647,0,0.361363,3
trivia_qa,qwq-32b,trivia_qa_validation_04428,0,0.842774,1
trivia_qa,qwq-32b,trivia_qa_validation_15982,1,0.862599,4
trivia_qa,qwq-32b,trivia_qa_validation_01628,1,0.865479,2
trivia_qa,qwq-32b,trivia_qa_validation_06553,1,0.867356,4
trivia_qa,qwq-32b,trivia_qa_validation_02460,1,0.431907,2
trivia_qa,qwq-32b,trivia_qa_validation_16893,0,0.798396,3
trivia_qa,qwq-32b,trivia_qa_validation_12938,0,0.87425,5
trivia_qa,qwq-32b,trivia_qa_validation_12748,1,0.846505,3
trivia_qa,qwq-32b,trivia_qa_validation_04674,1,0.878054,2
trivia_qa,qwq-32b,trivia_qa_validation_00758,1,0.721701,5
trivia_qa,qwq-32b,trivia_qa_validation_06687,1,0.81325,3
trivia_qa,qwq-32b,trivia_qa_validation_17653,1,0.868199,3
trivia_qa,qwq-32b,trivia_qa_validation_00839,1,0.796481,5
trivia_qa,qwq-32b,trivia_qa_validation_15618,1,0.786614,4
trivia_qa,qwq-32b,trivia_qa_validation_17514,1,0.835697,2
trivia_qa,qwq-32b,trivia_qa_validation_09712,1,0.804105,5
trivia_qa,qwq-32b,trivia_qa_validation_06599,1,0.915273,4
trivia_qa,qwq-32b,trivia_qa_validation_13957,1,0.85381,2
trivia_qa,qwq-32b,trivia_qa_validation_09104,0,0.468173,5
trivia_qa,qwq-32b,trivia_qa_validation_15841,1,0.806242,5
trivia_qa,qwq-32b,trivia_qa_validation_12985,0,0.860839,5
trivia_qa,qwq-32b,trivia_qa_validation_16562,1,0.877634,5
trivia_qa,qwq-32b,trivia_qa_validation_12540,1,0.887876,1
trivia_qa,qwq-32b,trivia_qa_validation_17711,1,0.809547,5
trivia_qa,qwq-32b,trivia_qa_validation_02769,1,0.834507,4
trivia_qa,qwq-32b,trivia_qa_validation_03117,1,0.912087,1
trivia_qa,qwq-32b,trivia_qa_validation_06956,1,0.807074,1
trivia_qa,qwq-32b,trivia_qa_validation_17234,1,0.766625,3
trivia_qa,qwq-32b,trivia_qa_validation_17834,1,0.861738,5
trivia_qa,qwq-32b,trivia_qa_validation_11451,0,0.080737,2
trivia_qa,qwq-32b,trivia_qa_validation_07698,0,0.717955,2
trivia_qa,qwq-32b,trivia_qa_validation_06495,1,0.835833,1
trivia_qa,qwq-32b,trivia_qa_validation_02834,1,0.693737,1
trivia_qa,qwq-32b,trivia_qa_validation_13215,1,0.784725,2
trivia_qa,qwq-32b,trivia_qa_validation_09253,0,0.334001,1
trivia_qa,qwq-32b,trivia_qa_validation_03995,0,0.689405,2
trivia_qa,qwq-32b,trivia_qa_validation_06321,0,0.813722,4
trivia_qa,qwq-32b,trivia_qa_validation_09116,0,0.564624,3
trivia_qa,qwq-32b,trivia_qa_validation_00264,1,0.837748,3
trivia_qa,qwq-32b,trivia_qa_validation_07058,1,0.742298,5
trivia_qa,qwq-32b,trivia_qa_validation_03040,1,0.901837,2
trivia_qa,qwq-32b,trivia_qa_validation_05423,1,0.892905,5
trivia_qa,qwq-32b,trivia_qa_validation_08007,0,0.717156,3
trivia_qa,qwq-32b,trivia_qa_validation_17843,1,0.798399,4
trivia_qa,qwq-32b,trivia_qa_validation_12090,0,0.39953,1
trivia_qa,qwq-32b,trivia_qa_validation_02437,1,0.901115,4
trivia_qa,qwq-32b,trivia_qa_validation_00957,0,0.679183,5
trivia_qa,qwq-32b,trivia_qa_validation_05479,0,0.852106,2
trivia_qa,qwq-32b,trivia_qa_validation_09597,1,0.274852,4
trivia_qa,qwq-32b,trivia_qa_validation_07565,1,0.688069,1
trivia_qa,qwq-32b,trivia_qa_validation_08330,1,0.769689,4
trivia_qa,qwq-32b,trivia_qa_validation_14621,0,0.113688,5
trivia_qa,qwq-32b,trivia_qa_validation_11057,0,0.638147,2
trivia_qa,qwq-32b,trivia_qa_validation_04630,0,0.135764,4
trivia_qa,qwq-32b,trivia_qa_validation_12501,1,0.802018,1
trivia_qa,qwq-32b,trivia_qa_validation_17026,0,0.794887,4
trivia_qa,qwq-32b,trivia_qa_validation_00046,1,0.819861,2
trivia_qa,qwq-32b,trivia_qa_validation_00015,0,0.621099,5
trivia_qa,qwq-32b,trivia_qa_validation_04598,1,0.914257,2
trivia_qa,qwq-32b,trivia_qa_validation_09123,1,0.637241,3
trivia_qa,qwq-32b,trivia_qa_validation_14269,1,0.784293,4
trivia_qa,qwq-32b,trivia_qa_validation_16115,1,0.914998,4
trivia_qa,qwq-32b,trivia_qa_validation_11593,0,0.805568,1
trivia_qa,qwq-32b,trivia_qa_validation_16436,1,0.779906,3
trivia_qa,qwq-32b,trivia_qa_validation_12960,1,0.857315,1
trivia_qa,qwq-32b,trivia_qa_validation_12299,1,0.722064,1
trivia_qa,qwq-32b,trivia_qa_validation_07338,1,0.761062,4
trivia_qa,qwq-32b,trivia_qa_validation_17206,0,0.748363,4
trivia_qa,qwq-32b,trivia_qa_validation_00045,1,0.89389,4
trivia_qa,qwq-32b,trivia_qa_validation_01317,1,0.83521,5
trivia_qa,qwq-32b,trivia_qa_validation_16223,1,0.838192,2
trivia_qa,qwq-32b,trivia_qa_validation_01824,0,0.719502,2
trivia_qa,qwq-32b,trivia_qa_validation_15704,0,0.839606,2
trivia_qa,qwq-32b,trivia_qa_validation_02305,1,0.785026,5
trivia_qa,qwq-32b,trivia_qa_validation_04047,1,0.565932,3
trivia_qa,qwq-32b,trivia_qa_validation_11337,1,0.815335,4
trivia_qa,qwq-32b,trivia_qa_validation_03987,1,0.840969,2
trivia_qa,qwq-32b,trivia_qa_validation_07019,1,0.720774,4
trivia_qa,qwq-32b,trivia_qa_validation_02002,0,0.023787,1
trivia_qa,qwq-32b,trivia_qa_validation_08224,0,0.697632,5
trivia_qa,qwq-32b,trivia_qa_validation_13481,1,0.829498,4
trivia_qa,qwq-32b,trivia_qa_validation_14229,1,0.855314,2
trivia_qa,qwq-32b,trivia_qa_validation_13625,0,0.70683,5
trivia_qa,qwq-32b,trivia_qa_validation_12554,1,0.902853,5
trivia_qa,qwq-32b,trivia_qa_validation_03119,0,0.681725,4
trivia_qa,qwq-32b,trivia_qa_validation_09634,1,0.820867,3
trivia_qa,qwq-32b,trivia_qa_validation_08915,0,0.34233,1
trivia_qa,qwq-32b,trivia_qa_validation_10964,1,0.838208,5
trivia_qa,qwq-32b,trivia_qa_validation_07420,0,0.753129,4
trivia_qa,qwq-32b,trivia_qa_validation_13542,0,0.744933,2
trivia_qa,qwq-32b,trivia_qa_validation_11676,1,0.802254,1
trivia_qa,qwq-32b,trivia_qa_validation_17159,0,0.461008,4
trivia_qa,qwq-32b,trivia_qa_validation_09638,1,0.874712,1
trivia_qa,qwq-32b,trivia_qa_validation_07495,1,0.924582,4
trivia_qa,qwq-32b,trivia_qa_validation_09764,1,0.782551,4
trivia_qa,qwq-32b,trivia_qa_validation_05874,0,0.409865,2
trivia_qa,qwq-32b,trivia_qa_validation_01707,1,0.813031,3
trivia_qa,qwq-32b,trivia_qa_validation_03326,1,0.676963,2
trivia_qa,qwq-32b,trivia_qa_validation_02825,1,0.860306,3
trivia_qa,qwq-32b,trivia_qa_validation_06898,1,0.85689,4
trivia_qa,qwq-32b,trivia_qa_validation_03363,1,0.882601,2
trivia_qa,qwq-32b,trivia_qa_validation_00574,1,0.765788,4
trivia_qa,qwq-32b,trivia_qa_validation_09262,0,0.06312,2
trivia_qa,qwq-32b,trivia_qa_validation_08944,1,0.693025,5
trivia_qa,qwq-32b,trivia_qa_validation_05567,1,0.776075,4
trivia_qa,qwq-32b,trivia_qa_validation_03670,1,0.768389,4
trivia_qa,qwq-32b,trivia_qa_validation_15779,1,0.83314,4
trivia_qa,qwq-32b,trivia_qa_validation_06876,0,0.780996,3
trivia_qa,qwq-32b,trivia_qa_validation_13180,1,0.842486,5
trivia_qa,qwq-32b,trivia_qa_validation_00954,1,0.642843,2
trivia_qa,qwq-32b,trivia_qa_validation_04642,1,0.644825,4
trivia_qa,qwq-32b,trivia_qa_validation_11008,1,0.506741,3
trivia_qa,qwq-32b,trivia_qa_validation_11755,0,0.152155,5
trivia_qa,qwq-32b,trivia_qa_validation_08976,1,0.347934,4
trivia_qa,qwq-32b,trivia_qa_validation_03526,1,0.735419,3
trivia_qa,qwq-32b,trivia_qa_validation_05359,1,0.896827,2
trivia_qa,qwq-32b,trivia_qa_validation_05831,0,0.033089,3
trivia_qa,qwq-32b,trivia_qa_validation_12222,1,0.579927,1
trivia_qa,qwq-32b,trivia_qa_validation_02413,1,0.772682,5
trivia_qa,qwq-32b,trivia_qa_validation_00559,1,0.658743,1
trivia_qa,qwq-32b,trivia_qa_validation_11322,0,0.137749,1
trivia_qa,qwq-32b,trivia_qa_validation_12263,0,0.703577,3
trivia_qa,qwq-32b,trivia_qa_validation_07375,1,0.896962,2
trivia_qa,qwq-32b,trivia_qa_validation_11180,1,0.492932,2
trivia_qa,qwq-32b,trivia_qa_validation_14609,0,0.513255,5
trivia_qa,qwq-32b,trivia_qa_validation_16983,1,0.805915,3
trivia_qa,qwq-32b,trivia_qa_validation_03035,0,0.785699,2
trivia_qa,qwq-32b,trivia_qa_validation_10195,1,0.691186,4
trivia_qa,qwq-32b,trivia_qa_validation_04029,1,0.644388,4
trivia_qa,qwq-32b,trivia_qa_validation_04916,1,0.736683,1
trivia_qa,qwq-32b,trivia_qa_validation_04652,1,0.828989,3
trivia_qa,qwq-32b,trivia_qa_validation_03007,1,0.8262,3
trivia_qa,qwq-32b,trivia_qa_validation_00968,1,0.777817,3
trivia_qa,qwq-32b,trivia_qa_validation_06380,1,0.64767,3
trivia_qa,qwq-32b,trivia_qa_validation_13769,1,0.832648,2
trivia_qa,qwq-32b,trivia_qa_validation_07125,1,0.704949,3
trivia_qa,qwq-32b,trivia_qa_validation_00810,1,0.374248,1
trivia_qa,qwq-32b,trivia_qa_validation_04212,1,0.843923,2
trivia_qa,qwq-32b,trivia_qa_validation_02642,1,0.91985,2
trivia_qa,qwq-32b,trivia_qa_validation_12833,1,0.756318,4
trivia_qa,qwq-32b,trivia_qa_validation_00192,0,0.336014,5
trivia_qa,qwq-32b,trivia_qa_validation_16982,1,0.874989,3
trivia_qa,qwq-32b,trivia_qa_validation_14641,1,0.860554,2
trivia_qa,qwq-32b,trivia_qa_validation_08669,1,0.893116,4
trivia_qa,qwq-32b,trivia_qa_validation_06037,0,0.060928,1
trivia_qa,qwq-32b,trivia_qa_validation_15439,1,0.788089,2
trivia_qa,qwq-32b,trivia_qa_validation_08560,1,0.601058,5
trivia_qa,qwq-32b,trivia_qa_validation_14118,1,0.774219,5
trivia_qa,qwq-32b,trivia_qa_validation_06569,1,0.709057,2
trivia_qa,qwq-32b,trivia_qa_validation_13554,0,0.594897,5
trivia_qa,qwq-32b,trivia_qa_validation_11304,1,0.828982,5
trivia_qa,qwq-32b,trivia_qa_validation_14620,1,0.864197,1
trivia_qa,qwq-32b,trivia_qa_validation_05519,1,0.857071,1
trivia_qa,qwq-32b,trivia_qa_validation_03282,1,0.789291,3
trivia_qa,qwq-32b,trivia_qa_validation_08727,1,0.910947,4
trivia_qa,qwq-32b,trivia_qa_validation_16377,0,0.851187,1
trivia_qa,qwq-32b,trivia_qa_validation_07969,0,0.725398,1
trivia_qa,qwq-32b,trivia_qa_validation_06289,1,0.787965,4
trivia_qa,qwq-32b,trivia_qa_validation_15611,0,0.738195,3
trivia_qa,qwq-32b,trivia_qa_validation_07166,0,0.867685,5
trivia_qa,qwq-32b,trivia_qa_validation_14389,1,0.797343,2
trivia_qa,qwq-32b,trivia_qa_validation_05321,1,0.826556,5
trivia_qa,qwq-32b,trivia_qa_validation_17007,1,0.903037,4
trivia_qa,qwq-32b,trivia_qa_validation_04632,1,0.865551,5
trivia_qa,qwq-32b,trivia_qa_validation_05991,1,0.697483,4
trivia_qa,qwq-32b,trivia_qa_validation_00184,0,0.558272,3
trivia_qa,qwq-32b,trivia_qa_validation_09763,1,0.79314,3
trivia_qa,qwq-32b,trivia_qa_validation_09518,0,0.059098,4
trivia_qa,qwq-32b,trivia_qa_validation_16639,1,0.745039,5
trivia_qa,qwq-32b,trivia_qa_validation_09224,0,0.025291,3
trivia_qa,qwq-32b,trivia_qa_validation_17608,1,0.901934,4
trivia_qa,qwq-32b,trivia_qa_validation_06330,1,0.797359,2
trivia_qa,qwq-32b,trivia_qa_validation_15429,1,0.693912,4
trivia_qa,qwq-32b,trivia_qa_validation_05586,1,0.767233,4
trivia_qa,qwq-32b,trivia_qa_validation_10691,0,0.778188,3
trivia_qa,qwq-32b,trivia_qa_validation_15504,1,0.853767,1
trivia_qa,qwq-32b,trivia_qa_validation_12758,1,0.909902,2
trivia_qa,qwq-32b,trivia_qa_validation_04935,0,0.148278,1
trivia_qa,qwq-32b,trivia_qa_validation_12705,0,0.805729,2
trivia_qa,qwq-32b,trivia_qa_validation_10307,1,0.80151,5
trivia_qa,qwq-32b,trivia_qa_validation_16861,1,0.567611,3
trivia_qa,qwq-32b,trivia_qa_validation_04311,1,0.412046,2
trivia_qa,qwq-32b,trivia_qa_validation_01872,0,0.095313,5
trivia_qa,qwq-32b,trivia_qa_validation_15578,1,0.785804,5
trivia_qa,qwq-32b,trivia_qa_validation_05318,1,0.911199,3
trivia_qa,qwq-32b,trivia_qa_validation_12207,1,0.873587,3
trivia_qa,qwq-32b,trivia_qa_validation_11540,1,0.818437,5
trivia_qa,qwq-32b,trivia_qa_validation_14213,1,0.851124,3
trivia_qa,qwq-32b,trivia_qa_validation_02288,0,0.771082,2
trivia_qa,qwq-32b,trivia_qa_validation_02457,0,0.655731,1
trivia_qa,qwq-32b,trivia_qa_validation_02449,1,0.870232,2
trivia_qa,qwq-32b,trivia_qa_validation_03143,0,0.775843,1
trivia_qa,qwq-32b,trivia_qa_validation_10312,1,0.921853,3
trivia_qa,qwq-32b,trivia_qa_validation_07733,1,0.886158,3
trivia_qa,qwq-32b,trivia_qa_validation_13133,1,0.343827,3
trivia_qa,qwq-32b,trivia_qa_validation_12205,0,0.694744,3
trivia_qa,qwq-32b,trivia_qa_validation_04417,1,0.716246,2
trivia_qa,qwq-32b,trivia_qa_validation_04688,1,0.893905,5
trivia_qa,qwq-32b,trivia_qa_validation_00576,1,0.90291,5
trivia_qa,qwq-32b,trivia_qa_validation_01269,1,0.913344,4
trivia_qa,qwq-32b,trivia_qa_validation_12288,0,0.669094,4
trivia_qa,qwq-32b,trivia_qa_validation_12614,0,0.803585,4
trivia_qa,qwq-32b,trivia_qa_validation_06335,1,0.273962,3
trivia_qa,qwq-32b,trivia_qa_validation_09625,1,0.883311,4
trivia_qa,qwq-32b,trivia_qa_validation_05731,1,0.221455,5
trivia_qa,qwq-32b,trivia_qa_validation_06659,0,0.81178,1
trivia_qa,qwq-32b,trivia_qa_validation_06410,0,0.117509,5
trivia_qa,qwq-32b,trivia_qa_validation_08319,0,0.59345,4
trivia_qa,qwq-32b,trivia_qa_validation_13636,1,0.81513,5
trivia_qa,qwq-32b,trivia_qa_validation_07588,1,0.70711,5
trivia_qa,qwq-32b,trivia_qa_validation_00382,0,0.347877,1
trivia_qa,qwq-32b,trivia_qa_validation_06409,1,0.810214,1
trivia_qa,qwq-32b,trivia_qa_validation_08139,1,0.828731,2
trivia_qa,qwq-32b,trivia_qa_validation_16555,1,0.788524,2
trivia_qa,qwq-32b,trivia_qa_validation_08816,1,0.66545,4
trivia_qa,qwq-32b,trivia_qa_validation_01660,1,0.831199,1
trivia_qa,qwq-32b,trivia_qa_validation_06551,1,0.859564,4
trivia_qa,qwq-32b,trivia_qa_validation_11168,0,0.70796,1
trivia_qa,qwq-32b,trivia_qa_validation_08325,1,0.798695,2
trivia_qa,qwq-32b,trivia_qa_validation_11958,0,0.715752,3
trivia_qa,qwq-32b,trivia_qa_validation_02824,1,0.812623,5
trivia_qa,qwq-32b,trivia_qa_validation_08656,0,0.500915,4
trivia_qa,qwq-32b,trivia_qa_validation_10866,1,0.88509,5
trivia_qa,qwq-32b,trivia_qa_validation_05539,0,0.23107,2
trivia_qa,qwq-32b,trivia_qa_validation_09236,1,0.872453,5
trivia_qa,qwq-32b,trivia_qa_validation_10550,1,0.717841,1
trivia_qa,qwq-32b,trivia_qa_validation_14475,1,0.903868,2
trivia_qa,qwq-32b,trivia_qa_validation_03911,0,0.58456,2
trivia_qa,qwq-32b,trivia_qa_validation_01244,1,0.872152,4
trivia_qa,qwq-32b,trivia_qa_validation_09996,1,0.746153,5
trivia_qa,qwq-32b,trivia_qa_validation_07510,1,0.685668,5
trivia_qa,qwq-32b,trivia_qa_validation_11128,0,0.743766,3
trivia_qa,qwq-32b,trivia_qa_validation_05526,1,0.870746,2
trivia_qa,qwq-32b,trivia_qa_validation_16310,1,0.742361,3
trivia_qa,qwq-32b,trivia_qa_validation_17912,1,0.772507,3
trivia_qa,qwq-32b,trivia_qa_validation_03045,1,0.815386,5
trivia_qa,qwq-32b,trivia_qa_validation_01048,0,0.038071,2
trivia_qa,qwq-32b,trivia_qa_validation_17468,0,0.359306,5
trivia_qa,qwq-32b,trivia_qa_validation_16448,1,0.532992,2
trivia_qa,qwq-32b,trivia_qa_validation_03998,1,0.82236,1
trivia_qa,qwq-32b,trivia_qa_validation_08162,1,0.80811,5
trivia_qa,qwq-32b,trivia_qa_validation_01813,1,0.85764,4
trivia_qa,qwq-32b,trivia_qa_validation_06827,0,0.862295,4
trivia_qa,qwq-32b,trivia_qa_validation_11844,1,0.843547,1
trivia_qa,qwq-32b,trivia_qa_validation_01305,0,0.061193,4
trivia_qa,qwq-32b,trivia_qa_validation_09774,1,0.919735,5
trivia_qa,qwq-32b,trivia_qa_validation_14858,1,0.774496,3
trivia_qa,qwq-32b,trivia_qa_validation_15970,1,0.710073,4
trivia_qa,qwq-32b,trivia_qa_validation_09881,1,0.909467,1
trivia_qa,qwq-32b,trivia_qa_validation_01887,0,0.799685,1
trivia_qa,qwq-32b,trivia_qa_validation_03596,1,0.844076,1
trivia_qa,qwq-32b,trivia_qa_validation_17095,1,0.846299,2
trivia_qa,qwq-32b,trivia_qa_validation_04736,1,0.924567,1
trivia_qa,qwq-32b,trivia_qa_validation_09426,0,0.335329,5
trivia_qa,qwq-32b,trivia_qa_validation_06297,1,0.905455,1
trivia_qa,qwq-32b,trivia_qa_validation_01243,0,0.192756,1
trivia_qa,qwq-32b,trivia_qa_validation_13654,0,0.760484,4
trivia_qa,qwq-32b,trivia_qa_validation_08293,0,0.863556,1
trivia_qa,qwq-32b,trivia_qa_validation_03167,1,0.920242,5
trivia_qa,qwq-32b,trivia_qa_validation_07979,1,0.871783,2
trivia_qa,qwq-32b,trivia_qa_validation_04874,1,0.833776,4
trivia_qa,qwq-32b,trivia_qa_validation_05256,1,0.735932,3
trivia_qa,qwq-32b,trivia_qa_validation_16478,1,0.881722,3
trivia_qa,qwq-32b,trivia_qa_validation_06008,0,0.785954,2
trivia_qa,qwq-32b,trivia_qa_validation_07853,1,0.687968,4
trivia_qa,qwq-32b,trivia_qa_validation_01757,1,0.648983,3
trivia_qa,qwq-32b,trivia_qa_validation_00254,0,0.932259,3
trivia_qa,qwq-32b,trivia_qa_validation_09503,1,0.539256,4
trivia_qa,qwq-32b,trivia_qa_validation_08256,0,0.801605,2
trivia_qa,qwq-32b,trivia_qa_validation_00165,1,0.772585,2
trivia_qa,qwq-32b,trivia_qa_validation_05923,0,0.536533,5
trivia_qa,qwq-32b,trivia_qa_validation_14833,1,0.830276,1
trivia_qa,qwq-32b,trivia_qa_validation_11739,1,0.886928,4
trivia_qa,qwq-32b,trivia_qa_validation_14837,1,0.644386,1
trivia_qa,qwq-32b,trivia_qa_validation_13216,1,0.903065,5
trivia_qa,qwq-32b,trivia_qa_validation_06785,1,0.269571,4
trivia_qa,qwq-32b,trivia_qa_validation_10282,1,0.533626,1
trivia_qa,qwq-32b,trivia_qa_validation_05089,0,0.861216,4
trivia_qa,qwq-32b,trivia_qa_validation_06908,1,0.706189,1
trivia_qa,qwq-32b,trivia_qa_validation_15553,1,0.870299,2
trivia_qa,qwq-32b,trivia_qa_validation_07316,1,0.778537,1
trivia_qa,qwq-32b,trivia_qa_validation_03888,1,0.89015,4
trivia_qa,qwq-32b,trivia_qa_validation_09916,1,0.808385,3
trivia_qa,qwq-32b,trivia_qa_validation_12738,0,0.826324,5
trivia_qa,qwq-32b,trivia_qa_validation_03099,0,0.836662,1
trivia_qa,qwq-32b,trivia_qa_validation_15150,0,0.842133,1
trivia_qa,qwq-32b,trivia_qa_validation_10944,1,0.557639,2
trivia_qa,qwq-32b,trivia_qa_validation_04194,1,0.616374,2
trivia_qa,qwq-32b,trivia_qa_validation_00552,1,0.6513,1
trivia_qa,qwq-32b,trivia_qa_validation_02570,1,0.80784,3
trivia_qa,qwq-32b,trivia_qa_validation_07163,0,0.819041,5
trivia_qa,qwq-32b,trivia_qa_validation_00416,1,0.553327,3
trivia_qa,qwq-32b,trivia_qa_validation_06215,1,0.786146,2
trivia_qa,qwq-32b,trivia_qa_validation_11403,1,0.875822,4
trivia_qa,qwq-32b,trivia_qa_validation_01583,1,0.692678,4
trivia_qa,qwq-32b,trivia_qa_validation_07236,1,0.85172,5
trivia_qa,qwq-32b,trivia_qa_validation_02418,1,0.66719,2
trivia_qa,qwq-32b,trivia_qa_validation_02307,1,0.899435,2
trivia_qa,qwq-32b,trivia_qa_validation_17862,1,0.891309,2
trivia_qa,qwq-32b,trivia_qa_validation_03564,1,0.879254,5
trivia_qa,qwq-32b,trivia_qa_validation_14532,0,0.04874,3
trivia_qa,qwq-32b,trivia_qa_validation_15759,1,0.778419,3
trivia_qa,qwq-32b,trivia_qa_validation_03231,1,0.92932,4
trivia_qa,qwq-32b,trivia_qa_validation_08321,1,0.818574,1
trivia_qa,qwq-32b,trivia_qa_validation_11548,0,0.10007,3
trivia_qa,qwq-32b,trivia_qa_validation_05774,1,0.82516,5
trivia_qa,qwq-32b,trivia_qa_validation_11957,1,0.898651,3
trivia_qa,qwq-32b,trivia_qa_validation_08244,1,0.823017,1
trivia_qa,qwq-32b,trivia_qa_validation_05419,1,0.8263,5
trivia_qa,qwq-32b,trivia_qa_validation_14522,1,0.784638,5
trivia_qa,qwq-32b,trivia_qa_validation_02106,0,0.383784,2
trivia_qa,qwq-32b,trivia_qa_validation_12553,1,0.654783,1
trivia_qa,qwq-32b,trivia_qa_validation_08926,1,0.813803,2
trivia_qa,qwq-32b,trivia_qa_validation_15063,1,0.847525,1
trivia_qa,qwq-32b,trivia_qa_validation_14942,0,0.786117,2
trivia_qa,qwq-32b,trivia_qa_validation_06729,1,0.833055,4
trivia_qa,qwq-32b,trivia_qa_validation_04822,0,0.873426,2
trivia_qa,qwq-32b,trivia_qa_validation_02890,1,0.874482,4
trivia_qa,qwq-32b,trivia_qa_validation_13779,1,0.874597,4
trivia_qa,qwq-32b,trivia_qa_validation_08187,0,0.166955,3
trivia_qa,qwq-32b,trivia_qa_validation_14359,1,0.831597,3
trivia_qa,qwq-32b,trivia_qa_validation_01700,1,0.548986,1
trivia_qa,qwq-32b,trivia_qa_validation_15638,1,0.763149,3
trivia_qa,qwq-32b,trivia_qa_validation_03362,0,0.276112,4
trivia_qa,qwq-32b,trivia_qa_validation_04721,1,0.804749,5
trivia_qa,qwq-32b,trivia_qa_validation_03303,1,0.81475,3
trivia_qa,qwq-32b,trivia_qa_validation_06978,1,0.786265,2
trivia_qa,qwq-32b,trivia_qa_validation_16241,1,0.876944,1
trivia_qa,qwq-32b,trivia_qa_validation_17918,1,0.633728,3
trivia_qa,qwq-32b,trivia_qa_validation_15357,1,0.793383,5
trivia_qa,qwq-32b,trivia_qa_validation_06211,1,0.759209,3
trivia_qa,qwq-32b,trivia_qa_validation_11926,1,0.735939,2
trivia_qa,qwq-32b,trivia_qa_validation_03640,1,0.856394,2
trivia_qa,qwq-32b,trivia_qa_validation_03927,1,0.889882,5
trivia_qa,qwq-32b,trivia_qa_validation_14928,0,0.218184,5
trivia_qa,qwq-32b,trivia_qa_validation_12834,1,0.884844,4
trivia_qa,qwq-32b,trivia_qa_validation_09497,0,0.759735,4
trivia_qa,qwq-32b,trivia_qa_validation_02033,1,0.880286,5
trivia_qa,qwq-32b,trivia_qa_validation_03233,1,0.47857,4
trivia_qa,qwq-32b,trivia_qa_validation_10014,1,0.595082,2
trivia_qa,qwq-32b,trivia_qa_validation_15187,1,0.858296,5
trivia_qa,qwq-32b,trivia_qa_validation_08965,0,0.593943,2
trivia_qa,qwq-32b,trivia_qa_validation_01385,1,0.418783,5
trivia_qa,qwq-32b,trivia_qa_validation_05066,1,0.859138,2
trivia_qa,qwq-32b,trivia_qa_validation_12559,1,0.805301,4
trivia_qa,qwq-32b,trivia_qa_validation_06603,1,0.844171,4
trivia_qa,qwq-32b,trivia_qa_validation_08453,1,0.877001,1
trivia_qa,qwq-32b,trivia_qa_validation_14931,1,0.778801,4
trivia_qa,qwq-32b,trivia_qa_validation_15106,1,0.848437,5
trivia_qa,qwq-32b,trivia_qa_validation_08675,1,0.785525,2
trivia_qa,qwq-32b,trivia_qa_validation_10591,0,0.212756,4
trivia_qa,qwq-32b,trivia_qa_validation_03936,1,0.621383,1
trivia_qa,qwq-32b,trivia_qa_validation_11173,1,0.780941,3
trivia_qa,qwq-32b,trivia_qa_validation_00846,1,0.557003,4
trivia_qa,qwq-32b,trivia_qa_validation_03873,1,0.850377,2
trivia_qa,qwq-32b,trivia_qa_validation_03973,1,0.89184,3
trivia_qa,qwq-32b,trivia_qa_validation_02775,0,0.469932,5
trivia_qa,qwq-32b,trivia_qa_validation_10251,1,0.612292,2
trivia_qa,qwq-32b,trivia_qa_validation_05687,0,0.485973,5
trivia_qa,qwq-32b,trivia_qa_validation_09848,1,0.904532,3
trivia_qa,qwq-32b,trivia_qa_validation_06820,1,0.726995,4
trivia_qa,qwq-32b,trivia_qa_validation_14907,0,0.816597,3
trivia_qa,qwq-32b,trivia_qa_validation_08421,1,0.86679,4
trivia_qa,qwq-32b,trivia_qa_validation_11989,1,0.907785,3
trivia_qa,qwq-32b,trivia_qa_validation_07038,0,0.813358,2
trivia_qa,qwq-32b,trivia_qa_validation_03319,1,0.871658,3
trivia_qa,qwq-32b,trivia_qa_validation_02548,1,0.658802,5
trivia_qa,qwq-32b,trivia_qa_validation_04261,0,0.793827,3
trivia_qa,qwq-32b,trivia_qa_validation_10175,1,0.764957,1
trivia_qa,qwq-32b,trivia_qa_validation_14853,1,0.836467,5
trivia_qa,qwq-32b,trivia_qa_validation_07931,1,0.723302,1
trivia_qa,qwq-32b,trivia_qa_validation_09718,1,0.878761,3
trivia_qa,qwq-32b,trivia_qa_validation_05292,0,0.094664,1
trivia_qa,qwq-32b,trivia_qa_validation_13456,1,0.780538,1
trivia_qa,qwq-32b,trivia_qa_validation_09330,1,0.58776,4
trivia_qa,qwq-32b,trivia_qa_validation_08852,0,0.079906,5
trivia_qa,qwq-32b,trivia_qa_validation_07136,0,0.611321,5
trivia_qa,qwq-32b,trivia_qa_validation_14543,1,0.503621,3
trivia_qa,qwq-32b,trivia_qa_validation_12564,1,0.860613,2
trivia_qa,qwq-32b,trivia_qa_validation_02672,1,0.522364,4
trivia_qa,qwq-32b,trivia_qa_validation_01604,1,0.86209,1
trivia_qa,qwq-32b,trivia_qa_validation_07684,1,0.847997,5
trivia_qa,qwq-32b,trivia_qa_validation_01782,0,0.302838,1
trivia_qa,qwq-32b,trivia_qa_validation_17582,1,0.83853,1
trivia_qa,qwq-32b,trivia_qa_validation_16071,0,0.350083,4
trivia_qa,qwq-32b,trivia_qa_validation_02529,1,0.58371,1
trivia_qa,qwq-32b,trivia_qa_validation_06312,0,0.19492,5
trivia_qa,qwq-32b,trivia_qa_validation_15880,0,0.119815,2
trivia_qa,qwq-32b,trivia_qa_validation_11305,0,0.154964,5
trivia_qa,qwq-32b,trivia_qa_validation_13979,1,0.81846,1
trivia_qa,qwq-32b,trivia_qa_validation_13336,1,0.809568,2
trivia_qa,qwq-32b,trivia_qa_validation_08509,1,0.867729,4
trivia_qa,qwq-32b,trivia_qa_validation_13845,1,0.85925,1
medqa,qwen3-4b-nothink,medqa_test_00990,0,0.748804,1
medqa,qwen3-4b-nothink,medqa_test_00202,0,0.723211,5
medqa,qwen3-4b-nothink,medqa_test_01258,1,0.518554,5
medqa,qwen3-4b-nothink,medqa_test_00277,1,0.67554,2
medqa,qwen3-4b-nothink,medqa_test_00427,1,0.666535,4
medqa,qwen3-4b-nothink,medqa_test_00015,0,0.613355,2
medqa,qwen3-4b-nothink,medqa_test_01202,1,0.821776,2
medqa,qwen3-4b-nothink,medqa_test_01027,1,0.939031,4
medqa,qwen3-4b-nothink,medqa_test_00827,1,0.696995,2
medqa,qwen3-4b-nothink,medqa_test_00503,1,0.720595,1
medqa,qwen3-4b-nothink,medqa_test_00325,1,0.699815,5
medqa,qwen3-4b-nothink,medqa_test_00681,1,0.701908,3
medqa,qwen3-4b-nothink,medqa_test_00932,0,0.677232,3
medqa,qwen3-4b-nothink,medqa_test_00387,1,0.628596,2
medqa,qwen3-4b-nothink,medqa_test_00235,1,0.742875,2
medqa,qwen3-4b-nothink,medqa_test_00066,1,0.690164,1
medqa,qwen3-4b-nothink,medqa_test_00347,1,0.755957,1
medqa,qwen3-4b-nothink,medqa_test_00442,0,0.713395,1
medqa,qwen3-4b-nothink,medqa_test_01121,1,0.514417,3
medqa,qwen3-4b-nothink,medqa_test_00376,1,0.441141,3
medqa,qwen3-4b-nothink,medqa_test_00035,1,0.757602,3
medqa,qwen3-4b-nothink,medqa_test_00332,1,0.744132,3
medqa,qwen3-4b-nothink,medqa_test_00400,1,0.438615,2
medqa,qwen3-4b-nothink,medqa_test_01145,1,0.729905,5
medqa,qwen3-4b-nothink,medqa_test_00975,1,0.827223,3
medqa,qwen3-4b-nothink,medqa_test_00950,1,0.772605,5
medqa,qwen3-4b-nothink,medqa_test_00825,0,0.554834,3
medqa,qwen3-4b-nothink,medqa_test_00845,1,0.655551,2
medqa,qwen3-4b-nothink,medqa_test_00802,0,0.824391,5
medqa,qwen3-4b-nothink,medqa_test_00650,1,0.71738,4
medqa,qwen3-4b-nothink,medqa_test_00540,0,0.624278,3
medqa,qwen3-4b-nothink,medqa_test_00796,1,0.602465,5
medqa,qwen3-4b-nothink,medqa_test_00002,1,0.602404,2
medqa,qwen3-4b-nothink,medqa_test_00395,1,0.768848,2
medqa,qwen3-4b-nothink,medqa_test_00464,1,0.712799,1
medqa,qwen3-4b-nothink,medqa_test_00331,1,0.669194,4
medqa,qwen3-4b-nothink,medqa_test_00959,1,0.695393,3
medqa,qwen3-4b-nothink,medqa_test_00761,0,0.419255,4
medqa,qwen3-4b-nothink,medqa_test_00454,0,0.681048,3
medqa,qwen3-4b-nothink,medqa_test_00107,1,0.584172,4
medqa,qwen3-4b-nothink,medqa_test_00920,1,0.713514,3
medqa,qwen3-4b-nothink,medqa_test_00528,0,0.526178,2
medqa,qwen3-4b-nothink,medqa_test_01166,1,0.804006,2
medqa,qwen3-4b-nothink,medqa_test_00187,1,0.829745,2
medqa,qwen3-4b-nothink,medqa_test_00997,1,0.586775,5
medqa,qwen3-4b-nothink,medqa_test_00371,0,0.630891,1
medqa,qwen3-4b-nothink,medqa_test_01142,0,0.701635,5
medqa,qwen3-4b-nothink,medqa_test_00586,1,0.588127,4
medqa,qwen3-4b-nothink,medqa_test_00195,1,0.681339,2
medqa,qwen3-4b-nothink,medqa_test_01155,1,0.525282,2
medqa,qwen3-4b-nothink,medqa_test_00536,1,0.443049,5
medqa,qwen3-4b-nothink,medqa_test_00510,1,0.596172,4
medqa,qwen3-4b-nothink,medqa_test_00976,1,0.724872,1
medqa,qwen3-4b-nothink,medqa_test_01050,1,0.614253,3
medqa,qwen3-4b-nothink,medqa_test_00742,0,0.7155,2
medqa,qwen3-4b-nothink,medqa_test_01263,0,0.699412,5
medqa,qwen3-4b-nothink,medqa_test_00631,1,0.731469,1
medqa,qwen3-4b-nothink,medqa_test_01157,1,0.635674,3
medqa,qwen3-4b-nothink,medqa_test_00473,1,0.655211,4
medqa,qwen3-4b-nothink,medqa_test_00812,1,0.568426,3
medqa,qwen3-4b-nothink,medqa_test_00299,1,0.698833,3
medqa,qwen3-4b-nothink,medqa_test_00717,0,0.504632,2
medqa,qwen3-4b-nothink,medqa_test_00850,0,0.692677,2
medqa,qwen3-4b-nothink,medqa_test_00049,1,0.808434,4
medqa,qwen3-4b-nothink,medqa_test_00793,0,0.668254,3
medqa,qwen3-4b-nothink,medqa_test_00100,1,0.580816,2
medqa,qwen3-4b-nothink,medqa_test_00662,1,0.623255,4
medqa,qwen3-4b-nothink,medqa_test_01254,1,0.721785,4
medqa,qwen3-4b-nothink,medqa_test_01150,0,0.65944,2
medqa,qwen3-4b-nothink,medqa_test_00044,0,0.530714,3
medqa,qwen3-4b-nothink,medqa_test_00289,1,0.713589,5
medqa,qwen3-4b-nothink,medqa_test_01201,1,0.428513,2
medqa,qwen3-4b-nothink,medqa_test_00861,0,0.676156,2
medqa,qwen3-4b-nothink,medqa_test_00898,1,0.747976,3
medqa,qwen3-4b-nothink,medqa_test_00328,1,0.695924,5
medqa,qwen3-4b-nothink,medqa_test_01071,1,0.702486,1
medqa,qwen3-4b-nothink,medqa_test_01032,1,0.648726,1
medqa,qwen3-4b-nothink,medqa_test_00892,1,0.665217,5
medqa,qwen3-4b-nothink,medqa_test_00623,1,0.85654,1
medqa,qwen3-4b-nothink,medqa_test_01173,1,0.762823,2
medqa,qwen3-4b-nothink,medqa_test_00246,0,0.673261,3
medqa,qwen3-4b-nothink,medqa_test_00272,1,0.802707,3
medqa,qwen3-4b-nothink,medqa_test_00489,1,0.709812,3
medqa,qwen3-4b-nothink,medqa_test_01185,1,0.782958,1
medqa,qwen3-4b-nothink,medqa_test_01138,0,0.624149,5
medqa,qwen3-4b-nothink,medqa_test_00848,1,0.7234,5
medqa,qwen3-4b-nothink,medqa_test_00455,1,0.627809,2
medqa,qwen3-4b-nothink,medqa_test_00835,1,0.660618,2
medqa,qwen3-4b-nothink,medqa_test_00078,0,0.540719,3
medqa,qwen3-4b-nothink,medqa_test_00860,1,0.681321,2
medqa,qwen3-4b-nothink,medqa_test_00022,1,0.632067,4
medqa,qwen3-4b-nothink,medqa_test_00603,1,0.633704,5
medqa,qwen3-4b-nothink,medqa_test_00356,0,0.680435,1
medqa,qwen3-4b-nothink,medqa_test_01236,0,0.568719,2
medqa,qwen3-4b-nothink,medqa_test_00185,0,0.580277,4
medqa,qwen3-4b-nothink,medqa_test_01193,0,0.527096,5
medqa,qwen3-4b-nothink,medqa_test_00711,1,0.691641,1
medqa,qwen3-4b-nothink,medqa_test_00263,1,0.825187,5
medqa,qwen3-4b-nothink,medqa_test_00667,1,0.850215,1
medqa,qwen3-4b-nothink,medqa_test_01187,1,0.337812,5
medqa,qwen3-4b-nothink,medqa_test_00463,1,0.586869,5
medqa,qwen3-4b-nothink,medqa_test_00639,0,0.540438,3
medqa,qwen3-4b-nothink,medqa_test_00231,0,0.702463,5
medqa,qwen3-4b-nothink,medqa_test_00177,0,0.736742,3
medqa,qwen3-4b-nothink,medqa_test_00296,1,0.617086,2
medqa,qwen3-4b-nothink,medqa_test_00482,1,0.838241,3
medqa,qwen3-4b-nothink,medqa_test_01255,0,0.424127,5
medqa,qwen3-4b-nothink,medqa_test_00857,1,0.811484,3
medqa,qwen3-4b-nothink,medqa_test_01251,1,0.720789,4
medqa,qwen3-4b-nothink,medqa_test_00021,1,0.54328,1
medqa,qwen3-4b-nothink,medqa_test_00485,0,0.787815,1
medqa,qwen3-4b-nothink,medqa_test_00887,0,0.552259,2
medqa,qwen3-4b-nothink,medqa_test_00090,1,0.824094,5
medqa,qwen3-4b-nothink,medqa_test_00886,0,0.648694,4
medqa,qwen3-4b-nothink,medqa_test_01026,0,0.628404,3
medqa,qwen3-4b-nothink,medqa_test_00529,1,0.436656,3
medqa,qwen3-4b-nothink,medqa_test_00055,1,0.806226,2
medqa,qwen3-4b-nothink,medqa_test_00658,1,0.751319,1
medqa,qwen3-4b-nothink,medqa_test_00706,0,0.694106,3
medqa,qwen3-4b-nothink,medqa_test_00545,1,0.779665,3
medqa,qwen3-4b-nothink,medqa_test_00878,1,0.706177,1
medqa,qwen3-4b-nothink,medqa_test_00192,1,0.829789,3
medqa,qwen3-4b-nothink,medqa_test_00738,1,0.920012,5
medqa,qwen3-4b-nothink,medqa_test_01250,0,0.216897,5
medqa,qwen3-4b-nothink,medqa_test_01233,1,0.507659,4
medqa,qwen3-4b-nothink,medqa_test_00531,0,0.75098,1
medqa,qwen3-4b-nothink,medqa_test_00568,1,0.808006,3
medqa,qwen3-4b-nothink,medqa_test_00286,1,0.883207,4
medqa,qwen3-4b-nothink,medqa_test_00785,0,0.567489,2
medqa,qwen3-4b-nothink,medqa_test_00067,1,0.627755,3
medqa,qwen3-4b-nothink,medqa_test_01108,0,0.456834,1
medqa,qwen3-4b-nothink,medqa_test_00571,1,0.572101,4
medqa,qwen3-4b-nothink,medqa_test_00212,0,0.724437,1
medqa,qwen3-4b-nothink,medqa_test_00220,1,0.582594,4
medqa,qwen3-4b-nothink,medqa_test_01132,0,0.521482,4
medqa,qwen3-4b-nothink,medqa_test_01020,0,0.512718,3
medqa,qwen3-4b-nothink,medqa_test_00492,1,0.689723,5
medqa,qwen3-4b-nothink,medqa_test_00420,0,0.765235,2
medqa,qwen3-4b-nothink,medqa_test_00978,1,0.644606,2
medqa,qwen3-4b-nothink,medqa_test_00699,1,0.707355,2
medqa,qwen3-4b-nothink,medqa_test_00730,1,0.573828,4
medqa,qwen3-4b-nothink,medqa_test_00969,1,0.6442,1
medqa,qwen3-4b-nothink,medqa_test_00719,0,0.317873,2
medqa,qwen3-4b-nothink,medqa_test_00032,0,0.577775,3
medqa,qwen3-4b-nothink,medqa_test_00876,1,0.766696,1
medqa,qwen3-4b-nothink,medqa_test_00126,1,0.373511,1
medqa,qwen3-4b-nothink,medqa_test_00179,1,0.543699,1
medqa,qwen3-4b-nothink,medqa_test_00367,0,0.582131,1
medqa,qwen3-4b-nothink,medqa_test_00121,1,0.753805,2
medqa,qwen3-4b-nothink,medqa_test_00081,0,0.403969,2
medqa,qwen3-4b-nothink,medqa_test_00011,1,0.700382,3
medqa,qwen3-4b-nothink,medqa_test_00829,0,0.566256,5
medqa,qwen3-4b-nothink,medqa_test_01171,0,0.596464,2
medqa,qwen3-4b-nothink,medqa_test_01068,1,0.679246,1
medqa,qwen3-4b-nothink,medqa_test_01203,1,0.601552,3
medqa,qwen3-4b-nothink,medqa_test_00820,1,0.742928,2
medqa,qwen3-4b-nothink,medqa_test_01180,1,0.578076,4
medqa,qwen3-4b-nothink,medqa_test_00901,0,0.580088,4
medqa,qwen3-4b-nothink,medqa_test_01163,0,0.743428,4
medqa,qwen3-4b-nothink,medqa_test_00426,0,0.366334,1
medqa,qwen3-4b-nothink,medqa_test_01044,1,0.697662,5
medqa,qwen3-4b-nothink,medqa_test_01212,1,0.714003,1
medqa,qwen3-4b-nothink,medqa_test_00888,0,0.316488,2
medqa,qwen3-4b-nothink,medqa_test_00813,0,0.692908,4
medqa,qwen3-4b-nothink,medqa_test_01107,0,0.139366,1
medqa,qwen3-4b-nothink,medqa_test_00875,1,0.753416,2
medqa,qwen3-4b-nothink,medqa_test_00659,0,0.563314,1
medqa,qwen3-4b-nothink,medqa_test_00125,1,0.661949,2
medqa,qwen3-4b-nothink,medqa_test_00269,1,0.713305,5
medqa,qwen3-4b-nothink,medqa_test_00148,1,0.721049,1
medqa,qwen3-4b-nothink,medqa_test_00462,1,0.680118,1
medqa,qwen3-4b-nothink,medqa_test_00314,0,0.666095,3
medqa,qwen3-4b-nothink,medqa_test_00300,0,0.562356,4
medqa,qwen3-4b-nothink,medqa_test_01031,1,0.656203,5
medqa,qwen3-4b-nothink,medqa_test_00087,0,0.640327,5
medqa,qwen3-4b-nothink,medqa_test_00726,1,0.649665,1
medqa,qwen3-4b-nothink,medqa_test_00771,0,0.133293,5
medqa,qwen3-4b-nothink,medqa_test_00017,1,0.833703,4
medqa,qwen3-4b-nothink,medqa_test_00034,0,0.614526,4
medqa,qwen3-4b-nothink,medqa_test_01006,1,0.680318,2
medqa,qwen3-4b-nothink,medqa_test_00153,1,0.840557,3
medqa,qwen3-4b-nothink,medqa_test_00298,1,0.50609,5
medqa,qwen3-4b-nothink,medqa_test_00428,1,0.578691,3
medqa,qwen3-4b-nothink,medqa_test_00893,1,0.598592,3
medqa,qwen3-4b-nothink,medqa_test_00294,1,0.701813,4
medqa,qwen3-4b-nothink,medqa_test_00599,1,0.688533,4
medqa,qwen3-4b-nothink,medqa_test_01014,1,0.751792,3
medqa,qwen3-4b-nothink,medqa_test_01033,0,0.765311,1
medqa,qwen3-4b-nothink,medqa_test_00587,0,0.614892,2
medqa,qwen3-4b-nothink,medqa_test_00677,0,0.794801,4
medqa,qwen3-4b-nothink,medqa_test_01037,0,0.509437,1
medqa,qwen3-4b-nothink,medqa_test_00834,1,0.572544,3
medqa,qwen3-4b-nothink,medqa_test_01065,1,0.566242,5
medqa,qwen3-4b-nothink,medqa_test_00837,1,0.660678,5
medqa,qwen3-4b-nothink,medqa_test_01029,1,0.574873,4
medqa,qwen3-4b-nothink,medqa_test_00259,1,0.74302,2
medqa,qwen3-4b-nothink,medqa_test_00714,0,0.700917,4
medqa,qwen3-4b-nothink,medqa_test_00954,1,0.458507,5
medqa,qwen3-4b-nothink,medqa_test_00602,1,0.288285,5
medqa,qwen3-4b-nothink,medqa_test_00728,1,0.616199,1
medqa,qwen3-4b-nothink,medqa_test_00057,0,0.529727,2
medqa,qwen3-4b-nothink,medqa_test_00580,1,0.551296,3
medqa,qwen3-4b-nothink,medqa_test_01195,1,0.582684,1
medqa,qwen3-4b-nothink,medqa_test_00605,0,0.57663,4
medqa,qwen3-4b-nothink,medqa_test_00889,1,0.528065,5
medqa,qwen3-4b-nothink,medqa_test_00768,1,0.768437,1
medqa,qwen3-4b-nothink,medqa_test_00645,0,0.600829,1
medqa,qwen3-4b-nothink,medqa_test_00858,0,0.570175,1
medqa,qwen3-4b-nothink,medqa_test_01118,1,0.775004,2
medqa,qwen3-4b-nothink,medqa_test_00434,1,0.799852,2
medqa,qwen3-4b-nothink,medqa_test_00562,1,0.761412,1
medqa,qwen3-4b-nothink,medqa_test_01021,0,0.580267,4
medqa,qwen3-4b-nothink,medqa_test_00261,1,0.651162,1
medqa,qwen3-4b-nothink,medqa_test_00410,1,0.611201,1
medqa,qwen3-4b-nothink,medqa_test_00880,0,0.67886,5
medqa,qwen3-4b-nothink,medqa_test_00458,1,0.758216,3
medqa,qwen3-4b-nothink,medqa_test_00275,1,0.808749,2
medqa,qwen3-4b-nothink,medqa_test_00575,0,0.57971,5
medqa,qwen3-4b-nothink,medqa_test_00112,0,0.746998,3
medqa,qwen3-4b-nothink,medqa_test_00073,1,0.74317,3
medqa,qwen3-4b-nothink,medqa_test_00963,0,0.602909,2
medqa,qwen3-4b-nothink,medqa_test_00383,1,0.589031,3
medqa,qwen3-4b-nothink,medqa_test_00668,1,0.495561,4
medqa,qwen3-4b-nothink,medqa_test_00068,1,0.607706,5
medqa,qwen3-4b-nothink,medqa_test_00396,1,0.7369,3
medqa,qwen3-4b-nothink,medqa_test_01013,1,0.860867,5
medqa,qwen3-4b-nothink,medqa_test_00361,1,0.631025,3
medqa,qwen3-4b-nothink,medqa_test_00461,1,0.602691,1
medqa,qwen3-4b-nothink,medqa_test_00160,0,0.718359,2
medqa,qwen3-4b-nothink,medqa_test_01069,1,0.5969,2
medqa,qwen3-4b-nothink,medqa_test_00912,0,0.358548,3
medqa,qwen3-4b-nothink,medqa_test_00280,1,0.770155,2
medqa,qwen3-4b-nothink,medqa_test_00491,1,0.349119,4
medqa,qwen3-4b-nothink,medqa_test_00048,1,0.656383,1
medqa,qwen3-4b-nothink,medqa_test_01172,0,0.799385,4
medqa,qwen3-4b-nothink,medqa_test_00852,1,0.603457,4
medqa,qwen3-4b-nothink,medqa_test_00847,1,0.812278,3
medqa,qwen3-4b-nothink,medqa_test_00731,1,0.743809,3
medqa,qwen3-4b-nothink,medqa_test_01018,0,0.410498,2
medqa,qwen3-4b-nothink,medqa_test_00386,0,0.645237,3
medqa,qwen3-4b-nothink,medqa_test_00498,1,0.29026,1
medqa,qwen3-4b-nothink,medqa_test_01226,0,0.789754,3
medqa,qwen3-4b-nothink,medqa_test_00640,1,0.780982,4
medqa,qwen3-4b-nothink,medqa_test_00018,1,0.749595,2
medqa,qwen3-4b-nothink,medqa_test_00382,1,0.427226,5
medqa,qwen3-4b-nothink,medqa_test_01016,1,0.699631,4
medqa,qwen3-4b-nothink,medqa_test_00607,1,0.806117,2
medqa,qwen3-4b-nothink,medqa_test_00210,1,0.693156,5
medqa,qwen3-4b-nothink,medqa_test_00168,1,0.838779,4
medqa,qwen3-4b-nothink,medqa_test_01207,1,0.74528,3
medqa,qwen3-4b-nothink,medqa_test_01211,0,0.700803,2
medqa,qwen3-4b-nothink,medqa_test_00164,1,0.758985,3
medqa,qwen3-4b-nothink,medqa_test_00170,1,0.668191,3
medqa,qwen3-4b-nothink,medqa_test_00808,1,0.797878,3
medqa,qwen3-4b-nothink,medqa_test_00766,0,0.467784,5
medqa,qwen3-4b-nothink,medqa_test_00474,1,0.841564,4
medqa,qwen3-4b-nothink,medqa_test_00712,1,0.388298,5
medqa,qwen3-4b-nothink,medqa_test_00936,0,0.570124,5
medqa,qwen3-4b-nothink,medqa_test_01126,0,0.723752,1
medqa,qwen3-4b-nothink,medqa_test_00092,1,0.498101,1
medqa,qwen3-4b-nothink,medqa_test_01219,1,0.659231,4
medqa,qwen3-4b-nothink,medqa_test_01208,0,0.595346,4
medqa,qwen3-4b-nothink,medqa_test_00089,0,0.840805,3
medqa,qwen3-4b-nothink,medqa_test_00651,0,0.637222,5
medqa,qwen3-4b-nothink,medqa_test_01248,1,0.59018,5
medqa,qwen3-4b-nothink,medqa_test_00010,0,0.554558,4
medqa,qwen3-4b-nothink,medqa_test_00949,1,0.83952,4
medqa,qwen3-4b-nothink,medqa_test_00046,1,0.882991,3
medqa,qwen3-4b-nothink,medqa_test_01245,1,0.480708,3
medqa,qwen3-4b-nothink,medqa_test_01247,0,0.727525,5
medqa,qwen3-4b-nothink,medqa_test_00883,1,0.806037,5
medqa,qwen3-4b-nothink,medqa_test_00221,0,0.73885,3
medqa,qwen3-4b-nothink,medqa_test_00962,1,0.728243,4
medqa,qwen3-4b-nothink,medqa_test_01223,1,0.744794,5
medqa,qwen3-4b-nothink,medqa_test_00923,1,0.791243,1
medqa,qwen3-4b-nothink,medqa_test_01036,1,0.548834,4
medqa,qwen3-4b-nothink,medqa_test_01064,1,0.810675,5
medqa,qwen3-4b-nothink,medqa_test_00256,0,0.492192,1
medqa,qwen3-4b-nothink,medqa_test_00139,0,0.437299,2
medqa,qwen3-4b-nothink,medqa_test_01213,1,0.692389,2
medqa,qwen3-4b-nothink,medqa_test_00239,0,0.546028,1
medqa,qwen3-4b-nothink,medqa_test_00624,0,0.696459,1
medqa,qwen3-4b-nothink,medqa_test_00606,0,0.746591,5
medqa,qwen3-4b-nothink,medqa_test_00723,0,0.58113,2
medqa,qwen3-4b-nothink,medqa_test_00459,0,0.640194,1
medqa,qwen3-4b-nothink,medqa_test_00579,1,0.609028,2
medqa,qwen3-4b-nothink,medqa_test_00157,1,0.786326,3
medqa,qwen3-4b-nothink,medqa_test_00084,1,0.674878,4
medqa,qwen3-4b-nothink,medqa_test_00352,0,0.415102,1
medqa,qwen3-4b-nothink,medqa_test_00612,0,0.606355,5
medqa,qwen3-4b-nothink,medqa_test_00072,1,0.536171,4
medqa,qwen3-4b-nothink,medqa_test_00724,0,0.675902,5
medqa,qwen3-4b-nothink,medqa_test_00374,0,0.567171,1
medqa,qwen3-4b-nothink,medqa_test_00363,1,0.46966,1
medqa,qwen3-4b-nothink,medqa_test_00642,1,0.614047,3
medqa,qwen3-4b-nothink,medqa_test_01095,0,0.53868,4
medqa,qwen3-4b-nothink,medqa_test_01168,1,0.82927,5
medqa,qwen3-4b-nothink,medqa_test_00101,1,0.781902,5
medqa,qwen3-4b-nothink,medqa_test_00401,0,0.504891,1
medqa,qwen3-4b-nothink,medqa_test_00348,1,0.68362,2
medqa,qwen3-4b-nothink,medqa_test_00346,0,0.770036,5
medqa,qwen3-4b-nothink,medqa_test_00119,1,0.634834,2
medqa,qwen3-4b-nothink,medqa_test_00870,1,0.743737,4
medqa,qwen3-4b-nothink,medqa_test_00749,1,0.556706,3
medqa,qwen3-4b-nothink,medqa_test_00147,1,0.70383,2
medqa,qwen3-4b-nothink,medqa_test_00439,1,0.660498,3
medqa,qwen3-4b-nothink,medqa_test_00016,1,0.840044,1
medqa,qwen3-4b-nothink,medqa_test_00402,1,0.397787,1
medqa,qwen3-4b-nothink,medqa_test_00708,0,0.679161,4
medqa,qwen3-4b-nothink,medqa_test_00304,1,0.680487,5
medqa,qwen3-4b-nothink,medqa_test_00614,1,0.651165,3
medqa,qwen3-4b-nothink,medqa_test_00971,1,0.605245,5
medqa,qwen3-4b-nothink,medqa_test_00772,1,0.865789,1
medqa,qwen3-4b-nothink,medqa_test_00894,1,0.771489,3
medqa,qwen3-4b-nothink,medqa_test_00282,1,0.670928,2
medqa,qwen3-4b-nothink,medqa_test_00512,0,0.777548,2
medqa,qwen3-4b-nothink,medqa_test_00989,0,0.65983,3
medqa,qwen3-4b-nothink,medqa_test_00080,1,0.211644,5
medqa,qwen3-4b-nothink,medqa_test_01174,1,0.526837,5
medqa,qwen3-4b-nothink,medqa_test_00628,1,0.603882,4
medqa,qwen3-4b-nothink,medqa_test_00945,1,0.439643,1
medqa,qwen3-4b-nothink,medqa_test_00494,0,0.427503,1
medqa,qwen3-4b-nothink,medqa_test_00320,0,0.73551,4
medqa,qwen3-4b-nothink,medqa_test_00921,0,0.788339,2
medqa,qwen3-4b-nothink,medqa_test_00050,1,0.770879,2
medqa,qwen3-4b-nothink,medqa_test_00504,1,0.749363,4
medqa,qwen3-4b-nothink,medqa_test_01042,1,0.737937,2
medqa,qwen3-4b-nothink,medqa_test_01110,1,0.427111,4
medqa,qwen3-4b-nothink,medqa_test_01175,1,0.74135,3
medqa,qwen3-4b-nothink,medqa_test_00762,0,0.690642,3
medqa,qwen3-4b-nothink,medqa_test_00632,1,0.687081,1
medqa,qwen3-4b-nothink,medqa_test_00839,1,0.729459,3
medqa,qwen3-4b-nothink,medqa_test_00872,0,0.35266,5
medqa,qwen3-4b-nothink,medqa_test_00226,1,0.783444,4
medqa,qwen3-4b-nothink,medqa_test_01056,1,0.744969,5
medqa,qwen3-4b-nothink,medqa_test_00502,1,0.873737,3
medqa,qwen3-4b-nothink,medqa_test_00794,1,0.612603,4
medqa,qwen3-4b-nothink,medqa_test_00115,1,0.797535,5
medqa,qwen3-4b-nothink,medqa_test_00751,0,0.565591,3
medqa,qwen3-4b-nothink,medqa_test_00419,1,0.608569,1
medqa,qwen3-4b-nothink,medqa_test_00310,0,0.776853,2
medqa,qwen3-4b-nothink,medqa_test_00213,1,0.742893,2
medqa,qwen3-4b-nothink,medqa_test_01047,1,0.436198,1
medqa,qwen3-4b-nothink,medqa_test_00060,1,0.746949,5
medqa,qwen3-4b-nothink,medqa_test_00755,1,0.623804,3
medqa,qwen3-4b-nothink,medqa_test_00479,1,0.734776,2
medqa,qwen3-4b-nothink,medqa_test_00155,0,0.672423,3
medqa,qwen3-4b-nothink,medqa_test_00910,0,0.622627,1
medqa,qwen3-4b-nothink,medqa_test_00076,1,0.781752,5
medqa,qwen3-4b-nothink,medqa_test_01210,1,0.561112,3
medqa,qwen3-4b-nothink,medqa_test_00404,0,0.660007,4
medqa,qwen3-4b-nothink,medqa_test_00322,1,0.726737,1
medqa,qwen3-4b-nothink,medqa_test_00295,1,0.854479,5
medqa,qwen3-4b-nothink,medqa_test_00037,0,0.618329,1
medqa,qwen3-4b-nothink,medqa_test_00397,1,0.632504,5
medqa,qwen3-4b-nothink,medqa_test_00205,1,0.703281,1
medqa,qwen3-4b-nothink,medqa_test_01002,1,0.451768,1
medqa,qwen3-4b-nothink,medqa_test_00666,1,0.574156,2
medqa,qwen3-4b-nothink,medqa_test_00998,1,0.696412,1
medqa,qwen3-4b-nothink,medqa_test_00595,1,0.477664,2
medqa,qwen3-4b-nothink,medqa_test_01120,1,0.845499,3
medqa,qwen3-4b-nothink,medqa_test_01001,1,0.769164,1
medqa,qwen3-4b-nothink,medqa_test_00245,1,0.657695,2
medqa,qwen3-4b-nothink,medqa_test_00643,0,0.578478,3
medqa,qwen3-4b-nothink,medqa_test_01081,1,0.548012,5
medqa,qwen3-4b-nothink,medqa_test_00729,0,0.593197,4
medqa,qwen3-4b-nothink,medqa_test_00615,1,0.592742,5
medqa,qwen3-4b-nothink,medqa_test_00896,1,0.697375,3
medqa,qwen3-4b-nothink,medqa_test_00926,1,0.747892,1
medqa,qwen3-4b-nothink,medqa_test_00385,0,0.778071,3
medqa,qwen3-4b-nothink,medqa_test_01244,0,0.67753,1
medqa,qwen3-4b-nothink,medqa_test_01152,0,0.525024,3
medqa,qwen3-4b-nothink,medqa_test_00944,0,0.512994,2
medqa,qwen3-4b-nothink,medqa_test_00149,1,0.690462,4
medqa,qwen3-4b-nothink,medqa_test_00933,0,0.565576,2
medqa,qwen3-4b-nothink,medqa_test_00591,0,0.615868,2
medqa,qwen3-4b-nothink,medqa_test_01151,1,0.63845,1
medqa,qwen3-4b-nothink,medqa_test_00140,1,0.835362,1
medqa,qwen3-4b-nothink,medqa_test_01154,1,0.727648,3
medqa,qwen3-4b-nothink,medqa_test_00828,1,0.632787,1
medqa,qwen3-4b-nothink,medqa_test_00851,0,0.545408,4
medqa,qwen3-4b-nothink,medqa_test_00007,1,0.572724,3
medqa,qwen3-4b-nothink,medqa_test_00953,0,0.74781,2
medqa,qwen3-4b-nothink,medqa_test_00091,1,0.741429,3
medqa,qwen3-4b-nothink,medqa_test_00184,0,0.809307,2
medqa,qwen3-4b-nothink,medqa_test_00116,1,0.649774,4
medqa,qwen3-4b-nothink,medqa_test_00684,1,0.548564,4
medqa,qwen3-4b-nothink,medqa_test_00099,0,0.355305,5
medqa,qwen3-4b-nothink,medqa_test_00585,1,0.659621,3
medqa,qwen3-4b-nothink,medqa_test_01079,1,0.729318,5
medqa,qwen3-4b-nothink,medqa_test_00884,1,0.863959,4
medqa,qwen3-4b-nothink,medqa_test_00617,1,0.717429,4
medqa,qwen3-4b-nothink,medqa_test_00524,0,0.657458,2
medqa,qwen3-4b-nothink,medqa_test_00557,1,0.519321,1
medqa,qwen3-4b-nothink,medqa_test_01096,1,0.784716,4
medqa,qwen3-4b-nothink,medqa_test_00868,1,0.55664,4
medqa,qwen3-4b-nothink,medqa_test_00547,1,0.696478,1
medqa,qwen3-4b-nothink,medqa_test_00661,1,0.646349,3
medqa,qwen3-4b-nothink,medqa_test_00895,0,0.645627,1
medqa,qwen3-4b-nothink,medqa_test_00818,1,0.808946,4
medqa,qwen3-4b-nothink,medqa_test_00390,1,0.648852,1
medqa,qwen3-4b-nothink,medqa_test_00515,0,0.551691,1
medqa,qwen3-4b-nothink,medqa_test_00380,0,0.692863,4
medqa,qwen3-4b-nothink,medqa_test_00534,1,0.60134,4
medqa,qwen3-4b-nothink,medqa_test_00937,0,0.492767,2
medqa,qwen3-4b-nothink,medqa_test_00098,0,0.674465,4
medqa,qwen3-4b-nothink,medqa_test_00369,0,0.683677,3
medqa,qwen3-4b-nothink,medqa_test_01260,1,0.567579,4
medqa,qwen3-4b-nothink,medqa_test_00780,1,0.530887,5
medqa,qwen3-4b-nothink,medqa_test_00128,0,0.661643,2
medqa,qwen3-4b-nothink,medqa_test_01268,1,0.761123,4
medqa,qwen3-4b-nothink,medqa_test_00588,1,0.601669,5
medqa,qwen3-4b-nothink,medqa_test_00232,0,0.631496,3
medqa,qwen3-4b-nothink,medqa_test_00657,0,0.67181,2
medqa,qwen3-4b-nothink,medqa_test_01125,1,0.747736,1
medqa,qwen3-4b-nothink,medqa_test_00782,1,0.729326,4
medqa,qwen3-4b-nothink,medqa_test_00647,0,0.577265,5
medqa,qwen3-4b-nothink,medqa_test_01136,0,0.734607,3
medqa,qwen3-4b-nothink,medqa_test_00176,1,0.760764,3
medqa,qwen3-4b-nothink,medqa_test_00805,1,0.747698,5
medqa,qwen3-4b-nothink,medqa_test_00653,1,0.685918,1
medqa,qwen3-4b-nothink,medqa_test_00188,0,0.671551,5
medqa,qwen3-4b-nothink,medqa_test_00297,0,0.656218,3
medqa,qwen3-4b-nothink,medqa_test_00797,1,0.689303,2
medqa,qwen3-4b-nothink,medqa_test_00522,1,0.567906,3
medqa,qwen3-4b-nothink,medqa_test_00508,0,0.549044,4
medqa,qwen3-4b-nothink,medqa_test_00354,1,0.711466,1
medqa,qwen3-4b-nothink,medqa_test_00207,1,0.767835,4
medqa,qwen3-4b-nothink,medqa_test_00113,1,0.710411,5
medqa,qwen3-4b-nothink,medqa_test_00700,1,0.826999,1
medqa,qwen3-4b-nothink,medqa_test_00855,0,0.809476,3
medqa,qwen3-4b-nothink,medqa_test_00927,1,0.718665,3
medqa,qwen3-4b-nothink,medqa_test_00965,1,0.738138,3
medqa,qwen3-4b-nothink,medqa_test_00744,1,0.762774,2
medqa,qwen3-4b-nothink,medqa_test_00513,1,0.704371,2
medqa,qwen3-4b-nothink,medqa_test_00364,0,0.691677,4
medqa,qwen3-4b-nothink,medqa_test_01007,1,0.692139,4
medqa,qwen3-4b-nothink,medqa_test_00243,1,0.698073,4
medqa,qwen3-4b-nothink,medqa_test_00786,1,0.702836,2
medqa,qwen3-4b-nothink,medqa_test_00977,1,0.687589,1
medqa,qwen3-4b-nothink,medqa_test_00984,1,0.652358,5
medqa,qwen3-4b-nothink,medqa_test_00483,0,0.755973,3
medqa,qwen3-4b-nothink,medqa_test_00697,1,0.749584,1
medqa,qwen3-4b-nothink,medqa_test_00905,0,0.675047,5
medqa,qwen3-4b-nothink,medqa_test_00368,1,0.70387,5
medqa,qwen3-4b-nothink,medqa_test_00537,0,0.649569,2
medqa,qwen3-4b-nothink,medqa_test_01091,0,0.683988,1
medqa,qwen3-4b-nothink,medqa_test_00097,1,0.785215,4
medqa,qwen3-4b-nothink,medqa_test_00264,0,0.411462,4
medqa,qwen3-4b-nothink,medqa_test_00750,1,0.646422,4
medqa,qwen3-4b-nothink,medqa_test_00616,0,0.41855,5
medqa,qwen3-4b-nothink,medqa_test_00803,0,0.685448,3
medqa,qwen3-4b-nothink,medqa_test_00613,1,0.631657,4
medqa,qwen3-4b-nothink,medqa_test_01189,1,0.745865,3
medqa,qwen3-4b-nothink,medqa_test_00143,1,0.687692,4
medqa,qwen3-4b-nothink,medqa_test_00174,1,0.578721,1
medqa,qwen3-4b-nothink,medqa_test_00132,1,0.750862,2
medqa,qwen3-4b-nothink,medqa_test_00809,1,0.716201,5
medqa,qwen3-4b-nothink,medqa_test_00840,1,0.863319,4
medqa,qwen3-4b-nothink,medqa_test_00526,1,0.405582,5
medqa,qwen3-4b-nothink,medqa_test_00831,1,0.22718,4
medqa,qwen3-4b-nothink,medqa_test_01218,0,0.633728,2
medqa,qwen3-4b-nothink,medqa_test_00843,0,0.808376,4
medqa,qwen3-4b-nothink,medqa_test_01222,0,0.691151,4
medqa,qwen3-4b-nothink,medqa_test_01270,0,0.686375,2
medqa,qwen3-4b-nothink,medqa_test_01088,1,0.596443,3
medqa,qwen3-4b-nothink,medqa_test_00172,1,0.600035,5
medqa,qwen3-4b-nothink,medqa_test_01197,1,0.594067,3
medqa,qwen3-4b-nothink,medqa_test_00342,1,0.736039,5
medqa,qwen3-4b-nothink,medqa_test_00816,0,0.839455,5
medqa,qwen3-4b-nothink,medqa_test_00938,1,0.447863,1
medqa,qwen3-4b-nothink,medqa_test_00237,0,0.647567,5
medqa,qwen3-4b-nothink,medqa_test_00544,1,0.700669,5
medqa,qwen3-4b-nothink,medqa_test_00672,1,0.866962,5
medqa,qwen3-4b-nothink,medqa_test_01089,1,0.495288,5
medqa,qwen3-4b-nothink,medqa_test_00804,1,0.656587,5
medqa,qwen3-4b-nothink,medqa_test_01230,1,0.600896,2
medqa,qwen3-4b-nothink,medqa_test_00251,1,0.780289,4
medqa,qwen3-4b-nothink,medqa_test_00274,1,0.64631,4
medqa,qwen3-4b-nothink,medqa_test_00604,1,0.528526,2
medqa,qwen3-4b-nothink,medqa_test_00554,0,0.558269,5
medqa,qwen3-4b-nothink,medqa_test_00495,0,0.809619,3
medqa,qwen3-4b-nothink,medqa_test_00276,0,0.684523,4
medqa,qwen3-4b-nothink,medqa_test_00678,0,0.628443,3
medqa,qwen3-4b-nothink,medqa_test_00445,0,0.664626,4
medqa,qwen3-4b-nothink,medqa_test_00560,1,0.458332,3
medqa,qwen3-4b-nothink,medqa_test_00470,1,0.696608,2
medqa,qwen3-4b-nothink,medqa_test_00370,1,0.697864,2
medqa,qwen3-4b-nothink,medqa_test_00443,0,0.346525,1
medqa,qwen3-4b-nothink,medqa_test_00108,1,0.825536,1
medqa,qwen3-4b-nothink,medqa_test_01200,1,0.68467,2
medqa,qwen3-4b-nothink,medqa_test_00622,1,0.568365,3
medqa,qwen3-4b-nothink,medqa_test_00349,1,0.706884,5
medqa,qwen3-4b-nothink,medqa_test_01048,0,0.365221,2
medqa,qwen3-4b-nothink,medqa_test_00913,0,0.461117,3
medqa,qwen3-4b-nothink,medqa_test_00379,1,0.472216,4
medqa,qwen3-4b-nothink,medqa_test_00618,1,0.779573,5
medqa,qwen3-4b-nothink,medqa_test_00355,0,0.657562,5
medqa,qwen3-4b-nothink,medqa_test_00862,0,0.661002,2
medqa,qwen3-4b-nothink,medqa_test_00123,0,0.488779,4
medqa,qwen3-4b-nothink,medqa_test_01045,1,0.648742,3
medqa,qwen3-4b-nothink,medqa_test_00104,1,0.567114,5
medqa,qwen3-4b-nothink,medqa_test_00248,1,0.653632,3
medqa,qwen3-4b-nothink,medqa_test_00874,1,0.663538,2
medqa,qwen3-4b-nothink,medqa_test_00701,0,0.477036,5
medqa,qwen3-4b-nothink,medqa_test_00384,1,0.472203,5
medqa,qwen3-4b-nothink,medqa_test_00319,0,0.614662,2
medqa,qwen3-4b-nothink,medqa_test_00026,1,0.748747,3
medqa,qwen3-4b-nothink,medqa_test_01228,0,0.520487,2
medqa,qwen3-4b-nothink,medqa_test_01240,1,0.73729,2
medqa,qwen3-4b-nothink,medqa_test_00167,1,0.597174,5
medqa,qwen3-4b-nothink,medqa_test_00934,0,0.696614,1
medqa,qwen3-4b-nothink,medqa_test_00377,1,0.588588,1
medqa,qwen3-4b-nothink,medqa_test_01111,1,0.773641,3
medqa,qwen3-4b-nothink,medqa_test_00879,1,0.594735,2
medqa,qwen3-4b-nothink,medqa_test_00117,0,0.649514,2
medqa,qwen3-4b-nothink,medqa_test_00716,0,0.687455,5
medqa,qwen3-4b-nothink,medqa_test_00129,1,0.371741,5
medqa,qwen3-4b-nothink,medqa_test_00709,0,0.435972,2
medqa,qwen3-4b-nothink,medqa_test_00633,0,0.66351,3
medqa,qwen3-4b-nothink,medqa_test_00842,1,0.605827,3
medqa,qwen3-4b-nothink,medqa_test_00654,1,0.345485,5
medqa,qwen3-4b-nothink,medqa_test_00031,0,0.459841,5
medqa,qwen3-4b-nothink,medqa_test_00041,1,0.800859,5
medqa,qwen3-4b-nothink,medqa_test_00942,0,0.650109,2
medqa,qwen3-4b-nothink,medqa_test_01123,1,0.751953,4
medqa,qwen3-4b-nothink,medqa_test_01101,1,0.772404,2
medqa,qwen3-4b-nothink,medqa_test_00053,1,0.775891,2
medqa,qwen3-4b-nothink,medqa_test_01196,1,0.743631,4
medqa,qwen3-4b-nothink,medqa_test_00019,0,0.711915,5
medqa,qwen3-4b-nothink,medqa_test_01038,1,0.186121,4
medqa,qwen3-4b-nothink,medqa_test_00980,1,0.501904,5
medqa,qwen3-4b-nothink,medqa_test_00431,0,0.701335,1
medqa,qwen3-4b-nothink,medqa_test_00986,0,0.599636,5
medqa,qwen3-4b-nothink,medqa_test_00345,1,0.716895,2
medqa,qwen3-4b-nothink,medqa_test_00748,1,0.732858,1
medqa,qwen3-4b-nothink,medqa_test_00465,1,0.714178,2
medqa,qwen3-4b-nothink,medqa_test_00335,1,0.571972,2
medqa,qwen3-4b-nothink,medqa_test_00739,1,0.465237,3
medqa,qwen3-4b-nothink,medqa_test_00266,1,0.703087,3
medqa,qwen3-4b-nothink,medqa_test_00811,1,0.597842,1
medqa,qwen3-4b-nothink,medqa_test_01164,0,0.532955,1
medqa,qwen3-4b-nothink,medqa_test_00472,0,0.557949,4
medqa,qwen3-4b-nothink,medqa_test_01076,0,0.521327,2
medqa,qwen3-4b-nothink,medqa_test_00085,0,0.672928,3
medqa,qwen3-4b-nothink,medqa_test_00792,0,0.72186,2
medqa,qwen3-4b-nothink,medqa_test_00577,1,0.5853,3
medqa,qwen3-4b-nothink,medqa_test_00403,0,0.536518,3
medqa,qwen3-4b-nothink,medqa_test_00027,1,0.728904,2
medqa,qwen3-4b-nothink,medqa_test_01148,1,0.785463,3
medqa,qwen3-4b-nothink,medqa_test_01122,1,0.812526,4
medqa,qwen3-4b-nothink,medqa_test_00478,1,0.505885,3
medqa,qwen3-4b-nothink,medqa_test_00169,1,0.791177,2
medqa,qwen3-4b-nothink,medqa_test_00414,1,0.615434,4
medqa,qwen3-4b-nothink,medqa_test_00344,0,0.581007,1
medqa,qwen3-4b-nothink,medqa_test_00774,0,0.694175,1
medqa,qwen3-4b-nothink,medqa_test_01073,0,0.516453,1
medqa,qwen3-4b-nothink,medqa_test_00773,1,0.540616,5
medqa,qwen3-4b-nothink,medqa_test_00279,1,0.569576,2
medqa,qwen3-4b-nothink,medqa_test_00710,1,0.568276,4
medqa,qwen3-4b-nothink,medqa_test_00499,0,0.283268,3
medqa,qwen3-4b-nothink,medqa_test_00225,1,0.733245,2
medqa,qwen3-4b-nothink,medqa_test_00559,1,0.830966,1
medqa,qwen3-4b-nothink,medqa_test_00770,1,0.763473,5
medqa,qwen3-4b-nothink,medqa_test_00979,1,0.47744,2
medqa,qwen3-4b-nothink,medqa_test_00399,1,0.261117,4
medqa,qwen3-4b-nothink,medqa_test_00305,1,0.617716,3
medqa,qwen3-4b-nothink,medqa_test_00360,1,0.549262,2
medqa,qwen3-4b-nothink,medqa_test_01141,1,0.711936,5
medqa,qwen3-4b-nothink,medqa_test_01008,0,0.494296,3
medqa,qwen3-4b-nothink,medqa_test_01054,1,0.781881,2
medqa,qwen3-4b-nothink,medqa_test_00690,0,0.648594,4
medqa,qwen3-4b-nothink,medqa_test_00020,1,0.769738,2
medqa,qwen3-4b-nothink,medqa_test_01009,1,0.614165,1
medqa,qwen3-4b-nothink,medqa_test_00398,1,0.7324,2
medqa,qwen3-4b-nothink,medqa_test_01169,1,0.551366,5
medqa,qwen3-4b-nothink,medqa_test_00211,0,0.748346,2
medqa,qwen3-4b-nothink,medqa_test_00063,0,0.650887,4
medqa,qwen3-4b-nothink,medqa_test_00425,0,0.355128,1
medqa,qwen3-4b-nothink,medqa_test_00477,0,0.443419,2
medqa,qwen3-4b-nothink,medqa_test_01015,1,0.736028,1
medqa,qwen3-4b-nothink,medqa_test_00846,1,0.681386,1
medqa,qwen3-4b-nothink,medqa_test_00417,1,0.699033,4
medqa,qwen3-4b-nothink,medqa_test_01092,0,0.543264,5
medqa,qwen3-4b-nothink,medqa_test_01190,1,0.777681,3
medqa,qwen3-4b-nothink,medqa_test_00219,0,0.589276,3
medqa,qwen3-4b-nothink,medqa_test_00156,1,0.665291,2
medqa,qwen3-4b-nothink,medqa_test_00236,1,0.788891,3
medqa,qwen3-4b-nothink,medqa_test_01046,0,0.598101,4
medqa,qwen3-4b-nothink,medqa_test_01114,0,0.542128,2
medqa,qwen3-4b-nothink,medqa_test_00999,1,0.737653,2
medqa,qwen3-4b-nothink,medqa_test_00553,1,0.77333,2
medqa,qwen3-4b-nothink,medqa_test_01160,1,0.616067,5
medqa,qwen3-4b-nothink,medqa_test_00943,1,0.817842,5
medqa,qwen3-4b-nothink,medqa_test_00916,0,0.67368,1
medqa,qwen3-4b-nothink,medqa_test_00705,1,0.761637,2
medqa,qwen3-4b-nothink,medqa_test_01178,1,0.802115,2
medqa,qwen3-4b-nothink,medqa_test_00079,1,0.574089,4
medqa,qwen3-4b-nothink,medqa_test_00450,1,0.673808,2
medqa,qwen3-4b-nothink,medqa_test_00281,1,0.771006,1
medqa,qwen3-4b-nothink,medqa_test_00967,0,0.612213,2
medqa,qwen3-4b-nothink,medqa_test_00641,1,0.806595,2
medqa,qwen3-4b-nothink,medqa_test_00496,0,0.519003,5
medqa,qwen3-4b-nothink,medqa_test_00533,1,0.758179,1
medqa,qwen3-4b-nothink,medqa_test_00885,1,0.468031,5
medqa,qwen3-4b-nothink,medqa_test_00253,0,0.513405,4
medqa,qwen3-4b-nothink,medqa_test_00265,0,0.661982,3
medqa,qwen3-4b-nothink,medqa_test_01094,0,0.643366,1
medqa,qwen3-4b-nothink,medqa_test_01147,1,0.742816,1
medqa,qwen3-4b-nothink,medqa_test_00162,1,0.875536,4
medqa,qwen3-4b-nothink,medqa_test_00456,0,0.523412,5
medqa,qwen3-4b-nothink,medqa_test_00732,1,0.566965,4
medqa,qwen3-4b-nothink,medqa_test_00436,1,0.444061,5
medqa,qwen3-4b-nothink,medqa_test_00516,1,0.762047,4
medqa,qwen3-4b-nothink,medqa_test_00627,1,0.632368,1
medqa,qwen3-4b-nothink,medqa_test_00453,0,0.575675,3
medqa,qwen3-4b-nothink,medqa_test_00324,1,0.674388,4
medqa,qwen3-4b-nothink,medqa_test_01115,1,0.733016,5
medqa,qwen3-4b-nothink,medqa_test_00572,0,0.526698,5
medqa,qwen3-4b-nothink,medqa_test_01004,1,0.658468,5
medqa,qwen3-4b-nothink,medqa_test_01082,1,0.671135,4
medqa,qwen3-4b-nothink,medqa_test_00136,1,0.703302,2
medqa,qwen3-4b-nothink,medqa_test_00467,0,0.658023,1
medqa,qwen3-4b-nothink,medqa_test_01060,0,0.458822,5
medqa,qwen3-4b-nothink,medqa_test_00869,0,0.099943,5
medqa,qwen3-4b-nothink,medqa_test_01049,1,0.840042,4
medqa,qwen3-4b-nothink,medqa_test_01165,1,0.74949,3
medqa,qwen3-4b-nothink,medqa_test_00475,1,0.704342,1
medqa,qwen3-4b-nothink,medqa_test_00530,0,0.368075,5
medqa,qwen3-4b-nothink,medqa_test_00180,0,0.533669,2
medqa,qwen3-4b-nothink,medqa_test_01162,0,0.416405,3
medqa,qwen3-4b-nothink,medqa_test_01221,1,0.639897,5
medqa,qwen3-4b-nothink,medqa_test_00915,0,0.766632,5
medqa,qwen3-4b-nothink,medqa_test_00005,0,0.591817,4
medqa,qwen3-4b-nothink,medqa_test_00671,1,0.680377,5
medqa,qwen3-4b-nothink,medqa_test_01243,0,0.736037,4
medqa,qwen3-4b-nothink,medqa_test_00249,1,0.629136,2
medqa,qwen3-4b-nothink,medqa_test_00800,1,0.781556,3
medqa,qwen3-4b-nothink,medqa_test_00506,1,0.517684,3
medqa,qwen3-4b-nothink,medqa_test_01220,1,0.396107,5
medqa,qwen3-4b-nothink,medqa_test_00199,1,0.611743,4
medqa,qwen3-4b-nothink,medqa_test_00589,1,0.631439,2
medqa,qwen3-4b-nothink,medqa_test_00424,1,0.808452,5
medqa,qwen3-4b-nothink,medqa_test_01217,1,0.729084,5
medqa,qwen3-4b-nothink,medqa_test_01063,1,0.755426,4
medqa,qwen3-4b-nothink,medqa_test_00625,1,0.579394,1
medqa,qwen3-4b-nothink,medqa_test_00486,0,0.642264,2
medqa,qwen3-4b-nothink,medqa_test_00838,1,0.792881,2
medqa,qwen3-4b-nothink,medqa_test_00150,0,0.42727,3
medqa,qwen3-4b-nothink,medqa_test_00203,0,0.562703,2
medqa,qwen3-4b-nothink,medqa_test_00230,1,0.636842,5
medqa,qwen3-4b-nothink,medqa_test_01023,0,0.63169,1
medqa,qwen3-4b-nothink,medqa_test_00688,0,0.405134,4
medqa,qwen3-4b-nothink,medqa_test_01019,1,0.738713,5
medqa,qwen3-4b-nothink,medqa_test_00343,1,0.675209,4
medqa,qwen3-4b-nothink,medqa_test_00981,1,0.700838,4
medqa,qwen3-4b-nothink,medqa_test_00648,1,0.715909,1
medqa,qwen3-4b-nothink,medqa_test_00756,0,0.671513,1
medqa,qwen3-4b-nothink,medqa_test_00527,1,0.552118,1
medqa,qwen3-4b-nothink,medqa_test_00290,0,0.638235,3
medqa,qwen3-4b-nothink,medqa_test_00086,1,0.767993,4
medqa,qwen3-4b-nothink,medqa_test_00674,1,0.72312,3
medqa,qwen3-4b-nothink,medqa_test_00173,1,0.231195,3
medqa,qwen3-4b-nothink,medqa_test_01040,0,0.68565,1
medqa,qwen3-4b-nothink,medqa_test_01156,1,0.336721,4
medqa,qwen3-4b-nothink,medqa_test_00948,0,0.665197,4
medqa,qwen3-4b-nothink,medqa_test_00993,0,0.517316,5
medqa,qwen3-4b-nothink,medqa_test_00721,1,0.734594,3
medqa,qwen3-4b-nothink,medqa_test_00881,1,0.631597,4
medqa,qwen3-4b-nothink,medqa_test_01214,1,0.492252,3
medqa,qwen3-4b-nothink,medqa_test_00329,0,0.74095,1
medqa,qwen3-4b-nothink,medqa_test_00670,0,0.738237,5
medqa,qwen3-4b-nothink,medqa_test_00621,0,0.605819,4
medqa,qwen3-4b-nothink,medqa_test_01017,1,0.650519,1
medqa,qwen3-4b-nothink,medqa_test_01051,0,0.673304,5
medqa,qwen3-4b-nothink,medqa_test_00293,0,0.796428,1
medqa,qwen3-4b-nothink,medqa_test_00311,1,0.59515,2
medqa,qwen3-4b-nothink,medqa_test_00000,0,0.749738,4
medqa,qwen3-4b-nothink,medqa_test_00561,1,0.572634,4
medqa,qwen3-4b-nothink,medqa_test_00415,1,0.63717,5
medqa,qwen3-4b-nothink,medqa_test_00308,1,0.785381,1
medqa,qwen3-4b-nothink,medqa_test_00582,0,0.659393,4
medqa,qwen3-4b-nothink,medqa_test_00630,1,0.340664,2
medqa,qwen3-4b-nothink,medqa_test_01264,0,0.511839,4
medqa,qwen3-4b-nothink,medqa_test_00693,1,0.573481,5
medqa,qwen3-4b-nothink,medqa_test_00388,1,0.691862,2
medqa,qwen3-4b-nothink,medqa_test_00914,1,0.768671,5
medqa,qwen3-4b-nothink,medqa_test_00430,1,0.704033,5
medqa,qwen3-4b-nothink,medqa_test_00196,0,0.277824,1
medqa,qwen3-4b-nothink,medqa_test_00863,1,0.540013,5
medqa,qwen3-4b-nothink,medqa_test_01097,1,0.690845,1
medqa,qwen3-4b-nothink,medqa_test_00302,1,0.586145,2
medqa,qwen3-4b-nothink,medqa_test_00713,1,0.79478,2
medqa,qwen3-4b-nothink,medqa_test_00412,1,0.620466,2
medqa,qwen3-4b-nothink,medqa_test_00418,1,0.689971,5
medqa,qwen3-4b-nothink,medqa_test_00935,0,0.41428,2
medqa,qwen3-4b-nothink,medqa_test_00316,0,0.364673,1
medqa,qwen3-4b-nothink,medqa_test_00519,0,0.581069,4
medqa,qwen3-4b-nothink,medqa_test_00961,0,0.769897,3
medqa,qwen3-4b-nothink,medqa_test_00737,0,0.852925,4
medqa,qwen3-4b-nothink,medqa_test_00127,1,0.755914,5
medqa,qwen3-4b-nothink,medqa_test_00922,0,0.50351,5
medqa,qwen3-4b-nothink,medqa_test_00784,1,0.776587,4
medqa,qwen3-4b-nothink,medqa_test_01102,1,0.644246,2
medqa,qwen3-4b-nothink,medqa_test_01109,1,0.720469,3
medqa,qwen3-4b-nothink,medqa_test_00680,1,0.819408,3
medqa,qwen3-4b-nothink,medqa_test_00930,1,0.579551,2
medqa,qwen3-4b-nothink,medqa_test_00441,1,0.595807,4
medqa,qwen3-4b-nothink,medqa_test_00372,0,0.663839,4
medqa,qwen3-4b-nothink,medqa_test_01061,1,0.839175,4
medqa,qwen3-4b-nothink,medqa_test_00686,0,0.660315,3
medqa,qwen3-4b-nothink,medqa_test_00925,1,0.832915,4
medqa,qwen3-4b-nothink,medqa_test_00992,1,0.63753,1
medqa,qwen3-4b-nothink,medqa_test_00736,0,0.659487,1
medqa,qwen3-4b-nothink,medqa_test_00904,0,0.676544,4
medqa,qwen3-4b-nothink,medqa_test_00551,1,0.520296,1
medqa,qwen3-4b-nothink,medqa_test_01127,1,0.827675,5
medqa,qwen3-4b-nothink,medqa_test_00783,1,0.640886,5
medqa,qwen3-4b-nothink,medqa_test_01066,0,0.475175,3
medqa,qwen3-4b-nothink,medqa_test_01144,1,0.803716,4
medqa,qwen3-4b-nothink,medqa_test_00260,1,0.602779,1
medqa,qwen3-4b-nothink,medqa_test_01181,1,0.706417,1
medqa,qwen3-4b-nothink,medqa_test_00590,1,0.583187,4
medqa,qwen3-4b-nothink,medqa_test_00394,1,0.488635,5
medqa,qwen3-4b-nothink,medqa_test_00523,1,0.783033,4
medqa,qwen3-4b-nothink,medqa_test_00620,1,0.702643,4
medqa,qwen3-4b-nothink,medqa_test_00446,0,0.474151,5
medqa,qwen3-4b-nothink,medqa_test_01072,1,0.795228,1
medqa,qwen3-4b-nothink,medqa_test_00746,1,0.478166,5
medqa,qwen3-4b-nothink,medqa_test_00353,1,0.555242,1
medqa,qwen3-4b-nothink,medqa_test_00444,1,0.576559,3
medqa,qwen3-4b-nothink,medqa_test_00610,1,0.491848,2
medqa,qwen3-4b-nothink,medqa_test_00111,1,0.636547,1
medqa,qwen3-4b-nothink,medqa_test_00822,0,0.528815,2
medqa,qwen3-4b-nothink,medqa_test_01198,0,0.665281,1
medqa,qwen3-4b-nothink,medqa_test_00594,0,0.714228,1
medqa,qwen3-4b-nothink,medqa_test_00182,1,0.655482,3
medqa,qwen3-4b-nothink,medqa_test_00972,0,0.565435,1
medqa,qwen3-4b-nothink,medqa_test_00028,1,0.460684,3
medqa,qwen3-4b-nothink,medqa_test_00339,1,0.815327,5
medqa,qwen3-4b-nothink,medqa_test_00549,0,0.591164,3
medqa,qwen3-4b-nothink,medqa_test_00695,1,0.486181,3
medqa,qwen3-4b-nothink,medqa_test_00409,1,0.800999,1
medqa,qwen3-4b-nothink,medqa_test_00521,1,0.744542,1
medqa,qwen3-4b-nothink,medqa_test_00656,1,0.746935,4
medqa,qwen3-4b-nothink,medqa_test_00359,1,0.785865,5
medqa,qwen3-4b-nothink,medqa_test_00807,0,0.369434,1
medqa,qwen3-4b-nothink,medqa_test_00791,1,0.59135,1
medqa,qwen3-4b-nothink,medqa_test_00071,1,0.69359,1
medqa,qwen3-4b-nothink,medqa_test_01176,1,0.53096,3
medqa,qwen3-4b-nothink,medqa_test_00336,0,0.524043,5
medqa,qwen3-4b-nothink,medqa_test_00408,1,0.720883,2
medqa,qwen3-4b-nothink,medqa_test_00197,1,0.692805,5
medqa,qwen3-4b-nothink,medqa_test_00675,0,0.693857,5
medqa,qwen3-4b-nothink,medqa_test_00024,0,0.56695,4
medqa,qwen3-4b-nothink,medqa_test_01146,1,0.759834,1
medqa,qwen3-4b-nothink,medqa_test_00233,1,0.701613,3
medqa,qwen3-4b-nothink,medqa_test_00814,1,0.621911,3
medqa,qwen3-4b-nothink,medqa_test_00312,1,0.50334,1
medqa,qwen3-4b-nothink,medqa_test_00358,0,0.650575,5
medqa,qwen3-4b-nothink,medqa_test_01113,0,0.6831,4
medqa,qwen3-4b-nothink,medqa_test_00204,0,0.655822,4
medqa,qwen3-4b-nothink,medqa_test_00227,0,0.597704,4
medqa,qwen3-4b-nothink,medqa_test_00481,1,0.405313,4
medqa,qwen3-4b-nothink,medqa_test_01124,0,0.706648,5
medqa,qwen3-4b-nothink,medqa_test_00391,1,0.759546,2
medqa,qwen3-4b-nothink,medqa_test_01062,0,0.215427,4
medqa,qwen3-4b-nothink,medqa_test_00718,0,0.368971,5
medqa,qwen3-4b-nothink,medqa_test_00806,0,0.710118,5
medqa,qwen3-4b-nothink,medqa_test_01215,1,0.785644,4
medqa,qwen3-4b-nothink,medqa_test_00273,0,0.699477,5
medqa,qwen3-4b-nothink,medqa_test_00254,1,0.8404,4
medqa,qwen3-4b-nothink,medqa_test_00752,0,0.340184,4
medqa,qwen3-4b-nothink,medqa_test_00970,1,0.770592,1
medqa,qwen3-4b-nothink,medqa_test_01256,1,0.776927,4
medqa,qwen3-4b-nothink,medqa_test_00421,1,0.589777,2
medqa,qwen3-4b-nothink,medqa_test_00801,1,0.741052,2
medqa,qwen3-4b-nothink,medqa_test_01134,0,0.71685,3
medqa,qwen3-4b-nothink,medqa_test_00754,1,0.567903,4
medqa,qwen3-4b-nothink,medqa_test_00183,0,0.713979,1
medqa,qwen3-4b-nothink,medqa_test_00025,1,0.739026,2
medqa,qwen3-4b-nothink,medqa_test_00422,0,0.456615,4
medqa,qwen3-4b-nothink,medqa_test_00181,1,0.565453,3
medqa,qwen3-4b-nothink,medqa_test_00830,0,0.715876,3
medqa,qwen3-4b-nothink,medqa_test_00819,1,0.412047,4
medqa,qwen3-4b-nothink,medqa_test_00166,1,0.821752,2
medqa,qwen3-4b-nothink,medqa_test_00158,1,0.617537,4
medqa,qwen3-4b-nothink,medqa_test_00767,1,0.551286,5
medqa,qwen3-4b-nothink,medqa_test_00635,1,0.820017,5
medqa,qwen3-4b-nothink,medqa_test_00416,0,0.593971,4
medqa,qwen3-4b-nothink,medqa_test_00573,0,0.684604,2
medqa,qwen3-4b-nothink,medqa_test_00798,0,0.594382,1
medqa,qwen3-4b-nothink,medqa_test_00362,1,0.71389,3
medqa,qwen3-4b-nothink,medqa_test_00105,1,0.645695,5
medqa,qwen3-4b-nothink,medqa_test_00682,0,0.387892,1
medqa,qwen3-4b-nothink,medqa_test_01227,1,0.528135,3
medqa,qwen3-4b-nothink,medqa_test_00698,1,0.638752,1
medqa,qwen3-4b-nothink,medqa_test_00908,0,0.719535,1
medqa,qwen3-4b-nothink,medqa_test_00366,0,0.509346,2
medqa,qwen3-4b-nothink,medqa_test_00982,1,0.804307,3
medqa,qwen3-4b-nothink,medqa_test_00815,1,0.692417,4
medqa,qwen3-4b-nothink,medqa_test_00373,1,0.568835,2
medqa,qwen3-4b-nothink,medqa_test_00315,1,0.7651,2
medqa,qwen3-4b-nothink,medqa_test_00042,1,0.598229,1
medqa,qwen3-4b-nothink,medqa_test_01158,0,0.396891,4
medqa,qwen3-4b-nothink,medqa_test_01239,1,0.383041,1
medqa,qwen3-4b-nothink,medqa_test_00151,1,0.724267,4
medqa,qwen3-4b-nothink,medqa_test_00565,1,0.654637,3
medqa,qwen3-4b-nothink,medqa_test_00596,0,0.6125,1
medqa,qwen3-4b-nothink,medqa_test_01179,1,0.620169,3
medqa,qwen3-4b-nothink,medqa_test_00854,1,0.607453,3
medqa,qwen3-4b-nothink,medqa_test_00036,0,0.63669,4
medqa,qwen3-4b-nothink,medqa_test_00558,1,0.731901,4
medqa,qwen3-4b-nothink,medqa_test_00707,1,0.760052,5
medqa,qwen3-4b-nothink,medqa_test_01192,0,0.750336,2
medqa,qwen3-4b-nothink,medqa_test_00955,0,0.807161,1
medqa,qwen3-4b-nothink,medqa_test_00574,1,0.754307,2
medqa,qwen3-4b-nothink,medqa_test_01035,0,0.595301,4
medqa,qwen3-4b-nothink,medqa_test_00722,1,0.702543,2
medqa,qwen3-4b-nothink,medqa_test_00564,1,0.778574,4
medqa,qwen3-4b-nothink,medqa_test_00759,1,0.373212,1
medqa,qwen3-4b-nothink,medqa_test_00165,0,0.613764,4
medqa,qwen3-4b-nothink,medqa_test_00268,1,0.66386,5
medqa,qwen3-4b-nothink,medqa_test_00652,0,0.608511,1
medqa,qwen3-4b-nothink,medqa_test_00133,1,0.727976,1
medqa,qwen3-4b-nothink,medqa_test_00789,1,0.667051,2
medqa,qwen3-4b-nothink,medqa_test_00341,1,0.531714,3
medqa,qwen3-4b-nothink,medqa_test_00003,0,0.592918,2
medqa,qwen3-4b-nothink,medqa_test_01167,1,0.714825,1
medqa,qwen3-4b-nothink,medqa_test_00849,1,0.779963,4
medqa,qwen3-4b-nothink,medqa_test_01105,1,0.722469,2
medqa,qwen3-4b-nothink,medqa_test_00903,1,0.619918,1
medqa,qwen3-4b-nothink,medqa_test_00094,1,0.440613,3
medqa,qwen3-4b-nothink,medqa_test_00052,0,0.474193,5
medqa,qwen3-4b-nothink,medqa_test_01112,1,0.626796,4
medqa,qwen3-4b-nothink,medqa_test_00500,0,0.486732,3
medqa,qwen3-4b-nothink,medqa_test_00517,0,0.681839,5
medqa,qwen3-4b-nothink,medqa_test_01053,1,0.639324,2
medqa,qwen3-4b-nothink,medqa_test_01005,1,0.662398,3
medqa,qwen3-4b-nothink,medqa_test_00649,0,0.437109,3
medqa,qwen3-4b-nothink,medqa_test_00703,1,0.708718,2
medqa,qwen3-4b-nothink,medqa_test_00208,0,0.546745,5
medqa,qwen3-4b-nothink,medqa_test_00734,1,0.548733,5
medqa,qwen3-4b-nothink,medqa_test_00215,1,0.741872,1
medqa,qwen3-4b-nothink,medqa_test_00619,1,0.52753,1
medqa,qwen3-4b-nothink,medqa_test_00288,1,0.664484,5
medqa,qwen3-4b-nothink,medqa_test_00278,0,0.710315,4
medqa,qwen3-4b-nothink,medqa_test_00159,1,0.453197,5
medqa,qwen3-4b-nothink,medqa_test_00566,1,0.555404,5
medqa,qwen3-4b-nothink,medqa_test_00760,1,0.66152,2
medqa,qwen3-4b-nothink,medqa_test_00987,1,0.768643,1
medqa,qwen3-4b-nothink,medqa_test_01119,0,0.648317,1
medqa,qwen3-4b-nothink,medqa_test_01075,0,0.583668,1
medqa,qwen3-4b-nothink,medqa_test_00137,0,0.620312,3
medqa,qwen3-4b-nothink,medqa_test_00899,0,0.268964,3
medqa,qwen3-4b-nothink,medqa_test_00106,0,0.719116,5
medqa,qwen3-4b-nothink,medqa_test_00679,1,0.762784,4
medqa,qwen3-4b-nothink,medqa_test_00567,0,0.630502,3
medqa,qwen3-4b-nothink,medqa_test_00836,1,0.795523,3
medqa,qwen3-4b-nothink,medqa_test_00683,0,0.608841,3
medqa,qwen3-4b-nothink,medqa_test_00008,1,0.633143,1
medqa,qwen3-4b-nothink,medqa_test_01231,1,0.703595,2
medqa,qwen3-4b-nothink,medqa_test_00669,1,0.646776,1
medqa,qwen3-4b-nothink,medqa_test_00626,1,0.388569,4
medqa,qwen3-4b-nothink,medqa_test_00309,1,0.750486,3
medqa,qwen3-4b-nothink,medqa_test_00720,0,0.556381,1
medqa,qwen3-4b-nothink,medqa_test_00853,0,0.659756,1
medqa,qwen3-4b-nothink,medqa_test_00448,0,0.577617,4
medqa,qwen3-4b-nothink,medqa_test_00291,0,0.631417,4
medqa,qwen3-4b-nothink,medqa_test_00378,0,0.531783,1
medqa,qwen3-4b-nothink,medqa_test_00250,0,0.613361,3
medqa,qwen3-4b-nothink,medqa_test_00900,1,0.655762,1
medqa,qwen3-4b-nothink,medqa_test_01024,1,0.743165,3
medqa,qwen3-4b-nothink,medqa_test_00357,1,0.613897,2
medqa,qwen3-4b-nothink,medqa_test_01186,0,0.606327,5
medqa,qwen3-4b-nothink,medqa_test_00966,0,0.666549,3
medqa,qwen3-4b-nothink,medqa_test_00518,0,0.520385,5
medqa,qwen3-4b-nothink,medqa_test_00218,1,0.642264,1
medqa,qwen3-4b-nothink,medqa_test_00550,0,0.668782,4
medqa,qwen3-4b-nothink,medqa_test_00075,0,0.794052,5
medqa,qwen3-4b-nothink,medqa_test_00102,1,0.851649,1
medqa,qwen3-4b-nothink,medqa_test_00576,0,0.691954,3
medqa,qwen3-4b-nothink,medqa_test_00636,1,0.822074,1
medqa,qwen3-4b-nothink,medqa_test_01191,1,0.36636,3
medqa,qwen3-4b-nothink,medqa_test_00009,0,0.291529,2
medqa,qwen3-4b-nothink,medqa_test_00074,0,0.663141,3
medqa,qwen3-4b-nothink,medqa_test_00769,1,0.731018,4
medqa,qwen3-4b-nothink,medqa_test_00951,1,0.606888,1
medqa,qwen3-4b-nothink,medqa_test_00974,1,0.834898,3
medqa,qwen3-4b-nothink,medqa_test_00307,0,0.485822,2
medqa,qwen3-4b-nothink,medqa_test_00660,0,0.545829,2
medqa,qwen3-4b-nothink,medqa_test_00687,1,0.659864,3
medqa,qwen3-4b-nothink,medqa_test_00134,1,0.769476,3
medqa,qwen3-4b-nothink,medqa_test_00405,1,0.675688,2
medqa,qwen3-4b-nothink,medqa_test_00271,0,0.830886,4
medqa,qwen3-4b-nothink,medqa_test_00244,0,0.560602,2
medqa,qwen3-4b-nothink,medqa_test_01012,1,0.616701,2
medqa,qwen3-4b-nothink,medqa_test_00733,1,0.715753,2
medqa,qwen3-4b-nothink,medqa_test_00685,0,0.682252,5
medqa,qwen3-4b-nothink,medqa_test_01237,1,0.344988,1
medqa,qwen3-4b-nothink,medqa_test_00267,0,0.437247,1
medqa,qwen3-4b-nothink,medqa_test_00957,1,0.60555,3
medqa,qwen3-4b-nothink,medqa_test_01143,0,0.525762,3
medqa,qwen3-4b-nothink,medqa_test_00535,1,0.786122,1
medqa,qwen3-4b-nothink,medqa_test_00578,1,0.772368,2
medqa,qwen3-4b-nothink,medqa_test_00597,1,0.674715,4
medqa,qwen3-4b-nothink,medqa_test_00673,0,0.447605,2
medqa,qwen3-4b-nothink,medqa_test_01205,1,0.655429,4
medqa,qwen3-4b-nothink,medqa_test_00083,1,0.385331,5
medqa,qwen3-4b-nothink,medqa_test_00634,0,0.637478,2
medqa,qwen3-4b-nothink,medqa_test_00040,1,0.695493,3
medqa,qwen3-4b-nothink,medqa_test_00608,1,0.495997,1
medqa,qwen3-4b-nothink,medqa_test_00252,1,0.470162,1
medqa,qwen3-4b-nothink,medqa_test_00583,1,0.365663,5
medqa,qwen3-4b-nothink,medqa_test_00911,1,0.60352,5
medqa,qwen3-4b-nothink,medqa_test_00964,0,0.534486,5
medqa,qwen3-4b-nothink,medqa_test_00122,1,0.67339,4
medqa,qwen3-4b-nothink,medqa_test_00413,1,0.618984,5
medqa,qwen3-4b-nothink,medqa_test_00240,1,0.742979,5
medqa,qwen3-4b-nothink,medqa_test_01067,1,0.670629,1
medqa,qwen3-4b-nothink,medqa_test_00691,1,0.794461,2
medqa,qwen3-4b-nothink,medqa_test_00069,0,0.692397,2
medqa,qwen3-4b-nothink,medqa_test_00609,1,0.754017,3
medqa,qwen3-4b-nothink,medqa_test_00190,1,0.820364,4
medqa,qwen3-4b-nothink,medqa_test_00871,1,0.722878,1
medqa,qwen3-4b-nothink,medqa_test_00082,1,0.522063,4
mmlu_pro,qwen3-4b-nothink,mmlu_pro_test_09830,1,0.741326,1
mmlu_pro,qwen3-4b-nothink,mmlu_pro_test_04946,0,0.793858,2
mmlu_pro,qwen3-4b-nothink,mmlu_pro_test_06900,1,0.841403,3
mmlu_pro,qwen3-4b-nothink,mmlu_pro_test_00481,1,0.718203,5
mmlu_pro,qwen3-4b-nothink,mmlu_pro_test_01405,0,0.671847,4
mmlu_pro,qwen3-4b-nothink,mmlu_pro_test_03199,1,0.869143,1
mmlu_pro,qwen3-4b-nothink,mmlu_pro_test_00399,0,0.743896,5
mmlu_pro,qwen3-4b-nothink,mmlu_pro_test_06405,1,0.873326,2
mmlu_pro,qwen3-4b-nothink,mmlu_pro_test_07379,0,0.784356,1
mmlu_pro,qwen3-4b-nothink,mmlu_pro_test_02736,1,0.834212,3
mmlu_pro,qwen3-4b-nothink,mmlu_pro_test_08299,1,0.878812,1
mmlu_pro,qwen3-4b-nothink,mmlu_pro_test_11265,0,0.680829,2
mmlu_pro,qwen3-4b-nothink,mmlu_pro_test_02400,1,0.702422,4
mmlu_pro,qwen3-4b-nothink,mmlu_pro_test_00612,0,0.627417,4
mmlu_pro,qwen3-4b-nothink,mmlu_pro_test_04994,0,0.710199,4
mmlu_pro,qwen3-4b-nothink,mmlu_pro_test_08741,1,0.557059,1
mmlu_pro,qwen3-4b-nothink,mmlu_pro_test_02961,1,0.836346,4
mmlu_pro,qwen3-4b-nothink,mmlu_pro_test_08614,1,0.76074,1
mmlu_pro,qwen3-4b-nothink,mmlu_pro_test_00706,0,0.59687,4
mmlu_pro,qwen3-4b-nothink,mmlu_pro_test_05716,1,0.800104,1
mmlu_pro,qwen3-4b-nothink,mmlu_pro_test_07328,0,0.803467,5
mmlu_pro,qwen3-4b-nothink,mmlu_pro_test_03794,0,0.768938,1
mmlu_pro,qwen3-4b-nothink,mmlu_pro_test_11338,1,0.845722,1
mmlu_pro,qwen3-4b-nothink,mmlu_pro_test_07664,1,0.852249,5
mmlu_pro,qwen3-4b-nothink,mmlu_pro_test_03616,1,0.691545,5
mmlu_pro,qwen3-4b-nothink,mmlu_pro_test_09605,1,0.625779,2
mmlu_pro,qwen3-4b-nothink,mmlu_pro_test_02354,1,0.546716,1
mmlu_pro,qwen3-4b-nothink,mmlu_pro_test_04767,0,0.773216,2
mmlu_pro,qwen3-4b-nothink,mmlu_pro_test_11661,0,0.723325,3
mmlu_pro,qwen3-4b-nothink,mmlu_pro_test_05252,1,0.577364,2
mmlu_pro,qwen3-4b-nothink,mmlu_pro_test_10247,1,0.769256,2
mmlu_pro,qwen3-4b-nothink,mmlu_pro_test_07963,1,0.792602,1
mmlu_pro,qwen3-4b-nothink,mmlu_pro_test_01449,0,0.583757,5
mmlu_pro,qwen3-4b-nothink,mmlu_pro_test_11509,0,0.484219,2
mmlu_pro,qwen3-4b-nothink,mmlu_pro_test_08489,1,0.824196,1
mmlu_pro,qwen3-4b-nothink,mmlu_pro_test_07308,0,0.587794,5
mmlu_pro,qwen3-4b-nothink,mmlu_pro_test_03640,1,0.85945,4
mmlu_pro,qwen3-4b-nothink,mmlu_pro_test_05875,1,0.617243,5
mmlu_pro,qwen3-4b-nothink,mmlu_pro_test_00209,1,0.668344,5
mmlu_pro,qwen3-4b-nothink,mmlu_pro_test_10639,0,0.774809,1
mmlu_pro,qwen3-4b-nothink,mmlu_pro_test_07624,1,0.867008,4
mmlu_pro,qwen3-4b-nothink,mmlu_pro_test_08841,1,0.817558,3
mmlu_pro,qwen3-4b-nothink,mmlu_pro_test_10104,1,0.711715,1
mmlu_pro,qwen3-4b-nothink,mmlu_pro_test_03755,0,0.654994,4
mmlu_pro,qwen3-4b-nothink,mmlu_pro_test_00714,0,0.734618,1
mmlu_pro,qwen3-4b-nothink,mmlu_pro_test_08182,1,0.754955,2
mmlu_pro,qwen3-4b-nothink,mmlu_pro_test_07610,0,0.51886,3
mmlu_pro,qwen3-4b-nothink,mmlu_pro_test_01518,1,0.468468,5
mmlu_pro,qwen3-4b-nothink,mmlu_pro_test_11897,0,0.533872,2
mmlu_pro,qwen3-4b-nothink,mmlu_pro_test_03821,1,0.843466,4
mmlu_pro,qwen3-4b-nothink,mmlu_pro_test_02666,0,0.642954,2
mmlu_pro,qwen3-4b-nothink,mmlu_pro_test_00552,1,0.709731,5
mmlu_pro,qwen3-4b-nothink,mmlu_pro_test_04762,1,0.521855,2
mmlu_pro,qwen3-4b-nothink,mmlu_pro_test_11654,1,0.330894,1
mmlu_pro,qwen3-4b-nothink,mmlu_pro_test_10305,1,0.765964,3
mmlu_pro,qwen3-4b-nothink,mmlu_pro_test_11121,0,0.579199,5
mmlu_pro,qwen3-4b-nothink,mmlu_pro_test_10990,0,0.757884,2
mmlu_pro,qwen3-4b-nothink,mmlu_pro_test_07554,1,0.402035,2
mmlu_pro,qwen3-4b-nothink,mmlu_pro_test_10376,1,0.604488,4
mmlu_pro,qwen3-4b-nothink,mmlu_pro_test_07465,1,0.701455,2
mmlu_pro,qwen3-4b-nothink,mmlu_pro_test_06478,1,0.477078,5
mmlu_pro,qwen3-4b-nothink,mmlu_pro_test_07227,1,0.771276,4
mmlu_pro,qwen3-4b-nothink,mmlu_pro_test_08081,1,0.886223,3
mmlu_pro,qwen3-4b-nothink,mmlu_pro_test_02006,0,0.500426,4
mmlu_pro,qwen3-4b-nothink,mmlu_pro_test_06169,1,0.925576,4
mmlu_pro,qwen3-4b-nothink,mmlu_pro_test_00777,1,0.886114,1
mmlu_pro,qwen3-4b-nothink,mmlu_pro_test_01947,0,0.619188,2
mmlu_pro,qwen3-4b-nothink,mmlu_pro_test_03086,1,0.765846,5
mmlu_pro,qwen3-4b-nothink,mmlu_pro_test_06764,0,0.880714,2
mmlu_pro,qwen3-4b-nothink,mmlu_pro_test_04577,0,0.663461,5
mmlu_pro,qwen3-4b-nothink,mmlu_pro_test_07588,1,0.480671,5
mmlu_pro,qwen3-4b-nothink,mmlu_pro_test_04648,0,0.37025,5
mmlu_pro,qwen3-4b-nothink,mmlu_pro_test_11162,0,0.534674,5
mmlu_pro,qwen3-4b-nothink,mmlu_pro_test_03333,0,0.76978,4
mmlu_pro,qwen3-4b-nothink,mmlu_pro_test_07086,0,0.821073,4
mmlu_pro,qwen3-4b-nothink,mmlu_pro_test_07073,1,0.635684,1
mmlu_pro,qwen3-4b-nothink,mmlu_pro_test_02543,1,0.791777,2
mmlu_pro,qwen3-4b-nothink,mmlu_pro_test_09545,1,0.89764,5
mmlu_pro,qwen3-4b-nothink,mmlu_pro_test_09161,0,0.620142,5
mmlu_pro,qwen3-4b-nothink,mmlu_pro_test_05814,1,0.815472,1
mmlu_pro,qwen3-4b-nothink,mmlu_pro_test_10619,0,0.657829,1
mmlu_pro,qwen3-4b-nothink,mmlu_pro_test_02239,0,0.214594,2
mmlu_pro,qwen3-4b-nothink,mmlu_pro_test_05901,1,0.822378,1
mmlu_pro,qwen3-4b-nothink,mmlu_pro_test_01520,0,0.760935,5
mmlu_pro,qwen3-4b-nothink,mmlu_pro_test_04600,0,0.585311,5
mmlu_pro,qwen3-4b-nothink,mmlu_pro_test_03938,1,0.840498,5
mmlu_pro,qwen3-4b-nothink,mmlu_pro_test_04737,0,0.466467,4
mmlu_pro,qwen3-4b-nothink,mmlu_pro_test_11958,1,0.638398,3
mmlu_pro,qwen3-4b-nothink,mmlu_pro_test_08707,1,0.847177,3
mmlu_pro,qwen3-4b-nothink,mmlu_pro_test_06047,1,0.817234,1
mmlu_pro,qwen3-4b-nothink,mmlu_pro_test_10314,1,0.539735,5
mmlu_pro,qwen3-4b-nothink,mmlu_pro_test_06344,0,0.60113,5
mmlu_pro,qwen3-4b-nothink,mmlu_pro_test_07781,1,0.704188,5
mmlu_pro,qwen3-4b-nothink,mmlu_pro_test_11956,1,0.62058,3
mmlu_pro,qwen3-4b-nothink,mmlu_pro_test_11674,1,0.413073,2
mmlu_pro,qwen3-4b-nothink,mmlu_pro_test_01686,0,0.522838,1
mmlu_pro,qwen3-4b-nothink,mmlu_pro_test_01909,1,0.743564,2
mmlu_pro,qwen3-4b-nothink,mmlu_pro_test_07841,1,0.693329,2
mmlu_pro,qwen3-4b-nothink,mmlu_pro_test_02367,0,0.670681,1
mmlu_pro,qwen3-4b-nothink,mmlu_pro_test_03243,1,0.731266,2
mmlu_pro,qwen3-4b-nothink,mmlu_pro_test_03551,1,0.848599,1
mmlu_pro,qwen3-4b-nothink,mmlu_pro_test_00105,1,0.753815,2
mmlu_pro,qwen3-4b-nothink,mmlu_pro_test_10480,1,0.737785,3
mmlu_pro,qwen3-4b-nothink,mmlu_pro_test_07621,1,0.703305,5
mmlu_pro,qwen3-4b-nothink,mmlu_pro_test_05290,0,0.566568,5
mmlu_pro,qwen3-4b-nothink,mmlu_pro_test_06374,1,0.51599,5
mmlu_pro,qwen3-4b-nothink,mmlu_pro_test_03852,0,0.344985,4
mmlu_pro,qwen3-4b-nothink,mmlu_pro_test_04854,1,0.693372,1
mmlu_pro,qwen3-4b-nothink,mmlu_pro_test_01994,1,0.713977,5
mmlu_pro,qwen3-4b-nothink,mmlu_pro_test_08531,1,0.547265,4
mmlu_pro,qwen3-4b-nothink,mmlu_pro_test_03296,1,0.741542,1
mmlu_pro,qwen3-4b-nothink,mmlu_pro_test_11343,0,0.606448,4
mmlu_pro,qwen3-4b-nothink,mmlu_pro_test_01155,0,0.770529,3
mmlu_pro,qwen3-4b-nothink,mmlu_pro_test_04641,0,0.641893,5
mmlu_pro,qwen3-4b-nothink,mmlu_pro_test_06440,0,0.713761,3
mmlu_pro,qwen3-4b-nothink,mmlu_pro_test_04810,0,0.550019,1
mmlu_pro,qwen3-4b-nothink,mmlu_pro_test_06683,1,0.724498,5
mmlu_pro,qwen3-4b-nothink,mmlu_pro_test_10242,1,0.522564,5
mmlu_pro,qwen3-4b-nothink,mmlu_pro_test_04337,1,0.573577,1
mmlu_pro,qwen3-4b-nothink,mmlu_pro_test_06474,1,0.653947,4
mmlu_pro,qwen3-4b-nothink,mmlu_pro_test_01722,1,0.544849,3
mmlu_pro,qwen3-4b-nothink,mmlu_pro_test_00075,1,0.883563,4
mmlu_pro,qwen3-4b-nothink,mmlu_pro_test_01510,1,0.593932,5
mmlu_pro,qwen3-4b-nothink,mmlu_pro_test_07068,1,0.848162,3
mmlu_pro,qwen3-4b-nothink,mmlu_pro_test_01471,0,0.659324,4
mmlu_pro,qwen3-4b-nothink,mmlu_pro_test_04667,0,0.66083,4
mmlu_pro,qwen3-4b-nothink,mmlu_pro_test_04596,1,0.422176,2
mmlu_pro,qwen3-4b-nothink,mmlu_pro_test_11591,0,0.695937,3
mmlu_pro,qwen3-4b-nothink,mmlu_pro_test_11048,0,0.234461,1
mmlu_pro,qwen3-4b-nothink,mmlu_pro_test_09382,1,0.327415,5
mmlu_pro,qwen3-4b-nothink,mmlu_pro_test_08599,1,0.658184,3
mmlu_pro,qwen3-4b-nothink,mmlu_pro_test_06330,1,0.65752,4
mmlu_pro,qwen3-4b-nothink,mmlu_pro_test_09589,1,0.90074,4
mmlu_pro,qwen3-4b-nothink,mmlu_pro_test_10859,1,0.566562,4
mmlu_pro,qwen3-4b-nothink,mmlu_pro_test_01851,0,0.730247,3
mmlu_pro,qwen3-4b-nothink,mmlu_pro_test_05334,1,0.648547,4
mmlu_pro,qwen3-4b-nothink,mmlu_pro_test_03495,1,0.516564,1
mmlu_pro,qwen3-4b-nothink,mmlu_pro_test_04323,1,0.670965,1
mmlu_pro,qwen3-4b-nothink,mmlu_pro_test_03177,0,0.64371,2
mmlu_pro,qwen3-4b-nothink,mmlu_pro_test_02899,1,0.855908,2
mmlu_pro,qwen3-4b-nothink,mmlu_pro_test_06094,1,0.584671,2
mmlu_pro,qwen3-4b-nothink,mmlu_pro_test_10249,1,0.753805,4
mmlu_pro,qwen3-4b-nothink,mmlu_pro_test_01216,0,0.703064,1
mmlu_pro,qwen3-4b-nothink,mmlu_pro_test_10777,0,0.526151,3
mmlu_pro,qwen3-4b-nothink,mmlu_pro_test_03186,1,0.677433,2
mmlu_pro,qwen3-4b-nothink,mmlu_pro_test_00193,1,0.77165,2
mmlu_pro,qwen3-4b-nothink,mmlu_pro_test_06476,0,0.854588,4
mmlu_pro,qwen3-4b-nothink,mmlu_pro_test_03128,1,0.475723,5
mmlu_pro,qwen3-4b-nothink,mmlu_pro_test_06423,1,0.664785,1
mmlu_pro,qwen3-4b-nothink,mmlu_pro_test_04220,0,0.722018,2
mmlu_pro,qwen3-4b-nothink,mmlu_pro_test_02619,1,0.825861,3
mmlu_pro,qwen3-4b-nothink,mmlu_pro_test_07547,1,0.809252,3
mmlu_pro,qwen3-4b-nothink,mmlu_pro_test_03546,1,0.738311,3
mmlu_pro,qwen3-4b-nothink,mmlu_pro_test_04153,1,0.648102,2
mmlu_pro,qwen3-4b-nothink,mmlu_pro_test_05346,0,0.523285,2
mmlu_pro,qwen3-4b-nothink,mmlu_pro_test_02989,0,0.601918,2
mmlu_pro,qwen3-4b-nothink,mmlu_pro_test_09458,1,0.645071,1
mmlu_pro,qwen3-4b-nothink,mmlu_pro_test_07105,1,0.761833,3
mmlu_pro,qwen3-4b-nothink,mmlu_pro_test_03107,0,0.511752,1
mmlu_pro,qwen3-4b-nothink,mmlu_pro_test_10196,1,0.82511,1
mmlu_pro,qwen3-4b-nothink,mmlu_pro_test_10696,0,0.656278,3
mmlu_pro,qwen3-4b-nothink,mmlu_pro_test_02622,1,0.703424,1
mmlu_pro,qwen3-4b-nothink,mmlu_pro_test_02098,1,0.723616,2
mmlu_pro,qwen3-4b-nothink,mmlu_pro_test_01873,0,0.457257,3
mmlu_pro,qwen3-4b-nothink,mmlu_pro_test_03484,1,0.556783,5
mmlu_pro,qwen3-4b-nothink,mmlu_pro_test_02310,1,0.531784,3
mmlu_pro,qwen3-4b-nothink,mmlu_pro_test_04768,1,0.691028,1
mmlu_pro,qwen3-4b-nothink,mmlu_pro_test_00538,1,0.910613,3
mmlu_pro,qwen3-4b-nothink,mmlu_pro_test_08558,1,0.791824,2
mmlu_pro,qwen3-4b-nothink,mmlu_pro_test_02212,1,0.817972,3
mmlu_pro,qwen3-4b-nothink,mmlu_pro_test_00294,1,0.458384,3
mmlu_pro,qwen3-4b-nothink,mmlu_pro_test_01352,1,0.530601,5
mmlu_pro,qwen3-4b-nothink,mmlu_pro_test_04227,1,0.71364,2
mmlu_pro,qwen3-4b-nothink,mmlu_pro_test_04192,0,0.284806,3
mmlu_pro,qwen3-4b-nothink,mmlu_pro_test_11507,0,0.509998,5
mmlu_pro,qwen3-4b-nothink,mmlu_pro_test_10274,0,0.706156,3
mmlu_pro,qwen3-4b-nothink,mmlu_pro_test_00677,1,0.67191,3
mmlu_pro,qwen3-4b-nothink,mmlu_pro_test_01804,0,0.501744,1
mmlu_pro,qwen3-4b-nothink,mmlu_pro_test_06106,1,0.724264,3
mmlu_pro,qwen3-4b-nothink,mmlu_pro_test_01153,0,0.578226,5
mmlu_pro,qwen3-4b-nothink,mmlu_pro_test_10822,0,0.252547,2
mmlu_pro,qwen3-4b-nothink,mmlu_pro_test_00244,0,0.764418,4
mmlu_pro,qwen3-4b-nothink,mmlu_pro_test_05645,1,0.582999,3
mmlu_pro,qwen3-4b-nothink,mmlu_pro_test_01750,0,0.478896,3
mmlu_pro,qwen3-4b-nothink,mmlu_pro_test_01875,0,0.818524,4
mmlu_pro,qwen3-4b-nothink,mmlu_pro_test_01105,1,0.711368,4
mmlu_pro,qwen3-4b-nothink,mmlu_pro_test_06414,1,0.786974,4
mmlu_pro,qwen3-4b-nothink,mmlu_pro_test_03360,1,0.845761,4
mmlu_pro,qwen3-4b-nothink,mmlu_pro_test_01281,0,0.375998,4
mmlu_pro,qwen3-4b-nothink,mmlu_pro_test_06933,1,0.797474,2
mmlu_pro,qwen3-4b-nothink,mmlu_pro_test_01741,0,0.749427,5
mmlu_pro,qwen3-4b-nothink,mmlu_pro_test_09180,1,0.373375,5
mmlu_pro,qwen3-4b-nothink,mmlu_pro_test_10463,0,0.256664,2
mmlu_pro,qwen3-4b-nothink,mmlu_pro_test_07300,0,0.50371,1
mmlu_pro,qwen3-4b-nothink,mmlu_pro_test_07745,0,0.587354,5
mmlu_pro,qwen3-4b-nothink,mmlu_pro_test_03602,0,0.737061,1
mmlu_pro,qwen3-4b-nothink,mmlu_pro_test_05863,0,0.703987,5
mmlu_pro,qwen3-4b-nothink,mmlu_pro_test_11918,0,0.681917,1
mmlu_pro,qwen3-4b-nothink,mmlu_pro_test_10821,0,0.483681,5
mmlu_pro,qwen3-4b-nothink,mmlu_pro_test_00578,1,0.896264,4
mmlu_pro,qwen3-4b-nothink,mmlu_pro_test_01634,0,0.594478,4
mmlu_pro,qwen3-4b-nothink,mmlu_pro_test_04443,0,0.606637,1
mmlu_pro,qwen3-4b-nothink,mmlu_pro_test_01115,1,0.304609,2
mmlu_pro,qwen3-4b-nothink,mmlu_pro_test_01088,0,0.671226,4
mmlu_pro,qwen3-4b-nothink,mmlu_pro_test_09247,1,0.80398,1
mmlu_pro,qwen3-4b-nothink,mmlu_pro_test_09552,0,0.411762,4
mmlu_pro,qwen3-4b-nothink,mmlu_pro_test_06472,1,0.755008,4
mmlu_pro,qwen3-4b-nothink,mmlu_pro_test_00943,0,0.536653,3
mmlu_pro,qwen3-4b-nothink,mmlu_pro_test_05483,1,0.642801,5
mmlu_pro,qwen3-4b-nothink,mmlu_pro_test_00233,1,0.762214,2
mmlu_pro,qwen3-4b-nothink,mmlu_pro_test_00994,0,0.416067,2
mmlu_pro,qwen3-4b-nothink,mmlu_pro_test_00881,1,0.614626,2
mmlu_pro,qwen3-4b-nothink,mmlu_pro_test_06356,0,0.739964,2
mmlu_pro,qwen3-4b-nothink,mmlu_pro_test_05571,0,0.547533,1
mmlu_pro,qwen3-4b-nothink,mmlu_pro_test_05042,1,0.86314,5
mmlu_pro,qwen3-4b-nothink,mmlu_pro_test_03165,0,0.663329,2
mmlu_pro,qwen3-4b-nothink,mmlu_pro_test_06964,1,0.608681,3
mmlu_pro,qwen3-4b-nothink,mmlu_pro_test_00141,0,0.614757,5
mmlu_pro,qwen3-4b-nothink,mmlu_pro_test_11124,1,0.456739,5
mmlu_pro,qwen3-4b-nothink,mmlu_pro_test_12001,1,0.654095,4
mmlu_pro,qwen3-4b-nothink,mmlu_pro_test_09661,1,0.793674,1
mmlu_pro,qwen3-4b-nothink,mmlu_pro_test_06324,1,0.656295,4
mmlu_pro,qwen3-4b-nothink,mmlu_pro_test_08046,1,0.703193,2
mmlu_pro,qwen3-4b-nothink,mmlu_pro_test_11328,1,0.875124,2
mmlu_pro,qwen3-4b-nothink,mmlu_pro_test_10848,1,0.331898,4
mmlu_pro,qwen3-4b-nothink,mmlu_pro_test_11737,0,0.751063,5
mmlu_pro,qwen3-4b-nothink,mmlu_pro_test_09027,1,0.845434,2
mmlu_pro,qwen3-4b-nothink,mmlu_pro_test_06780,0,0.674249,5
mmlu_pro,qwen3-4b-nothink,mmlu_pro_test_06430,1,0.648522,1
mmlu_pro,qwen3-4b-nothink,mmlu_pro_test_09215,1,0.761304,1
mmlu_pro,qwen3-4b-nothink,mmlu_pro_test_08916,0,0.70117,4
mmlu_pro,qwen3-4b-nothink,mmlu_pro_test_03285,1,0.719994,5
mmlu_pro,qwen3-4b-nothink,mmlu_pro_test_04457,0,0.619588,5
mmlu_pro,qwen3-4b-nothink,mmlu_pro_test_00232,1,0.848334,1
mmlu_pro,qwen3-4b-nothink,mmlu_pro_test_07952,1,0.770648,1
mmlu_pro,qwen3-4b-nothink,mmlu_pro_test_02613,1,0.744128,2
mmlu_pro,qwen3-4b-nothink,mmlu_pro_test_07051,0,0.776095,5
mmlu_pro,qwen3-4b-nothink,mmlu_pro_test_06654,1,0.599434,2
mmlu_pro,qwen3-4b-nothink,mmlu_pro_test_08077,1,0.748627,1
mmlu_pro,qwen3-4b-nothink,mmlu_pro_test_00654,1,0.779535,5
mmlu_pro,qwen3-4b-nothink,mmlu_pro_test_01114,0,0.630678,3
mmlu_pro,qwen3-4b-nothink,mmlu_pro_test_02376,1,0.711515,1
mmlu_pro,qwen3-4b-nothink,mmlu_pro_test_10943,1,0.607305,4
mmlu_pro,qwen3-4b-nothink,mmlu_pro_test_03849,1,0.574414,4
mmlu_pro,qwen3-4b-nothink,mmlu_pro_test_01822,0,0.454733,3
mmlu_pro,qwen3-4b-nothink,mmlu_pro_test_01322,0,0.568486,3
mmlu_pro,qwen3-4b-nothink,mmlu_pro_test_08750,0,0.564806,1
mmlu_pro,qwen3-4b-nothink,mmlu_pro_test_08513,1,0.710087,1
mmlu_pro,qwen3-4b-nothink,mmlu_pro_test_06409,0,0.796113,2
mmlu_pro,qwen3-4b-nothink,mmlu_pro_test_05509,1,0.624382,1
mmlu_pro,qwen3-4b-nothink,mmlu_pro_test_05177,1,0.449707,5
mmlu_pro,qwen3-4b-nothink,mmlu_pro_test_07012,1,0.74822,5
mmlu_pro,qwen3-4b-nothink,mmlu_pro_test_07233,1,0.900075,3
mmlu_pro,qwen3-4b-nothink,mmlu_pro_test_04296,1,0.652788,3
mmlu_pro,qwen3-4b-nothink,mmlu_pro_test_06365,1,0.78908,5
mmlu_pro,qwen3-4b-nothink,mmlu_pro_test_00031,1,0.800289,3
mmlu_pro,qwen3-4b-nothink,mmlu_pro_test_02676,0,0.49619,3
mmlu_pro,qwen3-4b-nothink,mmlu_pro_test_07131,0,0.747749,5
mmlu_pro,qwen3-4b-nothink,mmlu_pro_test_03420,0,0.766879,3
mmlu_pro,qwen3-4b-nothink,mmlu_pro_test_00915,0,0.539908,3
mmlu_pro,qwen3-4b-nothink,mmlu_pro_test_08230,0,0.357735,2
mmlu_pro,qwen3-4b-nothink,mmlu_pro_test_07275,1,0.738725,1
mmlu_pro,qwen3-4b-nothink,mmlu_pro_test_09210,0,0.790243,2
mmlu_pro,qwen3-4b-nothink,mmlu_pro_test_10194,1,0.76205,4
mmlu_pro,qwen3-4b-nothink,mmlu_pro_test_07176,1,0.789866,1
mmlu_pro,qwen3-4b-nothink,mmlu_pro_test_00102,1,0.810546,1
mmlu_pro,qwen3-4b-nothink,mmlu_pro_test_01799,0,0.430351,2
mmlu_pro,qwen3-4b-nothink,mmlu_pro_test_06147,0,0.429013,5
mmlu_pro,qwen3-4b-nothink,mmlu_pro_test_05306,1,0.826638,4
mmlu_pro,qwen3-4b-nothink,mmlu_pro_test_02443,1,0.808481,2
mmlu_pro,qwen3-4b-nothink,mmlu_pro_test_01516,0,0.670271,4
mmlu_pro,qwen3-4b-nothink,mmlu_pro_test_05266,1,0.877554,1
mmlu_pro,qwen3-4b-nothink,mmlu_pro_test_11131,0,0.627341,1
mmlu_pro,qwen3-4b-nothink,mmlu_pro_test_08036,0,0.093062,4
mmlu_pro,qwen3-4b-nothink,mmlu_pro_test_05079,1,0.670945,5
mmlu_pro,qwen3-4b-nothink,mmlu_pro_test_11996,1,0.809299,3
mmlu_pro,qwen3-4b-nothink,mmlu_pro_test_07712,1,0.436517,2
mmlu_pro,qwen3-4b-nothink,mmlu_pro_test_07938,1,0.666184,3
mmlu_pro,qwen3-4b-nothink,mmlu_pro_test_08574,0,0.399703,4
mmlu_pro,qwen3-4b-nothink,mmlu_pro_test_10854,1,0.227727,3
mmlu_pro,qwen3-4b-nothink,mmlu_pro_test_03452,1,0.439464,5
mmlu_pro,qwen3-4b-nothink,mmlu_pro_test_02199,0,0.65148,4
mmlu_pro,qwen3-4b-nothink,mmlu_pro_test_00801,0,0.565514,5
mmlu_pro,qwen3-4b-nothink,mmlu_pro_test_06048,1,0.797409,5
mmlu_pro,qwen3-4b-nothink,mmlu_pro_test_04601,0,0.714094,4
mmlu_pro,qwen3-4b-nothink,mmlu_pro_test_09142,1,0.751674,3
mmlu_pro,qwen3-4b-nothink,mmlu_pro_test_08357,0,0.649875,2
mmlu_pro,qwen3-4b-nothink,mmlu_pro_test_06758,1,0.661425,3
mmlu_pro,qwen3-4b-nothink,mmlu_pro_test_05350,1,0.795493,5
mmlu_pro,qwen3-4b-nothink,mmlu_pro_test_03940,1,0.689888,4
mmlu_pro,qwen3-4b-nothink,mmlu_pro_test_00692,1,0.89828,2
mmlu_pro,qwen3-4b-nothink,mmlu_pro_test_07604,1,0.676674,1
mmlu_pro,qwen3-4b-nothink,mmlu_pro_test_02247,1,0.372214,3
mmlu_pro,qwen3-4b-nothink,mmlu_pro_test_01490,0,0.643521,3
mmlu_pro,qwen3-4b-nothink,mmlu_pro_test_00144,1,0.736891,1
mmlu_pro,qwen3-4b-nothink,mmlu_pro_test_03337,1,0.830039,1
mmlu_pro,qwen3-4b-nothink,mmlu_pro_test_05298,0,0.658614,2
mmlu_pro,qwen3-4b-nothink,mmlu_pro_test_04256,1,0.606129,3
mmlu_pro,qwen3-4b-nothink,mmlu_pro_test_11726,0,0.474539,3
mmlu_pro,qwen3-4b-nothink,mmlu_pro_test_02279,1,0.576342,1
mmlu_pro,qwen3-4b-nothink,mmlu_pro_test_06777,1,0.745738,3
mmlu_pro,qwen3-4b-nothink,mmlu_pro_test_03188,1,0.743481,5
mmlu_pro,qwen3-4b-nothink,mmlu_pro_test_04250,1,0.746174,4
mmlu_pro,qwen3-4b-nothink,mmlu_pro_test_01250,1,0.462396,5
mmlu_pro,qwen3-4b-nothink,mmlu_pro_test_08345,1,0.386013,4
mmlu_pro,qwen3-4b-nothink,mmlu_pro_test_11923,1,0.46751,4
mmlu_pro,qwen3-4b-nothink,mmlu_pro_test_02173,0,0.609507,3
mmlu_pro,qwen3-4b-nothink,mmlu_pro_test_00064,1,0.471256,5
mmlu_pro,qwen3-4b-nothink,mmlu_pro_test_05556,1,0.798758,4
mmlu_pro,qwen3-4b-nothink,mmlu_pro_test_00728,1,0.781552,3
mmlu_pro,qwen3-4b-nothink,mmlu_pro_test_01919,0,0.766366,2
mmlu_pro,qwen3-4b-nothink,mmlu_pro_test_05840,0,0.824595,2
mmlu_pro,qwen3-4b-nothink,mmlu_pro_test_10423,1,0.811606,5
mmlu_pro,qwen3-4b-nothink,mmlu_pro_test_05818,0,0.782031,3
mmlu_pro,qwen3-4b-nothink,mmlu_pro_test_09505,1,0.769769,4
mmlu_pro,qwen3-4b-nothink,mmlu_pro_test_10067,1,0.619209,1
mmlu_pro,qwen3-4b-nothink,mmlu_pro_test_08111,1,0.84481,2
mmlu_pro,qwen3-4b-nothink,mmlu_pro_test_11294,1,0.542096,4
mmlu_pro,qwen3-4b-nothink,mmlu_pro_test_05926,0,0.776588,2
mmlu_pro,qwen3-4b-nothink,mmlu_pro_test_00751,0,0.770634,1
mmlu_pro,qwen3-4b-nothink,mmlu_pro_test_10827,1,0.838231,3
mmlu_pro,qwen3-4b-nothink,mmlu_pro_test_08788,1,0.40759,5
mmlu_pro,qwen3-4b-nothink,mmlu_pro_test_06328,1,0.683662,3
mmlu_pro,qwen3-4b-nothink,mmlu_pro_test_02897,1,0.741469,5
mmlu_pro,qwen3-4b-nothink,mmlu_pro_test_00644,1,0.793933,2
mmlu_pro,qwen3-4b-nothink,mmlu_pro_test_09957,1,0.708868,2
mmlu_pro,qwen3-4b-nothink,mmlu_pro_test_01205,1,0.733278,5
mmlu_pro,qwen3-4b-nothink,mmlu_pro_test_05689,0,0.645227,4
mmlu_pro,qwen3-4b-nothink,mmlu_pro_test_05010,1,0.39617,4
mmlu_pro,qwen3-4b-nothink,mmlu_pro_test_05512,0,0.557685,3
mmlu_pro,qwen3-4b-nothink,mmlu_pro_test_06901,0,0.873854,3
mmlu_pro,qwen3-4b-nothink,mmlu_pro_test_04665,1,0.728947,2
mmlu_pro,qwen3-4b-nothink,mmlu_pro_test_01601,0,0.552958,5
mmlu_pro,qwen3-4b-nothink,mmlu_pro_test_07268,1,0.684095,2
mmlu_pro,qwen3-4b-nothink,mmlu_pro_test_11797,0,0.602622,2
mmlu_pro,qwen3-4b-nothink,mmlu_pro_test_09724,0,0.280615,4
mmlu_pro,qwen3-4b-nothink,mmlu_pro_test_06854,1,0.560614,3
mmlu_pro,qwen3-4b-nothink,mmlu_pro_test_02874,1,0.76193,3
mmlu_pro,qwen3-4b-nothink,mmlu_pro_test_00408,1,0.807961,3
mmlu_pro,qwen3-4b-nothink,mmlu_pro_test_11021,0,0.467969,4
mmlu_pro,qwen3-4b-nothink,mmlu_pro_test_06497,1,0.746252,3
mmlu_pro,qwen3-4b-nothink,mmlu_pro_test_08694,1,0.405207,4
mmlu_pro,qwen3-4b-nothink,mmlu_pro_test_00082,0,0.560799,3
mmlu_pro,qwen3-4b-nothink,mmlu_pro_test_05696,0,0.703737,4
mmlu_pro,qwen3-4b-nothink,mmlu_pro_test_07437,1,0.729269,4
mmlu_pro,qwen3-4b-nothink,mmlu_pro_test_08183,1,0.609632,5
mmlu_pro,qwen3-4b-nothink,mmlu_pro_test_01831,0,0.508086,1
mmlu_pro,qwen3-4b-nothink,mmlu_pro_test_03615,0,0.828331,2
mmlu_pro,qwen3-4b-nothink,mmlu_pro_test_02148,1,0.733599,4
mmlu_pro,qwen3-4b-nothink,mmlu_pro_test_00219,1,0.77989,1
mmlu_pro,qwen3-4b-nothink,mmlu_pro_test_08350,1,0.771045,2
mmlu_pro,qwen3-4b-nothink,mmlu_pro_test_03087,0,0.667497,2
mmlu_pro,qwen3-4b-nothink,mmlu_pro_test_07100,1,0.591712,2
mmlu_pro,qwen3-4b-nothink,mmlu_pro_test_09170,1,0.738534,3
mmlu_pro,qwen3-4b-nothink,mmlu_pro_test_02905,1,0.784416,1
mmlu_pro,qwen3-4b-nothink,mmlu_pro_test_04309,1,0.809213,5
mmlu_pro,qwen3-4b-nothink,mmlu_pro_test_08993,1,0.806672,1
mmlu_pro,qwen3-4b-nothink,mmlu_pro_test_10113,1,0.593127,2
mmlu_pro,qwen3-4b-nothink,mmlu_pro_test_08399,1,0.853947,4
mmlu_pro,qwen3-4b-nothink,mmlu_pro_test_01252,0,0.710913,2
mmlu_pro,qwen3-4b-nothink,mmlu_pro_test_02171,0,0.469935,3
mmlu_pro,qwen3-4b-nothink,mmlu_pro_test_07031,1,0.811579,1
mmlu_pro,qwen3-4b-nothink,mmlu_pro_test_11015,0,0.494683,5
mmlu_pro,qwen3-4b-nothink,mmlu_pro_test_04358,1,0.729951,3
mmlu_pro,qwen3-4b-nothink,mmlu_pro_test_06831,1,0.803064,3
mmlu_pro,qwen3-4b-nothink,mmlu_pro_test_09713,1,0.898685,4
mmlu_pro,qwen3-4b-nothink,mmlu_pro_test_11462,1,0.36705,3
mmlu_pro,qwen3-4b-nothink,mmlu_pro_test_09094,1,0.793025,3
mmlu_pro,qwen3-4b-nothink,mmlu_pro_test_05195,0,0.80706,2
mmlu_pro,qwen3-4b-nothink,mmlu_pro_test_08685,1,0.821723,1
mmlu_pro,qwen3-4b-nothink,mmlu_pro_test_04928,1,0.802933,5
mmlu_pro,qwen3-4b-nothink,mmlu_pro_test_01141,0,0.621574,1
mmlu_pro,qwen3-4b-nothink,mmlu_pro_test_06313,1,0.833634,1
mmlu_pro,qwen3-4b-nothink,mmlu_pro_test_06295,1,0.731651,4
mmlu_pro,qwen3-4b-nothink,mmlu_pro_test_08122,1,0.561524,2
mmlu_pro,qwen3-4b-nothink,mmlu_pro_test_00811,0,0.813394,3
mmlu_pro,qwen3-4b-nothink,mmlu_pro_test_06830,1,0.879262,3
mmlu_pro,qwen3-4b-nothink,mmlu_pro_test_08247,1,0.680269,3
mmlu_pro,qwen3-4b-nothink,mmlu_pro_test_11219,0,0.264609,4
mmlu_pro,qwen3-4b-nothink,mmlu_pro_test_09566,0,0.341708,4
mmlu_pro,qwen3-4b-nothink,mmlu_pro_test_08198,1,0.834592,1
mmlu_pro,qwen3-4b-nothink,mmlu_pro_test_02011,1,0.839027,4
mmlu_pro,qwen3-4b-nothink,mmlu_pro_test_01134,1,0.680578,3
mmlu_pro,qwen3-4b-nothink,mmlu_pro_test_09123,0,0.708167,1
mmlu_pro,qwen3-4b-nothink,mmlu_pro_test_10970,0,0.51956,2
mmlu_pro,qwen3-4b-nothink,mmlu_pro_test_04867,0,0.570811,5
mmlu_pro,qwen3-4b-nothink,mmlu_pro_test_00329,1,0.760106,5
mmlu_pro,qwen3-4b-nothink,mmlu_pro_test_11567,0,0.17514,5
mmlu_pro,qwen3-4b-nothink,mmlu_pro_test_02438,0,0.746477,5
mmlu_pro,qwen3-4b-nothink,mmlu_pro_test_01736,1,0.780666,3
mmlu_pro,qwen3-4b-nothink,mmlu_pro_test_04974,1,0.566458,4
mmlu_pro,qwen3-4b-nothink,mmlu_pro_test_04929,1,0.758836,4
mmlu_pro,qwen3-4b-nothink,mmlu_pro_test_00906,0,0.364034,2
mmlu_pro,qwen3-4b-nothink,mmlu_pro_test_10032,1,0.950841,4
mmlu_pro,qwen3-4b-nothink,mmlu_pro_test_10120,0,0.111109,5
mmlu_pro,qwen3-4b-nothink,mmlu_pro_test_04603,0,0.729898,4
mmlu_pro,qwen3-4b-nothink,mmlu_pro_test_09313,0,0.816567,1
mmlu_pro,qwen3-4b-nothink,mmlu_pro_test_03525,0,0.760554,1
mmlu_pro,qwen3-4b-nothink,mmlu_pro_test_06663,0,0.567067,2
mmlu_pro,qwen3-4b-nothink,mmlu_pro_test_05202,0,0.677311,1
mmlu_pro,qwen3-4b-nothink,mmlu_pro_test_07832,1,0.919552,2
mmlu_pro,qwen3-4b-nothink,mmlu_pro_test_06713,1,0.623089,2
mmlu_pro,qwen3-4b-nothink,mmlu_pro_test_06787,1,0.761616,5
mmlu_pro,qwen3-4b-nothink,mmlu_pro_test_08872,1,0.590318,4
mmlu_pro,qwen3-4b-nothink,mmlu_pro_test_08430,0,0.572658,1
mmlu_pro,qwen3-4b-nothink,mmlu_pro_test_08156,0,0.310684,4
mmlu_pro,qwen3-4b-nothink,mmlu_pro_test_03436,1,0.879832,4
mmlu_pro,qwen3-4b-nothink,mmlu_pro_test_05678,1,0.751026,2
mmlu_pro,qwen3-4b-nothink,mmlu_pro_test_09300,1,0.644877,1
mmlu_pro,qwen3-4b-nothink,mmlu_pro_test_11904,0,0.792186,2
mmlu_pro,qwen3-4b-nothink,mmlu_pro_test_08861,1,0.591248,1
mmlu_pro,qwen3-4b-nothink,mmlu_pro_test_11232,1,0.650683,1
mmlu_pro,qwen3-4b-nothink,mmlu_pro_test_06424,1,0.792024,2
mmlu_pro,qwen3-4b-nothink,mmlu_pro_test_02283,1,0.560581,4
mmlu_pro,qwen3-4b-nothink,mmlu_pro_test_04727,1,0.629006,1
mmlu_pro,qwen3-4b-nothink,mmlu_pro_test_01003,0,0.378687,2
mmlu_pro,qwen3-4b-nothink,mmlu_pro_test_10324,1,0.770809,1
mmlu_pro,qwen3-4b-nothink,mmlu_pro_test_11346,1,0.517055,3
mmlu_pro,qwen3-4b-nothink,mmlu_pro_test_10124,1,0.620052,2
mmlu_pro,qwen3-4b-nothink,mmlu_pro_test_03182,1,0.765148,1
mmlu_pro,qwen3-4b-nothink,mmlu_pro_test_08688,1,0.729973,3
mmlu_pro,qwen3-4b-nothink,mmlu_pro_test_03564,1,0.724703,3
mmlu_pro,qwen3-4b-nothink,mmlu_pro_test_05109,0,0.822509,4
mmlu_pro,qwen3-4b-nothink,mmlu_pro_test_10163,0,0.786347,4
mmlu_pro,qwen3-4b-nothink,mmlu_pro_test_03959,1,0.552071,3
mmlu_pro,qwen3-4b-nothink,mmlu_pro_test_09807,1,0.453396,5
mmlu_pro,qwen3-4b-nothink,mmlu_pro_test_11639,1,0.761342,2
mmlu_pro,qwen3-4b-nothink,mmlu_pro_test_11419,1,0.332739,4
mmlu_pro,qwen3-4b-nothink,mmlu_pro_test_03992,0,0.487514,2
mmlu_pro,qwen3-4b-nothink,mmlu_pro_test_06451,0,0.521679,1
mmlu_pro,qwen3-4b-nothink,mmlu_pro_test_03581,0,0.332525,1
mmlu_pro,qwen3-4b-nothink,mmlu_pro_test_00836,0,0.691156,5
mmlu_pro,qwen3-4b-nothink,mmlu_pro_test_08372,1,0.825267,5
mmlu_pro,qwen3-4b-nothink,mmlu_pro_test_01355,0,0.669418,4
mmlu_pro,qwen3-4b-nothink,mmlu_pro_test_10802,1,0.676914,3
mmlu_pro,qwen3-4b-nothink,mmlu_pro_test_00880,0,0.566217,3
mmlu_pro,qwen3-4b-nothink,mmlu_pro_test_00338,0,0.229142,2
mmlu_pro,qwen3-4b-nothink,mmlu_pro_test_00378,0,0.685484,1
mmlu_pro,qwen3-4b-nothink,mmlu_pro_test_03601,0,0.698864,1
mmlu_pro,qwen3-4b-nothink,mmlu_pro_test_09942,1,0.840627,1
mmlu_pro,qwen3-4b-nothink,mmlu_pro_test_06822,1,0.641646,2
mmlu_pro,qwen3-4b-nothink,mmlu_pro_test_08667,1,0.664685,4
mmlu_pro,qwen3-4b-nothink,mmlu_pro_test_08552,0,0.617148,5
mmlu_pro,qwen3-4b-nothink,mmlu_pro_test_05452,0,0.609558,3
mmlu_pro,qwen3-4b-nothink,mmlu_pro_test_09544,1,0.616307,5
mmlu_pro,qwen3-4b-nothink,mmlu_pro_test_11926,0,0.437371,2
mmlu_pro,qwen3-4b-nothink,mmlu_pro_test_04109,0,0.424411,2
mmlu_pro,qwen3-4b-nothink,mmlu_pro_test_00425,1,0.829434,3
mmlu_pro,qwen3-4b-nothink,mmlu_pro_test_02544,1,0.803251,1
mmlu_pro,qwen3-4b-nothink,mmlu_pro_test_01550,0,0.564588,2
mmlu_pro,qwen3-4b-nothink,mmlu_pro_test_08699,1,0.884808,1
mmlu_pro,qwen3-4b-nothink,mmlu_pro_test_11756,0,0.655762,4
mmlu_pro,qwen3-4b-nothink,mmlu_pro_test_03795,1,0.934786,4
mmlu_pro,qwen3-4b-nothink,mmlu_pro_test_06341,1,0.597418,4
mmlu_pro,qwen3-4b-nothink,mmlu_pro_test_06977,1,0.577681,5
mmlu_pro,qwen3-4b-nothink,mmlu_pro_test_06331,0,0.520595,4
mmlu_pro,qwen3-4b-nothink,mmlu_pro_test_06884,1,0.718614,1
mmlu_pro,qwen3-4b-nothink,mmlu_pro_test_02285,0,0.823175,1
mmlu_pro,qwen3-4b-nothink,mmlu_pro_test_11020,0,0.692824,1
mmlu_pro,qwen3-4b-nothink,mmlu_pro_test_01721,1,0.673153,1
mmlu_pro,qwen3-4b-nothink,mmlu_pro_test_05679,1,0.764744,5
mmlu_pro,qwen3-4b-nothink,mmlu_pro_test_06517,0,0.496404,2
mmlu_pro,qwen3-4b-nothink,mmlu_pro_test_03061,1,0.788273,5
mmlu_pro,qwen3-4b-nothink,mmlu_pro_test_10973,0,0.696983,2
mmlu_pro,qwen3-4b-nothink,mmlu_pro_test_08203,1,0.803307,1
mmlu_pro,qwen3-4b-nothink,mmlu_pro_test_09801,1,0.7215,3
mmlu_pro,qwen3-4b-nothink,mmlu_pro_test_02225,1,0.862305,4
mmlu_pro,qwen3-4b-nothink,mmlu_pro_test_00940,0,0.512642,1
mmlu_pro,qwen3-4b-nothink,mmlu_pro_test_00504,1,0.501198,4
mmlu_pro,qwen3-4b-nothink,mmlu_pro_test_12024,0,0.42897,2
mmlu_pro,qwen3-4b-nothink,mmlu_pro_test_07930,1,0.510087,3
mmlu_pro,qwen3-4b-nothink,mmlu_pro_test_06579,1,0.731818,2
mmlu_pro,qwen3-4b-nothink,mmlu_pro_test_08275,1,0.795221,1
mmlu_pro,qwen3-4b-nothink,mmlu_pro_test_09550,1,0.872011,4
mmlu_pro,qwen3-4b-nothink,mmlu_pro_test_02498,1,0.589296,3
mmlu_pro,qwen3-4b-nothink,mmlu_pro_test_04021,0,0.361221,1
mmlu_pro,qwen3-4b-nothink,mmlu_pro_test_01960,0,0.639308,3
mmlu_pro,qwen3-4b-nothink,mmlu_pro_test_11222,1,0.707038,1
mmlu_pro,qwen3-4b-nothink,mmlu_pro_test_10708,1,0.832533,2
mmlu_pro,qwen3-4b-nothink,mmlu_pro_test_02841,1,0.814938,1
mmlu_pro,qwen3-4b-nothink,mmlu_pro_test_05560,1,0.875369,2
mmlu_pro,qwen3-4b-nothink,mmlu_pro_test_11547,1,0.775531,2
mmlu_pro,qwen3-4b-nothink,mmlu_pro_test_00438,1,0.423937,5
mmlu_pro,qwen3-4b-nothink,mmlu_pro_test_07857,1,0.480233,2
mmlu_pro,qwen3-4b-nothink,mmlu_pro_test_06513,1,0.669827,5
mmlu_pro,qwen3-4b-nothink,mmlu_pro_test_07069,1,0.743823,4
mmlu_pro,qwen3-4b-nothink,mmlu_pro_test_00479,0,0.661445,5
mmlu_pro,qwen3-4b-nothink,mmlu_pro_test_03955,1,0.849483,2
mmlu_pro,qwen3-4b-nothink,mmlu_pro_test_05605,1,0.635612,5
mmlu_pro,qwen3-4b-nothink,mmlu_pro_test_11413,1,0.323179,5
mmlu_pro,qwen3-4b-nothink,mmlu_pro_test_07246,0,0.726514,2
mmlu_pro,qwen3-4b-nothink,mmlu_pro_test_02726,0,0.651729,4
mmlu_pro,qwen3-4b-nothink,mmlu_pro_test_12013,0,0.472995,1
mmlu_pro,qwen3-4b-nothink,mmlu_pro_test_03025,1,0.708077,5
mmlu_pro,qwen3-4b-nothink,mmlu_pro_test_04032,1,0.643492,1
mmlu_pro,qwen3-4b-nothink,mmlu_pro_test_04556,1,0.669381,3
mmlu_pro,qwen3-4b-nothink,mmlu_pro_test_08846,1,0.531214,2
mmlu_pro,qwen3-4b-nothink,mmlu_pro_test_00159,0,0.29216,2
mmlu_pro,qwen3-4b-nothink,mmlu_pro_test_05857,1,0.650588,4
mmlu_pro,qwen3-4b-nothink,mmlu_pro_test_11777,1,0.768309,5
mmlu_pro,qwen3-4b-nothink,mmlu_pro_test_07599,0,0.349316,5
mmlu_pro,qwen3-4b-nothink,mmlu_pro_test_10348,0,0.496864,2
mmlu_pro,qwen3-4b-nothink,mmlu_pro_test_03896,1,0.80033,2
mmlu_pro,qwen3-4b-nothink,mmlu_pro_test_01626,0,0.363239,1
mmlu_pro,qwen3-4b-nothink,mmlu_pro_test_10350,0,0.709704,1
mmlu_pro,qwen3-4b-nothink,mmlu_pro_test_11151,0,0.413319,1
mmlu_pro,qwen3-4b-nothink,mmlu_pro_test_09877,1,0.612334,2
mmlu_pro,qwen3-4b-nothink,mmlu_pro_test_01553,1,0.403452,4
mmlu_pro,qwen3-4b-nothink,mmlu_pro_test_03055,1,0.7862,3
mmlu_pro,qwen3-4b-nothink,mmlu_pro_test_11366,1,0.484995,5
mmlu_pro,qwen3-4b-nothink,mmlu_pro_test_09504,1,0.349571,3
mmlu_pro,qwen3-4b-nothink,mmlu_pro_test_00636,1,0.816445,1
mmlu_pro,qwen3-4b-nothink,mmlu_pro_test_00277,1,0.873093,5
mmlu_pro,qwen3-4b-nothink,mmlu_pro_test_00288,0,0.596415,5
mmlu_pro,qwen3-4b-nothink,mmlu_pro_test_11665,1,0.783856,1
mmlu_pro,qwen3-4b-nothink,mmlu_pro_test_09600,1,0.756481,4
mmlu_pro,qwen3-4b-nothink,mmlu_pro_test_06037,0,0.858577,3
mmlu_pro,qwen3-4b-nothink,mmlu_pro_test_10887,1,0.720045,5
mmlu_pro,qwen3-4b-nothink,mmlu_pro_test_09230,1,0.650606,1
mmlu_pro,qwen3-4b-nothink,mmlu_pro_test_07156,1,0.833183,4
mmlu_pro,qwen3-4b-nothink,mmlu_pro_test_08774,1,0.717077,4
mmlu_pro,qwen3-4b-nothink,mmlu_pro_test_02540,1,0.800206,5
mmlu_pro,qwen3-4b-nothink,mmlu_pro_test_06076,1,0.706757,2
mmlu_pro,qwen3-4b-nothink,mmlu_pro_test_00886,0,0.619446,5
mmlu_pro,qwen3-4b-nothink,mmlu_pro_test_01537,1,0.476977,3
mmlu_pro,qwen3-4b-nothink,mmlu_pro_test_09637,0,0.667771,4
mmlu_pro,qwen3-4b-nothink,mmlu_pro_test_10013,1,0.6291,4
mmlu_pro,qwen3-4b-nothink,mmlu_pro_test_03543,1,0.835032,3
mmlu_pro,qwen3-4b-nothink,mmlu_pro_test_00900,1,0.730347,4
mmlu_pro,qwen3-4b-nothink,mmlu_pro_test_04439,1,0.561914,1
mmlu_pro,qwen3-4b-nothink,mmlu_pro_test_04870,1,0.816987,4
mmlu_pro,qwen3-4b-nothink,mmlu_pro_test_10222,1,0.633881,1
mmlu_pro,qwen3-4b-nothink,mmlu_pro_test_08932,0,0.54337,2
mmlu_pro,qwen3-4b-nothink,mmlu_pro_test_01482,0,0.303608,2
mmlu_pro,qwen3-4b-nothink,mmlu_pro_test_05997,0,0.701038,5
mmlu_pro,qwen3-4b-nothink,mmlu_pro_test_07383,1,0.242898,2
mmlu_pro,qwen3-4b-nothink,mmlu_pro_test_03864,1,0.656954,3
mmlu_pro,qwen3-4b-nothink,mmlu_pro_test_03206,1,0.829509,3
mmlu_pro,qwen3-4b-nothink,mmlu_pro_test_03219,1,0.766218,4
mmlu_pro,qwen3-4b-nothink,mmlu_pro_test_08616,1,0.851726,1
mmlu_pro,qwen3-4b-nothink,mmlu_pro_test_06239,1,0.777035,1
mmlu_pro,qwen3-4b-nothink,mmlu_pro_test_11218,0,0.76305,1
mmlu_pro,qwen3-4b-nothink,mmlu_pro_test_11431,1,0.828886,4
mmlu_pro,qwen3-4b-nothink,mmlu_pro_test_01772,1,0.563029,3
mmlu_pro,qwen3-4b-nothink,mmlu_pro_test_09875,0,0.829258,1
mmlu_pro,qwen3-4b-nothink,mmlu_pro_test_04910,0,0.574574,5
mmlu_pro,qwen3-4b-nothink,mmlu_pro_test_11144,1,0.605644,3
mmlu_pro,qwen3-4b-nothink,mmlu_pro_test_10608,1,0.76643,5
mmlu_pro,qwen3-4b-nothink,mmlu_pro_test_04765,1,0.748639,3
mmlu_pro,qwen3-4b-nothink,mmlu_pro_test_03207,1,0.798403,2
mmlu_pro,qwen3-4b-nothink,mmlu_pro_test_05102,1,0.616881,3
mmlu_pro,qwen3-4b-nothink,mmlu_pro_test_01711,0,0.417128,3
mmlu_pro,qwen3-4b-nothink,mmlu_pro_test_11092,1,0.569873,5
mmlu_pro,qwen3-4b-nothink,mmlu_pro_test_08269,1,0.846728,5
mmlu_pro,qwen3-4b-nothink,mmlu_pro_test_09488,0,0.185159,4
mmlu_pro,qwen3-4b-nothink,mmlu_pro_test_01019,1,0.557554,1
mmlu_pro,qwen3-4b-nothink,mmlu_pro_test_06772,1,0.691194,5
mmlu_pro,qwen3-4b-nothink,mmlu_pro_test_09129,0,0.513331,3
mmlu_pro,qwen3-4b-nothink,mmlu_pro_test_05528,1,0.609462,3
mmlu_pro,qwen3-4b-nothink,mmlu_pro_test_00467,1,0.431586,2
mmlu_pro,qwen3-4b-nothink,mmlu_pro_test_01400,1,0.762856,3
mmlu_pro,qwen3-4b-nothink,mmlu_pro_test_00792,0,0.638554,4
mmlu_pro,qwen3-4b-nothink,mmlu_pro_test_09177,1,0.844458,2
mmlu_pro,qwen3-4b-nothink,mmlu_pro_test_08481,0,0.379166,5
mmlu_pro,qwen3-4b-nothink,mmlu_pro_test_08496,1,0.737273,4
mmlu_pro,qwen3-4b-nothink,mmlu_pro_test_11186,0,0.416075,5
mmlu_pro,qwen3-4b-nothink,mmlu_pro_test_05897,1,0.735223,5
mmlu_pro,qwen3-4b-nothink,mmlu_pro_test_02054,1,0.706311,2
mmlu_pro,qwen3-4b-nothink,mmlu_pro_test_11008,0,0.154599,3
mmlu_pro,qwen3-4b-nothink,mmlu_pro_test_08110,1,0.266791,4
mmlu_pro,qwen3-4b-nothink,mmlu_pro_test_03402,1,0.741038,3
mmlu_pro,qwen3-4b-nothink,mmlu_pro_test_00221,0,0.533132,4
mmlu_pro,qwen3-4b-nothink,mmlu_pro_test_03979,0,0.585598,1
mmlu_pro,qwen3-4b-nothink,mmlu_pro_test_11046,0,0.484325,2
mmlu_pro,qwen3-4b-nothink,mmlu_pro_test_09827,1,0.870333,3
mmlu_pro,qwen3-4b-nothink,mmlu_pro_test_01377,1,0.405164,4
mmlu_pro,qwen3-4b-nothink,mmlu_pro_test_04611,1,0.397838,2
mmlu_pro,qwen3-4b-nothink,mmlu_pro_test_04003,1,0.611869,5
mmlu_pro,qwen3-4b-nothink,mmlu_pro_test_09422,1,0.741614,1
mmlu_pro,qwen3-4b-nothink,mmlu_pro_test_04440,0,0.510497,1
mmlu_pro,qwen3-4b-nothink,mmlu_pro_test_04069,1,0.867641,2
mmlu_pro,qwen3-4b-nothink,mmlu_pro_test_00045,0,0.843556,3
mmlu_pro,qwen3-4b-nothink,mmlu_pro_test_03477,0,0.505485,1
mmlu_pro,qwen3-4b-nothink,mmlu_pro_test_07164,0,0.475228,3
mmlu_pro,qwen3-4b-nothink,mmlu_pro_test_09773,1,0.757541,2
mmlu_pro,qwen3-4b-nothink,mmlu_pro_test_09053,1,0.831061,4
mmlu_pro,qwen3-4b-nothink,mmlu_pro_test_02203,1,0.745975,1
mmlu_pro,qwen3-4b-nothink,mmlu_pro_test_09735,1,0.627543,3
mmlu_pro,qwen3-4b-nothink,mmlu_pro_test_03701,1,0.819614,3
mmlu_pro,qwen3-4b-nothink,mmlu_pro_test_05405,1,0.863714,3
mmlu_pro,qwen3-4b-nothink,mmlu_pro_test_08569,1,0.88993,5
mmlu_pro,qwen3-4b-nothink,mmlu_pro_test_03172,1,0.851097,2
mmlu_pro,qwen3-4b-nothink,mmlu_pro_test_05757,0,0.586205,5
mmlu_pro,qwen3-4b-nothink,mmlu_pro_test_06448,0,0.730612,2
mmlu_pro,qwen3-4b-nothink,mmlu_pro_test_07928,1,0.707658,2
mmlu_pro,qwen3-4b-nothink,mmlu_pro_test_10412,1,0.719886,2
mmlu_pro,qwen3-4b-nothink,mmlu_pro_test_05561,1,0.66191,3
mmlu_pro,qwen3-4b-nothink,mmlu_pro_test_05699,1,0.627866,3
mmlu_pro,qwen3-4b-nothink,mmlu_pro_test_02130,1,0.59453,5
mmlu_pro,qwen3-4b-nothink,mmlu_pro_test_03197,1,0.698798,4
mmlu_pro,qwen3-4b-nothink,mmlu_pro_test_02136,1,0.714507,4
mmlu_pro,qwen3-4b-nothink,mmlu_pro_test_02648,1,0.848695,4
mmlu_pro,qwen3-4b-nothink,mmlu_pro_test_05842,1,0.792096,5
mmlu_pro,qwen3-4b-nothink,mmlu_pro_test_11234,1,0.785169,5
mmlu_pro,qwen3-4b-nothink,mmlu_pro_test_05457,0,0.604364,5
mmlu_pro,qwen3-4b-nothink,mmlu_pro_test_08440,1,0.741452,2
mmlu_pro,qwen3-4b-nothink,mmlu_pro_test_02528,1,0.848262,4
mmlu_pro,qwen3-4b-nothink,mmlu_pro_test_03004,1,0.79505,2
mmlu_pro,qwen3-4b-nothink,mmlu_pro_test_07942,1,0.795508,3
mmlu_pro,qwen3-4b-nothink,mmlu_pro_test_03933,1,0.842643,1
mmlu_pro,qwen3-4b-nothink,mmlu_pro_test_00211,1,0.769329,2
mmlu_pro,qwen3-4b-nothink,mmlu_pro_test_10752,1,0.828947,2
mmlu_pro,qwen3-4b-nothink,mmlu_pro_test_05534,1,0.720254,5
mmlu_pro,qwen3-4b-nothink,mmlu_pro_test_07919,1,0.617853,4
mmlu_pro,qwen3-4b-nothink,mmlu_pro_test_01966,0,0.644978,2
mmlu_pro,qwen3-4b-nothink,mmlu_pro_test_11143,1,0.809728,4
mmlu_pro,qwen3-4b-nothink,mmlu_pro_test_11733,0,0.658562,5
mmlu_pro,qwen3-4b-nothink,mmlu_pro_test_10184,1,0.594292,5
mmlu_pro,qwen3-4b-nothink,mmlu_pro_test_05853,0,0.778907,1
mmlu_pro,qwen3-4b-nothink,mmlu_pro_test_04197,1,0.593642,4
mmlu_pro,qwen3-4b-nothink,mmlu_pro_test_09652,0,0.319007,4
mmlu_pro,qwen3-4b-nothink,mmlu_pro_test_08957,0,0.822133,3
mmlu_pro,qwen3-4b-nothink,mmlu_pro_test_08140,1,0.761008,5
mmlu_pro,qwen3-4b-nothink,mmlu_pro_test_01495,1,0.526419,5
mmlu_pro,qwen3-4b-nothink,mmlu_pro_test_11666,0,0.773409,3
mmlu_pro,qwen3-4b-nothink,mmlu_pro_test_00127,1,0.772041,4
mmlu_pro,qwen3-4b-nothink,mmlu_pro_test_05823,1,0.802977,5
mmlu_pro,qwen3-4b-nothink,mmlu_pro_test_06648,1,0.671815,3
mmlu_pro,qwen3-4b-nothink,mmlu_pro_test_04513,0,0.55562,4
mmlu_pro,qwen3-4b-nothink,mmlu_pro_test_01340,1,0.366653,5
mmlu_pro,qwen3-4b-nothink,mmlu_pro_test_07044,1,0.84086,5
mmlu_pro,qwen3-4b-nothink,mmlu_pro_test_05098,1,0.742773,4
mmlu_pro,qwen3-4b-nothink,mmlu_pro_test_04858,1,0.743998,1
mmlu_pro,qwen3-4b-nothink,mmlu_pro_test_05115,0,0.721886,2
mmlu_pro,qwen3-4b-nothink,mmlu_pro_test_04473,1,0.567331,2
mmlu_pro,qwen3-4b-nothink,mmlu_pro_test_05391,1,0.694319,4
mmlu_pro,qwen3-4b-nothink,mmlu_pro_test_08620,1,0.803952,5
mmlu_pro,qwen3-4b-nothink,mmlu_pro_test_06792,1,0.67994,5
mmlu_pro,qwen3-4b-nothink,mmlu_pro_test_10355,1,0.322389,4
mmlu_pro,qwen3-4b-nothink,mmlu_pro_test_05086,1,0.76444,3
mmlu_pro,qwen3-4b-nothink,mmlu_pro_test_08058,1,0.841731,2
mmlu_pro,qwen3-4b-nothink,mmlu_pro_test_02357,0,0.787853,4
mmlu_pro,qwen3-4b-nothink,mmlu_pro_test_04466,1,0.660118,5
mmlu_pro,qwen3-4b-nothink,mmlu_pro_test_11658,1,0.339602,2
mmlu_pro,qwen3-4b-nothink,mmlu_pro_test_09754,1,0.826738,3
mmlu_pro,qwen3-4b-nothink,mmlu_pro_test_05867,0,0.752749,1
mmlu_pro,qwen3-4b-nothink,mmlu_pro_test_07850,1,0.835565,4
mmlu_pro,qwen3-4b-nothink,mmlu_pro_test_04159,1,0.794816,2
mmlu_pro,qwen3-4b-nothink,mmlu_pro_test_02630,1,0.796102,3
mmlu_pro,qwen3-4b-nothink,mmlu_pro_test_08607,1,0.895732,2
mmlu_pro,qwen3-4b-nothink,mmlu_pro_test_08650,1,0.761784,4
mmlu_pro,qwen3-4b-nothink,mmlu_pro_test_06300,1,0.564892,2
mmlu_pro,qwen3-4b-nothink,mmlu_pro_test_07786,1,0.49019,5
mmlu_pro,qwen3-4b-nothink,mmlu_pro_test_10202,1,0.850021,3
mmlu_pro,qwen3-4b-nothink,mmlu_pro_test_01890,0,0.785828,4
mmlu_pro,qwen3-4b-nothink,mmlu_pro_test_05206,0,0.719109,5
mmlu_pro,qwen3-4b-nothink,mmlu_pro_test_03518,1,0.641965,2
mmlu_pro,qwen3-4b-nothink,mmlu_pro_test_07132,1,0.75867,1
mmlu_pro,qwen3-4b-nothink,mmlu_pro_test_06601,1,0.716023,2
mmlu_pro,qwen3-4b-nothink,mmlu_pro_test_07394,1,0.411227,4
mmlu_pro,qwen3-4b-nothink,mmlu_pro_test_11930,1,0.364757,4
mmlu_pro,qwen3-4b-nothink,mmlu_pro_test_09182,1,0.692122,4
mmlu_pro,qwen3-4b-nothink,mmlu_pro_test_02152,1,0.715156,2
mmlu_pro,qwen3-4b-nothink,mmlu_pro_test_11478,1,0.764029,5
mmlu_pro,qwen3-4b-nothink,mmlu_pro_test_10045,1,0.5907,5
mmlu_pro,qwen3-4b-nothink,mmlu_pro_test_07211,1,0.87591,3
mmlu_pro,qwen3-4b-nothink,mmlu_pro_test_02080,1,0.780172,2
mmlu_pro,qwen3-4b-nothink,mmlu_pro_test_10517,1,0.790421,5
mmlu_pro,qwen3-4b-nothink,mmlu_pro_test_04284,1,0.683459,3
mmlu_pro,qwen3-4b-nothink,mmlu_pro_test_03677,1,0.756606,5
mmlu_pro,qwen3-4b-nothink,mmlu_pro_test_04387,0,0.826905,1
mmlu_pro,qwen3-4b-nothink,mmlu_pro_test_06802,0,0.575364,5
mmlu_pro,qwen3-4b-nothink,mmlu_pro_test_06404,1,0.867809,1
mmlu_pro,qwen3-4b-nothink,mmlu_pro_test_02366,1,0.728793,1
mmlu_pro,qwen3-4b-nothink,mmlu_pro_test_02737,1,0.50503,5
mmlu_pro,qwen3-4b-nothink,mmlu_pro_test_05495,0,0.652683,5
mmlu_pro,qwen3-4b-nothink,mmlu_pro_test_02371,1,0.826621,4
mmlu_pro,qwen3-4b-nothink,mmlu_pro_test_02003,1,0.569128,2
mmlu_pro,qwen3-4b-nothink,mmlu_pro_test_04589,1,0.696928,5
mmlu_pro,qwen3-4b-nothink,mmlu_pro_test_01861,1,0.674906,1
mmlu_pro,qwen3-4b-nothink,mmlu_pro_test_00991,0,0.571758,4
mmlu_pro,qwen3-4b-nothink,mmlu_pro_test_06894,1,0.856329,2
mmlu_pro,qwen3-4b-nothink,mmlu_pro_test_10841,0,0.653841,3
mmlu_pro,qwen3-4b-nothink,mmlu_pro_test_08112,1,0.720374,1
mmlu_pro,qwen3-4b-nothink,mmlu_pro_test_11190,0,0.601503,1
mmlu_pro,qwen3-4b-nothink,mmlu_pro_test_06000,1,0.770415,3
mmlu_pro,qwen3-4b-nothink,mmlu_pro_test_07453,1,0.630656,1
mmlu_pro,qwen3-4b-nothink,mmlu_pro_test_06357,1,0.736811,3
mmlu_pro,qwen3-4b-nothink,mmlu_pro_test_10158,0,0.655729,2
mmlu_pro,qwen3-4b-nothink,mmlu_pro_test_02333,1,0.837485,2
mmlu_pro,qwen3-4b-nothink,mmlu_pro_test_00665,1,0.735027,3
mmlu_pro,qwen3-4b-nothink,mmlu_pro_test_09772,1,0.846305,2
mmlu_pro,qwen3-4b-nothink,mmlu_pro_test_02232,0,0.636454,1
mmlu_pro,qwen3-4b-nothink,mmlu_pro_test_08057,1,0.879601,1
mmlu_pro,qwen3-4b-nothink,mmlu_pro_test_07686,0,0.585045,5
mmlu_pro,qwen3-4b-nothink,mmlu_pro_test_07000,0,0.707417,5
mmlu_pro,qwen3-4b-nothink,mmlu_pro_test_03907,1,0.725948,1
mmlu_pro,qwen3-4b-nothink,mmlu_pro_test_02107,0,0.451778,3
mmlu_pro,qwen3-4b-nothink,mmlu_pro_test_08787,1,0.682955,1
mmlu_pro,qwen3-4b-nothink,mmlu_pro_test_07903,1,0.553644,2
mmlu_pro,qwen3-4b-nothink,mmlu_pro_test_11322,1,0.75671,2
mmlu_pro,qwen3-4b-nothink,mmlu_pro_test_08825,1,0.832224,2
mmlu_pro,qwen3-4b-nothink,mmlu_pro_test_02887,1,0.85242,4
mmlu_pro,qwen3-4b-nothink,mmlu_pro_test_07283,1,0.327494,5
mmlu_pro,qwen3-4b-nothink,mmlu_pro_test_09937,1,0.474912,2
mmlu_pro,qwen3-4b-nothink,mmlu_pro_test_10531,1,0.722814,5
mmlu_pro,qwen3-4b-nothink,mmlu_pro_test_02395,1,0.730787,1
mmlu_pro,qwen3-4b-nothink,mmlu_pro_test_05937,1,0.869561,1
mmlu_pro,qwen3-4b-nothink,mmlu_pro_test_04859,1,0.65275,3
mmlu_pro,qwen3-4b-nothink,mmlu_pro_test_11122,0,0.298788,3
mmlu_pro,qwen3-4b-nothink,mmlu_pro_test_08852,1,0.725129,5
mmlu_pro,qwen3-4b-nothink,mmlu_pro_test_06011,1,0.851144,3
mmlu_pro,qwen3-4b-nothink,mmlu_pro_test_01974,1,0.729223,5
mmlu_pro,qwen3-4b-nothink,mmlu_pro_test_01952,1,0.753153,2
mmlu_pro,qwen3-4b-nothink,mmlu_pro_test_06332,0,0.506511,1
mmlu_pro,qwen3-4b-nothink,mmlu_pro_test_02635,1,0.770986,4
mmlu_pro,qwen3-4b-nothink,mmlu_pro_test_00712,1,0.633121,5
mmlu_pro,qwen3-4b-nothink,mmlu_pro_test_10743,1,0.554051,1
mmlu_pro,qwen3-4b-nothink,mmlu_pro_test_08477,1,0.74363,5
mmlu_pro,qwen3-4b-nothink,mmlu_pro_test_02993,1,0.344798,5
mmlu_pro,qwen3-4b-nothink,mmlu_pro_test_00670,1,0.864269,2
mmlu_pro,qwen3-4b-nothink,mmlu_pro_test_07469,0,0.6796,1
mmlu_pro,qwen3-4b-nothink,mmlu_pro_test_10157,0,0.761681,4
mmlu_pro,qwen3-4b-nothink,mmlu_pro_test_01650,1,0.626809,4
mmlu_pro,qwen3-4b-nothink,mmlu_pro_test_00055,0,0.567983,1
mmlu_pro,qwen3-4b-nothink,mmlu_pro_test_02795,1,0.699734,3
mmlu_pro,qwen3-4b-nothink,mmlu_pro_test_06138,0,0.705612,3
mmlu_pro,qwen3-4b-nothink,mmlu_pro_test_10870,0,0.501331,3
mmlu_pro,qwen3-4b-nothink,mmlu_pro_test_04614,0,0.655287,1
mmlu_pro,qwen3-4b-nothink,mmlu_pro_test_04206,0,0.716418,3
mmlu_pro,qwen3-4b-nothink,mmlu_pro_test_05338,1,0.698795,3
mmlu_pro,qwen3-4b-nothink,mmlu_pro_test_05627,1,0.544027,4
mmlu_pro,qwen3-4b-nothink,mmlu_pro_test_11201,0,0.289772,4
mmlu_pro,qwen3-4b-nothink,mmlu_pro_test_04829,1,0.500612,3
mmlu_pro,qwen3-4b-nothink,mmlu_pro_test_11045,0,0.823824,3
mmlu_pro,qwen3-4b-nothink,mmlu_pro_test_01830,1,0.648752,2
mmlu_pro,qwen3-4b-nothink,mmlu_pro_test_07607,1,0.673135,1
mmlu_pro,qwen3-4b-nothink,mmlu_pro_test_04024,0,0.435466,4
mmlu_pro,qwen3-4b-nothink,mmlu_pro_test_08245,1,0.830155,3
mmlu_pro,qwen3-4b-nothink,mmlu_pro_test_06946,1,0.637054,5
mmlu_pro,qwen3-4b-nothink,mmlu_pro_test_03633,1,0.836486,5
mmlu_pro,qwen3-4b-nothink,mmlu_pro_test_01057,1,0.528771,4
mmlu_pro,qwen3-4b-nothink,mmlu_pro_test_08964,0,0.328905,5
mmlu_pro,qwen3-4b-nothink,mmlu_pro_test_11962,1,0.52625,1
mmlu_pro,qwen3-4b-nothink,mmlu_pro_test_00694,1,0.820143,2
mmlu_pro,qwen3-4b-nothink,mmlu_pro_test_10060,1,0.639733,4
mmlu_pro,qwen3-4b-nothink,mmlu_pro_test_00929,0,0.619059,4
mmlu_pro,qwen3-4b-nothink,mmlu_pro_test_02272,1,0.709592,5
mmlu_pro,qwen3-4b-nothink,mmlu_pro_test_01432,0,0.416399,4
mmlu_pro,qwen3-4b-nothink,mmlu_pro_test_08065,1,0.825213,5
mmlu_pro,qwen3-4b-nothink,mmlu_pro_test_07856,1,0.495306,2
mmlu_pro,qwen3-4b-nothink,mmlu_pro_test_08178,1,0.283453,3
mmlu_pro,qwen3-4b-nothink,mmlu_pro_test_01910,1,0.782649,2
mmlu_pro,qwen3-4b-nothink,mmlu_pro_test_07470,0,0.722885,2
mmlu_pro,qwen3-4b-nothink,mmlu_pro_test_10867,0,0.722141,3
mmlu_pro,qwen3-4b-nothink,mmlu_pro_test_10259,0,0.249095,5
mmlu_pro,qwen3-4b-nothink,mmlu_pro_test_05244,1,0.690171,1
mmlu_pro,qwen3-4b-nothink,mmlu_pro_test_06944,0,0.549204,3
mmlu_pro,qwen3-4b-nothink,mmlu_pro_test_03299,1,0.795672,3
mmlu_pro,qwen3-4b-nothink,mmlu_pro_test_09599,1,0.836008,2
mmlu_pro,qwen3-4b-nothink,mmlu_pro_test_06282,1,0.456845,1
mmlu_pro,qwen3-4b-nothink,mmlu_pro_test_07764,1,0.416696,4
mmlu_pro,qwen3-4b-nothink,mmlu_pro_test_11014,0,0.602014,5
mmlu_pro,qwen3-4b-nothink,mmlu_pro_test_04212,0,0.608159,1
mmlu_pro,qwen3-4b-nothink,mmlu_pro_test_03338,1,0.361627,1
mmlu_pro,qwen3-4b-nothink,mmlu_pro_test_09467,0,0.503003,5
mmlu_pro,qwen3-4b-nothink,mmlu_pro_test_03154,1,0.842469,1
mmlu_pro,qwen3-4b-nothink,mmlu_pro_test_09253,1,0.656049,4
mmlu_pro,qwen3-4b-nothink,mmlu_pro_test_03542,1,0.78427,3
mmlu_pro,qwen3-4b-nothink,mmlu_pro_test_04277,1,0.782663,3
mmlu_pro,qwen3-4b-nothink,mmlu_pro_test_04168,1,0.62384,2
mmlu_pro,qwen3-4b-nothink,mmlu_pro_test_06896,1,0.724581,2
mmlu_pro,qwen3-4b-nothink,mmlu_pro_test_02667,1,0.745829,1
mmlu_pro,qwen3-4b-nothink,mmlu_pro_test_05954,0,0.383248,3
mmlu_pro,qwen3-4b-nothink,mmlu_pro_test_01957,1,0.702296,5
mmlu_pro,qwen3-4b-nothink,mmlu_pro_test_03718,1,0.531242,2
mmlu_pro,qwen3-4b-nothink,mmlu_pro_test_00723,1,0.798235,5
mmlu_pro,qwen3-4b-nothink,mmlu_pro_test_05089,1,0.669693,3
mmlu_pro,qwen3-4b-nothink,mmlu_pro_test_05701,1,0.69249,4
mmlu_pro,qwen3-4b-nothink,mmlu_pro_test_01840,0,0.655574,2
mmlu_pro,qwen3-4b-nothink,mmlu_pro_test_01016,1,0.432588,3
mmlu_pro,qwen3-4b-nothink,mmlu_pro_test_11924,1,0.058886,4
mmlu_pro,qwen3-4b-nothink,mmlu_pro_test_04162,1,0.794284,2
mmlu_pro,qwen3-4b-nothink,mmlu_pro_test_10643,1,0.277309,4
mmlu_pro,qwen3-4b-nothink,mmlu_pro_test_00847,1,0.714514,5
mmlu_pro,qwen3-4b-nothink,mmlu_pro_test_11874,0,0.56434,4
mmlu_pro,qwen3-4b-nothink,mmlu_pro_test_06902,1,0.787616,2
mmlu_pro,qwen3-4b-nothink,mmlu_pro_test_06564,1,0.800009,1
mmlu_pro,qwen3-4b-nothink,mmlu_pro_test_00290,0,0.602811,4
mmlu_pro,qwen3-4b-nothink,mmlu_pro_test_03035,1,0.322212,4
mmlu_pro,qwen3-4b-nothink,mmlu_pro_test_05652,0,0.472013,1
mmlu_pro,qwen3-4b-nothink,mmlu_pro_test_03553,1,0.863646,2
mmlu_pro,qwen3-4b-nothink,mmlu_pro_test_07409,0,0.834927,3
mmlu_pro,qwen3-4b-nothink,mmlu_pro_test_02082,0,0.578118,1
mmlu_pro,qwen3-4b-nothink,mmlu_pro_test_11244,0,0.559443,5
mmlu_pro,qwen3-4b-nothink,mmlu_pro_test_04529,1,0.851847,5
mmlu_pro,qwen3-4b-nothink,mmlu_pro_test_00835,0,0.808548,4
mmlu_pro,qwen3-4b-nothink,mmlu_pro_test_00148,1,0.832493,1
mmlu_pro,qwen3-4b-nothink,mmlu_pro_test_01955,1,0.623299,1
mmlu_pro,qwen3-4b-nothink,mmlu_pro_test_07553,1,0.82668,2
mmlu_pro,qwen3-4b-nothink,mmlu_pro_test_02680,1,0.74615,1
mmlu_pro,qwen3-4b-nothink,mmlu_pro_test_05719,1,0.674426,5
mmlu_pro,qwen3-4b-nothink,mmlu_pro_test_05964,1,0.782695,4
mmlu_pro,qwen3-4b-nothink,mmlu_pro_test_03334,1,0.852578,2
mmlu_pro,qwen3-4b-nothink,mmlu_pro_test_09455,1,0.824479,2
mmlu_pro,qwen3-4b-nothink,mmlu_pro_test_07687,1,0.605036,1
mmlu_pro,qwen3-4b-nothink,mmlu_pro_test_02685,1,0.522682,3
mmlu_pro,qwen3-4b-nothink,mmlu_pro_test_03660,1,0.684413,3
mmlu_pro,qwen3-4b-nothink,mmlu_pro_test_00679,1,0.729745,3
mmlu_pro,qwen3-4b-nothink,mmlu_pro_test_03095,1,0.806587,4
mmlu_pro,qwen3-4b-nothink,mmlu_pro_test_03614,1,0.69283,4
mmlu_pro,qwen3-4b-nothink,mmlu_pro_test_01253,1,0.603798,5
mmlu_pro,qwen3-4b-nothink,mmlu_pro_test_04551,0,0.867122,4
mmlu_pro,qwen3-4b-nothink,mmlu_pro_test_03358,1,0.804242,3
mmlu_pro,qwen3-4b-nothink,mmlu_pro_test_06597,1,0.478301,2
mmlu_pro,qwen3-4b-nothink,mmlu_pro_test_07171,1,0.679518,2
mmlu_pro,qwen3-4b-nothink,mmlu_pro_test_12009,1,0.847061,4
mmlu_pro,qwen3-4b-nothink,mmlu_pro_test_10561,1,0.753235,4
mmlu_pro,qwen3-4b-nothink,mmlu_pro_test_10161,1,0.719955,1
mmlu_pro,qwen3-4b-nothink,mmlu_pro_test_10710,0,0.633383,5
mmlu_pro,qwen3-4b-nothink,mmlu_pro_test_10933,0,0.569021,3
mmlu_pro,qwen3-4b-nothink,mmlu_pro_test_02554,1,0.732153,4
mmlu_pro,qwen3-4b-nothink,mmlu_pro_test_00063,1,0.499274,1
mmlu_pro,qwen3-4b-nothink,mmlu_pro_test_09568,1,0.768615,5
mmlu_pro,qwen3-4b-nothink,mmlu_pro_test_05917,1,0.651335,1
mmlu_pro,qwen3-4b-nothink,mmlu_pro_test_04862,1,0.861842,2
mmlu_pro,qwen3-4b-nothink,mmlu_pro_test_02974,1,0.751827,1
mmlu_pro,qwen3-4b-nothink,mmlu_pro_test_00389,1,0.732598,5
mmlu_pro,qwen3-4b-nothink,mmlu_pro_test_10405,1,0.669285,4
mmlu_pro,qwen3-4b-nothink,mmlu_pro_test_06039,0,0.29657,3
mmlu_pro,qwen3-4b-nothink,mmlu_pro_test_05836,0,0.727948,1
mmlu_pro,qwen3-4b-nothink,mmlu_pro_test_01171,0,0.337692,1
mmlu_pro,qwen3-4b-nothink,mmlu_pro_test_03828,1,0.470082,4
mmlu_pro,qwen3-4b-nothink,mmlu_pro_test_02519,0,0.593617,4
mmlu_pro,qwen3-4b-nothink,mmlu_pro_test_04482,0,0.562156,2
mmlu_pro,qwen3-4b-nothink,mmlu_pro_test_05468,1,0.403219,4
mmlu_pro,qwen3-4b-nothink,mmlu_pro_test_02351,0,0.418085,3
mmlu_pro,qwen3-4b-nothink,mmlu_pro_test_05903,0,0.663566,3
mmlu_pro,qwen3-4b-nothink,mmlu_pro_test_08359,1,0.559507,1
mmlu_pro,qwen3-4b-nothink,mmlu_pro_test_07824,1,0.638001,3
mmlu_pro,qwen3-4b-nothink,mmlu_pro_test_00297,0,0.359584,5
mmlu_pro,qwen3-4b-nothink,mmlu_pro_test_06017,0,0.444555,5
mmlu_pro,qwen3-4b-nothink,mmlu_pro_test_02611,0,0.579251,2
mmlu_pro,qwen3-4b-nothink,mmlu_pro_test_04404,1,0.704485,3
mmlu_pro,qwen3-4b-nothink,mmlu_pro_test_05402,0,0.746528,3
mmlu_pro,qwen3-4b-nothink,mmlu_pro_test_10603,1,0.313017,3
mmlu_pro,qwen3-4b-nothink,mmlu_pro_test_08635,1,0.59747,1
mmlu_pro,qwen3-4b-nothink,mmlu_pro_test_03332,1,0.802478,3
mmlu_pro,qwen3-4b-nothink,mmlu_pro_test_02894,1,0.558861,4
mmlu_pro,qwen3-4b-nothink,mmlu_pro_test_05078,0,0.401422,4
mmlu_pro,qwen3-4b-nothink,mmlu_pro_test_08752,1,0.70979,3
mmlu_pro,qwen3-4b-nothink,mmlu_pro_test_03599,1,0.742275,2
mmlu_pro,qwen3-4b-nothink,mmlu_pro_test_06148,1,0.551546,5
mmlu_pro,qwen3-4b-nothink,mmlu_pro_test_00760,1,0.841784,5
mmlu_pro,qwen3-4b-nothink,mmlu_pro_test_04202,1,0.735039,5
mmlu_pro,qwen3-4b-nothink,mmlu_pro_test_09857,1,0.669914,5
mmlu_pro,qwen3-4b-nothink,mmlu_pro_test_08495,1,0.775341,3
mmlu_pro,qwen3-4b-nothink,mmlu_pro_test_03209,1,0.813932,5
mmlu_pro,qwen3-4b-nothink,mmlu_pro_test_11189,0,0.369649,3
mmlu_pro,qwen3-4b-nothink,mmlu_pro_test_10063,1,0.600183,2
mmlu_pro,qwen3-4b-nothink,mmlu_pro_test_00615,0,0.664203,3
mmlu_pro,qwen3-4b-nothink,mmlu_pro_test_05705,0,0.871811,3
mmlu_pro,qwen3-4b-nothink,mmlu_pro_test_07399,1,0.753265,4
mmlu_pro,qwen3-4b-nothink,mmlu_pro_test_06998,1,0.798948,5
mmlu_pro,qwen3-4b-nothink,mmlu_pro_test_09958,0,0.319409,1
mmlu_pro,qwen3-4b-nothink,mmlu_pro_test_08469,0,0.717328,1
mmlu_pro,qwen3-4b-nothink,mmlu_pro_test_01148,0,0.476156,4
mmlu_pro,qwen3-4b-nothink,mmlu_pro_test_11493,0,0.401522,2
mmlu_pro,qwen3-4b-nothink,mmlu_pro_test_05569,1,0.701238,1
mmlu_pro,qwen3-4b-nothink,mmlu_pro_test_07474,0,0.763445,5
mmlu_pro,qwen3-4b-nothink,mmlu_pro_test_07001,0,0.801151,3
mmlu_pro,qwen3-4b-nothink,mmlu_pro_test_02051,1,0.254445,4
mmlu_pro,qwen3-4b-nothink,mmlu_pro_test_08106,1,0.798916,5
mmlu_pro,qwen3-4b-nothink,mmlu_pro_test_04100,1,0.819666,3
mmlu_pro,qwen3-4b-nothink,mmlu_pro_test_09610,1,0.76092,1
mmlu_pro,qwen3-4b-nothink,mmlu_pro_test_05537,1,0.604056,3
mmlu_pro,qwen3-4b-nothink,mmlu_pro_test_11239,1,0.503766,4
mmlu_pro,qwen3-4b-nothink,mmlu_pro_test_01333,0,0.668898,3
mmlu_pro,qwen3-4b-nothink,mmlu_pro_test_06133,1,0.448458,2
mmlu_pro,qwen3-4b-nothink,mmlu_pro_test_03392,1,0.839171,3
mmlu_pro,qwen3-4b-nothink,mmlu_pro_test_05891,1,0.75769,2
mmlu_pro,qwen3-4b-nothink,mmlu_pro_test_09680,1,0.751658,4
mmlu_pro,qwen3-4b-nothink,mmlu_pro_test_07864,1,0.867433,4
mmlu_pro,qwen3-4b-nothink,mmlu_pro_test_10359,0,0.495095,3
mmlu_pro,qwen3-4b-nothink,mmlu_pro_test_09116,1,0.800862,5
mmlu_pro,qwen3-4b-nothink,mmlu_pro_test_03160,1,0.613325,3
mmlu_pro,qwen3-4b-nothink,mmlu_pro_test_05953,0,0.206984,3
mmlu_pro,qwen3-4b-nothink,mmlu_pro_test_06665,1,0.841539,3
mmlu_pro,qwen3-4b-nothink,mmlu_pro_test_01147,1,0.542729,2
mmlu_pro,qwen3-4b-nothink,mmlu_pro_test_02100,0,0.743358,1
mmlu_pro,qwen3-4b-nothink,mmlu_pro_test_03168,1,0.413137,1
mmlu_pro,qwen3-4b-nothink,mmlu_pro_test_07754,0,0.37075,4
mmlu_pro,qwen3-4b-nothink,mmlu_pro_test_09289,1,0.702904,4
mmlu_pro,qwen3-4b-nothink,mmlu_pro_test_08419,1,0.728934,1
mmlu_pro,qwen3-4b-nothink,mmlu_pro_test_08358,1,0.907587,4
mmlu_pro,qwen3-4b-nothink,mmlu_pro_test_03016,1,0.746997,3
mmlu_pro,qwen3-4b-nothink,mmlu_pro_test_10309,1,0.709399,2
mmlu_pro,qwen3-4b-nothink,mmlu_pro_test_03934,1,0.392665,4
mmlu_pro,qwen3-4b-nothink,mmlu_pro_test_03865,1,0.601715,2
mmlu_pro,qwen3-4b-nothink,mmlu_pro_test_02632,1,0.767329,1
mmlu_pro,qwen3-4b-nothink,mmlu_pro_test_00249,1,0.61336,1
mmlu_pro,qwen3-4b-nothink,mmlu_pro_test_11347,1,0.518916,1
mmlu_pro,qwen3-4b-nothink,mmlu_pro_test_11564,0,0.353349,5
mmlu_pro,qwen3-4b-nothink,mmlu_pro_test_06629,0,0.555119,2
mmlu_pro,qwen3-4b-nothink,mmlu_pro_test_07287,0,0.61214,1
mmlu_pro,qwen3-4b-nothink,mmlu_pro_test_01963,1,0.584743,3
mmlu_pro,qwen3-4b-nothink,mmlu_pro_test_02633,1,0.559146,4
mmlu_pro,qwen3-4b-nothink,mmlu_pro_test_02873,1,0.736756,1
trivia_qa,qwen3-4b-nothink,trivia_qa_validation_01109,1,0.604442,5
trivia_qa,qwen3-4b-nothink,trivia_qa_validation_01470,0,0.059161,5
trivia_qa,qwen3-4b-nothink,trivia_qa_validation_03794,1,0.4693,5
trivia_qa,qwen3-4b-nothink,trivia_qa_validation_17430,1,0.514872,5
trivia_qa,qwen3-4b-nothink,trivia_qa_validation_04391,0,0.407929,4
trivia_qa,qwen3-4b-nothink,trivia_qa_validation_02655,0,0.050993,4
trivia_qa,qwen3-4b-nothink,trivia_qa_validation_00167,0,0.600863,1
trivia_qa,qwen3-4b-nothink,trivia_qa_validation_13407,0,0.035682,2
trivia_qa,qwen3-4b-nothink,trivia_qa_validation_07784,0,0.142922,2
trivia_qa,qwen3-4b-nothink,trivia_qa_validation_02331,0,0.578693,2
trivia_qa,qwen3-4b-nothink,trivia_qa_validation_12374,1,0.441605,5
trivia_qa,qwen3-4b-nothink,trivia_qa_validation_04621,0,0.618643,2
trivia_qa,qwen3-4b-nothink,trivia_qa_validation_08546,0,0.134556,1
trivia_qa,qwen3-4b-nothink,trivia_qa_validation_14149,1,0.644417,5
trivia_qa,qwen3-4b-nothink,trivia_qa_validation_13242,0,0.264645,3
trivia_qa,qwen3-4b-nothink,trivia_qa_validation_16107,0,0.047182,4
trivia_qa,qwen3-4b-nothink,trivia_qa_validation_15389,0,0.755177,1
trivia_qa,qwen3-4b-nothink,trivia_qa_validation_04524,0,0.482114,2
trivia_qa,qwen3-4b-nothink,trivia_qa_validation_07587,0,0.350284,1
trivia_qa,qwen3-4b-nothink,trivia_qa_validation_17249,1,0.349262,1
trivia_qa,qwen3-4b-nothink,trivia_qa_validation_03990,1,0.456619,4
trivia_qa,qwen3-4b-nothink,trivia_qa_validation_07948,0,0.411325,2
trivia_qa,qwen3-4b-nothink,trivia_qa_validation_03732,1,0.695427,2
trivia_qa,qwen3-4b-nothink,trivia_qa_validation_11906,1,0.270185,2
trivia_qa,qwen3-4b-nothink,trivia_qa_validation_17663,1,0.697988,1
trivia_qa,qwen3-4b-nothink,trivia_qa_validation_14175,0,0.271007,1
trivia_qa,qwen3-4b-nothink,trivia_qa_validation_11569,0,0.379139,4
trivia_qa,qwen3-4b-nothink,trivia_qa_validation_11279,1,0.667973,2
trivia_qa,qwen3-4b-nothink,trivia_qa_validation_07694,1,0.788784,2
trivia_qa,qwen3-4b-nothink,trivia_qa_validation_10119,1,0.666188,5
trivia_qa,qwen3-4b-nothink,trivia_qa_validation_13020,1,0.599955,1
trivia_qa,qwen3-4b-nothink,trivia_qa_validation_07528,0,0.444962,3
trivia_qa,qwen3-4b-nothink,trivia_qa_validation_06018,1,0.667195,2
trivia_qa,qwen3-4b-nothink,trivia_qa_validation_09962,0,0.101303,4
trivia_qa,qwen3-4b-nothink,trivia_qa_validation_14924,0,0.417136,2
trivia_qa,qwen3-4b-nothink,trivia_qa_validation_07120,1,0.479893,5
trivia_qa,qwen3-4b-nothink,trivia_qa_validation_02562,1,0.478806,1
trivia_qa,qwen3-4b-nothink,trivia_qa_validation_03667,0,0.481373,1
trivia_qa,qwen3-4b-nothink,trivia_qa_validation_04299,0,0.653374,5
trivia_qa,qwen3-4b-nothink,trivia_qa_validation_11200,0,0.334967,4
trivia_qa,qwen3-4b-nothink,trivia_qa_validation_12688,1,0.671033,4
trivia_qa,qwen3-4b-nothink,trivia_qa_validation_09855,0,0.392741,2
trivia_qa,qwen3-4b-nothink,trivia_qa_validation_05061,1,0.478531,5
trivia_qa,qwen3-4b-nothink,trivia_qa_validation_12868,0,0.734891,4
trivia_qa,qwen3-4b-nothink,trivia_qa_validation_05181,0,0.779945,2
trivia_qa,qwen3-4b-nothink,trivia_qa_validation_11411,1,0.726305,2
trivia_qa,qwen3-4b-nothink,trivia_qa_validation_16167,0,0.216928,4
trivia_qa,qwen3-4b-nothink,trivia_qa_validation_07276,0,0.341256,4
trivia_qa,qwen3-4b-nothink,trivia_qa_validation_06309,1,0.680546,2
trivia_qa,qwen3-4b-nothink,trivia_qa_validation_02388,0,0.055564,2
trivia_qa,qwen3-4b-nothink,trivia_qa_validation_11514,0,0.028642,2
trivia_qa,qwen3-4b-nothink,trivia_qa_validation_17551,1,0.807559,1
trivia_qa,qwen3-4b-nothink,trivia_qa_validation_06082,0,0.190466,5
trivia_qa,qwen3-4b-nothink,trivia_qa_validation_06331,0,0.04628,2
trivia_qa,qwen3-4b-nothink,trivia_qa_validation_01768,1,0.753358,5
trivia_qa,qwen3-4b-nothink,trivia_qa_validation_07828,0,0.527724,1
trivia_qa,qwen3-4b-nothink,trivia_qa_validation_05245,0,0.446318,3
trivia_qa,qwen3-4b-nothink,trivia_qa_validation_00707,1,0.776815,2
trivia_qa,qwen3-4b-nothink,trivia_qa_validation_10470,0,0.173117,4
trivia_qa,qwen3-4b-nothink,trivia_qa_validation_09051,0,0.590329,2
trivia_qa,qwen3-4b-nothink,trivia_qa_validation_01134,1,0.618642,4
trivia_qa,qwen3-4b-nothink,trivia_qa_validation_07057,0,0.183931,4
trivia_qa,qwen3-4b-nothink,trivia_qa_validation_15086,1,0.659454,5
trivia_qa,qwen3-4b-nothink,trivia_qa_validation_06856,0,0.057015,4
trivia_qa,qwen3-4b-nothink,trivia_qa_validation_00992,1,0.683689,3
trivia_qa,qwen3-4b-nothink,trivia_qa_validation_08306,1,0.228197,2
trivia_qa,qwen3-4b-nothink,trivia_qa_validation_15787,1,0.232859,2
trivia_qa,qwen3-4b-nothink,trivia_qa_validation_08600,1,0.712718,3
trivia_qa,qwen3-4b-nothink,trivia_qa_validation_12223,0,0.851978,4
trivia_qa,qwen3-4b-nothink,trivia_qa_validation_10288,0,0.798735,3
trivia_qa,qwen3-4b-nothink,trivia_qa_validation_04138,1,0.437448,1
trivia_qa,qwen3-4b-nothink,trivia_qa_validation_05974,0,0.768064,2
trivia_qa,qwen3-4b-nothink,trivia_qa_validation_09595,1,0.766715,2
trivia_qa,qwen3-4b-nothink,trivia_qa_validation_14968,1,0.725257,2
trivia_qa,qwen3-4b-nothink,trivia_qa_validation_07189,1,0.692755,1
trivia_qa,qwen3-4b-nothink,trivia_qa_validation_17148,0,0.388356,4
trivia_qa,qwen3-4b-nothink,trivia_qa_validation_08616,0,0.55684,2
trivia_qa,qwen3-4b-nothink,trivia_qa_validation_10437,1,0.81289,1
trivia_qa,qwen3-4b-nothink,trivia_qa_validation_01348,1,0.34367,4
trivia_qa,qwen3-4b-nothink,trivia_qa_validation_05378,0,0.42329,5
trivia_qa,qwen3-4b-nothink,trivia_qa_validation_04789,1,0.380778,4
trivia_qa,qwen3-4b-nothink,trivia_qa_validation_07367,0,0.779504,5
trivia_qa,qwen3-4b-nothink,trivia_qa_validation_08505,0,0.127999,2
trivia_qa,qwen3-4b-nothink,trivia_qa_validation_14168,0,0.321004,4
trivia_qa,qwen3-4b-nothink,trivia_qa_validation_06174,0,0.037857,5
trivia_qa,qwen3-4b-nothink,trivia_qa_validation_06963,1,0.08599,5
trivia_qa,qwen3-4b-nothink,trivia_qa_validation_03853,0,0.234547,3
trivia_qa,qwen3-4b-nothink,trivia_qa_validation_15639,0,0.08941,3
trivia_qa,qwen3-4b-nothink,trivia_qa_validation_16501,0,0.052807,2
trivia_qa,qwen3-4b-nothink,trivia_qa_validation_06651,1,0.182502,3
trivia_qa,qwen3-4b-nothink,trivia_qa_validation_13081,0,0.699661,1
trivia_qa,qwen3-4b-nothink,trivia_qa_validation_03557,1,0.199503,5
trivia_qa,qwen3-4b-nothink,trivia_qa_validation_02866,1,0.673064,1
trivia_qa,qwen3-4b-nothink,trivia_qa_validation_01079,0,0.237882,1
trivia_qa,qwen3-4b-nothink,trivia_qa_validation_07959,0,0.781734,2
trivia_qa,qwen3-4b-nothink,trivia_qa_validation_01227,1,0.68538,4
trivia_qa,qwen3-4b-nothink,trivia_qa_validation_09862,0,0.238087,3
trivia_qa,qwen3-4b-nothink,trivia_qa_validation_07086,0,0.628352,1
trivia_qa,qwen3-4b-nothink,trivia_qa_validation_07099,1,0.551531,1
trivia_qa,qwen3-4b-nothink,trivia_qa_validation_03628,0,0.715425,3
trivia_qa,qwen3-4b-nothink,trivia_qa_validation_00007,0,0.124195,5
trivia_qa,qwen3-4b-nothink,trivia_qa_validation_11597,1,0.595054,4
trivia_qa,qwen3-4b-nothink,trivia_qa_validation_17346,0,0.490563,1
trivia_qa,qwen3-4b-nothink,trivia_qa_validation_07893,1,0.769279,4
trivia_qa,qwen3-4b-nothink,trivia_qa_validation_16320,0,0.242044,1
trivia_qa,qwen3-4b-nothink,trivia_qa_validation_07580,0,0.350809,3
trivia_qa,qwen3-4b-nothink,trivia_qa_validation_05626,0,0.067456,2
trivia_qa,qwen3-4b-nothink,trivia_qa_validation_14109,0,0.19199,5
trivia_qa,qwen3-4b-nothink,trivia_qa_validation_13294,0,0.760851,5
trivia_qa,qwen3-4b-nothink,trivia_qa_validation_16883,1,0.792245,2
trivia_qa,qwen3-4b-nothink,trivia_qa_validation_14588,0,0.349298,3
trivia_qa,qwen3-4b-nothink,trivia_qa_validation_06845,1,0.788238,4
trivia_qa,qwen3-4b-nothink,trivia_qa_validation_00556,0,0.129191,1
trivia_qa,qwen3-4b-nothink,trivia_qa_validation_06013,0,0.496658,5
trivia_qa,qwen3-4b-nothink,trivia_qa_validation_13577,1,0.773533,3
trivia_qa,qwen3-4b-nothink,trivia_qa_validation_17892,1,0.755177,4
trivia_qa,qwen3-4b-nothink,trivia_qa_validation_16619,1,0.487282,5
trivia_qa,qwen3-4b-nothink,trivia_qa_validation_16346,1,0.646673,3
trivia_qa,qwen3-4b-nothink,trivia_qa_validation_17493,1,0.07009,5
trivia_qa,qwen3-4b-nothink,trivia_qa_validation_06472,1,0.782686,5
trivia_qa,qwen3-4b-nothink,trivia_qa_validation_12409,0,0.197284,5
trivia_qa,qwen3-4b-nothink,trivia_qa_validation_13085,0,0.412909,1
trivia_qa,qwen3-4b-nothink,trivia_qa_validation_13882,0,0.808903,1
trivia_qa,qwen3-4b-nothink,trivia_qa_validation_02030,0,0.686763,4
trivia_qa,qwen3-4b-nothink,trivia_qa_validation_02558,0,0.794736,4
trivia_qa,qwen3-4b-nothink,trivia_qa_validation_09754,1,0.760641,4
trivia_qa,qwen3-4b-nothink,trivia_qa_validation_05365,0,0.089472,1
trivia_qa,qwen3-4b-nothink,trivia_qa_validation_03930,0,0.246974,3
trivia_qa,qwen3-4b-nothink,trivia_qa_validation_17373,0,0.64763,4
trivia_qa,qwen3-4b-nothink,trivia_qa_validation_00354,0,0.30369,5
trivia_qa,qwen3-4b-nothink,trivia_qa_validation_14823,1,0.768781,3
trivia_qa,qwen3-4b-nothink,trivia_qa_validation_11064,0,0.085088,4
trivia_qa,qwen3-4b-nothink,trivia_qa_validation_14595,1,0.649418,1
trivia_qa,qwen3-4b-nothink,trivia_qa_validation_00743,1,0.613506,1
trivia_qa,qwen3-4b-nothink,trivia_qa_validation_02892,1,0.75304,2
trivia_qa,qwen3-4b-nothink,trivia_qa_validation_17899,0,0.688376,2
trivia_qa,qwen3-4b-nothink,trivia_qa_validation_10125,1,0.627512,1
trivia_qa,qwen3-4b-nothink,trivia_qa_validation_11686,1,0.796548,1
trivia_qa,qwen3-4b-nothink,trivia_qa_validation_16317,1,0.756191,5
trivia_qa,qwen3-4b-nothink,trivia_qa_validation_12332,1,0.652741,1
trivia_qa,qwen3-4b-nothink,trivia_qa_validation_03235,0,0.589607,1
trivia_qa,qwen3-4b-nothink,trivia_qa_validation_15146,1,0.79396,2
trivia_qa,qwen3-4b-nothink,trivia_qa_validation_07402,1,0.799782,3
trivia_qa,qwen3-4b-nothink,trivia_qa_validation_01772,1,0.611021,5
trivia_qa,qwen3-4b-nothink,trivia_qa_validation_04069,1,0.06641,4
trivia_qa,qwen3-4b-nothink,trivia_qa_validation_11524,0,0.147971,2
trivia_qa,qwen3-4b-nothink,trivia_qa_validation_17778,0,0.492619,3
trivia_qa,qwen3-4b-nothink,trivia_qa_validation_04834,1,0.344578,1
trivia_qa,qwen3-4b-nothink,trivia_qa_validation_03380,1,0.523811,1
trivia_qa,qwen3-4b-nothink,trivia_qa_validation_13761,1,0.325277,1
trivia_qa,qwen3-4b-nothink,trivia_qa_validation_07059,0,0.014469,4
trivia_qa,qwen3-4b-nothink,trivia_qa_validation_00437,0,0.803484,1
trivia_qa,qwen3-4b-nothink,trivia_qa_validation_04003,0,0.253207,5
trivia_qa,qwen3-4b-nothink,trivia_qa_validation_02667,0,0.271531,3
trivia_qa,qwen3-4b-nothink,trivia_qa_validation_04104,0,0.415691,4
trivia_qa,qwen3-4b-nothink,trivia_qa_validation_16915,0,0.089986,2
trivia_qa,qwen3-4b-nothink,trivia_qa_validation_10323,0,0.598703,3
trivia_qa,qwen3-4b-nothink,trivia_qa_validation_12112,0,0.168982,4
trivia_qa,qwen3-4b-nothink,trivia_qa_validation_17283,0,0.669481,3
trivia_qa,qwen3-4b-nothink,trivia_qa_validation_02696,1,0.404911,2
trivia_qa,qwen3-4b-nothink,trivia_qa_validation_01826,1,0.612671,1
trivia_qa,qwen3-4b-nothink,trivia_qa_validation_10310,0,0.014421,1
trivia_qa,qwen3-4b-nothink,trivia_qa_validation_02645,0,0.224449,3
trivia_qa,qwen3-4b-nothink,trivia_qa_validation_11547,0,0.070209,4
trivia_qa,qwen3-4b-nothink,trivia_qa_validation_15114,0,0.172098,3
trivia_qa,qwen3-4b-nothink,trivia_qa_validation_14340,0,0.151719,5
trivia_qa,qwen3-4b-nothink,trivia_qa_validation_00285,0,0.178015,1
trivia_qa,qwen3-4b-nothink,trivia_qa_validation_14573,1,0.672496,1
trivia_qa,qwen3-4b-nothink,trivia_qa_validation_07158,0,0.793439,3
trivia_qa,qwen3-4b-nothink,trivia_qa_validation_07315,1,0.800732,1
trivia_qa,qwen3-4b-nothink,trivia_qa_validation_07320,1,0.617656,2
trivia_qa,qwen3-4b-nothink,trivia_qa_validation_13922,0,0.576628,1
trivia_qa,qwen3-4b-nothink,trivia_qa_validation_11533,1,0.386693,1
trivia_qa,qwen3-4b-nothink,trivia_qa_validation_00248,1,0.570429,1
trivia_qa,qwen3-4b-nothink,trivia_qa_validation_10030,0,0.525866,3
trivia_qa,qwen3-4b-nothink,trivia_qa_validation_14521,1,0.311695,3
trivia_qa,qwen3-4b-nothink,trivia_qa_validation_05091,1,0.356151,5
trivia_qa,qwen3-4b-nothink,trivia_qa_validation_14753,0,0.120638,3
trivia_qa,qwen3-4b-nothink,trivia_qa_validation_02624,0,0.033464,5
trivia_qa,qwen3-4b-nothink,trivia_qa_validation_01668,1,0.753375,1
trivia_qa,qwen3-4b-nothink,trivia_qa_validation_01359,1,0.476228,4
trivia_qa,qwen3-4b-nothink,trivia_qa_validation_04596,1,0.726732,2
trivia_qa,qwen3-4b-nothink,trivia_qa_validation_17637,1,0.551595,3
trivia_qa,qwen3-4b-nothink,trivia_qa_validation_17819,1,0.731103,3
trivia_qa,qwen3-4b-nothink,trivia_qa_validation_07547,0,0.152715,1
trivia_qa,qwen3-4b-nothink,trivia_qa_validation_08170,1,0.776045,3
trivia_qa,qwen3-4b-nothink,trivia_qa_validation_06812,0,0.031129,5
trivia_qa,qwen3-4b-nothink,trivia_qa_validation_08506,0,0.192392,4
trivia_qa,qwen3-4b-nothink,trivia_qa_validation_07645,0,0.043831,3
trivia_qa,qwen3-4b-nothink,trivia_qa_validation_11081,0,0.387785,5
trivia_qa,qwen3-4b-nothink,trivia_qa_validation_12656,1,0.523429,3
trivia_qa,qwen3-4b-nothink,trivia_qa_validation_07327,1,0.593661,1
trivia_qa,qwen3-4b-nothink,trivia_qa_validation_17516,0,0.47566,4
trivia_qa,qwen3-4b-nothink,trivia_qa_validation_07022,1,0.526384,1
trivia_qa,qwen3-4b-nothink,trivia_qa_validation_04357,1,0.482544,3
trivia_qa,qwen3-4b-nothink,trivia_qa_validation_14731,0,0.551697,3
trivia_qa,qwen3-4b-nothink,trivia_qa_validation_10475,0,0.232249,3
trivia_qa,qwen3-4b-nothink,trivia_qa_validation_17744,0,0.076699,5
trivia_qa,qwen3-4b-nothink,trivia_qa_validation_01812,1,0.67484,5
trivia_qa,qwen3-4b-nothink,trivia_qa_validation_16058,1,0.806993,3
trivia_qa,qwen3-4b-nothink,trivia_qa_validation_02111,0,0.314751,5
trivia_qa,qwen3-4b-nothink,trivia_qa_validation_00115,0,0.076724,2
trivia_qa,qwen3-4b-nothink,trivia_qa_validation_12647,1,0.779505,5
trivia_qa,qwen3-4b-nothink,trivia_qa_validation_05643,0,0.255435,1
trivia_qa,qwen3-4b-nothink,trivia_qa_validation_16766,0,0.095695,1
trivia_qa,qwen3-4b-nothink,trivia_qa_validation_14883,0,0.176979,1
trivia_qa,qwen3-4b-nothink,trivia_qa_validation_08242,0,0.04926,1
trivia_qa,qwen3-4b-nothink,trivia_qa_validation_13284,0,0.445852,2
trivia_qa,qwen3-4b-nothink,trivia_qa_validation_16621,0,0.117562,2
trivia_qa,qwen3-4b-nothink,trivia_qa_validation_10004,0,0.046412,5
trivia_qa,qwen3-4b-nothink,trivia_qa_validation_16699,0,0.116431,1
trivia_qa,qwen3-4b-nothink,trivia_qa_validation_09986,1,0.583195,5
trivia_qa,qwen3-4b-nothink,trivia_qa_validation_17420,0,0.437877,5
trivia_qa,qwen3-4b-nothink,trivia_qa_validation_01836,0,0.52052,5
trivia_qa,qwen3-4b-nothink,trivia_qa_validation_07897,0,0.08593,2
trivia_qa,qwen3-4b-nothink,trivia_qa_validation_16863,0,0.07063,1
trivia_qa,qwen3-4b-nothink,trivia_qa_validation_12602,0,0.313824,3
trivia_qa,qwen3-4b-nothink,trivia_qa_validation_00593,1,0.686182,4
trivia_qa,qwen3-4b-nothink,trivia_qa_validation_02317,1,0.231699,1
trivia_qa,qwen3-4b-nothink,trivia_qa_validation_10344,0,0.263045,3
trivia_qa,qwen3-4b-nothink,trivia_qa_validation_03416,1,0.501021,1
trivia_qa,qwen3-4b-nothink,trivia_qa_validation_16755,0,0.306899,4
trivia_qa,qwen3-4b-nothink,trivia_qa_validation_16919,0,0.451856,4
trivia_qa,qwen3-4b-nothink,trivia_qa_validation_06491,0,0.087703,5
trivia_qa,qwen3-4b-nothink,trivia_qa_validation_03355,0,0.021188,2
trivia_qa,qwen3-4b-nothink,trivia_qa_validation_05462,0,0.348102,3
trivia_qa,qwen3-4b-nothink,trivia_qa_validation_05589,0,0.156002,4
trivia_qa,qwen3-4b-nothink,trivia_qa_validation_05583,0,0.258882,2
trivia_qa,qwen3-4b-nothink,trivia_qa_validation_12465,1,0.639129,4
trivia_qa,qwen3-4b-nothink,trivia_qa_validation_03861,0,0.53127,2
trivia_qa,qwen3-4b-nothink,trivia_qa_validation_15751,1,0.754032,1
trivia_qa,qwen3-4b-nothink,trivia_qa_validation_15744,0,0.75898,3
trivia_qa,qwen3-4b-nothink,trivia_qa_validation_01891,0,0.323878,3
trivia_qa,qwen3-4b-nothink,trivia_qa_validation_15454,0,0.042867,5
trivia_qa,qwen3-4b-nothink,trivia_qa_validation_13058,0,0.205372,5
trivia_qa,qwen3-4b-nothink,trivia_qa_validation_02379,0,0.348836,3
trivia_qa,qwen3-4b-nothink,trivia_qa_validation_13834,0,0.580712,5
trivia_qa,qwen3-4b-nothink,trivia_qa_validation_10481,0,0.054226,1
trivia_qa,qwen3-4b-nothink,trivia_qa_validation_04100,1,0.704578,5
trivia_qa,qwen3-4b-nothink,trivia_qa_validation_13536,1,0.778098,5
trivia_qa,qwen3-4b-nothink,trivia_qa_validation_04424,1,0.658833,1
trivia_qa,qwen3-4b-nothink,trivia_qa_validation_12939,0,0.241364,3
trivia_qa,qwen3-4b-nothink,trivia_qa_validation_07416,1,0.627428,4
trivia_qa,qwen3-4b-nothink,trivia_qa_validation_02273,0,0.083639,5
trivia_qa,qwen3-4b-nothink,trivia_qa_validation_09192,1,0.647606,4
trivia_qa,qwen3-4b-nothink,trivia_qa_validation_01170,1,0.524281,2
trivia_qa,qwen3-4b-nothink,trivia_qa_validation_14424,1,0.178093,3
trivia_qa,qwen3-4b-nothink,trivia_qa_validation_04291,0,0.125678,5
trivia_qa,qwen3-4b-nothink,trivia_qa_validation_16467,0,0.753863,2
trivia_qa,qwen3-4b-nothink,trivia_qa_validation_00715,0,0.566855,2
trivia_qa,qwen3-4b-nothink,trivia_qa_validation_00283,1,0.578776,4
trivia_qa,qwen3-4b-nothink,trivia_qa_validation_02416,0,0.050018,2
trivia_qa,qwen3-4b-nothink,trivia_qa_validation_00270,1,0.601452,5
trivia_qa,qwen3-4b-nothink,trivia_qa_validation_12272,0,0.701018,1
trivia_qa,qwen3-4b-nothink,trivia_qa_validation_10201,0,0.373594,5
trivia_qa,qwen3-4b-nothink,trivia_qa_validation_08707,1,0.737362,5
trivia_qa,qwen3-4b-nothink,trivia_qa_validation_10204,0,0.715325,1
trivia_qa,qwen3-4b-nothink,trivia_qa_validation_04236,0,0.364457,5
trivia_qa,qwen3-4b-nothink,trivia_qa_validation_00545,0,0.304421,1
trivia_qa,qwen3-4b-nothink,trivia_qa_validation_13981,1,0.073294,5
trivia_qa,qwen3-4b-nothink,trivia_qa_validation_06747,1,0.347163,2
trivia_qa,qwen3-4b-nothink,trivia_qa_validation_09686,0,0.637587,2
trivia_qa,qwen3-4b-nothink,trivia_qa_validation_11251,1,0.790374,3
trivia_qa,qwen3-4b-nothink,trivia_qa_validation_15865,1,0.567784,2
trivia_qa,qwen3-4b-nothink,trivia_qa_validation_12733,1,0.746178,2
trivia_qa,qwen3-4b-nothink,trivia_qa_validation_16908,0,0.550247,3
trivia_qa,qwen3-4b-nothink,trivia_qa_validation_09434,0,0.11016,1
trivia_qa,qwen3-4b-nothink,trivia_qa_validation_04837,1,0.591155,3
trivia_qa,qwen3-4b-nothink,trivia_qa_validation_15515,1,0.525086,1
trivia_qa,qwen3-4b-nothink,trivia_qa_validation_16047,0,0.374802,1
trivia_qa,qwen3-4b-nothink,trivia_qa_validation_04863,1,0.579729,4
trivia_qa,qwen3-4b-nothink,trivia_qa_validation_14642,0,0.392692,5
trivia_qa,qwen3-4b-nothink,trivia_qa_validation_16744,0,0.658304,1
trivia_qa,qwen3-4b-nothink,trivia_qa_validation_01288,0,0.411407,3
trivia_qa,qwen3-4b-nothink,trivia_qa_validation_15941,1,0.371233,5
trivia_qa,qwen3-4b-nothink,trivia_qa_validation_14754,0,0.451678,2
trivia_qa,qwen3-4b-nothink,trivia_qa_validation_06632,1,0.433332,4
trivia_qa,qwen3-4b-nothink,trivia_qa_validation_02737,0,0.780068,3
trivia_qa,qwen3-4b-nothink,trivia_qa_validation_00636,1,0.615293,2
trivia_qa,qwen3-4b-nothink,trivia_qa_validation_02472,1,0.638906,3
trivia_qa,qwen3-4b-nothink,trivia_qa_validation_08712,1,0.768549,1
trivia_qa,qwen3-4b-nothink,trivia_qa_validation_04202,1,0.594134,4
trivia_qa,qwen3-4b-nothink,trivia_qa_validation_12330,1,0.560212,2
trivia_qa,qwen3-4b-nothink,trivia_qa_validation_17220,0,0.333428,3
trivia_qa,qwen3-4b-nothink,trivia_qa_validation_06955,0,0.15836,5
trivia_qa,qwen3-4b-nothink,trivia_qa_validation_15566,0,0.209703,2
trivia_qa,qwen3-4b-nothink,trivia_qa_validation_10936,1,0.640224,1
trivia_qa,qwen3-4b-nothink,trivia_qa_validation_02186,0,0.133302,3
trivia_qa,qwen3-4b-nothink,trivia_qa_validation_10355,0,0.38439,5
trivia_qa,qwen3-4b-nothink,trivia_qa_validation_06069,0,0.485554,4
trivia_qa,qwen3-4b-nothink,trivia_qa_validation_04587,0,0.48582,1
trivia_qa,qwen3-4b-nothink,trivia_qa_validation_11038,1,0.317678,1
trivia_qa,qwen3-4b-nothink,trivia_qa_validation_00722,1,0.291044,5
trivia_qa,qwen3-4b-nothink,trivia_qa_validation_10575,1,0.24239,1
trivia_qa,qwen3-4b-nothink,trivia_qa_validation_14394,0,0.704326,3
trivia_qa,qwen3-4b-nothink,trivia_qa_validation_14904,1,0.164587,3
trivia_qa,qwen3-4b-nothink,trivia_qa_validation_17874,1,0.514088,1
trivia_qa,qwen3-4b-nothink,trivia_qa_validation_04795,0,0.404553,4
trivia_qa,qwen3-4b-nothink,trivia_qa_validation_10105,0,0.113657,1
trivia_qa,qwen3-4b-nothink,trivia_qa_validation_05520,0,0.402858,3
trivia_qa,qwen3-4b-nothink,trivia_qa_validation_13652,1,0.020115,3
trivia_qa,qwen3-4b-nothink,trivia_qa_validation_03711,0,0.525581,1
trivia_qa,qwen3-4b-nothink,trivia_qa_validation_11604,0,0.071672,3
trivia_qa,qwen3-4b-nothink,trivia_qa_validation_13932,0,0.05997,3
trivia_qa,qwen3-4b-nothink,trivia_qa_validation_04772,0,0.402958,3
trivia_qa,qwen3-4b-nothink,trivia_qa_validation_12312,1,0.603644,5
trivia_qa,qwen3-4b-nothink,trivia_qa_validation_00143,0,0.226859,1
trivia_qa,qwen3-4b-nothink,trivia_qa_validation_05430,0,0.439548,4
trivia_qa,qwen3-4b-nothink,trivia_qa_validation_07902,0,0.012834,5
trivia_qa,qwen3-4b-nothink,trivia_qa_validation_02704,0,0.592727,2
trivia_qa,qwen3-4b-nothink,trivia_qa_validation_03370,1,0.801085,4
trivia_qa,qwen3-4b-nothink,trivia_qa_validation_09132,0,0.105936,5
trivia_qa,qwen3-4b-nothink,trivia_qa_validation_10486,0,0.10582,4
trivia_qa,qwen3-4b-nothink,trivia_qa_validation_05398,0,0.024264,2
trivia_qa,qwen3-4b-nothink,trivia_qa_validation_14741,0,0.525953,1
trivia_qa,qwen3-4b-nothink,trivia_qa_validation_00484,0,0.208549,2
trivia_qa,qwen3-4b-nothink,trivia_qa_validation_02728,1,0.593464,3
trivia_qa,qwen3-4b-nothink,trivia_qa_validation_06667,0,0.403498,3
trivia_qa,qwen3-4b-nothink,trivia_qa_validation_02265,0,0.660167,3
trivia_qa,qwen3-4b-nothink,trivia_qa_validation_10405,0,0.135845,4
trivia_qa,qwen3-4b-nothink,trivia_qa_validation_00148,1,0.610913,2
trivia_qa,qwen3-4b-nothink,trivia_qa_validation_14527,0,0.316566,3
trivia_qa,qwen3-4b-nothink,trivia_qa_validation_04829,1,0.447782,4
trivia_qa,qwen3-4b-nothink,trivia_qa_validation_14601,0,0.180154,3
trivia_qa,qwen3-4b-nothink,trivia_qa_validation_07232,1,0.736723,2
trivia_qa,qwen3-4b-nothink,trivia_qa_validation_14234,1,0.804954,3
trivia_qa,qwen3-4b-nothink,trivia_qa_validation_03932,0,0.245651,5
trivia_qa,qwen3-4b-nothink,trivia_qa_validation_05020,1,0.161512,3
trivia_qa,qwen3-4b-nothink,trivia_qa_validation_05092,0,0.550398,3
trivia_qa,qwen3-4b-nothink,trivia_qa_validation_07151,1,0.637361,5
trivia_qa,qwen3-4b-nothink,trivia_qa_validation_04086,0,0.24729,1
trivia_qa,qwen3-4b-nothink,trivia_qa_validation_15597,0,0.085353,5
trivia_qa,qwen3-4b-nothink,trivia_qa_validation_04148,1,0.169885,3
trivia_qa,qwen3-4b-nothink,trivia_qa_validation_02766,1,0.411546,2
trivia_qa,qwen3-4b-nothink,trivia_qa_validation_07242,0,0.149209,5
trivia_qa,qwen3-4b-nothink,trivia_qa_validation_00160,0,0.090464,4
trivia_qa,qwen3-4b-nothink,trivia_qa_validation_08757,1,0.712966,3
trivia_qa,qwen3-4b-nothink,trivia_qa_validation_15944,1,0.56772,4
trivia_qa,qwen3-4b-nothink,trivia_qa_validation_03325,0,0.73856,4
trivia_qa,qwen3-4b-nothink,trivia_qa_validation_03466,0,0.487151,5
trivia_qa,qwen3-4b-nothink,trivia_qa_validation_04152,0,0.510658,3
trivia_qa,qwen3-4b-nothink,trivia_qa_validation_08334,0,0.697726,3
trivia_qa,qwen3-4b-nothink,trivia_qa_validation_12413,0,0.046827,4
trivia_qa,qwen3-4b-nothink,trivia_qa_validation_02300,1,0.78361,1
trivia_qa,qwen3-4b-nothink,trivia_qa_validation_08500,0,0.226937,5
trivia_qa,qwen3-4b-nothink,trivia_qa_validation_10340,0,0.158226,1
trivia_qa,qwen3-4b-nothink,trivia_qa_validation_12394,0,0.292904,4
trivia_qa,qwen3-4b-nothink,trivia_qa_validation_03713,0,0.320141,3
trivia_qa,qwen3-4b-nothink,trivia_qa_validation_11027,1,0.72058,5
trivia_qa,qwen3-4b-nothink,trivia_qa_validation_08979,0,0.0304,2
trivia_qa,qwen3-4b-nothink,trivia_qa_validation_06209,1,0.787036,2
trivia_qa,qwen3-4b-nothink,trivia_qa_validation_01498,0,0.090435,2
trivia_qa,qwen3-4b-nothink,trivia_qa_validation_16056,0,0.630796,4
trivia_qa,qwen3-4b-nothink,trivia_qa_validation_09720,1,0.746948,3
trivia_qa,qwen3-4b-nothink,trivia_qa_validation_16784,1,0.717239,3
trivia_qa,qwen3-4b-nothink,trivia_qa_validation_03661,0,0.077156,5
trivia_qa,qwen3-4b-nothink,trivia_qa_validation_17758,1,0.73248,2
trivia_qa,qwen3-4b-nothink,trivia_qa_validation_11813,1,0.584473,3
trivia_qa,qwen3-4b-nothink,trivia_qa_validation_11982,0,0.277556,3
trivia_qa,qwen3-4b-nothink,trivia_qa_validation_13147,1,0.541031,5
trivia_qa,qwen3-4b-nothink,trivia_qa_validation_03883,1,0.309346,5
trivia_qa,qwen3-4b-nothink,trivia_qa_validation_00710,1,0.154215,1
trivia_qa,qwen3-4b-nothink,trivia_qa_validation_01443,0,0.655597,1
trivia_qa,qwen3-4b-nothink,trivia_qa_validation_02550,1,0.74454,2
trivia_qa,qwen3-4b-nothink,trivia_qa_validation_00348,0,0.412606,4
trivia_qa,qwen3-4b-nothink,trivia_qa_validation_05540,1,0.584521,5
trivia_qa,qwen3-4b-nothink,trivia_qa_validation_17936,0,0.599542,5
trivia_qa,qwen3-4b-nothink,trivia_qa_validation_04756,1,0.657033,3
trivia_qa,qwen3-4b-nothink,trivia_qa_validation_01754,0,0.540019,3
trivia_qa,qwen3-4b-nothink,trivia_qa_validation_01899,0,0.098343,4
trivia_qa,qwen3-4b-nothink,trivia_qa_validation_00420,0,0.218287,3
trivia_qa,qwen3-4b-nothink,trivia_qa_validation_01711,1,0.739021,3
trivia_qa,qwen3-4b-nothink,trivia_qa_validation_13181,1,0.675049,5
trivia_qa,qwen3-4b-nothink,trivia_qa_validation_15521,1,0.512279,1
trivia_qa,qwen3-4b-nothink,trivia_qa_validation_11277,1,0.594912,2
trivia_qa,qwen3-4b-nothink,trivia_qa_validation_03142,1,0.632322,4
trivia_qa,qwen3-4b-nothink,trivia_qa_validation_17657,0,0.74563,4
trivia_qa,qwen3-4b-nothink,trivia_qa_validation_04364,1,0.217497,4
trivia_qa,qwen3-4b-nothink,trivia_qa_validation_03140,1,0.635873,1
trivia_qa,qwen3-4b-nothink,trivia_qa_validation_06689,0,0.125979,5
trivia_qa,qwen3-4b-nothink,trivia_qa_validation_15502,1,0.798382,4
trivia_qa,qwen3-4b-nothink,trivia_qa_validation_14235,1,0.782026,4
trivia_qa,qwen3-4b-nothink,trivia_qa_validation_00418,0,0.026339,3
trivia_qa,qwen3-4b-nothink,trivia_qa_validation_14036,0,0.134634,4
trivia_qa,qwen3-4b-nothink,trivia_qa_validation_12824,0,0.209927,1
trivia_qa,qwen3-4b-nothink,trivia_qa_validation_00649,0,0.364289,1
trivia_qa,qwen3-4b-nothink,trivia_qa_validation_08477,0,0.227153,5
trivia_qa,qwen3-4b-nothink,trivia_qa_validation_05433,0,0.402451,3
trivia_qa,qwen3-4b-nothink,trivia_qa_validation_15011,0,0.750034,4
trivia_qa,qwen3-4b-nothink,trivia_qa_validation_02765,0,0.049791,1
trivia_qa,qwen3-4b-nothink,trivia_qa_validation_11178,0,0.096114,2
trivia_qa,qwen3-4b-nothink,trivia_qa_validation_08194,1,0.676903,2
trivia_qa,qwen3-4b-nothink,trivia_qa_validation_13169,0,0.274373,3
trivia_qa,qwen3-4b-nothink,trivia_qa_validation_12626,0,0.005819,2
trivia_qa,qwen3-4b-nothink,trivia_qa_validation_09431,0,0.105506,1
trivia_qa,qwen3-4b-nothink,trivia_qa_validation_00109,0,0.491817,2
trivia_qa,qwen3-4b-nothink,trivia_qa_validation_08678,1,0.734347,2
trivia_qa,qwen3-4b-nothink,trivia_qa_validation_06127,1,0.403404,1
trivia_qa,qwen3-4b-nothink,trivia_qa_validation_13219,0,0.254971,5
trivia_qa,qwen3-4b-nothink,trivia_qa_validation_04599,0,0.782137,1
trivia_qa,qwen3-4b-nothink,trivia_qa_validation_01994,0,0.163566,2
trivia_qa,qwen3-4b-nothink,trivia_qa_validation_12224,1,0.468459,4
trivia_qa,qwen3-4b-nothink,trivia_qa_validation_15179,0,0.099792,5
trivia_qa,qwen3-4b-nothink,trivia_qa_validation_07641,1,0.504602,2
trivia_qa,qwen3-4b-nothink,trivia_qa_validation_02282,1,0.562624,1
trivia_qa,qwen3-4b-nothink,trivia_qa_validation_04513,1,0.773812,4
trivia_qa,qwen3-4b-nothink,trivia_qa_validation_01366,0,0.040122,5
trivia_qa,qwen3-4b-nothink,trivia_qa_validation_07458,0,0.565903,2
trivia_qa,qwen3-4b-nothink,trivia_qa_validation_01883,1,0.200694,4
trivia_qa,qwen3-4b-nothink,trivia_qa_validation_14255,1,0.802897,3
trivia_qa,qwen3-4b-nothink,trivia_qa_validation_00591,0,0.713382,4
trivia_qa,qwen3-4b-nothink,trivia_qa_validation_10818,0,0.353354,5
trivia_qa,qwen3-4b-nothink,trivia_qa_validation_13177,0,0.376354,1
trivia_qa,qwen3-4b-nothink,trivia_qa_validation_08933,0,0.003678,3
trivia_qa,qwen3-4b-nothink,trivia_qa_validation_16046,1,0.372734,5
trivia_qa,qwen3-4b-nothink,trivia_qa_validation_11077,0,0.180626,4
trivia_qa,qwen3-4b-nothink,trivia_qa_validation_16190,0,0.552582,3
trivia_qa,qwen3-4b-nothink,trivia_qa_validation_14999,1,0.326598,3
trivia_qa,qwen3-4b-nothink,trivia_qa_validation_01906,0,0.094605,2
trivia_qa,qwen3-4b-nothink,trivia_qa_validation_14350,1,0.330792,3
trivia_qa,qwen3-4b-nothink,trivia_qa_validation_13361,1,0.427131,3
trivia_qa,qwen3-4b-nothink,trivia_qa_validation_08206,0,0.547216,3
trivia_qa,qwen3-4b-nothink,trivia_qa_validation_06733,0,0.090677,3
trivia_qa,qwen3-4b-nothink,trivia_qa_validation_10955,1,0.801862,3
trivia_qa,qwen3-4b-nothink,trivia_qa_validation_03780,1,0.432436,2
trivia_qa,qwen3-4b-nothink,trivia_qa_validation_03600,1,0.532855,5
trivia_qa,qwen3-4b-nothink,trivia_qa_validation_13199,1,0.422852,2
trivia_qa,qwen3-4b-nothink,trivia_qa_validation_00375,1,0.625611,2
trivia_qa,qwen3-4b-nothink,trivia_qa_validation_03752,1,0.661076,3
trivia_qa,qwen3-4b-nothink,trivia_qa_validation_10641,1,0.797358,2
trivia_qa,qwen3-4b-nothink,trivia_qa_validation_06744,1,0.676652,1
trivia_qa,qwen3-4b-nothink,trivia_qa_validation_01081,1,0.527604,2
trivia_qa,qwen3-4b-nothink,trivia_qa_validation_10157,0,0.326666,3
trivia_qa,qwen3-4b-nothink,trivia_qa_validation_03172,0,0.462296,2
trivia_qa,qwen3-4b-nothink,trivia_qa_validation_17673,1,0.497123,2
trivia_qa,qwen3-4b-nothink,trivia_qa_validation_14895,0,0.298967,4
trivia_qa,qwen3-4b-nothink,trivia_qa_validation_00064,0,0.346176,1
trivia_qa,qwen3-4b-nothink,trivia_qa_validation_00787,0,0.384299,2
trivia_qa,qwen3-4b-nothink,trivia_qa_validation_08496,1,0.427398,2
trivia_qa,qwen3-4b-nothink,trivia_qa_validation_06234,1,0.209116,5
trivia_qa,qwen3-4b-nothink,trivia_qa_validation_00277,1,0.759465,2
trivia_qa,qwen3-4b-nothink,trivia_qa_validation_04031,1,0.413882,4
trivia_qa,qwen3-4b-nothink,trivia_qa_validation_04619,1,0.622081,1
trivia_qa,qwen3-4b-nothink,trivia_qa_validation_09944,0,0.634457,1
trivia_qa,qwen3-4b-nothink,trivia_qa_validation_10365,1,0.249798,1
trivia_qa,qwen3-4b-nothink,trivia_qa_validation_04211,1,0.799344,1
trivia_qa,qwen3-4b-nothink,trivia_qa_validation_01224,1,0.79396,2
trivia_qa,qwen3-4b-nothink,trivia_qa_validation_00412,1,0.625049,2
trivia_qa,qwen3-4b-nothink,trivia_qa_validation_08936,0,0.334799,5
trivia_qa,qwen3-4b-nothink,trivia_qa_validation_06107,0,0.027438,5
trivia_qa,qwen3-4b-nothink,trivia_qa_validation_12470,1,0.579863,3
trivia_qa,qwen3-4b-nothink,trivia_qa_validation_13149,0,0.568436,2
trivia_qa,qwen3-4b-nothink,trivia_qa_validation_12901,0,0.574204,3
trivia_qa,qwen3-4b-nothink,trivia_qa_validation_00716,1,0.604663,3
trivia_qa,qwen3-4b-nothink,trivia_qa_validation_00608,0,0.167084,5
trivia_qa,qwen3-4b-nothink,trivia_qa_validation_13701,1,0.555056,1
trivia_qa,qwen3-4b-nothink,trivia_qa_validation_08925,0,0.111603,4
trivia_qa,qwen3-4b-nothink,trivia_qa_validation_04562,0,0.331816,1
trivia_qa,qwen3-4b-nothink,trivia_qa_validation_09516,1,0.088869,5
trivia_qa,qwen3-4b-nothink,trivia_qa_validation_02833,1,0.617253,3
trivia_qa,qwen3-4b-nothink,trivia_qa_validation_00073,0,0.150021,1
trivia_qa,qwen3-4b-nothink,trivia_qa_validation_02820,0,0.321012,1
trivia_qa,qwen3-4b-nothink,trivia_qa_validation_07941,1,0.576781,5
trivia_qa,qwen3-4b-nothink,trivia_qa_validation_00450,0,0.3182,3
trivia_qa,qwen3-4b-nothink,trivia_qa_validation_12257,0,0.146746,2
trivia_qa,qwen3-4b-nothink,trivia_qa_validation_11885,0,0.019443,4
trivia_qa,qwen3-4b-nothink,trivia_qa_validation_09049,0,0.143309,1
trivia_qa,qwen3-4b-nothink,trivia_qa_validation_15912,0,0.03941,4
trivia_qa,qwen3-4b-nothink,trivia_qa_validation_05976,0,0.348869,1
trivia_qa,qwen3-4b-nothink,trivia_qa_validation_12227,1,0.680228,5
trivia_qa,qwen3-4b-nothink,trivia_qa_validation_07174,1,0.346527,4
trivia_qa,qwen3-4b-nothink,trivia_qa_validation_15395,0,0.233753,1
trivia_qa,qwen3-4b-nothink,trivia_qa_validation_12988,1,0.804953,3
trivia_qa,qwen3-4b-nothink,trivia_qa_validation_02995,1,0.469993,2
trivia_qa,qwen3-4b-nothink,trivia_qa_validation_00899,0,0.032343,3
trivia_qa,qwen3-4b-nothink,trivia_qa_validation_09891,1,0.410654,2
trivia_qa,qwen3-4b-nothink,trivia_qa_validation_17099,0,0.067516,1
trivia_qa,qwen3-4b-nothink,trivia_qa_validation_16828,0,0.60252,5
trivia_qa,qwen3-4b-nothink,trivia_qa_validation_00780,1,0.690907,4
trivia_qa,qwen3-4b-nothink,trivia_qa_validation_10939,1,0.79396,2
trivia_qa,qwen3-4b-nothink,trivia_qa_validation_00686,1,0.466401,5
trivia_qa,qwen3-4b-nothink,trivia_qa_validation_11066,0,0.642393,4
trivia_qa,qwen3-4b-nothink,trivia_qa_validation_00315,0,0.155838,4
trivia_qa,qwen3-4b-nothink,trivia_qa_validation_12757,1,0.615629,3
trivia_qa,qwen3-4b-nothink,trivia_qa_validation_12617,0,0.206674,5
trivia_qa,qwen3-4b-nothink,trivia_qa_validation_10158,0,0.243364,3
trivia_qa,qwen3-4b-nothink,trivia_qa_validation_10368,0,0.115068,5
trivia_qa,qwen3-4b-nothink,trivia_qa_validation_13479,1,0.166769,5
trivia_qa,qwen3-4b-nothink,trivia_qa_validation_09320,0,0.369788,3
trivia_qa,qwen3-4b-nothink,trivia_qa_validation_08733,0,0.21583,1
trivia_qa,qwen3-4b-nothink,trivia_qa_validation_14646,0,0.054001,4
trivia_qa,qwen3-4b-nothink,trivia_qa_validation_01563,1,0.561797,4
trivia_qa,qwen3-4b-nothink,trivia_qa_validation_15635,0,0.177775,5
trivia_qa,qwen3-4b-nothink,trivia_qa_validation_13342,0,0.112489,1
trivia_qa,qwen3-4b-nothink,trivia_qa_validation_07741,0,0.147102,3
trivia_qa,qwen3-4b-nothink,trivia_qa_validation_16493,0,0.389874,4
trivia_qa,qwen3-4b-nothink,trivia_qa_validation_11201,0,0.508728,4
trivia_qa,qwen3-4b-nothink,trivia_qa_validation_10438,1,0.675166,5
trivia_qa,qwen3-4b-nothink,trivia_qa_validation_05441,1,0.782218,4
trivia_qa,qwen3-4b-nothink,trivia_qa_validation_07101,0,0.57717,1
trivia_qa,qwen3-4b-nothink,trivia_qa_validation_01851,0,0.537666,3
trivia_qa,qwen3-4b-nothink,trivia_qa_validation_09161,0,0.554825,3
trivia_qa,qwen3-4b-nothink,trivia_qa_validation_10402,0,0.069654,4
trivia_qa,qwen3-4b-nothink,trivia_qa_validation_08645,0,0.374578,5
trivia_qa,qwen3-4b-nothink,trivia_qa_validation_12847,0,0.594191,3
trivia_qa,qwen3-4b-nothink,trivia_qa_validation_11922,1,0.548387,3
trivia_qa,qwen3-4b-nothink,trivia_qa_validation_08999,0,0.018204,4
trivia_qa,qwen3-4b-nothink,trivia_qa_validation_03131,0,0.196735,1
trivia_qa,qwen3-4b-nothink,trivia_qa_validation_09993,1,0.218721,3
trivia_qa,qwen3-4b-nothink,trivia_qa_validation_11766,0,0.090359,5
trivia_qa,qwen3-4b-nothink,trivia_qa_validation_07344,1,0.479863,4
trivia_qa,qwen3-4b-nothink,trivia_qa_validation_08688,0,0.157442,2
trivia_qa,qwen3-4b-nothink,trivia_qa_validation_15804,1,0.477695,5
trivia_qa,qwen3-4b-nothink,trivia_qa_validation_17889,1,0.721051,5
trivia_qa,qwen3-4b-nothink,trivia_qa_validation_07199,1,0.100102,2
trivia_qa,qwen3-4b-nothink,trivia_qa_validation_06663,0,0.143235,5
trivia_qa,qwen3-4b-nothink,trivia_qa_validation_03344,0,0.167825,3
trivia_qa,qwen3-4b-nothink,trivia_qa_validation_07867,0,0.099818,4
trivia_qa,qwen3-4b-nothink,trivia_qa_validation_09206,0,0.015952,5
trivia_qa,qwen3-4b-nothink,trivia_qa_validation_10198,0,0.362601,1
trivia_qa,qwen3-4b-nothink,trivia_qa_validation_06826,1,0.578624,1
trivia_qa,qwen3-4b-nothink,trivia_qa_validation_03353,0,0.050706,2
trivia_qa,qwen3-4b-nothink,trivia_qa_validation_14067,0,0.676628,3
trivia_qa,qwen3-4b-nothink,trivia_qa_validation_10370,0,0.126449,1
trivia_qa,qwen3-4b-nothink,trivia_qa_validation_14262,1,0.492642,1
trivia_qa,qwen3-4b-nothink,trivia_qa_validation_14825,1,0.310157,4
trivia_qa,qwen3-4b-nothink,trivia_qa_validation_05264,0,0.263076,4
trivia_qa,qwen3-4b-nothink,trivia_qa_validation_15216,0,0.035028,5
trivia_qa,qwen3-4b-nothink,trivia_qa_validation_02283,1,0.610596,3
trivia_qa,qwen3-4b-nothink,trivia_qa_validation_15256,1,0.632076,4
trivia_qa,qwen3-4b-nothink,trivia_qa_validation_06451,1,0.116125,2
trivia_qa,qwen3-4b-nothink,trivia_qa_validation_10292,0,0.044438,1
trivia_qa,qwen3-4b-nothink,trivia_qa_validation_10680,1,0.798735,3
trivia_qa,qwen3-4b-nothink,trivia_qa_validation_04779,1,0.510493,4
trivia_qa,qwen3-4b-nothink,trivia_qa_validation_06577,0,0.078358,3
trivia_qa,qwen3-4b-nothink,trivia_qa_validation_14376,0,0.541158,5
trivia_qa,qwen3-4b-nothink,trivia_qa_validation_03459,1,0.787916,5
trivia_qa,qwen3-4b-nothink,trivia_qa_validation_05100,0,0.469744,2
trivia_qa,qwen3-4b-nothink,trivia_qa_validation_04197,0,0.092799,2
trivia_qa,qwen3-4b-nothink,trivia_qa_validation_02484,1,0.766449,5
trivia_qa,qwen3-4b-nothink,trivia_qa_validation_00400,0,0.672794,4
trivia_qa,qwen3-4b-nothink,trivia_qa_validation_15338,0,0.161544,5
trivia_qa,qwen3-4b-nothink,trivia_qa_validation_08919,0,0.050009,2
trivia_qa,qwen3-4b-nothink,trivia_qa_validation_03947,0,0.17312,1
trivia_qa,qwen3-4b-nothink,trivia_qa_validation_08119,0,0.592309,4
trivia_qa,qwen3-4b-nothink,trivia_qa_validation_04464,0,0.274079,1
trivia_qa,qwen3-4b-nothink,trivia_qa_validation_09553,1,0.768994,2
trivia_qa,qwen3-4b-nothink,trivia_qa_validation_14537,0,0.360284,2
trivia_qa,qwen3-4b-nothink,trivia_qa_validation_14480,0,0.111462,3
trivia_qa,qwen3-4b-nothink,trivia_qa_validation_14210,0,0.706601,4
trivia_qa,qwen3-4b-nothink,trivia_qa_validation_14435,1,0.706809,5
trivia_qa,qwen3-4b-nothink,trivia_qa_validation_06231,0,0.046969,4
trivia_qa,qwen3-4b-nothink,trivia_qa_validation_01155,1,0.789177,4
trivia_qa,qwen3-4b-nothink,trivia_qa_validation_05645,0,0.047409,5
trivia_qa,qwen3-4b-nothink,trivia_qa_validation_12517,1,0.612872,5
trivia_qa,qwen3-4b-nothink,trivia_qa_validation_00610,0,0.364875,3
trivia_qa,qwen3-4b-nothink,trivia_qa_validation_00452,0,0.356992,5
trivia_qa,qwen3-4b-nothink,trivia_qa_validation_07470,1,0.353183,4
trivia_qa,qwen3-4b-nothink,trivia_qa_validation_08144,0,0.085164,1
trivia_qa,qwen3-4b-nothink,trivia_qa_validation_16340,0,0.365552,2
trivia_qa,qwen3-4b-nothink,trivia_qa_validation_01096,0,0.023124,5
trivia_qa,qwen3-4b-nothink,trivia_qa_validation_12679,0,0.763101,5
trivia_qa,qwen3-4b-nothink,trivia_qa_validation_12764,0,0.119132,5
trivia_qa,qwen3-4b-nothink,trivia_qa_validation_04640,1,0.34127,3
trivia_qa,qwen3-4b-nothink,trivia_qa_validation_02844,1,0.633777,5
trivia_qa,qwen3-4b-nothink,trivia_qa_validation_06552,0,0.124403,5
trivia_qa,qwen3-4b-nothink,trivia_qa_validation_06454,1,0.795653,4
trivia_qa,qwen3-4b-nothink,trivia_qa_validation_02183,0,0.094476,3
trivia_qa,qwen3-4b-nothink,trivia_qa_validation_14637,1,0.446999,2
trivia_qa,qwen3-4b-nothink,trivia_qa_validation_14365,0,0.341777,1
trivia_qa,qwen3-4b-nothink,trivia_qa_validation_05184,1,0.661817,5
trivia_qa,qwen3-4b-nothink,trivia_qa_validation_03696,1,0.768824,2
trivia_qa,qwen3-4b-nothink,trivia_qa_validation_09642,1,0.484651,2
trivia_qa,qwen3-4b-nothink,trivia_qa_validation_15552,0,0.042817,4
trivia_qa,qwen3-4b-nothink,trivia_qa_validation_17529,0,0.327009,2
trivia_qa,qwen3-4b-nothink,trivia_qa_validation_15824,0,0.052538,1
trivia_qa,qwen3-4b-nothink,trivia_qa_validation_11432,1,0.178483,3
trivia_qa,qwen3-4b-nothink,trivia_qa_validation_00088,1,0.677166,3
trivia_qa,qwen3-4b-nothink,trivia_qa_validation_05568,0,0.065683,3
trivia_qa,qwen3-4b-nothink,trivia_qa_validation_05297,1,0.782686,5
trivia_qa,qwen3-4b-nothink,trivia_qa_validation_05647,0,0.572546,5
trivia_qa,qwen3-4b-nothink,trivia_qa_validation_04428,1,0.571336,1
trivia_qa,qwen3-4b-nothink,trivia_qa_validation_15982,1,0.66416,3
trivia_qa,qwen3-4b-nothink,trivia_qa_validation_01628,1,0.08326,3
trivia_qa,qwen3-4b-nothink,trivia_qa_validation_06553,1,0.393711,2
trivia_qa,qwen3-4b-nothink,trivia_qa_validation_02460,0,0.010516,5
trivia_qa,qwen3-4b-nothink,trivia_qa_validation_16893,0,0.799344,1
trivia_qa,qwen3-4b-nothink,trivia_qa_validation_12938,0,0.465743,2
trivia_qa,qwen3-4b-nothink,trivia_qa_validation_12748,1,0.538474,4
trivia_qa,qwen3-4b-nothink,trivia_qa_validation_04674,1,0.272875,4
trivia_qa,qwen3-4b-nothink,trivia_qa_validation_00758,0,0.688923,5
trivia_qa,qwen3-4b-nothink,trivia_qa_validation_06687,1,0.648652,1
trivia_qa,qwen3-4b-nothink,trivia_qa_validation_17653,1,0.735747,2
trivia_qa,qwen3-4b-nothink,trivia_qa_validation_00839,1,0.735298,4
trivia_qa,qwen3-4b-nothink,trivia_qa_validation_15618,1,0.622677,3
trivia_qa,qwen3-4b-nothink,trivia_qa_validation_17514,1,0.783739,5
trivia_qa,qwen3-4b-nothink,trivia_qa_validation_09712,0,0.047678,5
trivia_qa,qwen3-4b-nothink,trivia_qa_validation_06599,1,0.135312,4
trivia_qa,qwen3-4b-nothink,trivia_qa_validation_13957,1,0.667084,2
trivia_qa,qwen3-4b-nothink,trivia_qa_validation_09104,0,0.002925,2
trivia_qa,qwen3-4b-nothink,trivia_qa_validation_15841,1,0.592839,5
trivia_qa,qwen3-4b-nothink,trivia_qa_validation_12985,0,0.364439,4
trivia_qa,qwen3-4b-nothink,trivia_qa_validation_16562,1,0.745675,2
trivia_qa,qwen3-4b-nothink,trivia_qa_validation_12540,1,0.053396,5
trivia_qa,qwen3-4b-nothink,trivia_qa_validation_17711,1,0.753042,2
trivia_qa,qwen3-4b-nothink,trivia_qa_validation_02769,1,0.763859,4
trivia_qa,qwen3-4b-nothink,trivia_qa_validation_03117,0,0.142618,2
trivia_qa,qwen3-4b-nothink,trivia_qa_validation_06956,0,0.164542,2
trivia_qa,qwen3-4b-nothink,trivia_qa_validation_10036,1,0.125054,1
trivia_qa,qwen3-4b-nothink,trivia_qa_validation_17234,1,0.4674,5
trivia_qa,qwen3-4b-nothink,trivia_qa_validation_17834,0,0.252277,1
trivia_qa,qwen3-4b-nothink,trivia_qa_validation_11451,0,0.227194,2
trivia_qa,qwen3-4b-nothink,trivia_qa_validation_07698,0,0.063947,3
trivia_qa,qwen3-4b-nothink,trivia_qa_validation_06495,1,0.632809,1
trivia_qa,qwen3-4b-nothink,trivia_qa_validation_02834,1,0.48683,2
trivia_qa,qwen3-4b-nothink,trivia_qa_validation_13215,1,0.442392,3
trivia_qa,qwen3-4b-nothink,trivia_qa_validation_09253,0,0.66092,5
trivia_qa,qwen3-4b-nothink,trivia_qa_validation_03995,0,0.061534,4
trivia_qa,qwen3-4b-nothink,trivia_qa_validation_06321,0,0.152526,5
trivia_qa,qwen3-4b-nothink,trivia_qa_validation_09116,0,0.638066,5
trivia_qa,qwen3-4b-nothink,trivia_qa_validation_00264,1,0.795968,3
trivia_qa,qwen3-4b-nothink,trivia_qa_validation_07058,0,0.148772,1
trivia_qa,qwen3-4b-nothink,trivia_qa_validation_03040,0,0.040775,4
trivia_qa,qwen3-4b-nothink,trivia_qa_validation_05423,1,0.789654,2
trivia_qa,qwen3-4b-nothink,trivia_qa_validation_08007,0,0.445897,2
trivia_qa,qwen3-4b-nothink,trivia_qa_validation_17843,1,0.125105,1
trivia_qa,qwen3-4b-nothink,trivia_qa_validation_12090,0,0.220494,5
trivia_qa,qwen3-4b-nothink,trivia_qa_validation_02437,0,0.074176,3
trivia_qa,qwen3-4b-nothink,trivia_qa_validation_00957,1,0.803484,1
trivia_qa,qwen3-4b-nothink,trivia_qa_validation_05479,0,0.182694,2
trivia_qa,qwen3-4b-nothink,trivia_qa_validation_09597,0,0.521956,5
trivia_qa,qwen3-4b-nothink,trivia_qa_validation_07565,0,0.056211,4
trivia_qa,qwen3-4b-nothink,trivia_qa_validation_08330,0,0.084103,1
trivia_qa,qwen3-4b-nothink,trivia_qa_validation_14621,0,0.102124,3
trivia_qa,qwen3-4b-nothink,trivia_qa_validation_11057,0,0.588987,2
trivia_qa,qwen3-4b-nothink,trivia_qa_validation_04630,0,0.091922,5
trivia_qa,qwen3-4b-nothink,trivia_qa_validation_12501,1,0.796548,1
trivia_qa,qwen3-4b-nothink,trivia_qa_validation_17026,0,0.787297,4
trivia_qa,qwen3-4b-nothink,trivia_qa_validation_00046,1,0.598808,3
trivia_qa,qwen3-4b-nothink,trivia_qa_validation_00015,0,0.219662,5
trivia_qa,qwen3-4b-nothink,trivia_qa_validation_04598,0,0.143366,5
trivia_qa,qwen3-4b-nothink,trivia_qa_validation_09123,0,0.398933,4
trivia_qa,qwen3-4b-nothink,trivia_qa_validation_14269,0,0.044697,2
trivia_qa,qwen3-4b-nothink,trivia_qa_validation_16115,0,0.358592,2
trivia_qa,qwen3-4b-nothink,trivia_qa_validation_12972,0,0.671142,4
trivia_qa,qwen3-4b-nothink,trivia_qa_validation_11593,0,0.39172,4
trivia_qa,qwen3-4b-nothink,trivia_qa_validation_06890,0,0.313766,5
trivia_qa,qwen3-4b-nothink,trivia_qa_validation_16436,0,0.189548,2
trivia_qa,qwen3-4b-nothink,trivia_qa_validation_12960,0,0.426276,1
trivia_qa,qwen3-4b-nothink,trivia_qa_validation_12299,1,0.704565,2
trivia_qa,qwen3-4b-nothink,trivia_qa_validation_07338,0,0.672902,2
trivia_qa,qwen3-4b-nothink,trivia_qa_validation_17206,0,0.792245,2
trivia_qa,qwen3-4b-nothink,trivia_qa_validation_00045,1,0.235613,5
trivia_qa,qwen3-4b-nothink,trivia_qa_validation_01317,0,0.013743,4
trivia_qa,qwen3-4b-nothink,trivia_qa_validation_16223,1,0.695487,4
trivia_qa,qwen3-4b-nothink,trivia_qa_validation_01824,0,0.059701,3
trivia_qa,qwen3-4b-nothink,trivia_qa_validation_15704,0,0.211341,3
trivia_qa,qwen3-4b-nothink,trivia_qa_validation_02305,0,0.291214,1
trivia_qa,qwen3-4b-nothink,trivia_qa_validation_04047,0,0.307437,3
trivia_qa,qwen3-4b-nothink,trivia_qa_validation_11337,0,0.519604,2
trivia_qa,qwen3-4b-nothink,trivia_qa_validation_07019,1,0.317661,3
trivia_qa,qwen3-4b-nothink,trivia_qa_validation_02002,0,0.070159,3
trivia_qa,qwen3-4b-nothink,trivia_qa_validation_08224,0,0.761956,4
trivia_qa,qwen3-4b-nothink,trivia_qa_validation_13481,1,0.665809,2
trivia_qa,qwen3-4b-nothink,trivia_qa_validation_14457,0,0.230031,3
trivia_qa,qwen3-4b-nothink,trivia_qa_validation_14229,1,0.786021,1
trivia_qa,qwen3-4b-nothink,trivia_qa_validation_13625,0,0.74317,2
trivia_qa,qwen3-4b-nothink,trivia_qa_validation_12554,0,0.394972,4
trivia_qa,qwen3-4b-nothink,trivia_qa_validation_03119,0,0.313703,3
trivia_qa,qwen3-4b-nothink,trivia_qa_validation_09634,1,0.307273,3
trivia_qa,qwen3-4b-nothink,trivia_qa_validation_08915,0,0.116706,4
trivia_qa,qwen3-4b-nothink,trivia_qa_validation_10964,1,0.395196,4
trivia_qa,qwen3-4b-nothink,trivia_qa_validation_07420,0,0.132562,2
trivia_qa,qwen3-4b-nothink,trivia_qa_validation_13542,0,0.253049,4
trivia_qa,qwen3-4b-nothink,trivia_qa_validation_11676,0,0.090914,2
trivia_qa,qwen3-4b-nothink,trivia_qa_validation_17159,0,0.035908,1
trivia_qa,qwen3-4b-nothink,trivia_qa_validation_09638,1,0.785408,4
trivia_qa,qwen3-4b-nothink,trivia_qa_validation_07495,1,0.652804,3
trivia_qa,qwen3-4b-nothink,trivia_qa_validation_09764,1,0.579019,1
trivia_qa,qwen3-4b-nothink,trivia_qa_validation_05874,0,0.775958,1
trivia_qa,qwen3-4b-nothink,trivia_qa_validation_11236,0,0.400885,2
trivia_qa,qwen3-4b-nothink,trivia_qa_validation_01707,1,0.418029,4
trivia_qa,qwen3-4b-nothink,trivia_qa_validation_03326,1,0.70763,3
trivia_qa,qwen3-4b-nothink,trivia_qa_validation_02825,1,0.745278,4
trivia_qa,qwen3-4b-nothink,trivia_qa_validation_06898,1,0.554188,4
trivia_qa,qwen3-4b-nothink,trivia_qa_validation_03363,0,0.067022,5
trivia_qa,qwen3-4b-nothink,trivia_qa_validation_00574,0,0.007445,3
trivia_qa,qwen3-4b-nothink,trivia_qa_validation_08073,0,0.165249,5
trivia_qa,qwen3-4b-nothink,trivia_qa_validation_09262,0,0.034547,2
trivia_qa,qwen3-4b-nothink,trivia_qa_validation_08944,0,0.07881,5
trivia_qa,qwen3-4b-nothink,trivia_qa_validation_05567,1,0.233176,5
trivia_qa,qwen3-4b-nothink,trivia_qa_validation_03670,1,0.729848,1
trivia_qa,qwen3-4b-nothink,trivia_qa_validation_15779,0,0.200789,2
trivia_qa,qwen3-4b-nothink,trivia_qa_validation_06876,1,0.491733,4
trivia_qa,qwen3-4b-nothink,trivia_qa_validation_13180,1,0.369455,5
trivia_qa,qwen3-4b-nothink,trivia_qa_validation_00954,1,0.782869,2
trivia_qa,qwen3-4b-nothink,trivia_qa_validation_04642,1,0.404443,3
trivia_qa,qwen3-4b-nothink,trivia_qa_validation_11008,0,0.129869,2
trivia_qa,qwen3-4b-nothink,trivia_qa_validation_11755,0,0.06344,1
trivia_qa,qwen3-4b-nothink,trivia_qa_validation_08976,0,0.00983,2
trivia_qa,qwen3-4b-nothink,trivia_qa_validation_03526,0,0.097353,5
trivia_qa,qwen3-4b-nothink,trivia_qa_validation_05359,0,0.379943,4
trivia_qa,qwen3-4b-nothink,trivia_qa_validation_05831,0,0.06897,1
trivia_qa,qwen3-4b-nothink,trivia_qa_validation_12222,0,0.527774,1
trivia_qa,qwen3-4b-nothink,trivia_qa_validation_02413,1,0.478204,5
trivia_qa,qwen3-4b-nothink,trivia_qa_validation_00559,1,0.60256,3
trivia_qa,qwen3-4b-nothink,trivia_qa_validation_11322,0,0.259837,4
trivia_qa,qwen3-4b-nothink,trivia_qa_validation_12263,0,0.437002,3
trivia_qa,qwen3-4b-nothink,trivia_qa_validation_07375,0,0.225706,2
trivia_qa,qwen3-4b-nothink,trivia_qa_validation_11180,0,0.073854,3
trivia_qa,qwen3-4b-nothink,trivia_qa_validation_14609,0,0.596016,3
trivia_qa,qwen3-4b-nothink,trivia_qa_validation_16983,1,0.555334,3
trivia_qa,qwen3-4b-nothink,trivia_qa_validation_03035,0,0.694733,2
trivia_qa,qwen3-4b-nothink,trivia_qa_validation_10195,1,0.752405,2
trivia_qa,qwen3-4b-nothink,trivia_qa_validation_04029,1,0.305523,4
trivia_qa,qwen3-4b-nothink,trivia_qa_validation_04916,1,0.575128,3
trivia_qa,qwen3-4b-nothink,trivia_qa_validation_04652,1,0.615255,1
trivia_qa,qwen3-4b-nothink,trivia_qa_validation_03007,0,0.639469,5
trivia_qa,qwen3-4b-nothink,trivia_qa_validation_00968,1,0.735637,1
trivia_qa,qwen3-4b-nothink,trivia_qa_validation_06380,0,0.582501,2
trivia_qa,qwen3-4b-nothink,trivia_qa_validation_13769,1,0.723752,1
trivia_qa,qwen3-4b-nothink,trivia_qa_validation_07125,1,0.746889,4
trivia_qa,qwen3-4b-nothink,trivia_qa_validation_00810,0,0.351914,2
trivia_qa,qwen3-4b-nothink,trivia_qa_validation_04212,1,0.49363,3
trivia_qa,qwen3-4b-nothink,trivia_qa_validation_02642,1,0.615079,5
trivia_qa,qwen3-4b-nothink,trivia_qa_validation_12833,1,0.696874,1
trivia_qa,qwen3-4b-nothink,trivia_qa_validation_00192,0,0.041187,2
trivia_qa,qwen3-4b-nothink,trivia_qa_validation_16982,0,0.179325,4
trivia_qa,qwen3-4b-nothink,trivia_qa_validation_14641,0,0.20885,4
trivia_qa,qwen3-4b-nothink,trivia_qa_validation_08669,0,0.006004,2
trivia_qa,qwen3-4b-nothink,trivia_qa_validation_06037,0,0.34871,1
trivia_qa,qwen3-4b-nothink,trivia_qa_validation_15439,0,0.630546,2
trivia_qa,qwen3-4b-nothink,trivia_qa_validation_08560,0,0.425851,1
trivia_qa,qwen3-4b-nothink,trivia_qa_validation_14118,1,0.801085,4
trivia_qa,qwen3-4b-nothink,trivia_qa_validation_06569,1,0.661451,3
trivia_qa,qwen3-4b-nothink,trivia_qa_validation_13554,0,0.61739,1
trivia_qa,qwen3-4b-nothink,trivia_qa_validation_13115,1,0.328596,4
trivia_qa,qwen3-4b-nothink,trivia_qa_validation_11304,1,0.787298,4
trivia_qa,qwen3-4b-nothink,trivia_qa_validation_14620,0,0.553577,1
trivia_qa,qwen3-4b-nothink,trivia_qa_validation_05519,1,0.289791,2
trivia_qa,qwen3-4b-nothink,trivia_qa_validation_03282,1,0.666627,5
trivia_qa,qwen3-4b-nothink,trivia_qa_validation_08727,0,0.238053,4
trivia_qa,qwen3-4b-nothink,trivia_qa_validation_16377,0,0.519864,5
trivia_qa,qwen3-4b-nothink,trivia_qa_validation_07969,0,0.126634,1
trivia_qa,qwen3-4b-nothink,trivia_qa_validation_06289,1,0.269678,2
trivia_qa,qwen3-4b-nothink,trivia_qa_validation_15611,0,0.517184,4
trivia_qa,qwen3-4b-nothink,trivia_qa_validation_07166,1,0.274869,1
trivia_qa,qwen3-4b-nothink,trivia_qa_validation_14389,0,0.101806,1
trivia_qa,qwen3-4b-nothink,trivia_qa_validation_05321,1,0.743082,2
trivia_qa,qwen3-4b-nothink,trivia_qa_validation_17007,1,0.787037,2
trivia_qa,qwen3-4b-nothink,trivia_qa_validation_04632,0,0.457235,4
trivia_qa,qwen3-4b-nothink,trivia_qa_validation_05991,0,0.136882,5
trivia_qa,qwen3-4b-nothink,trivia_qa_validation_00184,0,0.218391,5
trivia_qa,qwen3-4b-nothink,trivia_qa_validation_09763,1,0.633041,1
trivia_qa,qwen3-4b-nothink,trivia_qa_validation_09518,0,0.105312,4
trivia_qa,qwen3-4b-nothink,trivia_qa_validation_16639,1,0.802111,1
trivia_qa,qwen3-4b-nothink,trivia_qa_validation_09224,0,0.02053,2
trivia_qa,qwen3-4b-nothink,trivia_qa_validation_17608,1,0.771836,4
trivia_qa,qwen3-4b-nothink,trivia_qa_validation_15429,0,0.300897,4
trivia_qa,qwen3-4b-nothink,trivia_qa_validation_05586,1,0.702647,1
trivia_qa,qwen3-4b-nothink,trivia_qa_validation_10691,1,0.674857,2
trivia_qa,qwen3-4b-nothink,trivia_qa_validation_15504,1,0.79649,1
trivia_qa,qwen3-4b-nothink,trivia_qa_validation_12758,1,0.598812,5
trivia_qa,qwen3-4b-nothink,trivia_qa_validation_04935,0,0.054761,3
trivia_qa,qwen3-4b-nothink,trivia_qa_validation_12705,1,0.581104,5
trivia_qa,qwen3-4b-nothink,trivia_qa_validation_03447,0,0.160071,1
trivia_qa,qwen3-4b-nothink,trivia_qa_validation_10307,0,0.625078,4
trivia_qa,qwen3-4b-nothink,trivia_qa_validation_16861,1,0.488065,3
trivia_qa,qwen3-4b-nothink,trivia_qa_validation_04311,0,0.297158,5
trivia_qa,qwen3-4b-nothink,trivia_qa_validation_01872,0,0.239996,2
trivia_qa,qwen3-4b-nothink,trivia_qa_validation_15578,1,0.707834,4
trivia_qa,qwen3-4b-nothink,trivia_qa_validation_05318,0,0.326806,3
trivia_qa,qwen3-4b-nothink,trivia_qa_validation_12207,1,0.366949,5
trivia_qa,qwen3-4b-nothink,trivia_qa_validation_11540,1,0.386225,3
trivia_qa,qwen3-4b-nothink,trivia_qa_validation_14213,1,0.677623,3
trivia_qa,qwen3-4b-nothink,trivia_qa_validation_02288,0,0.659201,3
trivia_qa,qwen3-4b-nothink,trivia_qa_validation_02457,0,0.340141,5
trivia_qa,qwen3-4b-nothink,trivia_qa_validation_02449,0,0.576691,4
trivia_qa,qwen3-4b-nothink,trivia_qa_validation_03143,1,0.419477,3
trivia_qa,qwen3-4b-nothink,trivia_qa_validation_10312,0,0.483082,3
trivia_qa,qwen3-4b-nothink,trivia_qa_validation_07733,0,0.023111,4
trivia_qa,qwen3-4b-nothink,trivia_qa_validation_13133,1,0.645683,4
trivia_qa,qwen3-4b-nothink,trivia_qa_validation_13478,0,0.340651,4
trivia_qa,qwen3-4b-nothink,trivia_qa_validation_12205,0,0.084813,5
trivia_qa,qwen3-4b-nothink,trivia_qa_validation_04417,1,0.775177,5
trivia_qa,qwen3-4b-nothink,trivia_qa_validation_04688,1,0.017375,4
trivia_qa,qwen3-4b-nothink,trivia_qa_validation_00576,0,0.493481,5
trivia_qa,qwen3-4b-nothink,trivia_qa_validation_01269,1,0.769763,5
trivia_qa,qwen3-4b-nothink,trivia_qa_validation_12288,0,0.082669,1
trivia_qa,qwen3-4b-nothink,trivia_qa_validation_12614,0,0.300676,2
trivia_qa,qwen3-4b-nothink,trivia_qa_validation_06335,1,0.547138,5
trivia_qa,qwen3-4b-nothink,trivia_qa_validation_09625,1,0.834778,4
trivia_qa,qwen3-4b-nothink,trivia_qa_validation_05731,0,0.205483,5
trivia_qa,qwen3-4b-nothink,trivia_qa_validation_06659,0,0.514717,3
trivia_qa,qwen3-4b-nothink,trivia_qa_validation_06410,0,0.180448,5
trivia_qa,qwen3-4b-nothink,trivia_qa_validation_08319,0,0.511362,4
trivia_qa,qwen3-4b-nothink,trivia_qa_validation_13636,0,0.4152,1
trivia_qa,qwen3-4b-nothink,trivia_qa_validation_07588,1,0.802872,4
trivia_qa,qwen3-4b-nothink,trivia_qa_validation_00382,0,0.105665,1
trivia_qa,qwen3-4b-nothink,trivia_qa_validation_06409,1,0.665153,3
trivia_qa,qwen3-4b-nothink,trivia_qa_validation_08139,0,0.777365,5
trivia_qa,qwen3-4b-nothink,trivia_qa_validation_16555,1,0.539042,2
trivia_qa,qwen3-4b-nothink,trivia_qa_validation_08816,0,0.338116,3
trivia_qa,qwen3-4b-nothink,trivia_qa_validation_01660,0,0.264249,3
trivia_qa,qwen3-4b-nothink,trivia_qa_validation_06551,1,0.452994,1
trivia_qa,qwen3-4b-nothink,trivia_qa_validation_11168,0,0.174498,4
trivia_qa,qwen3-4b-nothink,trivia_qa_validation_08325,0,0.486918,4
trivia_qa,qwen3-4b-nothink,trivia_qa_validation_11958,0,0.021402,5
trivia_qa,qwen3-4b-nothink,trivia_qa_validation_02824,1,0.687649,3
trivia_qa,qwen3-4b-nothink,trivia_qa_validation_08656,1,0.78016,3
trivia_qa,qwen3-4b-nothink,trivia_qa_validation_10866,1,0.787297,4
trivia_qa,qwen3-4b-nothink,trivia_qa_validation_05539,0,0.084248,3
trivia_qa,qwen3-4b-nothink,trivia_qa_validation_09236,1,0.757306,4
trivia_qa,qwen3-4b-nothink,trivia_qa_validation_10550,0,0.205378,1
trivia_qa,qwen3-4b-nothink,trivia_qa_validation_14475,1,0.619215,2
trivia_qa,qwen3-4b-nothink,trivia_qa_validation_03911,0,0.62202,2
trivia_qa,qwen3-4b-nothink,trivia_qa_validation_01244,0,0.472447,4
trivia_qa,qwen3-4b-nothink,trivia_qa_validation_09996,0,0.243818,5
trivia_qa,qwen3-4b-nothink,trivia_qa_validation_07510,0,0.622337,1
trivia_qa,qwen3-4b-nothink,trivia_qa_validation_11128,0,0.215816,2
trivia_qa,qwen3-4b-nothink,trivia_qa_validation_05526,1,0.628132,1
trivia_qa,qwen3-4b-nothink,trivia_qa_validation_16310,1,0.792302,1
trivia_qa,qwen3-4b-nothink,trivia_qa_validation_17912,0,0.774518,2
trivia_qa,qwen3-4b-nothink,trivia_qa_validation_03045,1,0.652853,1
trivia_qa,qwen3-4b-nothink,trivia_qa_validation_01048,0,0.2746,2
trivia_qa,qwen3-4b-nothink,trivia_qa_validation_17468,0,0.286927,2
trivia_qa,qwen3-4b-nothink,trivia_qa_validation_16448,0,0.148975,5
trivia_qa,qwen3-4b-nothink,trivia_qa_validation_03998,1,0.515813,1
trivia_qa,qwen3-4b-nothink,trivia_qa_validation_08162,0,0.512243,5
trivia_qa,qwen3-4b-nothink,trivia_qa_validation_01957,0,0.333692,1
trivia_qa,qwen3-4b-nothink,trivia_qa_validation_01813,0,0.622892,1
trivia_qa,qwen3-4b-nothink,trivia_qa_validation_06827,0,0.583253,2
trivia_qa,qwen3-4b-nothink,trivia_qa_validation_11844,0,0.083237,2
trivia_qa,qwen3-4b-nothink,trivia_qa_validation_01305,0,0.168111,2
trivia_qa,qwen3-4b-nothink,trivia_qa_validation_09774,1,0.770967,3
trivia_qa,qwen3-4b-nothink,trivia_qa_validation_14858,1,0.547298,1
trivia_qa,qwen3-4b-nothink,trivia_qa_validation_15970,0,0.290495,4
trivia_qa,qwen3-4b-nothink,trivia_qa_validation_09881,1,0.861498,4
trivia_qa,qwen3-4b-nothink,trivia_qa_validation_01887,0,0.171537,4
trivia_qa,qwen3-4b-nothink,trivia_qa_validation_03596,1,0.246135,2
trivia_qa,qwen3-4b-nothink,trivia_qa_validation_17095,0,0.141498,5
trivia_qa,qwen3-4b-nothink,trivia_qa_validation_04736,0,0.603683,4
trivia_qa,qwen3-4b-nothink,trivia_qa_validation_09426,0,0.408579,2
trivia_qa,qwen3-4b-nothink,trivia_qa_validation_06297,1,0.485364,5
trivia_qa,qwen3-4b-nothink,trivia_qa_validation_01243,0,0.098545,3
trivia_qa,qwen3-4b-nothink,trivia_qa_validation_03237,1,0.206297,1
trivia_qa,qwen3-4b-nothink,trivia_qa_validation_13654,0,0.4318,3
trivia_qa,qwen3-4b-nothink,trivia_qa_validation_08293,0,0.671699,2
trivia_qa,qwen3-4b-nothink,trivia_qa_validation_03167,1,0.574424,5
trivia_qa,qwen3-4b-nothink,trivia_qa_validation_07979,0,0.103236,4
trivia_qa,qwen3-4b-nothink,trivia_qa_validation_04874,0,0.00922,4
trivia_qa,qwen3-4b-nothink,trivia_qa_validation_05256,1,0.534298,4
trivia_qa,qwen3-4b-nothink,trivia_qa_validation_16478,1,0.549581,3
trivia_qa,qwen3-4b-nothink,trivia_qa_validation_06008,0,0.072104,4
trivia_qa,qwen3-4b-nothink,trivia_qa_validation_07853,0,0.245356,1
trivia_qa,qwen3-4b-nothink,trivia_qa_validation_01757,0,0.111979,5
trivia_qa,qwen3-4b-nothink,trivia_qa_validation_00254,0,0.568707,1
trivia_qa,qwen3-4b-nothink,trivia_qa_validation_09503,1,0.57237,1
trivia_qa,qwen3-4b-nothink,trivia_qa_validation_08256,0,0.069855,3
trivia_qa,qwen3-4b-nothink,trivia_qa_validation_00165,0,0.11028,2
trivia_qa,qwen3-4b-nothink,trivia_qa_validation_05923,0,0.436292,4
trivia_qa,qwen3-4b-nothink,trivia_qa_validation_14833,1,0.373547,4
trivia_qa,qwen3-4b-nothink,trivia_qa_validation_15305,0,0.100304,1
trivia_qa,qwen3-4b-nothink,trivia_qa_validation_11739,1,0.221191,2
trivia_qa,qwen3-4b-nothink,trivia_qa_validation_14837,0,0.20489,1
trivia_qa,qwen3-4b-nothink,trivia_qa_validation_13216,1,0.321032,4
trivia_qa,qwen3-4b-nothink,trivia_qa_validation_06785,0,0.097291,4
trivia_qa,qwen3-4b-nothink,trivia_qa_validation_10282,0,0.671015,5
trivia_qa,qwen3-4b-nothink,trivia_qa_validation_05089,0,0.300144,4
trivia_qa,qwen3-4b-nothink,trivia_qa_validation_06908,1,0.796629,3
trivia_qa,qwen3-4b-nothink,trivia_qa_validation_15553,0,0.65192,4
trivia_qa,qwen3-4b-nothink,trivia_qa_validation_07316,0,0.696866,1
trivia_qa,qwen3-4b-nothink,trivia_qa_validation_03888,1,0.003352,4
trivia_qa,qwen3-4b-nothink,trivia_qa_validation_09916,0,0.364798,3
trivia_qa,qwen3-4b-nothink,trivia_qa_validation_12738,0,0.686732,1
trivia_qa,qwen3-4b-nothink,trivia_qa_validation_03099,0,0.451129,3
trivia_qa,qwen3-4b-nothink,trivia_qa_validation_15150,0,0.539647,2
trivia_qa,qwen3-4b-nothink,trivia_qa_validation_10944,1,0.718227,5
trivia_qa,qwen3-4b-nothink,trivia_qa_validation_04194,0,0.089051,1
trivia_qa,qwen3-4b-nothink,trivia_qa_validation_00552,0,0.317515,3
trivia_qa,qwen3-4b-nothink,trivia_qa_validation_02570,1,0.687393,2
trivia_qa,qwen3-4b-nothink,trivia_qa_validation_07163,0,0.3186,5
trivia_qa,qwen3-4b-nothink,trivia_qa_validation_00416,0,0.142244,3
trivia_qa,qwen3-4b-nothink,trivia_qa_validation_06215,1,0.39217,4
trivia_qa,qwen3-4b-nothink,trivia_qa_validation_11403,0,0.052501,3
trivia_qa,qwen3-4b-nothink,trivia_qa_validation_01583,0,0.483157,1
trivia_qa,qwen3-4b-nothink,trivia_qa_validation_07236,1,0.565667,5
trivia_qa,qwen3-4b-nothink,trivia_qa_validation_02418,0,0.286738,4
trivia_qa,qwen3-4b-nothink,trivia_qa_validation_02307,1,0.254806,4
trivia_qa,qwen3-4b-nothink,trivia_qa_validation_17862,0,0.433315,5
trivia_qa,qwen3-4b-nothink,trivia_qa_validation_03564,0,0.494349,1
trivia_qa,qwen3-4b-nothink,trivia_qa_validation_14532,0,0.493353,2
trivia_qa,qwen3-4b-nothink,trivia_qa_validation_15759,1,0.691077,3
trivia_qa,qwen3-4b-nothink,trivia_qa_validation_03231,1,0.323962,1
trivia_qa,qwen3-4b-nothink,trivia_qa_validation_08321,0,0.035447,4
trivia_qa,qwen3-4b-nothink,trivia_qa_validation_11548,0,0.125767,3
trivia_qa,qwen3-4b-nothink,trivia_qa_validation_05774,1,0.216298,5
trivia_qa,qwen3-4b-nothink,trivia_qa_validation_11957,0,0.088989,4
trivia_qa,qwen3-4b-nothink,trivia_qa_validation_08244,1,0.646995,1
trivia_qa,qwen3-4b-nothink,trivia_qa_validation_05419,1,0.739758,3
trivia_qa,qwen3-4b-nothink,trivia_qa_validation_14522,1,0.525699,3
trivia_qa,qwen3-4b-nothink,trivia_qa_validation_02106,0,0.100529,4
trivia_qa,qwen3-4b-nothink,trivia_qa_validation_12553,1,0.786876,5
trivia_qa,qwen3-4b-nothink,trivia_qa_validation_08926,0,0.556868,5
trivia_qa,qwen3-4b-nothink,trivia_qa_validation_15063,0,0.646345,2
trivia_qa,qwen3-4b-nothink,trivia_qa_validation_14942,0,0.058219,5
trivia_qa,qwen3-4b-nothink,trivia_qa_validation_09813,1,0.673936,3
trivia_qa,qwen3-4b-nothink,trivia_qa_validation_06729,1,0.668385,3
trivia_qa,qwen3-4b-nothink,trivia_qa_validation_04822,0,0.532502,3
trivia_qa,qwen3-4b-nothink,trivia_qa_validation_02890,1,0.761355,1
trivia_qa,qwen3-4b-nothink,trivia_qa_validation_13779,1,0.612255,1
trivia_qa,qwen3-4b-nothink,trivia_qa_validation_08187,0,0.081962,3
trivia_qa,qwen3-4b-nothink,trivia_qa_validation_14359,1,0.512524,5
trivia_qa,qwen3-4b-nothink,trivia_qa_validation_01700,0,0.018061,1
trivia_qa,qwen3-4b-nothink,trivia_qa_validation_15638,0,0.179859,5
trivia_qa,qwen3-4b-nothink,trivia_qa_validation_03362,0,0.308313,3
trivia_qa,qwen3-4b-nothink,trivia_qa_validation_04721,0,0.436589,4
trivia_qa,qwen3-4b-nothink,trivia_qa_validation_03303,0,0.119624,2
trivia_qa,qwen3-4b-nothink,trivia_qa_validation_06978,0,0.049643,2
trivia_qa,qwen3-4b-nothink,trivia_qa_validation_16241,1,0.713648,3
trivia_qa,qwen3-4b-nothink,trivia_qa_validation_17918,0,0.490826,1
trivia_qa,qwen3-4b-nothink,trivia_qa_validation_15357,1,0.79011,4
trivia_qa,qwen3-4b-nothink,trivia_qa_validation_05019,0,0.122647,5
trivia_qa,qwen3-4b-nothink,trivia_qa_validation_06211,0,0.245649,1
trivia_qa,qwen3-4b-nothink,trivia_qa_validation_06435,0,0.041389,4
trivia_qa,qwen3-4b-nothink,trivia_qa_validation_11926,1,0.580305,1
trivia_qa,qwen3-4b-nothink,trivia_qa_validation_03640,1,0.688988,4
trivia_qa,qwen3-4b-nothink,trivia_qa_validation_03927,1,0.503917,2
trivia_qa,qwen3-4b-nothink,trivia_qa_validation_14928,0,0.703131,3
trivia_qa,qwen3-4b-nothink,trivia_qa_validation_12834,1,0.240861,4
trivia_qa,qwen3-4b-nothink,trivia_qa_validation_09497,1,0.183105,3
trivia_qa,qwen3-4b-nothink,trivia_qa_validation_02033,1,0.702227,5
trivia_qa,qwen3-4b-nothink,trivia_qa_validation_03233,1,0.793818,4
trivia_qa,qwen3-4b-nothink,trivia_qa_validation_10014,0,0.597353,3
trivia_qa,qwen3-4b-nothink,trivia_qa_validation_15187,0,0.659643,3
trivia_qa,qwen3-4b-nothink,trivia_qa_validation_08965,1,0.546094,5
trivia_qa,qwen3-4b-nothink,trivia_qa_validation_01385,0,0.048635,4
trivia_qa,qwen3-4b-nothink,trivia_qa_validation_05066,1,0.302493,4
trivia_qa,qwen3-4b-nothink,trivia_qa_validation_12559,1,0.626215,4
trivia_qa,qwen3-4b-nothink,trivia_qa_validation_06603,0,0.007777,5
trivia_qa,qwen3-4b-nothink,trivia_qa_validation_08453,1,0.769807,2
trivia_qa,qwen3-4b-nothink,trivia_qa_validation_14931,0,0.383532,2
trivia_qa,qwen3-4b-nothink,trivia_qa_validation_15106,0,0.030981,2
trivia_qa,qwen3-4b-nothink,trivia_qa_validation_08675,0,0.869212,4
trivia_qa,qwen3-4b-nothink,trivia_qa_validation_10591,0,0.24643,1
trivia_qa,qwen3-4b-nothink,trivia_qa_validation_05745,0,0.208158,1
trivia_qa,qwen3-4b-nothink,trivia_qa_validation_03936,0,0.110227,1
trivia_qa,qwen3-4b-nothink,trivia_qa_validation_11173,1,0.794815,2
trivia_qa,qwen3-4b-nothink,trivia_qa_validation_00846,1,0.752315,2
trivia_qa,qwen3-4b-nothink,trivia_qa_validation_03873,1,0.655138,5
trivia_qa,qwen3-4b-nothink,trivia_qa_validation_03973,1,0.531337,2
trivia_qa,qwen3-4b-nothink,trivia_qa_validation_02775,0,0.311989,2
trivia_qa,qwen3-4b-nothink,trivia_qa_validation_10251,0,0.348171,3
trivia_qa,qwen3-4b-nothink,trivia_qa_validation_05687,0,0.335189,1
trivia_qa,qwen3-4b-nothink,trivia_qa_validation_09848,1,0.649361,5
trivia_qa,qwen3-4b-nothink,trivia_qa_validation_06820,0,0.296861,4
trivia_qa,qwen3-4b-nothink,trivia_qa_validation_14907,0,0.707161,2
trivia_qa,qwen3-4b-nothink,trivia_qa_validation_08421,1,0.721288,2
trivia_qa,qwen3-4b-nothink,trivia_qa_validation_11989,1,0.120974,4
trivia_qa,qwen3-4b-nothink,trivia_qa_validation_07038,0,0.760792,1
trivia_qa,qwen3-4b-nothink,trivia_qa_validation_03319,0,0.153805,3
trivia_qa,qwen3-4b-nothink,trivia_qa_validation_02548,0,0.665079,4
trivia_qa,qwen3-4b-nothink,trivia_qa_validation_04261,1,0.453665,3
trivia_qa,qwen3-4b-nothink,trivia_qa_validation_10175,1,0.331037,2
trivia_qa,qwen3-4b-nothink,trivia_qa_validation_14853,1,0.705672,5
trivia_qa,qwen3-4b-nothink,trivia_qa_validation_07931,0,0.312738,2
trivia_qa,qwen3-4b-nothink,trivia_qa_validation_09718,0,0.112945,3
trivia_qa,qwen3-4b-nothink,trivia_qa_validation_05292,0,0.205882,3
trivia_qa,qwen3-4b-nothink,trivia_qa_validation_13456,0,0.379611,5
trivia_qa,qwen3-4b-nothink,trivia_qa_validation_09330,0,0.058519,5
trivia_qa,qwen3-4b-nothink,trivia_qa_validation_08852,0,0.335871,2
trivia_qa,qwen3-4b-nothink,trivia_qa_validation_07136,0,0.334285,1
trivia_qa,qwen3-4b-nothink,trivia_qa_validation_14543,0,0.339854,5
trivia_qa,qwen3-4b-nothink,trivia_qa_validation_12564,1,0.458777,1
trivia_qa,qwen3-4b-nothink,trivia_qa_validation_02672,1,0.670803,3
trivia_qa,qwen3-4b-nothink,trivia_qa_validation_01604,1,0.534678,1
trivia_qa,qwen3-4b-nothink,trivia_qa_validation_07684,1,0.535878,2
trivia_qa,qwen3-4b-nothink,trivia_qa_validation_01782,0,0.052767,5
trivia_qa,qwen3-4b-nothink,trivia_qa_validation_17582,0,0.279076,4
trivia_qa,qwen3-4b-nothink,trivia_qa_validation_16071,0,0.169966,2
trivia_qa,qwen3-4b-nothink,trivia_qa_validation_02529,0,0.427166,2
trivia_qa,qwen3-4b-nothink,trivia_qa_validation_06312,0,0.080606,5
trivia_qa,qwen3-4b-nothink,trivia_qa_validation_15880,0,0.116027,4
trivia_qa,qwen3-4b-nothink,trivia_qa_validation_11305,0,0.352019,1
trivia_qa,qwen3-4b-nothink,trivia_qa_validation_13979,1,0.791041,4
trivia_qa,qwen3-4b-nothink,trivia_qa_validation_13336,1,0.67141,5
trivia_qa,qwen3-4b-nothink,trivia_qa_validation_08509,0,0.114355,2
trivia_qa,qwen3-4b-nothink,trivia_qa_validation_13845,1,0.355954,2
trivia_qa,qwen3-4b-nothink,trivia_qa_validation_13351,0,0.419261,1
medqa,llama-3.1-8b-instruct,medqa_test_00990,1,0.684658,4
medqa,llama-3.1-8b-instruct,medqa_test_00202,0,0.775889,4
medqa,llama-3.1-8b-instruct,medqa_test_01258,1,0.625891,2
medqa,llama-3.1-8b-instruct,medqa_test_00277,1,0.74528,2
medqa,llama-3.1-8b-instruct,medqa_test_00427,1,0.839241,3
medqa,llama-3.1-8b-instruct,medqa_test_00015,0,0.298604,4
medqa,llama-3.1-8b-instruct,medqa_test_01202,1,0.840807,5
medqa,llama-3.1-8b-instruct,medqa_test_01027,1,0.585336,4
medqa,llama-3.1-8b-instruct,medqa_test_00827,1,0.669383,5
medqa,llama-3.1-8b-instruct,medqa_test_00503,0,0.631246,5
medqa,llama-3.1-8b-instruct,medqa_test_00325,1,0.511381,2
medqa,llama-3.1-8b-instruct,medqa_test_00681,1,0.649799,1
medqa,llama-3.1-8b-instruct,medqa_test_00932,1,0.675142,2
medqa,llama-3.1-8b-instruct,medqa_test_00387,1,0.779707,3
medqa,llama-3.1-8b-instruct,medqa_test_00235,1,0.855612,1
medqa,llama-3.1-8b-instruct,medqa_test_00066,1,0.774089,2
medqa,llama-3.1-8b-instruct,medqa_test_00347,1,0.778843,1
medqa,llama-3.1-8b-instruct,medqa_test_00442,1,0.887289,2
medqa,llama-3.1-8b-instruct,medqa_test_01121,1,0.454733,3
medqa,llama-3.1-8b-instruct,medqa_test_00376,0,0.414071,1
medqa,llama-3.1-8b-instruct,medqa_test_00035,1,0.732434,1
medqa,llama-3.1-8b-instruct,medqa_test_00332,0,0.690811,3
medqa,llama-3.1-8b-instruct,medqa_test_00400,1,0.301191,4
medqa,llama-3.1-8b-instruct,medqa_test_01145,1,0.776064,2
medqa,llama-3.1-8b-instruct,medqa_test_00975,1,0.850024,1
medqa,llama-3.1-8b-instruct,medqa_test_00950,1,0.877488,2
medqa,llama-3.1-8b-instruct,medqa_test_00825,1,0.575608,4
medqa,llama-3.1-8b-instruct,medqa_test_00845,1,0.786971,2
medqa,llama-3.1-8b-instruct,medqa_test_00802,0,0.673409,2
medqa,llama-3.1-8b-instruct,medqa_test_00650,1,0.871495,1
medqa,llama-3.1-8b-instruct,medqa_test_00540,1,0.772387,5
medqa,llama-3.1-8b-instruct,medqa_test_00796,0,0.809563,4
medqa,llama-3.1-8b-instruct,medqa_test_00715,1,0.633768,5
medqa,llama-3.1-8b-instruct,medqa_test_00002,1,0.691955,4
medqa,llama-3.1-8b-instruct,medqa_test_00395,1,0.733713,4
medqa,llama-3.1-8b-instruct,medqa_test_00464,1,0.64444,2
medqa,llama-3.1-8b-instruct,medqa_test_00331,1,0.764979,5
medqa,llama-3.1-8b-instruct,medqa_test_00959,1,0.633671,4
medqa,llama-3.1-8b-instruct,medqa_test_00761,0,0.471414,2
medqa,llama-3.1-8b-instruct,medqa_test_00454,0,0.808659,5
medqa,llama-3.1-8b-instruct,medqa_test_00107,0,0.618016,2
medqa,llama-3.1-8b-instruct,medqa_test_00920,1,0.757502,3
medqa,llama-3.1-8b-instruct,medqa_test_00528,1,0.605381,5
medqa,llama-3.1-8b-instruct,medqa_test_01166,1,0.728657,3
medqa,llama-3.1-8b-instruct,medqa_test_00187,1,0.813089,4
medqa,llama-3.1-8b-instruct,medqa_test_00823,1,0.717247,2
medqa,llama-3.1-8b-instruct,medqa_test_00997,1,0.744206,1
medqa,llama-3.1-8b-instruct,medqa_test_00371,1,0.691176,1
medqa,llama-3.1-8b-instruct,medqa_test_01142,0,0.687704,4
medqa,llama-3.1-8b-instruct,medqa_test_00586,1,0.515883,5
medqa,llama-3.1-8b-instruct,medqa_test_00195,1,0.575809,5
medqa,llama-3.1-8b-instruct,medqa_test_01155,1,0.719153,4
medqa,llama-3.1-8b-instruct,medqa_test_00536,0,0.812498,4
medqa,llama-3.1-8b-instruct,medqa_test_00510,1,0.741799,4
medqa,llama-3.1-8b-instruct,medqa_test_00976,0,0.727576,4
medqa,llama-3.1-8b-instruct,medqa_test_01050,0,0.832599,2
medqa,llama-3.1-8b-instruct,medqa_test_00742,1,0.700564,5
medqa,llama-3.1-8b-instruct,medqa_test_01263,1,0.646625,1
medqa,llama-3.1-8b-instruct,medqa_test_00631,1,0.615586,2
medqa,llama-3.1-8b-instruct,medqa_test_01157,1,0.634832,1
medqa,llama-3.1-8b-instruct,medqa_test_00473,1,0.80705,3
medqa,llama-3.1-8b-instruct,medqa_test_00812,1,0.681806,3
medqa,llama-3.1-8b-instruct,medqa_test_00299,1,0.440972,2
medqa,llama-3.1-8b-instruct,medqa_test_00717,1,0.740232,2
medqa,llama-3.1-8b-instruct,medqa_test_00850,0,0.762254,2
medqa,llama-3.1-8b-instruct,medqa_test_00049,1,0.767002,4
medqa,llama-3.1-8b-instruct,medqa_test_00793,1,0.833442,3
medqa,llama-3.1-8b-instruct,medqa_test_00100,1,0.410458,4
medqa,llama-3.1-8b-instruct,medqa_test_00662,1,0.570752,3
medqa,llama-3.1-8b-instruct,medqa_test_01254,1,0.671106,1
medqa,llama-3.1-8b-instruct,medqa_test_01150,1,0.557022,5
medqa,llama-3.1-8b-instruct,medqa_test_00044,1,0.642769,3
medqa,llama-3.1-8b-instruct,medqa_test_00289,1,0.651133,2
medqa,llama-3.1-8b-instruct,medqa_test_01201,1,0.698066,5
medqa,llama-3.1-8b-instruct,medqa_test_00861,0,0.439853,3
medqa,llama-3.1-8b-instruct,medqa_test_00898,1,0.752499,3
medqa,llama-3.1-8b-instruct,medqa_test_00328,1,0.776368,4
medqa,llama-3.1-8b-instruct,medqa_test_01071,0,0.803946,2
medqa,llama-3.1-8b-instruct,medqa_test_01032,1,0.593295,1
medqa,llama-3.1-8b-instruct,medqa_test_00892,0,0.584594,3
medqa,llama-3.1-8b-instruct,medqa_test_00623,1,0.748677,5
medqa,llama-3.1-8b-instruct,medqa_test_01173,1,0.700767,3
medqa,llama-3.1-8b-instruct,medqa_test_00246,0,0.625003,4
medqa,llama-3.1-8b-instruct,medqa_test_00272,1,0.840982,2
medqa,llama-3.1-8b-instruct,medqa_test_00581,1,0.493155,1
medqa,llama-3.1-8b-instruct,medqa_test_00489,1,0.714746,5
medqa,llama-3.1-8b-instruct,medqa_test_01185,1,0.71209,2
medqa,llama-3.1-8b-instruct,medqa_test_01138,1,0.704853,1
medqa,llama-3.1-8b-instruct,medqa_test_00214,1,0.707933,1
medqa,llama-3.1-8b-instruct,medqa_test_00848,1,0.77174,4
medqa,llama-3.1-8b-instruct,medqa_test_00455,0,0.699211,2
medqa,llama-3.1-8b-instruct,medqa_test_00835,0,0.499278,4
medqa,llama-3.1-8b-instruct,medqa_test_00860,1,0.553615,5
medqa,llama-3.1-8b-instruct,medqa_test_00022,1,0.665085,1
medqa,llama-3.1-8b-instruct,medqa_test_00603,1,0.601158,1
medqa,llama-3.1-8b-instruct,medqa_test_00356,0,0.78642,1
medqa,llama-3.1-8b-instruct,medqa_test_01236,1,0.603548,1
medqa,llama-3.1-8b-instruct,medqa_test_00185,1,0.642113,5
medqa,llama-3.1-8b-instruct,medqa_test_01193,0,0.742021,5
medqa,llama-3.1-8b-instruct,medqa_test_00711,1,0.743401,5
medqa,llama-3.1-8b-instruct,medqa_test_00263,1,0.785333,4
medqa,llama-3.1-8b-instruct,medqa_test_00667,1,0.84578,1
medqa,llama-3.1-8b-instruct,medqa_test_01187,1,0.820244,4
medqa,llama-3.1-8b-instruct,medqa_test_00463,0,0.717054,3
medqa,llama-3.1-8b-instruct,medqa_test_00639,0,0.479316,3
medqa,llama-3.1-8b-instruct,medqa_test_01238,1,0.511439,1
medqa,llama-3.1-8b-instruct,medqa_test_00231,0,0.712231,3
medqa,llama-3.1-8b-instruct,medqa_test_00177,1,0.750779,3
medqa,llama-3.1-8b-instruct,medqa_test_00296,1,0.700257,4
medqa,llama-3.1-8b-instruct,medqa_test_00482,1,0.859356,5
medqa,llama-3.1-8b-instruct,medqa_test_01255,0,0.45708,2
medqa,llama-3.1-8b-instruct,medqa_test_00857,1,0.88825,1
medqa,llama-3.1-8b-instruct,medqa_test_01251,1,0.793166,2
medqa,llama-3.1-8b-instruct,medqa_test_00021,0,0.58009,2
medqa,llama-3.1-8b-instruct,medqa_test_00056,1,0.899146,3
medqa,llama-3.1-8b-instruct,medqa_test_00485,0,0.710647,1
medqa,llama-3.1-8b-instruct,medqa_test_00887,0,0.262073,4
medqa,llama-3.1-8b-instruct,medqa_test_00090,1,0.693057,4
medqa,llama-3.1-8b-instruct,medqa_test_00886,1,0.686293,5
medqa,llama-3.1-8b-instruct,medqa_test_01026,1,0.668708,1
medqa,llama-3.1-8b-instruct,medqa_test_00529,1,0.835704,2
medqa,llama-3.1-8b-instruct,medqa_test_00055,1,0.825489,3
medqa,llama-3.1-8b-instruct,medqa_test_00658,1,0.751232,3
medqa,llama-3.1-8b-instruct,medqa_test_00706,0,0.578461,3
medqa,llama-3.1-8b-instruct,medqa_test_00545,1,0.734521,3
medqa,llama-3.1-8b-instruct,medqa_test_00238,0,0.260096,5
medqa,llama-3.1-8b-instruct,medqa_test_00878,1,0.856702,3
medqa,llama-3.1-8b-instruct,medqa_test_00192,1,0.811892,1
medqa,llama-3.1-8b-instruct,medqa_test_00738,1,0.952161,4
medqa,llama-3.1-8b-instruct,medqa_test_01250,0,0.837988,3
medqa,llama-3.1-8b-instruct,medqa_test_01233,0,0.439307,3
medqa,llama-3.1-8b-instruct,medqa_test_00531,0,0.598105,2
medqa,llama-3.1-8b-instruct,medqa_test_00568,1,0.664531,2
medqa,llama-3.1-8b-instruct,medqa_test_00286,1,0.82694,3
medqa,llama-3.1-8b-instruct,medqa_test_00757,0,0.29644,4
medqa,llama-3.1-8b-instruct,medqa_test_00785,0,0.405541,3
medqa,llama-3.1-8b-instruct,medqa_test_00067,1,0.67835,2
medqa,llama-3.1-8b-instruct,medqa_test_01108,1,0.484754,5
medqa,llama-3.1-8b-instruct,medqa_test_00571,1,0.48964,5
medqa,llama-3.1-8b-instruct,medqa_test_00212,0,0.54757,3
medqa,llama-3.1-8b-instruct,medqa_test_00220,1,0.547129,5
medqa,llama-3.1-8b-instruct,medqa_test_01132,1,0.280237,2
medqa,llama-3.1-8b-instruct,medqa_test_01020,0,0.411906,5
medqa,llama-3.1-8b-instruct,medqa_test_00492,1,0.735489,5
medqa,llama-3.1-8b-instruct,medqa_test_00988,0,0.440799,4
medqa,llama-3.1-8b-instruct,medqa_test_00420,1,0.838162,3
medqa,llama-3.1-8b-instruct,medqa_test_00978,1,0.786285,2
medqa,llama-3.1-8b-instruct,medqa_test_00699,1,0.491648,2
medqa,llama-3.1-8b-instruct,medqa_test_00730,1,0.640362,1
medqa,llama-3.1-8b-instruct,medqa_test_00969,1,0.74735,1
medqa,llama-3.1-8b-instruct,medqa_test_00719,1,0.472881,3
medqa,llama-3.1-8b-instruct,medqa_test_00032,0,0.341624,3
medqa,llama-3.1-8b-instruct,medqa_test_00876,1,0.853342,4
medqa,llama-3.1-8b-instruct,medqa_test_00126,1,0.361064,2
medqa,llama-3.1-8b-instruct,medqa_test_00179,1,0.795252,1
medqa,llama-3.1-8b-instruct,medqa_test_00367,0,0.650942,1
medqa,llama-3.1-8b-instruct,medqa_test_00480,0,0.511443,5
medqa,llama-3.1-8b-instruct,medqa_test_00121,1,0.900791,2
medqa,llama-3.1-8b-instruct,medqa_test_00081,0,0.199841,4
medqa,llama-3.1-8b-instruct,medqa_test_00011,1,0.482482,1
medqa,llama-3.1-8b-instruct,medqa_test_00829,0,0.43005,1
medqa,llama-3.1-8b-instruct,medqa_test_01171,1,0.65673,3
medqa,llama-3.1-8b-instruct,medqa_test_01068,1,0.673136,2
medqa,llama-3.1-8b-instruct,medqa_test_01203,1,0.675924,5
medqa,llama-3.1-8b-instruct,medqa_test_00820,1,0.685944,5
medqa,llama-3.1-8b-instruct,medqa_test_01180,1,0.765087,3
medqa,llama-3.1-8b-instruct,medqa_test_00901,1,0.486482,5
medqa,llama-3.1-8b-instruct,medqa_test_01100,0,0.652176,2
medqa,llama-3.1-8b-instruct,medqa_test_01163,1,0.675523,5
medqa,llama-3.1-8b-instruct,medqa_test_01044,1,0.706331,3
medqa,llama-3.1-8b-instruct,medqa_test_01212,1,0.712883,4
medqa,llama-3.1-8b-instruct,medqa_test_00888,0,0.586952,5
medqa,llama-3.1-8b-instruct,medqa_test_00813,0,0.758314,5
medqa,llama-3.1-8b-instruct,medqa_test_01107,1,0.625342,4
medqa,llama-3.1-8b-instruct,medqa_test_00875,1,0.815062,3
medqa,llama-3.1-8b-instruct,medqa_test_00659,0,0.480073,5
medqa,llama-3.1-8b-instruct,medqa_test_00125,1,0.701763,4
medqa,llama-3.1-8b-instruct,medqa_test_00269,1,0.462591,4
medqa,llama-3.1-8b-instruct,medqa_test_00148,1,0.792806,1
medqa,llama-3.1-8b-instruct,medqa_test_00462,1,0.614804,1
medqa,llama-3.1-8b-instruct,medqa_test_00960,0,0.488141,5
medqa,llama-3.1-8b-instruct,medqa_test_00314,0,0.744495,2
medqa,llama-3.1-8b-instruct,medqa_test_00300,0,0.470026,3
medqa,llama-3.1-8b-instruct,medqa_test_00241,0,0.48997,1
medqa,llama-3.1-8b-instruct,medqa_test_01031,1,0.752353,3
medqa,llama-3.1-8b-instruct,medqa_test_00087,0,0.713536,5
medqa,llama-3.1-8b-instruct,medqa_test_00726,1,0.7581,3
medqa,llama-3.1-8b-instruct,medqa_test_00771,0,0.178092,4
medqa,llama-3.1-8b-instruct,medqa_test_00017,1,0.979102,4
medqa,llama-3.1-8b-instruct,medqa_test_00034,0,0.695362,3
medqa,llama-3.1-8b-instruct,medqa_test_01041,0,0.45781,2
medqa,llama-3.1-8b-instruct,medqa_test_01006,1,0.87798,2
medqa,llama-3.1-8b-instruct,medqa_test_00153,1,0.963764,4
medqa,llama-3.1-8b-instruct,medqa_test_00298,0,0.645318,1
medqa,llama-3.1-8b-instruct,medqa_test_00428,1,0.558496,5
medqa,llama-3.1-8b-instruct,medqa_test_00893,1,0.599731,4
medqa,llama-3.1-8b-instruct,medqa_test_00294,0,0.772409,1
medqa,llama-3.1-8b-instruct,medqa_test_00599,1,0.686126,4
medqa,llama-3.1-8b-instruct,medqa_test_01014,0,0.765791,1
medqa,llama-3.1-8b-instruct,medqa_test_00587,0,0.614132,1
medqa,llama-3.1-8b-instruct,medqa_test_00677,0,0.655148,1
medqa,llama-3.1-8b-instruct,medqa_test_01037,0,0.651658,3
medqa,llama-3.1-8b-instruct,medqa_test_00834,1,0.794632,3
medqa,llama-3.1-8b-instruct,medqa_test_01065,0,0.477558,5
medqa,llama-3.1-8b-instruct,medqa_test_01058,1,0.332985,2
medqa,llama-3.1-8b-instruct,medqa_test_00837,1,0.670254,2
medqa,llama-3.1-8b-instruct,medqa_test_01029,0,0.585141,1
medqa,llama-3.1-8b-instruct,medqa_test_00259,1,0.959186,2
medqa,llama-3.1-8b-instruct,medqa_test_00714,0,0.530239,4
medqa,llama-3.1-8b-instruct,medqa_test_00954,1,0.519208,4
medqa,llama-3.1-8b-instruct,medqa_test_00728,1,0.898023,1
medqa,llama-3.1-8b-instruct,medqa_test_00057,1,0.730091,1
medqa,llama-3.1-8b-instruct,medqa_test_00580,1,0.561138,5
medqa,llama-3.1-8b-instruct,medqa_test_01195,1,0.710402,1
medqa,llama-3.1-8b-instruct,medqa_test_00605,0,0.650081,3
medqa,llama-3.1-8b-instruct,medqa_test_00889,1,0.565974,1
medqa,llama-3.1-8b-instruct,medqa_test_00768,1,0.877755,3
medqa,llama-3.1-8b-instruct,medqa_test_00645,1,0.473081,5
medqa,llama-3.1-8b-instruct,medqa_test_00858,0,0.724682,3
medqa,llama-3.1-8b-instruct,medqa_test_01118,1,0.831684,2
medqa,llama-3.1-8b-instruct,medqa_test_00434,1,0.865769,2
medqa,llama-3.1-8b-instruct,medqa_test_00562,1,0.834338,3
medqa,llama-3.1-8b-instruct,medqa_test_01021,0,0.444688,4
medqa,llama-3.1-8b-instruct,medqa_test_00261,1,0.60696,1
medqa,llama-3.1-8b-instruct,medqa_test_00410,1,0.642392,3
medqa,llama-3.1-8b-instruct,medqa_test_00880,0,0.516344,1
medqa,llama-3.1-8b-instruct,medqa_test_00458,1,0.530968,4
medqa,llama-3.1-8b-instruct,medqa_test_00275,1,0.724035,1
medqa,llama-3.1-8b-instruct,medqa_test_00575,1,0.570549,1
medqa,llama-3.1-8b-instruct,medqa_test_00112,0,0.763939,3
medqa,llama-3.1-8b-instruct,medqa_test_00073,1,0.775994,5
medqa,llama-3.1-8b-instruct,medqa_test_00383,1,0.538574,5
medqa,llama-3.1-8b-instruct,medqa_test_00668,1,0.64038,5
medqa,llama-3.1-8b-instruct,medqa_test_00068,0,0.547346,3
medqa,llama-3.1-8b-instruct,medqa_test_00396,1,0.853128,5
medqa,llama-3.1-8b-instruct,medqa_test_01013,1,0.656597,4
medqa,llama-3.1-8b-instruct,medqa_test_00361,0,0.643523,5
medqa,llama-3.1-8b-instruct,medqa_test_00461,0,0.539345,5
medqa,llama-3.1-8b-instruct,medqa_test_00160,0,0.832205,2
medqa,llama-3.1-8b-instruct,medqa_test_00423,0,0.591609,2
medqa,llama-3.1-8b-instruct,medqa_test_01069,1,0.736854,2
medqa,llama-3.1-8b-instruct,medqa_test_00280,1,0.83457,2
medqa,llama-3.1-8b-instruct,medqa_test_00491,1,0.223941,2
medqa,llama-3.1-8b-instruct,medqa_test_00048,1,0.524402,3
medqa,llama-3.1-8b-instruct,medqa_test_01172,1,0.654248,3
medqa,llama-3.1-8b-instruct,medqa_test_00852,1,0.639844,1
medqa,llama-3.1-8b-instruct,medqa_test_00847,1,0.55328,3
medqa,llama-3.1-8b-instruct,medqa_test_00731,1,0.802653,2
medqa,llama-3.1-8b-instruct,medqa_test_00745,1,0.638457,3
medqa,llama-3.1-8b-instruct,medqa_test_01018,1,0.493946,5
medqa,llama-3.1-8b-instruct,medqa_test_00779,1,0.3237,3
medqa,llama-3.1-8b-instruct,medqa_test_00386,0,0.596116,3
medqa,llama-3.1-8b-instruct,medqa_test_00498,0,0.395213,3
medqa,llama-3.1-8b-instruct,medqa_test_01226,1,0.640093,1
medqa,llama-3.1-8b-instruct,medqa_test_00640,0,0.80322,5
medqa,llama-3.1-8b-instruct,medqa_test_00018,0,0.707493,1
medqa,llama-3.1-8b-instruct,medqa_test_00382,1,0.72,3
medqa,llama-3.1-8b-instruct,medqa_test_01016,0,0.618504,1
medqa,llama-3.1-8b-instruct,medqa_test_00607,1,0.90278,2
medqa,llama-3.1-8b-instruct,medqa_test_00210,1,0.63659,4
medqa,llama-3.1-8b-instruct,medqa_test_00168,1,0.713607,3
medqa,llama-3.1-8b-instruct,medqa_test_01207,1,0.557199,5
medqa,llama-3.1-8b-instruct,medqa_test_01211,1,0.601057,5
medqa,llama-3.1-8b-instruct,medqa_test_00164,1,0.598801,3
medqa,llama-3.1-8b-instruct,medqa_test_00170,0,0.542257,2
medqa,llama-3.1-8b-instruct,medqa_test_00808,1,0.81477,2
medqa,llama-3.1-8b-instruct,medqa_test_00766,1,0.527141,5
medqa,llama-3.1-8b-instruct,medqa_test_00474,1,0.933269,2
medqa,llama-3.1-8b-instruct,medqa_test_00712,1,0.659063,1
medqa,llama-3.1-8b-instruct,medqa_test_00936,0,0.692509,5
medqa,llama-3.1-8b-instruct,medqa_test_01126,0,0.76244,4
medqa,llama-3.1-8b-instruct,medqa_test_00092,1,0.660492,1
medqa,llama-3.1-8b-instruct,medqa_test_01219,1,0.788161,3
medqa,llama-3.1-8b-instruct,medqa_test_01208,1,0.514602,1
medqa,llama-3.1-8b-instruct,medqa_test_00089,1,0.793064,2
medqa,llama-3.1-8b-instruct,medqa_test_00651,0,0.658723,1
medqa,llama-3.1-8b-instruct,medqa_test_01248,1,0.650858,1
medqa,llama-3.1-8b-instruct,medqa_test_00010,1,0.730296,2
medqa,llama-3.1-8b-instruct,medqa_test_00949,1,0.753809,2
medqa,llama-3.1-8b-instruct,medqa_test_00046,1,0.86814,1
medqa,llama-3.1-8b-instruct,medqa_test_01245,0,0.489187,5
medqa,llama-3.1-8b-instruct,medqa_test_00883,1,0.864621,5
medqa,llama-3.1-8b-instruct,medqa_test_00221,0,0.67941,1
medqa,llama-3.1-8b-instruct,medqa_test_00962,1,0.661902,1
medqa,llama-3.1-8b-instruct,medqa_test_01223,0,0.837976,3
medqa,llama-3.1-8b-instruct,medqa_test_00923,1,0.811275,4
medqa,llama-3.1-8b-instruct,medqa_test_01036,1,0.623321,5
medqa,llama-3.1-8b-instruct,medqa_test_01064,1,0.767849,1
medqa,llama-3.1-8b-instruct,medqa_test_00256,0,0.475164,5
medqa,llama-3.1-8b-instruct,medqa_test_00139,0,0.163338,1
medqa,llama-3.1-8b-instruct,medqa_test_01213,1,0.728528,1
medqa,llama-3.1-8b-instruct,medqa_test_00763,1,0.754097,5
medqa,llama-3.1-8b-instruct,medqa_test_00239,1,0.76489,2
medqa,llama-3.1-8b-instruct,medqa_test_00624,1,0.767038,4
medqa,llama-3.1-8b-instruct,medqa_test_00606,1,0.632565,5
medqa,llama-3.1-8b-instruct,medqa_test_00723,1,0.632597,4
medqa,llama-3.1-8b-instruct,medqa_test_00459,1,0.818636,3
medqa,llama-3.1-8b-instruct,medqa_test_00579,1,0.594079,1
medqa,llama-3.1-8b-instruct,medqa_test_00157,1,0.664187,4
medqa,llama-3.1-8b-instruct,medqa_test_00084,1,0.739112,1
medqa,llama-3.1-8b-instruct,medqa_test_00352,0,0.576062,3
medqa,llama-3.1-8b-instruct,medqa_test_00612,1,0.540883,1
medqa,llama-3.1-8b-instruct,medqa_test_00072,1,0.659567,2
medqa,llama-3.1-8b-instruct,medqa_test_00724,0,0.545162,3
medqa,llama-3.1-8b-instruct,medqa_test_00374,1,0.599139,4
medqa,llama-3.1-8b-instruct,medqa_test_00363,1,0.650912,3
medqa,llama-3.1-8b-instruct,medqa_test_00642,0,0.670306,5
medqa,llama-3.1-8b-instruct,medqa_test_01095,0,0.708457,2
medqa,llama-3.1-8b-instruct,medqa_test_01168,1,0.756365,1
medqa,llama-3.1-8b-instruct,medqa_test_00101,1,0.83735,3
medqa,llama-3.1-8b-instruct,medqa_test_00401,1,0.562826,3
medqa,llama-3.1-8b-instruct,medqa_test_00348,0,0.640478,4
medqa,llama-3.1-8b-instruct,medqa_test_00346,0,0.82106,3
medqa,llama-3.1-8b-instruct,medqa_test_00119,1,0.587409,2
medqa,llama-3.1-8b-instruct,medqa_test_00870,1,0.625975,3
medqa,llama-3.1-8b-instruct,medqa_test_00525,0,0.617257,5
medqa,llama-3.1-8b-instruct,medqa_test_00749,1,0.747584,5
medqa,llama-3.1-8b-instruct,medqa_test_00147,1,0.575883,5
medqa,llama-3.1-8b-instruct,medqa_test_00439,1,0.672641,4
medqa,llama-3.1-8b-instruct,medqa_test_00016,0,0.871322,4
medqa,llama-3.1-8b-instruct,medqa_test_00402,1,0.521095,3
medqa,llama-3.1-8b-instruct,medqa_test_00708,0,0.53482,3
medqa,llama-3.1-8b-instruct,medqa_test_00304,0,0.488494,5
medqa,llama-3.1-8b-instruct,medqa_test_00614,1,0.653998,3
medqa,llama-3.1-8b-instruct,medqa_test_00971,1,0.555921,4
medqa,llama-3.1-8b-instruct,medqa_test_00772,0,0.819357,2
medqa,llama-3.1-8b-instruct,medqa_test_00894,1,0.538615,4
medqa,llama-3.1-8b-instruct,medqa_test_00282,1,0.716714,2
medqa,llama-3.1-8b-instruct,medqa_test_00512,0,0.822925,1
medqa,llama-3.1-8b-instruct,medqa_test_00989,0,0.46827,1
medqa,llama-3.1-8b-instruct,medqa_test_00080,1,0.696094,1
medqa,llama-3.1-8b-instruct,medqa_test_01174,0,0.542269,2
medqa,llama-3.1-8b-instruct,medqa_test_00628,1,0.726251,3
medqa,llama-3.1-8b-instruct,medqa_test_00945,0,0.687019,4
medqa,llama-3.1-8b-instruct,medqa_test_00494,1,0.351561,1
medqa,llama-3.1-8b-instruct,medqa_test_00320,0,0.726936,1
medqa,llama-3.1-8b-instruct,medqa_test_00921,0,0.776931,4
medqa,llama-3.1-8b-instruct,medqa_test_00050,1,0.803834,1
medqa,llama-3.1-8b-instruct,medqa_test_00504,1,0.583459,3
medqa,llama-3.1-8b-instruct,medqa_test_01042,1,0.918821,5
medqa,llama-3.1-8b-instruct,medqa_test_01110,1,0.383966,1
medqa,llama-3.1-8b-instruct,medqa_test_01175,1,0.713575,4
medqa,llama-3.1-8b-instruct,medqa_test_00762,0,0.622584,5
medqa,llama-3.1-8b-instruct,medqa_test_00632,1,0.620607,2
medqa,llama-3.1-8b-instruct,medqa_test_00839,1,0.701657,5
medqa,llama-3.1-8b-instruct,medqa_test_00872,1,0.648768,5
medqa,llama-3.1-8b-instruct,medqa_test_00226,1,0.588948,4
medqa,llama-3.1-8b-instruct,medqa_test_01056,1,0.857824,2
medqa,llama-3.1-8b-instruct,medqa_test_00502,1,0.713638,5
medqa,llama-3.1-8b-instruct,medqa_test_00794,1,0.505322,4
medqa,llama-3.1-8b-instruct,medqa_test_00115,1,0.812412,1
medqa,llama-3.1-8b-instruct,medqa_test_00751,0,0.399393,1
medqa,llama-3.1-8b-instruct,medqa_test_00419,0,0.533543,4
medqa,llama-3.1-8b-instruct,medqa_test_00310,1,0.761987,4
medqa,llama-3.1-8b-instruct,medqa_test_00213,1,0.699378,4
medqa,llama-3.1-8b-instruct,medqa_test_01047,1,0.528352,4
medqa,llama-3.1-8b-instruct,medqa_test_00060,1,0.720941,2
medqa,llama-3.1-8b-instruct,medqa_test_00755,0,0.679704,1
medqa,llama-3.1-8b-instruct,medqa_test_00479,1,0.754063,3
medqa,llama-3.1-8b-instruct,medqa_test_00155,0,0.529277,3
medqa,llama-3.1-8b-instruct,medqa_test_00910,0,0.655249,4
medqa,llama-3.1-8b-instruct,medqa_test_00076,1,0.600612,5
medqa,llama-3.1-8b-instruct,medqa_test_01210,0,0.502861,2
medqa,llama-3.1-8b-instruct,medqa_test_00404,1,0.679698,1
medqa,llama-3.1-8b-instruct,medqa_test_00906,0,0.718819,1
medqa,llama-3.1-8b-instruct,medqa_test_00322,1,0.695624,3
medqa,llama-3.1-8b-instruct,medqa_test_00295,1,0.88124,4
medqa,llama-3.1-8b-instruct,medqa_test_00037,1,0.761081,3
medqa,llama-3.1-8b-instruct,medqa_test_00397,1,0.449778,5
medqa,llama-3.1-8b-instruct,medqa_test_00205,1,0.621989,3
medqa,llama-3.1-8b-instruct,medqa_test_00033,0,0.654658,2
medqa,llama-3.1-8b-instruct,medqa_test_01002,0,0.68203,5
medqa,llama-3.1-8b-instruct,medqa_test_00666,1,0.425584,3
medqa,llama-3.1-8b-instruct,medqa_test_00998,1,0.504578,2
medqa,llama-3.1-8b-instruct,medqa_test_00595,1,0.787894,1
medqa,llama-3.1-8b-instruct,medqa_test_01135,0,0.665355,2
medqa,llama-3.1-8b-instruct,medqa_test_01120,1,0.927881,5
medqa,llama-3.1-8b-instruct,medqa_test_01001,1,0.848157,5
medqa,llama-3.1-8b-instruct,medqa_test_00245,0,0.491091,5
medqa,llama-3.1-8b-instruct,medqa_test_00643,1,0.583407,2
medqa,llama-3.1-8b-instruct,medqa_test_01081,1,0.760591,3
medqa,llama-3.1-8b-instruct,medqa_test_00729,1,0.623619,3
medqa,llama-3.1-8b-instruct,medqa_test_00615,1,0.695634,5
medqa,llama-3.1-8b-instruct,medqa_test_00896,1,0.620727,5
medqa,llama-3.1-8b-instruct,medqa_test_00926,1,0.651908,2
medqa,llama-3.1-8b-instruct,medqa_test_00385,1,0.779268,2
medqa,llama-3.1-8b-instruct,medqa_test_01244,0,0.622219,4
medqa,llama-3.1-8b-instruct,medqa_test_01152,0,0.624855,5
medqa,llama-3.1-8b-instruct,medqa_test_00944,0,0.736473,2
medqa,llama-3.1-8b-instruct,medqa_test_00149,0,0.84051,3
medqa,llama-3.1-8b-instruct,medqa_test_00933,0,0.341454,4
medqa,llama-3.1-8b-instruct,medqa_test_00591,1,0.613686,4
medqa,llama-3.1-8b-instruct,medqa_test_01151,1,0.411633,1
medqa,llama-3.1-8b-instruct,medqa_test_00140,1,0.82772,2
medqa,llama-3.1-8b-instruct,medqa_test_01154,1,0.75169,5
medqa,llama-3.1-8b-instruct,medqa_test_00828,0,0.619362,3
medqa,llama-3.1-8b-instruct,medqa_test_00851,0,0.536793,4
medqa,llama-3.1-8b-instruct,medqa_test_00007,1,0.658952,5
medqa,llama-3.1-8b-instruct,medqa_test_00953,0,0.729963,2
medqa,llama-3.1-8b-instruct,medqa_test_00091,1,0.623875,1
medqa,llama-3.1-8b-instruct,medqa_test_00184,0,0.719101,5
medqa,llama-3.1-8b-instruct,medqa_test_00116,1,0.568129,4
medqa,llama-3.1-8b-instruct,medqa_test_00684,0,0.577716,4
medqa,llama-3.1-8b-instruct,medqa_test_00099,1,0.727534,4
medqa,llama-3.1-8b-instruct,medqa_test_00585,1,0.668973,5
medqa,llama-3.1-8b-instruct,medqa_test_00144,1,0.644539,3
medqa,llama-3.1-8b-instruct,medqa_test_01079,1,0.58585,2
medqa,llama-3.1-8b-instruct,medqa_test_00884,1,0.834774,3
medqa,llama-3.1-8b-instruct,medqa_test_00617,1,0.748991,3
medqa,llama-3.1-8b-instruct,medqa_test_00301,0,0.612316,3
medqa,llama-3.1-8b-instruct,medqa_test_00524,1,0.298693,2
medqa,llama-3.1-8b-instruct,medqa_test_00557,1,0.620373,1
medqa,llama-3.1-8b-instruct,medqa_test_01096,1,0.72204,4
medqa,llama-3.1-8b-instruct,medqa_test_00868,1,0.605443,1
medqa,llama-3.1-8b-instruct,medqa_test_00547,0,0.668678,3
medqa,llama-3.1-8b-instruct,medqa_test_00661,0,0.635364,1
medqa,llama-3.1-8b-instruct,medqa_test_00895,1,0.630953,3
medqa,llama-3.1-8b-instruct,medqa_test_00818,1,0.70966,2
medqa,llama-3.1-8b-instruct,medqa_test_00390,1,0.668724,1
medqa,llama-3.1-8b-instruct,medqa_test_00515,1,0.648518,3
medqa,llama-3.1-8b-instruct,medqa_test_00380,0,0.314129,5
medqa,llama-3.1-8b-instruct,medqa_test_00534,1,0.745305,2
medqa,llama-3.1-8b-instruct,medqa_test_00937,1,0.584389,3
medqa,llama-3.1-8b-instruct,medqa_test_00098,1,0.678024,1
medqa,llama-3.1-8b-instruct,medqa_test_00369,0,0.702626,3
medqa,llama-3.1-8b-instruct,medqa_test_01260,0,0.639418,5
medqa,llama-3.1-8b-instruct,medqa_test_00780,1,0.668734,3
medqa,llama-3.1-8b-instruct,medqa_test_00128,0,0.607494,1
medqa,llama-3.1-8b-instruct,medqa_test_01268,1,0.705819,3
medqa,llama-3.1-8b-instruct,medqa_test_00588,0,0.695159,5
medqa,llama-3.1-8b-instruct,medqa_test_00232,1,0.615671,4
medqa,llama-3.1-8b-instruct,medqa_test_00657,1,0.571426,5
medqa,llama-3.1-8b-instruct,medqa_test_01125,1,0.728351,2
medqa,llama-3.1-8b-instruct,medqa_test_00782,1,0.719717,5
medqa,llama-3.1-8b-instruct,medqa_test_00647,1,0.624347,5
medqa,llama-3.1-8b-instruct,medqa_test_01136,0,0.638316,2
medqa,llama-3.1-8b-instruct,medqa_test_00176,1,0.814796,3
medqa,llama-3.1-8b-instruct,medqa_test_00805,1,0.690708,1
medqa,llama-3.1-8b-instruct,medqa_test_00653,1,0.563337,2
medqa,llama-3.1-8b-instruct,medqa_test_00844,0,0.426841,2
medqa,llama-3.1-8b-instruct,medqa_test_00188,1,0.66619,3
medqa,llama-3.1-8b-instruct,medqa_test_00297,0,0.696243,1
medqa,llama-3.1-8b-instruct,medqa_test_00797,1,0.649307,4
medqa,llama-3.1-8b-instruct,medqa_test_00522,1,0.625713,5
medqa,llama-3.1-8b-instruct,medqa_test_00508,0,0.667608,2
medqa,llama-3.1-8b-instruct,medqa_test_00354,1,0.716338,3
medqa,llama-3.1-8b-instruct,medqa_test_00207,1,0.705757,4
medqa,llama-3.1-8b-instruct,medqa_test_00113,1,0.772104,1
medqa,llama-3.1-8b-instruct,medqa_test_00700,1,0.77017,1
medqa,llama-3.1-8b-instruct,medqa_test_00855,1,0.551196,5
medqa,llama-3.1-8b-instruct,medqa_test_00927,1,0.622914,4
medqa,llama-3.1-8b-instruct,medqa_test_00965,1,0.75864,4
medqa,llama-3.1-8b-instruct,medqa_test_00744,1,0.644038,1
medqa,llama-3.1-8b-instruct,medqa_test_00513,1,0.723377,1
medqa,llama-3.1-8b-instruct,medqa_test_00364,1,0.819556,5
medqa,llama-3.1-8b-instruct,medqa_test_01007,0,0.679625,4
medqa,llama-3.1-8b-instruct,medqa_test_00243,0,0.681494,1
medqa,llama-3.1-8b-instruct,medqa_test_00786,1,0.640196,5
medqa,llama-3.1-8b-instruct,medqa_test_00977,1,0.766786,1
medqa,llama-3.1-8b-instruct,medqa_test_00984,0,0.644534,2
medqa,llama-3.1-8b-instruct,medqa_test_00483,0,0.759264,1
medqa,llama-3.1-8b-instruct,medqa_test_00697,0,0.671042,4
medqa,llama-3.1-8b-instruct,medqa_test_00905,0,0.891876,4
medqa,llama-3.1-8b-instruct,medqa_test_00368,0,0.67153,5
medqa,llama-3.1-8b-instruct,medqa_test_00537,0,0.712872,5
medqa,llama-3.1-8b-instruct,medqa_test_01091,1,0.576143,3
medqa,llama-3.1-8b-instruct,medqa_test_00097,1,0.740583,3
medqa,llama-3.1-8b-instruct,medqa_test_00264,0,0.380197,4
medqa,llama-3.1-8b-instruct,medqa_test_00750,1,0.820244,3
medqa,llama-3.1-8b-instruct,medqa_test_00952,0,0.750077,3
medqa,llama-3.1-8b-instruct,medqa_test_00637,1,0.790316,4
medqa,llama-3.1-8b-instruct,medqa_test_00616,0,0.550411,5
medqa,llama-3.1-8b-instruct,medqa_test_00803,0,0.572829,2
medqa,llama-3.1-8b-instruct,medqa_test_00613,1,0.735431,4
medqa,llama-3.1-8b-instruct,medqa_test_01189,1,0.790403,5
medqa,llama-3.1-8b-instruct,medqa_test_00143,1,0.790611,3
medqa,llama-3.1-8b-instruct,medqa_test_00174,1,0.394728,2
medqa,llama-3.1-8b-instruct,medqa_test_00132,1,0.697978,1
medqa,llama-3.1-8b-instruct,medqa_test_00809,1,0.61514,4
medqa,llama-3.1-8b-instruct,medqa_test_00840,1,0.863934,3
medqa,llama-3.1-8b-instruct,medqa_test_00526,1,0.487676,1
medqa,llama-3.1-8b-instruct,medqa_test_00831,1,0.440366,2
medqa,llama-3.1-8b-instruct,medqa_test_01218,0,0.611243,5
medqa,llama-3.1-8b-instruct,medqa_test_00843,1,0.659882,1
medqa,llama-3.1-8b-instruct,medqa_test_01222,0,0.762239,1
medqa,llama-3.1-8b-instruct,medqa_test_01270,0,0.584136,3
medqa,llama-3.1-8b-instruct,medqa_test_01088,1,0.58054,2
medqa,llama-3.1-8b-instruct,medqa_test_00172,0,0.654884,4
medqa,llama-3.1-8b-instruct,medqa_test_01197,1,0.528271,2
medqa,llama-3.1-8b-instruct,medqa_test_00342,1,0.84587,5
medqa,llama-3.1-8b-instruct,medqa_test_00816,1,0.883764,2
medqa,llama-3.1-8b-instruct,medqa_test_00237,0,0.564599,5
medqa,llama-3.1-8b-instruct,medqa_test_00544,1,0.722185,5
medqa,llama-3.1-8b-instruct,medqa_test_00672,1,0.696482,5
medqa,llama-3.1-8b-instruct,medqa_test_00702,1,0.557796,2
medqa,llama-3.1-8b-instruct,medqa_test_01089,1,0.543351,5
medqa,llama-3.1-8b-instruct,medqa_test_00804,1,0.844945,5
medqa,llama-3.1-8b-instruct,medqa_test_01230,0,0.583861,1
medqa,llama-3.1-8b-instruct,medqa_test_00251,1,0.764054,5
medqa,llama-3.1-8b-instruct,medqa_test_01224,0,0.730468,5
medqa,llama-3.1-8b-instruct,medqa_test_00274,1,0.678417,5
medqa,llama-3.1-8b-instruct,medqa_test_00604,1,0.76968,1
medqa,llama-3.1-8b-instruct,medqa_test_00554,0,0.725372,3
medqa,llama-3.1-8b-instruct,medqa_test_00495,0,0.853974,5
medqa,llama-3.1-8b-instruct,medqa_test_00276,1,0.599029,3
medqa,llama-3.1-8b-instruct,medqa_test_00678,0,0.634724,1
medqa,llama-3.1-8b-instruct,medqa_test_00445,1,0.444316,2
medqa,llama-3.1-8b-instruct,medqa_test_00560,0,0.486012,5
medqa,llama-3.1-8b-instruct,medqa_test_00470,1,0.815813,3
medqa,llama-3.1-8b-instruct,medqa_test_00370,1,0.716117,2
medqa,llama-3.1-8b-instruct,medqa_test_00443,1,0.617419,3
medqa,llama-3.1-8b-instruct,medqa_test_00108,0,0.688182,2
medqa,llama-3.1-8b-instruct,medqa_test_01200,1,0.605102,2
medqa,llama-3.1-8b-instruct,medqa_test_00622,1,0.283389,4
medqa,llama-3.1-8b-instruct,medqa_test_00012,1,0.841388,4
medqa,llama-3.1-8b-instruct,medqa_test_00349,1,0.658121,2
medqa,llama-3.1-8b-instruct,medqa_test_01048,0,0.419805,3
medqa,llama-3.1-8b-instruct,medqa_test_00913,0,0.673471,2
medqa,llama-3.1-8b-instruct,medqa_test_00379,1,0.635299,3
medqa,llama-3.1-8b-instruct,medqa_test_00618,1,0.673361,5
medqa,llama-3.1-8b-instruct,medqa_test_00355,1,0.799663,2
medqa,llama-3.1-8b-instruct,medqa_test_00862,0,0.67115,1
medqa,llama-3.1-8b-instruct,medqa_test_00123,1,0.559774,3
medqa,llama-3.1-8b-instruct,medqa_test_01045,1,0.539345,5
medqa,llama-3.1-8b-instruct,medqa_test_00104,1,0.722469,1
medqa,llama-3.1-8b-instruct,medqa_test_00248,0,0.660784,3
medqa,llama-3.1-8b-instruct,medqa_test_00874,0,0.439373,2
medqa,llama-3.1-8b-instruct,medqa_test_00701,0,0.80844,4
medqa,llama-3.1-8b-instruct,medqa_test_00406,1,0.678316,4
medqa,llama-3.1-8b-instruct,medqa_test_00384,0,0.608532,5
medqa,llama-3.1-8b-instruct,medqa_test_00319,0,0.523104,5
medqa,llama-3.1-8b-instruct,medqa_test_00026,1,0.75958,1
medqa,llama-3.1-8b-instruct,medqa_test_01228,0,0.47786,4
medqa,llama-3.1-8b-instruct,medqa_test_00167,1,0.490559,4
medqa,llama-3.1-8b-instruct,medqa_test_00934,1,0.60821,5
medqa,llama-3.1-8b-instruct,medqa_test_00171,0,0.618808,5
medqa,llama-3.1-8b-instruct,medqa_test_00377,1,0.685437,1
medqa,llama-3.1-8b-instruct,medqa_test_01111,1,0.803351,4
medqa,llama-3.1-8b-instruct,medqa_test_00879,1,0.653989,4
medqa,llama-3.1-8b-instruct,medqa_test_01057,0,0.532121,5
medqa,llama-3.1-8b-instruct,medqa_test_00117,1,0.359685,5
medqa,llama-3.1-8b-instruct,medqa_test_00716,1,0.689741,2
medqa,llama-3.1-8b-instruct,medqa_test_00129,1,0.736801,3
medqa,llama-3.1-8b-instruct,medqa_test_00709,0,0.468372,5
medqa,llama-3.1-8b-instruct,medqa_test_00633,1,0.619146,5
medqa,llama-3.1-8b-instruct,medqa_test_00909,0,0.898859,2
medqa,llama-3.1-8b-instruct,medqa_test_00842,1,0.691929,4
medqa,llama-3.1-8b-instruct,medqa_test_00654,1,0.54777,4
medqa,llama-3.1-8b-instruct,medqa_test_00031,0,0.740093,2
medqa,llama-3.1-8b-instruct,medqa_test_00041,1,0.820712,1
medqa,llama-3.1-8b-instruct,medqa_test_00942,1,0.693597,4
medqa,llama-3.1-8b-instruct,medqa_test_01123,1,0.736016,1
medqa,llama-3.1-8b-instruct,medqa_test_01101,1,0.890161,2
medqa,llama-3.1-8b-instruct,medqa_test_00053,1,0.826901,2
medqa,llama-3.1-8b-instruct,medqa_test_01196,1,0.70956,3
medqa,llama-3.1-8b-instruct,medqa_test_00019,0,0.604156,1
medqa,llama-3.1-8b-instruct,medqa_test_01038,1,0.60485,5
medqa,llama-3.1-8b-instruct,medqa_test_00980,0,0.594224,2
medqa,llama-3.1-8b-instruct,medqa_test_00258,0,0.533555,4
medqa,llama-3.1-8b-instruct,medqa_test_00431,0,0.557401,4
medqa,llama-3.1-8b-instruct,medqa_test_00284,0,0.316861,5
medqa,llama-3.1-8b-instruct,medqa_test_00986,0,0.452023,2
medqa,llama-3.1-8b-instruct,medqa_test_00345,0,0.760744,2
medqa,llama-3.1-8b-instruct,medqa_test_00748,1,0.80404,3
medqa,llama-3.1-8b-instruct,medqa_test_00465,1,0.653681,1
medqa,llama-3.1-8b-instruct,medqa_test_00216,0,0.559428,1
medqa,llama-3.1-8b-instruct,medqa_test_00335,1,0.584559,1
medqa,llama-3.1-8b-instruct,medqa_test_00739,1,0.34601,4
medqa,llama-3.1-8b-instruct,medqa_test_00266,0,0.6545,2
medqa,llama-3.1-8b-instruct,medqa_test_00811,1,0.800597,4
medqa,llama-3.1-8b-instruct,medqa_test_01164,0,0.416989,4
medqa,llama-3.1-8b-instruct,medqa_test_00472,1,0.55943,4
medqa,llama-3.1-8b-instruct,medqa_test_01084,0,0.467403,3
medqa,llama-3.1-8b-instruct,medqa_test_01076,0,0.502715,3
medqa,llama-3.1-8b-instruct,medqa_test_00085,0,0.652048,2
medqa,llama-3.1-8b-instruct,medqa_test_00792,1,0.740317,3
medqa,llama-3.1-8b-instruct,medqa_test_00577,1,0.494739,5
medqa,llama-3.1-8b-instruct,medqa_test_00403,1,0.704054,3
medqa,llama-3.1-8b-instruct,medqa_test_00027,1,0.714362,2
medqa,llama-3.1-8b-instruct,medqa_test_01148,1,0.80291,3
medqa,llama-3.1-8b-instruct,medqa_test_01122,1,0.861148,5
medqa,llama-3.1-8b-instruct,medqa_test_00478,1,0.761697,3
medqa,llama-3.1-8b-instruct,medqa_test_00169,1,0.727235,5
medqa,llama-3.1-8b-instruct,medqa_test_00414,1,0.68347,1
medqa,llama-3.1-8b-instruct,medqa_test_00344,0,0.686842,1
medqa,llama-3.1-8b-instruct,medqa_test_00774,0,0.765049,5
medqa,llama-3.1-8b-instruct,medqa_test_00029,0,0.602562,2
medqa,llama-3.1-8b-instruct,medqa_test_01073,0,0.72614,5
medqa,llama-3.1-8b-instruct,medqa_test_00279,0,0.648352,2
medqa,llama-3.1-8b-instruct,medqa_test_00710,1,0.501424,4
medqa,llama-3.1-8b-instruct,medqa_test_00499,0,0.492311,4
medqa,llama-3.1-8b-instruct,medqa_test_00225,1,0.814745,3
medqa,llama-3.1-8b-instruct,medqa_test_00559,1,0.899914,2
medqa,llama-3.1-8b-instruct,medqa_test_00770,1,0.425754,3
medqa,llama-3.1-8b-instruct,medqa_test_00979,1,0.651957,5
medqa,llama-3.1-8b-instruct,medqa_test_00399,0,0.553873,4
medqa,llama-3.1-8b-instruct,medqa_test_00305,0,0.701338,5
medqa,llama-3.1-8b-instruct,medqa_test_00360,0,0.546341,1
medqa,llama-3.1-8b-instruct,medqa_test_01141,1,0.465615,2
medqa,llama-3.1-8b-instruct,medqa_test_01008,0,0.51885,5
medqa,llama-3.1-8b-instruct,medqa_test_01054,0,0.832054,4
medqa,llama-3.1-8b-instruct,medqa_test_00690,1,0.60929,5
medqa,llama-3.1-8b-instruct,medqa_test_00020,1,0.848753,5
medqa,llama-3.1-8b-instruct,medqa_test_01009,1,0.583955,2
medqa,llama-3.1-8b-instruct,medqa_test_00398,0,0.811139,2
medqa,llama-3.1-8b-instruct,medqa_test_01169,1,0.683973,5
medqa,llama-3.1-8b-instruct,medqa_test_00211,0,0.678566,2
medqa,llama-3.1-8b-instruct,medqa_test_00063,1,0.665057,3
medqa,llama-3.1-8b-instruct,medqa_test_00425,0,0.319273,1
medqa,llama-3.1-8b-instruct,medqa_test_00477,0,0.67736,5
medqa,llama-3.1-8b-instruct,medqa_test_01015,1,0.578827,3
medqa,llama-3.1-8b-instruct,medqa_test_00846,1,0.627416,4
medqa,llama-3.1-8b-instruct,medqa_test_00417,1,0.810858,1
medqa,llama-3.1-8b-instruct,medqa_test_01092,1,0.668918,5
medqa,llama-3.1-8b-instruct,medqa_test_01190,1,0.831152,1
medqa,llama-3.1-8b-instruct,medqa_test_00219,0,0.644492,4
medqa,llama-3.1-8b-instruct,medqa_test_00156,1,0.685189,2
medqa,llama-3.1-8b-instruct,medqa_test_01055,1,0.790964,2
medqa,llama-3.1-8b-instruct,medqa_test_00236,1,0.83814,4
medqa,llama-3.1-8b-instruct,medqa_test_01114,0,0.417822,4
medqa,llama-3.1-8b-instruct,medqa_test_00999,1,0.798491,4
medqa,llama-3.1-8b-instruct,medqa_test_00553,1,0.870448,1
medqa,llama-3.1-8b-instruct,medqa_test_01160,1,0.767684,3
medqa,llama-3.1-8b-instruct,medqa_test_00943,1,0.77414,3
medqa,llama-3.1-8b-instruct,medqa_test_00916,1,0.677313,3
medqa,llama-3.1-8b-instruct,medqa_test_00705,1,0.706302,3
medqa,llama-3.1-8b-instruct,medqa_test_01178,1,0.735037,3
medqa,llama-3.1-8b-instruct,medqa_test_00079,1,0.790635,4
medqa,llama-3.1-8b-instruct,medqa_test_00450,1,0.659218,1
medqa,llama-3.1-8b-instruct,medqa_test_00281,1,0.692378,2
medqa,llama-3.1-8b-instruct,medqa_test_00967,1,0.563705,2
medqa,llama-3.1-8b-instruct,medqa_test_00641,1,0.815825,3
medqa,llama-3.1-8b-instruct,medqa_test_00496,1,0.780774,2
medqa,llama-3.1-8b-instruct,medqa_test_00533,1,0.776332,4
medqa,llama-3.1-8b-instruct,medqa_test_00891,0,0.480818,1
medqa,llama-3.1-8b-instruct,medqa_test_00885,1,0.682778,4
medqa,llama-3.1-8b-instruct,medqa_test_00253,1,0.67613,5
medqa,llama-3.1-8b-instruct,medqa_test_00265,0,0.65139,5
medqa,llama-3.1-8b-instruct,medqa_test_01094,0,0.392162,3
medqa,llama-3.1-8b-instruct,medqa_test_01147,0,0.668108,2
medqa,llama-3.1-8b-instruct,medqa_test_00162,1,0.803423,5
medqa,llama-3.1-8b-instruct,medqa_test_00456,0,0.619791,3
medqa,llama-3.1-8b-instruct,medqa_test_00732,1,0.593041,4
medqa,llama-3.1-8b-instruct,medqa_test_00436,1,0.374972,5
medqa,llama-3.1-8b-instruct,medqa_test_00516,0,0.787322,2
medqa,llama-3.1-8b-instruct,medqa_test_00627,0,0.577273,1
medqa,llama-3.1-8b-instruct,medqa_test_00453,1,0.609057,4
medqa,llama-3.1-8b-instruct,medqa_test_00324,1,0.630604,1
medqa,llama-3.1-8b-instruct,medqa_test_01115,1,0.664316,4
medqa,llama-3.1-8b-instruct,medqa_test_00572,1,0.616386,4
medqa,llama-3.1-8b-instruct,medqa_test_01004,1,0.567078,5
medqa,llama-3.1-8b-instruct,medqa_test_01082,1,0.712177,2
medqa,llama-3.1-8b-instruct,medqa_test_00136,1,0.687795,3
medqa,llama-3.1-8b-instruct,medqa_test_00467,1,0.668117,1
medqa,llama-3.1-8b-instruct,medqa_test_01060,0,0.561116,3
medqa,llama-3.1-8b-instruct,medqa_test_01049,0,0.591678,5
medqa,llama-3.1-8b-instruct,medqa_test_01165,1,0.710121,2
medqa,llama-3.1-8b-instruct,medqa_test_00475,0,0.490795,4
medqa,llama-3.1-8b-instruct,medqa_test_00530,1,0.357002,2
medqa,llama-3.1-8b-instruct,medqa_test_00180,0,0.612931,3
medqa,llama-3.1-8b-instruct,medqa_test_01162,1,0.726945,5
medqa,llama-3.1-8b-instruct,medqa_test_01221,0,0.733364,5
medqa,llama-3.1-8b-instruct,medqa_test_00915,1,0.669817,4
medqa,llama-3.1-8b-instruct,medqa_test_00005,0,0.638676,2
medqa,llama-3.1-8b-instruct,medqa_test_00671,1,0.662035,4
medqa,llama-3.1-8b-instruct,medqa_test_01243,1,0.694526,5
medqa,llama-3.1-8b-instruct,medqa_test_00249,1,0.430069,4
medqa,llama-3.1-8b-instruct,medqa_test_00800,1,0.853155,4
medqa,llama-3.1-8b-instruct,medqa_test_00506,1,0.74043,1
medqa,llama-3.1-8b-instruct,medqa_test_01220,1,0.559521,5
medqa,llama-3.1-8b-instruct,medqa_test_00199,1,0.639603,4
medqa,llama-3.1-8b-instruct,medqa_test_00589,1,0.705981,5
medqa,llama-3.1-8b-instruct,medqa_test_01183,0,0.433174,4
medqa,llama-3.1-8b-instruct,medqa_test_00424,1,0.812517,3
medqa,llama-3.1-8b-instruct,medqa_test_01217,1,0.789327,3
medqa,llama-3.1-8b-instruct,medqa_test_01063,1,0.823233,1
medqa,llama-3.1-8b-instruct,medqa_test_00625,0,0.601016,1
medqa,llama-3.1-8b-instruct,medqa_test_00486,0,0.62844,4
medqa,llama-3.1-8b-instruct,medqa_test_01229,0,0.555519,4
medqa,llama-3.1-8b-instruct,medqa_test_00047,1,0.605901,4
medqa,llama-3.1-8b-instruct,medqa_test_00838,1,0.72196,4
medqa,llama-3.1-8b-instruct,medqa_test_00150,1,0.589864,1
medqa,llama-3.1-8b-instruct,medqa_test_00203,0,0.662473,4
medqa,llama-3.1-8b-instruct,medqa_test_00230,1,0.827529,2
medqa,llama-3.1-8b-instruct,medqa_test_01023,1,0.613697,5
medqa,llama-3.1-8b-instruct,medqa_test_00688,0,0.691639,5
medqa,llama-3.1-8b-instruct,medqa_test_01019,0,0.475453,4
medqa,llama-3.1-8b-instruct,medqa_test_00095,1,0.714248,5
medqa,llama-3.1-8b-instruct,medqa_test_00343,1,0.543236,5
medqa,llama-3.1-8b-instruct,medqa_test_00981,1,0.725805,3
medqa,llama-3.1-8b-instruct,medqa_test_00648,1,0.80882,3
medqa,llama-3.1-8b-instruct,medqa_test_00756,1,0.770574,2
medqa,llama-3.1-8b-instruct,medqa_test_00527,1,0.639891,2
medqa,llama-3.1-8b-instruct,medqa_test_00290,0,0.369506,5
medqa,llama-3.1-8b-instruct,medqa_test_00086,1,0.614432,2
medqa,llama-3.1-8b-instruct,medqa_test_00674,1,0.842362,3
medqa,llama-3.1-8b-instruct,medqa_test_00173,0,0.615764,1
medqa,llama-3.1-8b-instruct,medqa_test_01040,0,0.709531,2
medqa,llama-3.1-8b-instruct,medqa_test_01156,0,0.491724,1
medqa,llama-3.1-8b-instruct,medqa_test_00948,0,0.731967,2
medqa,llama-3.1-8b-instruct,medqa_test_00993,1,0.495712,4
medqa,llama-3.1-8b-instruct,medqa_test_00721,0,0.672868,3
medqa,llama-3.1-8b-instruct,medqa_test_00881,1,0.753302,2
medqa,llama-3.1-8b-instruct,medqa_test_01214,1,0.633035,3
medqa,llama-3.1-8b-instruct,medqa_test_00329,0,0.747888,3
medqa,llama-3.1-8b-instruct,medqa_test_00670,0,0.895197,3
medqa,llama-3.1-8b-instruct,medqa_test_00621,1,0.507047,2
medqa,llama-3.1-8b-instruct,medqa_test_01017,1,0.756093,4
medqa,llama-3.1-8b-instruct,medqa_test_01051,1,0.218786,5
medqa,llama-3.1-8b-instruct,medqa_test_00856,0,0.526764,1
medqa,llama-3.1-8b-instruct,medqa_test_00293,1,0.806823,2
medqa,llama-3.1-8b-instruct,medqa_test_00311,1,0.565655,3
medqa,llama-3.1-8b-instruct,medqa_test_00000,0,0.671313,2
medqa,llama-3.1-8b-instruct,medqa_test_00561,1,0.381093,3
medqa,llama-3.1-8b-instruct,medqa_test_00308,1,0.867736,2
medqa,llama-3.1-8b-instruct,medqa_test_00582,0,0.859533,2
medqa,llama-3.1-8b-instruct,medqa_test_00630,0,0.544624,2
medqa,llama-3.1-8b-instruct,medqa_test_01264,0,0.382713,1
medqa,llama-3.1-8b-instruct,medqa_test_00693,1,0.716394,5
medqa,llama-3.1-8b-instruct,medqa_test_00388,1,0.649099,1
medqa,llama-3.1-8b-instruct,medqa_test_00914,1,0.707664,1
medqa,llama-3.1-8b-instruct,medqa_test_00430,1,0.568861,4
medqa,llama-3.1-8b-instruct,medqa_test_00196,0,0.75168,1
medqa,llama-3.1-8b-instruct,medqa_test_00863,1,0.743222,3
medqa,llama-3.1-8b-instruct,medqa_test_01097,1,0.863853,3
medqa,llama-3.1-8b-instruct,medqa_test_00302,1,0.635259,4
medqa,llama-3.1-8b-instruct,medqa_test_00713,1,0.786896,2
medqa,llama-3.1-8b-instruct,medqa_test_00412,1,0.50136,5
medqa,llama-3.1-8b-instruct,medqa_test_01199,0,0.647205,4
medqa,llama-3.1-8b-instruct,medqa_test_00418,1,0.710933,5
medqa,llama-3.1-8b-instruct,medqa_test_00316,0,0.733443,2
medqa,llama-3.1-8b-instruct,medqa_test_00519,0,0.531169,3
medqa,llama-3.1-8b-instruct,medqa_test_00961,1,0.704462,4
medqa,llama-3.1-8b-instruct,medqa_test_00737,0,0.811785,3
medqa,llama-3.1-8b-instruct,medqa_test_00127,1,0.715157,3
medqa,llama-3.1-8b-instruct,medqa_test_00922,1,0.544975,2
medqa,llama-3.1-8b-instruct,medqa_test_00784,1,0.753762,5
medqa,llama-3.1-8b-instruct,medqa_test_01102,1,0.662427,4
medqa,llama-3.1-8b-instruct,medqa_test_01109,1,0.867214,3
medqa,llama-3.1-8b-instruct,medqa_test_00680,1,0.632477,5
medqa,llama-3.1-8b-instruct,medqa_test_00930,0,0.480685,1
medqa,llama-3.1-8b-instruct,medqa_test_00441,1,0.746313,1
medqa,llama-3.1-8b-instruct,medqa_test_00372,1,0.712392,1
medqa,llama-3.1-8b-instruct,medqa_test_01061,1,0.810654,5
medqa,llama-3.1-8b-instruct,medqa_test_00686,0,0.460191,4
medqa,llama-3.1-8b-instruct,medqa_test_00925,1,0.671668,4
medqa,llama-3.1-8b-instruct,medqa_test_00992,1,0.7701,2
medqa,llama-3.1-8b-instruct,medqa_test_00736,0,0.609497,5
medqa,llama-3.1-8b-instruct,medqa_test_00904,0,0.497985,1
medqa,llama-3.1-8b-instruct,medqa_test_00551,0,0.487494,5
medqa,llama-3.1-8b-instruct,medqa_test_00532,1,0.538596,4
medqa,llama-3.1-8b-instruct,medqa_test_01127,0,0.654843,2
medqa,llama-3.1-8b-instruct,medqa_test_00783,1,0.548933,1
medqa,llama-3.1-8b-instruct,medqa_test_01066,1,0.521309,1
medqa,llama-3.1-8b-instruct,medqa_test_01144,1,0.804885,2
medqa,llama-3.1-8b-instruct,medqa_test_00260,0,0.450295,5
medqa,llama-3.1-8b-instruct,medqa_test_01181,1,0.660318,1
medqa,llama-3.1-8b-instruct,medqa_test_00590,1,0.496787,3
medqa,llama-3.1-8b-instruct,medqa_test_00394,1,0.619411,1
medqa,llama-3.1-8b-instruct,medqa_test_00795,0,0.517853,2
medqa,llama-3.1-8b-instruct,medqa_test_00523,1,0.845586,2
medqa,llama-3.1-8b-instruct,medqa_test_00620,1,0.836233,2
medqa,llama-3.1-8b-instruct,medqa_test_01072,1,0.71052,3
medqa,llama-3.1-8b-instruct,medqa_test_00746,1,0.442176,2
medqa,llama-3.1-8b-instruct,medqa_test_00353,0,0.5422,2
medqa,llama-3.1-8b-instruct,medqa_test_00444,1,0.579706,1
medqa,llama-3.1-8b-instruct,medqa_test_00610,1,0.660289,1
medqa,llama-3.1-8b-instruct,medqa_test_00111,0,0.721952,5
medqa,llama-3.1-8b-instruct,medqa_test_00822,0,0.559077,2
medqa,llama-3.1-8b-instruct,medqa_test_01198,0,0.693579,3
medqa,llama-3.1-8b-instruct,medqa_test_00594,0,0.698034,3
medqa,llama-3.1-8b-instruct,medqa_test_00182,1,0.527765,1
medqa,llama-3.1-8b-instruct,medqa_test_00972,0,0.466929,1
medqa,llama-3.1-8b-instruct,medqa_test_00917,1,0.567964,2
medqa,llama-3.1-8b-instruct,medqa_test_00028,1,0.621998,5
medqa,llama-3.1-8b-instruct,medqa_test_00339,1,0.86906,5
medqa,llama-3.1-8b-instruct,medqa_test_00549,1,0.663921,5
medqa,llama-3.1-8b-instruct,medqa_test_00695,0,0.421808,1
medqa,llama-3.1-8b-instruct,medqa_test_00409,1,0.704841,1
medqa,llama-3.1-8b-instruct,medqa_test_00521,1,0.552931,2
medqa,llama-3.1-8b-instruct,medqa_test_00656,1,0.715257,4
medqa,llama-3.1-8b-instruct,medqa_test_00359,1,0.835277,5
medqa,llama-3.1-8b-instruct,medqa_test_00807,0,0.529392,5
medqa,llama-3.1-8b-instruct,medqa_test_00791,0,0.704357,2
medqa,llama-3.1-8b-instruct,medqa_test_00071,1,0.489277,2
medqa,llama-3.1-8b-instruct,medqa_test_01176,1,0.466863,4
medqa,llama-3.1-8b-instruct,medqa_test_00336,0,0.507402,5
medqa,llama-3.1-8b-instruct,medqa_test_00408,1,0.786092,4
medqa,llama-3.1-8b-instruct,medqa_test_00197,1,0.71084,5
medqa,llama-3.1-8b-instruct,medqa_test_00675,1,0.650123,2
medqa,llama-3.1-8b-instruct,medqa_test_00024,1,0.691203,1
medqa,llama-3.1-8b-instruct,medqa_test_01146,0,0.696914,1
medqa,llama-3.1-8b-instruct,medqa_test_00233,1,0.629611,5
medqa,llama-3.1-8b-instruct,medqa_test_00814,0,0.583732,2
medqa,llama-3.1-8b-instruct,medqa_test_00312,0,0.251942,2
medqa,llama-3.1-8b-instruct,medqa_test_00358,1,0.673571,1
medqa,llama-3.1-8b-instruct,medqa_test_01113,1,0.798715,4
medqa,llama-3.1-8b-instruct,medqa_test_00204,1,0.744898,4
medqa,llama-3.1-8b-instruct,medqa_test_00227,1,0.604882,1
medqa,llama-3.1-8b-instruct,medqa_test_00481,0,0.18995,2
medqa,llama-3.1-8b-instruct,medqa_test_01124,0,0.667197,5
medqa,llama-3.1-8b-instruct,medqa_test_00391,1,0.759251,1
medqa,llama-3.1-8b-instruct,medqa_test_01062,0,0.6467,4
medqa,llama-3.1-8b-instruct,medqa_test_00718,0,0.736137,1
medqa,llama-3.1-8b-instruct,medqa_test_00806,1,0.598078,2
medqa,llama-3.1-8b-instruct,medqa_test_01215,0,0.815138,4
medqa,llama-3.1-8b-instruct,medqa_test_00273,0,0.669349,3
medqa,llama-3.1-8b-instruct,medqa_test_00254,1,0.815767,2
medqa,llama-3.1-8b-instruct,medqa_test_00752,0,0.351962,4
medqa,llama-3.1-8b-instruct,medqa_test_00970,1,0.739968,1
medqa,llama-3.1-8b-instruct,medqa_test_01256,1,0.65212,5
medqa,llama-3.1-8b-instruct,medqa_test_00421,1,0.694825,2
medqa,llama-3.1-8b-instruct,medqa_test_00801,0,0.747007,5
medqa,llama-3.1-8b-instruct,medqa_test_01134,0,0.625258,3
medqa,llama-3.1-8b-instruct,medqa_test_00754,1,0.631199,4
medqa,llama-3.1-8b-instruct,medqa_test_00183,1,0.65743,3
medqa,llama-3.1-8b-instruct,medqa_test_00025,1,0.625416,3
medqa,llama-3.1-8b-instruct,medqa_test_00422,0,0.477476,1
medqa,llama-3.1-8b-instruct,medqa_test_00181,1,0.526209,4
medqa,llama-3.1-8b-instruct,medqa_test_00830,0,0.65575,2
medqa,llama-3.1-8b-instruct,medqa_test_00819,1,0.270844,4
medqa,llama-3.1-8b-instruct,medqa_test_00166,0,0.670314,1
medqa,llama-3.1-8b-instruct,medqa_test_00158,1,0.696588,4
medqa,llama-3.1-8b-instruct,medqa_test_00767,1,0.646122,2
medqa,llama-3.1-8b-instruct,medqa_test_00635,1,0.726628,1
medqa,llama-3.1-8b-instruct,medqa_test_00416,0,0.531644,4
medqa,llama-3.1-8b-instruct,medqa_test_00573,0,0.355696,4
medqa,llama-3.1-8b-instruct,medqa_test_00798,0,0.681125,1
medqa,llama-3.1-8b-instruct,medqa_test_00362,0,0.580764,3
medqa,llama-3.1-8b-instruct,medqa_test_00105,1,0.726429,4
medqa,llama-3.1-8b-instruct,medqa_test_00682,1,0.315032,2
medqa,llama-3.1-8b-instruct,medqa_test_01227,1,0.571905,5
medqa,llama-3.1-8b-instruct,medqa_test_00698,1,0.682936,5
medqa,llama-3.1-8b-instruct,medqa_test_00908,1,0.700296,1
medqa,llama-3.1-8b-instruct,medqa_test_00366,1,0.651068,1
medqa,llama-3.1-8b-instruct,medqa_test_00982,1,0.766588,2
medqa,llama-3.1-8b-instruct,medqa_test_00815,1,0.72976,1
medqa,llama-3.1-8b-instruct,medqa_test_00373,1,0.642051,4
medqa,llama-3.1-8b-instruct,medqa_test_00315,1,0.770534,3
medqa,llama-3.1-8b-instruct,medqa_test_00042,0,0.468005,4
medqa,llama-3.1-8b-instruct,medqa_test_01158,0,0.209065,2
medqa,llama-3.1-8b-instruct,medqa_test_00151,1,0.608124,2
medqa,llama-3.1-8b-instruct,medqa_test_00565,1,0.64605,2
medqa,llama-3.1-8b-instruct,medqa_test_00596,0,0.533774,4
medqa,llama-3.1-8b-instruct,medqa_test_01179,1,0.623108,1
medqa,llama-3.1-8b-instruct,medqa_test_00854,1,0.606725,3
medqa,llama-3.1-8b-instruct,medqa_test_00036,0,0.667364,1
medqa,llama-3.1-8b-instruct,medqa_test_00558,1,0.620676,3
medqa,llama-3.1-8b-instruct,medqa_test_00152,0,0.698554,1
medqa,llama-3.1-8b-instruct,medqa_test_00707,1,0.821772,2
medqa,llama-3.1-8b-instruct,medqa_test_00077,0,0.663619,4
medqa,llama-3.1-8b-instruct,medqa_test_01192,1,0.75469,4
medqa,llama-3.1-8b-instruct,medqa_test_00955,0,0.909671,5
medqa,llama-3.1-8b-instruct,medqa_test_00574,1,0.603778,4
medqa,llama-3.1-8b-instruct,medqa_test_01035,1,0.630294,5
medqa,llama-3.1-8b-instruct,medqa_test_00722,1,0.662183,3
medqa,llama-3.1-8b-instruct,medqa_test_00564,0,0.758616,4
medqa,llama-3.1-8b-instruct,medqa_test_00759,1,0.420215,2
medqa,llama-3.1-8b-instruct,medqa_test_00165,0,0.556205,3
medqa,llama-3.1-8b-instruct,medqa_test_00268,1,0.637355,2
medqa,llama-3.1-8b-instruct,medqa_test_00652,0,0.582091,3
medqa,llama-3.1-8b-instruct,medqa_test_00133,1,0.789026,5
medqa,llama-3.1-8b-instruct,medqa_test_00789,1,0.629749,4
medqa,llama-3.1-8b-instruct,medqa_test_00341,1,0.856276,4
medqa,llama-3.1-8b-instruct,medqa_test_00003,0,0.299226,3
medqa,llama-3.1-8b-instruct,medqa_test_00045,1,0.425796,1
medqa,llama-3.1-8b-instruct,medqa_test_01167,0,0.725097,4
medqa,llama-3.1-8b-instruct,medqa_test_00849,1,0.793104,5
medqa,llama-3.1-8b-instruct,medqa_test_01105,1,0.780317,4
medqa,llama-3.1-8b-instruct,medqa_test_00903,1,0.619996,1
medqa,llama-3.1-8b-instruct,medqa_test_00094,0,0.502008,1
medqa,llama-3.1-8b-instruct,medqa_test_00052,0,0.535062,4
medqa,llama-3.1-8b-instruct,medqa_test_01139,0,0.604126,1
medqa,llama-3.1-8b-instruct,medqa_test_01112,1,0.696964,5
medqa,llama-3.1-8b-instruct,medqa_test_00500,0,0.660255,3
medqa,llama-3.1-8b-instruct,medqa_test_00517,1,0.825623,5
medqa,llama-3.1-8b-instruct,medqa_test_01053,0,0.558527,3
medqa,llama-3.1-8b-instruct,medqa_test_01005,1,0.662437,1
medqa,llama-3.1-8b-instruct,medqa_test_00649,1,0.616169,2
medqa,llama-3.1-8b-instruct,medqa_test_00703,1,0.627912,1
medqa,llama-3.1-8b-instruct,medqa_test_00208,1,0.733149,5
medqa,llama-3.1-8b-instruct,medqa_test_00351,1,0.440557,4
medqa,llama-3.1-8b-instruct,medqa_test_00734,0,0.555312,2
medqa,llama-3.1-8b-instruct,medqa_test_00215,0,0.680953,2
medqa,llama-3.1-8b-instruct,medqa_test_00619,1,0.702032,4
medqa,llama-3.1-8b-instruct,medqa_test_00288,1,0.575503,3
medqa,llama-3.1-8b-instruct,medqa_test_00278,1,0.690501,1
medqa,llama-3.1-8b-instruct,medqa_test_00159,1,0.520197,3
medqa,llama-3.1-8b-instruct,medqa_test_00566,1,0.792603,5
medqa,llama-3.1-8b-instruct,medqa_test_00760,1,0.485477,3
medqa,llama-3.1-8b-instruct,medqa_test_00109,0,0.372869,5
medqa,llama-3.1-8b-instruct,medqa_test_00987,1,0.760706,2
medqa,llama-3.1-8b-instruct,medqa_test_01119,1,0.662926,1
medqa,llama-3.1-8b-instruct,medqa_test_01075,0,0.596284,2
medqa,llama-3.1-8b-instruct,medqa_test_00137,0,0.797958,1
medqa,llama-3.1-8b-instruct,medqa_test_00899,0,0.337227,3
medqa,llama-3.1-8b-instruct,medqa_test_00106,0,0.674306,4
medqa,llama-3.1-8b-instruct,medqa_test_00679,0,0.681929,4
medqa,llama-3.1-8b-instruct,medqa_test_00306,1,0.491176,3
medqa,llama-3.1-8b-instruct,medqa_test_00567,0,0.693531,1
medqa,llama-3.1-8b-instruct,medqa_test_00836,1,0.893727,4
medqa,llama-3.1-8b-instruct,medqa_test_00683,1,0.736585,3
medqa,llama-3.1-8b-instruct,medqa_test_00008,1,0.905051,2
medqa,llama-3.1-8b-instruct,medqa_test_01231,1,0.610874,5
medqa,llama-3.1-8b-instruct,medqa_test_00669,1,0.61567,4
medqa,llama-3.1-8b-instruct,medqa_test_00826,0,0.342128,3
medqa,llama-3.1-8b-instruct,medqa_test_00626,1,0.437731,5
medqa,llama-3.1-8b-instruct,medqa_test_00309,0,0.561764,4
medqa,llama-3.1-8b-instruct,medqa_test_00720,0,0.332789,1
medqa,llama-3.1-8b-instruct,medqa_test_00556,1,0.776535,4
medqa,llama-3.1-8b-instruct,medqa_test_00853,1,0.616127,2
medqa,llama-3.1-8b-instruct,medqa_test_00448,0,0.73753,1
medqa,llama-3.1-8b-instruct,medqa_test_01003,0,0.702629,3
medqa,llama-3.1-8b-instruct,medqa_test_00291,1,0.782356,5
medqa,llama-3.1-8b-instruct,medqa_test_00378,0,0.640416,1
medqa,llama-3.1-8b-instruct,medqa_test_00250,0,0.636832,5
medqa,llama-3.1-8b-instruct,medqa_test_00900,1,0.723779,5
medqa,llama-3.1-8b-instruct,medqa_test_01024,1,0.785598,2
medqa,llama-3.1-8b-instruct,medqa_test_00902,0,0.661459,4
medqa,llama-3.1-8b-instruct,medqa_test_00357,1,0.675712,4
medqa,llama-3.1-8b-instruct,medqa_test_01186,1,0.595772,5
medqa,llama-3.1-8b-instruct,medqa_test_00966,0,0.634343,1
medqa,llama-3.1-8b-instruct,medqa_test_00518,0,0.557395,1
medqa,llama-3.1-8b-instruct,medqa_test_00218,1,0.706889,1
medqa,llama-3.1-8b-instruct,medqa_test_00550,0,0.746967,3
medqa,llama-3.1-8b-instruct,medqa_test_00075,0,0.758816,4
medqa,llama-3.1-8b-instruct,medqa_test_00102,1,0.887846,4
medqa,llama-3.1-8b-instruct,medqa_test_00576,0,0.415446,3
medqa,llama-3.1-8b-instruct,medqa_test_00636,0,0.703978,4
medqa,llama-3.1-8b-instruct,medqa_test_01191,1,0.664565,5
medqa,llama-3.1-8b-instruct,medqa_test_00009,0,0.606847,4
medqa,llama-3.1-8b-instruct,medqa_test_00074,1,0.314974,2
medqa,llama-3.1-8b-instruct,medqa_test_00769,0,0.766142,3
medqa,llama-3.1-8b-instruct,medqa_test_00951,0,0.643705,4
medqa,llama-3.1-8b-instruct,medqa_test_00974,1,0.818629,1
medqa,llama-3.1-8b-instruct,medqa_test_01085,1,0.699328,3
medqa,llama-3.1-8b-instruct,medqa_test_00307,0,0.642159,2
medqa,llama-3.1-8b-instruct,medqa_test_00660,1,0.535393,4
medqa,llama-3.1-8b-instruct,medqa_test_00687,0,0.676263,3
medqa,llama-3.1-8b-instruct,medqa_test_00134,1,0.726717,2
medqa,llama-3.1-8b-instruct,medqa_test_00405,1,0.783255,3
medqa,llama-3.1-8b-instruct,medqa_test_00271,0,0.584363,5
medqa,llama-3.1-8b-instruct,medqa_test_00244,0,0.845004,5
medqa,llama-3.1-8b-instruct,medqa_test_01012,1,0.805075,2
medqa,llama-3.1-8b-instruct,medqa_test_00733,1,0.802884,4
medqa,llama-3.1-8b-instruct,medqa_test_00685,1,0.778793,4
medqa,llama-3.1-8b-instruct,medqa_test_01237,0,0.529215,5
medqa,llama-3.1-8b-instruct,medqa_test_00267,0,0.158753,3
medqa,llama-3.1-8b-instruct,medqa_test_00957,1,0.621175,4
medqa,llama-3.1-8b-instruct,medqa_test_01143,1,0.62776,3
medqa,llama-3.1-8b-instruct,medqa_test_00535,1,0.699525,3
medqa,llama-3.1-8b-instruct,medqa_test_00578,1,0.684243,2
medqa,llama-3.1-8b-instruct,medqa_test_00597,1,0.760463,1
medqa,llama-3.1-8b-instruct,medqa_test_00673,0,0.282171,3
medqa,llama-3.1-8b-instruct,medqa_test_01205,1,0.665308,3
medqa,llama-3.1-8b-instruct,medqa_test_00083,1,0.553875,1
medqa,llama-3.1-8b-instruct,medqa_test_00634,0,0.421743,1
medqa,llama-3.1-8b-instruct,medqa_test_00040,1,0.600685,4
medqa,llama-3.1-8b-instruct,medqa_test_00608,1,0.42554,3
medqa,llama-3.1-8b-instruct,medqa_test_01216,0,0.600052,1
medqa,llama-3.1-8b-instruct,medqa_test_00252,1,0.646436,2
medqa,llama-3.1-8b-instruct,medqa_test_00583,0,0.450279,2
medqa,llama-3.1-8b-instruct,medqa_test_00964,0,0.541042,2
medqa,llama-3.1-8b-instruct,medqa_test_00122,1,0.707815,4
medqa,llama-3.1-8b-instruct,medqa_test_00413,0,0.62535,5
medqa,llama-3.1-8b-instruct,medqa_test_00240,1,0.64029,1
medqa,llama-3.1-8b-instruct,medqa_test_01067,1,0.75668,5
medqa,llama-3.1-8b-instruct,medqa_test_00691,0,0.689952,3
medqa,llama-3.1-8b-instruct,medqa_test_00069,1,0.591175,1
medqa,llama-3.1-8b-instruct,medqa_test_00609,1,0.831949,1
medqa,llama-3.1-8b-instruct,medqa_test_00070,1,0.670331,1
medqa,llama-3.1-8b-instruct,medqa_test_00190,1,0.836911,3
medqa,llama-3.1-8b-instruct,medqa_test_00871,1,0.643841,4
medqa,llama-3.1-8b-instruct,medqa_test_00082,1,0.66698,1
mmlu_pro,llama-3.1-8b-instruct,mmlu_pro_test_09830,1,0.507592,1
mmlu_pro,llama-3.1-8b-instruct,mmlu_pro_test_04946,0,0.384593,3
mmlu_pro,llama-3.1-8b-instruct,mmlu_pro_test_06900,1,0.687698,4
mmlu_pro,llama-3.1-8b-instruct,mmlu_pro_test_01405,0,0.437424,4
mmlu_pro,llama-3.1-8b-instruct,mmlu_pro_test_03199,1,0.586136,4
mmlu_pro,llama-3.1-8b-instruct,mmlu_pro_test_06405,1,0.687293,1
mmlu_pro,llama-3.1-8b-instruct,mmlu_pro_test_07379,0,0.62456,1
mmlu_pro,llama-3.1-8b-instruct,mmlu_pro_test_02736,1,0.621074,5
mmlu_pro,llama-3.1-8b-instruct,mmlu_pro_test_08299,0,0.642724,4
mmlu_pro,llama-3.1-8b-instruct,mmlu_pro_test_02400,1,0.503953,3
mmlu_pro,llama-3.1-8b-instruct,mmlu_pro_test_00612,0,0.498312,1
mmlu_pro,llama-3.1-8b-instruct,mmlu_pro_test_04994,0,0.298774,3
mmlu_pro,llama-3.1-8b-instruct,mmlu_pro_test_02961,1,0.557119,1
mmlu_pro,llama-3.1-8b-instruct,mmlu_pro_test_08614,0,0.629986,3
mmlu_pro,llama-3.1-8b-instruct,mmlu_pro_test_05716,1,0.72911,3
mmlu_pro,llama-3.1-8b-instruct,mmlu_pro_test_07328,0,0.488684,1
mmlu_pro,llama-3.1-8b-instruct,mmlu_pro_test_03794,1,0.587504,2
mmlu_pro,llama-3.1-8b-instruct,mmlu_pro_test_07664,1,0.703405,2
mmlu_pro,llama-3.1-8b-instruct,mmlu_pro_test_02354,1,0.45719,1
mmlu_pro,llama-3.1-8b-instruct,mmlu_pro_test_04767,0,0.547781,1
mmlu_pro,llama-3.1-8b-instruct,mmlu_pro_test_05252,1,0.458018,3
mmlu_pro,llama-3.1-8b-instruct,mmlu_pro_test_01206,0,0.600481,3
mmlu_pro,llama-3.1-8b-instruct,mmlu_pro_test_10247,1,0.61401,4
mmlu_pro,llama-3.1-8b-instruct,mmlu_pro_test_07963,1,0.553139,3
mmlu_pro,llama-3.1-8b-instruct,mmlu_pro_test_01449,0,0.383905,3
mmlu_pro,llama-3.1-8b-instruct,mmlu_pro_test_11509,0,0.133389,5
mmlu_pro,llama-3.1-8b-instruct,mmlu_pro_test_08489,1,0.670368,5
mmlu_pro,llama-3.1-8b-instruct,mmlu_pro_test_07315,1,0.211674,4
mmlu_pro,llama-3.1-8b-instruct,mmlu_pro_test_07308,0,0.595077,4
mmlu_pro,llama-3.1-8b-instruct,mmlu_pro_test_03640,1,0.747982,2
mmlu_pro,llama-3.1-8b-instruct,mmlu_pro_test_05875,1,0.573482,4
mmlu_pro,llama-3.1-8b-instruct,mmlu_pro_test_10639,0,0.385633,4
mmlu_pro,llama-3.1-8b-instruct,mmlu_pro_test_07624,1,0.573752,4
mmlu_pro,llama-3.1-8b-instruct,mmlu_pro_test_08182,1,0.539609,5
mmlu_pro,llama-3.1-8b-instruct,mmlu_pro_test_07610,0,0.394199,4
mmlu_pro,llama-3.1-8b-instruct,mmlu_pro_test_01518,1,0.388428,1
mmlu_pro,llama-3.1-8b-instruct,mmlu_pro_test_11897,1,0.503437,5
mmlu_pro,llama-3.1-8b-instruct,mmlu_pro_test_03821,1,0.689166,5
mmlu_pro,llama-3.1-8b-instruct,mmlu_pro_test_02666,1,0.393376,1
mmlu_pro,llama-3.1-8b-instruct,mmlu_pro_test_00552,0,0.637758,2
mmlu_pro,llama-3.1-8b-instruct,mmlu_pro_test_04762,1,0.488322,2
mmlu_pro,llama-3.1-8b-instruct,mmlu_pro_test_10305,1,0.604283,2
mmlu_pro,llama-3.1-8b-instruct,mmlu_pro_test_10990,1,0.562329,1
mmlu_pro,llama-3.1-8b-instruct,mmlu_pro_test_07554,0,0.100627,2
mmlu_pro,llama-3.1-8b-instruct,mmlu_pro_test_10376,1,0.577554,1
mmlu_pro,llama-3.1-8b-instruct,mmlu_pro_test_06478,0,0.611246,1
mmlu_pro,llama-3.1-8b-instruct,mmlu_pro_test_07227,1,0.485867,2
mmlu_pro,llama-3.1-8b-instruct,mmlu_pro_test_08081,1,0.549356,1
mmlu_pro,llama-3.1-8b-instruct,mmlu_pro_test_02006,1,0.510964,2
mmlu_pro,llama-3.1-8b-instruct,mmlu_pro_test_06169,1,0.750815,5
mmlu_pro,llama-3.1-8b-instruct,mmlu_pro_test_00777,1,0.761963,4
mmlu_pro,llama-3.1-8b-instruct,mmlu_pro_test_03086,0,0.756091,2
mmlu_pro,llama-3.1-8b-instruct,mmlu_pro_test_06764,0,0.79286,2
mmlu_pro,llama-3.1-8b-instruct,mmlu_pro_test_04577,0,0.529056,4
mmlu_pro,llama-3.1-8b-instruct,mmlu_pro_test_04648,0,0.255109,2
mmlu_pro,llama-3.1-8b-instruct,mmlu_pro_test_03333,1,0.494841,5
mmlu_pro,llama-3.1-8b-instruct,mmlu_pro_test_07086,1,0.709134,2
mmlu_pro,llama-3.1-8b-instruct,mmlu_pro_test_07073,1,0.544369,4
mmlu_pro,llama-3.1-8b-instruct,mmlu_pro_test_02543,1,0.591689,2
mmlu_pro,llama-3.1-8b-instruct,mmlu_pro_test_09545,1,0.808564,1
mmlu_pro,llama-3.1-8b-instruct,mmlu_pro_test_09161,0,0.477208,4
mmlu_pro,llama-3.1-8b-instruct,mmlu_pro_test_05814,1,0.705659,1
mmlu_pro,llama-3.1-8b-instruct,mmlu_pro_test_10619,0,0.214383,2
mmlu_pro,llama-3.1-8b-instruct,mmlu_pro_test_02239,0,0.173533,2
mmlu_pro,llama-3.1-8b-instruct,mmlu_pro_test_04531,0,0.691411,1
mmlu_pro,llama-3.1-8b-instruct,mmlu_pro_test_05901,0,0.680423,5
mmlu_pro,llama-3.1-8b-instruct,mmlu_pro_test_01520,0,0.480435,5
mmlu_pro,llama-3.1-8b-instruct,mmlu_pro_test_04600,1,0.60425,1
mmlu_pro,llama-3.1-8b-instruct,mmlu_pro_test_03938,1,0.411625,1
mmlu_pro,llama-3.1-8b-instruct,mmlu_pro_test_04737,0,0.326726,1
mmlu_pro,llama-3.1-8b-instruct,mmlu_pro_test_11958,0,0.266155,4
mmlu_pro,llama-3.1-8b-instruct,mmlu_pro_test_08707,1,0.664984,2
mmlu_pro,llama-3.1-8b-instruct,mmlu_pro_test_06047,1,0.54527,5
mmlu_pro,llama-3.1-8b-instruct,mmlu_pro_test_10314,0,0.587496,4
mmlu_pro,llama-3.1-8b-instruct,mmlu_pro_test_06344,0,0.456285,1
mmlu_pro,llama-3.1-8b-instruct,mmlu_pro_test_04610,0,0.459385,2
mmlu_pro,llama-3.1-8b-instruct,mmlu_pro_test_01686,0,0.457182,1
mmlu_pro,llama-3.1-8b-instruct,mmlu_pro_test_01909,1,0.534374,2
mmlu_pro,llama-3.1-8b-instruct,mmlu_pro_test_07841,1,0.739592,2
mmlu_pro,llama-3.1-8b-instruct,mmlu_pro_test_02367,1,0.512862,2
mmlu_pro,llama-3.1-8b-instruct,mmlu_pro_test_03243,1,0.552305,1
mmlu_pro,llama-3.1-8b-instruct,mmlu_pro_test_03551,0,0.787483,4
mmlu_pro,llama-3.1-8b-instruct,mmlu_pro_test_00105,0,0.317828,3
mmlu_pro,llama-3.1-8b-instruct,mmlu_pro_test_10480,1,0.500134,5
mmlu_pro,llama-3.1-8b-instruct,mmlu_pro_test_07621,1,0.36836,2
mmlu_pro,llama-3.1-8b-instruct,mmlu_pro_test_06374,1,0.691755,3
mmlu_pro,llama-3.1-8b-instruct,mmlu_pro_test_04854,1,0.579246,1
mmlu_pro,llama-3.1-8b-instruct,mmlu_pro_test_01994,1,0.458892,1
mmlu_pro,llama-3.1-8b-instruct,mmlu_pro_test_07336,1,0.480664,1
mmlu_pro,llama-3.1-8b-instruct,mmlu_pro_test_06826,1,0.610671,5
mmlu_pro,llama-3.1-8b-instruct,mmlu_pro_test_03296,1,0.664083,5
mmlu_pro,llama-3.1-8b-instruct,mmlu_pro_test_11343,0,0.107819,3
mmlu_pro,llama-3.1-8b-instruct,mmlu_pro_test_01155,0,0.554846,5
mmlu_pro,llama-3.1-8b-instruct,mmlu_pro_test_04641,1,0.50625,2
mmlu_pro,llama-3.1-8b-instruct,mmlu_pro_test_06440,0,0.457521,5
mmlu_pro,llama-3.1-8b-instruct,mmlu_pro_test_04810,0,0.455597,3
mmlu_pro,llama-3.1-8b-instruct,mmlu_pro_test_06683,1,0.571692,3
mmlu_pro,llama-3.1-8b-instruct,mmlu_pro_test_10242,1,0.462418,3
mmlu_pro,llama-3.1-8b-instruct,mmlu_pro_test_06474,1,0.579134,1
mmlu_pro,llama-3.1-8b-instruct,mmlu_pro_test_01722,0,0.311328,5
mmlu_pro,llama-3.1-8b-instruct,mmlu_pro_test_00075,1,0.784565,1
mmlu_pro,llama-3.1-8b-instruct,mmlu_pro_test_01510,1,0.513558,2
mmlu_pro,llama-3.1-8b-instruct,mmlu_pro_test_07068,1,0.654103,3
mmlu_pro,llama-3.1-8b-instruct,mmlu_pro_test_01471,0,0.605631,1
mmlu_pro,llama-3.1-8b-instruct,mmlu_pro_test_04667,0,0.480238,4
mmlu_pro,llama-3.1-8b-instruct,mmlu_pro_test_04596,1,0.270657,5
mmlu_pro,llama-3.1-8b-instruct,mmlu_pro_test_11591,0,0.526392,3
mmlu_pro,llama-3.1-8b-instruct,mmlu_pro_test_11048,0,0.432318,5
mmlu_pro,llama-3.1-8b-instruct,mmlu_pro_test_08599,0,0.341926,3
mmlu_pro,llama-3.1-8b-instruct,mmlu_pro_test_06330,1,0.56069,3
mmlu_pro,llama-3.1-8b-instruct,mmlu_pro_test_09589,1,0.827152,5
mmlu_pro,llama-3.1-8b-instruct,mmlu_pro_test_01851,0,0.372941,5
mmlu_pro,llama-3.1-8b-instruct,mmlu_pro_test_05334,0,0.364805,5
mmlu_pro,llama-3.1-8b-instruct,mmlu_pro_test_04323,0,0.529434,1
mmlu_pro,llama-3.1-8b-instruct,mmlu_pro_test_02899,1,0.637534,3
mmlu_pro,llama-3.1-8b-instruct,mmlu_pro_test_06094,1,0.458782,5
mmlu_pro,llama-3.1-8b-instruct,mmlu_pro_test_10249,0,0.616567,4
mmlu_pro,llama-3.1-8b-instruct,mmlu_pro_test_01216,0,0.571783,5
mmlu_pro,llama-3.1-8b-instruct,mmlu_pro_test_10777,0,0.440465,1
mmlu_pro,llama-3.1-8b-instruct,mmlu_pro_test_00193,1,0.690784,3
mmlu_pro,llama-3.1-8b-instruct,mmlu_pro_test_06476,0,0.757406,2
mmlu_pro,llama-3.1-8b-instruct,mmlu_pro_test_03128,1,0.571977,4
mmlu_pro,llama-3.1-8b-instruct,mmlu_pro_test_06423,1,0.676513,1
mmlu_pro,llama-3.1-8b-instruct,mmlu_pro_test_04220,0,0.653993,3
mmlu_pro,llama-3.1-8b-instruct,mmlu_pro_test_02619,0,0.452301,3
mmlu_pro,llama-3.1-8b-instruct,mmlu_pro_test_03546,1,0.522238,1
mmlu_pro,llama-3.1-8b-instruct,mmlu_pro_test_05346,0,0.767105,2
mmlu_pro,llama-3.1-8b-instruct,mmlu_pro_test_02989,0,0.443504,4
mmlu_pro,llama-3.1-8b-instruct,mmlu_pro_test_01054,0,0.503299,3
mmlu_pro,llama-3.1-8b-instruct,mmlu_pro_test_07105,1,0.615851,2
mmlu_pro,llama-3.1-8b-instruct,mmlu_pro_test_10196,1,0.802718,4
mmlu_pro,llama-3.1-8b-instruct,mmlu_pro_test_10696,0,0.431384,2
mmlu_pro,llama-3.1-8b-instruct,mmlu_pro_test_02622,1,0.661594,2
mmlu_pro,llama-3.1-8b-instruct,mmlu_pro_test_02098,0,0.563266,3
mmlu_pro,llama-3.1-8b-instruct,mmlu_pro_test_01873,0,0.41676,4
mmlu_pro,llama-3.1-8b-instruct,mmlu_pro_test_02310,1,0.568025,5
mmlu_pro,llama-3.1-8b-instruct,mmlu_pro_test_00538,1,0.833328,2
mmlu_pro,llama-3.1-8b-instruct,mmlu_pro_test_02212,1,0.611885,2
mmlu_pro,llama-3.1-8b-instruct,mmlu_pro_test_00294,0,0.473655,1
mmlu_pro,llama-3.1-8b-instruct,mmlu_pro_test_01352,0,0.458951,4
mmlu_pro,llama-3.1-8b-instruct,mmlu_pro_test_10274,0,0.667667,3
mmlu_pro,llama-3.1-8b-instruct,mmlu_pro_test_00677,0,0.631631,3
mmlu_pro,llama-3.1-8b-instruct,mmlu_pro_test_01804,0,0.550231,1
mmlu_pro,llama-3.1-8b-instruct,mmlu_pro_test_06106,0,0.535114,5
mmlu_pro,llama-3.1-8b-instruct,mmlu_pro_test_01153,0,0.463475,2
mmlu_pro,llama-3.1-8b-instruct,mmlu_pro_test_10822,0,0.387359,3
mmlu_pro,llama-3.1-8b-instruct,mmlu_pro_test_00244,0,0.613571,4
mmlu_pro,llama-3.1-8b-instruct,mmlu_pro_test_05645,1,0.474356,1
mmlu_pro,llama-3.1-8b-instruct,mmlu_pro_test_01750,0,0.306722,4
mmlu_pro,llama-3.1-8b-instruct,mmlu_pro_test_01875,0,0.515604,5
mmlu_pro,llama-3.1-8b-instruct,mmlu_pro_test_06996,0,0.629361,1
mmlu_pro,llama-3.1-8b-instruct,mmlu_pro_test_01105,1,0.32911,1
mmlu_pro,llama-3.1-8b-instruct,mmlu_pro_test_06414,1,0.481923,5
mmlu_pro,llama-3.1-8b-instruct,mmlu_pro_test_03360,1,0.516979,3
mmlu_pro,llama-3.1-8b-instruct,mmlu_pro_test_01281,0,0.299089,2
mmlu_pro,llama-3.1-8b-instruct,mmlu_pro_test_06933,1,0.71922,3
mmlu_pro,llama-3.1-8b-instruct,mmlu_pro_test_01741,0,0.55733,4
mmlu_pro,llama-3.1-8b-instruct,mmlu_pro_test_09180,1,0.306881,1
mmlu_pro,llama-3.1-8b-instruct,mmlu_pro_test_10463,1,0.33176,5
mmlu_pro,llama-3.1-8b-instruct,mmlu_pro_test_07300,0,0.382737,3
mmlu_pro,llama-3.1-8b-instruct,mmlu_pro_test_03602,0,0.604176,4
mmlu_pro,llama-3.1-8b-instruct,mmlu_pro_test_05863,0,0.668214,5
mmlu_pro,llama-3.1-8b-instruct,mmlu_pro_test_11918,1,0.205432,3
mmlu_pro,llama-3.1-8b-instruct,mmlu_pro_test_10821,1,0.458287,5
mmlu_pro,llama-3.1-8b-instruct,mmlu_pro_test_00578,1,0.788867,5
mmlu_pro,llama-3.1-8b-instruct,mmlu_pro_test_01634,0,0.454206,2
mmlu_pro,llama-3.1-8b-instruct,mmlu_pro_test_01115,0,0.437214,5
mmlu_pro,llama-3.1-8b-instruct,mmlu_pro_test_01088,1,0.339916,4
mmlu_pro,llama-3.1-8b-instruct,mmlu_pro_test_09247,1,0.566175,3
mmlu_pro,llama-3.1-8b-instruct,mmlu_pro_test_06472,0,0.714768,5
mmlu_pro,llama-3.1-8b-instruct,mmlu_pro_test_00943,1,0.285571,2
mmlu_pro,llama-3.1-8b-instruct,mmlu_pro_test_05483,1,0.532141,4
mmlu_pro,llama-3.1-8b-instruct,mmlu_pro_test_00233,1,0.597195,5
mmlu_pro,llama-3.1-8b-instruct,mmlu_pro_test_00994,0,0.375515,1
mmlu_pro,llama-3.1-8b-instruct,mmlu_pro_test_00881,1,0.311183,4
mmlu_pro,llama-3.1-8b-instruct,mmlu_pro_test_06356,1,0.40119,5
mmlu_pro,llama-3.1-8b-instruct,mmlu_pro_test_05571,0,0.560323,4
mmlu_pro,llama-3.1-8b-instruct,mmlu_pro_test_05042,1,0.765994,5
mmlu_pro,llama-3.1-8b-instruct,mmlu_pro_test_06964,0,0.393794,1
mmlu_pro,llama-3.1-8b-instruct,mmlu_pro_test_06324,0,0.501519,1
mmlu_pro,llama-3.1-8b-instruct,mmlu_pro_test_08046,1,0.463754,3
mmlu_pro,llama-3.1-8b-instruct,mmlu_pro_test_11328,0,0.774873,1
mmlu_pro,llama-3.1-8b-instruct,mmlu_pro_test_10848,1,0.532636,1
mmlu_pro,llama-3.1-8b-instruct,mmlu_pro_test_09027,0,0.7608,1
mmlu_pro,llama-3.1-8b-instruct,mmlu_pro_test_06780,1,0.619842,2
mmlu_pro,llama-3.1-8b-instruct,mmlu_pro_test_06430,1,0.57612,4
mmlu_pro,llama-3.1-8b-instruct,mmlu_pro_test_09215,1,0.592378,1
mmlu_pro,llama-3.1-8b-instruct,mmlu_pro_test_08916,0,0.56638,2
mmlu_pro,llama-3.1-8b-instruct,mmlu_pro_test_03285,1,0.640888,1
mmlu_pro,llama-3.1-8b-instruct,mmlu_pro_test_07952,1,0.662154,3
mmlu_pro,llama-3.1-8b-instruct,mmlu_pro_test_02613,1,0.594591,1
mmlu_pro,llama-3.1-8b-instruct,mmlu_pro_test_07051,0,0.567316,1
mmlu_pro,llama-3.1-8b-instruct,mmlu_pro_test_06654,1,0.435724,1
mmlu_pro,llama-3.1-8b-instruct,mmlu_pro_test_08077,1,0.764325,4
mmlu_pro,llama-3.1-8b-instruct,mmlu_pro_test_01114,0,0.38027,4
mmlu_pro,llama-3.1-8b-instruct,mmlu_pro_test_02376,0,0.565352,2
mmlu_pro,llama-3.1-8b-instruct,mmlu_pro_test_10943,0,0.389665,5
mmlu_pro,llama-3.1-8b-instruct,mmlu_pro_test_03849,0,0.473027,3
mmlu_pro,llama-3.1-8b-instruct,mmlu_pro_test_01822,0,0.249668,5
mmlu_pro,llama-3.1-8b-instruct,mmlu_pro_test_01322,0,0.437285,2
mmlu_pro,llama-3.1-8b-instruct,mmlu_pro_test_08750,0,0.251898,2
mmlu_pro,llama-3.1-8b-instruct,mmlu_pro_test_08513,1,0.544064,5
mmlu_pro,llama-3.1-8b-instruct,mmlu_pro_test_06409,1,0.714968,5
mmlu_pro,llama-3.1-8b-instruct,mmlu_pro_test_05509,1,0.500855,2
mmlu_pro,llama-3.1-8b-instruct,mmlu_pro_test_05177,1,0.507169,3
mmlu_pro,llama-3.1-8b-instruct,mmlu_pro_test_07012,0,0.559888,4
mmlu_pro,llama-3.1-8b-instruct,mmlu_pro_test_07233,1,0.700675,4
mmlu_pro,llama-3.1-8b-instruct,mmlu_pro_test_04296,1,0.43707,5
mmlu_pro,llama-3.1-8b-instruct,mmlu_pro_test_06365,1,0.713862,4
mmlu_pro,llama-3.1-8b-instruct,mmlu_pro_test_00031,1,0.675318,1
mmlu_pro,llama-3.1-8b-instruct,mmlu_pro_test_09953,1,0.209021,2
mmlu_pro,llama-3.1-8b-instruct,mmlu_pro_test_02676,1,0.532976,4
mmlu_pro,llama-3.1-8b-instruct,mmlu_pro_test_07131,0,0.705134,5
mmlu_pro,llama-3.1-8b-instruct,mmlu_pro_test_03420,0,0.499881,5
mmlu_pro,llama-3.1-8b-instruct,mmlu_pro_test_00915,1,0.383104,5
mmlu_pro,llama-3.1-8b-instruct,mmlu_pro_test_07275,1,0.743317,4
mmlu_pro,llama-3.1-8b-instruct,mmlu_pro_test_01748,0,0.567856,2
mmlu_pro,llama-3.1-8b-instruct,mmlu_pro_test_10194,1,0.572889,2
mmlu_pro,llama-3.1-8b-instruct,mmlu_pro_test_07176,1,0.349912,2
mmlu_pro,llama-3.1-8b-instruct,mmlu_pro_test_00102,1,0.760373,1
mmlu_pro,llama-3.1-8b-instruct,mmlu_pro_test_01799,0,0.420313,1
mmlu_pro,llama-3.1-8b-instruct,mmlu_pro_test_06147,0,0.449618,4
mmlu_pro,llama-3.1-8b-instruct,mmlu_pro_test_05306,1,0.816042,5
mmlu_pro,llama-3.1-8b-instruct,mmlu_pro_test_02443,1,0.763199,1
mmlu_pro,llama-3.1-8b-instruct,mmlu_pro_test_01516,0,0.637755,4
mmlu_pro,llama-3.1-8b-instruct,mmlu_pro_test_05266,0,0.619824,3
mmlu_pro,llama-3.1-8b-instruct,mmlu_pro_test_05079,1,0.609546,2
mmlu_pro,llama-3.1-8b-instruct,mmlu_pro_test_11996,0,0.62567,1
mmlu_pro,llama-3.1-8b-instruct,mmlu_pro_test_07712,1,0.378579,5
mmlu_pro,llama-3.1-8b-instruct,mmlu_pro_test_07938,0,0.49585,1
mmlu_pro,llama-3.1-8b-instruct,mmlu_pro_test_10854,1,0.420773,3
mmlu_pro,llama-3.1-8b-instruct,mmlu_pro_test_02199,0,0.625463,4
mmlu_pro,llama-3.1-8b-instruct,mmlu_pro_test_00801,0,0.43426,1
mmlu_pro,llama-3.1-8b-instruct,mmlu_pro_test_06048,1,0.745464,3
mmlu_pro,llama-3.1-8b-instruct,mmlu_pro_test_04601,0,0.566935,3
mmlu_pro,llama-3.1-8b-instruct,mmlu_pro_test_08357,0,0.375098,1
mmlu_pro,llama-3.1-8b-instruct,mmlu_pro_test_06758,1,0.514648,3
mmlu_pro,llama-3.1-8b-instruct,mmlu_pro_test_05350,1,0.452127,4
mmlu_pro,llama-3.1-8b-instruct,mmlu_pro_test_03940,0,0.31824,3
mmlu_pro,llama-3.1-8b-instruct,mmlu_pro_test_00692,0,0.707277,4
mmlu_pro,llama-3.1-8b-instruct,mmlu_pro_test_02247,0,0.297957,2
mmlu_pro,llama-3.1-8b-instruct,mmlu_pro_test_01490,1,0.428835,2
mmlu_pro,llama-3.1-8b-instruct,mmlu_pro_test_03337,1,0.621366,4
mmlu_pro,llama-3.1-8b-instruct,mmlu_pro_test_05298,0,0.462728,1
mmlu_pro,llama-3.1-8b-instruct,mmlu_pro_test_02279,1,0.600099,5
mmlu_pro,llama-3.1-8b-instruct,mmlu_pro_test_06777,1,0.651146,3
mmlu_pro,llama-3.1-8b-instruct,mmlu_pro_test_03188,1,0.637814,2
mmlu_pro,llama-3.1-8b-instruct,mmlu_pro_test_04250,1,0.460091,5
mmlu_pro,llama-3.1-8b-instruct,mmlu_pro_test_01250,0,0.22441,5
mmlu_pro,llama-3.1-8b-instruct,mmlu_pro_test_02173,0,0.348303,5
mmlu_pro,llama-3.1-8b-instruct,mmlu_pro_test_05556,0,0.604283,3
mmlu_pro,llama-3.1-8b-instruct,mmlu_pro_test_01919,0,0.581479,1
mmlu_pro,llama-3.1-8b-instruct,mmlu_pro_test_05840,0,0.688835,2
mmlu_pro,llama-3.1-8b-instruct,mmlu_pro_test_10423,1,0.776791,3
mmlu_pro,llama-3.1-8b-instruct,mmlu_pro_test_05818,0,0.603603,4
mmlu_pro,llama-3.1-8b-instruct,mmlu_pro_test_08111,1,0.604897,2
mmlu_pro,llama-3.1-8b-instruct,mmlu_pro_test_11294,1,0.07645,2
mmlu_pro,llama-3.1-8b-instruct,mmlu_pro_test_05926,0,0.612394,1
mmlu_pro,llama-3.1-8b-instruct,mmlu_pro_test_00751,0,0.5909,4
mmlu_pro,llama-3.1-8b-instruct,mmlu_pro_test_10827,1,0.65164,4
mmlu_pro,llama-3.1-8b-instruct,mmlu_pro_test_08788,0,0.244131,5
mmlu_pro,llama-3.1-8b-instruct,mmlu_pro_test_06328,0,0.559148,5
mmlu_pro,llama-3.1-8b-instruct,mmlu_pro_test_00644,1,0.751129,1
mmlu_pro,llama-3.1-8b-instruct,mmlu_pro_test_09957,1,0.512927,4
mmlu_pro,llama-3.1-8b-instruct,mmlu_pro_test_01205,1,0.624491,3
mmlu_pro,llama-3.1-8b-instruct,mmlu_pro_test_05689,0,0.528841,3
mmlu_pro,llama-3.1-8b-instruct,mmlu_pro_test_09535,0,0.518487,4
mmlu_pro,llama-3.1-8b-instruct,mmlu_pro_test_05010,0,0.602948,5
mmlu_pro,llama-3.1-8b-instruct,mmlu_pro_test_05512,1,0.567413,3
mmlu_pro,llama-3.1-8b-instruct,mmlu_pro_test_06901,0,0.720199,5
mmlu_pro,llama-3.1-8b-instruct,mmlu_pro_test_04665,1,0.351882,5
mmlu_pro,llama-3.1-8b-instruct,mmlu_pro_test_01601,1,0.397737,1
mmlu_pro,llama-3.1-8b-instruct,mmlu_pro_test_07268,1,0.731379,2
mmlu_pro,llama-3.1-8b-instruct,mmlu_pro_test_06854,1,0.619231,5
mmlu_pro,llama-3.1-8b-instruct,mmlu_pro_test_02874,0,0.623261,5
mmlu_pro,llama-3.1-8b-instruct,mmlu_pro_test_00408,1,0.424583,3
mmlu_pro,llama-3.1-8b-instruct,mmlu_pro_test_11021,0,0.515577,2
mmlu_pro,llama-3.1-8b-instruct,mmlu_pro_test_06497,0,0.615102,5
mmlu_pro,llama-3.1-8b-instruct,mmlu_pro_test_08694,1,0.287098,1
mmlu_pro,llama-3.1-8b-instruct,mmlu_pro_test_00082,1,0.428443,4
mmlu_pro,llama-3.1-8b-instruct,mmlu_pro_test_05696,0,0.506766,2
mmlu_pro,llama-3.1-8b-instruct,mmlu_pro_test_07437,1,0.64797,5
mmlu_pro,llama-3.1-8b-instruct,mmlu_pro_test_08183,1,0.368035,1
mmlu_pro,llama-3.1-8b-instruct,mmlu_pro_test_01831,0,0.295104,5
mmlu_pro,llama-3.1-8b-instruct,mmlu_pro_test_02148,1,0.67072,3
mmlu_pro,llama-3.1-8b-instruct,mmlu_pro_test_00219,1,0.655511,2
mmlu_pro,llama-3.1-8b-instruct,mmlu_pro_test_01532,1,0.190375,2
mmlu_pro,llama-3.1-8b-instruct,mmlu_pro_test_08350,0,0.345791,3
mmlu_pro,llama-3.1-8b-instruct,mmlu_pro_test_03087,0,0.668675,2
mmlu_pro,llama-3.1-8b-instruct,mmlu_pro_test_07100,1,0.553341,3
mmlu_pro,llama-3.1-8b-instruct,mmlu_pro_test_09170,1,0.633842,3
mmlu_pro,llama-3.1-8b-instruct,mmlu_pro_test_04309,1,0.522757,5
mmlu_pro,llama-3.1-8b-instruct,mmlu_pro_test_08993,1,0.478025,3
mmlu_pro,llama-3.1-8b-instruct,mmlu_pro_test_08399,1,0.767287,4
mmlu_pro,llama-3.1-8b-instruct,mmlu_pro_test_01252,0,0.460837,4
mmlu_pro,llama-3.1-8b-instruct,mmlu_pro_test_02171,1,0.401997,5
mmlu_pro,llama-3.1-8b-instruct,mmlu_pro_test_07031,1,0.432646,2
mmlu_pro,llama-3.1-8b-instruct,mmlu_pro_test_11015,1,0.338853,4
mmlu_pro,llama-3.1-8b-instruct,mmlu_pro_test_06831,1,0.709844,2
mmlu_pro,llama-3.1-8b-instruct,mmlu_pro_test_09713,1,0.598114,5
mmlu_pro,llama-3.1-8b-instruct,mmlu_pro_test_09094,1,0.622288,2
mmlu_pro,llama-3.1-8b-instruct,mmlu_pro_test_05195,1,0.708702,1
mmlu_pro,llama-3.1-8b-instruct,mmlu_pro_test_08685,1,0.608628,2
mmlu_pro,llama-3.1-8b-instruct,mmlu_pro_test_04928,1,0.705001,2
mmlu_pro,llama-3.1-8b-instruct,mmlu_pro_test_01141,0,0.564403,2
mmlu_pro,llama-3.1-8b-instruct,mmlu_pro_test_06313,1,0.72428,2
mmlu_pro,llama-3.1-8b-instruct,mmlu_pro_test_06295,0,0.444606,1
mmlu_pro,llama-3.1-8b-instruct,mmlu_pro_test_00811,0,0.675616,2
mmlu_pro,llama-3.1-8b-instruct,mmlu_pro_test_06830,1,0.672854,4
mmlu_pro,llama-3.1-8b-instruct,mmlu_pro_test_08247,1,0.620793,2
mmlu_pro,llama-3.1-8b-instruct,mmlu_pro_test_08198,1,0.626721,3
mmlu_pro,llama-3.1-8b-instruct,mmlu_pro_test_02011,1,0.511336,1
mmlu_pro,llama-3.1-8b-instruct,mmlu_pro_test_01134,0,0.606254,3
mmlu_pro,llama-3.1-8b-instruct,mmlu_pro_test_01760,0,0.63822,4
mmlu_pro,llama-3.1-8b-instruct,mmlu_pro_test_09123,0,0.578306,4
mmlu_pro,llama-3.1-8b-instruct,mmlu_pro_test_10970,0,0.485558,3
mmlu_pro,llama-3.1-8b-instruct,mmlu_pro_test_01568,1,0.603087,1
mmlu_pro,llama-3.1-8b-instruct,mmlu_pro_test_04867,0,0.540897,3
mmlu_pro,llama-3.1-8b-instruct,mmlu_pro_test_00329,1,0.64698,1
mmlu_pro,llama-3.1-8b-instruct,mmlu_pro_test_02438,0,0.643958,4
mmlu_pro,llama-3.1-8b-instruct,mmlu_pro_test_01736,1,0.57898,2
mmlu_pro,llama-3.1-8b-instruct,mmlu_pro_test_04974,0,0.56789,5
mmlu_pro,llama-3.1-8b-instruct,mmlu_pro_test_04929,1,0.667186,2
mmlu_pro,llama-3.1-8b-instruct,mmlu_pro_test_00906,0,0.347422,3
mmlu_pro,llama-3.1-8b-instruct,mmlu_pro_test_10032,1,0.829696,1
mmlu_pro,llama-3.1-8b-instruct,mmlu_pro_test_04603,1,0.553494,5
mmlu_pro,llama-3.1-8b-instruct,mmlu_pro_test_09313,0,0.716092,1
mmlu_pro,llama-3.1-8b-instruct,mmlu_pro_test_03525,0,0.542787,3
mmlu_pro,llama-3.1-8b-instruct,mmlu_pro_test_06663,0,0.438413,3
mmlu_pro,llama-3.1-8b-instruct,mmlu_pro_test_05202,0,0.443151,1
mmlu_pro,llama-3.1-8b-instruct,mmlu_pro_test_07832,1,0.779834,4
mmlu_pro,llama-3.1-8b-instruct,mmlu_pro_test_06787,1,0.688481,5
mmlu_pro,llama-3.1-8b-instruct,mmlu_pro_test_08156,0,0.293297,5
mmlu_pro,llama-3.1-8b-instruct,mmlu_pro_test_05678,0,0.529076,5
mmlu_pro,llama-3.1-8b-instruct,mmlu_pro_test_11904,1,0.645769,4
mmlu_pro,llama-3.1-8b-instruct,mmlu_pro_test_06424,0,0.674795,5
mmlu_pro,llama-3.1-8b-instruct,mmlu_pro_test_02283,1,0.524007,5
mmlu_pro,llama-3.1-8b-instruct,mmlu_pro_test_04727,0,0.664033,3
mmlu_pro,llama-3.1-8b-instruct,mmlu_pro_test_01003,0,0.35498,3
mmlu_pro,llama-3.1-8b-instruct,mmlu_pro_test_10324,0,0.707009,4
mmlu_pro,llama-3.1-8b-instruct,mmlu_pro_test_11346,1,0.559919,2
mmlu_pro,llama-3.1-8b-instruct,mmlu_pro_test_10124,0,0.440976,2
mmlu_pro,llama-3.1-8b-instruct,mmlu_pro_test_03182,1,0.647161,2
mmlu_pro,llama-3.1-8b-instruct,mmlu_pro_test_08688,0,0.591224,5
mmlu_pro,llama-3.1-8b-instruct,mmlu_pro_test_05109,0,0.530302,3
mmlu_pro,llama-3.1-8b-instruct,mmlu_pro_test_10163,0,0.647288,1
mmlu_pro,llama-3.1-8b-instruct,mmlu_pro_test_03959,1,0.354184,3
mmlu_pro,llama-3.1-8b-instruct,mmlu_pro_test_11639,1,0.448685,2
mmlu_pro,llama-3.1-8b-instruct,mmlu_pro_test_03992,0,0.469561,2
mmlu_pro,llama-3.1-8b-instruct,mmlu_pro_test_06451,0,0.39582,5
mmlu_pro,llama-3.1-8b-instruct,mmlu_pro_test_00836,0,0.441067,1
mmlu_pro,llama-3.1-8b-instruct,mmlu_pro_test_08372,1,0.665099,5
mmlu_pro,llama-3.1-8b-instruct,mmlu_pro_test_01355,0,0.341438,3
mmlu_pro,llama-3.1-8b-instruct,mmlu_pro_test_10802,0,0.572077,5
mmlu_pro,llama-3.1-8b-instruct,mmlu_pro_test_00880,0,0.407712,5
mmlu_pro,llama-3.1-8b-instruct,mmlu_pro_test_03601,0,0.270722,2
mmlu_pro,llama-3.1-8b-instruct,mmlu_pro_test_09942,1,0.740171,3
mmlu_pro,llama-3.1-8b-instruct,mmlu_pro_test_06822,0,0.534615,1
mmlu_pro,llama-3.1-8b-instruct,mmlu_pro_test_05452,0,0.47713,3
mmlu_pro,llama-3.1-8b-instruct,mmlu_pro_test_09544,1,0.646739,5
mmlu_pro,llama-3.1-8b-instruct,mmlu_pro_test_00425,1,0.723827,3
mmlu_pro,llama-3.1-8b-instruct,mmlu_pro_test_02544,0,0.737096,4
mmlu_pro,llama-3.1-8b-instruct,mmlu_pro_test_01550,0,0.257994,5
mmlu_pro,llama-3.1-8b-instruct,mmlu_pro_test_08699,1,0.788998,4
mmlu_pro,llama-3.1-8b-instruct,mmlu_pro_test_03795,1,0.689578,4
mmlu_pro,llama-3.1-8b-instruct,mmlu_pro_test_06341,0,0.609769,5
mmlu_pro,llama-3.1-8b-instruct,mmlu_pro_test_06331,0,0.356543,5
mmlu_pro,llama-3.1-8b-instruct,mmlu_pro_test_06905,0,0.688754,2
mmlu_pro,llama-3.1-8b-instruct,mmlu_pro_test_06884,1,0.584857,3
mmlu_pro,llama-3.1-8b-instruct,mmlu_pro_test_02285,0,0.64818,2
mmlu_pro,llama-3.1-8b-instruct,mmlu_pro_test_11020,0,0.393057,1
mmlu_pro,llama-3.1-8b-instruct,mmlu_pro_test_05679,1,0.627475,3
mmlu_pro,llama-3.1-8b-instruct,mmlu_pro_test_06517,0,0.463014,2
mmlu_pro,llama-3.1-8b-instruct,mmlu_pro_test_03061,1,0.656925,4
mmlu_pro,llama-3.1-8b-instruct,mmlu_pro_test_10973,1,0.508891,3
mmlu_pro,llama-3.1-8b-instruct,mmlu_pro_test_09801,1,0.585301,4
mmlu_pro,llama-3.1-8b-instruct,mmlu_pro_test_02225,1,0.613952,2
mmlu_pro,llama-3.1-8b-instruct,mmlu_pro_test_00940,0,0.332519,1
mmlu_pro,llama-3.1-8b-instruct,mmlu_pro_test_07930,1,0.455734,1
mmlu_pro,llama-3.1-8b-instruct,mmlu_pro_test_06579,1,0.684491,1
mmlu_pro,llama-3.1-8b-instruct,mmlu_pro_test_08275,0,0.381587,1
mmlu_pro,llama-3.1-8b-instruct,mmlu_pro_test_09550,0,0.799308,5
mmlu_pro,llama-3.1-8b-instruct,mmlu_pro_test_02498,1,0.497873,4
mmlu_pro,llama-3.1-8b-instruct,mmlu_pro_test_09911,1,0.49876,3
mmlu_pro,llama-3.1-8b-instruct,mmlu_pro_test_01960,1,0.575406,4
mmlu_pro,llama-3.1-8b-instruct,mmlu_pro_test_10708,1,0.492834,2
mmlu_pro,llama-3.1-8b-instruct,mmlu_pro_test_02841,1,0.502831,3
mmlu_pro,llama-3.1-8b-instruct,mmlu_pro_test_05560,0,0.717587,4
mmlu_pro,llama-3.1-8b-instruct,mmlu_pro_test_11547,1,0.625483,5
mmlu_pro,llama-3.1-8b-instruct,mmlu_pro_test_07857,1,0.435286,4
mmlu_pro,llama-3.1-8b-instruct,mmlu_pro_test_06513,1,0.433208,2
mmlu_pro,llama-3.1-8b-instruct,mmlu_pro_test_07069,1,0.692411,5
mmlu_pro,llama-3.1-8b-instruct,mmlu_pro_test_03955,1,0.734134,4
mmlu_pro,llama-3.1-8b-instruct,mmlu_pro_test_05605,0,0.499141,3
mmlu_pro,llama-3.1-8b-instruct,mmlu_pro_test_07246,0,0.482113,5
mmlu_pro,llama-3.1-8b-instruct,mmlu_pro_test_02726,1,0.462963,5
mmlu_pro,llama-3.1-8b-instruct,mmlu_pro_test_03025,1,0.55617,4
mmlu_pro,llama-3.1-8b-instruct,mmlu_pro_test_04032,1,0.471725,5
mmlu_pro,llama-3.1-8b-instruct,mmlu_pro_test_04556,0,0.424793,4
mmlu_pro,llama-3.1-8b-instruct,mmlu_pro_test_05857,1,0.539579,3
mmlu_pro,llama-3.1-8b-instruct,mmlu_pro_test_07599,0,0.087807,1
mmlu_pro,llama-3.1-8b-instruct,mmlu_pro_test_10348,0,0.515789,4
mmlu_pro,llama-3.1-8b-instruct,mmlu_pro_test_01626,0,0.328416,5
mmlu_pro,llama-3.1-8b-instruct,mmlu_pro_test_10350,0,0.40779,2
mmlu_pro,llama-3.1-8b-instruct,mmlu_pro_test_01553,0,0.561854,2
mmlu_pro,llama-3.1-8b-instruct,mmlu_pro_test_03055,1,0.583884,4
mmlu_pro,llama-3.1-8b-instruct,mmlu_pro_test_00636,1,0.803518,2
mmlu_pro,llama-3.1-8b-instruct,mmlu_pro_test_00277,1,0.620359,2
mmlu_pro,llama-3.1-8b-instruct,mmlu_pro_test_00288,0,0.47504,1
mmlu_pro,llama-3.1-8b-instruct,mmlu_pro_test_11665,1,0.714957,3
mmlu_pro,llama-3.1-8b-instruct,mmlu_pro_test_06037,0,0.60135,3
mmlu_pro,llama-3.1-8b-instruct,mmlu_pro_test_08774,1,0.412435,3
mmlu_pro,llama-3.1-8b-instruct,mmlu_pro_test_02540,1,0.712099,5
mmlu_pro,llama-3.1-8b-instruct,mmlu_pro_test_06076,1,0.436027,1
mmlu_pro,llama-3.1-8b-instruct,mmlu_pro_test_00886,1,0.314881,3
mmlu_pro,llama-3.1-8b-instruct,mmlu_pro_test_01537,0,0.381717,1
mmlu_pro,llama-3.1-8b-instruct,mmlu_pro_test_09637,0,0.550947,1
mmlu_pro,llama-3.1-8b-instruct,mmlu_pro_test_10013,1,0.577402,2
mmlu_pro,llama-3.1-8b-instruct,mmlu_pro_test_03543,1,0.641173,3
mmlu_pro,llama-3.1-8b-instruct,mmlu_pro_test_00900,1,0.47605,3
mmlu_pro,llama-3.1-8b-instruct,mmlu_pro_test_04870,1,0.64298,1
mmlu_pro,llama-3.1-8b-instruct,mmlu_pro_test_10222,0,0.502051,4
mmlu_pro,llama-3.1-8b-instruct,mmlu_pro_test_08932,0,0.578278,4
mmlu_pro,llama-3.1-8b-instruct,mmlu_pro_test_01482,0,0.257828,5
mmlu_pro,llama-3.1-8b-instruct,mmlu_pro_test_05997,0,0.645793,1
mmlu_pro,llama-3.1-8b-instruct,mmlu_pro_test_07383,0,0.512682,3
mmlu_pro,llama-3.1-8b-instruct,mmlu_pro_test_03864,0,0.350704,2
mmlu_pro,llama-3.1-8b-instruct,mmlu_pro_test_03206,1,0.675859,2
mmlu_pro,llama-3.1-8b-instruct,mmlu_pro_test_03219,1,0.409956,4
mmlu_pro,llama-3.1-8b-instruct,mmlu_pro_test_08616,1,0.632986,3
mmlu_pro,llama-3.1-8b-instruct,mmlu_pro_test_06239,1,0.687336,4
mmlu_pro,llama-3.1-8b-instruct,mmlu_pro_test_11431,0,0.48233,4
mmlu_pro,llama-3.1-8b-instruct,mmlu_pro_test_01772,0,0.366929,1
mmlu_pro,llama-3.1-8b-instruct,mmlu_pro_test_04910,0,0.469186,3
mmlu_pro,llama-3.1-8b-instruct,mmlu_pro_test_10608,0,0.605193,3
mmlu_pro,llama-3.1-8b-instruct,mmlu_pro_test_04765,1,0.625743,4
mmlu_pro,llama-3.1-8b-instruct,mmlu_pro_test_03207,1,0.58955,4
mmlu_pro,llama-3.1-8b-instruct,mmlu_pro_test_05102,1,0.520969,5
mmlu_pro,llama-3.1-8b-instruct,mmlu_pro_test_01711,0,0.368254,4
mmlu_pro,llama-3.1-8b-instruct,mmlu_pro_test_08269,1,0.590267,2
mmlu_pro,llama-3.1-8b-instruct,mmlu_pro_test_09488,0,0.365423,4
mmlu_pro,llama-3.1-8b-instruct,mmlu_pro_test_01019,0,0.555537,1
mmlu_pro,llama-3.1-8b-instruct,mmlu_pro_test_06772,1,0.654045,1
mmlu_pro,llama-3.1-8b-instruct,mmlu_pro_test_09129,0,0.456404,2
mmlu_pro,llama-3.1-8b-instruct,mmlu_pro_test_05528,1,0.528845,5
mmlu_pro,llama-3.1-8b-instruct,mmlu_pro_test_01400,1,0.709715,1
mmlu_pro,llama-3.1-8b-instruct,mmlu_pro_test_00792,0,0.430052,3
mmlu_pro,llama-3.1-8b-instruct,mmlu_pro_test_09177,0,0.638179,5
mmlu_pro,llama-3.1-8b-instruct,mmlu_pro_test_08481,0,0.517769,4
mmlu_pro,llama-3.1-8b-instruct,mmlu_pro_test_08496,1,0.636171,2
mmlu_pro,llama-3.1-8b-instruct,mmlu_pro_test_06546,0,0.557823,3
mmlu_pro,llama-3.1-8b-instruct,mmlu_pro_test_05897,1,0.389025,5
mmlu_pro,llama-3.1-8b-instruct,mmlu_pro_test_02054,1,0.447034,2
mmlu_pro,llama-3.1-8b-instruct,mmlu_pro_test_11008,0,0.366949,4
mmlu_pro,llama-3.1-8b-instruct,mmlu_pro_test_03402,1,0.381425,5
mmlu_pro,llama-3.1-8b-instruct,mmlu_pro_test_00221,0,0.128102,3
mmlu_pro,llama-3.1-8b-instruct,mmlu_pro_test_03979,0,0.553963,5
mmlu_pro,llama-3.1-8b-instruct,mmlu_pro_test_11046,0,0.35355,1
mmlu_pro,llama-3.1-8b-instruct,mmlu_pro_test_09827,1,0.638778,4
mmlu_pro,llama-3.1-8b-instruct,mmlu_pro_test_01377,0,0.400196,4
mmlu_pro,llama-3.1-8b-instruct,mmlu_pro_test_04611,1,0.589312,2
mmlu_pro,llama-3.1-8b-instruct,mmlu_pro_test_04003,0,0.612411,3
mmlu_pro,llama-3.1-8b-instruct,mmlu_pro_test_00045,0,0.650493,5
mmlu_pro,llama-3.1-8b-instruct,mmlu_pro_test_07164,0,0.334573,3
mmlu_pro,llama-3.1-8b-instruct,mmlu_pro_test_09773,1,0.656858,4
mmlu_pro,llama-3.1-8b-instruct,mmlu_pro_test_09053,1,0.561455,3
mmlu_pro,llama-3.1-8b-instruct,mmlu_pro_test_02203,1,0.597731,4
mmlu_pro,llama-3.1-8b-instruct,mmlu_pro_test_09735,0,0.442069,2
mmlu_pro,llama-3.1-8b-instruct,mmlu_pro_test_05405,1,0.75533,1
mmlu_pro,llama-3.1-8b-instruct,mmlu_pro_test_08569,1,0.673472,5
mmlu_pro,llama-3.1-8b-instruct,mmlu_pro_test_03172,1,0.602024,1
mmlu_pro,llama-3.1-8b-instruct,mmlu_pro_test_05757,0,0.483167,2
mmlu_pro,llama-3.1-8b-instruct,mmlu_pro_test_06448,1,0.561618,4
mmlu_pro,llama-3.1-8b-instruct,mmlu_pro_test_07928,1,0.476643,2
mmlu_pro,llama-3.1-8b-instruct,mmlu_pro_test_10412,1,0.701246,4
mmlu_pro,llama-3.1-8b-instruct,mmlu_pro_test_06074,0,0.472543,5
mmlu_pro,llama-3.1-8b-instruct,mmlu_pro_test_05699,0,0.438678,5
mmlu_pro,llama-3.1-8b-instruct,mmlu_pro_test_02130,1,0.417341,3
mmlu_pro,llama-3.1-8b-instruct,mmlu_pro_test_03197,0,0.606722,2
mmlu_pro,llama-3.1-8b-instruct,mmlu_pro_test_02136,1,0.589051,1
mmlu_pro,llama-3.1-8b-instruct,mmlu_pro_test_02648,1,0.607669,3
mmlu_pro,llama-3.1-8b-instruct,mmlu_pro_test_05842,1,0.713657,1
mmlu_pro,llama-3.1-8b-instruct,mmlu_pro_test_11234,1,0.55353,1
mmlu_pro,llama-3.1-8b-instruct,mmlu_pro_test_05457,1,0.463315,1
mmlu_pro,llama-3.1-8b-instruct,mmlu_pro_test_02528,1,0.593612,3
mmlu_pro,llama-3.1-8b-instruct,mmlu_pro_test_03004,1,0.663326,2
mmlu_pro,llama-3.1-8b-instruct,mmlu_pro_test_07942,1,0.582849,5
mmlu_pro,llama-3.1-8b-instruct,mmlu_pro_test_00211,0,0.633932,2
mmlu_pro,llama-3.1-8b-instruct,mmlu_pro_test_10752,1,0.725226,5
mmlu_pro,llama-3.1-8b-instruct,mmlu_pro_test_07919,1,0.473112,3
mmlu_pro,llama-3.1-8b-instruct,mmlu_pro_test_01966,0,0.120008,2
mmlu_pro,llama-3.1-8b-instruct,mmlu_pro_test_11733,0,0.638037,3
mmlu_pro,llama-3.1-8b-instruct,mmlu_pro_test_10184,1,0.172755,2
mmlu_pro,llama-3.1-8b-instruct,mmlu_pro_test_05853,0,0.620744,4
mmlu_pro,llama-3.1-8b-instruct,mmlu_pro_test_01495,0,0.546439,3
mmlu_pro,llama-3.1-8b-instruct,mmlu_pro_test_11666,0,0.4739,5
mmlu_pro,llama-3.1-8b-instruct,mmlu_pro_test_00127,1,0.731844,1
mmlu_pro,llama-3.1-8b-instruct,mmlu_pro_test_06648,0,0.628416,2
mmlu_pro,llama-3.1-8b-instruct,mmlu_pro_test_01340,0,0.319915,1
mmlu_pro,llama-3.1-8b-instruct,mmlu_pro_test_02537,0,0.667884,2
mmlu_pro,llama-3.1-8b-instruct,mmlu_pro_test_07044,1,0.657439,4
mmlu_pro,llama-3.1-8b-instruct,mmlu_pro_test_05098,1,0.524453,5
mmlu_pro,llama-3.1-8b-instruct,mmlu_pro_test_04858,1,0.672825,4
mmlu_pro,llama-3.1-8b-instruct,mmlu_pro_test_05115,0,0.436462,2
mmlu_pro,llama-3.1-8b-instruct,mmlu_pro_test_04473,1,0.546091,3
mmlu_pro,llama-3.1-8b-instruct,mmlu_pro_test_05391,1,0.691249,1
mmlu_pro,llama-3.1-8b-instruct,mmlu_pro_test_08620,1,0.503955,4
mmlu_pro,llama-3.1-8b-instruct,mmlu_pro_test_06792,1,0.58673,3
mmlu_pro,llama-3.1-8b-instruct,mmlu_pro_test_10355,0,0.358241,4
mmlu_pro,llama-3.1-8b-instruct,mmlu_pro_test_05086,0,0.512738,1
mmlu_pro,llama-3.1-8b-instruct,mmlu_pro_test_08058,1,0.757527,4
mmlu_pro,llama-3.1-8b-instruct,mmlu_pro_test_02357,0,0.673705,2
mmlu_pro,llama-3.1-8b-instruct,mmlu_pro_test_04466,1,0.61281,5
mmlu_pro,llama-3.1-8b-instruct,mmlu_pro_test_09754,0,0.447824,1
mmlu_pro,llama-3.1-8b-instruct,mmlu_pro_test_05867,0,0.531622,2
mmlu_pro,llama-3.1-8b-instruct,mmlu_pro_test_07850,0,0.578088,4
mmlu_pro,llama-3.1-8b-instruct,mmlu_pro_test_04159,0,0.643503,3
mmlu_pro,llama-3.1-8b-instruct,mmlu_pro_test_02630,1,0.520766,1
mmlu_pro,llama-3.1-8b-instruct,mmlu_pro_test_08607,0,0.55547,1
mmlu_pro,llama-3.1-8b-instruct,mmlu_pro_test_06300,1,0.411891,4
mmlu_pro,llama-3.1-8b-instruct,mmlu_pro_test_10202,1,0.689794,5
mmlu_pro,llama-3.1-8b-instruct,mmlu_pro_test_01890,0,0.581062,1
mmlu_pro,llama-3.1-8b-instruct,mmlu_pro_test_05206,0,0.613688,1
mmlu_pro,llama-3.1-8b-instruct,mmlu_pro_test_00914,0,0.619906,2
mmlu_pro,llama-3.1-8b-instruct,mmlu_pro_test_07132,1,0.449904,2
mmlu_pro,llama-3.1-8b-instruct,mmlu_pro_test_06601,1,0.598762,3
mmlu_pro,llama-3.1-8b-instruct,mmlu_pro_test_07394,1,0.48076,5
mmlu_pro,llama-3.1-8b-instruct,mmlu_pro_test_10683,0,0.414303,3
mmlu_pro,llama-3.1-8b-instruct,mmlu_pro_test_03169,0,0.605106,4
mmlu_pro,llama-3.1-8b-instruct,mmlu_pro_test_09182,1,0.684345,3
mmlu_pro,llama-3.1-8b-instruct,mmlu_pro_test_02152,1,0.70061,3
mmlu_pro,llama-3.1-8b-instruct,mmlu_pro_test_07211,1,0.606372,2
mmlu_pro,llama-3.1-8b-instruct,mmlu_pro_test_02080,1,0.627131,3
mmlu_pro,llama-3.1-8b-instruct,mmlu_pro_test_10517,1,0.665448,1
mmlu_pro,llama-3.1-8b-instruct,mmlu_pro_test_11460,0,0.331141,1
mmlu_pro,llama-3.1-8b-instruct,mmlu_pro_test_06614,0,0.665326,1
mmlu_pro,llama-3.1-8b-instruct,mmlu_pro_test_06802,0,0.58328,1
mmlu_pro,llama-3.1-8b-instruct,mmlu_pro_test_06404,1,0.745628,1
mmlu_pro,llama-3.1-8b-instruct,mmlu_pro_test_02366,1,0.566615,1
mmlu_pro,llama-3.1-8b-instruct,mmlu_pro_test_02737,0,0.331778,2
mmlu_pro,llama-3.1-8b-instruct,mmlu_pro_test_05495,1,0.66611,4
mmlu_pro,llama-3.1-8b-instruct,mmlu_pro_test_02371,1,0.621907,3
mmlu_pro,llama-3.1-8b-instruct,mmlu_pro_test_02003,0,0.578656,3
mmlu_pro,llama-3.1-8b-instruct,mmlu_pro_test_04589,1,0.40524,5
mmlu_pro,llama-3.1-8b-instruct,mmlu_pro_test_01861,0,0.532452,3
mmlu_pro,llama-3.1-8b-instruct,mmlu_pro_test_11005,0,0.703079,5
mmlu_pro,llama-3.1-8b-instruct,mmlu_pro_test_00991,0,0.369155,3
mmlu_pro,llama-3.1-8b-instruct,mmlu_pro_test_06894,1,0.622506,1
mmlu_pro,llama-3.1-8b-instruct,mmlu_pro_test_10841,0,0.46541,1
mmlu_pro,llama-3.1-8b-instruct,mmlu_pro_test_11190,0,0.280296,3
mmlu_pro,llama-3.1-8b-instruct,mmlu_pro_test_06000,1,0.795873,4
mmlu_pro,llama-3.1-8b-instruct,mmlu_pro_test_07453,1,0.523669,3
mmlu_pro,llama-3.1-8b-instruct,mmlu_pro_test_06357,1,0.600128,4
mmlu_pro,llama-3.1-8b-instruct,mmlu_pro_test_10158,1,0.519403,4
mmlu_pro,llama-3.1-8b-instruct,mmlu_pro_test_02333,1,0.642747,3
mmlu_pro,llama-3.1-8b-instruct,mmlu_pro_test_09772,1,0.647951,5
mmlu_pro,llama-3.1-8b-instruct,mmlu_pro_test_02232,0,0.468189,3
mmlu_pro,llama-3.1-8b-instruct,mmlu_pro_test_08057,1,0.745127,2
mmlu_pro,llama-3.1-8b-instruct,mmlu_pro_test_07000,0,0.568973,3
mmlu_pro,llama-3.1-8b-instruct,mmlu_pro_test_03907,1,0.670281,1
mmlu_pro,llama-3.1-8b-instruct,mmlu_pro_test_02107,0,0.253674,3
mmlu_pro,llama-3.1-8b-instruct,mmlu_pro_test_08787,0,0.718002,4
mmlu_pro,llama-3.1-8b-instruct,mmlu_pro_test_07903,1,0.271939,2
mmlu_pro,llama-3.1-8b-instruct,mmlu_pro_test_07805,1,0.466764,2
mmlu_pro,llama-3.1-8b-instruct,mmlu_pro_test_05034,1,0.544946,1
mmlu_pro,llama-3.1-8b-instruct,mmlu_pro_test_02887,0,0.804915,5
mmlu_pro,llama-3.1-8b-instruct,mmlu_pro_test_07283,1,0.546896,1
mmlu_pro,llama-3.1-8b-instruct,mmlu_pro_test_10531,1,0.62188,4
mmlu_pro,llama-3.1-8b-instruct,mmlu_pro_test_02395,0,0.583946,1
mmlu_pro,llama-3.1-8b-instruct,mmlu_pro_test_05937,1,0.556947,1
mmlu_pro,llama-3.1-8b-instruct,mmlu_pro_test_04859,1,0.490324,2
mmlu_pro,llama-3.1-8b-instruct,mmlu_pro_test_08852,1,0.629956,1
mmlu_pro,llama-3.1-8b-instruct,mmlu_pro_test_06011,1,0.644393,5
mmlu_pro,llama-3.1-8b-instruct,mmlu_pro_test_01974,1,0.417774,5
mmlu_pro,llama-3.1-8b-instruct,mmlu_pro_test_01952,1,0.397399,3
mmlu_pro,llama-3.1-8b-instruct,mmlu_pro_test_06332,0,0.420731,1
mmlu_pro,llama-3.1-8b-instruct,mmlu_pro_test_02635,1,0.555236,4
mmlu_pro,llama-3.1-8b-instruct,mmlu_pro_test_10743,0,0.467206,4
mmlu_pro,llama-3.1-8b-instruct,mmlu_pro_test_08477,1,0.458677,5
mmlu_pro,llama-3.1-8b-instruct,mmlu_pro_test_02993,0,0.359261,5
mmlu_pro,llama-3.1-8b-instruct,mmlu_pro_test_00670,0,0.554202,5
mmlu_pro,llama-3.1-8b-instruct,mmlu_pro_test_07469,0,0.454073,5
mmlu_pro,llama-3.1-8b-instruct,mmlu_pro_test_10157,0,0.677511,4
mmlu_pro,llama-3.1-8b-instruct,mmlu_pro_test_01650,1,0.379228,3
mmlu_pro,llama-3.1-8b-instruct,mmlu_pro_test_00055,1,0.537409,3
mmlu_pro,llama-3.1-8b-instruct,mmlu_pro_test_02795,1,0.51959,3
mmlu_pro,llama-3.1-8b-instruct,mmlu_pro_test_06138,0,0.565494,3
mmlu_pro,llama-3.1-8b-instruct,mmlu_pro_test_10870,0,0.388282,5
mmlu_pro,llama-3.1-8b-instruct,mmlu_pro_test_04614,0,0.438975,4
mmlu_pro,llama-3.1-8b-instruct,mmlu_pro_test_04206,0,0.586299,1
mmlu_pro,llama-3.1-8b-instruct,mmlu_pro_test_05338,1,0.446916,4
mmlu_pro,llama-3.1-8b-instruct,mmlu_pro_test_05627,0,0.411457,4
mmlu_pro,llama-3.1-8b-instruct,mmlu_pro_test_03459,0,0.544678,1
mmlu_pro,llama-3.1-8b-instruct,mmlu_pro_test_04829,0,0.266951,4
mmlu_pro,llama-3.1-8b-instruct,mmlu_pro_test_11045,0,0.569131,4
mmlu_pro,llama-3.1-8b-instruct,mmlu_pro_test_01830,1,0.608067,5
mmlu_pro,llama-3.1-8b-instruct,mmlu_pro_test_07607,0,0.639971,2
mmlu_pro,llama-3.1-8b-instruct,mmlu_pro_test_06946,1,0.691568,4
mmlu_pro,llama-3.1-8b-instruct,mmlu_pro_test_03633,1,0.702178,5
mmlu_pro,llama-3.1-8b-instruct,mmlu_pro_test_01057,0,0.627171,1
mmlu_pro,llama-3.1-8b-instruct,mmlu_pro_test_10060,0,0.488641,4
mmlu_pro,llama-3.1-8b-instruct,mmlu_pro_test_00929,1,0.415576,5
mmlu_pro,llama-3.1-8b-instruct,mmlu_pro_test_02272,1,0.689677,4
mmlu_pro,llama-3.1-8b-instruct,mmlu_pro_test_01432,0,0.340684,4
mmlu_pro,llama-3.1-8b-instruct,mmlu_pro_test_08065,0,0.584151,4
mmlu_pro,llama-3.1-8b-instruct,mmlu_pro_test_07470,0,0.657698,2
mmlu_pro,llama-3.1-8b-instruct,mmlu_pro_test_10255,1,0.368601,4
mmlu_pro,llama-3.1-8b-instruct,mmlu_pro_test_10867,0,0.53538,5
mmlu_pro,llama-3.1-8b-instruct,mmlu_pro_test_05244,1,0.605202,3
mmlu_pro,llama-3.1-8b-instruct,mmlu_pro_test_06944,0,0.525538,5
mmlu_pro,llama-3.1-8b-instruct,mmlu_pro_test_03299,1,0.690212,3
mmlu_pro,llama-3.1-8b-instruct,mmlu_pro_test_06282,0,0.377949,4
mmlu_pro,llama-3.1-8b-instruct,mmlu_pro_test_07764,1,0.442683,1
mmlu_pro,llama-3.1-8b-instruct,mmlu_pro_test_11014,1,0.609649,3
mmlu_pro,llama-3.1-8b-instruct,mmlu_pro_test_04212,1,0.523041,3
mmlu_pro,llama-3.1-8b-instruct,mmlu_pro_test_03154,1,0.793035,4
mmlu_pro,llama-3.1-8b-instruct,mmlu_pro_test_04277,1,0.680925,4
mmlu_pro,llama-3.1-8b-instruct,mmlu_pro_test_06896,1,0.469487,2
mmlu_pro,llama-3.1-8b-instruct,mmlu_pro_test_02667,0,0.671066,5
mmlu_pro,llama-3.1-8b-instruct,mmlu_pro_test_05954,0,0.554515,3
mmlu_pro,llama-3.1-8b-instruct,mmlu_pro_test_01957,1,0.601378,1
mmlu_pro,llama-3.1-8b-instruct,mmlu_pro_test_00723,1,0.532894,1
mmlu_pro,llama-3.1-8b-instruct,mmlu_pro_test_05089,1,0.714199,1
mmlu_pro,llama-3.1-8b-instruct,mmlu_pro_test_05701,0,0.515436,2
mmlu_pro,llama-3.1-8b-instruct,mmlu_pro_test_01840,0,0.487085,5
mmlu_pro,llama-3.1-8b-instruct,mmlu_pro_test_01016,0,0.293429,3
mmlu_pro,llama-3.1-8b-instruct,mmlu_pro_test_04162,1,0.737153,2
mmlu_pro,llama-3.1-8b-instruct,mmlu_pro_test_00847,1,0.425369,3
mmlu_pro,llama-3.1-8b-instruct,mmlu_pro_test_06902,0,0.605123,2
mmlu_pro,llama-3.1-8b-instruct,mmlu_pro_test_06564,0,0.751807,4
mmlu_pro,llama-3.1-8b-instruct,mmlu_pro_test_00290,1,0.529863,1
mmlu_pro,llama-3.1-8b-instruct,mmlu_pro_test_07407,0,0.517731,5
mmlu_pro,llama-3.1-8b-instruct,mmlu_pro_test_03035,0,0.244347,2
mmlu_pro,llama-3.1-8b-instruct,mmlu_pro_test_05652,1,0.361474,4
mmlu_pro,llama-3.1-8b-instruct,mmlu_pro_test_03553,1,0.771711,2
mmlu_pro,llama-3.1-8b-instruct,mmlu_pro_test_07409,0,0.38649,3
mmlu_pro,llama-3.1-8b-instruct,mmlu_pro_test_02082,1,0.520676,1
mmlu_pro,llama-3.1-8b-instruct,mmlu_pro_test_00835,0,0.544378,3
mmlu_pro,llama-3.1-8b-instruct,mmlu_pro_test_00148,1,0.687915,4
mmlu_pro,llama-3.1-8b-instruct,mmlu_pro_test_01955,1,0.519582,4
mmlu_pro,llama-3.1-8b-instruct,mmlu_pro_test_07553,1,0.673605,1
mmlu_pro,llama-3.1-8b-instruct,mmlu_pro_test_02680,1,0.661987,5
mmlu_pro,llama-3.1-8b-instruct,mmlu_pro_test_05719,1,0.59781,2
mmlu_pro,llama-3.1-8b-instruct,mmlu_pro_test_05964,0,0.584541,5
mmlu_pro,llama-3.1-8b-instruct,mmlu_pro_test_03334,1,0.630023,4
mmlu_pro,llama-3.1-8b-instruct,mmlu_pro_test_02685,1,0.476459,3
mmlu_pro,llama-3.1-8b-instruct,mmlu_pro_test_00679,0,0.506974,4
mmlu_pro,llama-3.1-8b-instruct,mmlu_pro_test_03095,1,0.68878,5
mmlu_pro,llama-3.1-8b-instruct,mmlu_pro_test_01253,0,0.473125,2
mmlu_pro,llama-3.1-8b-instruct,mmlu_pro_test_04551,0,0.597039,1
mmlu_pro,llama-3.1-8b-instruct,mmlu_pro_test_03358,1,0.632717,5
mmlu_pro,llama-3.1-8b-instruct,mmlu_pro_test_04484,1,0.603574,2
mmlu_pro,llama-3.1-8b-instruct,mmlu_pro_test_06597,1,0.312893,4
mmlu_pro,llama-3.1-8b-instruct,mmlu_pro_test_07171,0,0.362055,2
mmlu_pro,llama-3.1-8b-instruct,mmlu_pro_test_10161,1,0.484279,5
mmlu_pro,llama-3.1-8b-instruct,mmlu_pro_test_10710,0,0.474993,2
mmlu_pro,llama-3.1-8b-instruct,mmlu_pro_test_10933,0,0.311833,2
mmlu_pro,llama-3.1-8b-instruct,mmlu_pro_test_02554,1,0.701602,5
mmlu_pro,llama-3.1-8b-instruct,mmlu_pro_test_00063,1,0.466121,4
mmlu_pro,llama-3.1-8b-instruct,mmlu_pro_test_05917,1,0.449023,1
mmlu_pro,llama-3.1-8b-instruct,mmlu_pro_test_04862,1,0.620575,1
mmlu_pro,llama-3.1-8b-instruct,mmlu_pro_test_02974,1,0.654232,3
mmlu_pro,llama-3.1-8b-instruct,mmlu_pro_test_06039,0,0.427899,5
mmlu_pro,llama-3.1-8b-instruct,mmlu_pro_test_05836,0,0.664279,4
mmlu_pro,llama-3.1-8b-instruct,mmlu_pro_test_01171,1,0.329471,3
mmlu_pro,llama-3.1-8b-instruct,mmlu_pro_test_03828,0,0.294761,1
mmlu_pro,llama-3.1-8b-instruct,mmlu_pro_test_02519,0,0.42797,2
mmlu_pro,llama-3.1-8b-instruct,mmlu_pro_test_04482,0,0.373733,5
mmlu_pro,llama-3.1-8b-instruct,mmlu_pro_test_05468,0,0.53985,2
mmlu_pro,llama-3.1-8b-instruct,mmlu_pro_test_02351,0,0.406524,2
mmlu_pro,llama-3.1-8b-instruct,mmlu_pro_test_05903,0,0.490233,5
mmlu_pro,llama-3.1-8b-instruct,mmlu_pro_test_08359,1,0.456688,5
mmlu_pro,llama-3.1-8b-instruct,mmlu_pro_test_07824,1,0.365234,3
mmlu_pro,llama-3.1-8b-instruct,mmlu_pro_test_02611,1,0.454056,3
mmlu_pro,llama-3.1-8b-instruct,mmlu_pro_test_05402,1,0.655606,1
mmlu_pro,llama-3.1-8b-instruct,mmlu_pro_test_10603,0,0.225237,2
mmlu_pro,llama-3.1-8b-instruct,mmlu_pro_test_08635,1,0.589538,1
mmlu_pro,llama-3.1-8b-instruct,mmlu_pro_test_03332,1,0.605271,5
mmlu_pro,llama-3.1-8b-instruct,mmlu_pro_test_02894,1,0.632655,3
mmlu_pro,llama-3.1-8b-instruct,mmlu_pro_test_05078,0,0.381213,4
mmlu_pro,llama-3.1-8b-instruct,mmlu_pro_test_06796,0,0.484965,1
mmlu_pro,llama-3.1-8b-instruct,mmlu_pro_test_03599,1,0.693814,4
mmlu_pro,llama-3.1-8b-instruct,mmlu_pro_test_00760,1,0.665705,1
mmlu_pro,llama-3.1-8b-instruct,mmlu_pro_test_04202,0,0.591073,2
mmlu_pro,llama-3.1-8b-instruct,mmlu_pro_test_09857,1,0.365,4
mmlu_pro,llama-3.1-8b-instruct,mmlu_pro_test_08495,0,0.69912,5
mmlu_pro,llama-3.1-8b-instruct,mmlu_pro_test_03209,1,0.623634,3
mmlu_pro,llama-3.1-8b-instruct,mmlu_pro_test_10063,0,0.229841,5
mmlu_pro,llama-3.1-8b-instruct,mmlu_pro_test_00615,1,0.606851,4
mmlu_pro,llama-3.1-8b-instruct,mmlu_pro_test_05705,0,0.614776,2
mmlu_pro,llama-3.1-8b-instruct,mmlu_pro_test_07399,0,0.493424,3
mmlu_pro,llama-3.1-8b-instruct,mmlu_pro_test_06998,0,0.604491,3
mmlu_pro,llama-3.1-8b-instruct,mmlu_pro_test_09958,0,0.638074,3
mmlu_pro,llama-3.1-8b-instruct,mmlu_pro_test_08469,0,0.565663,2
mmlu_pro,llama-3.1-8b-instruct,mmlu_pro_test_01148,0,0.204616,2
mmlu_pro,llama-3.1-8b-instruct,mmlu_pro_test_11493,0,0.46566,4
mmlu_pro,llama-3.1-8b-instruct,mmlu_pro_test_05569,1,0.513702,3
mmlu_pro,llama-3.1-8b-instruct,mmlu_pro_test_07474,1,0.583997,4
mmlu_pro,llama-3.1-8b-instruct,mmlu_pro_test_06040,0,0.634985,3
mmlu_pro,llama-3.1-8b-instruct,mmlu_pro_test_07001,0,0.577404,5
mmlu_pro,llama-3.1-8b-instruct,mmlu_pro_test_02051,1,0.281351,5
mmlu_pro,llama-3.1-8b-instruct,mmlu_pro_test_04100,1,0.718734,4
mmlu_pro,llama-3.1-8b-instruct,mmlu_pro_test_09610,1,0.651324,4
mmlu_pro,llama-3.1-8b-instruct,mmlu_pro_test_05537,1,0.419147,2
mmlu_pro,llama-3.1-8b-instruct,mmlu_pro_test_01333,0,0.276986,5
mmlu_pro,llama-3.1-8b-instruct,mmlu_pro_test_06133,1,0.378449,2
mmlu_pro,llama-3.1-8b-instruct,mmlu_pro_test_03392,1,0.670592,2
mmlu_pro,llama-3.1-8b-instruct,mmlu_pro_test_05891,1,0.63487,5
mmlu_pro,llama-3.1-8b-instruct,mmlu_pro_test_09680,0,0.614,1
mmlu_pro,llama-3.1-8b-instruct,mmlu_pro_test_07864,1,0.720546,2
mmlu_pro,llama-3.1-8b-instruct,mmlu_pro_test_10359,0,0.571005,4
mmlu_pro,llama-3.1-8b-instruct,mmlu_pro_test_09116,1,0.510765,5
mmlu_pro,llama-3.1-8b-instruct,mmlu_pro_test_03160,1,0.615905,2
mmlu_pro,llama-3.1-8b-instruct,mmlu_pro_test_05953,0,0.290851,3
mmlu_pro,llama-3.1-8b-instruct,mmlu_pro_test_06665,1,0.697071,5
mmlu_pro,llama-3.1-8b-instruct,mmlu_pro_test_00951,0,0.15597,2
mmlu_pro,llama-3.1-8b-instruct,mmlu_pro_test_01147,0,0.464064,1
mmlu_pro,llama-3.1-8b-instruct,mmlu_pro_test_02100,1,0.654896,3
mmlu_pro,llama-3.1-8b-instruct,mmlu_pro_test_07754,0,0.209855,2
mmlu_pro,llama-3.1-8b-instruct,mmlu_pro_test_08358,1,0.783674,2
mmlu_pro,llama-3.1-8b-instruct,mmlu_pro_test_03016,1,0.632935,5
mmlu_pro,llama-3.1-8b-instruct,mmlu_pro_test_10309,1,0.577041,1
mmlu_pro,llama-3.1-8b-instruct,mmlu_pro_test_03865,1,0.540519,3
mmlu_pro,llama-3.1-8b-instruct,mmlu_pro_test_02632,1,0.669446,1
mmlu_pro,llama-3.1-8b-instruct,mmlu_pro_test_05955,0,0.493211,1
mmlu_pro,llama-3.1-8b-instruct,mmlu_pro_test_10219,1,0.398402,2
mmlu_pro,llama-3.1-8b-instruct,mmlu_pro_test_06629,0,0.499038,1
mmlu_pro,llama-3.1-8b-instruct,mmlu_pro_test_07287,0,0.561285,4
mmlu_pro,llama-3.1-8b-instruct,mmlu_pro_test_01963,1,0.565187,4
mmlu_pro,llama-3.1-8b-instruct,mmlu_pro_test_02633,1,0.555139,5
mmlu_pro,llama-3.1-8b-instruct,mmlu_pro_test_02873,1,0.515037,2
trivia_qa,llama-3.1-8b-instruct,trivia_qa_validation_01109,1,0.730904,3
trivia_qa,llama-3.1-8b-instruct,trivia_qa_validation_01470,1,0.594095,5
trivia_qa,llama-3.1-8b-instruct,trivia_qa_validation_17430,1,0.595492,5
trivia_qa,llama-3.1-8b-instruct,trivia_qa_validation_04391,0,0.582757,4
trivia_qa,llama-3.1-8b-instruct,trivia_qa_validation_02655,1,0.405848,2
trivia_qa,llama-3.1-8b-instruct,trivia_qa_validation_00167,0,0.727142,4
trivia_qa,llama-3.1-8b-instruct,trivia_qa_validation_07784,1,0.614082,5
trivia_qa,llama-3.1-8b-instruct,trivia_qa_validation_12374,0,0.7508,2
trivia_qa,llama-3.1-8b-instruct,trivia_qa_validation_04621,0,0.721075,3
trivia_qa,llama-3.1-8b-instruct,trivia_qa_validation_08546,0,0.731539,2
trivia_qa,llama-3.1-8b-instruct,trivia_qa_validation_15389,0,0.704844,2
trivia_qa,llama-3.1-8b-instruct,trivia_qa_validation_04524,0,0.667488,5
trivia_qa,llama-3.1-8b-instruct,trivia_qa_validation_07587,0,0.676318,4
trivia_qa,llama-3.1-8b-instruct,trivia_qa_validation_17249,1,0.707001,2
trivia_qa,llama-3.1-8b-instruct,trivia_qa_validation_03990,1,0.666854,2
trivia_qa,llama-3.1-8b-instruct,trivia_qa_validation_07948,0,0.556675,3
trivia_qa,llama-3.1-8b-instruct,trivia_qa_validation_03732,1,0.512097,5
trivia_qa,llama-3.1-8b-instruct,trivia_qa_validation_17663,0,0.721594,5
trivia_qa,llama-3.1-8b-instruct,trivia_qa_validation_14175,1,0.725598,4
trivia_qa,llama-3.1-8b-instruct,trivia_qa_validation_11569,1,0.20391,3
trivia_qa,llama-3.1-8b-instruct,trivia_qa_validation_11279,1,0.795022,4
trivia_qa,llama-3.1-8b-instruct,trivia_qa_validation_07694,1,0.707173,4
trivia_qa,llama-3.1-8b-instruct,trivia_qa_validation_10119,1,0.710211,3
trivia_qa,llama-3.1-8b-instruct,trivia_qa_validation_13020,1,0.635168,1
trivia_qa,llama-3.1-8b-instruct,trivia_qa_validation_07528,0,0.762093,4
trivia_qa,llama-3.1-8b-instruct,trivia_qa_validation_06018,1,0.696046,1
trivia_qa,llama-3.1-8b-instruct,trivia_qa_validation_09962,1,0.693182,4
trivia_qa,llama-3.1-8b-instruct,trivia_qa_validation_14924,1,0.705641,1
trivia_qa,llama-3.1-8b-instruct,trivia_qa_validation_02562,1,0.658645,1
trivia_qa,llama-3.1-8b-instruct,trivia_qa_validation_04299,0,0.677783,4
trivia_qa,llama-3.1-8b-instruct,trivia_qa_validation_11200,1,0.545553,2
trivia_qa,llama-3.1-8b-instruct,trivia_qa_validation_12688,1,0.713136,2
trivia_qa,llama-3.1-8b-instruct,trivia_qa_validation_09855,1,0.741479,3
trivia_qa,llama-3.1-8b-instruct,trivia_qa_validation_05061,1,0.683949,3
trivia_qa,llama-3.1-8b-instruct,trivia_qa_validation_12868,0,0.490942,4
trivia_qa,llama-3.1-8b-instruct,trivia_qa_validation_11411,0,0.71236,2
trivia_qa,llama-3.1-8b-instruct,trivia_qa_validation_16167,1,0.630592,3
trivia_qa,llama-3.1-8b-instruct,trivia_qa_validation_07276,1,0.616528,3
trivia_qa,llama-3.1-8b-instruct,trivia_qa_validation_06309,1,0.691012,2
trivia_qa,llama-3.1-8b-instruct,trivia_qa_validation_02388,0,0.545264,4
trivia_qa,llama-3.1-8b-instruct,trivia_qa_validation_11514,0,0.202399,5
trivia_qa,llama-3.1-8b-instruct,trivia_qa_validation_17551,1,0.569959,3
trivia_qa,llama-3.1-8b-instruct,trivia_qa_validation_06082,0,0.577644,4
trivia_qa,llama-3.1-8b-instruct,trivia_qa_validation_01768,1,0.598073,1
trivia_qa,llama-3.1-8b-instruct,trivia_qa_validation_07828,1,0.736518,4
trivia_qa,llama-3.1-8b-instruct,trivia_qa_validation_05245,0,0.69853,2
trivia_qa,llama-3.1-8b-instruct,trivia_qa_validation_00707,1,0.674079,4
trivia_qa,llama-3.1-8b-instruct,trivia_qa_validation_10470,1,0.679265,4
trivia_qa,llama-3.1-8b-instruct,trivia_qa_validation_09051,0,0.663027,5
trivia_qa,llama-3.1-8b-instruct,trivia_qa_validation_01134,1,0.725439,3
trivia_qa,llama-3.1-8b-instruct,trivia_qa_validation_15086,1,0.631998,4
trivia_qa,llama-3.1-8b-instruct,trivia_qa_validation_00992,1,0.705261,2
trivia_qa,llama-3.1-8b-instruct,trivia_qa_validation_08306,1,0.732724,1
trivia_qa,llama-3.1-8b-instruct,trivia_qa_validation_15787,1,0.687026,1
trivia_qa,llama-3.1-8b-instruct,trivia_qa_validation_10288,1,0.564238,4
trivia_qa,llama-3.1-8b-instruct,trivia_qa_validation_05974,0,0.780689,1
trivia_qa,llama-3.1-8b-instruct,trivia_qa_validation_09595,1,0.796596,5
trivia_qa,llama-3.1-8b-instruct,trivia_qa_validation_14968,1,0.603207,3
trivia_qa,llama-3.1-8b-instruct,trivia_qa_validation_07189,1,0.73069,1
trivia_qa,llama-3.1-8b-instruct,trivia_qa_validation_17148,1,0.705034,2
trivia_qa,llama-3.1-8b-instruct,trivia_qa_validation_08616,1,0.488491,5
trivia_qa,llama-3.1-8b-instruct,trivia_qa_validation_10437,1,0.77657,1
trivia_qa,llama-3.1-8b-instruct,trivia_qa_validation_01348,1,0.82238,2
trivia_qa,llama-3.1-8b-instruct,trivia_qa_validation_07367,1,0.549372,1
trivia_qa,llama-3.1-8b-instruct,trivia_qa_validation_08505,0,0.705187,2
trivia_qa,llama-3.1-8b-instruct,trivia_qa_validation_14168,1,0.627656,4
trivia_qa,llama-3.1-8b-instruct,trivia_qa_validation_06174,1,0.626299,3
trivia_qa,llama-3.1-8b-instruct,trivia_qa_validation_06963,1,0.723232,1
trivia_qa,llama-3.1-8b-instruct,trivia_qa_validation_15639,0,0.459017,4
trivia_qa,llama-3.1-8b-instruct,trivia_qa_validation_16501,0,0.235857,3
trivia_qa,llama-3.1-8b-instruct,trivia_qa_validation_06651,1,0.541287,5
trivia_qa,llama-3.1-8b-instruct,trivia_qa_validation_13081,0,0.542045,3
trivia_qa,llama-3.1-8b-instruct,trivia_qa_validation_03557,0,0.555322,5
trivia_qa,llama-3.1-8b-instruct,trivia_qa_validation_02866,1,0.687354,4
trivia_qa,llama-3.1-8b-instruct,trivia_qa_validation_01079,0,0.460185,1
trivia_qa,llama-3.1-8b-instruct,trivia_qa_validation_07959,0,0.256247,5
trivia_qa,llama-3.1-8b-instruct,trivia_qa_validation_01227,1,0.736239,5
trivia_qa,llama-3.1-8b-instruct,trivia_qa_validation_09862,0,0.136962,5
trivia_qa,llama-3.1-8b-instruct,trivia_qa_validation_07086,0,0.800073,2
trivia_qa,llama-3.1-8b-instruct,trivia_qa_validation_07099,1,0.761534,1
trivia_qa,llama-3.1-8b-instruct,trivia_qa_validation_11597,1,0.437045,3
trivia_qa,llama-3.1-8b-instruct,trivia_qa_validation_17346,1,0.350799,5
trivia_qa,llama-3.1-8b-instruct,trivia_qa_validation_07893,1,0.705889,1
trivia_qa,llama-3.1-8b-instruct,trivia_qa_validation_16320,1,0.688312,5
trivia_qa,llama-3.1-8b-instruct,trivia_qa_validation_07580,1,0.700838,1
trivia_qa,llama-3.1-8b-instruct,trivia_qa_validation_05626,1,0.347537,1
trivia_qa,llama-3.1-8b-instruct,trivia_qa_validation_14109,1,0.639873,3
trivia_qa,llama-3.1-8b-instruct,trivia_qa_validation_16883,1,0.793299,4
trivia_qa,llama-3.1-8b-instruct,trivia_qa_validation_14588,0,0.665429,5
trivia_qa,llama-3.1-8b-instruct,trivia_qa_validation_00556,1,0.129667,2
trivia_qa,llama-3.1-8b-instruct,trivia_qa_validation_06013,0,0.686315,4
trivia_qa,llama-3.1-8b-instruct,trivia_qa_validation_13577,1,0.606657,3
trivia_qa,llama-3.1-8b-instruct,trivia_qa_validation_17892,1,0.656145,2
trivia_qa,llama-3.1-8b-instruct,trivia_qa_validation_16619,1,0.74985,2
trivia_qa,llama-3.1-8b-instruct,trivia_qa_validation_16346,0,0.600759,4
trivia_qa,llama-3.1-8b-instruct,trivia_qa_validation_17493,0,0.764414,5
trivia_qa,llama-3.1-8b-instruct,trivia_qa_validation_06472,1,0.78987,1
trivia_qa,llama-3.1-8b-instruct,trivia_qa_validation_12409,0,0.574804,5
trivia_qa,llama-3.1-8b-instruct,trivia_qa_validation_13085,0,0.589756,1
trivia_qa,llama-3.1-8b-instruct,trivia_qa_validation_13882,0,0.803464,1
trivia_qa,llama-3.1-8b-instruct,trivia_qa_validation_02030,0,0.630192,5
trivia_qa,llama-3.1-8b-instruct,trivia_qa_validation_02558,1,0.795361,5
trivia_qa,llama-3.1-8b-instruct,trivia_qa_validation_09754,1,0.735803,4
trivia_qa,llama-3.1-8b-instruct,trivia_qa_validation_03930,0,0.099538,5
trivia_qa,llama-3.1-8b-instruct,trivia_qa_validation_17373,0,0.538618,5
trivia_qa,llama-3.1-8b-instruct,trivia_qa_validation_00354,0,0.661229,2
trivia_qa,llama-3.1-8b-instruct,trivia_qa_validation_14823,1,0.708155,1
trivia_qa,llama-3.1-8b-instruct,trivia_qa_validation_11064,0,0.271905,2
trivia_qa,llama-3.1-8b-instruct,trivia_qa_validation_14595,1,0.65697,5
trivia_qa,llama-3.1-8b-instruct,trivia_qa_validation_00743,1,0.759184,3
trivia_qa,llama-3.1-8b-instruct,trivia_qa_validation_02892,0,0.701738,2
trivia_qa,llama-3.1-8b-instruct,trivia_qa_validation_17899,0,0.454277,5
trivia_qa,llama-3.1-8b-instruct,trivia_qa_validation_10125,1,0.732753,1
trivia_qa,llama-3.1-8b-instruct,trivia_qa_validation_11686,1,0.777763,1
trivia_qa,llama-3.1-8b-instruct,trivia_qa_validation_16317,1,0.526209,3
trivia_qa,llama-3.1-8b-instruct,trivia_qa_validation_12332,1,0.644718,1
trivia_qa,llama-3.1-8b-instruct,trivia_qa_validation_03235,0,0.790601,3
trivia_qa,llama-3.1-8b-instruct,trivia_qa_validation_15146,1,0.731554,2
trivia_qa,llama-3.1-8b-instruct,trivia_qa_validation_07402,0,0.598561,4
trivia_qa,llama-3.1-8b-instruct,trivia_qa_validation_01772,0,0.812346,1
trivia_qa,llama-3.1-8b-instruct,trivia_qa_validation_04069,1,0.668453,3
trivia_qa,llama-3.1-8b-instruct,trivia_qa_validation_11524,0,0.41372,4
trivia_qa,llama-3.1-8b-instruct,trivia_qa_validation_17778,0,0.816231,2
trivia_qa,llama-3.1-8b-instruct,trivia_qa_validation_04834,1,0.723419,1
trivia_qa,llama-3.1-8b-instruct,trivia_qa_validation_03380,1,0.676609,1
trivia_qa,llama-3.1-8b-instruct,trivia_qa_validation_13761,1,0.717067,5
trivia_qa,llama-3.1-8b-instruct,trivia_qa_validation_00437,1,0.469977,5
trivia_qa,llama-3.1-8b-instruct,trivia_qa_validation_04003,1,0.701971,1
trivia_qa,llama-3.1-8b-instruct,trivia_qa_validation_02667,0,0.386529,1
trivia_qa,llama-3.1-8b-instruct,trivia_qa_validation_04104,1,0.784614,2
trivia_qa,llama-3.1-8b-instruct,trivia_qa_validation_16915,1,0.659487,3
trivia_qa,llama-3.1-8b-instruct,trivia_qa_validation_10323,0,0.661338,5
trivia_qa,llama-3.1-8b-instruct,trivia_qa_validation_12112,0,0.817539,5
trivia_qa,llama-3.1-8b-instruct,trivia_qa_validation_17283,1,0.705026,5
trivia_qa,llama-3.1-8b-instruct,trivia_qa_validation_02696,1,0.718042,2
trivia_qa,llama-3.1-8b-instruct,trivia_qa_validation_10310,0,0.496958,4
trivia_qa,llama-3.1-8b-instruct,trivia_qa_validation_11547,1,0.734196,1
trivia_qa,llama-3.1-8b-instruct,trivia_qa_validation_14340,1,0.608047,5
trivia_qa,llama-3.1-8b-instruct,trivia_qa_validation_14573,0,0.716245,1
trivia_qa,llama-3.1-8b-instruct,trivia_qa_validation_07158,0,0.715167,2
trivia_qa,llama-3.1-8b-instruct,trivia_qa_validation_07315,1,0.713149,1
trivia_qa,llama-3.1-8b-instruct,trivia_qa_validation_13922,1,0.744672,4
trivia_qa,llama-3.1-8b-instruct,trivia_qa_validation_11533,1,0.748686,3
trivia_qa,llama-3.1-8b-instruct,trivia_qa_validation_09351,1,0.523408,4
trivia_qa,llama-3.1-8b-instruct,trivia_qa_validation_00248,1,0.55947,1
trivia_qa,llama-3.1-8b-instruct,trivia_qa_validation_14521,1,0.775159,4
trivia_qa,llama-3.1-8b-instruct,trivia_qa_validation_05091,1,0.554453,2
trivia_qa,llama-3.1-8b-instruct,trivia_qa_validation_01668,1,0.740402,5
trivia_qa,llama-3.1-8b-instruct,trivia_qa_validation_01359,1,0.78998,2
trivia_qa,llama-3.1-8b-instruct,trivia_qa_validation_04596,1,0.743706,3
trivia_qa,llama-3.1-8b-instruct,trivia_qa_validation_17637,1,0.776815,1
trivia_qa,llama-3.1-8b-instruct,trivia_qa_validation_17819,1,0.67152,3
trivia_qa,llama-3.1-8b-instruct,trivia_qa_validation_08170,1,0.740876,4
trivia_qa,llama-3.1-8b-instruct,trivia_qa_validation_06812,1,0.487536,2
trivia_qa,llama-3.1-8b-instruct,trivia_qa_validation_08506,0,0.284209,5
trivia_qa,llama-3.1-8b-instruct,trivia_qa_validation_12656,1,0.555811,3
trivia_qa,llama-3.1-8b-instruct,trivia_qa_validation_07327,0,0.714163,1
trivia_qa,llama-3.1-8b-instruct,trivia_qa_validation_07022,1,0.609327,5
trivia_qa,llama-3.1-8b-instruct,trivia_qa_validation_04357,1,0.65267,5
trivia_qa,llama-3.1-8b-instruct,trivia_qa_validation_14731,1,0.649595,4
trivia_qa,llama-3.1-8b-instruct,trivia_qa_validation_10475,0,0.544799,4
trivia_qa,llama-3.1-8b-instruct,trivia_qa_validation_01812,1,0.676943,4
trivia_qa,llama-3.1-8b-instruct,trivia_qa_validation_16058,1,0.749285,2
trivia_qa,llama-3.1-8b-instruct,trivia_qa_validation_02111,0,0.609763,4
trivia_qa,llama-3.1-8b-instruct,trivia_qa_validation_00115,1,0.699354,3
trivia_qa,llama-3.1-8b-instruct,trivia_qa_validation_12647,0,0.456862,4
trivia_qa,llama-3.1-8b-instruct,trivia_qa_validation_05643,0,0.565265,3
trivia_qa,llama-3.1-8b-instruct,trivia_qa_validation_16766,0,0.455354,3
trivia_qa,llama-3.1-8b-instruct,trivia_qa_validation_14883,0,0.374234,4
trivia_qa,llama-3.1-8b-instruct,trivia_qa_validation_13284,0,0.498075,2
trivia_qa,llama-3.1-8b-instruct,trivia_qa_validation_10004,1,0.734323,5
trivia_qa,llama-3.1-8b-instruct,trivia_qa_validation_16699,1,0.65088,2
trivia_qa,llama-3.1-8b-instruct,trivia_qa_validation_09986,1,0.503856,3
trivia_qa,llama-3.1-8b-instruct,trivia_qa_validation_17420,0,0.566613,2
trivia_qa,llama-3.1-8b-instruct,trivia_qa_validation_01836,0,0.798775,3
trivia_qa,llama-3.1-8b-instruct,trivia_qa_validation_07897,0,0.253048,1
trivia_qa,llama-3.1-8b-instruct,trivia_qa_validation_16863,0,0.242043,3
trivia_qa,llama-3.1-8b-instruct,trivia_qa_validation_00593,1,0.743474,4
trivia_qa,llama-3.1-8b-instruct,trivia_qa_validation_02317,1,0.493994,2
trivia_qa,llama-3.1-8b-instruct,trivia_qa_validation_10344,0,0.58862,3
trivia_qa,llama-3.1-8b-instruct,trivia_qa_validation_03416,0,0.634654,2
trivia_qa,llama-3.1-8b-instruct,trivia_qa_validation_16755,1,0.588121,4
trivia_qa,llama-3.1-8b-instruct,trivia_qa_validation_16919,1,0.654761,4
trivia_qa,llama-3.1-8b-instruct,trivia_qa_validation_03355,0,0.330843,2
trivia_qa,llama-3.1-8b-instruct,trivia_qa_validation_05589,1,0.627316,5
trivia_qa,llama-3.1-8b-instruct,trivia_qa_validation_12465,1,0.582297,5
trivia_qa,llama-3.1-8b-instruct,trivia_qa_validation_03861,0,0.453227,4
trivia_qa,llama-3.1-8b-instruct,trivia_qa_validation_15751,1,0.735884,4
trivia_qa,llama-3.1-8b-instruct,trivia_qa_validation_15744,0,0.733914,1
trivia_qa,llama-3.1-8b-instruct,trivia_qa_validation_01891,1,0.763533,1
trivia_qa,llama-3.1-8b-instruct,trivia_qa_validation_15454,1,0.740359,5
trivia_qa,llama-3.1-8b-instruct,trivia_qa_validation_13058,1,0.709015,1
trivia_qa,llama-3.1-8b-instruct,trivia_qa_validation_13834,1,0.768628,5
trivia_qa,llama-3.1-8b-instruct,trivia_qa_validation_10481,0,0.193684,1
trivia_qa,llama-3.1-8b-instruct,trivia_qa_validation_04100,0,0.596156,3
trivia_qa,llama-3.1-8b-instruct,trivia_qa_validation_13536,1,0.582194,1
trivia_qa,llama-3.1-8b-instruct,trivia_qa_validation_04424,1,0.746325,3
trivia_qa,llama-3.1-8b-instruct,trivia_qa_validation_02273,0,0.521901,5
trivia_qa,llama-3.1-8b-instruct,trivia_qa_validation_01170,1,0.710419,2
trivia_qa,llama-3.1-8b-instruct,trivia_qa_validation_14424,0,0.768411,1
trivia_qa,llama-3.1-8b-instruct,trivia_qa_validation_04291,1,0.517189,4
trivia_qa,llama-3.1-8b-instruct,trivia_qa_validation_00715,1,0.734228,1
trivia_qa,llama-3.1-8b-instruct,trivia_qa_validation_00283,1,0.571914,5
trivia_qa,llama-3.1-8b-instruct,trivia_qa_validation_02416,1,0.631586,4
trivia_qa,llama-3.1-8b-instruct,trivia_qa_validation_00270,1,0.781073,1
trivia_qa,llama-3.1-8b-instruct,trivia_qa_validation_12272,0,0.717717,4
trivia_qa,llama-3.1-8b-instruct,trivia_qa_validation_08707,1,0.281587,3
trivia_qa,llama-3.1-8b-instruct,trivia_qa_validation_00545,1,0.675625,5
trivia_qa,llama-3.1-8b-instruct,trivia_qa_validation_13981,1,0.709652,5
trivia_qa,llama-3.1-8b-instruct,trivia_qa_validation_06747,1,0.689104,2
trivia_qa,llama-3.1-8b-instruct,trivia_qa_validation_09686,0,0.20749,1
trivia_qa,llama-3.1-8b-instruct,trivia_qa_validation_11251,0,0.510935,2
trivia_qa,llama-3.1-8b-instruct,trivia_qa_validation_15865,1,0.675677,1
trivia_qa,llama-3.1-8b-instruct,trivia_qa_validation_12733,1,0.751433,3
trivia_qa,llama-3.1-8b-instruct,trivia_qa_validation_09434,0,0.625645,2
trivia_qa,llama-3.1-8b-instruct,trivia_qa_validation_04837,1,0.620915,1
trivia_qa,llama-3.1-8b-instruct,trivia_qa_validation_15515,1,0.606152,4
trivia_qa,llama-3.1-8b-instruct,trivia_qa_validation_16047,1,0.751531,5
trivia_qa,llama-3.1-8b-instruct,trivia_qa_validation_04863,1,0.69357,5
trivia_qa,llama-3.1-8b-instruct,trivia_qa_validation_14642,1,0.719436,3
trivia_qa,llama-3.1-8b-instruct,trivia_qa_validation_16744,1,0.757054,2
trivia_qa,llama-3.1-8b-instruct,trivia_qa_validation_01288,0,0.734327,2
trivia_qa,llama-3.1-8b-instruct,trivia_qa_validation_15941,0,0.78182,1
trivia_qa,llama-3.1-8b-instruct,trivia_qa_validation_06632,1,0.475502,4
trivia_qa,llama-3.1-8b-instruct,trivia_qa_validation_02737,1,0.532751,1
trivia_qa,llama-3.1-8b-instruct,trivia_qa_validation_00636,1,0.665293,2
trivia_qa,llama-3.1-8b-instruct,trivia_qa_validation_02472,1,0.555595,3
trivia_qa,llama-3.1-8b-instruct,trivia_qa_validation_08712,1,0.704092,3
trivia_qa,llama-3.1-8b-instruct,trivia_qa_validation_04202,0,0.536676,5
trivia_qa,llama-3.1-8b-instruct,trivia_qa_validation_12330,1,0.153634,5
trivia_qa,llama-3.1-8b-instruct,trivia_qa_validation_17220,1,0.520484,1
trivia_qa,llama-3.1-8b-instruct,trivia_qa_validation_06955,0,0.064726,5
trivia_qa,llama-3.1-8b-instruct,trivia_qa_validation_15566,1,0.632333,4
trivia_qa,llama-3.1-8b-instruct,trivia_qa_validation_10936,1,0.638362,1
trivia_qa,llama-3.1-8b-instruct,trivia_qa_validation_02186,1,0.608842,1
trivia_qa,llama-3.1-8b-instruct,trivia_qa_validation_10355,1,0.409776,2
trivia_qa,llama-3.1-8b-instruct,trivia_qa_validation_06069,1,0.527303,1
trivia_qa,llama-3.1-8b-instruct,trivia_qa_validation_04587,1,0.72882,3
trivia_qa,llama-3.1-8b-instruct,trivia_qa_validation_11038,1,0.798957,5
trivia_qa,llama-3.1-8b-instruct,trivia_qa_validation_00722,1,0.761831,1
trivia_qa,llama-3.1-8b-instruct,trivia_qa_validation_10575,1,0.640097,4
trivia_qa,llama-3.1-8b-instruct,trivia_qa_validation_14904,1,0.734052,4
trivia_qa,llama-3.1-8b-instruct,trivia_qa_validation_17874,1,0.628805,1
trivia_qa,llama-3.1-8b-instruct,trivia_qa_validation_04795,0,0.568349,5
trivia_qa,llama-3.1-8b-instruct,trivia_qa_validation_10105,0,0.514594,2
trivia_qa,llama-3.1-8b-instruct,trivia_qa_validation_05520,1,0.593801,3
trivia_qa,llama-3.1-8b-instruct,trivia_qa_validation_03711,1,0.587883,3
trivia_qa,llama-3.1-8b-instruct,trivia_qa_validation_11604,1,0.617718,4
trivia_qa,llama-3.1-8b-instruct,trivia_qa_validation_13932,1,0.708543,1
trivia_qa,llama-3.1-8b-instruct,trivia_qa_validation_04772,0,0.78103,1
trivia_qa,llama-3.1-8b-instruct,trivia_qa_validation_12312,0,0.567179,4
trivia_qa,llama-3.1-8b-instruct,trivia_qa_validation_00143,0,0.342078,4
trivia_qa,llama-3.1-8b-instruct,trivia_qa_validation_16356,0,0.427052,3
trivia_qa,llama-3.1-8b-instruct,trivia_qa_validation_05430,0,0.768397,3
trivia_qa,llama-3.1-8b-instruct,trivia_qa_validation_07902,0,0.099379,2
trivia_qa,llama-3.1-8b-instruct,trivia_qa_validation_02704,0,0.656071,4
trivia_qa,llama-3.1-8b-instruct,trivia_qa_validation_03370,0,0.749521,5
trivia_qa,llama-3.1-8b-instruct,trivia_qa_validation_09132,0,0.497062,1
trivia_qa,llama-3.1-8b-instruct,trivia_qa_validation_10486,1,0.670859,2
trivia_qa,llama-3.1-8b-instruct,trivia_qa_validation_14741,0,0.579052,1
trivia_qa,llama-3.1-8b-instruct,trivia_qa_validation_00484,1,0.538957,1
trivia_qa,llama-3.1-8b-instruct,trivia_qa_validation_02728,1,0.712853,2
trivia_qa,llama-3.1-8b-instruct,trivia_qa_validation_06667,0,0.454199,4
trivia_qa,llama-3.1-8b-instruct,trivia_qa_validation_02265,0,0.74309,2
trivia_qa,llama-3.1-8b-instruct,trivia_qa_validation_10405,1,0.634084,1
trivia_qa,llama-3.1-8b-instruct,trivia_qa_validation_00148,1,0.61256,5
trivia_qa,llama-3.1-8b-instruct,trivia_qa_validation_04829,0,0.661492,3
trivia_qa,llama-3.1-8b-instruct,trivia_qa_validation_07232,0,0.772628,2
trivia_qa,llama-3.1-8b-instruct,trivia_qa_validation_14234,1,0.650213,4
trivia_qa,llama-3.1-8b-instruct,trivia_qa_validation_05020,1,0.651581,1
trivia_qa,llama-3.1-8b-instruct,trivia_qa_validation_07151,1,0.721331,3
trivia_qa,llama-3.1-8b-instruct,trivia_qa_validation_04086,1,0.61085,4
trivia_qa,llama-3.1-8b-instruct,trivia_qa_validation_15597,0,0.683299,2
trivia_qa,llama-3.1-8b-instruct,trivia_qa_validation_04148,0,0.630945,4
trivia_qa,llama-3.1-8b-instruct,trivia_qa_validation_02766,0,0.610402,1
trivia_qa,llama-3.1-8b-instruct,trivia_qa_validation_07242,1,0.689274,1
trivia_qa,llama-3.1-8b-instruct,trivia_qa_validation_08757,1,0.688086,2
trivia_qa,llama-3.1-8b-instruct,trivia_qa_validation_15944,1,0.7575,4
trivia_qa,llama-3.1-8b-instruct,trivia_qa_validation_03325,0,0.563611,4
trivia_qa,llama-3.1-8b-instruct,trivia_qa_validation_04152,0,0.640496,2
trivia_qa,llama-3.1-8b-instruct,trivia_qa_validation_08334,0,0.738213,2
trivia_qa,llama-3.1-8b-instruct,trivia_qa_validation_02300,1,0.769545,5
trivia_qa,llama-3.1-8b-instruct,trivia_qa_validation_08500,0,0.447935,1
trivia_qa,llama-3.1-8b-instruct,trivia_qa_validation_12394,0,0.475316,2
trivia_qa,llama-3.1-8b-instruct,trivia_qa_validation_03713,1,0.536661,1
trivia_qa,llama-3.1-8b-instruct,trivia_qa_validation_11027,1,0.649627,3
trivia_qa,llama-3.1-8b-instruct,trivia_qa_validation_08979,0,0.522612,1
trivia_qa,llama-3.1-8b-instruct,trivia_qa_validation_06209,1,0.584693,3
trivia_qa,llama-3.1-8b-instruct,trivia_qa_validation_16056,0,0.566846,5
trivia_qa,llama-3.1-8b-instruct,trivia_qa_validation_09720,1,0.729384,1
trivia_qa,llama-3.1-8b-instruct,trivia_qa_validation_16784,1,0.72847,1
trivia_qa,llama-3.1-8b-instruct,trivia_qa_validation_17758,0,0.622178,5
trivia_qa,llama-3.1-8b-instruct,trivia_qa_validation_11982,1,0.643173,2
trivia_qa,llama-3.1-8b-instruct,trivia_qa_validation_03883,1,0.619037,5
trivia_qa,llama-3.1-8b-instruct,trivia_qa_validation_00710,0,0.502907,1
trivia_qa,llama-3.1-8b-instruct,trivia_qa_validation_01443,0,0.30836,4
trivia_qa,llama-3.1-8b-instruct,trivia_qa_validation_00348,1,0.818412,2
trivia_qa,llama-3.1-8b-instruct,trivia_qa_validation_05540,1,0.729326,1
trivia_qa,llama-3.1-8b-instruct,trivia_qa_validation_17936,0,0.621055,1
trivia_qa,llama-3.1-8b-instruct,trivia_qa_validation_04756,1,0.657094,2
trivia_qa,llama-3.1-8b-instruct,trivia_qa_validation_01754,0,0.43972,4
trivia_qa,llama-3.1-8b-instruct,trivia_qa_validation_01899,1,0.601533,5
trivia_qa,llama-3.1-8b-instruct,trivia_qa_validation_00420,0,0.593464,4
trivia_qa,llama-3.1-8b-instruct,trivia_qa_validation_01711,1,0.62136,2
trivia_qa,llama-3.1-8b-instruct,trivia_qa_validation_13181,1,0.696664,2
trivia_qa,llama-3.1-8b-instruct,trivia_qa_validation_15521,0,0.644742,5
trivia_qa,llama-3.1-8b-instruct,trivia_qa_validation_11277,1,0.614347,3
trivia_qa,llama-3.1-8b-instruct,trivia_qa_validation_03142,1,0.527885,2
trivia_qa,llama-3.1-8b-instruct,trivia_qa_validation_03140,1,0.726916,5
trivia_qa,llama-3.1-8b-instruct,trivia_qa_validation_06689,0,0.700126,1
trivia_qa,llama-3.1-8b-instruct,trivia_qa_validation_15502,1,0.690256,4
trivia_qa,llama-3.1-8b-instruct,trivia_qa_validation_14235,1,0.751302,2
trivia_qa,llama-3.1-8b-instruct,trivia_qa_validation_00418,1,0.614622,4
trivia_qa,llama-3.1-8b-instruct,trivia_qa_validation_12824,0,0.593811,3
trivia_qa,llama-3.1-8b-instruct,trivia_qa_validation_00649,0,0.640321,1
trivia_qa,llama-3.1-8b-instruct,trivia_qa_validation_08477,0,0.339687,2
trivia_qa,llama-3.1-8b-instruct,trivia_qa_validation_15011,0,0.77741,5
trivia_qa,llama-3.1-8b-instruct,trivia_qa_validation_11178,1,0.62458,5
trivia_qa,llama-3.1-8b-instruct,trivia_qa_validation_08194,1,0.673293,3
trivia_qa,llama-3.1-8b-instruct,trivia_qa_validation_13169,1,0.604098,4
trivia_qa,llama-3.1-8b-instruct,trivia_qa_validation_09431,0,0.37002,4
trivia_qa,llama-3.1-8b-instruct,trivia_qa_validation_00109,0,0.690339,5
trivia_qa,llama-3.1-8b-instruct,trivia_qa_validation_08678,1,0.778927,5
trivia_qa,llama-3.1-8b-instruct,trivia_qa_validation_06127,1,0.594798,5
trivia_qa,llama-3.1-8b-instruct,trivia_qa_validation_13219,0,0.634499,5
trivia_qa,llama-3.1-8b-instruct,trivia_qa_validation_04599,0,0.585495,2
trivia_qa,llama-3.1-8b-instruct,trivia_qa_validation_01994,0,0.549516,1
trivia_qa,llama-3.1-8b-instruct,trivia_qa_validation_12224,1,0.539731,2
trivia_qa,llama-3.1-8b-instruct,trivia_qa_validation_15179,1,0.674664,4
trivia_qa,llama-3.1-8b-instruct,trivia_qa_validation_07641,1,0.656196,1
trivia_qa,llama-3.1-8b-instruct,trivia_qa_validation_02282,1,0.553292,4
trivia_qa,llama-3.1-8b-instruct,trivia_qa_validation_04513,1,0.573113,2
trivia_qa,llama-3.1-8b-instruct,trivia_qa_validation_01366,0,0.359844,3
trivia_qa,llama-3.1-8b-instruct,trivia_qa_validation_01883,1,0.664263,5
trivia_qa,llama-3.1-8b-instruct,trivia_qa_validation_14255,0,0.407385,5
trivia_qa,llama-3.1-8b-instruct,trivia_qa_validation_00591,0,0.719277,1
trivia_qa,llama-3.1-8b-instruct,trivia_qa_validation_10818,1,0.734701,5
trivia_qa,llama-3.1-8b-instruct,trivia_qa_validation_13177,0,0.77227,1
trivia_qa,llama-3.1-8b-instruct,trivia_qa_validation_16046,1,0.774973,3
trivia_qa,llama-3.1-8b-instruct,trivia_qa_validation_11077,1,0.602752,2
trivia_qa,llama-3.1-8b-instruct,trivia_qa_validation_16190,0,0.760091,2
trivia_qa,llama-3.1-8b-instruct,trivia_qa_validation_16727,0,0.56552,1
trivia_qa,llama-3.1-8b-instruct,trivia_qa_validation_14999,1,0.81169,1
trivia_qa,llama-3.1-8b-instruct,trivia_qa_validation_14350,1,0.724065,2
trivia_qa,llama-3.1-8b-instruct,trivia_qa_validation_13361,1,0.411773,5
trivia_qa,llama-3.1-8b-instruct,trivia_qa_validation_08206,0,0.473978,1
trivia_qa,llama-3.1-8b-instruct,trivia_qa_validation_10955,1,0.85244,2
trivia_qa,llama-3.1-8b-instruct,trivia_qa_validation_03780,1,0.777737,1
trivia_qa,llama-3.1-8b-instruct,trivia_qa_validation_03600,1,0.656904,2
trivia_qa,llama-3.1-8b-instruct,trivia_qa_validation_13199,1,0.666497,5
trivia_qa,llama-3.1-8b-instruct,trivia_qa_validation_00375,1,0.651459,3
trivia_qa,llama-3.1-8b-instruct,trivia_qa_validation_03752,1,0.712878,1
trivia_qa,llama-3.1-8b-instruct,trivia_qa_validation_10641,0,0.597574,5
trivia_qa,llama-3.1-8b-instruct,trivia_qa_validation_06744,1,0.798166,2
trivia_qa,llama-3.1-8b-instruct,trivia_qa_validation_01081,1,0.670975,2
trivia_qa,llama-3.1-8b-instruct,trivia_qa_validation_03172,0,0.428865,3
trivia_qa,llama-3.1-8b-instruct,trivia_qa_validation_17673,1,0.787498,2
trivia_qa,llama-3.1-8b-instruct,trivia_qa_validation_14895,0,0.656569,4
trivia_qa,llama-3.1-8b-instruct,trivia_qa_validation_00787,1,0.532366,2
trivia_qa,llama-3.1-8b-instruct,trivia_qa_validation_08496,0,0.749065,1
trivia_qa,llama-3.1-8b-instruct,trivia_qa_validation_00277,1,0.768652,3
trivia_qa,llama-3.1-8b-instruct,trivia_qa_validation_04031,1,0.486907,1
trivia_qa,llama-3.1-8b-instruct,trivia_qa_validation_04619,0,0.40631,3
trivia_qa,llama-3.1-8b-instruct,trivia_qa_validation_09944,0,0.71552,2
trivia_qa,llama-3.1-8b-instruct,trivia_qa_validation_10365,1,0.726275,4
trivia_qa,llama-3.1-8b-instruct,trivia_qa_validation_04211,1,0.53735,3
trivia_qa,llama-3.1-8b-instruct,trivia_qa_validation_01224,1,0.80872,5
trivia_qa,llama-3.1-8b-instruct,trivia_qa_validation_00412,0,0.756203,1
trivia_qa,llama-3.1-8b-instruct,trivia_qa_validation_08936,1,0.651444,2
trivia_qa,llama-3.1-8b-instruct,trivia_qa_validation_06107,1,0.259715,4
trivia_qa,llama-3.1-8b-instruct,trivia_qa_validation_13149,0,0.546346,4
trivia_qa,llama-3.1-8b-instruct,trivia_qa_validation_00608,0,0.627064,5
trivia_qa,llama-3.1-8b-instruct,trivia_qa_validation_13701,1,0.668017,5
trivia_qa,llama-3.1-8b-instruct,trivia_qa_validation_04562,1,0.701081,3
trivia_qa,llama-3.1-8b-instruct,trivia_qa_validation_09516,1,0.591225,4
trivia_qa,llama-3.1-8b-instruct,trivia_qa_validation_02833,1,0.748441,4
trivia_qa,llama-3.1-8b-instruct,trivia_qa_validation_00073,0,0.684549,4
trivia_qa,llama-3.1-8b-instruct,trivia_qa_validation_02820,0,0.602228,1
trivia_qa,llama-3.1-8b-instruct,trivia_qa_validation_07941,1,0.78153,4
trivia_qa,llama-3.1-8b-instruct,trivia_qa_validation_00450,1,0.739536,3
trivia_qa,llama-3.1-8b-instruct,trivia_qa_validation_11885,1,0.353089,5
trivia_qa,llama-3.1-8b-instruct,trivia_qa_validation_09049,0,0.536199,3
trivia_qa,llama-3.1-8b-instruct,trivia_qa_validation_15912,1,0.631007,5
trivia_qa,llama-3.1-8b-instruct,trivia_qa_validation_05976,0,0.631508,1
trivia_qa,llama-3.1-8b-instruct,trivia_qa_validation_12227,1,0.748917,4
trivia_qa,llama-3.1-8b-instruct,trivia_qa_validation_07174,1,0.767756,3
trivia_qa,llama-3.1-8b-instruct,trivia_qa_validation_15395,1,0.547074,1
trivia_qa,llama-3.1-8b-instruct,trivia_qa_validation_12988,1,0.759006,2
trivia_qa,llama-3.1-8b-instruct,trivia_qa_validation_02995,1,0.757101,2
trivia_qa,llama-3.1-8b-instruct,trivia_qa_validation_00899,1,0.670472,4
trivia_qa,llama-3.1-8b-instruct,trivia_qa_validation_09891,1,0.541858,5
trivia_qa,llama-3.1-8b-instruct,trivia_qa_validation_17099,1,0.824999,3
trivia_qa,llama-3.1-8b-instruct,trivia_qa_validation_16828,1,0.552197,4
trivia_qa,llama-3.1-8b-instruct,trivia_qa_validation_00780,0,0.766493,3
trivia_qa,llama-3.1-8b-instruct,trivia_qa_validation_10939,1,0.752044,1
trivia_qa,llama-3.1-8b-instruct,trivia_qa_validation_00686,1,0.749342,5
trivia_qa,llama-3.1-8b-instruct,trivia_qa_validation_11066,1,0.686362,2
trivia_qa,llama-3.1-8b-instruct,trivia_qa_validation_00315,1,0.699855,1
trivia_qa,llama-3.1-8b-instruct,trivia_qa_validation_12757,0,0.675922,4
trivia_qa,llama-3.1-8b-instruct,trivia_qa_validation_12617,1,0.580775,5
trivia_qa,llama-3.1-8b-instruct,trivia_qa_validation_10158,1,0.507473,1
trivia_qa,llama-3.1-8b-instruct,trivia_qa_validation_13479,1,0.486297,4
trivia_qa,llama-3.1-8b-instruct,trivia_qa_validation_14646,0,0.280392,3
trivia_qa,llama-3.1-8b-instruct,trivia_qa_validation_01563,1,0.718372,4
trivia_qa,llama-3.1-8b-instruct,trivia_qa_validation_15635,0,0.48494,1
trivia_qa,llama-3.1-8b-instruct,trivia_qa_validation_16493,1,0.667102,4
trivia_qa,llama-3.1-8b-instruct,trivia_qa_validation_11201,0,0.746142,1
trivia_qa,llama-3.1-8b-instruct,trivia_qa_validation_10438,1,0.670526,2
trivia_qa,llama-3.1-8b-instruct,trivia_qa_validation_05441,1,0.573361,2
trivia_qa,llama-3.1-8b-instruct,trivia_qa_validation_01851,1,0.608145,4
trivia_qa,llama-3.1-8b-instruct,trivia_qa_validation_09161,0,0.694888,3
trivia_qa,llama-3.1-8b-instruct,trivia_qa_validation_08645,1,0.683058,1
trivia_qa,llama-3.1-8b-instruct,trivia_qa_validation_12847,0,0.591398,4
trivia_qa,llama-3.1-8b-instruct,trivia_qa_validation_11922,1,0.567133,4
trivia_qa,llama-3.1-8b-instruct,trivia_qa_validation_08999,0,0.528706,1
trivia_qa,llama-3.1-8b-instruct,trivia_qa_validation_03131,1,0.647686,2
trivia_qa,llama-3.1-8b-instruct,trivia_qa_validation_09993,1,0.699335,5
trivia_qa,llama-3.1-8b-instruct,trivia_qa_validation_11766,1,0.661823,2
trivia_qa,llama-3.1-8b-instruct,trivia_qa_validation_07344,0,0.583361,3
trivia_qa,llama-3.1-8b-instruct,trivia_qa_validation_08688,1,0.694734,4
trivia_qa,llama-3.1-8b-instruct,trivia_qa_validation_15804,1,0.774025,2
trivia_qa,llama-3.1-8b-instruct,trivia_qa_validation_17889,1,0.772101,4
trivia_qa,llama-3.1-8b-instruct,trivia_qa_validation_06663,1,0.602702,5
trivia_qa,llama-3.1-8b-instruct,trivia_qa_validation_03344,1,0.682491,2
trivia_qa,llama-3.1-8b-instruct,trivia_qa_validation_07867,0,0.618885,2
trivia_qa,llama-3.1-8b-instruct,trivia_qa_validation_10198,0,0.4448,2
trivia_qa,llama-3.1-8b-instruct,trivia_qa_validation_06826,1,0.530904,4
trivia_qa,llama-3.1-8b-instruct,trivia_qa_validation_03353,0,0.706566,3
trivia_qa,llama-3.1-8b-instruct,trivia_qa_validation_14067,0,0.66324,1
trivia_qa,llama-3.1-8b-instruct,trivia_qa_validation_10370,1,0.779784,1
trivia_qa,llama-3.1-8b-instruct,trivia_qa_validation_14262,1,0.803423,2
trivia_qa,llama-3.1-8b-instruct,trivia_qa_validation_14825,1,0.593239,3
trivia_qa,llama-3.1-8b-instruct,trivia_qa_validation_05264,0,0.507544,4
trivia_qa,llama-3.1-8b-instruct,trivia_qa_validation_15216,0,0.311255,3
trivia_qa,llama-3.1-8b-instruct,trivia_qa_validation_02283,1,0.763669,4
trivia_qa,llama-3.1-8b-instruct,trivia_qa_validation_15256,0,0.450641,5
trivia_qa,llama-3.1-8b-instruct,trivia_qa_validation_06451,1,0.696705,1
trivia_qa,llama-3.1-8b-instruct,trivia_qa_validation_04779,1,0.664167,4
trivia_qa,llama-3.1-8b-instruct,trivia_qa_validation_06577,1,0.525102,2
trivia_qa,llama-3.1-8b-instruct,trivia_qa_validation_14376,0,0.659839,5
trivia_qa,llama-3.1-8b-instruct,trivia_qa_validation_03459,0,0.756372,3
trivia_qa,llama-3.1-8b-instruct,trivia_qa_validation_05100,0,0.317891,5
trivia_qa,llama-3.1-8b-instruct,trivia_qa_validation_02484,1,0.723499,2
trivia_qa,llama-3.1-8b-instruct,trivia_qa_validation_00400,1,0.713819,2
trivia_qa,llama-3.1-8b-instruct,trivia_qa_validation_08919,1,0.358917,3
trivia_qa,llama-3.1-8b-instruct,trivia_qa_validation_08119,1,0.673837,5
trivia_qa,llama-3.1-8b-instruct,trivia_qa_validation_09553,1,0.728323,3
trivia_qa,llama-3.1-8b-instruct,trivia_qa_validation_14537,0,0.553495,5
trivia_qa,llama-3.1-8b-instruct,trivia_qa_validation_14480,0,0.359988,3
trivia_qa,llama-3.1-8b-instruct,trivia_qa_validation_14210,0,0.72427,1
trivia_qa,llama-3.1-8b-instruct,trivia_qa_validation_14435,1,0.580922,4
trivia_qa,llama-3.1-8b-instruct,trivia_qa_validation_01155,1,0.67173,3
trivia_qa,llama-3.1-8b-instruct,trivia_qa_validation_05645,0,0.428231,3
trivia_qa,llama-3.1-8b-instruct,trivia_qa_validation_12517,1,0.704151,4
trivia_qa,llama-3.1-8b-instruct,trivia_qa_validation_00452,1,0.813981,3
trivia_qa,llama-3.1-8b-instruct,trivia_qa_validation_07470,1,0.554668,2
trivia_qa,llama-3.1-8b-instruct,trivia_qa_validation_08144,1,0.652451,4
trivia_qa,llama-3.1-8b-instruct,trivia_qa_validation_16340,0,0.456324,2
trivia_qa,llama-3.1-8b-instruct,trivia_qa_validation_01096,1,0.019897,3
trivia_qa,llama-3.1-8b-instruct,trivia_qa_validation_12679,0,0.405073,2
trivia_qa,llama-3.1-8b-instruct,trivia_qa_validation_04640,0,0.433527,3
trivia_qa,llama-3.1-8b-instruct,trivia_qa_validation_02844,0,0.611802,1
trivia_qa,llama-3.1-8b-instruct,trivia_qa_validation_06552,1,0.24549,5
trivia_qa,llama-3.1-8b-instruct,trivia_qa_validation_06454,1,0.576422,3
trivia_qa,llama-3.1-8b-instruct,trivia_qa_validation_02183,0,0.344142,5
trivia_qa,llama-3.1-8b-instruct,trivia_qa_validation_14365,1,0.565873,2
trivia_qa,llama-3.1-8b-instruct,trivia_qa_validation_05184,1,0.762293,5
trivia_qa,llama-3.1-8b-instruct,trivia_qa_validation_03696,0,0.754912,5
trivia_qa,llama-3.1-8b-instruct,trivia_qa_validation_09642,1,0.460053,5
trivia_qa,llama-3.1-8b-instruct,trivia_qa_validation_15552,1,0.716041,4
trivia_qa,llama-3.1-8b-instruct,trivia_qa_validation_17529,0,0.72661,3
trivia_qa,llama-3.1-8b-instruct,trivia_qa_validation_11432,1,0.708682,4
trivia_qa,llama-3.1-8b-instruct,trivia_qa_validation_00088,1,0.584151,3
trivia_qa,llama-3.1-8b-instruct,trivia_qa_validation_05568,0,0.468403,1
trivia_qa,llama-3.1-8b-instruct,trivia_qa_validation_05297,1,0.227424,5
trivia_qa,llama-3.1-8b-instruct,trivia_qa_validation_05647,0,0.364701,3
trivia_qa,llama-3.1-8b-instruct,trivia_qa_validation_04428,0,0.749392,1
trivia_qa,llama-3.1-8b-instruct,trivia_qa_validation_15982,1,0.639835,3
trivia_qa,llama-3.1-8b-instruct,trivia_qa_validation_01628,1,0.732744,3
trivia_qa,llama-3.1-8b-instruct,trivia_qa_validation_06553,1,0.541952,4
trivia_qa,llama-3.1-8b-instruct,trivia_qa_validation_16893,0,0.814511,3
trivia_qa,llama-3.1-8b-instruct,trivia_qa_validation_12938,0,0.526895,5
trivia_qa,llama-3.1-8b-instruct,trivia_qa_validation_04674,1,0.722663,5
trivia_qa,llama-3.1-8b-instruct,trivia_qa_validation_00758,1,0.516834,2
trivia_qa,llama-3.1-8b-instruct,trivia_qa_validation_06687,1,0.673058,2
trivia_qa,llama-3.1-8b-instruct,trivia_qa_validation_17653,1,0.787865,5
trivia_qa,llama-3.1-8b-instruct,trivia_qa_validation_00839,1,0.650377,4
trivia_qa,llama-3.1-8b-instruct,trivia_qa_validation_15618,1,0.665724,4
trivia_qa,llama-3.1-8b-instruct,trivia_qa_validation_17514,1,0.732865,5
trivia_qa,llama-3.1-8b-instruct,trivia_qa_validation_13957,1,0.758007,4
trivia_qa,llama-3.1-8b-instruct,trivia_qa_validation_09104,0,0.19127,3
trivia_qa,llama-3.1-8b-instruct,trivia_qa_validation_15841,0,0.765527,3
trivia_qa,llama-3.1-8b-instruct,trivia_qa_validation_12985,0,0.759327,4
trivia_qa,llama-3.1-8b-instruct,trivia_qa_validation_16562,1,0.78048,3
trivia_qa,llama-3.1-8b-instruct,trivia_qa_validation_12540,1,0.626806,5
trivia_qa,llama-3.1-8b-instruct,trivia_qa_validation_17711,1,0.728704,5
trivia_qa,llama-3.1-8b-instruct,trivia_qa_validation_02769,1,0.702647,2
trivia_qa,llama-3.1-8b-instruct,trivia_qa_validation_03117,1,0.736801,2
trivia_qa,llama-3.1-8b-instruct,trivia_qa_validation_06956,1,0.75886,2
trivia_qa,llama-3.1-8b-instruct,trivia_qa_validation_17234,1,0.764789,3
trivia_qa,llama-3.1-8b-instruct,trivia_qa_validation_11451,0,0.640529,4
trivia_qa,llama-3.1-8b-instruct,trivia_qa_validation_07698,0,0.494037,5
trivia_qa,llama-3.1-8b-instruct,trivia_qa_validation_06495,1,0.695144,3
trivia_qa,llama-3.1-8b-instruct,trivia_qa_validation_02834,0,0.64532,2
trivia_qa,llama-3.1-8b-instruct,trivia_qa_validation_13215,1,0.779025,2
trivia_qa,llama-3.1-8b-instruct,trivia_qa_validation_03995,1,0.60624,2
trivia_qa,llama-3.1-8b-instruct,trivia_qa_validation_06321,0,0.586281,4
trivia_qa,llama-3.1-8b-instruct,trivia_qa_validation_09116,0,0.793362,3
trivia_qa,llama-3.1-8b-instruct,trivia_qa_validation_00264,1,0.67183,4
trivia_qa,llama-3.1-8b-instruct,trivia_qa_validation_07058,0,0.562819,2
trivia_qa,llama-3.1-8b-instruct,trivia_qa_validation_03040,1,0.671287,3
trivia_qa,llama-3.1-8b-instruct,trivia_qa_validation_05423,1,0.790628,5
trivia_qa,llama-3.1-8b-instruct,trivia_qa_validation_08007,0,0.517925,4
trivia_qa,llama-3.1-8b-instruct,trivia_qa_validation_17843,1,0.71754,4
trivia_qa,llama-3.1-8b-instruct,trivia_qa_validation_12090,0,0.676488,5
trivia_qa,llama-3.1-8b-instruct,trivia_qa_validation_02437,1,0.606043,2
trivia_qa,llama-3.1-8b-instruct,trivia_qa_validation_00957,1,0.796666,3
trivia_qa,llama-3.1-8b-instruct,trivia_qa_validation_05479,1,0.662751,5
trivia_qa,llama-3.1-8b-instruct,trivia_qa_validation_09597,0,0.537861,3
trivia_qa,llama-3.1-8b-instruct,trivia_qa_validation_07565,1,0.279599,2
trivia_qa,llama-3.1-8b-instruct,trivia_qa_validation_08330,1,0.444687,4
trivia_qa,llama-3.1-8b-instruct,trivia_qa_validation_11057,0,0.716709,2
trivia_qa,llama-3.1-8b-instruct,trivia_qa_validation_04630,0,0.04424,5
trivia_qa,llama-3.1-8b-instruct,trivia_qa_validation_12501,1,0.755522,4
trivia_qa,llama-3.1-8b-instruct,trivia_qa_validation_17026,0,0.64188,3
trivia_qa,llama-3.1-8b-instruct,trivia_qa_validation_00046,1,0.670895,2
trivia_qa,llama-3.1-8b-instruct,trivia_qa_validation_00015,0,0.652681,1
trivia_qa,llama-3.1-8b-instruct,trivia_qa_validation_04598,1,0.52475,5
trivia_qa,llama-3.1-8b-instruct,trivia_qa_validation_09123,1,0.707399,1
trivia_qa,llama-3.1-8b-instruct,trivia_qa_validation_16115,1,0.342813,5
trivia_qa,llama-3.1-8b-instruct,trivia_qa_validation_11593,0,0.366114,2
trivia_qa,llama-3.1-8b-instruct,trivia_qa_validation_16436,1,0.51473,1
trivia_qa,llama-3.1-8b-instruct,trivia_qa_validation_12960,1,0.482728,3
trivia_qa,llama-3.1-8b-instruct,trivia_qa_validation_12299,1,0.694411,1
trivia_qa,llama-3.1-8b-instruct,trivia_qa_validation_07338,1,0.793132,3
trivia_qa,llama-3.1-8b-instruct,trivia_qa_validation_17206,0,0.629501,4
trivia_qa,llama-3.1-8b-instruct,trivia_qa_validation_00045,1,0.724195,2
trivia_qa,llama-3.1-8b-instruct,trivia_qa_validation_01317,0,0.552824,2
trivia_qa,llama-3.1-8b-instruct,trivia_qa_validation_16223,1,0.691608,4
trivia_qa,llama-3.1-8b-instruct,trivia_qa_validation_01824,0,0.277441,2
trivia_qa,llama-3.1-8b-instruct,trivia_qa_validation_15704,1,0.734376,2
trivia_qa,llama-3.1-8b-instruct,trivia_qa_validation_02305,1,0.734123,1
trivia_qa,llama-3.1-8b-instruct,trivia_qa_validation_04047,1,0.580515,1
trivia_qa,llama-3.1-8b-instruct,trivia_qa_validation_11337,1,0.628364,1
trivia_qa,llama-3.1-8b-instruct,trivia_qa_validation_03987,1,0.754127,2
trivia_qa,llama-3.1-8b-instruct,trivia_qa_validation_02002,0,0.487861,4
trivia_qa,llama-3.1-8b-instruct,trivia_qa_validation_08224,1,0.738039,2
trivia_qa,llama-3.1-8b-instruct,trivia_qa_validation_13481,1,0.769578,4
trivia_qa,llama-3.1-8b-instruct,trivia_qa_validation_14457,1,0.506135,5
trivia_qa,llama-3.1-8b-instruct,trivia_qa_validation_14229,1,0.62224,3
trivia_qa,llama-3.1-8b-instruct,trivia_qa_validation_13625,0,0.791462,3
trivia_qa,llama-3.1-8b-instruct,trivia_qa_validation_12554,1,0.355876,1
trivia_qa,llama-3.1-8b-instruct,trivia_qa_validation_03119,0,0.625443,5
trivia_qa,llama-3.1-8b-instruct,trivia_qa_validation_09634,0,0.625626,3
trivia_qa,llama-3.1-8b-instruct,trivia_qa_validation_10964,0,0.748738,3
trivia_qa,llama-3.1-8b-instruct,trivia_qa_validation_07420,0,0.615066,1
trivia_qa,llama-3.1-8b-instruct,trivia_qa_validation_13542,0,0.500594,1
trivia_qa,llama-3.1-8b-instruct,trivia_qa_validation_11676,1,0.713263,1
trivia_qa,llama-3.1-8b-instruct,trivia_qa_validation_17159,0,0.60007,4
trivia_qa,llama-3.1-8b-instruct,trivia_qa_validation_09638,1,0.672412,3
trivia_qa,llama-3.1-8b-instruct,trivia_qa_validation_07495,1,0.720342,4
trivia_qa,llama-3.1-8b-instruct,trivia_qa_validation_09764,1,0.674338,4
trivia_qa,llama-3.1-8b-instruct,trivia_qa_validation_05874,0,0.506586,4
trivia_qa,llama-3.1-8b-instruct,trivia_qa_validation_11236,1,0.574784,2
trivia_qa,llama-3.1-8b-instruct,trivia_qa_validation_01707,1,0.695031,1
trivia_qa,llama-3.1-8b-instruct,trivia_qa_validation_03326,1,0.620167,5
trivia_qa,llama-3.1-8b-instruct,trivia_qa_validation_02825,1,0.651102,4
trivia_qa,llama-3.1-8b-instruct,trivia_qa_validation_06898,1,0.687584,3
trivia_qa,llama-3.1-8b-instruct,trivia_qa_validation_00574,0,0.530543,1
trivia_qa,llama-3.1-8b-instruct,trivia_qa_validation_09262,0,0.381377,3
trivia_qa,llama-3.1-8b-instruct,trivia_qa_validation_08944,0,0.67497,3
trivia_qa,llama-3.1-8b-instruct,trivia_qa_validation_03670,1,0.738442,3
trivia_qa,llama-3.1-8b-instruct,trivia_qa_validation_15779,1,0.53492,3
trivia_qa,llama-3.1-8b-instruct,trivia_qa_validation_06876,0,0.743533,3
trivia_qa,llama-3.1-8b-instruct,trivia_qa_validation_13180,1,0.727647,5
trivia_qa,llama-3.1-8b-instruct,trivia_qa_validation_00954,1,0.619937,1
trivia_qa,llama-3.1-8b-instruct,trivia_qa_validation_04642,0,0.587452,5
trivia_qa,llama-3.1-8b-instruct,trivia_qa_validation_08976,1,0.471752,3
trivia_qa,llama-3.1-8b-instruct,trivia_qa_validation_05359,1,0.67448,5
trivia_qa,llama-3.1-8b-instruct,trivia_qa_validation_12222,1,0.643472,1
trivia_qa,llama-3.1-8b-instruct,trivia_qa_validation_02413,1,0.516316,3
trivia_qa,llama-3.1-8b-instruct,trivia_qa_validation_11322,1,0.577328,5
trivia_qa,llama-3.1-8b-instruct,trivia_qa_validation_12263,0,0.67177,3
trivia_qa,llama-3.1-8b-instruct,trivia_qa_validation_07375,0,0.673859,3
trivia_qa,llama-3.1-8b-instruct,trivia_qa_validation_11180,1,0.620093,3
trivia_qa,llama-3.1-8b-instruct,trivia_qa_validation_14609,0,0.452925,1
trivia_qa,llama-3.1-8b-instruct,trivia_qa_validation_16983,1,0.817296,5
trivia_qa,llama-3.1-8b-instruct,trivia_qa_validation_03035,0,0.620643,3
trivia_qa,llama-3.1-8b-instruct,trivia_qa_validation_10195,1,0.625028,2
trivia_qa,llama-3.1-8b-instruct,trivia_qa_validation_04029,1,0.717662,1
trivia_qa,llama-3.1-8b-instruct,trivia_qa_validation_04916,0,0.704398,4
trivia_qa,llama-3.1-8b-instruct,trivia_qa_validation_04652,1,0.68771,3
trivia_qa,llama-3.1-8b-instruct,trivia_qa_validation_03007,1,0.794046,3
trivia_qa,llama-3.1-8b-instruct,trivia_qa_validation_00968,1,0.712356,1
trivia_qa,llama-3.1-8b-instruct,trivia_qa_validation_06380,1,0.688089,1
trivia_qa,llama-3.1-8b-instruct,trivia_qa_validation_13769,0,0.701101,2
trivia_qa,llama-3.1-8b-instruct,trivia_qa_validation_07125,1,0.697482,1
trivia_qa,llama-3.1-8b-instruct,trivia_qa_validation_00810,0,0.447595,1
trivia_qa,llama-3.1-8b-instruct,trivia_qa_validation_04212,0,0.667648,5
trivia_qa,llama-3.1-8b-instruct,trivia_qa_validation_02642,1,0.703258,3
trivia_qa,llama-3.1-8b-instruct,trivia_qa_validation_12833,1,0.640972,4
trivia_qa,llama-3.1-8b-instruct,trivia_qa_validation_00192,0,0.55112,3
trivia_qa,llama-3.1-8b-instruct,trivia_qa_validation_16982,1,0.710886,2
trivia_qa,llama-3.1-8b-instruct,trivia_qa_validation_14641,1,0.611304,5
trivia_qa,llama-3.1-8b-instruct,trivia_qa_validation_08669,0,0.300271,5
trivia_qa,llama-3.1-8b-instruct,trivia_qa_validation_15439,1,0.755855,1
trivia_qa,llama-3.1-8b-instruct,trivia_qa_validation_08560,1,0.536444,4
trivia_qa,llama-3.1-8b-instruct,trivia_qa_validation_14118,1,0.675031,3
trivia_qa,llama-3.1-8b-instruct,trivia_qa_validation_06569,1,0.784713,3
trivia_qa,llama-3.1-8b-instruct,trivia_qa_validation_13554,0,0.438519,4
trivia_qa,llama-3.1-8b-instruct,trivia_qa_validation_13115,1,0.483231,4
trivia_qa,llama-3.1-8b-instruct,trivia_qa_validation_11304,1,0.74495,3
trivia_qa,llama-3.1-8b-instruct,trivia_qa_validation_05519,1,0.686032,2
trivia_qa,llama-3.1-8b-instruct,trivia_qa_validation_03282,0,0.758337,5
trivia_qa,llama-3.1-8b-instruct,trivia_qa_validation_08727,0,0.471988,3
trivia_qa,llama-3.1-8b-instruct,trivia_qa_validation_16377,0,0.749685,3
trivia_qa,llama-3.1-8b-instruct,trivia_qa_validation_07969,0,0.491609,2
trivia_qa,llama-3.1-8b-instruct,trivia_qa_validation_06289,1,0.627847,5
trivia_qa,llama-3.1-8b-instruct,trivia_qa_validation_15611,0,0.675709,5
trivia_qa,llama-3.1-8b-instruct,trivia_qa_validation_14389,1,0.748848,2
trivia_qa,llama-3.1-8b-instruct,trivia_qa_validation_05321,1,0.843842,1
trivia_qa,llama-3.1-8b-instruct,trivia_qa_validation_17007,1,0.698928,2
trivia_qa,llama-3.1-8b-instruct,trivia_qa_validation_00184,0,0.518874,3
trivia_qa,llama-3.1-8b-instruct,trivia_qa_validation_09763,1,0.651537,2
trivia_qa,llama-3.1-8b-instruct,trivia_qa_validation_16639,1,0.574172,5
trivia_qa,llama-3.1-8b-instruct,trivia_qa_validation_17608,1,0.719163,1
trivia_qa,llama-3.1-8b-instruct,trivia_qa_validation_05586,1,0.707079,4
trivia_qa,llama-3.1-8b-instruct,trivia_qa_validation_10691,0,0.743589,3
trivia_qa,llama-3.1-8b-instruct,trivia_qa_validation_15504,1,0.743757,5
trivia_qa,llama-3.1-8b-instruct,trivia_qa_validation_12758,1,0.70096,1
trivia_qa,llama-3.1-8b-instruct,trivia_qa_validation_04935,0,0.100015,4
trivia_qa,llama-3.1-8b-instruct,trivia_qa_validation_12705,0,0.704925,1
trivia_qa,llama-3.1-8b-instruct,trivia_qa_validation_03447,0,0.443915,3
trivia_qa,llama-3.1-8b-instruct,trivia_qa_validation_10307,0,0.662095,2
trivia_qa,llama-3.1-8b-instruct,trivia_qa_validation_16861,1,0.70868,3
trivia_qa,llama-3.1-8b-instruct,trivia_qa_validation_04311,0,0.682746,1
trivia_qa,llama-3.1-8b-instruct,trivia_qa_validation_01872,0,0.365392,1
trivia_qa,llama-3.1-8b-instruct,trivia_qa_validation_15578,1,0.718888,1
trivia_qa,llama-3.1-8b-instruct,trivia_qa_validation_05318,1,0.656543,2
trivia_qa,llama-3.1-8b-instruct,trivia_qa_validation_12207,0,0.653552,5
trivia_qa,llama-3.1-8b-instruct,trivia_qa_validation_11540,1,0.48047,1
trivia_qa,llama-3.1-8b-instruct,trivia_qa_validation_14213,1,0.726838,4
trivia_qa,llama-3.1-8b-instruct,trivia_qa_validation_02288,0,0.670683,5
trivia_qa,llama-3.1-8b-instruct,trivia_qa_validation_02457,0,0.217395,1
trivia_qa,llama-3.1-8b-instruct,trivia_qa_validation_02449,1,0.6984,5
trivia_qa,llama-3.1-8b-instruct,trivia_qa_validation_03143,0,0.321496,4
trivia_qa,llama-3.1-8b-instruct,trivia_qa_validation_10312,0,0.682278,4
trivia_qa,llama-3.1-8b-instruct,trivia_qa_validation_07733,1,0.691442,5
trivia_qa,llama-3.1-8b-instruct,trivia_qa_validation_13133,1,0.495922,3
trivia_qa,llama-3.1-8b-instruct,trivia_qa_validation_13478,0,0.454236,3
trivia_qa,llama-3.1-8b-instruct,trivia_qa_validation_12205,0,0.414683,3
trivia_qa,llama-3.1-8b-instruct,trivia_qa_validation_04417,1,0.622295,3
trivia_qa,llama-3.1-8b-instruct,trivia_qa_validation_04688,1,0.757965,5
trivia_qa,llama-3.1-8b-instruct,trivia_qa_validation_00576,1,0.621146,5
trivia_qa,llama-3.1-8b-instruct,trivia_qa_validation_01269,1,0.672442,4
trivia_qa,llama-3.1-8b-instruct,trivia_qa_validation_12288,0,0.690674,1
trivia_qa,llama-3.1-8b-instruct,trivia_qa_validation_12614,0,0.650941,3
trivia_qa,llama-3.1-8b-instruct,trivia_qa_validation_06335,0,0.52358,5
trivia_qa,llama-3.1-8b-instruct,trivia_qa_validation_09625,1,0.585273,3
trivia_qa,llama-3.1-8b-instruct,trivia_qa_validation_06659,0,0.55583,2
trivia_qa,llama-3.1-8b-instruct,trivia_qa_validation_08319,0,0.657302,2
trivia_qa,llama-3.1-8b-instruct,trivia_qa_validation_13636,1,0.685387,3
trivia_qa,llama-3.1-8b-instruct,trivia_qa_validation_07588,1,0.753984,3
trivia_qa,llama-3.1-8b-instruct,trivia_qa_validation_00382,0,0.698875,3
trivia_qa,llama-3.1-8b-instruct,trivia_qa_validation_06409,0,0.764573,2
trivia_qa,llama-3.1-8b-instruct,trivia_qa_validation_08139,1,0.622084,3
trivia_qa,llama-3.1-8b-instruct,trivia_qa_validation_16555,1,0.630792,5
trivia_qa,llama-3.1-8b-instruct,trivia_qa_validation_08816,1,0.729499,3
trivia_qa,llama-3.1-8b-instruct,trivia_qa_validation_01660,1,0.669763,5
trivia_qa,llama-3.1-8b-instruct,trivia_qa_validation_06551,1,0.656343,5
trivia_qa,llama-3.1-8b-instruct,trivia_qa_validation_11168,1,0.770888,3
trivia_qa,llama-3.1-8b-instruct,trivia_qa_validation_08325,1,0.640297,4
trivia_qa,llama-3.1-8b-instruct,trivia_qa_validation_02824,1,0.628409,3
trivia_qa,llama-3.1-8b-instruct,trivia_qa_validation_08656,1,0.709344,2
trivia_qa,llama-3.1-8b-instruct,trivia_qa_validation_10866,1,0.823731,2
trivia_qa,llama-3.1-8b-instruct,trivia_qa_validation_05539,0,0.480627,5
trivia_qa,llama-3.1-8b-instruct,trivia_qa_validation_09236,1,0.686496,1
trivia_qa,llama-3.1-8b-instruct,trivia_qa_validation_10550,1,0.729866,3
trivia_qa,llama-3.1-8b-instruct,trivia_qa_validation_14475,1,0.716595,4
trivia_qa,llama-3.1-8b-instruct,trivia_qa_validation_03911,0,0.628514,2
trivia_qa,llama-3.1-8b-instruct,trivia_qa_validation_07510,0,0.780764,1
trivia_qa,llama-3.1-8b-instruct,trivia_qa_validation_11128,0,0.491563,4
trivia_qa,llama-3.1-8b-instruct,trivia_qa_validation_05526,0,0.723256,4
trivia_qa,llama-3.1-8b-instruct,trivia_qa_validation_16310,1,0.716082,2
trivia_qa,llama-3.1-8b-instruct,trivia_qa_validation_17912,1,0.645437,4
trivia_qa,llama-3.1-8b-instruct,trivia_qa_validation_03045,1,0.664832,3
trivia_qa,llama-3.1-8b-instruct,trivia_qa_validation_16448,1,0.548079,2
trivia_qa,llama-3.1-8b-instruct,trivia_qa_validation_03998,0,0.654218,2
trivia_qa,llama-3.1-8b-instruct,trivia_qa_validation_08162,1,0.756289,1
trivia_qa,llama-3.1-8b-instruct,trivia_qa_validation_06827,1,0.669446,4
trivia_qa,llama-3.1-8b-instruct,trivia_qa_validation_01305,0,0.208262,4
trivia_qa,llama-3.1-8b-instruct,trivia_qa_validation_09774,1,0.735988,1
trivia_qa,llama-3.1-8b-instruct,trivia_qa_validation_14858,1,0.755287,5
trivia_qa,llama-3.1-8b-instruct,trivia_qa_validation_15970,1,0.465643,5
trivia_qa,llama-3.1-8b-instruct,trivia_qa_validation_09881,1,0.79349,1
trivia_qa,llama-3.1-8b-instruct,trivia_qa_validation_01887,0,0.452567,2
trivia_qa,llama-3.1-8b-instruct,trivia_qa_validation_03596,1,0.552364,5
trivia_qa,llama-3.1-8b-instruct,trivia_qa_validation_04736,1,0.7337,1
trivia_qa,llama-3.1-8b-instruct,trivia_qa_validation_06297,1,0.755199,2
trivia_qa,llama-3.1-8b-instruct,trivia_qa_validation_03237,0,0.698265,5
trivia_qa,llama-3.1-8b-instruct,trivia_qa_validation_08293,0,0.814083,1
trivia_qa,llama-3.1-8b-instruct,trivia_qa_validation_03167,1,0.659168,1
trivia_qa,llama-3.1-8b-instruct,trivia_qa_validation_07979,1,0.717643,5
trivia_qa,llama-3.1-8b-instruct,trivia_qa_validation_04874,1,0.515586,3
trivia_qa,llama-3.1-8b-instruct,trivia_qa_validation_05256,1,0.654506,5
trivia_qa,llama-3.1-8b-instruct,trivia_qa_validation_16478,0,0.659974,4
trivia_qa,llama-3.1-8b-instruct,trivia_qa_validation_06008,1,0.715162,4
trivia_qa,llama-3.1-8b-instruct,trivia_qa_validation_07853,0,0.739555,5
trivia_qa,llama-3.1-8b-instruct,trivia_qa_validation_01757,1,0.671229,1
trivia_qa,llama-3.1-8b-instruct,trivia_qa_validation_00254,0,0.740877,2
trivia_qa,llama-3.1-8b-instruct,trivia_qa_validation_09503,1,0.68067,4
trivia_qa,llama-3.1-8b-instruct,trivia_qa_validation_08256,0,0.213704,2
trivia_qa,llama-3.1-8b-instruct,trivia_qa_validation_00165,0,0.523165,5
trivia_qa,llama-3.1-8b-instruct,trivia_qa_validation_14833,1,0.638305,5
trivia_qa,llama-3.1-8b-instruct,trivia_qa_validation_11739,1,0.74746,1
trivia_qa,llama-3.1-8b-instruct,trivia_qa_validation_14837,1,0.556783,4
trivia_qa,llama-3.1-8b-instruct,trivia_qa_validation_13216,1,0.701861,3
trivia_qa,llama-3.1-8b-instruct,trivia_qa_validation_10282,1,0.730884,3
trivia_qa,llama-3.1-8b-instruct,trivia_qa_validation_05089,1,0.605426,1
trivia_qa,llama-3.1-8b-instruct,trivia_qa_validation_06908,0,0.614572,1
trivia_qa,llama-3.1-8b-instruct,trivia_qa_validation_15553,1,0.660476,4
trivia_qa,llama-3.1-8b-instruct,trivia_qa_validation_07316,1,0.777609,1
trivia_qa,llama-3.1-8b-instruct,trivia_qa_validation_03888,1,0.55236,4
trivia_qa,llama-3.1-8b-instruct,trivia_qa_validation_12738,0,0.721827,3
trivia_qa,llama-3.1-8b-instruct,trivia_qa_validation_03099,0,0.600531,5
trivia_qa,llama-3.1-8b-instruct,trivia_qa_validation_15150,0,0.769938,1
trivia_qa,llama-3.1-8b-instruct,trivia_qa_validation_04194,1,0.705782,3
trivia_qa,llama-3.1-8b-instruct,trivia_qa_validation_00552,1,0.560071,2
trivia_qa,llama-3.1-8b-instruct,trivia_qa_validation_02570,1,0.730769,4
trivia_qa,llama-3.1-8b-instruct,trivia_qa_validation_07163,1,0.768383,5
trivia_qa,llama-3.1-8b-instruct,trivia_qa_validation_06215,0,0.765874,4
trivia_qa,llama-3.1-8b-instruct,trivia_qa_validation_11403,1,0.657457,2
trivia_qa,llama-3.1-8b-instruct,trivia_qa_validation_01583,1,0.611781,3
trivia_qa,llama-3.1-8b-instruct,trivia_qa_validation_07236,0,0.617574,4
trivia_qa,llama-3.1-8b-instruct,trivia_qa_validation_02307,1,0.67613,5
trivia_qa,llama-3.1-8b-instruct,trivia_qa_validation_17862,1,0.721934,4
trivia_qa,llama-3.1-8b-instruct,trivia_qa_validation_14532,0,0.743896,3
trivia_qa,llama-3.1-8b-instruct,trivia_qa_validation_15759,0,0.762927,3
trivia_qa,llama-3.1-8b-instruct,trivia_qa_validation_03231,1,0.656607,3
trivia_qa,llama-3.1-8b-instruct,trivia_qa_validation_08321,1,0.696241,1
trivia_qa,llama-3.1-8b-instruct,trivia_qa_validation_11548,0,0.491927,2
trivia_qa,llama-3.1-8b-instruct,trivia_qa_validation_05774,0,0.532422,1
trivia_qa,llama-3.1-8b-instruct,trivia_qa_validation_11957,1,0.704627,4
trivia_qa,llama-3.1-8b-instruct,trivia_qa_validation_08244,1,0.769261,1
trivia_qa,llama-3.1-8b-instruct,trivia_qa_validation_05419,1,0.776449,5
trivia_qa,llama-3.1-8b-instruct,trivia_qa_validation_14522,1,0.449978,2
trivia_qa,llama-3.1-8b-instruct,trivia_qa_validation_02106,0,0.449909,2
trivia_qa,llama-3.1-8b-instruct,trivia_qa_validation_12553,1,0.529565,5
trivia_qa,llama-3.1-8b-instruct,trivia_qa_validation_15063,1,0.802657,2
trivia_qa,llama-3.1-8b-instruct,trivia_qa_validation_14942,1,0.451291,5
trivia_qa,llama-3.1-8b-instruct,trivia_qa_validation_09813,0,0.709785,3
trivia_qa,llama-3.1-8b-instruct,trivia_qa_validation_06729,1,0.733763,5
trivia_qa,llama-3.1-8b-instruct,trivia_qa_validation_04822,0,0.634959,4
trivia_qa,llama-3.1-8b-instruct,trivia_qa_validation_02890,1,0.701736,2
trivia_qa,llama-3.1-8b-instruct,trivia_qa_validation_13779,1,0.654118,2
trivia_qa,llama-3.1-8b-instruct,trivia_qa_validation_08187,0,0.228887,4
trivia_qa,llama-3.1-8b-instruct,trivia_qa_validation_14359,1,0.663681,1
trivia_qa,llama-3.1-8b-instruct,trivia_qa_validation_01700,1,0.645383,1
trivia_qa,llama-3.1-8b-instruct,trivia_qa_validation_03362,1,0.643153,4
trivia_qa,llama-3.1-8b-instruct,trivia_qa_validation_04721,0,0.736995,3
trivia_qa,llama-3.1-8b-instruct,trivia_qa_validation_06978,1,0.724049,3
trivia_qa,llama-3.1-8b-instruct,trivia_qa_validation_16241,1,0.526006,3
trivia_qa,llama-3.1-8b-instruct,trivia_qa_validation_17918,0,0.572468,5
trivia_qa,llama-3.1-8b-instruct,trivia_qa_validation_15357,1,0.608033,1
trivia_qa,llama-3.1-8b-instruct,trivia_qa_validation_05019,0,0.52361,5
trivia_qa,llama-3.1-8b-instruct,trivia_qa_validation_06211,1,0.566534,4
trivia_qa,llama-3.1-8b-instruct,trivia_qa_validation_11926,1,0.809035,5
trivia_qa,llama-3.1-8b-instruct,trivia_qa_validation_03640,1,0.640079,2
trivia_qa,llama-3.1-8b-instruct,trivia_qa_validation_03927,1,0.564189,3
trivia_qa,llama-3.1-8b-instruct,trivia_qa_validation_14928,0,0.666416,4
trivia_qa,llama-3.1-8b-instruct,trivia_qa_validation_09497,1,0.764529,5
trivia_qa,llama-3.1-8b-instruct,trivia_qa_validation_02033,0,0.789447,2
trivia_qa,llama-3.1-8b-instruct,trivia_qa_validation_03233,1,0.708151,2
trivia_qa,llama-3.1-8b-instruct,trivia_qa_validation_10014,1,0.774579,4
trivia_qa,llama-3.1-8b-instruct,trivia_qa_validation_15187,1,0.498385,3
trivia_qa,llama-3.1-8b-instruct,trivia_qa_validation_08965,1,0.605973,5
trivia_qa,llama-3.1-8b-instruct,trivia_qa_validation_05066,1,0.633189,4
trivia_qa,llama-3.1-8b-instruct,trivia_qa_validation_12559,0,0.637786,2
trivia_qa,llama-3.1-8b-instruct,trivia_qa_validation_06603,1,0.510604,3
trivia_qa,llama-3.1-8b-instruct,trivia_qa_validation_08453,0,0.550959,4
trivia_qa,llama-3.1-8b-instruct,trivia_qa_validation_14931,0,0.685309,2
trivia_qa,llama-3.1-8b-instruct,trivia_qa_validation_15106,1,0.729113,4
trivia_qa,llama-3.1-8b-instruct,trivia_qa_validation_08675,1,0.609641,2
trivia_qa,llama-3.1-8b-instruct,trivia_qa_validation_10591,1,0.614162,2
trivia_qa,llama-3.1-8b-instruct,trivia_qa_validation_03936,1,0.602855,2
trivia_qa,llama-3.1-8b-instruct,trivia_qa_validation_11173,1,0.668395,4
trivia_qa,llama-3.1-8b-instruct,trivia_qa_validation_00846,1,0.761139,1
trivia_qa,llama-3.1-8b-instruct,trivia_qa_validation_03873,0,0.656233,2
trivia_qa,llama-3.1-8b-instruct,trivia_qa_validation_03973,0,0.555378,5
trivia_qa,llama-3.1-8b-instruct,trivia_qa_validation_05687,0,0.373024,2
trivia_qa,llama-3.1-8b-instruct,trivia_qa_validation_09848,1,0.634448,4
trivia_qa,llama-3.1-8b-instruct,trivia_qa_validation_14907,0,0.532479,5
trivia_qa,llama-3.1-8b-instruct,trivia_qa_validation_08421,1,0.676941,1
trivia_qa,llama-3.1-8b-instruct,trivia_qa_validation_11989,1,0.759982,5
trivia_qa,llama-3.1-8b-instruct,trivia_qa_validation_07038,0,0.654218,2
trivia_qa,llama-3.1-8b-instruct,trivia_qa_validation_03319,1,0.636197,4
trivia_qa,llama-3.1-8b-instruct,trivia_qa_validation_02548,0,0.574514,4
trivia_qa,llama-3.1-8b-instruct,trivia_qa_validation_04261,0,0.719355,1
trivia_qa,llama-3.1-8b-instruct,trivia_qa_validation_10175,1,0.400239,3
trivia_qa,llama-3.1-8b-instruct,trivia_qa_validation_14853,1,0.715631,5
trivia_qa,llama-3.1-8b-instruct,trivia_qa_validation_07931,0,0.572146,4
trivia_qa,llama-3.1-8b-instruct,trivia_qa_validation_09718,0,0.642081,5
trivia_qa,llama-3.1-8b-instruct,trivia_qa_validation_13456,1,0.676924,2
trivia_qa,llama-3.1-8b-instruct,trivia_qa_validation_09330,0,0.389189,2
trivia_qa,llama-3.1-8b-instruct,trivia_qa_validation_07136,0,0.403067,1
trivia_qa,llama-3.1-8b-instruct,trivia_qa_validation_12564,0,0.624029,5
trivia_qa,llama-3.1-8b-instruct,trivia_qa_validation_02672,0,0.37236,1
trivia_qa,llama-3.1-8b-instruct,trivia_qa_validation_01604,1,0.585592,5
trivia_qa,llama-3.1-8b-instruct,trivia_qa_validation_07684,1,0.733293,1
trivia_qa,llama-3.1-8b-instruct,trivia_qa_validation_01782,1,0.522251,2
trivia_qa,llama-3.1-8b-instruct,trivia_qa_validation_17582,1,0.694055,1
trivia_qa,llama-3.1-8b-instruct,trivia_qa_validation_16071,0,0.830095,1
trivia_qa,llama-3.1-8b-instruct,trivia_qa_validation_06312,1,0.601368,2
trivia_qa,llama-3.1-8b-instruct,trivia_qa_validation_13979,1,0.630972,3
trivia_qa,llama-3.1-8b-instruct,trivia_qa_validation_13336,1,0.494015,4
trivia_qa,llama-3.1-8b-instruct,trivia_qa_validation_08509,1,0.735939,5
trivia_qa,llama-3.1-8b-instruct,trivia_qa_validation_13845,1,0.684417,1
trivia_qa,llama-3.1-8b-instruct,trivia_qa_validation_13351,0,0.549969,3
